schema_version,execution_index,run_id,experiment_id,stage,split,mode,workload_ids,target_id,neighbor_ids,combination_key,colocation_id,resource,pressure_requested,repeat,seed,warmup_s,duration_s,sample_interval_s,cooldown_s,host_id,gpu_index,display_index,window_layout,require_visible_windows,max_gpu_temp_c,config_sha256,root_commit,run_directory,game_entrypoints,game_sha256s,row_sha256
1,1,formal-v1__colocation__pyxel_jump+pyxel_platformer__r02,formal-v1,colocation-main,train,colocation,"[""pyxel_jump"",""pyxel_platformer""]",pyxel_jump,"[""pyxel_platformer""]",pyxel_jump+pyxel_platformer,pyxel_jump+pyxel_platformer__r02,,,2,539541111971655804,10,30,1,10,windows-rtx4060,0,0,grid_2x2,true,84,a36b78d2998befbd10330adef8f5ab1f813a7a68144bd44a59f55bb779224525,608d817cd8d44787fc0ba4c2f2ee507f0b4c987f,data/raw/remaining-s30/formal-v1/formal-v1__colocation__pyxel_jump+pyxel_platformer__r02,"{""pyxel_jump"":""games/pyxel/02_jump_game.py"",""pyxel_platformer"":""games/pyxel/10_platformer.py""}","{""pyxel_jump"":""4743a825f1c9cae7e049ac52115f4ecf83350db546c00745a54af187d7bc2e46"",""pyxel_platformer"":""1b2c75b49dc9ab0254fb4b724682a4787868814a38d2f08920720dc5b6007ac5""}",18190f06485202d7fc4ad243f129670cd1fec43e951efa86a3f823cee27e1794
1,2,formal-v1__profile__pyxel_bubbles__gpu_compute__p025__r02,formal-v1,profile,not_applicable,pressure_profile,"[""pyxel_bubbles""]",pyxel_bubbles,[],,,gpu_compute,0.25,2,16621864881322943949,10,30,1,10,windows-rtx4060,0,0,grid_2x2,true,84,a36b78d2998befbd10330adef8f5ab1f813a7a68144bd44a59f55bb779224525,608d817cd8d44787fc0ba4c2f2ee507f0b4c987f,data/raw/remaining-s30/formal-v1/formal-v1__profile__pyxel_bubbles__gpu_compute__p025__r02,"{""pyxel_bubbles"":""games/pyxel/06_click_game.py""}","{""pyxel_bubbles"":""54c101e90bdaed839ac4c4284494530d5df37a5819a35f1e41eebb0b3da5d900""}",a3341b96120a5f83b43ca9a836594687dc3a8b6e7d2de58651b7ad9f5eca181c
1,3,formal-v1__profile__pyxel_snake__cpu_compute__p050__r01,formal-v1,profile,not_applicable,pressure_profile,"[""pyxel_snake""]",pyxel_snake,[],,,cpu_compute,0.5,1,9921734542372112850,10,30,1,10,windows-rtx4060,0,0,grid_2x2,true,84,a36b78d2998befbd10330adef8f5ab1f813a7a68144bd44a59f55bb779224525,608d817cd8d44787fc0ba4c2f2ee507f0b4c987f,data/raw/remaining-s30/formal-v1/formal-v1__profile__pyxel_snake__cpu_compute__p050__r01,"{""pyxel_snake"":""games/pyxel/07_snake.py""}","{""pyxel_snake"":""bc533fef92d1d358e570f69d979919fe5c1cd8c4da49841104b49a1e661a5ac3""}",f5abcf2adf73868beb5a76ced54880ea475c599dd2093ac0d29a70afd03f5667
1,4,formal-v1__profile__pyxel_bubbles__gpu_compute__p100__r02,formal-v1,profile,not_applicable,pressure_profile,"[""pyxel_bubbles""]",pyxel_bubbles,[],,,gpu_compute,1,2,342507276424832333,10,30,1,10,windows-rtx4060,0,0,grid_2x2,true,84,a36b78d2998befbd10330adef8f5ab1f813a7a68144bd44a59f55bb779224525,608d817cd8d44787fc0ba4c2f2ee507f0b4c987f,data/raw/remaining-s30/formal-v1/formal-v1__profile__pyxel_bubbles__gpu_compute__p100__r02,"{""pyxel_bubbles"":""games/pyxel/06_click_game.py""}","{""pyxel_bubbles"":""54c101e90bdaed839ac4c4284494530d5df37a5819a35f1e41eebb0b3da5d900""}",79462f7171e1bb58c78d283ef711080ce8becd9fa7787edbe97fa0852792f7c4
1,5,formal-v1__extra__pyxel_bubbles+pyxel_jump+pyxel_shooter+pyxel_snake__r01,formal-v1,colocation-extra-test,extra_test,extra_test,"[""pyxel_bubbles"",""pyxel_jump"",""pyxel_shooter"",""pyxel_snake""]",pyxel_bubbles,"[""pyxel_jump"",""pyxel_shooter"",""pyxel_snake""]",pyxel_bubbles+pyxel_jump+pyxel_shooter+pyxel_snake,pyxel_bubbles+pyxel_jump+pyxel_shooter+pyxel_snake__r01,,,1,2588038058385549033,10,30,1,10,windows-rtx4060,0,0,grid_2x2,true,84,a36b78d2998befbd10330adef8f5ab1f813a7a68144bd44a59f55bb779224525,608d817cd8d44787fc0ba4c2f2ee507f0b4c987f,data/raw/remaining-s30/formal-v1/formal-v1__extra__pyxel_bubbles+pyxel_jump+pyxel_shooter+pyxel_snake__r01,"{""pyxel_bubbles"":""games/pyxel/06_click_game.py"",""pyxel_jump"":""games/pyxel/02_jump_game.py"",""pyxel_shooter"":""games/pyxel/09_shooter.py"",""pyxel_snake"":""games/pyxel/07_snake.py""}","{""pyxel_bubbles"":""54c101e90bdaed839ac4c4284494530d5df37a5819a35f1e41eebb0b3da5d900"",""pyxel_jump"":""4743a825f1c9cae7e049ac52115f4ecf83350db546c00745a54af187d7bc2e46"",""pyxel_shooter"":""0f53e4156907eac41080a8f289e22c89365b3239517c754cf59a51af201d5563"",""pyxel_snake"":""bc533fef92d1d358e570f69d979919fe5c1cd8c4da49841104b49a1e661a5ac3""}",37cf8f6a4f0dc95fe2c2544a7902d50339a8e28a0c93dad445fc93b43898ab76
1,6,formal-v1__profile__pyxel_shooter__gpu_compute__p000__r02,formal-v1,profile,not_applicable,pressure_profile,"[""pyxel_shooter""]",pyxel_shooter,[],,,gpu_compute,0,2,11458271528172579681,10,30,1,10,windows-rtx4060,0,0,grid_2x2,true,84,a36b78d2998befbd10330adef8f5ab1f813a7a68144bd44a59f55bb779224525,608d817cd8d44787fc0ba4c2f2ee507f0b4c987f,data/raw/remaining-s30/formal-v1/formal-v1__profile__pyxel_shooter__gpu_compute__p000__r02,"{""pyxel_shooter"":""games/pyxel/09_shooter.py""}","{""pyxel_shooter"":""0f53e4156907eac41080a8f289e22c89365b3239517c754cf59a51af201d5563""}",ba9de091253235faf55b182664eb76d641d0642e563f32982770cf2a50193ff2
1,7,formal-v1__profile__mega_wing__cpu_compute__p100__r03,formal-v1,profile,not_applicable,pressure_profile,"[""mega_wing""]",mega_wing,[],,,cpu_compute,1,3,1670053174466730882,10,30,1,10,windows-rtx4060,0,0,grid_2x2,true,84,a36b78d2998befbd10330adef8f5ab1f813a7a68144bd44a59f55bb779224525,608d817cd8d44787fc0ba4c2f2ee507f0b4c987f,data/raw/remaining-s30/formal-v1/formal-v1__profile__mega_wing__cpu_compute__p100__r03,"{""mega_wing"":""games/pyxel/apps-src/mega_wing/mega_wing.py""}","{""mega_wing"":""86bad6c02a303806c58137503739241dc6b1e86695f7c0dbf672b5e1a1464e9f""}",38e82866f962e4c35e96095096a1ce94f963b7ed8d99fcf41ec7176cff017d89
1,8,formal-v1__colocation__pyxel_shooter+pyxel_snake+space_rescue__r02,formal-v1,colocation-main,validation,colocation,"[""pyxel_shooter"",""pyxel_snake"",""space_rescue""]",pyxel_shooter,"[""pyxel_snake"",""space_rescue""]",pyxel_shooter+pyxel_snake+space_rescue,pyxel_shooter+pyxel_snake+space_rescue__r02,,,2,11797324761857393826,10,30,1,10,windows-rtx4060,0,0,grid_2x2,true,84,a36b78d2998befbd10330adef8f5ab1f813a7a68144bd44a59f55bb779224525,608d817cd8d44787fc0ba4c2f2ee507f0b4c987f,data/raw/remaining-s30/formal-v1/formal-v1__colocation__pyxel_shooter+pyxel_snake+space_rescue__r02,"{""pyxel_shooter"":""games/pyxel/09_shooter.py"",""pyxel_snake"":""games/pyxel/07_snake.py"",""space_rescue"":""games/pyxel/apps-src/space_rescue/space_rescue.py""}","{""pyxel_shooter"":""0f53e4156907eac41080a8f289e22c89365b3239517c754cf59a51af201d5563"",""pyxel_snake"":""bc533fef92d1d358e570f69d979919fe5c1cd8c4da49841104b49a1e661a5ac3"",""space_rescue"":""f3b0ab6784ae558e64f06a3f0a704e53f107a130aa3d43357659d0850131e461""}",1399ae8883477ae0edefd98fbe0126790561e9bf510903ca12053fa888b8c643
1,9,formal-v1__extra__daylight+pyxel_bubbles+pyxel_shooter+space_rescue__r03,formal-v1,colocation-extra-test,extra_test,extra_test,"[""daylight"",""pyxel_bubbles"",""pyxel_shooter"",""space_rescue""]",daylight,"[""pyxel_bubbles"",""pyxel_shooter"",""space_rescue""]",daylight+pyxel_bubbles+pyxel_shooter+space_rescue,daylight+pyxel_bubbles+pyxel_shooter+space_rescue__r03,,,3,15073077576397670072,10,30,1,10,windows-rtx4060,0,0,grid_2x2,true,84,a36b78d2998befbd10330adef8f5ab1f813a7a68144bd44a59f55bb779224525,608d817cd8d44787fc0ba4c2f2ee507f0b4c987f,data/raw/remaining-s30/formal-v1/formal-v1__extra__daylight+pyxel_bubbles+pyxel_shooter+space_rescue__r03,"{""daylight"":""games/pyxel/apps-src/30SecondsOfDaylight/src/main.py"",""pyxel_bubbles"":""games/pyxel/06_click_game.py"",""pyxel_shooter"":""games/pyxel/09_shooter.py"",""space_rescue"":""games/pyxel/apps-src/space_rescue/space_rescue.py""}","{""daylight"":""21a365375249e9d7ea05e78dcfe040f09cc1f0c66bd410bae084190c743a028f"",""pyxel_bubbles"":""54c101e90bdaed839ac4c4284494530d5df37a5819a35f1e41eebb0b3da5d900"",""pyxel_shooter"":""0f53e4156907eac41080a8f289e22c89365b3239517c754cf59a51af201d5563"",""space_rescue"":""f3b0ab6784ae558e64f06a3f0a704e53f107a130aa3d43357659d0850131e461""}",27bdc02618c39e61f3f61100279d63e3f8bbbe624208daf737452d8c083196fd
1,10,formal-v1__extra__mega_wing+pyxel_shooter+pyxel_snake+space_rescue__r01,formal-v1,colocation-extra-test,extra_test,extra_test,"[""mega_wing"",""pyxel_shooter"",""pyxel_snake"",""space_rescue""]",mega_wing,"[""pyxel_shooter"",""pyxel_snake"",""space_rescue""]",mega_wing+pyxel_shooter+pyxel_snake+space_rescue,mega_wing+pyxel_shooter+pyxel_snake+space_rescue__r01,,,1,6250839922291618935,10,30,1,10,windows-rtx4060,0,0,grid_2x2,true,84,a36b78d2998befbd10330adef8f5ab1f813a7a68144bd44a59f55bb779224525,608d817cd8d44787fc0ba4c2f2ee507f0b4c987f,data/raw/remaining-s30/formal-v1/formal-v1__extra__mega_wing+pyxel_shooter+pyxel_snake+space_rescue__r01,"{""mega_wing"":""games/pyxel/apps-src/mega_wing/mega_wing.py"",""pyxel_shooter"":""games/pyxel/09_shooter.py"",""pyxel_snake"":""games/pyxel/07_snake.py"",""space_rescue"":""games/pyxel/apps-src/space_rescue/space_rescue.py""}","{""mega_wing"":""86bad6c02a303806c58137503739241dc6b1e86695f7c0dbf672b5e1a1464e9f"",""pyxel_shooter"":""0f53e4156907eac41080a8f289e22c89365b3239517c754cf59a51af201d5563"",""pyxel_snake"":""bc533fef92d1d358e570f69d979919fe5c1cd8c4da49841104b49a1e661a5ac3"",""space_rescue"":""f3b0ab6784ae558e64f06a3f0a704e53f107a130aa3d43357659d0850131e461""}",819e905fb1869a964301715ab2721a0caf6681218d7222ca521e9330199b27be
1,11,formal-v1__profile__pyxel_shooter__gpu_memory__p050__r03,formal-v1,profile,not_applicable,pressure_profile,"[""pyxel_shooter""]",pyxel_shooter,[],,,gpu_memory,0.5,3,9006778106117681636,10,30,1,10,windows-rtx4060,0,0,grid_2x2,true,84,a36b78d2998befbd10330adef8f5ab1f813a7a68144bd44a59f55bb779224525,608d817cd8d44787fc0ba4c2f2ee507f0b4c987f,data/raw/remaining-s30/formal-v1/formal-v1__profile__pyxel_shooter__gpu_memory__p050__r03,"{""pyxel_shooter"":""games/pyxel/09_shooter.py""}","{""pyxel_shooter"":""0f53e4156907eac41080a8f289e22c89365b3239517c754cf59a51af201d5563""}",b3595920ac2afdea6a89ee0b72df58697cc311a32efe6005c1e1a3b82b61037e
1,12,formal-v1__profile__pyxel_snake__cpu_compute__p000__r02,formal-v1,profile,not_applicable,pressure_profile,"[""pyxel_snake""]",pyxel_snake,[],,,cpu_compute,0,2,4020291816614470863,10,30,1,10,windows-rtx4060,0,0,grid_2x2,true,84,a36b78d2998befbd10330adef8f5ab1f813a7a68144bd44a59f55bb779224525,608d817cd8d44787fc0ba4c2f2ee507f0b4c987f,data/raw/remaining-s30/formal-v1/formal-v1__profile__pyxel_snake__cpu_compute__p000__r02,"{""pyxel_snake"":""games/pyxel/07_snake.py""}","{""pyxel_snake"":""bc533fef92d1d358e570f69d979919fe5c1cd8c4da49841104b49a1e661a5ac3""}",1f8c17721353a11e0db69e16b404d0af90ce2d6a43b3c2920a20f0db5bd6456a
1,13,formal-v1__profile__pyxel_bubbles__cpu_compute__p075__r02,formal-v1,profile,not_applicable,pressure_profile,"[""pyxel_bubbles""]",pyxel_bubbles,[],,,cpu_compute,0.75,2,13748643829131777805,10,30,1,10,windows-rtx4060,0,0,grid_2x2,true,84,a36b78d2998befbd10330adef8f5ab1f813a7a68144bd44a59f55bb779224525,608d817cd8d44787fc0ba4c2f2ee507f0b4c987f,data/raw/remaining-s30/formal-v1/formal-v1__profile__pyxel_bubbles__cpu_compute__p075__r02,"{""pyxel_bubbles"":""games/pyxel/06_click_game.py""}","{""pyxel_bubbles"":""54c101e90bdaed839ac4c4284494530d5df37a5819a35f1e41eebb0b3da5d900""}",fc3fbcbae02564bb79999d0e5e660c2881ce79836e6048536ca8e31d6b4946fb
1,14,formal-v1__solo__daylight__r01,formal-v1,solo,not_applicable,solo,"[""daylight""]",daylight,[],,,,,1,44879349506408657,10,30,1,10,windows-rtx4060,0,0,grid_2x2,true,84,a36b78d2998befbd10330adef8f5ab1f813a7a68144bd44a59f55bb779224525,608d817cd8d44787fc0ba4c2f2ee507f0b4c987f,data/raw/remaining-s30/formal-v1/formal-v1__solo__daylight__r01,"{""daylight"":""games/pyxel/apps-src/30SecondsOfDaylight/src/main.py""}","{""daylight"":""21a365375249e9d7ea05e78dcfe040f09cc1f0c66bd410bae084190c743a028f""}",58416bc14ca48cde9e0d7b332ca15ea9d28f1538fe9f79fa47730580d8e943a7
1,15,formal-v1__profile__pyxel_platformer__gpu_memory__p050__r01,formal-v1,profile,not_applicable,pressure_profile,"[""pyxel_platformer""]",pyxel_platformer,[],,,gpu_memory,0.5,1,10255546359852823889,10,30,1,10,windows-rtx4060,0,0,grid_2x2,true,84,a36b78d2998befbd10330adef8f5ab1f813a7a68144bd44a59f55bb779224525,608d817cd8d44787fc0ba4c2f2ee507f0b4c987f,data/raw/remaining-s30/formal-v1/formal-v1__profile__pyxel_platformer__gpu_memory__p050__r01,"{""pyxel_platformer"":""games/pyxel/10_platformer.py""}","{""pyxel_platformer"":""1b2c75b49dc9ab0254fb4b724682a4787868814a38d2f08920720dc5b6007ac5""}",3f81df0029ea8cbe329939dc5d06f2768d0a094f72b9024ee84d604e4476d361
1,16,formal-v1__profile__pyxel_snake__gpu_compute__p100__r03,formal-v1,profile,not_applicable,pressure_profile,"[""pyxel_snake""]",pyxel_snake,[],,,gpu_compute,1,3,7682161995550926991,10,30,1,10,windows-rtx4060,0,0,grid_2x2,true,84,a36b78d2998befbd10330adef8f5ab1f813a7a68144bd44a59f55bb779224525,608d817cd8d44787fc0ba4c2f2ee507f0b4c987f,data/raw/remaining-s30/formal-v1/formal-v1__profile__pyxel_snake__gpu_compute__p100__r03,"{""pyxel_snake"":""games/pyxel/07_snake.py""}","{""pyxel_snake"":""bc533fef92d1d358e570f69d979919fe5c1cd8c4da49841104b49a1e661a5ac3""}",e4e93d2381cf170bd168bcd1b2a123fac261a5cffa8900b7576c925816a186a5
1,17,formal-v1__profile__space_rescue__cpu_compute__p100__r03,formal-v1,profile,not_applicable,pressure_profile,"[""space_rescue""]",space_rescue,[],,,cpu_compute,1,3,14293589899628780498,10,30,1,10,windows-rtx4060,0,0,grid_2x2,true,84,a36b78d2998befbd10330adef8f5ab1f813a7a68144bd44a59f55bb779224525,608d817cd8d44787fc0ba4c2f2ee507f0b4c987f,data/raw/remaining-s30/formal-v1/formal-v1__profile__space_rescue__cpu_compute__p100__r03,"{""space_rescue"":""games/pyxel/apps-src/space_rescue/space_rescue.py""}","{""space_rescue"":""f3b0ab6784ae558e64f06a3f0a704e53f107a130aa3d43357659d0850131e461""}",b7911e4de67d062c652f1b506cda68861c041442e4a9bdc3234bc368a5b8c276
1,18,formal-v1__solo__mega_wing__r03,formal-v1,solo,not_applicable,solo,"[""mega_wing""]",mega_wing,[],,,,,3,4598453964554603727,10,30,1,10,windows-rtx4060,0,0,grid_2x2,true,84,a36b78d2998befbd10330adef8f5ab1f813a7a68144bd44a59f55bb779224525,608d817cd8d44787fc0ba4c2f2ee507f0b4c987f,data/raw/remaining-s30/formal-v1/formal-v1__solo__mega_wing__r03,"{""mega_wing"":""games/pyxel/apps-src/mega_wing/mega_wing.py""}","{""mega_wing"":""86bad6c02a303806c58137503739241dc6b1e86695f7c0dbf672b5e1a1464e9f""}",dc1fb1c117ea16984143f2d92f9fcea00ac391b9fa4db24137f5ecd1dac94c75
1,19,formal-v1__profile__mega_wing__cpu_compute__p100__r01,formal-v1,profile,not_applicable,pressure_profile,"[""mega_wing""]",mega_wing,[],,,cpu_compute,1,1,6673033510959147935,10,30,1,10,windows-rtx4060,0,0,grid_2x2,true,84,a36b78d2998befbd10330adef8f5ab1f813a7a68144bd44a59f55bb779224525,608d817cd8d44787fc0ba4c2f2ee507f0b4c987f,data/raw/remaining-s30/formal-v1/formal-v1__profile__mega_wing__cpu_compute__p100__r01,"{""mega_wing"":""games/pyxel/apps-src/mega_wing/mega_wing.py""}","{""mega_wing"":""86bad6c02a303806c58137503739241dc6b1e86695f7c0dbf672b5e1a1464e9f""}",2a7cd80b9a447c48f2ba8ed32b19194ab7b8ef977ace71ed7b9abcfbd9e66e92
1,20,formal-v1__profile__pyxel_shooter__memory_bandwidth__p050__r03,formal-v1,profile,not_applicable,pressure_profile,"[""pyxel_shooter""]",pyxel_shooter,[],,,memory_bandwidth,0.5,3,3504418742781066102,10,30,1,10,windows-rtx4060,0,0,grid_2x2,true,84,a36b78d2998befbd10330adef8f5ab1f813a7a68144bd44a59f55bb779224525,608d817cd8d44787fc0ba4c2f2ee507f0b4c987f,data/raw/remaining-s30/formal-v1/formal-v1__profile__pyxel_shooter__memory_bandwidth__p050__r03,"{""pyxel_shooter"":""games/pyxel/09_shooter.py""}","{""pyxel_shooter"":""0f53e4156907eac41080a8f289e22c89365b3239517c754cf59a51af201d5563""}",21c609a505f1cb5e1621f70be94ab1aec4e306375be0239e2a19ebde9f405b77
1,21,formal-v1__colocation__mega_wing+pyxel_snake+space_rescue__r03,formal-v1,colocation-main,train,colocation,"[""mega_wing"",""pyxel_snake"",""space_rescue""]",mega_wing,"[""pyxel_snake"",""space_rescue""]",mega_wing+pyxel_snake+space_rescue,mega_wing+pyxel_snake+space_rescue__r03,,,3,8142017781895895066,10,30,1,10,windows-rtx4060,0,0,grid_2x2,true,84,a36b78d2998befbd10330adef8f5ab1f813a7a68144bd44a59f55bb779224525,608d817cd8d44787fc0ba4c2f2ee507f0b4c987f,data/raw/remaining-s30/formal-v1/formal-v1__colocation__mega_wing+pyxel_snake+space_rescue__r03,"{""mega_wing"":""games/pyxel/apps-src/mega_wing/mega_wing.py"",""pyxel_snake"":""games/pyxel/07_snake.py"",""space_rescue"":""games/pyxel/apps-src/space_rescue/space_rescue.py""}","{""mega_wing"":""86bad6c02a303806c58137503739241dc6b1e86695f7c0dbf672b5e1a1464e9f"",""pyxel_snake"":""bc533fef92d1d358e570f69d979919fe5c1cd8c4da49841104b49a1e661a5ac3"",""space_rescue"":""f3b0ab6784ae558e64f06a3f0a704e53f107a130aa3d43357659d0850131e461""}",dbdd710e4a0521104468953caf949f7558ef2222e3172caf0491366b025e06b1
1,22,formal-v1__profile__pyxel_jump__memory_bandwidth__p050__r01,formal-v1,profile,not_applicable,pressure_profile,"[""pyxel_jump""]",pyxel_jump,[],,,memory_bandwidth,0.5,1,6172709388259186092,10,30,1,10,windows-rtx4060,0,0,grid_2x2,true,84,a36b78d2998befbd10330adef8f5ab1f813a7a68144bd44a59f55bb779224525,608d817cd8d44787fc0ba4c2f2ee507f0b4c987f,data/raw/remaining-s30/formal-v1/formal-v1__profile__pyxel_jump__memory_bandwidth__p050__r01,"{""pyxel_jump"":""games/pyxel/02_jump_game.py""}","{""pyxel_jump"":""4743a825f1c9cae7e049ac52115f4ecf83350db546c00745a54af187d7bc2e46""}",d9c7a22c89d60b897fa5abea0fefbfbdc2f542b28a28266031aad617d5509a0a
1,23,formal-v1__profile__space_rescue__gpu_memory__p000__r02,formal-v1,profile,not_applicable,pressure_profile,"[""space_rescue""]",space_rescue,[],,,gpu_memory,0,2,3079260081899124766,10,30,1,10,windows-rtx4060,0,0,grid_2x2,true,84,a36b78d2998befbd10330adef8f5ab1f813a7a68144bd44a59f55bb779224525,608d817cd8d44787fc0ba4c2f2ee507f0b4c987f,data/raw/remaining-s30/formal-v1/formal-v1__profile__space_rescue__gpu_memory__p000__r02,"{""space_rescue"":""games/pyxel/apps-src/space_rescue/space_rescue.py""}","{""space_rescue"":""f3b0ab6784ae558e64f06a3f0a704e53f107a130aa3d43357659d0850131e461""}",4c1401dac2a5c4acf060f51791f470270e19933ea84c9958ad9cf2583dd9d500
1,24,formal-v1__profile__pyxel_snake__gpu_compute__p000__r03,formal-v1,profile,not_applicable,pressure_profile,"[""pyxel_snake""]",pyxel_snake,[],,,gpu_compute,0,3,9517669181605721885,10,30,1,10,windows-rtx4060,0,0,grid_2x2,true,84,a36b78d2998befbd10330adef8f5ab1f813a7a68144bd44a59f55bb779224525,608d817cd8d44787fc0ba4c2f2ee507f0b4c987f,data/raw/remaining-s30/formal-v1/formal-v1__profile__pyxel_snake__gpu_compute__p000__r03,"{""pyxel_snake"":""games/pyxel/07_snake.py""}","{""pyxel_snake"":""bc533fef92d1d358e570f69d979919fe5c1cd8c4da49841104b49a1e661a5ac3""}",e9ca7f46dfee6241ede07682950278a7355f26b4f7acb57cdb310b2518fbde2e
1,25,formal-v1__profile__pyxel_snake__gpu_memory__p025__r03,formal-v1,profile,not_applicable,pressure_profile,"[""pyxel_snake""]",pyxel_snake,[],,,gpu_memory,0.25,3,12371074906794683208,10,30,1,10,windows-rtx4060,0,0,grid_2x2,true,84,a36b78d2998befbd10330adef8f5ab1f813a7a68144bd44a59f55bb779224525,608d817cd8d44787fc0ba4c2f2ee507f0b4c987f,data/raw/remaining-s30/formal-v1/formal-v1__profile__pyxel_snake__gpu_memory__p025__r03,"{""pyxel_snake"":""games/pyxel/07_snake.py""}","{""pyxel_snake"":""bc533fef92d1d358e570f69d979919fe5c1cd8c4da49841104b49a1e661a5ac3""}",c65ea038010bde6f1da842c2e49bdf31e6ab7043a5da999cbf5eaa23cd784e88
1,26,formal-v1__profile__pyxel_jump__gpu_memory__p000__r02,formal-v1,profile,not_applicable,pressure_profile,"[""pyxel_jump""]",pyxel_jump,[],,,gpu_memory,0,2,16773997778953179508,10,30,1,10,windows-rtx4060,0,0,grid_2x2,true,84,a36b78d2998befbd10330adef8f5ab1f813a7a68144bd44a59f55bb779224525,608d817cd8d44787fc0ba4c2f2ee507f0b4c987f,data/raw/remaining-s30/formal-v1/formal-v1__profile__pyxel_jump__gpu_memory__p000__r02,"{""pyxel_jump"":""games/pyxel/02_jump_game.py""}","{""pyxel_jump"":""4743a825f1c9cae7e049ac52115f4ecf83350db546c00745a54af187d7bc2e46""}",ec5ce7fa02f5d4000dbfed665333604e5b6aebab49c90cae0e5227c72c86cc26
1,27,formal-v1__solo__pyxel_bubbles__r03,formal-v1,solo,not_applicable,solo,"[""pyxel_bubbles""]",pyxel_bubbles,[],,,,,3,13166571500155742058,10,30,1,10,windows-rtx4060,0,0,grid_2x2,true,84,a36b78d2998befbd10330adef8f5ab1f813a7a68144bd44a59f55bb779224525,608d817cd8d44787fc0ba4c2f2ee507f0b4c987f,data/raw/remaining-s30/formal-v1/formal-v1__solo__pyxel_bubbles__r03,"{""pyxel_bubbles"":""games/pyxel/06_click_game.py""}","{""pyxel_bubbles"":""54c101e90bdaed839ac4c4284494530d5df37a5819a35f1e41eebb0b3da5d900""}",09f9dc4b0f2250e135eb5b1a421efcba2776c60b22fbb4d039f5f60f7dd0e601
1,28,formal-v1__colocation__daylight+pyxel_bubbles+pyxel_platformer__r02,formal-v1,colocation-main,test,colocation,"[""daylight"",""pyxel_bubbles"",""pyxel_platformer""]",daylight,"[""pyxel_bubbles"",""pyxel_platformer""]",daylight+pyxel_bubbles+pyxel_platformer,daylight+pyxel_bubbles+pyxel_platformer__r02,,,2,3256605726736093810,10,30,1,10,windows-rtx4060,0,0,grid_2x2,true,84,a36b78d2998befbd10330adef8f5ab1f813a7a68144bd44a59f55bb779224525,608d817cd8d44787fc0ba4c2f2ee507f0b4c987f,data/raw/remaining-s30/formal-v1/formal-v1__colocation__daylight+pyxel_bubbles+pyxel_platformer__r02,"{""daylight"":""games/pyxel/apps-src/30SecondsOfDaylight/src/main.py"",""pyxel_bubbles"":""games/pyxel/06_click_game.py"",""pyxel_platformer"":""games/pyxel/10_platformer.py""}","{""daylight"":""21a365375249e9d7ea05e78dcfe040f09cc1f0c66bd410bae084190c743a028f"",""pyxel_bubbles"":""54c101e90bdaed839ac4c4284494530d5df37a5819a35f1e41eebb0b3da5d900"",""pyxel_platformer"":""1b2c75b49dc9ab0254fb4b724682a4787868814a38d2f08920720dc5b6007ac5""}",c040ddc9d35df562cf15c1def0b9433c8cfc8b7cb121a1f531a8eeb26bcc9caa
1,29,formal-v1__colocation__daylight+mega_wing__r01,formal-v1,colocation-main,test,colocation,"[""daylight"",""mega_wing""]",daylight,"[""mega_wing""]",daylight+mega_wing,daylight+mega_wing__r01,,,1,10943283578462191745,10,30,1,10,windows-rtx4060,0,0,grid_2x2,true,84,a36b78d2998befbd10330adef8f5ab1f813a7a68144bd44a59f55bb779224525,608d817cd8d44787fc0ba4c2f2ee507f0b4c987f,data/raw/remaining-s30/formal-v1/formal-v1__colocation__daylight+mega_wing__r01,"{""daylight"":""games/pyxel/apps-src/30SecondsOfDaylight/src/main.py"",""mega_wing"":""games/pyxel/apps-src/mega_wing/mega_wing.py""}","{""daylight"":""21a365375249e9d7ea05e78dcfe040f09cc1f0c66bd410bae084190c743a028f"",""mega_wing"":""86bad6c02a303806c58137503739241dc6b1e86695f7c0dbf672b5e1a1464e9f""}",962f52d3ca5c9e2347f37481db731cdc1513bfb892bf9856eb1ef69dd630c5ba
1,30,formal-v1__colocation__mega_wing+pyxel_platformer+pyxel_shooter__r02,formal-v1,colocation-main,test,colocation,"[""mega_wing"",""pyxel_platformer"",""pyxel_shooter""]",mega_wing,"[""pyxel_platformer"",""pyxel_shooter""]",mega_wing+pyxel_platformer+pyxel_shooter,mega_wing+pyxel_platformer+pyxel_shooter__r02,,,2,13682341556401358875,10,30,1,10,windows-rtx4060,0,0,grid_2x2,true,84,a36b78d2998befbd10330adef8f5ab1f813a7a68144bd44a59f55bb779224525,608d817cd8d44787fc0ba4c2f2ee507f0b4c987f,data/raw/remaining-s30/formal-v1/formal-v1__colocation__mega_wing+pyxel_platformer+pyxel_shooter__r02,"{""mega_wing"":""games/pyxel/apps-src/mega_wing/mega_wing.py"",""pyxel_platformer"":""games/pyxel/10_platformer.py"",""pyxel_shooter"":""games/pyxel/09_shooter.py""}","{""mega_wing"":""86bad6c02a303806c58137503739241dc6b1e86695f7c0dbf672b5e1a1464e9f"",""pyxel_platformer"":""1b2c75b49dc9ab0254fb4b724682a4787868814a38d2f08920720dc5b6007ac5"",""pyxel_shooter"":""0f53e4156907eac41080a8f289e22c89365b3239517c754cf59a51af201d5563""}",6aad4b917b61a764644b5004f2fe3c9cc9ae0154cc9796a2f2e44f72c7273f63
1,31,formal-v1__profile__pyxel_snake__gpu_memory__p025__r01,formal-v1,profile,not_applicable,pressure_profile,"[""pyxel_snake""]",pyxel_snake,[],,,gpu_memory,0.25,1,18316953053906885181,10,30,1,10,windows-rtx4060,0,0,grid_2x2,true,84,a36b78d2998befbd10330adef8f5ab1f813a7a68144bd44a59f55bb779224525,608d817cd8d44787fc0ba4c2f2ee507f0b4c987f,data/raw/remaining-s30/formal-v1/formal-v1__profile__pyxel_snake__gpu_memory__p025__r01,"{""pyxel_snake"":""games/pyxel/07_snake.py""}","{""pyxel_snake"":""bc533fef92d1d358e570f69d979919fe5c1cd8c4da49841104b49a1e661a5ac3""}",fec89defd9f8071c5b7e3fb62e8e6a28ca0c8d3e9f9502e70d29ec901a363d0a
1,32,formal-v1__profile__pyxel_snake__cpu_compute__p100__r01,formal-v1,profile,not_applicable,pressure_profile,"[""pyxel_snake""]",pyxel_snake,[],,,cpu_compute,1,1,14566947362152717901,10,30,1,10,windows-rtx4060,0,0,grid_2x2,true,84,a36b78d2998befbd10330adef8f5ab1f813a7a68144bd44a59f55bb779224525,608d817cd8d44787fc0ba4c2f2ee507f0b4c987f,data/raw/remaining-s30/formal-v1/formal-v1__profile__pyxel_snake__cpu_compute__p100__r01,"{""pyxel_snake"":""games/pyxel/07_snake.py""}","{""pyxel_snake"":""bc533fef92d1d358e570f69d979919fe5c1cd8c4da49841104b49a1e661a5ac3""}",b8308a998dcc24c6a92166d9918ef0f63e1059e303700ae7bb9cd1160a2a8267
1,33,formal-v1__profile__daylight__memory_bandwidth__p050__r01,formal-v1,profile,not_applicable,pressure_profile,"[""daylight""]",daylight,[],,,memory_bandwidth,0.5,1,1630469762645751841,10,30,1,10,windows-rtx4060,0,0,grid_2x2,true,84,a36b78d2998befbd10330adef8f5ab1f813a7a68144bd44a59f55bb779224525,608d817cd8d44787fc0ba4c2f2ee507f0b4c987f,data/raw/remaining-s30/formal-v1/formal-v1__profile__daylight__memory_bandwidth__p050__r01,"{""daylight"":""games/pyxel/apps-src/30SecondsOfDaylight/src/main.py""}","{""daylight"":""21a365375249e9d7ea05e78dcfe040f09cc1f0c66bd410bae084190c743a028f""}",c51c335630f94a025fb925bdd0a6a2a1fec9fd1b9d03851baeb447585e1d52ae
1,34,formal-v1__profile__pyxel_snake__gpu_memory__p100__r03,formal-v1,profile,not_applicable,pressure_profile,"[""pyxel_snake""]",pyxel_snake,[],,,gpu_memory,1,3,10059704514546187109,10,30,1,10,windows-rtx4060,0,0,grid_2x2,true,84,a36b78d2998befbd10330adef8f5ab1f813a7a68144bd44a59f55bb779224525,608d817cd8d44787fc0ba4c2f2ee507f0b4c987f,data/raw/remaining-s30/formal-v1/formal-v1__profile__pyxel_snake__gpu_memory__p100__r03,"{""pyxel_snake"":""games/pyxel/07_snake.py""}","{""pyxel_snake"":""bc533fef92d1d358e570f69d979919fe5c1cd8c4da49841104b49a1e661a5ac3""}",c97b92c76b1d9d2df465e1674c0585eb4b4e1208757e1ada9b5c6cd724929864
1,35,formal-v1__extra__daylight+pyxel_bubbles+pyxel_shooter+space_rescue__r02,formal-v1,colocation-extra-test,extra_test,extra_test,"[""daylight"",""pyxel_bubbles"",""pyxel_shooter"",""space_rescue""]",daylight,"[""pyxel_bubbles"",""pyxel_shooter"",""space_rescue""]",daylight+pyxel_bubbles+pyxel_shooter+space_rescue,daylight+pyxel_bubbles+pyxel_shooter+space_rescue__r02,,,2,1072938454727186155,10,30,1,10,windows-rtx4060,0,0,grid_2x2,true,84,a36b78d2998befbd10330adef8f5ab1f813a7a68144bd44a59f55bb779224525,608d817cd8d44787fc0ba4c2f2ee507f0b4c987f,data/raw/remaining-s30/formal-v1/formal-v1__extra__daylight+pyxel_bubbles+pyxel_shooter+space_rescue__r02,"{""daylight"":""games/pyxel/apps-src/30SecondsOfDaylight/src/main.py"",""pyxel_bubbles"":""games/pyxel/06_click_game.py"",""pyxel_shooter"":""games/pyxel/09_shooter.py"",""space_rescue"":""games/pyxel/apps-src/space_rescue/space_rescue.py""}","{""daylight"":""21a365375249e9d7ea05e78dcfe040f09cc1f0c66bd410bae084190c743a028f"",""pyxel_bubbles"":""54c101e90bdaed839ac4c4284494530d5df37a5819a35f1e41eebb0b3da5d900"",""pyxel_shooter"":""0f53e4156907eac41080a8f289e22c89365b3239517c754cf59a51af201d5563"",""space_rescue"":""f3b0ab6784ae558e64f06a3f0a704e53f107a130aa3d43357659d0850131e461""}",6ab3721a75d34048b201fab6fe754092928264a9aa947fe85ef4853a41cec00f
1,36,formal-v1__colocation__pyxel_bubbles+pyxel_jump+pyxel_platformer__r03,formal-v1,colocation-main,train,colocation,"[""pyxel_bubbles"",""pyxel_jump"",""pyxel_platformer""]",pyxel_bubbles,"[""pyxel_jump"",""pyxel_platformer""]",pyxel_bubbles+pyxel_jump+pyxel_platformer,pyxel_bubbles+pyxel_jump+pyxel_platformer__r03,,,3,14613532575322629756,10,30,1,10,windows-rtx4060,0,0,grid_2x2,true,84,a36b78d2998befbd10330adef8f5ab1f813a7a68144bd44a59f55bb779224525,608d817cd8d44787fc0ba4c2f2ee507f0b4c987f,data/raw/remaining-s30/formal-v1/formal-v1__colocation__pyxel_bubbles+pyxel_jump+pyxel_platformer__r03,"{""pyxel_bubbles"":""games/pyxel/06_click_game.py"",""pyxel_jump"":""games/pyxel/02_jump_game.py"",""pyxel_platformer"":""games/pyxel/10_platformer.py""}","{""pyxel_bubbles"":""54c101e90bdaed839ac4c4284494530d5df37a5819a35f1e41eebb0b3da5d900"",""pyxel_jump"":""4743a825f1c9cae7e049ac52115f4ecf83350db546c00745a54af187d7bc2e46"",""pyxel_platformer"":""1b2c75b49dc9ab0254fb4b724682a4787868814a38d2f08920720dc5b6007ac5""}",e3db671fc5713a024e648404691a3b1d290d4b9b5d8dfb4764693039fb0ef85e
1,37,formal-v1__colocation__mega_wing+pyxel_jump+pyxel_platformer__r03,formal-v1,colocation-main,train,colocation,"[""mega_wing"",""pyxel_jump"",""pyxel_platformer""]",mega_wing,"[""pyxel_jump"",""pyxel_platformer""]",mega_wing+pyxel_jump+pyxel_platformer,mega_wing+pyxel_jump+pyxel_platformer__r03,,,3,8971933576963466641,10,30,1,10,windows-rtx4060,0,0,grid_2x2,true,84,a36b78d2998befbd10330adef8f5ab1f813a7a68144bd44a59f55bb779224525,608d817cd8d44787fc0ba4c2f2ee507f0b4c987f,data/raw/remaining-s30/formal-v1/formal-v1__colocation__mega_wing+pyxel_jump+pyxel_platformer__r03,"{""mega_wing"":""games/pyxel/apps-src/mega_wing/mega_wing.py"",""pyxel_jump"":""games/pyxel/02_jump_game.py"",""pyxel_platformer"":""games/pyxel/10_platformer.py""}","{""mega_wing"":""86bad6c02a303806c58137503739241dc6b1e86695f7c0dbf672b5e1a1464e9f"",""pyxel_jump"":""4743a825f1c9cae7e049ac52115f4ecf83350db546c00745a54af187d7bc2e46"",""pyxel_platformer"":""1b2c75b49dc9ab0254fb4b724682a4787868814a38d2f08920720dc5b6007ac5""}",468331880a13b111470beb0f23955935b5f0dd7a05f7c4dad649b1ec60240895
1,38,formal-v1__profile__pyxel_platformer__gpu_memory__p075__r03,formal-v1,profile,not_applicable,pressure_profile,"[""pyxel_platformer""]",pyxel_platformer,[],,,gpu_memory,0.75,3,12444815318315987464,10,30,1,10,windows-rtx4060,0,0,grid_2x2,true,84,a36b78d2998befbd10330adef8f5ab1f813a7a68144bd44a59f55bb779224525,608d817cd8d44787fc0ba4c2f2ee507f0b4c987f,data/raw/remaining-s30/formal-v1/formal-v1__profile__pyxel_platformer__gpu_memory__p075__r03,"{""pyxel_platformer"":""games/pyxel/10_platformer.py""}","{""pyxel_platformer"":""1b2c75b49dc9ab0254fb4b724682a4787868814a38d2f08920720dc5b6007ac5""}",ca02148bfb753b16febb4b4b8df64d2629fe41d16a671540c0256a382956d262
1,39,formal-v1__profile__mega_wing__gpu_compute__p000__r02,formal-v1,profile,not_applicable,pressure_profile,"[""mega_wing""]",mega_wing,[],,,gpu_compute,0,2,18438309879370389136,10,30,1,10,windows-rtx4060,0,0,grid_2x2,true,84,a36b78d2998befbd10330adef8f5ab1f813a7a68144bd44a59f55bb779224525,608d817cd8d44787fc0ba4c2f2ee507f0b4c987f,data/raw/remaining-s30/formal-v1/formal-v1__profile__mega_wing__gpu_compute__p000__r02,"{""mega_wing"":""games/pyxel/apps-src/mega_wing/mega_wing.py""}","{""mega_wing"":""86bad6c02a303806c58137503739241dc6b1e86695f7c0dbf672b5e1a1464e9f""}",ab5a02d8748d1aee2438e39b587a16b2f60aabec347eed2187bf8aee578c929f
1,40,formal-v1__profile__pyxel_shooter__memory_bandwidth__p050__r01,formal-v1,profile,not_applicable,pressure_profile,"[""pyxel_shooter""]",pyxel_shooter,[],,,memory_bandwidth,0.5,1,10793905800486606000,10,30,1,10,windows-rtx4060,0,0,grid_2x2,true,84,a36b78d2998befbd10330adef8f5ab1f813a7a68144bd44a59f55bb779224525,608d817cd8d44787fc0ba4c2f2ee507f0b4c987f,data/raw/remaining-s30/formal-v1/formal-v1__profile__pyxel_shooter__memory_bandwidth__p050__r01,"{""pyxel_shooter"":""games/pyxel/09_shooter.py""}","{""pyxel_shooter"":""0f53e4156907eac41080a8f289e22c89365b3239517c754cf59a51af201d5563""}",4f049113898ac285164ed272dccbeb0cf71649d525ecad97423f883fd3e3ac28
1,41,formal-v1__colocation__pyxel_platformer+pyxel_shooter+space_rescue__r03,formal-v1,colocation-main,validation,colocation,"[""pyxel_platformer"",""pyxel_shooter"",""space_rescue""]",pyxel_platformer,"[""pyxel_shooter"",""space_rescue""]",pyxel_platformer+pyxel_shooter+space_rescue,pyxel_platformer+pyxel_shooter+space_rescue__r03,,,3,2378095048118436956,10,30,1,10,windows-rtx4060,0,0,grid_2x2,true,84,a36b78d2998befbd10330adef8f5ab1f813a7a68144bd44a59f55bb779224525,608d817cd8d44787fc0ba4c2f2ee507f0b4c987f,data/raw/remaining-s30/formal-v1/formal-v1__colocation__pyxel_platformer+pyxel_shooter+space_rescue__r03,"{""pyxel_platformer"":""games/pyxel/10_platformer.py"",""pyxel_shooter"":""games/pyxel/09_shooter.py"",""space_rescue"":""games/pyxel/apps-src/space_rescue/space_rescue.py""}","{""pyxel_platformer"":""1b2c75b49dc9ab0254fb4b724682a4787868814a38d2f08920720dc5b6007ac5"",""pyxel_shooter"":""0f53e4156907eac41080a8f289e22c89365b3239517c754cf59a51af201d5563"",""space_rescue"":""f3b0ab6784ae558e64f06a3f0a704e53f107a130aa3d43357659d0850131e461""}",d684dda999a7ea108e24fd9b9cc33da14c50ad38344628fcf19f6f606e9ec258
1,42,formal-v1__profile__mega_wing__gpu_memory__p025__r03,formal-v1,profile,not_applicable,pressure_profile,"[""mega_wing""]",mega_wing,[],,,gpu_memory,0.25,3,4276273525197974134,10,30,1,10,windows-rtx4060,0,0,grid_2x2,true,84,a36b78d2998befbd10330adef8f5ab1f813a7a68144bd44a59f55bb779224525,608d817cd8d44787fc0ba4c2f2ee507f0b4c987f,data/raw/remaining-s30/formal-v1/formal-v1__profile__mega_wing__gpu_memory__p025__r03,"{""mega_wing"":""games/pyxel/apps-src/mega_wing/mega_wing.py""}","{""mega_wing"":""86bad6c02a303806c58137503739241dc6b1e86695f7c0dbf672b5e1a1464e9f""}",a21d0f4b6f4f3906934afac4a3496eba55055488e384f31ad1243b48332a12cf
1,43,formal-v1__profile__pyxel_platformer__gpu_compute__p050__r03,formal-v1,profile,not_applicable,pressure_profile,"[""pyxel_platformer""]",pyxel_platformer,[],,,gpu_compute,0.5,3,4830467956693630396,10,30,1,10,windows-rtx4060,0,0,grid_2x2,true,84,a36b78d2998befbd10330adef8f5ab1f813a7a68144bd44a59f55bb779224525,608d817cd8d44787fc0ba4c2f2ee507f0b4c987f,data/raw/remaining-s30/formal-v1/formal-v1__profile__pyxel_platformer__gpu_compute__p050__r03,"{""pyxel_platformer"":""games/pyxel/10_platformer.py""}","{""pyxel_platformer"":""1b2c75b49dc9ab0254fb4b724682a4787868814a38d2f08920720dc5b6007ac5""}",339ca1defc2f266d3c2c894439447284dcc8ad9fff83aae14eb1d6bf5565d06b
1,44,formal-v1__profile__pyxel_shooter__gpu_compute__p000__r03,formal-v1,profile,not_applicable,pressure_profile,"[""pyxel_shooter""]",pyxel_shooter,[],,,gpu_compute,0,3,17305474090941391802,10,30,1,10,windows-rtx4060,0,0,grid_2x2,true,84,a36b78d2998befbd10330adef8f5ab1f813a7a68144bd44a59f55bb779224525,608d817cd8d44787fc0ba4c2f2ee507f0b4c987f,data/raw/remaining-s30/formal-v1/formal-v1__profile__pyxel_shooter__gpu_compute__p000__r03,"{""pyxel_shooter"":""games/pyxel/09_shooter.py""}","{""pyxel_shooter"":""0f53e4156907eac41080a8f289e22c89365b3239517c754cf59a51af201d5563""}",a42b2ac7689e386c1153593a32eb6dd90746e02ccab7366e4e5eb587c4e3f28b
1,45,formal-v1__profile__mega_wing__cpu_compute__p000__r02,formal-v1,profile,not_applicable,pressure_profile,"[""mega_wing""]",mega_wing,[],,,cpu_compute,0,2,2745967971310800797,10,30,1,10,windows-rtx4060,0,0,grid_2x2,true,84,a36b78d2998befbd10330adef8f5ab1f813a7a68144bd44a59f55bb779224525,608d817cd8d44787fc0ba4c2f2ee507f0b4c987f,data/raw/remaining-s30/formal-v1/formal-v1__profile__mega_wing__cpu_compute__p000__r02,"{""mega_wing"":""games/pyxel/apps-src/mega_wing/mega_wing.py""}","{""mega_wing"":""86bad6c02a303806c58137503739241dc6b1e86695f7c0dbf672b5e1a1464e9f""}",700b3c20bd23ca32284f5885e0d7daa5e2726e83f518484f27c0d3cc35683f52
1,46,formal-v1__colocation__daylight+pyxel_bubbles__r03,formal-v1,colocation-main,validation,colocation,"[""daylight"",""pyxel_bubbles""]",daylight,"[""pyxel_bubbles""]",daylight+pyxel_bubbles,daylight+pyxel_bubbles__r03,,,3,6488750937728922443,10,30,1,10,windows-rtx4060,0,0,grid_2x2,true,84,a36b78d2998befbd10330adef8f5ab1f813a7a68144bd44a59f55bb779224525,608d817cd8d44787fc0ba4c2f2ee507f0b4c987f,data/raw/remaining-s30/formal-v1/formal-v1__colocation__daylight+pyxel_bubbles__r03,"{""daylight"":""games/pyxel/apps-src/30SecondsOfDaylight/src/main.py"",""pyxel_bubbles"":""games/pyxel/06_click_game.py""}","{""daylight"":""21a365375249e9d7ea05e78dcfe040f09cc1f0c66bd410bae084190c743a028f"",""pyxel_bubbles"":""54c101e90bdaed839ac4c4284494530d5df37a5819a35f1e41eebb0b3da5d900""}",52e074ee28191ca58b2a72c95148e2e0de4d7910e1eb052ccefd9923ca90c6e9
1,47,formal-v1__profile__pyxel_platformer__gpu_memory__p075__r02,formal-v1,profile,not_applicable,pressure_profile,"[""pyxel_platformer""]",pyxel_platformer,[],,,gpu_memory,0.75,2,12955620858010274978,10,30,1,10,windows-rtx4060,0,0,grid_2x2,true,84,a36b78d2998befbd10330adef8f5ab1f813a7a68144bd44a59f55bb779224525,608d817cd8d44787fc0ba4c2f2ee507f0b4c987f,data/raw/remaining-s30/formal-v1/formal-v1__profile__pyxel_platformer__gpu_memory__p075__r02,"{""pyxel_platformer"":""games/pyxel/10_platformer.py""}","{""pyxel_platformer"":""1b2c75b49dc9ab0254fb4b724682a4787868814a38d2f08920720dc5b6007ac5""}",2010e1bc9de5d6e223dfa346cc2eaa03a6e29d2fed6eac059a73bae553231f50
1,48,formal-v1__profile__pyxel_bubbles__cpu_compute__p100__r03,formal-v1,profile,not_applicable,pressure_profile,"[""pyxel_bubbles""]",pyxel_bubbles,[],,,cpu_compute,1,3,4417685526597924922,10,30,1,10,windows-rtx4060,0,0,grid_2x2,true,84,a36b78d2998befbd10330adef8f5ab1f813a7a68144bd44a59f55bb779224525,608d817cd8d44787fc0ba4c2f2ee507f0b4c987f,data/raw/remaining-s30/formal-v1/formal-v1__profile__pyxel_bubbles__cpu_compute__p100__r03,"{""pyxel_bubbles"":""games/pyxel/06_click_game.py""}","{""pyxel_bubbles"":""54c101e90bdaed839ac4c4284494530d5df37a5819a35f1e41eebb0b3da5d900""}",085b345395a5a26e238dfac9597223e16691b37636a665753aa74dec76fb78a7
1,49,formal-v1__colocation__daylight+pyxel_bubbles+space_rescue__r03,formal-v1,colocation-main,train,colocation,"[""daylight"",""pyxel_bubbles"",""space_rescue""]",daylight,"[""pyxel_bubbles"",""space_rescue""]",daylight+pyxel_bubbles+space_rescue,daylight+pyxel_bubbles+space_rescue__r03,,,3,5061490885627023538,10,30,1,10,windows-rtx4060,0,0,grid_2x2,true,84,a36b78d2998befbd10330adef8f5ab1f813a7a68144bd44a59f55bb779224525,608d817cd8d44787fc0ba4c2f2ee507f0b4c987f,data/raw/remaining-s30/formal-v1/formal-v1__colocation__daylight+pyxel_bubbles+space_rescue__r03,"{""daylight"":""games/pyxel/apps-src/30SecondsOfDaylight/src/main.py"",""pyxel_bubbles"":""games/pyxel/06_click_game.py"",""space_rescue"":""games/pyxel/apps-src/space_rescue/space_rescue.py""}","{""daylight"":""21a365375249e9d7ea05e78dcfe040f09cc1f0c66bd410bae084190c743a028f"",""pyxel_bubbles"":""54c101e90bdaed839ac4c4284494530d5df37a5819a35f1e41eebb0b3da5d900"",""space_rescue"":""f3b0ab6784ae558e64f06a3f0a704e53f107a130aa3d43357659d0850131e461""}",d76ba80f26dd120212750f8362c7a9cbb76471b1b8ec0e42c71b1b74b2a33b50
1,50,formal-v1__profile__pyxel_bubbles__memory_bandwidth__p000__r03,formal-v1,profile,not_applicable,pressure_profile,"[""pyxel_bubbles""]",pyxel_bubbles,[],,,memory_bandwidth,0,3,13959344448604691916,10,30,1,10,windows-rtx4060,0,0,grid_2x2,true,84,a36b78d2998befbd10330adef8f5ab1f813a7a68144bd44a59f55bb779224525,608d817cd8d44787fc0ba4c2f2ee507f0b4c987f,data/raw/remaining-s30/formal-v1/formal-v1__profile__pyxel_bubbles__memory_bandwidth__p000__r03,"{""pyxel_bubbles"":""games/pyxel/06_click_game.py""}","{""pyxel_bubbles"":""54c101e90bdaed839ac4c4284494530d5df37a5819a35f1e41eebb0b3da5d900""}",e1ff693963a7eeaf2893e7c9dbd9968fae02fc8ed07b13e346d3bbac5c6144d3
1,51,formal-v1__solo__space_rescue__r03,formal-v1,solo,not_applicable,solo,"[""space_rescue""]",space_rescue,[],,,,,3,4399632551700385762,10,30,1,10,windows-rtx4060,0,0,grid_2x2,true,84,a36b78d2998befbd10330adef8f5ab1f813a7a68144bd44a59f55bb779224525,608d817cd8d44787fc0ba4c2f2ee507f0b4c987f,data/raw/remaining-s30/formal-v1/formal-v1__solo__space_rescue__r03,"{""space_rescue"":""games/pyxel/apps-src/space_rescue/space_rescue.py""}","{""space_rescue"":""f3b0ab6784ae558e64f06a3f0a704e53f107a130aa3d43357659d0850131e461""}",35f0a825d6c7408a67eb5c478f853a8c97b2b46c55f23618c2e3e40f867ddd6e
1,52,formal-v1__profile__pyxel_jump__gpu_compute__p075__r01,formal-v1,profile,not_applicable,pressure_profile,"[""pyxel_jump""]",pyxel_jump,[],,,gpu_compute,0.75,1,18283113210413982946,10,30,1,10,windows-rtx4060,0,0,grid_2x2,true,84,a36b78d2998befbd10330adef8f5ab1f813a7a68144bd44a59f55bb779224525,608d817cd8d44787fc0ba4c2f2ee507f0b4c987f,data/raw/remaining-s30/formal-v1/formal-v1__profile__pyxel_jump__gpu_compute__p075__r01,"{""pyxel_jump"":""games/pyxel/02_jump_game.py""}","{""pyxel_jump"":""4743a825f1c9cae7e049ac52115f4ecf83350db546c00745a54af187d7bc2e46""}",679b77b7cc96e6a617a98a11b01c5f906ed41e5841c0e2785ce8921b7458747c
1,53,formal-v1__profile__pyxel_snake__gpu_memory__p000__r03,formal-v1,profile,not_applicable,pressure_profile,"[""pyxel_snake""]",pyxel_snake,[],,,gpu_memory,0,3,5919644391129357397,10,30,1,10,windows-rtx4060,0,0,grid_2x2,true,84,a36b78d2998befbd10330adef8f5ab1f813a7a68144bd44a59f55bb779224525,608d817cd8d44787fc0ba4c2f2ee507f0b4c987f,data/raw/remaining-s30/formal-v1/formal-v1__profile__pyxel_snake__gpu_memory__p000__r03,"{""pyxel_snake"":""games/pyxel/07_snake.py""}","{""pyxel_snake"":""bc533fef92d1d358e570f69d979919fe5c1cd8c4da49841104b49a1e661a5ac3""}",8f6a088cd1907bceb150521f28d69b28888920e28c2684117d8760b68abc476f
1,54,formal-v1__extra__mega_wing+pyxel_bubbles+pyxel_jump+space_rescue__r01,formal-v1,colocation-extra-test,extra_test,extra_test,"[""mega_wing"",""pyxel_bubbles"",""pyxel_jump"",""space_rescue""]",mega_wing,"[""pyxel_bubbles"",""pyxel_jump"",""space_rescue""]",mega_wing+pyxel_bubbles+pyxel_jump+space_rescue,mega_wing+pyxel_bubbles+pyxel_jump+space_rescue__r01,,,1,16989947642046775293,10,30,1,10,windows-rtx4060,0,0,grid_2x2,true,84,a36b78d2998befbd10330adef8f5ab1f813a7a68144bd44a59f55bb779224525,608d817cd8d44787fc0ba4c2f2ee507f0b4c987f,data/raw/remaining-s30/formal-v1/formal-v1__extra__mega_wing+pyxel_bubbles+pyxel_jump+space_rescue__r01,"{""mega_wing"":""games/pyxel/apps-src/mega_wing/mega_wing.py"",""pyxel_bubbles"":""games/pyxel/06_click_game.py"",""pyxel_jump"":""games/pyxel/02_jump_game.py"",""space_rescue"":""games/pyxel/apps-src/space_rescue/space_rescue.py""}","{""mega_wing"":""86bad6c02a303806c58137503739241dc6b1e86695f7c0dbf672b5e1a1464e9f"",""pyxel_bubbles"":""54c101e90bdaed839ac4c4284494530d5df37a5819a35f1e41eebb0b3da5d900"",""pyxel_jump"":""4743a825f1c9cae7e049ac52115f4ecf83350db546c00745a54af187d7bc2e46"",""space_rescue"":""f3b0ab6784ae558e64f06a3f0a704e53f107a130aa3d43357659d0850131e461""}",151a81c7c306186451b6c64f46b811dbe48c94ec4b8113b6ae2d751744a20c4c
1,55,formal-v1__colocation__pyxel_bubbles+pyxel_platformer+pyxel_shooter__r03,formal-v1,colocation-main,validation,colocation,"[""pyxel_bubbles"",""pyxel_platformer"",""pyxel_shooter""]",pyxel_bubbles,"[""pyxel_platformer"",""pyxel_shooter""]",pyxel_bubbles+pyxel_platformer+pyxel_shooter,pyxel_bubbles+pyxel_platformer+pyxel_shooter__r03,,,3,8498269675985014006,10,30,1,10,windows-rtx4060,0,0,grid_2x2,true,84,a36b78d2998befbd10330adef8f5ab1f813a7a68144bd44a59f55bb779224525,608d817cd8d44787fc0ba4c2f2ee507f0b4c987f,data/raw/remaining-s30/formal-v1/formal-v1__colocation__pyxel_bubbles+pyxel_platformer+pyxel_shooter__r03,"{""pyxel_bubbles"":""games/pyxel/06_click_game.py"",""pyxel_platformer"":""games/pyxel/10_platformer.py"",""pyxel_shooter"":""games/pyxel/09_shooter.py""}","{""pyxel_bubbles"":""54c101e90bdaed839ac4c4284494530d5df37a5819a35f1e41eebb0b3da5d900"",""pyxel_platformer"":""1b2c75b49dc9ab0254fb4b724682a4787868814a38d2f08920720dc5b6007ac5"",""pyxel_shooter"":""0f53e4156907eac41080a8f289e22c89365b3239517c754cf59a51af201d5563""}",3086370914abeb96c7d7439304e76a8dfe895ae3f240c6c9412394b29708bf77
1,56,formal-v1__profile__pyxel_snake__memory_bandwidth__p050__r02,formal-v1,profile,not_applicable,pressure_profile,"[""pyxel_snake""]",pyxel_snake,[],,,memory_bandwidth,0.5,2,7551854635602566980,10,30,1,10,windows-rtx4060,0,0,grid_2x2,true,84,a36b78d2998befbd10330adef8f5ab1f813a7a68144bd44a59f55bb779224525,608d817cd8d44787fc0ba4c2f2ee507f0b4c987f,data/raw/remaining-s30/formal-v1/formal-v1__profile__pyxel_snake__memory_bandwidth__p050__r02,"{""pyxel_snake"":""games/pyxel/07_snake.py""}","{""pyxel_snake"":""bc533fef92d1d358e570f69d979919fe5c1cd8c4da49841104b49a1e661a5ac3""}",f443bf77c7219a5a4319b5d307866b88efe03d36248c84c129112f010d4794b5
1,57,formal-v1__colocation__pyxel_jump+pyxel_platformer+space_rescue__r03,formal-v1,colocation-main,train,colocation,"[""pyxel_jump"",""pyxel_platformer"",""space_rescue""]",pyxel_jump,"[""pyxel_platformer"",""space_rescue""]",pyxel_jump+pyxel_platformer+space_rescue,pyxel_jump+pyxel_platformer+space_rescue__r03,,,3,11073372992232688367,10,30,1,10,windows-rtx4060,0,0,grid_2x2,true,84,a36b78d2998befbd10330adef8f5ab1f813a7a68144bd44a59f55bb779224525,608d817cd8d44787fc0ba4c2f2ee507f0b4c987f,data/raw/remaining-s30/formal-v1/formal-v1__colocation__pyxel_jump+pyxel_platformer+space_rescue__r03,"{""pyxel_jump"":""games/pyxel/02_jump_game.py"",""pyxel_platformer"":""games/pyxel/10_platformer.py"",""space_rescue"":""games/pyxel/apps-src/space_rescue/space_rescue.py""}","{""pyxel_jump"":""4743a825f1c9cae7e049ac52115f4ecf83350db546c00745a54af187d7bc2e46"",""pyxel_platformer"":""1b2c75b49dc9ab0254fb4b724682a4787868814a38d2f08920720dc5b6007ac5"",""space_rescue"":""f3b0ab6784ae558e64f06a3f0a704e53f107a130aa3d43357659d0850131e461""}",191261abe1bae49dea0ec70dc78e5f149ec339996e57d0e7be67f2a27d95a3db
1,58,formal-v1__colocation__mega_wing+pyxel_snake__r01,formal-v1,colocation-main,train,colocation,"[""mega_wing"",""pyxel_snake""]",mega_wing,"[""pyxel_snake""]",mega_wing+pyxel_snake,mega_wing+pyxel_snake__r01,,,1,1304870235819937978,10,30,1,10,windows-rtx4060,0,0,grid_2x2,true,84,a36b78d2998befbd10330adef8f5ab1f813a7a68144bd44a59f55bb779224525,608d817cd8d44787fc0ba4c2f2ee507f0b4c987f,data/raw/remaining-s30/formal-v1/formal-v1__colocation__mega_wing+pyxel_snake__r01,"{""mega_wing"":""games/pyxel/apps-src/mega_wing/mega_wing.py"",""pyxel_snake"":""games/pyxel/07_snake.py""}","{""mega_wing"":""86bad6c02a303806c58137503739241dc6b1e86695f7c0dbf672b5e1a1464e9f"",""pyxel_snake"":""bc533fef92d1d358e570f69d979919fe5c1cd8c4da49841104b49a1e661a5ac3""}",9c6fa0870749ee8af734a02768030481977c339b42eb4893cf7c6b821bcbe662
1,59,formal-v1__profile__daylight__cpu_compute__p075__r03,formal-v1,profile,not_applicable,pressure_profile,"[""daylight""]",daylight,[],,,cpu_compute,0.75,3,16393125486362641367,10,30,1,10,windows-rtx4060,0,0,grid_2x2,true,84,a36b78d2998befbd10330adef8f5ab1f813a7a68144bd44a59f55bb779224525,608d817cd8d44787fc0ba4c2f2ee507f0b4c987f,data/raw/remaining-s30/formal-v1/formal-v1__profile__daylight__cpu_compute__p075__r03,"{""daylight"":""games/pyxel/apps-src/30SecondsOfDaylight/src/main.py""}","{""daylight"":""21a365375249e9d7ea05e78dcfe040f09cc1f0c66bd410bae084190c743a028f""}",3a0dd3cf9faf425e965b1e12d704e68673fd1a4bb360f2587fc9a227c8875db3
1,60,formal-v1__profile__mega_wing__memory_bandwidth__p100__r01,formal-v1,profile,not_applicable,pressure_profile,"[""mega_wing""]",mega_wing,[],,,memory_bandwidth,1,1,9205440224266935408,10,30,1,10,windows-rtx4060,0,0,grid_2x2,true,84,a36b78d2998befbd10330adef8f5ab1f813a7a68144bd44a59f55bb779224525,608d817cd8d44787fc0ba4c2f2ee507f0b4c987f,data/raw/remaining-s30/formal-v1/formal-v1__profile__mega_wing__memory_bandwidth__p100__r01,"{""mega_wing"":""games/pyxel/apps-src/mega_wing/mega_wing.py""}","{""mega_wing"":""86bad6c02a303806c58137503739241dc6b1e86695f7c0dbf672b5e1a1464e9f""}",f43089d016d71f064d6d24f922da137db63a4b809cae6e736aa7507dfc924947
1,61,formal-v1__profile__pyxel_bubbles__gpu_memory__p025__r02,formal-v1,profile,not_applicable,pressure_profile,"[""pyxel_bubbles""]",pyxel_bubbles,[],,,gpu_memory,0.25,2,12445883933783709333,10,30,1,10,windows-rtx4060,0,0,grid_2x2,true,84,a36b78d2998befbd10330adef8f5ab1f813a7a68144bd44a59f55bb779224525,608d817cd8d44787fc0ba4c2f2ee507f0b4c987f,data/raw/remaining-s30/formal-v1/formal-v1__profile__pyxel_bubbles__gpu_memory__p025__r02,"{""pyxel_bubbles"":""games/pyxel/06_click_game.py""}","{""pyxel_bubbles"":""54c101e90bdaed839ac4c4284494530d5df37a5819a35f1e41eebb0b3da5d900""}",02a935cf6ab5db39ba21d89f38fd5708f8f849f5257a09f185d2ff5d39ef43d8
1,62,formal-v1__colocation__daylight+pyxel_platformer+pyxel_shooter__r01,formal-v1,colocation-main,validation,colocation,"[""daylight"",""pyxel_platformer"",""pyxel_shooter""]",daylight,"[""pyxel_platformer"",""pyxel_shooter""]",daylight+pyxel_platformer+pyxel_shooter,daylight+pyxel_platformer+pyxel_shooter__r01,,,1,4715957220980102501,10,30,1,10,windows-rtx4060,0,0,grid_2x2,true,84,a36b78d2998befbd10330adef8f5ab1f813a7a68144bd44a59f55bb779224525,608d817cd8d44787fc0ba4c2f2ee507f0b4c987f,data/raw/remaining-s30/formal-v1/formal-v1__colocation__daylight+pyxel_platformer+pyxel_shooter__r01,"{""daylight"":""games/pyxel/apps-src/30SecondsOfDaylight/src/main.py"",""pyxel_platformer"":""games/pyxel/10_platformer.py"",""pyxel_shooter"":""games/pyxel/09_shooter.py""}","{""daylight"":""21a365375249e9d7ea05e78dcfe040f09cc1f0c66bd410bae084190c743a028f"",""pyxel_platformer"":""1b2c75b49dc9ab0254fb4b724682a4787868814a38d2f08920720dc5b6007ac5"",""pyxel_shooter"":""0f53e4156907eac41080a8f289e22c89365b3239517c754cf59a51af201d5563""}",9066cc9f5c79fb8028e30444248f47fe9075b3e9bb66d69896bbf2f55511fbb7
1,63,formal-v1__colocation__pyxel_jump+pyxel_snake__r01,formal-v1,colocation-main,validation,colocation,"[""pyxel_jump"",""pyxel_snake""]",pyxel_jump,"[""pyxel_snake""]",pyxel_jump+pyxel_snake,pyxel_jump+pyxel_snake__r01,,,1,595837154992754466,10,30,1,10,windows-rtx4060,0,0,grid_2x2,true,84,a36b78d2998befbd10330adef8f5ab1f813a7a68144bd44a59f55bb779224525,608d817cd8d44787fc0ba4c2f2ee507f0b4c987f,data/raw/remaining-s30/formal-v1/formal-v1__colocation__pyxel_jump+pyxel_snake__r01,"{""pyxel_jump"":""games/pyxel/02_jump_game.py"",""pyxel_snake"":""games/pyxel/07_snake.py""}","{""pyxel_jump"":""4743a825f1c9cae7e049ac52115f4ecf83350db546c00745a54af187d7bc2e46"",""pyxel_snake"":""bc533fef92d1d358e570f69d979919fe5c1cd8c4da49841104b49a1e661a5ac3""}",7c646f93d709b182f0a5cb5b44a55c29ddb1c397ec24299dfa75799fc78e2c23
1,64,formal-v1__profile__pyxel_jump__cpu_compute__p075__r01,formal-v1,profile,not_applicable,pressure_profile,"[""pyxel_jump""]",pyxel_jump,[],,,cpu_compute,0.75,1,9861530536592714182,10,30,1,10,windows-rtx4060,0,0,grid_2x2,true,84,a36b78d2998befbd10330adef8f5ab1f813a7a68144bd44a59f55bb779224525,608d817cd8d44787fc0ba4c2f2ee507f0b4c987f,data/raw/remaining-s30/formal-v1/formal-v1__profile__pyxel_jump__cpu_compute__p075__r01,"{""pyxel_jump"":""games/pyxel/02_jump_game.py""}","{""pyxel_jump"":""4743a825f1c9cae7e049ac52115f4ecf83350db546c00745a54af187d7bc2e46""}",bba9c70d7083830afc364ece2e72bbd7dd2171132097fbf9a0548315f979ab9d
1,65,formal-v1__colocation__mega_wing+pyxel_jump__r03,formal-v1,colocation-main,test,colocation,"[""mega_wing"",""pyxel_jump""]",mega_wing,"[""pyxel_jump""]",mega_wing+pyxel_jump,mega_wing+pyxel_jump__r03,,,3,193343621440929961,10,30,1,10,windows-rtx4060,0,0,grid_2x2,true,84,a36b78d2998befbd10330adef8f5ab1f813a7a68144bd44a59f55bb779224525,608d817cd8d44787fc0ba4c2f2ee507f0b4c987f,data/raw/remaining-s30/formal-v1/formal-v1__colocation__mega_wing+pyxel_jump__r03,"{""mega_wing"":""games/pyxel/apps-src/mega_wing/mega_wing.py"",""pyxel_jump"":""games/pyxel/02_jump_game.py""}","{""mega_wing"":""86bad6c02a303806c58137503739241dc6b1e86695f7c0dbf672b5e1a1464e9f"",""pyxel_jump"":""4743a825f1c9cae7e049ac52115f4ecf83350db546c00745a54af187d7bc2e46""}",224b38acc7484c1ca9d2e1e3f1d48d9dc918b96050fa1d7aa8733663d53f8940
1,66,formal-v1__extra__daylight+pyxel_bubbles+pyxel_jump+pyxel_platformer__r01,formal-v1,colocation-extra-test,extra_test,extra_test,"[""daylight"",""pyxel_bubbles"",""pyxel_jump"",""pyxel_platformer""]",daylight,"[""pyxel_bubbles"",""pyxel_jump"",""pyxel_platformer""]",daylight+pyxel_bubbles+pyxel_jump+pyxel_platformer,daylight+pyxel_bubbles+pyxel_jump+pyxel_platformer__r01,,,1,5737806892131697747,10,30,1,10,windows-rtx4060,0,0,grid_2x2,true,84,a36b78d2998befbd10330adef8f5ab1f813a7a68144bd44a59f55bb779224525,608d817cd8d44787fc0ba4c2f2ee507f0b4c987f,data/raw/remaining-s30/formal-v1/formal-v1__extra__daylight+pyxel_bubbles+pyxel_jump+pyxel_platformer__r01,"{""daylight"":""games/pyxel/apps-src/30SecondsOfDaylight/src/main.py"",""pyxel_bubbles"":""games/pyxel/06_click_game.py"",""pyxel_jump"":""games/pyxel/02_jump_game.py"",""pyxel_platformer"":""games/pyxel/10_platformer.py""}","{""daylight"":""21a365375249e9d7ea05e78dcfe040f09cc1f0c66bd410bae084190c743a028f"",""pyxel_bubbles"":""54c101e90bdaed839ac4c4284494530d5df37a5819a35f1e41eebb0b3da5d900"",""pyxel_jump"":""4743a825f1c9cae7e049ac52115f4ecf83350db546c00745a54af187d7bc2e46"",""pyxel_platformer"":""1b2c75b49dc9ab0254fb4b724682a4787868814a38d2f08920720dc5b6007ac5""}",a16ebee60adf4501f0cda2fa9e34a06dec65c98aae3afe72d3bc53f80df98eb4
1,67,formal-v1__profile__daylight__cpu_compute__p025__r02,formal-v1,profile,not_applicable,pressure_profile,"[""daylight""]",daylight,[],,,cpu_compute,0.25,2,15725007107643906118,10,30,1,10,windows-rtx4060,0,0,grid_2x2,true,84,a36b78d2998befbd10330adef8f5ab1f813a7a68144bd44a59f55bb779224525,608d817cd8d44787fc0ba4c2f2ee507f0b4c987f,data/raw/remaining-s30/formal-v1/formal-v1__profile__daylight__cpu_compute__p025__r02,"{""daylight"":""games/pyxel/apps-src/30SecondsOfDaylight/src/main.py""}","{""daylight"":""21a365375249e9d7ea05e78dcfe040f09cc1f0c66bd410bae084190c743a028f""}",2b7076b97f72715dd4a21236133bc1ccc7d05ffae685d4159bb500bd721eda31
1,68,formal-v1__profile__mega_wing__gpu_memory__p050__r02,formal-v1,profile,not_applicable,pressure_profile,"[""mega_wing""]",mega_wing,[],,,gpu_memory,0.5,2,12784461153044148819,10,30,1,10,windows-rtx4060,0,0,grid_2x2,true,84,a36b78d2998befbd10330adef8f5ab1f813a7a68144bd44a59f55bb779224525,608d817cd8d44787fc0ba4c2f2ee507f0b4c987f,data/raw/remaining-s30/formal-v1/formal-v1__profile__mega_wing__gpu_memory__p050__r02,"{""mega_wing"":""games/pyxel/apps-src/mega_wing/mega_wing.py""}","{""mega_wing"":""86bad6c02a303806c58137503739241dc6b1e86695f7c0dbf672b5e1a1464e9f""}",1ca7d1761655b68308264ec13812ecbee45539678fbcaff1a9420fea4e37614a
1,69,formal-v1__profile__mega_wing__gpu_compute__p075__r02,formal-v1,profile,not_applicable,pressure_profile,"[""mega_wing""]",mega_wing,[],,,gpu_compute,0.75,2,9488651286318619516,10,30,1,10,windows-rtx4060,0,0,grid_2x2,true,84,a36b78d2998befbd10330adef8f5ab1f813a7a68144bd44a59f55bb779224525,608d817cd8d44787fc0ba4c2f2ee507f0b4c987f,data/raw/remaining-s30/formal-v1/formal-v1__profile__mega_wing__gpu_compute__p075__r02,"{""mega_wing"":""games/pyxel/apps-src/mega_wing/mega_wing.py""}","{""mega_wing"":""86bad6c02a303806c58137503739241dc6b1e86695f7c0dbf672b5e1a1464e9f""}",b2f4ac9a0d583d6154cf055d3971f10053f8f5907063164a8b76c9cf246d262e
1,70,formal-v1__profile__pyxel_jump__memory_bandwidth__p050__r03,formal-v1,profile,not_applicable,pressure_profile,"[""pyxel_jump""]",pyxel_jump,[],,,memory_bandwidth,0.5,3,11021339485252582668,10,30,1,10,windows-rtx4060,0,0,grid_2x2,true,84,a36b78d2998befbd10330adef8f5ab1f813a7a68144bd44a59f55bb779224525,608d817cd8d44787fc0ba4c2f2ee507f0b4c987f,data/raw/remaining-s30/formal-v1/formal-v1__profile__pyxel_jump__memory_bandwidth__p050__r03,"{""pyxel_jump"":""games/pyxel/02_jump_game.py""}","{""pyxel_jump"":""4743a825f1c9cae7e049ac52115f4ecf83350db546c00745a54af187d7bc2e46""}",d81cf4b993811ab616856f5c6ea1a1cb83e9998c041c405497c2068ad00537ac
1,71,formal-v1__profile__pyxel_jump__cpu_compute__p000__r01,formal-v1,profile,not_applicable,pressure_profile,"[""pyxel_jump""]",pyxel_jump,[],,,cpu_compute,0,1,15781960136777645112,10,30,1,10,windows-rtx4060,0,0,grid_2x2,true,84,a36b78d2998befbd10330adef8f5ab1f813a7a68144bd44a59f55bb779224525,608d817cd8d44787fc0ba4c2f2ee507f0b4c987f,data/raw/remaining-s30/formal-v1/formal-v1__profile__pyxel_jump__cpu_compute__p000__r01,"{""pyxel_jump"":""games/pyxel/02_jump_game.py""}","{""pyxel_jump"":""4743a825f1c9cae7e049ac52115f4ecf83350db546c00745a54af187d7bc2e46""}",9bfa94533bc82f567866d01a6c1c7dc2f5a33caf0576b350aa1b92ec3b00c78a
1,72,formal-v1__profile__daylight__gpu_compute__p050__r01,formal-v1,profile,not_applicable,pressure_profile,"[""daylight""]",daylight,[],,,gpu_compute,0.5,1,11915590524522641334,10,30,1,10,windows-rtx4060,0,0,grid_2x2,true,84,a36b78d2998befbd10330adef8f5ab1f813a7a68144bd44a59f55bb779224525,608d817cd8d44787fc0ba4c2f2ee507f0b4c987f,data/raw/remaining-s30/formal-v1/formal-v1__profile__daylight__gpu_compute__p050__r01,"{""daylight"":""games/pyxel/apps-src/30SecondsOfDaylight/src/main.py""}","{""daylight"":""21a365375249e9d7ea05e78dcfe040f09cc1f0c66bd410bae084190c743a028f""}",c060d3fb3f43c9c13f5d6ec5253f9aeee923770ad361c6c3f5b21f8aec3fa2db
1,73,formal-v1__profile__pyxel_bubbles__gpu_compute__p000__r03,formal-v1,profile,not_applicable,pressure_profile,"[""pyxel_bubbles""]",pyxel_bubbles,[],,,gpu_compute,0,3,3197609736822577904,10,30,1,10,windows-rtx4060,0,0,grid_2x2,true,84,a36b78d2998befbd10330adef8f5ab1f813a7a68144bd44a59f55bb779224525,608d817cd8d44787fc0ba4c2f2ee507f0b4c987f,data/raw/remaining-s30/formal-v1/formal-v1__profile__pyxel_bubbles__gpu_compute__p000__r03,"{""pyxel_bubbles"":""games/pyxel/06_click_game.py""}","{""pyxel_bubbles"":""54c101e90bdaed839ac4c4284494530d5df37a5819a35f1e41eebb0b3da5d900""}",70e37b393d04bf0ed91ed6aa95e9530f0e4e717b72b4dface8c521ac64f4cfdc
1,74,formal-v1__colocation__pyxel_platformer+pyxel_snake+space_rescue__r02,formal-v1,colocation-main,validation,colocation,"[""pyxel_platformer"",""pyxel_snake"",""space_rescue""]",pyxel_platformer,"[""pyxel_snake"",""space_rescue""]",pyxel_platformer+pyxel_snake+space_rescue,pyxel_platformer+pyxel_snake+space_rescue__r02,,,2,1690107461402874264,10,30,1,10,windows-rtx4060,0,0,grid_2x2,true,84,a36b78d2998befbd10330adef8f5ab1f813a7a68144bd44a59f55bb779224525,608d817cd8d44787fc0ba4c2f2ee507f0b4c987f,data/raw/remaining-s30/formal-v1/formal-v1__colocation__pyxel_platformer+pyxel_snake+space_rescue__r02,"{""pyxel_platformer"":""games/pyxel/10_platformer.py"",""pyxel_snake"":""games/pyxel/07_snake.py"",""space_rescue"":""games/pyxel/apps-src/space_rescue/space_rescue.py""}","{""pyxel_platformer"":""1b2c75b49dc9ab0254fb4b724682a4787868814a38d2f08920720dc5b6007ac5"",""pyxel_snake"":""bc533fef92d1d358e570f69d979919fe5c1cd8c4da49841104b49a1e661a5ac3"",""space_rescue"":""f3b0ab6784ae558e64f06a3f0a704e53f107a130aa3d43357659d0850131e461""}",2f15aa30813a23b5ee54a70de81690aba1c4320e16fd137ae5cd82d494270599
1,75,formal-v1__colocation__daylight+pyxel_jump__r03,formal-v1,colocation-main,test,colocation,"[""daylight"",""pyxel_jump""]",daylight,"[""pyxel_jump""]",daylight+pyxel_jump,daylight+pyxel_jump__r03,,,3,4442143163570228282,10,30,1,10,windows-rtx4060,0,0,grid_2x2,true,84,a36b78d2998befbd10330adef8f5ab1f813a7a68144bd44a59f55bb779224525,608d817cd8d44787fc0ba4c2f2ee507f0b4c987f,data/raw/remaining-s30/formal-v1/formal-v1__colocation__daylight+pyxel_jump__r03,"{""daylight"":""games/pyxel/apps-src/30SecondsOfDaylight/src/main.py"",""pyxel_jump"":""games/pyxel/02_jump_game.py""}","{""daylight"":""21a365375249e9d7ea05e78dcfe040f09cc1f0c66bd410bae084190c743a028f"",""pyxel_jump"":""4743a825f1c9cae7e049ac52115f4ecf83350db546c00745a54af187d7bc2e46""}",e312de66f1a92842d2cb061f3c324d725827b32030fcbd0e4186b4b338ffa4c9
1,76,formal-v1__profile__pyxel_jump__memory_bandwidth__p025__r02,formal-v1,profile,not_applicable,pressure_profile,"[""pyxel_jump""]",pyxel_jump,[],,,memory_bandwidth,0.25,2,11298813833300652344,10,30,1,10,windows-rtx4060,0,0,grid_2x2,true,84,a36b78d2998befbd10330adef8f5ab1f813a7a68144bd44a59f55bb779224525,608d817cd8d44787fc0ba4c2f2ee507f0b4c987f,data/raw/remaining-s30/formal-v1/formal-v1__profile__pyxel_jump__memory_bandwidth__p025__r02,"{""pyxel_jump"":""games/pyxel/02_jump_game.py""}","{""pyxel_jump"":""4743a825f1c9cae7e049ac52115f4ecf83350db546c00745a54af187d7bc2e46""}",34f3993c38523c21868f507e2b98ef3305074c2b19f62b9cc8c9d96b88f4a240
1,77,formal-v1__profile__pyxel_bubbles__cpu_compute__p100__r01,formal-v1,profile,not_applicable,pressure_profile,"[""pyxel_bubbles""]",pyxel_bubbles,[],,,cpu_compute,1,1,11831575209290221946,10,30,1,10,windows-rtx4060,0,0,grid_2x2,true,84,a36b78d2998befbd10330adef8f5ab1f813a7a68144bd44a59f55bb779224525,608d817cd8d44787fc0ba4c2f2ee507f0b4c987f,data/raw/remaining-s30/formal-v1/formal-v1__profile__pyxel_bubbles__cpu_compute__p100__r01,"{""pyxel_bubbles"":""games/pyxel/06_click_game.py""}","{""pyxel_bubbles"":""54c101e90bdaed839ac4c4284494530d5df37a5819a35f1e41eebb0b3da5d900""}",d462fcd8fc6ad6af172f7b0e0fe665a9092d3890d922d8743149c0d159d9d4c4
1,78,formal-v1__profile__pyxel_platformer__memory_bandwidth__p075__r02,formal-v1,profile,not_applicable,pressure_profile,"[""pyxel_platformer""]",pyxel_platformer,[],,,memory_bandwidth,0.75,2,2762682700356843623,10,30,1,10,windows-rtx4060,0,0,grid_2x2,true,84,a36b78d2998befbd10330adef8f5ab1f813a7a68144bd44a59f55bb779224525,608d817cd8d44787fc0ba4c2f2ee507f0b4c987f,data/raw/remaining-s30/formal-v1/formal-v1__profile__pyxel_platformer__memory_bandwidth__p075__r02,"{""pyxel_platformer"":""games/pyxel/10_platformer.py""}","{""pyxel_platformer"":""1b2c75b49dc9ab0254fb4b724682a4787868814a38d2f08920720dc5b6007ac5""}",1aadae285436560b3446202a9bc7d05e067b69069e4bae088f2c32ca016b9a48
1,79,formal-v1__profile__pyxel_bubbles__gpu_memory__p100__r01,formal-v1,profile,not_applicable,pressure_profile,"[""pyxel_bubbles""]",pyxel_bubbles,[],,,gpu_memory,1,1,13004370286349831699,10,30,1,10,windows-rtx4060,0,0,grid_2x2,true,84,a36b78d2998befbd10330adef8f5ab1f813a7a68144bd44a59f55bb779224525,608d817cd8d44787fc0ba4c2f2ee507f0b4c987f,data/raw/remaining-s30/formal-v1/formal-v1__profile__pyxel_bubbles__gpu_memory__p100__r01,"{""pyxel_bubbles"":""games/pyxel/06_click_game.py""}","{""pyxel_bubbles"":""54c101e90bdaed839ac4c4284494530d5df37a5819a35f1e41eebb0b3da5d900""}",916d9a3a05dab571f5d7071df1737ddc564fec31585fb5122af5c414b310acee
1,80,formal-v1__profile__pyxel_snake__gpu_memory__p050__r02,formal-v1,profile,not_applicable,pressure_profile,"[""pyxel_snake""]",pyxel_snake,[],,,gpu_memory,0.5,2,13839995820513001035,10,30,1,10,windows-rtx4060,0,0,grid_2x2,true,84,a36b78d2998befbd10330adef8f5ab1f813a7a68144bd44a59f55bb779224525,608d817cd8d44787fc0ba4c2f2ee507f0b4c987f,data/raw/remaining-s30/formal-v1/formal-v1__profile__pyxel_snake__gpu_memory__p050__r02,"{""pyxel_snake"":""games/pyxel/07_snake.py""}","{""pyxel_snake"":""bc533fef92d1d358e570f69d979919fe5c1cd8c4da49841104b49a1e661a5ac3""}",408308fcbf7295910fed75d73e9d26e977b1db20fa04d9a83b5565ea871c8aee
1,81,formal-v1__profile__space_rescue__gpu_memory__p025__r02,formal-v1,profile,not_applicable,pressure_profile,"[""space_rescue""]",space_rescue,[],,,gpu_memory,0.25,2,4541446456563490709,10,30,1,10,windows-rtx4060,0,0,grid_2x2,true,84,a36b78d2998befbd10330adef8f5ab1f813a7a68144bd44a59f55bb779224525,608d817cd8d44787fc0ba4c2f2ee507f0b4c987f,data/raw/remaining-s30/formal-v1/formal-v1__profile__space_rescue__gpu_memory__p025__r02,"{""space_rescue"":""games/pyxel/apps-src/space_rescue/space_rescue.py""}","{""space_rescue"":""f3b0ab6784ae558e64f06a3f0a704e53f107a130aa3d43357659d0850131e461""}",07af6485070c17fe26b32b550243339eb908e89253e5c5a2e6beb094bd6bbe93
1,82,formal-v1__profile__space_rescue__cpu_compute__p075__r01,formal-v1,profile,not_applicable,pressure_profile,"[""space_rescue""]",space_rescue,[],,,cpu_compute,0.75,1,7748755044565379590,10,30,1,10,windows-rtx4060,0,0,grid_2x2,true,84,a36b78d2998befbd10330adef8f5ab1f813a7a68144bd44a59f55bb779224525,608d817cd8d44787fc0ba4c2f2ee507f0b4c987f,data/raw/remaining-s30/formal-v1/formal-v1__profile__space_rescue__cpu_compute__p075__r01,"{""space_rescue"":""games/pyxel/apps-src/space_rescue/space_rescue.py""}","{""space_rescue"":""f3b0ab6784ae558e64f06a3f0a704e53f107a130aa3d43357659d0850131e461""}",9fd65db65b189631b92e2e96467016fdb77e7fabab5fef566e06c827a9f19380
1,83,formal-v1__profile__daylight__gpu_compute__p000__r03,formal-v1,profile,not_applicable,pressure_profile,"[""daylight""]",daylight,[],,,gpu_compute,0,3,14577273255851705639,10,30,1,10,windows-rtx4060,0,0,grid_2x2,true,84,a36b78d2998befbd10330adef8f5ab1f813a7a68144bd44a59f55bb779224525,608d817cd8d44787fc0ba4c2f2ee507f0b4c987f,data/raw/remaining-s30/formal-v1/formal-v1__profile__daylight__gpu_compute__p000__r03,"{""daylight"":""games/pyxel/apps-src/30SecondsOfDaylight/src/main.py""}","{""daylight"":""21a365375249e9d7ea05e78dcfe040f09cc1f0c66bd410bae084190c743a028f""}",d52e780ed7254c17827a544ec03e844d9271c20f2c9857c3f15bfd1cdf79f657
1,84,formal-v1__profile__daylight__cpu_compute__p000__r02,formal-v1,profile,not_applicable,pressure_profile,"[""daylight""]",daylight,[],,,cpu_compute,0,2,241441947802294358,10,30,1,10,windows-rtx4060,0,0,grid_2x2,true,84,a36b78d2998befbd10330adef8f5ab1f813a7a68144bd44a59f55bb779224525,608d817cd8d44787fc0ba4c2f2ee507f0b4c987f,data/raw/remaining-s30/formal-v1/formal-v1__profile__daylight__cpu_compute__p000__r02,"{""daylight"":""games/pyxel/apps-src/30SecondsOfDaylight/src/main.py""}","{""daylight"":""21a365375249e9d7ea05e78dcfe040f09cc1f0c66bd410bae084190c743a028f""}",2b472e9873615b301f1ad00e42e0248b3591c6c7c26a39262d590550d123568f
1,85,formal-v1__profile__mega_wing__cpu_compute__p075__r03,formal-v1,profile,not_applicable,pressure_profile,"[""mega_wing""]",mega_wing,[],,,cpu_compute,0.75,3,12024191461510072258,10,30,1,10,windows-rtx4060,0,0,grid_2x2,true,84,a36b78d2998befbd10330adef8f5ab1f813a7a68144bd44a59f55bb779224525,608d817cd8d44787fc0ba4c2f2ee507f0b4c987f,data/raw/remaining-s30/formal-v1/formal-v1__profile__mega_wing__cpu_compute__p075__r03,"{""mega_wing"":""games/pyxel/apps-src/mega_wing/mega_wing.py""}","{""mega_wing"":""86bad6c02a303806c58137503739241dc6b1e86695f7c0dbf672b5e1a1464e9f""}",d6c3505ac7ccd18b1852ca86336e85d1fe1db79805c32b61f266fc1ded7975a0
1,86,formal-v1__colocation__daylight+pyxel_shooter+pyxel_snake__r03,formal-v1,colocation-main,train,colocation,"[""daylight"",""pyxel_shooter"",""pyxel_snake""]",daylight,"[""pyxel_shooter"",""pyxel_snake""]",daylight+pyxel_shooter+pyxel_snake,daylight+pyxel_shooter+pyxel_snake__r03,,,3,3275937800275558484,10,30,1,10,windows-rtx4060,0,0,grid_2x2,true,84,a36b78d2998befbd10330adef8f5ab1f813a7a68144bd44a59f55bb779224525,608d817cd8d44787fc0ba4c2f2ee507f0b4c987f,data/raw/remaining-s30/formal-v1/formal-v1__colocation__daylight+pyxel_shooter+pyxel_snake__r03,"{""daylight"":""games/pyxel/apps-src/30SecondsOfDaylight/src/main.py"",""pyxel_shooter"":""games/pyxel/09_shooter.py"",""pyxel_snake"":""games/pyxel/07_snake.py""}","{""daylight"":""21a365375249e9d7ea05e78dcfe040f09cc1f0c66bd410bae084190c743a028f"",""pyxel_shooter"":""0f53e4156907eac41080a8f289e22c89365b3239517c754cf59a51af201d5563"",""pyxel_snake"":""bc533fef92d1d358e570f69d979919fe5c1cd8c4da49841104b49a1e661a5ac3""}",fd0bc939edf8407818c749a3345f780c133254eea4c361735ed83a2e5758111d
1,87,formal-v1__profile__pyxel_bubbles__cpu_compute__p075__r03,formal-v1,profile,not_applicable,pressure_profile,"[""pyxel_bubbles""]",pyxel_bubbles,[],,,cpu_compute,0.75,3,889363053334683799,10,30,1,10,windows-rtx4060,0,0,grid_2x2,true,84,a36b78d2998befbd10330adef8f5ab1f813a7a68144bd44a59f55bb779224525,608d817cd8d44787fc0ba4c2f2ee507f0b4c987f,data/raw/remaining-s30/formal-v1/formal-v1__profile__pyxel_bubbles__cpu_compute__p075__r03,"{""pyxel_bubbles"":""games/pyxel/06_click_game.py""}","{""pyxel_bubbles"":""54c101e90bdaed839ac4c4284494530d5df37a5819a35f1e41eebb0b3da5d900""}",a5bd9dea551ebea6f99b7ee3b60f4ebea2c5d4c00ca7888ceea90fe10d927ce6
1,88,formal-v1__colocation__pyxel_bubbles+pyxel_platformer+pyxel_shooter__r02,formal-v1,colocation-main,validation,colocation,"[""pyxel_bubbles"",""pyxel_platformer"",""pyxel_shooter""]",pyxel_bubbles,"[""pyxel_platformer"",""pyxel_shooter""]",pyxel_bubbles+pyxel_platformer+pyxel_shooter,pyxel_bubbles+pyxel_platformer+pyxel_shooter__r02,,,2,7247971371436558227,10,30,1,10,windows-rtx4060,0,0,grid_2x2,true,84,a36b78d2998befbd10330adef8f5ab1f813a7a68144bd44a59f55bb779224525,608d817cd8d44787fc0ba4c2f2ee507f0b4c987f,data/raw/remaining-s30/formal-v1/formal-v1__colocation__pyxel_bubbles+pyxel_platformer+pyxel_shooter__r02,"{""pyxel_bubbles"":""games/pyxel/06_click_game.py"",""pyxel_platformer"":""games/pyxel/10_platformer.py"",""pyxel_shooter"":""games/pyxel/09_shooter.py""}","{""pyxel_bubbles"":""54c101e90bdaed839ac4c4284494530d5df37a5819a35f1e41eebb0b3da5d900"",""pyxel_platformer"":""1b2c75b49dc9ab0254fb4b724682a4787868814a38d2f08920720dc5b6007ac5"",""pyxel_shooter"":""0f53e4156907eac41080a8f289e22c89365b3239517c754cf59a51af201d5563""}",c6d35762e2c7f72aadb3ecf003ae995811d79c5bacbf4c536bb282fc3d889d08
1,89,formal-v1__profile__pyxel_jump__gpu_compute__p100__r01,formal-v1,profile,not_applicable,pressure_profile,"[""pyxel_jump""]",pyxel_jump,[],,,gpu_compute,1,1,3371735578744062347,10,30,1,10,windows-rtx4060,0,0,grid_2x2,true,84,a36b78d2998befbd10330adef8f5ab1f813a7a68144bd44a59f55bb779224525,608d817cd8d44787fc0ba4c2f2ee507f0b4c987f,data/raw/remaining-s30/formal-v1/formal-v1__profile__pyxel_jump__gpu_compute__p100__r01,"{""pyxel_jump"":""games/pyxel/02_jump_game.py""}","{""pyxel_jump"":""4743a825f1c9cae7e049ac52115f4ecf83350db546c00745a54af187d7bc2e46""}",cdc6bfacfc917d09bc23cc706659b5ee870ab9c62cba88b3683424cfcfaafa2d
1,90,formal-v1__colocation__pyxel_jump+pyxel_snake__r03,formal-v1,colocation-main,validation,colocation,"[""pyxel_jump"",""pyxel_snake""]",pyxel_jump,"[""pyxel_snake""]",pyxel_jump+pyxel_snake,pyxel_jump+pyxel_snake__r03,,,3,669151184381926978,10,30,1,10,windows-rtx4060,0,0,grid_2x2,true,84,a36b78d2998befbd10330adef8f5ab1f813a7a68144bd44a59f55bb779224525,608d817cd8d44787fc0ba4c2f2ee507f0b4c987f,data/raw/remaining-s30/formal-v1/formal-v1__colocation__pyxel_jump+pyxel_snake__r03,"{""pyxel_jump"":""games/pyxel/02_jump_game.py"",""pyxel_snake"":""games/pyxel/07_snake.py""}","{""pyxel_jump"":""4743a825f1c9cae7e049ac52115f4ecf83350db546c00745a54af187d7bc2e46"",""pyxel_snake"":""bc533fef92d1d358e570f69d979919fe5c1cd8c4da49841104b49a1e661a5ac3""}",6f48ee2e6b4779143f15dd0ba0fbabbc31fc8b6808efc1e3102ca1ebd1744521
1,91,formal-v1__colocation__mega_wing+pyxel_platformer+pyxel_shooter__r03,formal-v1,colocation-main,test,colocation,"[""mega_wing"",""pyxel_platformer"",""pyxel_shooter""]",mega_wing,"[""pyxel_platformer"",""pyxel_shooter""]",mega_wing+pyxel_platformer+pyxel_shooter,mega_wing+pyxel_platformer+pyxel_shooter__r03,,,3,12612950904275602089,10,30,1,10,windows-rtx4060,0,0,grid_2x2,true,84,a36b78d2998befbd10330adef8f5ab1f813a7a68144bd44a59f55bb779224525,608d817cd8d44787fc0ba4c2f2ee507f0b4c987f,data/raw/remaining-s30/formal-v1/formal-v1__colocation__mega_wing+pyxel_platformer+pyxel_shooter__r03,"{""mega_wing"":""games/pyxel/apps-src/mega_wing/mega_wing.py"",""pyxel_platformer"":""games/pyxel/10_platformer.py"",""pyxel_shooter"":""games/pyxel/09_shooter.py""}","{""mega_wing"":""86bad6c02a303806c58137503739241dc6b1e86695f7c0dbf672b5e1a1464e9f"",""pyxel_platformer"":""1b2c75b49dc9ab0254fb4b724682a4787868814a38d2f08920720dc5b6007ac5"",""pyxel_shooter"":""0f53e4156907eac41080a8f289e22c89365b3239517c754cf59a51af201d5563""}",0e6bfa6019a9bc48a3bd089ed651fbd49392d458d973450f5a82bb7642f98079
1,92,formal-v1__colocation__pyxel_jump+pyxel_shooter+pyxel_snake__r03,formal-v1,colocation-main,train,colocation,"[""pyxel_jump"",""pyxel_shooter"",""pyxel_snake""]",pyxel_jump,"[""pyxel_shooter"",""pyxel_snake""]",pyxel_jump+pyxel_shooter+pyxel_snake,pyxel_jump+pyxel_shooter+pyxel_snake__r03,,,3,2843541963674284268,10,30,1,10,windows-rtx4060,0,0,grid_2x2,true,84,a36b78d2998befbd10330adef8f5ab1f813a7a68144bd44a59f55bb779224525,608d817cd8d44787fc0ba4c2f2ee507f0b4c987f,data/raw/remaining-s30/formal-v1/formal-v1__colocation__pyxel_jump+pyxel_shooter+pyxel_snake__r03,"{""pyxel_jump"":""games/pyxel/02_jump_game.py"",""pyxel_shooter"":""games/pyxel/09_shooter.py"",""pyxel_snake"":""games/pyxel/07_snake.py""}","{""pyxel_jump"":""4743a825f1c9cae7e049ac52115f4ecf83350db546c00745a54af187d7bc2e46"",""pyxel_shooter"":""0f53e4156907eac41080a8f289e22c89365b3239517c754cf59a51af201d5563"",""pyxel_snake"":""bc533fef92d1d358e570f69d979919fe5c1cd8c4da49841104b49a1e661a5ac3""}",bee825f658cc00dc2e9dfd8ca4d12dbb6c3392eafa8f7d72da2e162c0e40c4be
1,93,formal-v1__profile__pyxel_bubbles__gpu_memory__p025__r01,formal-v1,profile,not_applicable,pressure_profile,"[""pyxel_bubbles""]",pyxel_bubbles,[],,,gpu_memory,0.25,1,3010822687310012633,10,30,1,10,windows-rtx4060,0,0,grid_2x2,true,84,a36b78d2998befbd10330adef8f5ab1f813a7a68144bd44a59f55bb779224525,608d817cd8d44787fc0ba4c2f2ee507f0b4c987f,data/raw/remaining-s30/formal-v1/formal-v1__profile__pyxel_bubbles__gpu_memory__p025__r01,"{""pyxel_bubbles"":""games/pyxel/06_click_game.py""}","{""pyxel_bubbles"":""54c101e90bdaed839ac4c4284494530d5df37a5819a35f1e41eebb0b3da5d900""}",9e99a7f41d7c0d5f5b12a30e2831f44564a72ead016bd816aaf339aa443f14fa
1,94,formal-v1__profile__pyxel_platformer__memory_bandwidth__p075__r03,formal-v1,profile,not_applicable,pressure_profile,"[""pyxel_platformer""]",pyxel_platformer,[],,,memory_bandwidth,0.75,3,1857958510345146456,10,30,1,10,windows-rtx4060,0,0,grid_2x2,true,84,a36b78d2998befbd10330adef8f5ab1f813a7a68144bd44a59f55bb779224525,608d817cd8d44787fc0ba4c2f2ee507f0b4c987f,data/raw/remaining-s30/formal-v1/formal-v1__profile__pyxel_platformer__memory_bandwidth__p075__r03,"{""pyxel_platformer"":""games/pyxel/10_platformer.py""}","{""pyxel_platformer"":""1b2c75b49dc9ab0254fb4b724682a4787868814a38d2f08920720dc5b6007ac5""}",520d2fa400febf346c82a4ab51bcb5d72d284a9b8bc91df69c0434e88b10afeb
1,95,formal-v1__profile__mega_wing__memory_bandwidth__p000__r02,formal-v1,profile,not_applicable,pressure_profile,"[""mega_wing""]",mega_wing,[],,,memory_bandwidth,0,2,16748466695473203100,10,30,1,10,windows-rtx4060,0,0,grid_2x2,true,84,a36b78d2998befbd10330adef8f5ab1f813a7a68144bd44a59f55bb779224525,608d817cd8d44787fc0ba4c2f2ee507f0b4c987f,data/raw/remaining-s30/formal-v1/formal-v1__profile__mega_wing__memory_bandwidth__p000__r02,"{""mega_wing"":""games/pyxel/apps-src/mega_wing/mega_wing.py""}","{""mega_wing"":""86bad6c02a303806c58137503739241dc6b1e86695f7c0dbf672b5e1a1464e9f""}",1d04fa7236612ed19f73c69f662d015f8155a030b1bf495f4af2d26d59a5fe75
1,96,formal-v1__profile__pyxel_bubbles__gpu_memory__p000__r02,formal-v1,profile,not_applicable,pressure_profile,"[""pyxel_bubbles""]",pyxel_bubbles,[],,,gpu_memory,0,2,8216479269195245272,10,30,1,10,windows-rtx4060,0,0,grid_2x2,true,84,a36b78d2998befbd10330adef8f5ab1f813a7a68144bd44a59f55bb779224525,608d817cd8d44787fc0ba4c2f2ee507f0b4c987f,data/raw/remaining-s30/formal-v1/formal-v1__profile__pyxel_bubbles__gpu_memory__p000__r02,"{""pyxel_bubbles"":""games/pyxel/06_click_game.py""}","{""pyxel_bubbles"":""54c101e90bdaed839ac4c4284494530d5df37a5819a35f1e41eebb0b3da5d900""}",4ffc5f70c67eaaca0473518fcf04a037727b30c77b5cb4cd9b98c3fdccf74870
1,97,formal-v1__profile__daylight__gpu_compute__p025__r01,formal-v1,profile,not_applicable,pressure_profile,"[""daylight""]",daylight,[],,,gpu_compute,0.25,1,7727057560543586817,10,30,1,10,windows-rtx4060,0,0,grid_2x2,true,84,a36b78d2998befbd10330adef8f5ab1f813a7a68144bd44a59f55bb779224525,608d817cd8d44787fc0ba4c2f2ee507f0b4c987f,data/raw/remaining-s30/formal-v1/formal-v1__profile__daylight__gpu_compute__p025__r01,"{""daylight"":""games/pyxel/apps-src/30SecondsOfDaylight/src/main.py""}","{""daylight"":""21a365375249e9d7ea05e78dcfe040f09cc1f0c66bd410bae084190c743a028f""}",5b114863cea1c6b07a70f0722718d124c949c2f57dbeda89bd274829bb45572d
1,98,formal-v1__profile__pyxel_snake__gpu_memory__p050__r01,formal-v1,profile,not_applicable,pressure_profile,"[""pyxel_snake""]",pyxel_snake,[],,,gpu_memory,0.5,1,7472862090844957153,10,30,1,10,windows-rtx4060,0,0,grid_2x2,true,84,a36b78d2998befbd10330adef8f5ab1f813a7a68144bd44a59f55bb779224525,608d817cd8d44787fc0ba4c2f2ee507f0b4c987f,data/raw/remaining-s30/formal-v1/formal-v1__profile__pyxel_snake__gpu_memory__p050__r01,"{""pyxel_snake"":""games/pyxel/07_snake.py""}","{""pyxel_snake"":""bc533fef92d1d358e570f69d979919fe5c1cd8c4da49841104b49a1e661a5ac3""}",219becb6ca5c414893ed2cd062ad1608bd477a71cef723a20ee2ecd58c19e32e
1,99,formal-v1__profile__daylight__gpu_memory__p025__r01,formal-v1,profile,not_applicable,pressure_profile,"[""daylight""]",daylight,[],,,gpu_memory,0.25,1,18181047094377291399,10,30,1,10,windows-rtx4060,0,0,grid_2x2,true,84,a36b78d2998befbd10330adef8f5ab1f813a7a68144bd44a59f55bb779224525,608d817cd8d44787fc0ba4c2f2ee507f0b4c987f,data/raw/remaining-s30/formal-v1/formal-v1__profile__daylight__gpu_memory__p025__r01,"{""daylight"":""games/pyxel/apps-src/30SecondsOfDaylight/src/main.py""}","{""daylight"":""21a365375249e9d7ea05e78dcfe040f09cc1f0c66bd410bae084190c743a028f""}",5c4b2d83ae8cca5a6a77f48ac5dc466332e64081600e395d4150d21ffb44b2fd
1,100,formal-v1__profile__space_rescue__memory_bandwidth__p050__r01,formal-v1,profile,not_applicable,pressure_profile,"[""space_rescue""]",space_rescue,[],,,memory_bandwidth,0.5,1,15915214356916952255,10,30,1,10,windows-rtx4060,0,0,grid_2x2,true,84,a36b78d2998befbd10330adef8f5ab1f813a7a68144bd44a59f55bb779224525,608d817cd8d44787fc0ba4c2f2ee507f0b4c987f,data/raw/remaining-s30/formal-v1/formal-v1__profile__space_rescue__memory_bandwidth__p050__r01,"{""space_rescue"":""games/pyxel/apps-src/space_rescue/space_rescue.py""}","{""space_rescue"":""f3b0ab6784ae558e64f06a3f0a704e53f107a130aa3d43357659d0850131e461""}",b1b249ca56ee4b6c58d0f826cfd456ef622f143c4219ef9b9ab9121ade3712eb
1,101,formal-v1__profile__pyxel_bubbles__gpu_compute__p075__r02,formal-v1,profile,not_applicable,pressure_profile,"[""pyxel_bubbles""]",pyxel_bubbles,[],,,gpu_compute,0.75,2,2080732550627211984,10,30,1,10,windows-rtx4060,0,0,grid_2x2,true,84,a36b78d2998befbd10330adef8f5ab1f813a7a68144bd44a59f55bb779224525,608d817cd8d44787fc0ba4c2f2ee507f0b4c987f,data/raw/remaining-s30/formal-v1/formal-v1__profile__pyxel_bubbles__gpu_compute__p075__r02,"{""pyxel_bubbles"":""games/pyxel/06_click_game.py""}","{""pyxel_bubbles"":""54c101e90bdaed839ac4c4284494530d5df37a5819a35f1e41eebb0b3da5d900""}",92bf41af12bf68891bcab265b9c24de3f7e2da48ec5612e4b6418084c79bb773
1,102,formal-v1__profile__space_rescue__gpu_compute__p025__r02,formal-v1,profile,not_applicable,pressure_profile,"[""space_rescue""]",space_rescue,[],,,gpu_compute,0.25,2,5193477929200372882,10,30,1,10,windows-rtx4060,0,0,grid_2x2,true,84,a36b78d2998befbd10330adef8f5ab1f813a7a68144bd44a59f55bb779224525,608d817cd8d44787fc0ba4c2f2ee507f0b4c987f,data/raw/remaining-s30/formal-v1/formal-v1__profile__space_rescue__gpu_compute__p025__r02,"{""space_rescue"":""games/pyxel/apps-src/space_rescue/space_rescue.py""}","{""space_rescue"":""f3b0ab6784ae558e64f06a3f0a704e53f107a130aa3d43357659d0850131e461""}",624dda0e29a61044d3e838559e616a6e1d0939604c1e7f618e09c61b59e8d6d0
1,103,formal-v1__profile__pyxel_platformer__cpu_compute__p000__r03,formal-v1,profile,not_applicable,pressure_profile,"[""pyxel_platformer""]",pyxel_platformer,[],,,cpu_compute,0,3,17679836067172318764,10,30,1,10,windows-rtx4060,0,0,grid_2x2,true,84,a36b78d2998befbd10330adef8f5ab1f813a7a68144bd44a59f55bb779224525,608d817cd8d44787fc0ba4c2f2ee507f0b4c987f,data/raw/remaining-s30/formal-v1/formal-v1__profile__pyxel_platformer__cpu_compute__p000__r03,"{""pyxel_platformer"":""games/pyxel/10_platformer.py""}","{""pyxel_platformer"":""1b2c75b49dc9ab0254fb4b724682a4787868814a38d2f08920720dc5b6007ac5""}",13423270557d9fa3489ff5b018360eecdc22edcc8aca710cd0e61c866cf0b75d
1,104,formal-v1__profile__pyxel_platformer__memory_bandwidth__p100__r03,formal-v1,profile,not_applicable,pressure_profile,"[""pyxel_platformer""]",pyxel_platformer,[],,,memory_bandwidth,1,3,3804307406830801512,10,30,1,10,windows-rtx4060,0,0,grid_2x2,true,84,a36b78d2998befbd10330adef8f5ab1f813a7a68144bd44a59f55bb779224525,608d817cd8d44787fc0ba4c2f2ee507f0b4c987f,data/raw/remaining-s30/formal-v1/formal-v1__profile__pyxel_platformer__memory_bandwidth__p100__r03,"{""pyxel_platformer"":""games/pyxel/10_platformer.py""}","{""pyxel_platformer"":""1b2c75b49dc9ab0254fb4b724682a4787868814a38d2f08920720dc5b6007ac5""}",d4cce46c8fa894d98005d79158e72aef2a30652d37ce622747643a9390f63b80
1,105,formal-v1__profile__pyxel_bubbles__cpu_compute__p100__r02,formal-v1,profile,not_applicable,pressure_profile,"[""pyxel_bubbles""]",pyxel_bubbles,[],,,cpu_compute,1,2,2171011691386828063,10,30,1,10,windows-rtx4060,0,0,grid_2x2,true,84,a36b78d2998befbd10330adef8f5ab1f813a7a68144bd44a59f55bb779224525,608d817cd8d44787fc0ba4c2f2ee507f0b4c987f,data/raw/remaining-s30/formal-v1/formal-v1__profile__pyxel_bubbles__cpu_compute__p100__r02,"{""pyxel_bubbles"":""games/pyxel/06_click_game.py""}","{""pyxel_bubbles"":""54c101e90bdaed839ac4c4284494530d5df37a5819a35f1e41eebb0b3da5d900""}",d144f617c6da3ab027418c8ff3b450a32b85be5bd402d0e180d4b2627cabc741
1,106,formal-v1__profile__pyxel_jump__memory_bandwidth__p100__r02,formal-v1,profile,not_applicable,pressure_profile,"[""pyxel_jump""]",pyxel_jump,[],,,memory_bandwidth,1,2,4526841369643719515,10,30,1,10,windows-rtx4060,0,0,grid_2x2,true,84,a36b78d2998befbd10330adef8f5ab1f813a7a68144bd44a59f55bb779224525,608d817cd8d44787fc0ba4c2f2ee507f0b4c987f,data/raw/remaining-s30/formal-v1/formal-v1__profile__pyxel_jump__memory_bandwidth__p100__r02,"{""pyxel_jump"":""games/pyxel/02_jump_game.py""}","{""pyxel_jump"":""4743a825f1c9cae7e049ac52115f4ecf83350db546c00745a54af187d7bc2e46""}",ff729fa48b1192b9a2c430ee5bc8f2e96bb77c66a7fd7ba37deaf0f26d76cdf3
1,107,formal-v1__profile__pyxel_jump__gpu_memory__p100__r03,formal-v1,profile,not_applicable,pressure_profile,"[""pyxel_jump""]",pyxel_jump,[],,,gpu_memory,1,3,10550415607703999974,10,30,1,10,windows-rtx4060,0,0,grid_2x2,true,84,a36b78d2998befbd10330adef8f5ab1f813a7a68144bd44a59f55bb779224525,608d817cd8d44787fc0ba4c2f2ee507f0b4c987f,data/raw/remaining-s30/formal-v1/formal-v1__profile__pyxel_jump__gpu_memory__p100__r03,"{""pyxel_jump"":""games/pyxel/02_jump_game.py""}","{""pyxel_jump"":""4743a825f1c9cae7e049ac52115f4ecf83350db546c00745a54af187d7bc2e46""}",6b5708c9ea585156a79abcfe0ca1504ef86b6eea00ab7f305f3067f7f4b71e9d
1,108,formal-v1__profile__pyxel_platformer__gpu_memory__p100__r03,formal-v1,profile,not_applicable,pressure_profile,"[""pyxel_platformer""]",pyxel_platformer,[],,,gpu_memory,1,3,7696464540062108993,10,30,1,10,windows-rtx4060,0,0,grid_2x2,true,84,a36b78d2998befbd10330adef8f5ab1f813a7a68144bd44a59f55bb779224525,608d817cd8d44787fc0ba4c2f2ee507f0b4c987f,data/raw/remaining-s30/formal-v1/formal-v1__profile__pyxel_platformer__gpu_memory__p100__r03,"{""pyxel_platformer"":""games/pyxel/10_platformer.py""}","{""pyxel_platformer"":""1b2c75b49dc9ab0254fb4b724682a4787868814a38d2f08920720dc5b6007ac5""}",306105acbe28d8f75e08b4d45b6052c22d4edbcafd74eca813dbd7af8ca78b8a
1,109,formal-v1__colocation__daylight+mega_wing+pyxel_shooter__r03,formal-v1,colocation-main,validation,colocation,"[""daylight"",""mega_wing"",""pyxel_shooter""]",daylight,"[""mega_wing"",""pyxel_shooter""]",daylight+mega_wing+pyxel_shooter,daylight+mega_wing+pyxel_shooter__r03,,,3,13312590361058943931,10,30,1,10,windows-rtx4060,0,0,grid_2x2,true,84,a36b78d2998befbd10330adef8f5ab1f813a7a68144bd44a59f55bb779224525,608d817cd8d44787fc0ba4c2f2ee507f0b4c987f,data/raw/remaining-s30/formal-v1/formal-v1__colocation__daylight+mega_wing+pyxel_shooter__r03,"{""daylight"":""games/pyxel/apps-src/30SecondsOfDaylight/src/main.py"",""mega_wing"":""games/pyxel/apps-src/mega_wing/mega_wing.py"",""pyxel_shooter"":""games/pyxel/09_shooter.py""}","{""daylight"":""21a365375249e9d7ea05e78dcfe040f09cc1f0c66bd410bae084190c743a028f"",""mega_wing"":""86bad6c02a303806c58137503739241dc6b1e86695f7c0dbf672b5e1a1464e9f"",""pyxel_shooter"":""0f53e4156907eac41080a8f289e22c89365b3239517c754cf59a51af201d5563""}",55f559ffa0e021cda44d35ac64166e356524c965d368144989f904b5bff9d03b
1,110,formal-v1__profile__space_rescue__memory_bandwidth__p100__r03,formal-v1,profile,not_applicable,pressure_profile,"[""space_rescue""]",space_rescue,[],,,memory_bandwidth,1,3,17181506969833333179,10,30,1,10,windows-rtx4060,0,0,grid_2x2,true,84,a36b78d2998befbd10330adef8f5ab1f813a7a68144bd44a59f55bb779224525,608d817cd8d44787fc0ba4c2f2ee507f0b4c987f,data/raw/remaining-s30/formal-v1/formal-v1__profile__space_rescue__memory_bandwidth__p100__r03,"{""space_rescue"":""games/pyxel/apps-src/space_rescue/space_rescue.py""}","{""space_rescue"":""f3b0ab6784ae558e64f06a3f0a704e53f107a130aa3d43357659d0850131e461""}",fdadaa994848c89c9b03191e551215225ed708bfbecc3deee75f828d01b706bf
1,111,formal-v1__profile__pyxel_snake__gpu_memory__p075__r01,formal-v1,profile,not_applicable,pressure_profile,"[""pyxel_snake""]",pyxel_snake,[],,,gpu_memory,0.75,1,805019496743078356,10,30,1,10,windows-rtx4060,0,0,grid_2x2,true,84,a36b78d2998befbd10330adef8f5ab1f813a7a68144bd44a59f55bb779224525,608d817cd8d44787fc0ba4c2f2ee507f0b4c987f,data/raw/remaining-s30/formal-v1/formal-v1__profile__pyxel_snake__gpu_memory__p075__r01,"{""pyxel_snake"":""games/pyxel/07_snake.py""}","{""pyxel_snake"":""bc533fef92d1d358e570f69d979919fe5c1cd8c4da49841104b49a1e661a5ac3""}",d8bff136d096193ad3cd2b46f7eb9a7b8f4539a20f7b7e6a53bca1393c710974
1,112,formal-v1__profile__pyxel_shooter__gpu_compute__p050__r02,formal-v1,profile,not_applicable,pressure_profile,"[""pyxel_shooter""]",pyxel_shooter,[],,,gpu_compute,0.5,2,419416930386546301,10,30,1,10,windows-rtx4060,0,0,grid_2x2,true,84,a36b78d2998befbd10330adef8f5ab1f813a7a68144bd44a59f55bb779224525,608d817cd8d44787fc0ba4c2f2ee507f0b4c987f,data/raw/remaining-s30/formal-v1/formal-v1__profile__pyxel_shooter__gpu_compute__p050__r02,"{""pyxel_shooter"":""games/pyxel/09_shooter.py""}","{""pyxel_shooter"":""0f53e4156907eac41080a8f289e22c89365b3239517c754cf59a51af201d5563""}",90bd26321e02253200f2b61e8f4a657134d56e66d03abaeaa342c5733acbcc63
1,113,formal-v1__profile__pyxel_shooter__cpu_compute__p075__r01,formal-v1,profile,not_applicable,pressure_profile,"[""pyxel_shooter""]",pyxel_shooter,[],,,cpu_compute,0.75,1,9849218443461692718,10,30,1,10,windows-rtx4060,0,0,grid_2x2,true,84,a36b78d2998befbd10330adef8f5ab1f813a7a68144bd44a59f55bb779224525,608d817cd8d44787fc0ba4c2f2ee507f0b4c987f,data/raw/remaining-s30/formal-v1/formal-v1__profile__pyxel_shooter__cpu_compute__p075__r01,"{""pyxel_shooter"":""games/pyxel/09_shooter.py""}","{""pyxel_shooter"":""0f53e4156907eac41080a8f289e22c89365b3239517c754cf59a51af201d5563""}",bbd177ca1cd78561c8768437013e6a00e16fb961770b0648e26e9b53ae9d906f
1,114,formal-v1__profile__pyxel_jump__gpu_compute__p000__r03,formal-v1,profile,not_applicable,pressure_profile,"[""pyxel_jump""]",pyxel_jump,[],,,gpu_compute,0,3,13311761209541628143,10,30,1,10,windows-rtx4060,0,0,grid_2x2,true,84,a36b78d2998befbd10330adef8f5ab1f813a7a68144bd44a59f55bb779224525,608d817cd8d44787fc0ba4c2f2ee507f0b4c987f,data/raw/remaining-s30/formal-v1/formal-v1__profile__pyxel_jump__gpu_compute__p000__r03,"{""pyxel_jump"":""games/pyxel/02_jump_game.py""}","{""pyxel_jump"":""4743a825f1c9cae7e049ac52115f4ecf83350db546c00745a54af187d7bc2e46""}",b937e1ad5cc9254922d0df5831e5153453e007ee511af401dee175b4af9f1cb7
1,115,formal-v1__extra__mega_wing+pyxel_bubbles+pyxel_platformer+pyxel_shooter__r02,formal-v1,colocation-extra-test,extra_test,extra_test,"[""mega_wing"",""pyxel_bubbles"",""pyxel_platformer"",""pyxel_shooter""]",mega_wing,"[""pyxel_bubbles"",""pyxel_platformer"",""pyxel_shooter""]",mega_wing+pyxel_bubbles+pyxel_platformer+pyxel_shooter,mega_wing+pyxel_bubbles+pyxel_platformer+pyxel_shooter__r02,,,2,704646156157745153,10,30,1,10,windows-rtx4060,0,0,grid_2x2,true,84,a36b78d2998befbd10330adef8f5ab1f813a7a68144bd44a59f55bb779224525,608d817cd8d44787fc0ba4c2f2ee507f0b4c987f,data/raw/remaining-s30/formal-v1/formal-v1__extra__mega_wing+pyxel_bubbles+pyxel_platformer+pyxel_shooter__r02,"{""mega_wing"":""games/pyxel/apps-src/mega_wing/mega_wing.py"",""pyxel_bubbles"":""games/pyxel/06_click_game.py"",""pyxel_platformer"":""games/pyxel/10_platformer.py"",""pyxel_shooter"":""games/pyxel/09_shooter.py""}","{""mega_wing"":""86bad6c02a303806c58137503739241dc6b1e86695f7c0dbf672b5e1a1464e9f"",""pyxel_bubbles"":""54c101e90bdaed839ac4c4284494530d5df37a5819a35f1e41eebb0b3da5d900"",""pyxel_platformer"":""1b2c75b49dc9ab0254fb4b724682a4787868814a38d2f08920720dc5b6007ac5"",""pyxel_shooter"":""0f53e4156907eac41080a8f289e22c89365b3239517c754cf59a51af201d5563""}",66416323cd5b38c8e8f34a68851b3abce62b2768d5b2891b67981c7e961004d8
1,116,formal-v1__profile__mega_wing__cpu_compute__p000__r03,formal-v1,profile,not_applicable,pressure_profile,"[""mega_wing""]",mega_wing,[],,,cpu_compute,0,3,10489553234839483832,10,30,1,10,windows-rtx4060,0,0,grid_2x2,true,84,a36b78d2998befbd10330adef8f5ab1f813a7a68144bd44a59f55bb779224525,608d817cd8d44787fc0ba4c2f2ee507f0b4c987f,data/raw/remaining-s30/formal-v1/formal-v1__profile__mega_wing__cpu_compute__p000__r03,"{""mega_wing"":""games/pyxel/apps-src/mega_wing/mega_wing.py""}","{""mega_wing"":""86bad6c02a303806c58137503739241dc6b1e86695f7c0dbf672b5e1a1464e9f""}",ecbbfcfe52af5e656b35e034d16c237cad97b0c8410de3e51c7e8f1ac66dff23
1,117,formal-v1__profile__mega_wing__memory_bandwidth__p000__r01,formal-v1,profile,not_applicable,pressure_profile,"[""mega_wing""]",mega_wing,[],,,memory_bandwidth,0,1,6962954145758470029,10,30,1,10,windows-rtx4060,0,0,grid_2x2,true,84,a36b78d2998befbd10330adef8f5ab1f813a7a68144bd44a59f55bb779224525,608d817cd8d44787fc0ba4c2f2ee507f0b4c987f,data/raw/remaining-s30/formal-v1/formal-v1__profile__mega_wing__memory_bandwidth__p000__r01,"{""mega_wing"":""games/pyxel/apps-src/mega_wing/mega_wing.py""}","{""mega_wing"":""86bad6c02a303806c58137503739241dc6b1e86695f7c0dbf672b5e1a1464e9f""}",a3ce72e130cf0996ceeaea48fe152ef485298babeb750f3420ad91dc52f40189
1,118,formal-v1__profile__pyxel_shooter__cpu_compute__p100__r02,formal-v1,profile,not_applicable,pressure_profile,"[""pyxel_shooter""]",pyxel_shooter,[],,,cpu_compute,1,2,1964262705927271843,10,30,1,10,windows-rtx4060,0,0,grid_2x2,true,84,a36b78d2998befbd10330adef8f5ab1f813a7a68144bd44a59f55bb779224525,608d817cd8d44787fc0ba4c2f2ee507f0b4c987f,data/raw/remaining-s30/formal-v1/formal-v1__profile__pyxel_shooter__cpu_compute__p100__r02,"{""pyxel_shooter"":""games/pyxel/09_shooter.py""}","{""pyxel_shooter"":""0f53e4156907eac41080a8f289e22c89365b3239517c754cf59a51af201d5563""}",0195d17b140c804fcaa642211b49e9bac5fa95d56d5c74cca18cbb3ace5beac7
1,119,formal-v1__profile__pyxel_snake__gpu_memory__p000__r01,formal-v1,profile,not_applicable,pressure_profile,"[""pyxel_snake""]",pyxel_snake,[],,,gpu_memory,0,1,419180579882746016,10,30,1,10,windows-rtx4060,0,0,grid_2x2,true,84,a36b78d2998befbd10330adef8f5ab1f813a7a68144bd44a59f55bb779224525,608d817cd8d44787fc0ba4c2f2ee507f0b4c987f,data/raw/remaining-s30/formal-v1/formal-v1__profile__pyxel_snake__gpu_memory__p000__r01,"{""pyxel_snake"":""games/pyxel/07_snake.py""}","{""pyxel_snake"":""bc533fef92d1d358e570f69d979919fe5c1cd8c4da49841104b49a1e661a5ac3""}",010664fea4eef1ab43ad64f4c52ed0987693850e9cd6e556ce7812bfabbc8cff
1,120,formal-v1__colocation__daylight+pyxel_jump+pyxel_shooter__r01,formal-v1,colocation-main,train,colocation,"[""daylight"",""pyxel_jump"",""pyxel_shooter""]",daylight,"[""pyxel_jump"",""pyxel_shooter""]",daylight+pyxel_jump+pyxel_shooter,daylight+pyxel_jump+pyxel_shooter__r01,,,1,1241517636271496513,10,30,1,10,windows-rtx4060,0,0,grid_2x2,true,84,a36b78d2998befbd10330adef8f5ab1f813a7a68144bd44a59f55bb779224525,608d817cd8d44787fc0ba4c2f2ee507f0b4c987f,data/raw/remaining-s30/formal-v1/formal-v1__colocation__daylight+pyxel_jump+pyxel_shooter__r01,"{""daylight"":""games/pyxel/apps-src/30SecondsOfDaylight/src/main.py"",""pyxel_jump"":""games/pyxel/02_jump_game.py"",""pyxel_shooter"":""games/pyxel/09_shooter.py""}","{""daylight"":""21a365375249e9d7ea05e78dcfe040f09cc1f0c66bd410bae084190c743a028f"",""pyxel_jump"":""4743a825f1c9cae7e049ac52115f4ecf83350db546c00745a54af187d7bc2e46"",""pyxel_shooter"":""0f53e4156907eac41080a8f289e22c89365b3239517c754cf59a51af201d5563""}",c4974a89e376e3d24cbff1e217cdc96134e7dcf4093fecba18ea3daf45256516
1,121,formal-v1__profile__space_rescue__gpu_compute__p050__r03,formal-v1,profile,not_applicable,pressure_profile,"[""space_rescue""]",space_rescue,[],,,gpu_compute,0.5,3,16865330936208072458,10,30,1,10,windows-rtx4060,0,0,grid_2x2,true,84,a36b78d2998befbd10330adef8f5ab1f813a7a68144bd44a59f55bb779224525,608d817cd8d44787fc0ba4c2f2ee507f0b4c987f,data/raw/remaining-s30/formal-v1/formal-v1__profile__space_rescue__gpu_compute__p050__r03,"{""space_rescue"":""games/pyxel/apps-src/space_rescue/space_rescue.py""}","{""space_rescue"":""f3b0ab6784ae558e64f06a3f0a704e53f107a130aa3d43357659d0850131e461""}",9153a56dbf9ef4524ae9f428e68e7a0f21780a5162a04a628de6d6aaa59690f2
1,122,formal-v1__profile__pyxel_bubbles__memory_bandwidth__p075__r03,formal-v1,profile,not_applicable,pressure_profile,"[""pyxel_bubbles""]",pyxel_bubbles,[],,,memory_bandwidth,0.75,3,15355475552925496380,10,30,1,10,windows-rtx4060,0,0,grid_2x2,true,84,a36b78d2998befbd10330adef8f5ab1f813a7a68144bd44a59f55bb779224525,608d817cd8d44787fc0ba4c2f2ee507f0b4c987f,data/raw/remaining-s30/formal-v1/formal-v1__profile__pyxel_bubbles__memory_bandwidth__p075__r03,"{""pyxel_bubbles"":""games/pyxel/06_click_game.py""}","{""pyxel_bubbles"":""54c101e90bdaed839ac4c4284494530d5df37a5819a35f1e41eebb0b3da5d900""}",7d70019ae669b22220902b1807e8ae6ec2e0525424f1ece89ccf95b497f86b6f
1,123,formal-v1__profile__mega_wing__cpu_compute__p050__r03,formal-v1,profile,not_applicable,pressure_profile,"[""mega_wing""]",mega_wing,[],,,cpu_compute,0.5,3,6312199918978094460,10,30,1,10,windows-rtx4060,0,0,grid_2x2,true,84,a36b78d2998befbd10330adef8f5ab1f813a7a68144bd44a59f55bb779224525,608d817cd8d44787fc0ba4c2f2ee507f0b4c987f,data/raw/remaining-s30/formal-v1/formal-v1__profile__mega_wing__cpu_compute__p050__r03,"{""mega_wing"":""games/pyxel/apps-src/mega_wing/mega_wing.py""}","{""mega_wing"":""86bad6c02a303806c58137503739241dc6b1e86695f7c0dbf672b5e1a1464e9f""}",2bee3768bb432465bf5cde574113507c9d7118204d201a79253d6797e8b80273
1,124,formal-v1__colocation__pyxel_bubbles+pyxel_snake+space_rescue__r02,formal-v1,colocation-main,train,colocation,"[""pyxel_bubbles"",""pyxel_snake"",""space_rescue""]",pyxel_bubbles,"[""pyxel_snake"",""space_rescue""]",pyxel_bubbles+pyxel_snake+space_rescue,pyxel_bubbles+pyxel_snake+space_rescue__r02,,,2,843203424084328921,10,30,1,10,windows-rtx4060,0,0,grid_2x2,true,84,a36b78d2998befbd10330adef8f5ab1f813a7a68144bd44a59f55bb779224525,608d817cd8d44787fc0ba4c2f2ee507f0b4c987f,data/raw/remaining-s30/formal-v1/formal-v1__colocation__pyxel_bubbles+pyxel_snake+space_rescue__r02,"{""pyxel_bubbles"":""games/pyxel/06_click_game.py"",""pyxel_snake"":""games/pyxel/07_snake.py"",""space_rescue"":""games/pyxel/apps-src/space_rescue/space_rescue.py""}","{""pyxel_bubbles"":""54c101e90bdaed839ac4c4284494530d5df37a5819a35f1e41eebb0b3da5d900"",""pyxel_snake"":""bc533fef92d1d358e570f69d979919fe5c1cd8c4da49841104b49a1e661a5ac3"",""space_rescue"":""f3b0ab6784ae558e64f06a3f0a704e53f107a130aa3d43357659d0850131e461""}",80fd233c538a6de8bb606f007140715923c4661eddab4e28172682f16c770897
1,125,formal-v1__profile__pyxel_shooter__cpu_compute__p100__r03,formal-v1,profile,not_applicable,pressure_profile,"[""pyxel_shooter""]",pyxel_shooter,[],,,cpu_compute,1,3,9759321866444182268,10,30,1,10,windows-rtx4060,0,0,grid_2x2,true,84,a36b78d2998befbd10330adef8f5ab1f813a7a68144bd44a59f55bb779224525,608d817cd8d44787fc0ba4c2f2ee507f0b4c987f,data/raw/remaining-s30/formal-v1/formal-v1__profile__pyxel_shooter__cpu_compute__p100__r03,"{""pyxel_shooter"":""games/pyxel/09_shooter.py""}","{""pyxel_shooter"":""0f53e4156907eac41080a8f289e22c89365b3239517c754cf59a51af201d5563""}",4ba3e55301a8493ba72edd972e1ca7c3c048124973c3ccb51bcaf059fa47dc04
1,126,formal-v1__profile__pyxel_snake__gpu_memory__p075__r03,formal-v1,profile,not_applicable,pressure_profile,"[""pyxel_snake""]",pyxel_snake,[],,,gpu_memory,0.75,3,1970314320304426401,10,30,1,10,windows-rtx4060,0,0,grid_2x2,true,84,a36b78d2998befbd10330adef8f5ab1f813a7a68144bd44a59f55bb779224525,608d817cd8d44787fc0ba4c2f2ee507f0b4c987f,data/raw/remaining-s30/formal-v1/formal-v1__profile__pyxel_snake__gpu_memory__p075__r03,"{""pyxel_snake"":""games/pyxel/07_snake.py""}","{""pyxel_snake"":""bc533fef92d1d358e570f69d979919fe5c1cd8c4da49841104b49a1e661a5ac3""}",a9b0609576e41a757c1014bf2910d5c7114a40054f1571548e757d89d45cf3ad
1,127,formal-v1__profile__pyxel_snake__cpu_compute__p000__r03,formal-v1,profile,not_applicable,pressure_profile,"[""pyxel_snake""]",pyxel_snake,[],,,cpu_compute,0,3,3712196662749753045,10,30,1,10,windows-rtx4060,0,0,grid_2x2,true,84,a36b78d2998befbd10330adef8f5ab1f813a7a68144bd44a59f55bb779224525,608d817cd8d44787fc0ba4c2f2ee507f0b4c987f,data/raw/remaining-s30/formal-v1/formal-v1__profile__pyxel_snake__cpu_compute__p000__r03,"{""pyxel_snake"":""games/pyxel/07_snake.py""}","{""pyxel_snake"":""bc533fef92d1d358e570f69d979919fe5c1cd8c4da49841104b49a1e661a5ac3""}",d5869d675839523ece5bfb7ff54fae57be7ce32b88e9dd9f62ff4d05f9ebefe2
1,128,formal-v1__profile__daylight__cpu_compute__p075__r01,formal-v1,profile,not_applicable,pressure_profile,"[""daylight""]",daylight,[],,,cpu_compute,0.75,1,8631041996973619436,10,30,1,10,windows-rtx4060,0,0,grid_2x2,true,84,a36b78d2998befbd10330adef8f5ab1f813a7a68144bd44a59f55bb779224525,608d817cd8d44787fc0ba4c2f2ee507f0b4c987f,data/raw/remaining-s30/formal-v1/formal-v1__profile__daylight__cpu_compute__p075__r01,"{""daylight"":""games/pyxel/apps-src/30SecondsOfDaylight/src/main.py""}","{""daylight"":""21a365375249e9d7ea05e78dcfe040f09cc1f0c66bd410bae084190c743a028f""}",6a06443931f7150a845ee8dd6863d660fc7aabe7d768d134f429d4707bb5e227
1,129,formal-v1__profile__pyxel_platformer__gpu_compute__p025__r01,formal-v1,profile,not_applicable,pressure_profile,"[""pyxel_platformer""]",pyxel_platformer,[],,,gpu_compute,0.25,1,7844644472696467463,10,30,1,10,windows-rtx4060,0,0,grid_2x2,true,84,a36b78d2998befbd10330adef8f5ab1f813a7a68144bd44a59f55bb779224525,608d817cd8d44787fc0ba4c2f2ee507f0b4c987f,data/raw/remaining-s30/formal-v1/formal-v1__profile__pyxel_platformer__gpu_compute__p025__r01,"{""pyxel_platformer"":""games/pyxel/10_platformer.py""}","{""pyxel_platformer"":""1b2c75b49dc9ab0254fb4b724682a4787868814a38d2f08920720dc5b6007ac5""}",11626e94279d4023f6cb9bce5ee40f4f28bc73e42efe9dcd6bea2af8196b882d
1,130,formal-v1__solo__daylight__r02,formal-v1,solo,not_applicable,solo,"[""daylight""]",daylight,[],,,,,2,16533069033604845672,10,30,1,10,windows-rtx4060,0,0,grid_2x2,true,84,a36b78d2998befbd10330adef8f5ab1f813a7a68144bd44a59f55bb779224525,608d817cd8d44787fc0ba4c2f2ee507f0b4c987f,data/raw/remaining-s30/formal-v1/formal-v1__solo__daylight__r02,"{""daylight"":""games/pyxel/apps-src/30SecondsOfDaylight/src/main.py""}","{""daylight"":""21a365375249e9d7ea05e78dcfe040f09cc1f0c66bd410bae084190c743a028f""}",50dc6af8723c15dd06b4e81287a75cfe2828d14b204af3718502cc51f9887f7d
1,131,formal-v1__profile__space_rescue__gpu_compute__p100__r03,formal-v1,profile,not_applicable,pressure_profile,"[""space_rescue""]",space_rescue,[],,,gpu_compute,1,3,5457333279299760245,10,30,1,10,windows-rtx4060,0,0,grid_2x2,true,84,a36b78d2998befbd10330adef8f5ab1f813a7a68144bd44a59f55bb779224525,608d817cd8d44787fc0ba4c2f2ee507f0b4c987f,data/raw/remaining-s30/formal-v1/formal-v1__profile__space_rescue__gpu_compute__p100__r03,"{""space_rescue"":""games/pyxel/apps-src/space_rescue/space_rescue.py""}","{""space_rescue"":""f3b0ab6784ae558e64f06a3f0a704e53f107a130aa3d43357659d0850131e461""}",05ecdedcb9c57d128602547d23f3af07e617b4b669ee04aed7c4e900fdc45043
1,132,formal-v1__colocation__daylight+pyxel_jump+pyxel_shooter__r03,formal-v1,colocation-main,train,colocation,"[""daylight"",""pyxel_jump"",""pyxel_shooter""]",daylight,"[""pyxel_jump"",""pyxel_shooter""]",daylight+pyxel_jump+pyxel_shooter,daylight+pyxel_jump+pyxel_shooter__r03,,,3,9575953382854801708,10,30,1,10,windows-rtx4060,0,0,grid_2x2,true,84,a36b78d2998befbd10330adef8f5ab1f813a7a68144bd44a59f55bb779224525,608d817cd8d44787fc0ba4c2f2ee507f0b4c987f,data/raw/remaining-s30/formal-v1/formal-v1__colocation__daylight+pyxel_jump+pyxel_shooter__r03,"{""daylight"":""games/pyxel/apps-src/30SecondsOfDaylight/src/main.py"",""pyxel_jump"":""games/pyxel/02_jump_game.py"",""pyxel_shooter"":""games/pyxel/09_shooter.py""}","{""daylight"":""21a365375249e9d7ea05e78dcfe040f09cc1f0c66bd410bae084190c743a028f"",""pyxel_jump"":""4743a825f1c9cae7e049ac52115f4ecf83350db546c00745a54af187d7bc2e46"",""pyxel_shooter"":""0f53e4156907eac41080a8f289e22c89365b3239517c754cf59a51af201d5563""}",2ba5c1959ed9dbec6670919e8a00bacbcb42dbbddd7f000bb67e2addc9bc5aed
1,133,formal-v1__profile__pyxel_snake__gpu_memory__p100__r02,formal-v1,profile,not_applicable,pressure_profile,"[""pyxel_snake""]",pyxel_snake,[],,,gpu_memory,1,2,9382385406287346408,10,30,1,10,windows-rtx4060,0,0,grid_2x2,true,84,a36b78d2998befbd10330adef8f5ab1f813a7a68144bd44a59f55bb779224525,608d817cd8d44787fc0ba4c2f2ee507f0b4c987f,data/raw/remaining-s30/formal-v1/formal-v1__profile__pyxel_snake__gpu_memory__p100__r02,"{""pyxel_snake"":""games/pyxel/07_snake.py""}","{""pyxel_snake"":""bc533fef92d1d358e570f69d979919fe5c1cd8c4da49841104b49a1e661a5ac3""}",93e64aa499e1e65c8ceeff01227cdedb69c59ca2cfdcbd740c007e7a0c749613
1,134,formal-v1__extra__pyxel_bubbles+pyxel_jump+pyxel_shooter+pyxel_snake__r03,formal-v1,colocation-extra-test,extra_test,extra_test,"[""pyxel_bubbles"",""pyxel_jump"",""pyxel_shooter"",""pyxel_snake""]",pyxel_bubbles,"[""pyxel_jump"",""pyxel_shooter"",""pyxel_snake""]",pyxel_bubbles+pyxel_jump+pyxel_shooter+pyxel_snake,pyxel_bubbles+pyxel_jump+pyxel_shooter+pyxel_snake__r03,,,3,9007439181799404875,10,30,1,10,windows-rtx4060,0,0,grid_2x2,true,84,a36b78d2998befbd10330adef8f5ab1f813a7a68144bd44a59f55bb779224525,608d817cd8d44787fc0ba4c2f2ee507f0b4c987f,data/raw/remaining-s30/formal-v1/formal-v1__extra__pyxel_bubbles+pyxel_jump+pyxel_shooter+pyxel_snake__r03,"{""pyxel_bubbles"":""games/pyxel/06_click_game.py"",""pyxel_jump"":""games/pyxel/02_jump_game.py"",""pyxel_shooter"":""games/pyxel/09_shooter.py"",""pyxel_snake"":""games/pyxel/07_snake.py""}","{""pyxel_bubbles"":""54c101e90bdaed839ac4c4284494530d5df37a5819a35f1e41eebb0b3da5d900"",""pyxel_jump"":""4743a825f1c9cae7e049ac52115f4ecf83350db546c00745a54af187d7bc2e46"",""pyxel_shooter"":""0f53e4156907eac41080a8f289e22c89365b3239517c754cf59a51af201d5563"",""pyxel_snake"":""bc533fef92d1d358e570f69d979919fe5c1cd8c4da49841104b49a1e661a5ac3""}",abab4b52a428b65fd070419d685670247811e3c9f8889db0691ab047268ad7c2
1,135,formal-v1__profile__space_rescue__gpu_memory__p075__r02,formal-v1,profile,not_applicable,pressure_profile,"[""space_rescue""]",space_rescue,[],,,gpu_memory,0.75,2,15603051225617913125,10,30,1,10,windows-rtx4060,0,0,grid_2x2,true,84,a36b78d2998befbd10330adef8f5ab1f813a7a68144bd44a59f55bb779224525,608d817cd8d44787fc0ba4c2f2ee507f0b4c987f,data/raw/remaining-s30/formal-v1/formal-v1__profile__space_rescue__gpu_memory__p075__r02,"{""space_rescue"":""games/pyxel/apps-src/space_rescue/space_rescue.py""}","{""space_rescue"":""f3b0ab6784ae558e64f06a3f0a704e53f107a130aa3d43357659d0850131e461""}",374f2beb80b58b99f5acb41e12f3f445b213515628c9f3887089758e9d698d1a
1,136,formal-v1__extra__daylight+mega_wing+pyxel_bubbles+pyxel_snake__r03,formal-v1,colocation-extra-test,extra_test,extra_test,"[""daylight"",""mega_wing"",""pyxel_bubbles"",""pyxel_snake""]",daylight,"[""mega_wing"",""pyxel_bubbles"",""pyxel_snake""]",daylight+mega_wing+pyxel_bubbles+pyxel_snake,daylight+mega_wing+pyxel_bubbles+pyxel_snake__r03,,,3,8849750027729184624,10,30,1,10,windows-rtx4060,0,0,grid_2x2,true,84,a36b78d2998befbd10330adef8f5ab1f813a7a68144bd44a59f55bb779224525,608d817cd8d44787fc0ba4c2f2ee507f0b4c987f,data/raw/remaining-s30/formal-v1/formal-v1__extra__daylight+mega_wing+pyxel_bubbles+pyxel_snake__r03,"{""daylight"":""games/pyxel/apps-src/30SecondsOfDaylight/src/main.py"",""mega_wing"":""games/pyxel/apps-src/mega_wing/mega_wing.py"",""pyxel_bubbles"":""games/pyxel/06_click_game.py"",""pyxel_snake"":""games/pyxel/07_snake.py""}","{""daylight"":""21a365375249e9d7ea05e78dcfe040f09cc1f0c66bd410bae084190c743a028f"",""mega_wing"":""86bad6c02a303806c58137503739241dc6b1e86695f7c0dbf672b5e1a1464e9f"",""pyxel_bubbles"":""54c101e90bdaed839ac4c4284494530d5df37a5819a35f1e41eebb0b3da5d900"",""pyxel_snake"":""bc533fef92d1d358e570f69d979919fe5c1cd8c4da49841104b49a1e661a5ac3""}",16e47b11a14abe2845c473b21afc1a647367b3416806a73afb72df739f91b9ec
1,137,formal-v1__colocation__pyxel_bubbles+pyxel_jump__r03,formal-v1,colocation-main,train,colocation,"[""pyxel_bubbles"",""pyxel_jump""]",pyxel_bubbles,"[""pyxel_jump""]",pyxel_bubbles+pyxel_jump,pyxel_bubbles+pyxel_jump__r03,,,3,15951009516146925294,10,30,1,10,windows-rtx4060,0,0,grid_2x2,true,84,a36b78d2998befbd10330adef8f5ab1f813a7a68144bd44a59f55bb779224525,608d817cd8d44787fc0ba4c2f2ee507f0b4c987f,data/raw/remaining-s30/formal-v1/formal-v1__colocation__pyxel_bubbles+pyxel_jump__r03,"{""pyxel_bubbles"":""games/pyxel/06_click_game.py"",""pyxel_jump"":""games/pyxel/02_jump_game.py""}","{""pyxel_bubbles"":""54c101e90bdaed839ac4c4284494530d5df37a5819a35f1e41eebb0b3da5d900"",""pyxel_jump"":""4743a825f1c9cae7e049ac52115f4ecf83350db546c00745a54af187d7bc2e46""}",0a1724dc4b5019378a0aa066153ee1c710e1d75d1d9a343332f103acfe801383
1,138,formal-v1__profile__pyxel_snake__cpu_compute__p000__r01,formal-v1,profile,not_applicable,pressure_profile,"[""pyxel_snake""]",pyxel_snake,[],,,cpu_compute,0,1,11082123514019382106,10,30,1,10,windows-rtx4060,0,0,grid_2x2,true,84,a36b78d2998befbd10330adef8f5ab1f813a7a68144bd44a59f55bb779224525,608d817cd8d44787fc0ba4c2f2ee507f0b4c987f,data/raw/remaining-s30/formal-v1/formal-v1__profile__pyxel_snake__cpu_compute__p000__r01,"{""pyxel_snake"":""games/pyxel/07_snake.py""}","{""pyxel_snake"":""bc533fef92d1d358e570f69d979919fe5c1cd8c4da49841104b49a1e661a5ac3""}",e3254422ced8e6ac2b19f191e39d868461950dd64e184a8b54a3cb47d77b9c0b
1,139,formal-v1__colocation__pyxel_shooter+pyxel_snake__r02,formal-v1,colocation-main,train,colocation,"[""pyxel_shooter"",""pyxel_snake""]",pyxel_shooter,"[""pyxel_snake""]",pyxel_shooter+pyxel_snake,pyxel_shooter+pyxel_snake__r02,,,2,10785529920502355013,10,30,1,10,windows-rtx4060,0,0,grid_2x2,true,84,a36b78d2998befbd10330adef8f5ab1f813a7a68144bd44a59f55bb779224525,608d817cd8d44787fc0ba4c2f2ee507f0b4c987f,data/raw/remaining-s30/formal-v1/formal-v1__colocation__pyxel_shooter+pyxel_snake__r02,"{""pyxel_shooter"":""games/pyxel/09_shooter.py"",""pyxel_snake"":""games/pyxel/07_snake.py""}","{""pyxel_shooter"":""0f53e4156907eac41080a8f289e22c89365b3239517c754cf59a51af201d5563"",""pyxel_snake"":""bc533fef92d1d358e570f69d979919fe5c1cd8c4da49841104b49a1e661a5ac3""}",e1f23d2ce963b758790fe0ad16d9e856d7011b041b0249f8ce2cd8f0a909c675
1,140,formal-v1__profile__space_rescue__gpu_compute__p100__r02,formal-v1,profile,not_applicable,pressure_profile,"[""space_rescue""]",space_rescue,[],,,gpu_compute,1,2,16244701784464542081,10,30,1,10,windows-rtx4060,0,0,grid_2x2,true,84,a36b78d2998befbd10330adef8f5ab1f813a7a68144bd44a59f55bb779224525,608d817cd8d44787fc0ba4c2f2ee507f0b4c987f,data/raw/remaining-s30/formal-v1/formal-v1__profile__space_rescue__gpu_compute__p100__r02,"{""space_rescue"":""games/pyxel/apps-src/space_rescue/space_rescue.py""}","{""space_rescue"":""f3b0ab6784ae558e64f06a3f0a704e53f107a130aa3d43357659d0850131e461""}",3f840c081e4fb975d6f3aec1eb551443f4a8d9e44d1821baebd4c0634defb96d
1,141,formal-v1__profile__space_rescue__memory_bandwidth__p000__r01,formal-v1,profile,not_applicable,pressure_profile,"[""space_rescue""]",space_rescue,[],,,memory_bandwidth,0,1,12755157107996082770,10,30,1,10,windows-rtx4060,0,0,grid_2x2,true,84,a36b78d2998befbd10330adef8f5ab1f813a7a68144bd44a59f55bb779224525,608d817cd8d44787fc0ba4c2f2ee507f0b4c987f,data/raw/remaining-s30/formal-v1/formal-v1__profile__space_rescue__memory_bandwidth__p000__r01,"{""space_rescue"":""games/pyxel/apps-src/space_rescue/space_rescue.py""}","{""space_rescue"":""f3b0ab6784ae558e64f06a3f0a704e53f107a130aa3d43357659d0850131e461""}",c9bca9324a1b1c43cb73808ecff1874765a54b5c6030dec49ec622745587bac9
1,142,formal-v1__colocation__daylight+space_rescue__r01,formal-v1,colocation-main,test,colocation,"[""daylight"",""space_rescue""]",daylight,"[""space_rescue""]",daylight+space_rescue,daylight+space_rescue__r01,,,1,17465217366096432256,10,30,1,10,windows-rtx4060,0,0,grid_2x2,true,84,a36b78d2998befbd10330adef8f5ab1f813a7a68144bd44a59f55bb779224525,608d817cd8d44787fc0ba4c2f2ee507f0b4c987f,data/raw/remaining-s30/formal-v1/formal-v1__colocation__daylight+space_rescue__r01,"{""daylight"":""games/pyxel/apps-src/30SecondsOfDaylight/src/main.py"",""space_rescue"":""games/pyxel/apps-src/space_rescue/space_rescue.py""}","{""daylight"":""21a365375249e9d7ea05e78dcfe040f09cc1f0c66bd410bae084190c743a028f"",""space_rescue"":""f3b0ab6784ae558e64f06a3f0a704e53f107a130aa3d43357659d0850131e461""}",afcd90660dbe28bb217c36f229aace17c2ecdfbdab032b24e319f8a9fe450460
1,143,formal-v1__colocation__mega_wing+pyxel_jump+pyxel_platformer__r02,formal-v1,colocation-main,train,colocation,"[""mega_wing"",""pyxel_jump"",""pyxel_platformer""]",mega_wing,"[""pyxel_jump"",""pyxel_platformer""]",mega_wing+pyxel_jump+pyxel_platformer,mega_wing+pyxel_jump+pyxel_platformer__r02,,,2,7103667109493370920,10,30,1,10,windows-rtx4060,0,0,grid_2x2,true,84,a36b78d2998befbd10330adef8f5ab1f813a7a68144bd44a59f55bb779224525,608d817cd8d44787fc0ba4c2f2ee507f0b4c987f,data/raw/remaining-s30/formal-v1/formal-v1__colocation__mega_wing+pyxel_jump+pyxel_platformer__r02,"{""mega_wing"":""games/pyxel/apps-src/mega_wing/mega_wing.py"",""pyxel_jump"":""games/pyxel/02_jump_game.py"",""pyxel_platformer"":""games/pyxel/10_platformer.py""}","{""mega_wing"":""86bad6c02a303806c58137503739241dc6b1e86695f7c0dbf672b5e1a1464e9f"",""pyxel_jump"":""4743a825f1c9cae7e049ac52115f4ecf83350db546c00745a54af187d7bc2e46"",""pyxel_platformer"":""1b2c75b49dc9ab0254fb4b724682a4787868814a38d2f08920720dc5b6007ac5""}",6d4c39251989c2113fc8aab0f0ea0b1d87008589c99bb37102e7ce9759f71f40
1,144,formal-v1__colocation__daylight+pyxel_bubbles__r02,formal-v1,colocation-main,validation,colocation,"[""daylight"",""pyxel_bubbles""]",daylight,"[""pyxel_bubbles""]",daylight+pyxel_bubbles,daylight+pyxel_bubbles__r02,,,2,10777077298818543837,10,30,1,10,windows-rtx4060,0,0,grid_2x2,true,84,a36b78d2998befbd10330adef8f5ab1f813a7a68144bd44a59f55bb779224525,608d817cd8d44787fc0ba4c2f2ee507f0b4c987f,data/raw/remaining-s30/formal-v1/formal-v1__colocation__daylight+pyxel_bubbles__r02,"{""daylight"":""games/pyxel/apps-src/30SecondsOfDaylight/src/main.py"",""pyxel_bubbles"":""games/pyxel/06_click_game.py""}","{""daylight"":""21a365375249e9d7ea05e78dcfe040f09cc1f0c66bd410bae084190c743a028f"",""pyxel_bubbles"":""54c101e90bdaed839ac4c4284494530d5df37a5819a35f1e41eebb0b3da5d900""}",1ca41410147fffdb87f21850f184c4cb9fdcb28ae0743e9698822439b4cf1ad6
1,145,formal-v1__colocation__daylight+mega_wing__r03,formal-v1,colocation-main,test,colocation,"[""daylight"",""mega_wing""]",daylight,"[""mega_wing""]",daylight+mega_wing,daylight+mega_wing__r03,,,3,5803397515155226020,10,30,1,10,windows-rtx4060,0,0,grid_2x2,true,84,a36b78d2998befbd10330adef8f5ab1f813a7a68144bd44a59f55bb779224525,608d817cd8d44787fc0ba4c2f2ee507f0b4c987f,data/raw/remaining-s30/formal-v1/formal-v1__colocation__daylight+mega_wing__r03,"{""daylight"":""games/pyxel/apps-src/30SecondsOfDaylight/src/main.py"",""mega_wing"":""games/pyxel/apps-src/mega_wing/mega_wing.py""}","{""daylight"":""21a365375249e9d7ea05e78dcfe040f09cc1f0c66bd410bae084190c743a028f"",""mega_wing"":""86bad6c02a303806c58137503739241dc6b1e86695f7c0dbf672b5e1a1464e9f""}",d4f68cff68c6e301792fe817262c2884bc826a680903b334410197d2daedc655
1,146,formal-v1__profile__pyxel_platformer__memory_bandwidth__p050__r03,formal-v1,profile,not_applicable,pressure_profile,"[""pyxel_platformer""]",pyxel_platformer,[],,,memory_bandwidth,0.5,3,16595770546475230684,10,30,1,10,windows-rtx4060,0,0,grid_2x2,true,84,a36b78d2998befbd10330adef8f5ab1f813a7a68144bd44a59f55bb779224525,608d817cd8d44787fc0ba4c2f2ee507f0b4c987f,data/raw/remaining-s30/formal-v1/formal-v1__profile__pyxel_platformer__memory_bandwidth__p050__r03,"{""pyxel_platformer"":""games/pyxel/10_platformer.py""}","{""pyxel_platformer"":""1b2c75b49dc9ab0254fb4b724682a4787868814a38d2f08920720dc5b6007ac5""}",94ff7191ef75d16baa15b7b2f645d582dd8b98ae3df1e2c6cce4655bdcfbbef5
1,147,formal-v1__profile__mega_wing__cpu_compute__p075__r01,formal-v1,profile,not_applicable,pressure_profile,"[""mega_wing""]",mega_wing,[],,,cpu_compute,0.75,1,10901376405546973285,10,30,1,10,windows-rtx4060,0,0,grid_2x2,true,84,a36b78d2998befbd10330adef8f5ab1f813a7a68144bd44a59f55bb779224525,608d817cd8d44787fc0ba4c2f2ee507f0b4c987f,data/raw/remaining-s30/formal-v1/formal-v1__profile__mega_wing__cpu_compute__p075__r01,"{""mega_wing"":""games/pyxel/apps-src/mega_wing/mega_wing.py""}","{""mega_wing"":""86bad6c02a303806c58137503739241dc6b1e86695f7c0dbf672b5e1a1464e9f""}",7b0410cfcf665ad1bb1606babe168b3e1765f66dfaf45d48e0a0fe333b6014e7
1,148,formal-v1__profile__pyxel_jump__gpu_compute__p025__r01,formal-v1,profile,not_applicable,pressure_profile,"[""pyxel_jump""]",pyxel_jump,[],,,gpu_compute,0.25,1,1988451417430468348,10,30,1,10,windows-rtx4060,0,0,grid_2x2,true,84,a36b78d2998befbd10330adef8f5ab1f813a7a68144bd44a59f55bb779224525,608d817cd8d44787fc0ba4c2f2ee507f0b4c987f,data/raw/remaining-s30/formal-v1/formal-v1__profile__pyxel_jump__gpu_compute__p025__r01,"{""pyxel_jump"":""games/pyxel/02_jump_game.py""}","{""pyxel_jump"":""4743a825f1c9cae7e049ac52115f4ecf83350db546c00745a54af187d7bc2e46""}",18d59bee804b2f2815fe30fc4c2ef9f7d9166e4f31f5e0c3d2d07752f74b363f
1,149,formal-v1__extra__daylight+pyxel_bubbles+pyxel_jump+pyxel_platformer__r03,formal-v1,colocation-extra-test,extra_test,extra_test,"[""daylight"",""pyxel_bubbles"",""pyxel_jump"",""pyxel_platformer""]",daylight,"[""pyxel_bubbles"",""pyxel_jump"",""pyxel_platformer""]",daylight+pyxel_bubbles+pyxel_jump+pyxel_platformer,daylight+pyxel_bubbles+pyxel_jump+pyxel_platformer__r03,,,3,11592946096852787606,10,30,1,10,windows-rtx4060,0,0,grid_2x2,true,84,a36b78d2998befbd10330adef8f5ab1f813a7a68144bd44a59f55bb779224525,608d817cd8d44787fc0ba4c2f2ee507f0b4c987f,data/raw/remaining-s30/formal-v1/formal-v1__extra__daylight+pyxel_bubbles+pyxel_jump+pyxel_platformer__r03,"{""daylight"":""games/pyxel/apps-src/30SecondsOfDaylight/src/main.py"",""pyxel_bubbles"":""games/pyxel/06_click_game.py"",""pyxel_jump"":""games/pyxel/02_jump_game.py"",""pyxel_platformer"":""games/pyxel/10_platformer.py""}","{""daylight"":""21a365375249e9d7ea05e78dcfe040f09cc1f0c66bd410bae084190c743a028f"",""pyxel_bubbles"":""54c101e90bdaed839ac4c4284494530d5df37a5819a35f1e41eebb0b3da5d900"",""pyxel_jump"":""4743a825f1c9cae7e049ac52115f4ecf83350db546c00745a54af187d7bc2e46"",""pyxel_platformer"":""1b2c75b49dc9ab0254fb4b724682a4787868814a38d2f08920720dc5b6007ac5""}",8a3550b920aa249b429de22978d01848a55b8e68f2e0acf953af8e3bc4e9f1b3
1,150,formal-v1__profile__daylight__cpu_compute__p050__r03,formal-v1,profile,not_applicable,pressure_profile,"[""daylight""]",daylight,[],,,cpu_compute,0.5,3,12387562896495085073,10,30,1,10,windows-rtx4060,0,0,grid_2x2,true,84,a36b78d2998befbd10330adef8f5ab1f813a7a68144bd44a59f55bb779224525,608d817cd8d44787fc0ba4c2f2ee507f0b4c987f,data/raw/remaining-s30/formal-v1/formal-v1__profile__daylight__cpu_compute__p050__r03,"{""daylight"":""games/pyxel/apps-src/30SecondsOfDaylight/src/main.py""}","{""daylight"":""21a365375249e9d7ea05e78dcfe040f09cc1f0c66bd410bae084190c743a028f""}",cd16b2f376fb64632561b3b484e571c97c4e5e17e226824e4975391d1cd02810
1,151,formal-v1__profile__daylight__memory_bandwidth__p075__r02,formal-v1,profile,not_applicable,pressure_profile,"[""daylight""]",daylight,[],,,memory_bandwidth,0.75,2,18177208471183568816,10,30,1,10,windows-rtx4060,0,0,grid_2x2,true,84,a36b78d2998befbd10330adef8f5ab1f813a7a68144bd44a59f55bb779224525,608d817cd8d44787fc0ba4c2f2ee507f0b4c987f,data/raw/remaining-s30/formal-v1/formal-v1__profile__daylight__memory_bandwidth__p075__r02,"{""daylight"":""games/pyxel/apps-src/30SecondsOfDaylight/src/main.py""}","{""daylight"":""21a365375249e9d7ea05e78dcfe040f09cc1f0c66bd410bae084190c743a028f""}",da42c6ffe15d2d3d5e1b10dff768951dc91ab24c80b850efb33ba9d6895bacc0
1,152,formal-v1__colocation__pyxel_bubbles+pyxel_shooter__r02,formal-v1,colocation-main,train,colocation,"[""pyxel_bubbles"",""pyxel_shooter""]",pyxel_bubbles,"[""pyxel_shooter""]",pyxel_bubbles+pyxel_shooter,pyxel_bubbles+pyxel_shooter__r02,,,2,9170896173043008947,10,30,1,10,windows-rtx4060,0,0,grid_2x2,true,84,a36b78d2998befbd10330adef8f5ab1f813a7a68144bd44a59f55bb779224525,608d817cd8d44787fc0ba4c2f2ee507f0b4c987f,data/raw/remaining-s30/formal-v1/formal-v1__colocation__pyxel_bubbles+pyxel_shooter__r02,"{""pyxel_bubbles"":""games/pyxel/06_click_game.py"",""pyxel_shooter"":""games/pyxel/09_shooter.py""}","{""pyxel_bubbles"":""54c101e90bdaed839ac4c4284494530d5df37a5819a35f1e41eebb0b3da5d900"",""pyxel_shooter"":""0f53e4156907eac41080a8f289e22c89365b3239517c754cf59a51af201d5563""}",be51622e861641efba0ff989a7616c86cd973a590be9e89cefe83e71c7493d60
1,153,formal-v1__colocation__pyxel_bubbles+pyxel_jump+pyxel_platformer__r02,formal-v1,colocation-main,train,colocation,"[""pyxel_bubbles"",""pyxel_jump"",""pyxel_platformer""]",pyxel_bubbles,"[""pyxel_jump"",""pyxel_platformer""]",pyxel_bubbles+pyxel_jump+pyxel_platformer,pyxel_bubbles+pyxel_jump+pyxel_platformer__r02,,,2,13936887509654102309,10,30,1,10,windows-rtx4060,0,0,grid_2x2,true,84,a36b78d2998befbd10330adef8f5ab1f813a7a68144bd44a59f55bb779224525,608d817cd8d44787fc0ba4c2f2ee507f0b4c987f,data/raw/remaining-s30/formal-v1/formal-v1__colocation__pyxel_bubbles+pyxel_jump+pyxel_platformer__r02,"{""pyxel_bubbles"":""games/pyxel/06_click_game.py"",""pyxel_jump"":""games/pyxel/02_jump_game.py"",""pyxel_platformer"":""games/pyxel/10_platformer.py""}","{""pyxel_bubbles"":""54c101e90bdaed839ac4c4284494530d5df37a5819a35f1e41eebb0b3da5d900"",""pyxel_jump"":""4743a825f1c9cae7e049ac52115f4ecf83350db546c00745a54af187d7bc2e46"",""pyxel_platformer"":""1b2c75b49dc9ab0254fb4b724682a4787868814a38d2f08920720dc5b6007ac5""}",33344de2de4d69b9dcf084052ea4a40a4d76bca8f7e53a59721f0ba0089cbbd6
1,154,formal-v1__profile__pyxel_shooter__memory_bandwidth__p025__r03,formal-v1,profile,not_applicable,pressure_profile,"[""pyxel_shooter""]",pyxel_shooter,[],,,memory_bandwidth,0.25,3,10914938351648052910,10,30,1,10,windows-rtx4060,0,0,grid_2x2,true,84,a36b78d2998befbd10330adef8f5ab1f813a7a68144bd44a59f55bb779224525,608d817cd8d44787fc0ba4c2f2ee507f0b4c987f,data/raw/remaining-s30/formal-v1/formal-v1__profile__pyxel_shooter__memory_bandwidth__p025__r03,"{""pyxel_shooter"":""games/pyxel/09_shooter.py""}","{""pyxel_shooter"":""0f53e4156907eac41080a8f289e22c89365b3239517c754cf59a51af201d5563""}",f777e396ada9c9e3c02d3448eeb0862722de10f08d2697aea7979143fc539b49
1,155,formal-v1__profile__pyxel_shooter__cpu_compute__p050__r01,formal-v1,profile,not_applicable,pressure_profile,"[""pyxel_shooter""]",pyxel_shooter,[],,,cpu_compute,0.5,1,9540729588012271024,10,30,1,10,windows-rtx4060,0,0,grid_2x2,true,84,a36b78d2998befbd10330adef8f5ab1f813a7a68144bd44a59f55bb779224525,608d817cd8d44787fc0ba4c2f2ee507f0b4c987f,data/raw/remaining-s30/formal-v1/formal-v1__profile__pyxel_shooter__cpu_compute__p050__r01,"{""pyxel_shooter"":""games/pyxel/09_shooter.py""}","{""pyxel_shooter"":""0f53e4156907eac41080a8f289e22c89365b3239517c754cf59a51af201d5563""}",da53556c5cae2a9d6a560925b8a5f807350018a0c4eef13e57fa8f337a33cf6e
1,156,formal-v1__colocation__mega_wing+pyxel_snake__r03,formal-v1,colocation-main,train,colocation,"[""mega_wing"",""pyxel_snake""]",mega_wing,"[""pyxel_snake""]",mega_wing+pyxel_snake,mega_wing+pyxel_snake__r03,,,3,16135326234349536714,10,30,1,10,windows-rtx4060,0,0,grid_2x2,true,84,a36b78d2998befbd10330adef8f5ab1f813a7a68144bd44a59f55bb779224525,608d817cd8d44787fc0ba4c2f2ee507f0b4c987f,data/raw/remaining-s30/formal-v1/formal-v1__colocation__mega_wing+pyxel_snake__r03,"{""mega_wing"":""games/pyxel/apps-src/mega_wing/mega_wing.py"",""pyxel_snake"":""games/pyxel/07_snake.py""}","{""mega_wing"":""86bad6c02a303806c58137503739241dc6b1e86695f7c0dbf672b5e1a1464e9f"",""pyxel_snake"":""bc533fef92d1d358e570f69d979919fe5c1cd8c4da49841104b49a1e661a5ac3""}",c6c15cddba03b5b75b3dc63841fe39e0f4c5b9a34b713a3a91cb7b420f8ab230
1,157,formal-v1__profile__pyxel_jump__gpu_memory__p075__r01,formal-v1,profile,not_applicable,pressure_profile,"[""pyxel_jump""]",pyxel_jump,[],,,gpu_memory,0.75,1,3173274254080950911,10,30,1,10,windows-rtx4060,0,0,grid_2x2,true,84,a36b78d2998befbd10330adef8f5ab1f813a7a68144bd44a59f55bb779224525,608d817cd8d44787fc0ba4c2f2ee507f0b4c987f,data/raw/remaining-s30/formal-v1/formal-v1__profile__pyxel_jump__gpu_memory__p075__r01,"{""pyxel_jump"":""games/pyxel/02_jump_game.py""}","{""pyxel_jump"":""4743a825f1c9cae7e049ac52115f4ecf83350db546c00745a54af187d7bc2e46""}",92e0c30987aaee38bdf54b56b96359752d98d551fa288bc3360328d7ef1a2823
1,158,formal-v1__profile__pyxel_jump__memory_bandwidth__p100__r03,formal-v1,profile,not_applicable,pressure_profile,"[""pyxel_jump""]",pyxel_jump,[],,,memory_bandwidth,1,3,17102201205914119896,10,30,1,10,windows-rtx4060,0,0,grid_2x2,true,84,a36b78d2998befbd10330adef8f5ab1f813a7a68144bd44a59f55bb779224525,608d817cd8d44787fc0ba4c2f2ee507f0b4c987f,data/raw/remaining-s30/formal-v1/formal-v1__profile__pyxel_jump__memory_bandwidth__p100__r03,"{""pyxel_jump"":""games/pyxel/02_jump_game.py""}","{""pyxel_jump"":""4743a825f1c9cae7e049ac52115f4ecf83350db546c00745a54af187d7bc2e46""}",4b0e3c784faa95f8387edbd017797086e919ddfc580216432129bcca154ee31e
1,159,formal-v1__profile__pyxel_bubbles__gpu_memory__p000__r03,formal-v1,profile,not_applicable,pressure_profile,"[""pyxel_bubbles""]",pyxel_bubbles,[],,,gpu_memory,0,3,7908895358817579506,10,30,1,10,windows-rtx4060,0,0,grid_2x2,true,84,a36b78d2998befbd10330adef8f5ab1f813a7a68144bd44a59f55bb779224525,608d817cd8d44787fc0ba4c2f2ee507f0b4c987f,data/raw/remaining-s30/formal-v1/formal-v1__profile__pyxel_bubbles__gpu_memory__p000__r03,"{""pyxel_bubbles"":""games/pyxel/06_click_game.py""}","{""pyxel_bubbles"":""54c101e90bdaed839ac4c4284494530d5df37a5819a35f1e41eebb0b3da5d900""}",565e6992e6fe31253451fddb9380e5b0bccd7b99ed0cf986256cad6cc41a2522
1,160,formal-v1__colocation__pyxel_bubbles+pyxel_jump__r01,formal-v1,colocation-main,train,colocation,"[""pyxel_bubbles"",""pyxel_jump""]",pyxel_bubbles,"[""pyxel_jump""]",pyxel_bubbles+pyxel_jump,pyxel_bubbles+pyxel_jump__r01,,,1,15330020178810135891,10,30,1,10,windows-rtx4060,0,0,grid_2x2,true,84,a36b78d2998befbd10330adef8f5ab1f813a7a68144bd44a59f55bb779224525,608d817cd8d44787fc0ba4c2f2ee507f0b4c987f,data/raw/remaining-s30/formal-v1/formal-v1__colocation__pyxel_bubbles+pyxel_jump__r01,"{""pyxel_bubbles"":""games/pyxel/06_click_game.py"",""pyxel_jump"":""games/pyxel/02_jump_game.py""}","{""pyxel_bubbles"":""54c101e90bdaed839ac4c4284494530d5df37a5819a35f1e41eebb0b3da5d900"",""pyxel_jump"":""4743a825f1c9cae7e049ac52115f4ecf83350db546c00745a54af187d7bc2e46""}",5ab2840c71c0106ec2e43c0334931e419b37d207306d0263379b98f0b53ccf2e
1,161,formal-v1__colocation__mega_wing+pyxel_jump__r02,formal-v1,colocation-main,test,colocation,"[""mega_wing"",""pyxel_jump""]",mega_wing,"[""pyxel_jump""]",mega_wing+pyxel_jump,mega_wing+pyxel_jump__r02,,,2,7124216624875434605,10,30,1,10,windows-rtx4060,0,0,grid_2x2,true,84,a36b78d2998befbd10330adef8f5ab1f813a7a68144bd44a59f55bb779224525,608d817cd8d44787fc0ba4c2f2ee507f0b4c987f,data/raw/remaining-s30/formal-v1/formal-v1__colocation__mega_wing+pyxel_jump__r02,"{""mega_wing"":""games/pyxel/apps-src/mega_wing/mega_wing.py"",""pyxel_jump"":""games/pyxel/02_jump_game.py""}","{""mega_wing"":""86bad6c02a303806c58137503739241dc6b1e86695f7c0dbf672b5e1a1464e9f"",""pyxel_jump"":""4743a825f1c9cae7e049ac52115f4ecf83350db546c00745a54af187d7bc2e46""}",c684c7cdf96ed5b32a2bbd8ac4e03d1f80e86c0db5a34bab28a189ce43654117
1,162,formal-v1__profile__space_rescue__gpu_compute__p025__r01,formal-v1,profile,not_applicable,pressure_profile,"[""space_rescue""]",space_rescue,[],,,gpu_compute,0.25,1,10899986719269573177,10,30,1,10,windows-rtx4060,0,0,grid_2x2,true,84,a36b78d2998befbd10330adef8f5ab1f813a7a68144bd44a59f55bb779224525,608d817cd8d44787fc0ba4c2f2ee507f0b4c987f,data/raw/remaining-s30/formal-v1/formal-v1__profile__space_rescue__gpu_compute__p025__r01,"{""space_rescue"":""games/pyxel/apps-src/space_rescue/space_rescue.py""}","{""space_rescue"":""f3b0ab6784ae558e64f06a3f0a704e53f107a130aa3d43357659d0850131e461""}",eec71bd65ad457956ec9c9d938a5e3f43b201e3e1025195a5b32257979ce1923
1,163,formal-v1__extra__daylight+pyxel_platformer+pyxel_shooter+pyxel_snake__r02,formal-v1,colocation-extra-test,extra_test,extra_test,"[""daylight"",""pyxel_platformer"",""pyxel_shooter"",""pyxel_snake""]",daylight,"[""pyxel_platformer"",""pyxel_shooter"",""pyxel_snake""]",daylight+pyxel_platformer+pyxel_shooter+pyxel_snake,daylight+pyxel_platformer+pyxel_shooter+pyxel_snake__r02,,,2,3906944403983349564,10,30,1,10,windows-rtx4060,0,0,grid_2x2,true,84,a36b78d2998befbd10330adef8f5ab1f813a7a68144bd44a59f55bb779224525,608d817cd8d44787fc0ba4c2f2ee507f0b4c987f,data/raw/remaining-s30/formal-v1/formal-v1__extra__daylight+pyxel_platformer+pyxel_shooter+pyxel_snake__r02,"{""daylight"":""games/pyxel/apps-src/30SecondsOfDaylight/src/main.py"",""pyxel_platformer"":""games/pyxel/10_platformer.py"",""pyxel_shooter"":""games/pyxel/09_shooter.py"",""pyxel_snake"":""games/pyxel/07_snake.py""}","{""daylight"":""21a365375249e9d7ea05e78dcfe040f09cc1f0c66bd410bae084190c743a028f"",""pyxel_platformer"":""1b2c75b49dc9ab0254fb4b724682a4787868814a38d2f08920720dc5b6007ac5"",""pyxel_shooter"":""0f53e4156907eac41080a8f289e22c89365b3239517c754cf59a51af201d5563"",""pyxel_snake"":""bc533fef92d1d358e570f69d979919fe5c1cd8c4da49841104b49a1e661a5ac3""}",33d65fc497b60ea3a5b8d700f4be3ff1cd1f0ef245abc5cf79125857f6cc4c00
1,164,formal-v1__profile__pyxel_snake__cpu_compute__p100__r02,formal-v1,profile,not_applicable,pressure_profile,"[""pyxel_snake""]",pyxel_snake,[],,,cpu_compute,1,2,1006221223388191099,10,30,1,10,windows-rtx4060,0,0,grid_2x2,true,84,a36b78d2998befbd10330adef8f5ab1f813a7a68144bd44a59f55bb779224525,608d817cd8d44787fc0ba4c2f2ee507f0b4c987f,data/raw/remaining-s30/formal-v1/formal-v1__profile__pyxel_snake__cpu_compute__p100__r02,"{""pyxel_snake"":""games/pyxel/07_snake.py""}","{""pyxel_snake"":""bc533fef92d1d358e570f69d979919fe5c1cd8c4da49841104b49a1e661a5ac3""}",ebecf1f07a53c52bddc475b6d5ef190ec51624562a1a268174c86d39ed269acc
1,165,formal-v1__solo__space_rescue__r01,formal-v1,solo,not_applicable,solo,"[""space_rescue""]",space_rescue,[],,,,,1,9627262142379762492,10,30,1,10,windows-rtx4060,0,0,grid_2x2,true,84,a36b78d2998befbd10330adef8f5ab1f813a7a68144bd44a59f55bb779224525,608d817cd8d44787fc0ba4c2f2ee507f0b4c987f,data/raw/remaining-s30/formal-v1/formal-v1__solo__space_rescue__r01,"{""space_rescue"":""games/pyxel/apps-src/space_rescue/space_rescue.py""}","{""space_rescue"":""f3b0ab6784ae558e64f06a3f0a704e53f107a130aa3d43357659d0850131e461""}",9def96476961bad8e10cb1e3b0a62ce141d4ce19435ac877b6a18898ca6c4ae9
1,166,formal-v1__profile__mega_wing__gpu_memory__p000__r02,formal-v1,profile,not_applicable,pressure_profile,"[""mega_wing""]",mega_wing,[],,,gpu_memory,0,2,10152017411217384541,10,30,1,10,windows-rtx4060,0,0,grid_2x2,true,84,a36b78d2998befbd10330adef8f5ab1f813a7a68144bd44a59f55bb779224525,608d817cd8d44787fc0ba4c2f2ee507f0b4c987f,data/raw/remaining-s30/formal-v1/formal-v1__profile__mega_wing__gpu_memory__p000__r02,"{""mega_wing"":""games/pyxel/apps-src/mega_wing/mega_wing.py""}","{""mega_wing"":""86bad6c02a303806c58137503739241dc6b1e86695f7c0dbf672b5e1a1464e9f""}",a36e1844c72eb6ec36d847726c696a0fc9b1125e63430aac0fd7a3d5970d4f97
1,167,formal-v1__profile__mega_wing__gpu_memory__p075__r02,formal-v1,profile,not_applicable,pressure_profile,"[""mega_wing""]",mega_wing,[],,,gpu_memory,0.75,2,4689379826498242451,10,30,1,10,windows-rtx4060,0,0,grid_2x2,true,84,a36b78d2998befbd10330adef8f5ab1f813a7a68144bd44a59f55bb779224525,608d817cd8d44787fc0ba4c2f2ee507f0b4c987f,data/raw/remaining-s30/formal-v1/formal-v1__profile__mega_wing__gpu_memory__p075__r02,"{""mega_wing"":""games/pyxel/apps-src/mega_wing/mega_wing.py""}","{""mega_wing"":""86bad6c02a303806c58137503739241dc6b1e86695f7c0dbf672b5e1a1464e9f""}",516a913e78645fe42a6dacfbeab041c85109676e64a98dbb39f1552acc57a145
1,168,formal-v1__profile__pyxel_snake__gpu_memory__p100__r01,formal-v1,profile,not_applicable,pressure_profile,"[""pyxel_snake""]",pyxel_snake,[],,,gpu_memory,1,1,2048519632776316076,10,30,1,10,windows-rtx4060,0,0,grid_2x2,true,84,a36b78d2998befbd10330adef8f5ab1f813a7a68144bd44a59f55bb779224525,608d817cd8d44787fc0ba4c2f2ee507f0b4c987f,data/raw/remaining-s30/formal-v1/formal-v1__profile__pyxel_snake__gpu_memory__p100__r01,"{""pyxel_snake"":""games/pyxel/07_snake.py""}","{""pyxel_snake"":""bc533fef92d1d358e570f69d979919fe5c1cd8c4da49841104b49a1e661a5ac3""}",4442bc5b901916419c5402d01e1997c11dd9715f0989bb8d4ada02434fd3bdc6
1,169,formal-v1__profile__pyxel_snake__memory_bandwidth__p000__r03,formal-v1,profile,not_applicable,pressure_profile,"[""pyxel_snake""]",pyxel_snake,[],,,memory_bandwidth,0,3,2310337829688302160,10,30,1,10,windows-rtx4060,0,0,grid_2x2,true,84,a36b78d2998befbd10330adef8f5ab1f813a7a68144bd44a59f55bb779224525,608d817cd8d44787fc0ba4c2f2ee507f0b4c987f,data/raw/remaining-s30/formal-v1/formal-v1__profile__pyxel_snake__memory_bandwidth__p000__r03,"{""pyxel_snake"":""games/pyxel/07_snake.py""}","{""pyxel_snake"":""bc533fef92d1d358e570f69d979919fe5c1cd8c4da49841104b49a1e661a5ac3""}",70f579cec37a65932d492271421e34bfede3de7c2a6f0b73fe793275b39a2e9f
1,170,formal-v1__profile__daylight__gpu_memory__p050__r03,formal-v1,profile,not_applicable,pressure_profile,"[""daylight""]",daylight,[],,,gpu_memory,0.5,3,12782030619821350609,10,30,1,10,windows-rtx4060,0,0,grid_2x2,true,84,a36b78d2998befbd10330adef8f5ab1f813a7a68144bd44a59f55bb779224525,608d817cd8d44787fc0ba4c2f2ee507f0b4c987f,data/raw/remaining-s30/formal-v1/formal-v1__profile__daylight__gpu_memory__p050__r03,"{""daylight"":""games/pyxel/apps-src/30SecondsOfDaylight/src/main.py""}","{""daylight"":""21a365375249e9d7ea05e78dcfe040f09cc1f0c66bd410bae084190c743a028f""}",5fc52cec7288fa234b7923bea874ededbadfb84be7806c5c5cfbedbcef56d369
1,171,formal-v1__colocation__mega_wing+pyxel_platformer+space_rescue__r01,formal-v1,colocation-main,train,colocation,"[""mega_wing"",""pyxel_platformer"",""space_rescue""]",mega_wing,"[""pyxel_platformer"",""space_rescue""]",mega_wing+pyxel_platformer+space_rescue,mega_wing+pyxel_platformer+space_rescue__r01,,,1,14177532899396249871,10,30,1,10,windows-rtx4060,0,0,grid_2x2,true,84,a36b78d2998befbd10330adef8f5ab1f813a7a68144bd44a59f55bb779224525,608d817cd8d44787fc0ba4c2f2ee507f0b4c987f,data/raw/remaining-s30/formal-v1/formal-v1__colocation__mega_wing+pyxel_platformer+space_rescue__r01,"{""mega_wing"":""games/pyxel/apps-src/mega_wing/mega_wing.py"",""pyxel_platformer"":""games/pyxel/10_platformer.py"",""space_rescue"":""games/pyxel/apps-src/space_rescue/space_rescue.py""}","{""mega_wing"":""86bad6c02a303806c58137503739241dc6b1e86695f7c0dbf672b5e1a1464e9f"",""pyxel_platformer"":""1b2c75b49dc9ab0254fb4b724682a4787868814a38d2f08920720dc5b6007ac5"",""space_rescue"":""f3b0ab6784ae558e64f06a3f0a704e53f107a130aa3d43357659d0850131e461""}",82aa5b5fc48d4b0fc2322bfdf049ab8464bab1aba8ba0b0ef758e015c842c18b
1,172,formal-v1__profile__pyxel_shooter__cpu_compute__p025__r01,formal-v1,profile,not_applicable,pressure_profile,"[""pyxel_shooter""]",pyxel_shooter,[],,,cpu_compute,0.25,1,9574682471250340492,10,30,1,10,windows-rtx4060,0,0,grid_2x2,true,84,a36b78d2998befbd10330adef8f5ab1f813a7a68144bd44a59f55bb779224525,608d817cd8d44787fc0ba4c2f2ee507f0b4c987f,data/raw/remaining-s30/formal-v1/formal-v1__profile__pyxel_shooter__cpu_compute__p025__r01,"{""pyxel_shooter"":""games/pyxel/09_shooter.py""}","{""pyxel_shooter"":""0f53e4156907eac41080a8f289e22c89365b3239517c754cf59a51af201d5563""}",7a0aad8cb1591995973be6cb5ef4d580e39e45ea2dfca33d9dcd1f8619e13511
1,173,formal-v1__profile__pyxel_bubbles__gpu_compute__p050__r01,formal-v1,profile,not_applicable,pressure_profile,"[""pyxel_bubbles""]",pyxel_bubbles,[],,,gpu_compute,0.5,1,5139342075278313235,10,30,1,10,windows-rtx4060,0,0,grid_2x2,true,84,a36b78d2998befbd10330adef8f5ab1f813a7a68144bd44a59f55bb779224525,608d817cd8d44787fc0ba4c2f2ee507f0b4c987f,data/raw/remaining-s30/formal-v1/formal-v1__profile__pyxel_bubbles__gpu_compute__p050__r01,"{""pyxel_bubbles"":""games/pyxel/06_click_game.py""}","{""pyxel_bubbles"":""54c101e90bdaed839ac4c4284494530d5df37a5819a35f1e41eebb0b3da5d900""}",28f6666a32d80fdf0f0d8f3e5cd20fb9818e567497e692d079fa6d6fc1157bb8
1,174,formal-v1__profile__pyxel_jump__cpu_compute__p100__r02,formal-v1,profile,not_applicable,pressure_profile,"[""pyxel_jump""]",pyxel_jump,[],,,cpu_compute,1,2,14087211046482751672,10,30,1,10,windows-rtx4060,0,0,grid_2x2,true,84,a36b78d2998befbd10330adef8f5ab1f813a7a68144bd44a59f55bb779224525,608d817cd8d44787fc0ba4c2f2ee507f0b4c987f,data/raw/remaining-s30/formal-v1/formal-v1__profile__pyxel_jump__cpu_compute__p100__r02,"{""pyxel_jump"":""games/pyxel/02_jump_game.py""}","{""pyxel_jump"":""4743a825f1c9cae7e049ac52115f4ecf83350db546c00745a54af187d7bc2e46""}",865410d63b9f9ba14aa6d0802bdb65a15528230eaaed0b34cf0a6858ea6f948b
1,175,formal-v1__colocation__pyxel_bubbles+pyxel_jump__r02,formal-v1,colocation-main,train,colocation,"[""pyxel_bubbles"",""pyxel_jump""]",pyxel_bubbles,"[""pyxel_jump""]",pyxel_bubbles+pyxel_jump,pyxel_bubbles+pyxel_jump__r02,,,2,4855025473587185934,10,30,1,10,windows-rtx4060,0,0,grid_2x2,true,84,a36b78d2998befbd10330adef8f5ab1f813a7a68144bd44a59f55bb779224525,608d817cd8d44787fc0ba4c2f2ee507f0b4c987f,data/raw/remaining-s30/formal-v1/formal-v1__colocation__pyxel_bubbles+pyxel_jump__r02,"{""pyxel_bubbles"":""games/pyxel/06_click_game.py"",""pyxel_jump"":""games/pyxel/02_jump_game.py""}","{""pyxel_bubbles"":""54c101e90bdaed839ac4c4284494530d5df37a5819a35f1e41eebb0b3da5d900"",""pyxel_jump"":""4743a825f1c9cae7e049ac52115f4ecf83350db546c00745a54af187d7bc2e46""}",b4d9ca3f58cf72dbb8e7fca7f5cb819b862910de1f61e35ce7159625c2850619
1,176,formal-v1__profile__pyxel_platformer__gpu_compute__p075__r01,formal-v1,profile,not_applicable,pressure_profile,"[""pyxel_platformer""]",pyxel_platformer,[],,,gpu_compute,0.75,1,13607664509007610844,10,30,1,10,windows-rtx4060,0,0,grid_2x2,true,84,a36b78d2998befbd10330adef8f5ab1f813a7a68144bd44a59f55bb779224525,608d817cd8d44787fc0ba4c2f2ee507f0b4c987f,data/raw/remaining-s30/formal-v1/formal-v1__profile__pyxel_platformer__gpu_compute__p075__r01,"{""pyxel_platformer"":""games/pyxel/10_platformer.py""}","{""pyxel_platformer"":""1b2c75b49dc9ab0254fb4b724682a4787868814a38d2f08920720dc5b6007ac5""}",662cb141c4b1955dd4237ac6e6b7aadb2c9c12c0419814b1d4d2543cbe5bae30
1,177,formal-v1__profile__space_rescue__gpu_memory__p000__r03,formal-v1,profile,not_applicable,pressure_profile,"[""space_rescue""]",space_rescue,[],,,gpu_memory,0,3,18044713557505367142,10,30,1,10,windows-rtx4060,0,0,grid_2x2,true,84,a36b78d2998befbd10330adef8f5ab1f813a7a68144bd44a59f55bb779224525,608d817cd8d44787fc0ba4c2f2ee507f0b4c987f,data/raw/remaining-s30/formal-v1/formal-v1__profile__space_rescue__gpu_memory__p000__r03,"{""space_rescue"":""games/pyxel/apps-src/space_rescue/space_rescue.py""}","{""space_rescue"":""f3b0ab6784ae558e64f06a3f0a704e53f107a130aa3d43357659d0850131e461""}",3d7a0de19ad8f77d4d31bd4797e69272aa009294664918d1fe6e754103625a22
1,178,formal-v1__profile__pyxel_jump__cpu_compute__p000__r02,formal-v1,profile,not_applicable,pressure_profile,"[""pyxel_jump""]",pyxel_jump,[],,,cpu_compute,0,2,9978833903598729017,10,30,1,10,windows-rtx4060,0,0,grid_2x2,true,84,a36b78d2998befbd10330adef8f5ab1f813a7a68144bd44a59f55bb779224525,608d817cd8d44787fc0ba4c2f2ee507f0b4c987f,data/raw/remaining-s30/formal-v1/formal-v1__profile__pyxel_jump__cpu_compute__p000__r02,"{""pyxel_jump"":""games/pyxel/02_jump_game.py""}","{""pyxel_jump"":""4743a825f1c9cae7e049ac52115f4ecf83350db546c00745a54af187d7bc2e46""}",1bfc78530d0be110e9dddbb6803129c2d72e3a96d599937023039c5f9dfa1ab4
1,179,formal-v1__profile__pyxel_shooter__gpu_compute__p025__r03,formal-v1,profile,not_applicable,pressure_profile,"[""pyxel_shooter""]",pyxel_shooter,[],,,gpu_compute,0.25,3,2902515438736464585,10,30,1,10,windows-rtx4060,0,0,grid_2x2,true,84,a36b78d2998befbd10330adef8f5ab1f813a7a68144bd44a59f55bb779224525,608d817cd8d44787fc0ba4c2f2ee507f0b4c987f,data/raw/remaining-s30/formal-v1/formal-v1__profile__pyxel_shooter__gpu_compute__p025__r03,"{""pyxel_shooter"":""games/pyxel/09_shooter.py""}","{""pyxel_shooter"":""0f53e4156907eac41080a8f289e22c89365b3239517c754cf59a51af201d5563""}",0514ad800ca488d8f319db2589e9881e007577dcc437355fc83b7f6f3577a629
1,180,formal-v1__profile__space_rescue__gpu_memory__p025__r01,formal-v1,profile,not_applicable,pressure_profile,"[""space_rescue""]",space_rescue,[],,,gpu_memory,0.25,1,17784417464054324209,10,30,1,10,windows-rtx4060,0,0,grid_2x2,true,84,a36b78d2998befbd10330adef8f5ab1f813a7a68144bd44a59f55bb779224525,608d817cd8d44787fc0ba4c2f2ee507f0b4c987f,data/raw/remaining-s30/formal-v1/formal-v1__profile__space_rescue__gpu_memory__p025__r01,"{""space_rescue"":""games/pyxel/apps-src/space_rescue/space_rescue.py""}","{""space_rescue"":""f3b0ab6784ae558e64f06a3f0a704e53f107a130aa3d43357659d0850131e461""}",25989a036aa6e8b6c73edeb9853a20fd9850c9b560c2c63faabe7a58d6f8b3fc
1,181,formal-v1__profile__mega_wing__memory_bandwidth__p050__r02,formal-v1,profile,not_applicable,pressure_profile,"[""mega_wing""]",mega_wing,[],,,memory_bandwidth,0.5,2,5735824969658018071,10,30,1,10,windows-rtx4060,0,0,grid_2x2,true,84,a36b78d2998befbd10330adef8f5ab1f813a7a68144bd44a59f55bb779224525,608d817cd8d44787fc0ba4c2f2ee507f0b4c987f,data/raw/remaining-s30/formal-v1/formal-v1__profile__mega_wing__memory_bandwidth__p050__r02,"{""mega_wing"":""games/pyxel/apps-src/mega_wing/mega_wing.py""}","{""mega_wing"":""86bad6c02a303806c58137503739241dc6b1e86695f7c0dbf672b5e1a1464e9f""}",50f81a4693a93776f9e05ec290383a209f345356a5644e3f09a880e69266198a
1,182,formal-v1__profile__pyxel_jump__gpu_compute__p000__r02,formal-v1,profile,not_applicable,pressure_profile,"[""pyxel_jump""]",pyxel_jump,[],,,gpu_compute,0,2,12926119996995319003,10,30,1,10,windows-rtx4060,0,0,grid_2x2,true,84,a36b78d2998befbd10330adef8f5ab1f813a7a68144bd44a59f55bb779224525,608d817cd8d44787fc0ba4c2f2ee507f0b4c987f,data/raw/remaining-s30/formal-v1/formal-v1__profile__pyxel_jump__gpu_compute__p000__r02,"{""pyxel_jump"":""games/pyxel/02_jump_game.py""}","{""pyxel_jump"":""4743a825f1c9cae7e049ac52115f4ecf83350db546c00745a54af187d7bc2e46""}",24fe3e8e08eaf1c6103261a33d55decb12f47957cae8e1ab289414900704767c
1,183,formal-v1__colocation__pyxel_shooter+pyxel_snake__r03,formal-v1,colocation-main,train,colocation,"[""pyxel_shooter"",""pyxel_snake""]",pyxel_shooter,"[""pyxel_snake""]",pyxel_shooter+pyxel_snake,pyxel_shooter+pyxel_snake__r03,,,3,5833663211782969573,10,30,1,10,windows-rtx4060,0,0,grid_2x2,true,84,a36b78d2998befbd10330adef8f5ab1f813a7a68144bd44a59f55bb779224525,608d817cd8d44787fc0ba4c2f2ee507f0b4c987f,data/raw/remaining-s30/formal-v1/formal-v1__colocation__pyxel_shooter+pyxel_snake__r03,"{""pyxel_shooter"":""games/pyxel/09_shooter.py"",""pyxel_snake"":""games/pyxel/07_snake.py""}","{""pyxel_shooter"":""0f53e4156907eac41080a8f289e22c89365b3239517c754cf59a51af201d5563"",""pyxel_snake"":""bc533fef92d1d358e570f69d979919fe5c1cd8c4da49841104b49a1e661a5ac3""}",0d1cb9733fdf5436e45d53088115ab31cba12cacea4b869583925c1e896dc4f9
1,184,formal-v1__profile__pyxel_jump__cpu_compute__p050__r03,formal-v1,profile,not_applicable,pressure_profile,"[""pyxel_jump""]",pyxel_jump,[],,,cpu_compute,0.5,3,5136358900465955613,10,30,1,10,windows-rtx4060,0,0,grid_2x2,true,84,a36b78d2998befbd10330adef8f5ab1f813a7a68144bd44a59f55bb779224525,608d817cd8d44787fc0ba4c2f2ee507f0b4c987f,data/raw/remaining-s30/formal-v1/formal-v1__profile__pyxel_jump__cpu_compute__p050__r03,"{""pyxel_jump"":""games/pyxel/02_jump_game.py""}","{""pyxel_jump"":""4743a825f1c9cae7e049ac52115f4ecf83350db546c00745a54af187d7bc2e46""}",3fce3c96c64665549adae8113f24da137cb261e514b9c95039d02b7f7434aef5
1,185,formal-v1__colocation__mega_wing+pyxel_bubbles+pyxel_shooter__r02,formal-v1,colocation-main,train,colocation,"[""mega_wing"",""pyxel_bubbles"",""pyxel_shooter""]",mega_wing,"[""pyxel_bubbles"",""pyxel_shooter""]",mega_wing+pyxel_bubbles+pyxel_shooter,mega_wing+pyxel_bubbles+pyxel_shooter__r02,,,2,17145521271227757646,10,30,1,10,windows-rtx4060,0,0,grid_2x2,true,84,a36b78d2998befbd10330adef8f5ab1f813a7a68144bd44a59f55bb779224525,608d817cd8d44787fc0ba4c2f2ee507f0b4c987f,data/raw/remaining-s30/formal-v1/formal-v1__colocation__mega_wing+pyxel_bubbles+pyxel_shooter__r02,"{""mega_wing"":""games/pyxel/apps-src/mega_wing/mega_wing.py"",""pyxel_bubbles"":""games/pyxel/06_click_game.py"",""pyxel_shooter"":""games/pyxel/09_shooter.py""}","{""mega_wing"":""86bad6c02a303806c58137503739241dc6b1e86695f7c0dbf672b5e1a1464e9f"",""pyxel_bubbles"":""54c101e90bdaed839ac4c4284494530d5df37a5819a35f1e41eebb0b3da5d900"",""pyxel_shooter"":""0f53e4156907eac41080a8f289e22c89365b3239517c754cf59a51af201d5563""}",923bc2b93e4aab5b5ee15b97aa38a66794902a1a7bb489c7a1c627701b098854
1,186,formal-v1__profile__daylight__gpu_memory__p050__r02,formal-v1,profile,not_applicable,pressure_profile,"[""daylight""]",daylight,[],,,gpu_memory,0.5,2,10827519359314299953,10,30,1,10,windows-rtx4060,0,0,grid_2x2,true,84,a36b78d2998befbd10330adef8f5ab1f813a7a68144bd44a59f55bb779224525,608d817cd8d44787fc0ba4c2f2ee507f0b4c987f,data/raw/remaining-s30/formal-v1/formal-v1__profile__daylight__gpu_memory__p050__r02,"{""daylight"":""games/pyxel/apps-src/30SecondsOfDaylight/src/main.py""}","{""daylight"":""21a365375249e9d7ea05e78dcfe040f09cc1f0c66bd410bae084190c743a028f""}",5468f068317e4bd1fdcefff660b9a503b5b39d639159c26d66b05213c1599b8c
1,187,formal-v1__profile__pyxel_snake__gpu_compute__p100__r02,formal-v1,profile,not_applicable,pressure_profile,"[""pyxel_snake""]",pyxel_snake,[],,,gpu_compute,1,2,14083140115922923076,10,30,1,10,windows-rtx4060,0,0,grid_2x2,true,84,a36b78d2998befbd10330adef8f5ab1f813a7a68144bd44a59f55bb779224525,608d817cd8d44787fc0ba4c2f2ee507f0b4c987f,data/raw/remaining-s30/formal-v1/formal-v1__profile__pyxel_snake__gpu_compute__p100__r02,"{""pyxel_snake"":""games/pyxel/07_snake.py""}","{""pyxel_snake"":""bc533fef92d1d358e570f69d979919fe5c1cd8c4da49841104b49a1e661a5ac3""}",3811882199bb890f2d9bb5b36b84b5d9adb3aa1badd3fb39fdc01bcf702566b6
1,188,formal-v1__colocation__mega_wing+pyxel_platformer+space_rescue__r03,formal-v1,colocation-main,train,colocation,"[""mega_wing"",""pyxel_platformer"",""space_rescue""]",mega_wing,"[""pyxel_platformer"",""space_rescue""]",mega_wing+pyxel_platformer+space_rescue,mega_wing+pyxel_platformer+space_rescue__r03,,,3,7256825349866931314,10,30,1,10,windows-rtx4060,0,0,grid_2x2,true,84,a36b78d2998befbd10330adef8f5ab1f813a7a68144bd44a59f55bb779224525,608d817cd8d44787fc0ba4c2f2ee507f0b4c987f,data/raw/remaining-s30/formal-v1/formal-v1__colocation__mega_wing+pyxel_platformer+space_rescue__r03,"{""mega_wing"":""games/pyxel/apps-src/mega_wing/mega_wing.py"",""pyxel_platformer"":""games/pyxel/10_platformer.py"",""space_rescue"":""games/pyxel/apps-src/space_rescue/space_rescue.py""}","{""mega_wing"":""86bad6c02a303806c58137503739241dc6b1e86695f7c0dbf672b5e1a1464e9f"",""pyxel_platformer"":""1b2c75b49dc9ab0254fb4b724682a4787868814a38d2f08920720dc5b6007ac5"",""space_rescue"":""f3b0ab6784ae558e64f06a3f0a704e53f107a130aa3d43357659d0850131e461""}",1d4fb0fb93785c5db0b8434b88b640235076f4d889303ae334daf2aed3711c2b
1,189,formal-v1__profile__pyxel_platformer__memory_bandwidth__p000__r03,formal-v1,profile,not_applicable,pressure_profile,"[""pyxel_platformer""]",pyxel_platformer,[],,,memory_bandwidth,0,3,6322913326508209738,10,30,1,10,windows-rtx4060,0,0,grid_2x2,true,84,a36b78d2998befbd10330adef8f5ab1f813a7a68144bd44a59f55bb779224525,608d817cd8d44787fc0ba4c2f2ee507f0b4c987f,data/raw/remaining-s30/formal-v1/formal-v1__profile__pyxel_platformer__memory_bandwidth__p000__r03,"{""pyxel_platformer"":""games/pyxel/10_platformer.py""}","{""pyxel_platformer"":""1b2c75b49dc9ab0254fb4b724682a4787868814a38d2f08920720dc5b6007ac5""}",b41305c97999e93db335e019aedd0550bd62f729801a02e46fd8fbc14089a1ce
1,190,formal-v1__profile__space_rescue__gpu_memory__p050__r02,formal-v1,profile,not_applicable,pressure_profile,"[""space_rescue""]",space_rescue,[],,,gpu_memory,0.5,2,15557360799199876318,10,30,1,10,windows-rtx4060,0,0,grid_2x2,true,84,a36b78d2998befbd10330adef8f5ab1f813a7a68144bd44a59f55bb779224525,608d817cd8d44787fc0ba4c2f2ee507f0b4c987f,data/raw/remaining-s30/formal-v1/formal-v1__profile__space_rescue__gpu_memory__p050__r02,"{""space_rescue"":""games/pyxel/apps-src/space_rescue/space_rescue.py""}","{""space_rescue"":""f3b0ab6784ae558e64f06a3f0a704e53f107a130aa3d43357659d0850131e461""}",02a5b0a73ce778dcf35d07b6b33b006e6092bf42972afaad5b39f9c635db5fb6
1,191,formal-v1__profile__pyxel_bubbles__cpu_compute__p000__r01,formal-v1,profile,not_applicable,pressure_profile,"[""pyxel_bubbles""]",pyxel_bubbles,[],,,cpu_compute,0,1,8923090128249884865,10,30,1,10,windows-rtx4060,0,0,grid_2x2,true,84,a36b78d2998befbd10330adef8f5ab1f813a7a68144bd44a59f55bb779224525,608d817cd8d44787fc0ba4c2f2ee507f0b4c987f,data/raw/remaining-s30/formal-v1/formal-v1__profile__pyxel_bubbles__cpu_compute__p000__r01,"{""pyxel_bubbles"":""games/pyxel/06_click_game.py""}","{""pyxel_bubbles"":""54c101e90bdaed839ac4c4284494530d5df37a5819a35f1e41eebb0b3da5d900""}",6a57e4a11682ce824fbf59c3c7ad833bfdf8a8a832828749702e5010bb69c904
1,192,formal-v1__profile__pyxel_snake__memory_bandwidth__p025__r02,formal-v1,profile,not_applicable,pressure_profile,"[""pyxel_snake""]",pyxel_snake,[],,,memory_bandwidth,0.25,2,5009708746039831809,10,30,1,10,windows-rtx4060,0,0,grid_2x2,true,84,a36b78d2998befbd10330adef8f5ab1f813a7a68144bd44a59f55bb779224525,608d817cd8d44787fc0ba4c2f2ee507f0b4c987f,data/raw/remaining-s30/formal-v1/formal-v1__profile__pyxel_snake__memory_bandwidth__p025__r02,"{""pyxel_snake"":""games/pyxel/07_snake.py""}","{""pyxel_snake"":""bc533fef92d1d358e570f69d979919fe5c1cd8c4da49841104b49a1e661a5ac3""}",5943427dd07d1fc28c32a2bb25476e13a6320dc6e7459ad0d38a47abbed44ea5
1,193,formal-v1__profile__pyxel_snake__cpu_compute__p100__r03,formal-v1,profile,not_applicable,pressure_profile,"[""pyxel_snake""]",pyxel_snake,[],,,cpu_compute,1,3,17696118596037803281,10,30,1,10,windows-rtx4060,0,0,grid_2x2,true,84,a36b78d2998befbd10330adef8f5ab1f813a7a68144bd44a59f55bb779224525,608d817cd8d44787fc0ba4c2f2ee507f0b4c987f,data/raw/remaining-s30/formal-v1/formal-v1__profile__pyxel_snake__cpu_compute__p100__r03,"{""pyxel_snake"":""games/pyxel/07_snake.py""}","{""pyxel_snake"":""bc533fef92d1d358e570f69d979919fe5c1cd8c4da49841104b49a1e661a5ac3""}",7056c95d69e4c7d28ac1186870715d7ae809a076c2ba3e93c8f2b267317f5c81
1,194,formal-v1__colocation__daylight+mega_wing+pyxel_snake__r01,formal-v1,colocation-main,train,colocation,"[""daylight"",""mega_wing"",""pyxel_snake""]",daylight,"[""mega_wing"",""pyxel_snake""]",daylight+mega_wing+pyxel_snake,daylight+mega_wing+pyxel_snake__r01,,,1,3683215363547589313,10,30,1,10,windows-rtx4060,0,0,grid_2x2,true,84,a36b78d2998befbd10330adef8f5ab1f813a7a68144bd44a59f55bb779224525,608d817cd8d44787fc0ba4c2f2ee507f0b4c987f,data/raw/remaining-s30/formal-v1/formal-v1__colocation__daylight+mega_wing+pyxel_snake__r01,"{""daylight"":""games/pyxel/apps-src/30SecondsOfDaylight/src/main.py"",""mega_wing"":""games/pyxel/apps-src/mega_wing/mega_wing.py"",""pyxel_snake"":""games/pyxel/07_snake.py""}","{""daylight"":""21a365375249e9d7ea05e78dcfe040f09cc1f0c66bd410bae084190c743a028f"",""mega_wing"":""86bad6c02a303806c58137503739241dc6b1e86695f7c0dbf672b5e1a1464e9f"",""pyxel_snake"":""bc533fef92d1d358e570f69d979919fe5c1cd8c4da49841104b49a1e661a5ac3""}",4bb041a44e2164dbf3a9cf01a4b4a136e576fa434fd2b1645b0cc5011e2dc2e3
1,195,formal-v1__colocation__mega_wing+pyxel_bubbles+pyxel_shooter__r03,formal-v1,colocation-main,train,colocation,"[""mega_wing"",""pyxel_bubbles"",""pyxel_shooter""]",mega_wing,"[""pyxel_bubbles"",""pyxel_shooter""]",mega_wing+pyxel_bubbles+pyxel_shooter,mega_wing+pyxel_bubbles+pyxel_shooter__r03,,,3,1046086840173876320,10,30,1,10,windows-rtx4060,0,0,grid_2x2,true,84,a36b78d2998befbd10330adef8f5ab1f813a7a68144bd44a59f55bb779224525,608d817cd8d44787fc0ba4c2f2ee507f0b4c987f,data/raw/remaining-s30/formal-v1/formal-v1__colocation__mega_wing+pyxel_bubbles+pyxel_shooter__r03,"{""mega_wing"":""games/pyxel/apps-src/mega_wing/mega_wing.py"",""pyxel_bubbles"":""games/pyxel/06_click_game.py"",""pyxel_shooter"":""games/pyxel/09_shooter.py""}","{""mega_wing"":""86bad6c02a303806c58137503739241dc6b1e86695f7c0dbf672b5e1a1464e9f"",""pyxel_bubbles"":""54c101e90bdaed839ac4c4284494530d5df37a5819a35f1e41eebb0b3da5d900"",""pyxel_shooter"":""0f53e4156907eac41080a8f289e22c89365b3239517c754cf59a51af201d5563""}",17fae679ced5ed365d9c8bdbeb835bb0a2b9eded74addf51064a8a2111b353b3
1,196,formal-v1__profile__pyxel_bubbles__gpu_memory__p100__r02,formal-v1,profile,not_applicable,pressure_profile,"[""pyxel_bubbles""]",pyxel_bubbles,[],,,gpu_memory,1,2,16358609386470069171,10,30,1,10,windows-rtx4060,0,0,grid_2x2,true,84,a36b78d2998befbd10330adef8f5ab1f813a7a68144bd44a59f55bb779224525,608d817cd8d44787fc0ba4c2f2ee507f0b4c987f,data/raw/remaining-s30/formal-v1/formal-v1__profile__pyxel_bubbles__gpu_memory__p100__r02,"{""pyxel_bubbles"":""games/pyxel/06_click_game.py""}","{""pyxel_bubbles"":""54c101e90bdaed839ac4c4284494530d5df37a5819a35f1e41eebb0b3da5d900""}",54d1552d51ea0f6b9bdddc93d47c45d8ad0e8b712014ee09a0adb03eda9a8236
1,197,formal-v1__profile__pyxel_snake__gpu_memory__p075__r02,formal-v1,profile,not_applicable,pressure_profile,"[""pyxel_snake""]",pyxel_snake,[],,,gpu_memory,0.75,2,7038884185157057215,10,30,1,10,windows-rtx4060,0,0,grid_2x2,true,84,a36b78d2998befbd10330adef8f5ab1f813a7a68144bd44a59f55bb779224525,608d817cd8d44787fc0ba4c2f2ee507f0b4c987f,data/raw/remaining-s30/formal-v1/formal-v1__profile__pyxel_snake__gpu_memory__p075__r02,"{""pyxel_snake"":""games/pyxel/07_snake.py""}","{""pyxel_snake"":""bc533fef92d1d358e570f69d979919fe5c1cd8c4da49841104b49a1e661a5ac3""}",f5a426cba68602c0a952527334a22d931ee3fd13410779bc9df2dcc58b68c276
1,198,formal-v1__profile__pyxel_bubbles__memory_bandwidth__p075__r02,formal-v1,profile,not_applicable,pressure_profile,"[""pyxel_bubbles""]",pyxel_bubbles,[],,,memory_bandwidth,0.75,2,18365959350671161203,10,30,1,10,windows-rtx4060,0,0,grid_2x2,true,84,a36b78d2998befbd10330adef8f5ab1f813a7a68144bd44a59f55bb779224525,608d817cd8d44787fc0ba4c2f2ee507f0b4c987f,data/raw/remaining-s30/formal-v1/formal-v1__profile__pyxel_bubbles__memory_bandwidth__p075__r02,"{""pyxel_bubbles"":""games/pyxel/06_click_game.py""}","{""pyxel_bubbles"":""54c101e90bdaed839ac4c4284494530d5df37a5819a35f1e41eebb0b3da5d900""}",3a3c9753044a2ee1358b4073ff5c0c7a04677409c319374839cc5accdf51a051
1,199,formal-v1__profile__space_rescue__memory_bandwidth__p025__r01,formal-v1,profile,not_applicable,pressure_profile,"[""space_rescue""]",space_rescue,[],,,memory_bandwidth,0.25,1,9674058341181178622,10,30,1,10,windows-rtx4060,0,0,grid_2x2,true,84,a36b78d2998befbd10330adef8f5ab1f813a7a68144bd44a59f55bb779224525,608d817cd8d44787fc0ba4c2f2ee507f0b4c987f,data/raw/remaining-s30/formal-v1/formal-v1__profile__space_rescue__memory_bandwidth__p025__r01,"{""space_rescue"":""games/pyxel/apps-src/space_rescue/space_rescue.py""}","{""space_rescue"":""f3b0ab6784ae558e64f06a3f0a704e53f107a130aa3d43357659d0850131e461""}",2682329868b2d6261f3fbe1ccef205efd3ddeeadb08b0adbaaefdd9aff36dd42
1,200,formal-v1__colocation__daylight+space_rescue__r03,formal-v1,colocation-main,test,colocation,"[""daylight"",""space_rescue""]",daylight,"[""space_rescue""]",daylight+space_rescue,daylight+space_rescue__r03,,,3,6596288018360110466,10,30,1,10,windows-rtx4060,0,0,grid_2x2,true,84,a36b78d2998befbd10330adef8f5ab1f813a7a68144bd44a59f55bb779224525,608d817cd8d44787fc0ba4c2f2ee507f0b4c987f,data/raw/remaining-s30/formal-v1/formal-v1__colocation__daylight+space_rescue__r03,"{""daylight"":""games/pyxel/apps-src/30SecondsOfDaylight/src/main.py"",""space_rescue"":""games/pyxel/apps-src/space_rescue/space_rescue.py""}","{""daylight"":""21a365375249e9d7ea05e78dcfe040f09cc1f0c66bd410bae084190c743a028f"",""space_rescue"":""f3b0ab6784ae558e64f06a3f0a704e53f107a130aa3d43357659d0850131e461""}",6b78ba7a16343e10c0ff344bbfbe7e5df239d847e32386d5b4eaa94b81e9c2f0
1,201,formal-v1__profile__mega_wing__cpu_compute__p075__r02,formal-v1,profile,not_applicable,pressure_profile,"[""mega_wing""]",mega_wing,[],,,cpu_compute,0.75,2,8924812853693858564,10,30,1,10,windows-rtx4060,0,0,grid_2x2,true,84,a36b78d2998befbd10330adef8f5ab1f813a7a68144bd44a59f55bb779224525,608d817cd8d44787fc0ba4c2f2ee507f0b4c987f,data/raw/remaining-s30/formal-v1/formal-v1__profile__mega_wing__cpu_compute__p075__r02,"{""mega_wing"":""games/pyxel/apps-src/mega_wing/mega_wing.py""}","{""mega_wing"":""86bad6c02a303806c58137503739241dc6b1e86695f7c0dbf672b5e1a1464e9f""}",b745b53aaa5bb92bec78dc8081b16ece50914f7aee9efb96cc7f6ffda98e97ee
1,202,formal-v1__profile__mega_wing__gpu_memory__p025__r02,formal-v1,profile,not_applicable,pressure_profile,"[""mega_wing""]",mega_wing,[],,,gpu_memory,0.25,2,15286201795705039773,10,30,1,10,windows-rtx4060,0,0,grid_2x2,true,84,a36b78d2998befbd10330adef8f5ab1f813a7a68144bd44a59f55bb779224525,608d817cd8d44787fc0ba4c2f2ee507f0b4c987f,data/raw/remaining-s30/formal-v1/formal-v1__profile__mega_wing__gpu_memory__p025__r02,"{""mega_wing"":""games/pyxel/apps-src/mega_wing/mega_wing.py""}","{""mega_wing"":""86bad6c02a303806c58137503739241dc6b1e86695f7c0dbf672b5e1a1464e9f""}",365e4c75005601a34352a53603c55c7b7aa48c998b3abc10f09b150c1e1f3ea7
1,203,formal-v1__profile__daylight__cpu_compute__p050__r01,formal-v1,profile,not_applicable,pressure_profile,"[""daylight""]",daylight,[],,,cpu_compute,0.5,1,8456575979892902049,10,30,1,10,windows-rtx4060,0,0,grid_2x2,true,84,a36b78d2998befbd10330adef8f5ab1f813a7a68144bd44a59f55bb779224525,608d817cd8d44787fc0ba4c2f2ee507f0b4c987f,data/raw/remaining-s30/formal-v1/formal-v1__profile__daylight__cpu_compute__p050__r01,"{""daylight"":""games/pyxel/apps-src/30SecondsOfDaylight/src/main.py""}","{""daylight"":""21a365375249e9d7ea05e78dcfe040f09cc1f0c66bd410bae084190c743a028f""}",60120ed16ecff9419f8d3cf7d01176aeb042f2ac81117a5c18461a7f3e58390f
1,204,formal-v1__profile__pyxel_shooter__gpu_compute__p100__r02,formal-v1,profile,not_applicable,pressure_profile,"[""pyxel_shooter""]",pyxel_shooter,[],,,gpu_compute,1,2,8216147765885794096,10,30,1,10,windows-rtx4060,0,0,grid_2x2,true,84,a36b78d2998befbd10330adef8f5ab1f813a7a68144bd44a59f55bb779224525,608d817cd8d44787fc0ba4c2f2ee507f0b4c987f,data/raw/remaining-s30/formal-v1/formal-v1__profile__pyxel_shooter__gpu_compute__p100__r02,"{""pyxel_shooter"":""games/pyxel/09_shooter.py""}","{""pyxel_shooter"":""0f53e4156907eac41080a8f289e22c89365b3239517c754cf59a51af201d5563""}",e24c2a5ac0943f0831efef823937e4a4f0aa4a8e71412ea855c12a31ff82a1a9
1,205,formal-v1__colocation__pyxel_jump+space_rescue__r01,formal-v1,colocation-main,train,colocation,"[""pyxel_jump"",""space_rescue""]",pyxel_jump,"[""space_rescue""]",pyxel_jump+space_rescue,pyxel_jump+space_rescue__r01,,,1,6392386723247648102,10,30,1,10,windows-rtx4060,0,0,grid_2x2,true,84,a36b78d2998befbd10330adef8f5ab1f813a7a68144bd44a59f55bb779224525,608d817cd8d44787fc0ba4c2f2ee507f0b4c987f,data/raw/remaining-s30/formal-v1/formal-v1__colocation__pyxel_jump+space_rescue__r01,"{""pyxel_jump"":""games/pyxel/02_jump_game.py"",""space_rescue"":""games/pyxel/apps-src/space_rescue/space_rescue.py""}","{""pyxel_jump"":""4743a825f1c9cae7e049ac52115f4ecf83350db546c00745a54af187d7bc2e46"",""space_rescue"":""f3b0ab6784ae558e64f06a3f0a704e53f107a130aa3d43357659d0850131e461""}",bcca616d5070381555f3c4e957042b34aae2d06109c0f13db3aaca80d5fedf7d
1,206,formal-v1__colocation__pyxel_jump+space_rescue__r03,formal-v1,colocation-main,train,colocation,"[""pyxel_jump"",""space_rescue""]",pyxel_jump,"[""space_rescue""]",pyxel_jump+space_rescue,pyxel_jump+space_rescue__r03,,,3,15646512563815329766,10,30,1,10,windows-rtx4060,0,0,grid_2x2,true,84,a36b78d2998befbd10330adef8f5ab1f813a7a68144bd44a59f55bb779224525,608d817cd8d44787fc0ba4c2f2ee507f0b4c987f,data/raw/remaining-s30/formal-v1/formal-v1__colocation__pyxel_jump+space_rescue__r03,"{""pyxel_jump"":""games/pyxel/02_jump_game.py"",""space_rescue"":""games/pyxel/apps-src/space_rescue/space_rescue.py""}","{""pyxel_jump"":""4743a825f1c9cae7e049ac52115f4ecf83350db546c00745a54af187d7bc2e46"",""space_rescue"":""f3b0ab6784ae558e64f06a3f0a704e53f107a130aa3d43357659d0850131e461""}",f414e0663f976f519bafc768dc7acd1810b5af94a112943cc477530a2681b5ac
1,207,formal-v1__profile__space_rescue__gpu_compute__p050__r01,formal-v1,profile,not_applicable,pressure_profile,"[""space_rescue""]",space_rescue,[],,,gpu_compute,0.5,1,5411410955068556850,10,30,1,10,windows-rtx4060,0,0,grid_2x2,true,84,a36b78d2998befbd10330adef8f5ab1f813a7a68144bd44a59f55bb779224525,608d817cd8d44787fc0ba4c2f2ee507f0b4c987f,data/raw/remaining-s30/formal-v1/formal-v1__profile__space_rescue__gpu_compute__p050__r01,"{""space_rescue"":""games/pyxel/apps-src/space_rescue/space_rescue.py""}","{""space_rescue"":""f3b0ab6784ae558e64f06a3f0a704e53f107a130aa3d43357659d0850131e461""}",4488d0d5c328640075c5d1fbd76be3ee99fe5c6455e63474063b63f86423414c
1,208,formal-v1__profile__space_rescue__cpu_compute__p025__r02,formal-v1,profile,not_applicable,pressure_profile,"[""space_rescue""]",space_rescue,[],,,cpu_compute,0.25,2,7374626246074993586,10,30,1,10,windows-rtx4060,0,0,grid_2x2,true,84,a36b78d2998befbd10330adef8f5ab1f813a7a68144bd44a59f55bb779224525,608d817cd8d44787fc0ba4c2f2ee507f0b4c987f,data/raw/remaining-s30/formal-v1/formal-v1__profile__space_rescue__cpu_compute__p025__r02,"{""space_rescue"":""games/pyxel/apps-src/space_rescue/space_rescue.py""}","{""space_rescue"":""f3b0ab6784ae558e64f06a3f0a704e53f107a130aa3d43357659d0850131e461""}",e380d1a76d5246e15feef1172e8cfa5837609018a6e2544e44da5c07d678b220
1,209,formal-v1__colocation__pyxel_bubbles+space_rescue__r01,formal-v1,colocation-main,train,colocation,"[""pyxel_bubbles"",""space_rescue""]",pyxel_bubbles,"[""space_rescue""]",pyxel_bubbles+space_rescue,pyxel_bubbles+space_rescue__r01,,,1,16246424883467677436,10,30,1,10,windows-rtx4060,0,0,grid_2x2,true,84,a36b78d2998befbd10330adef8f5ab1f813a7a68144bd44a59f55bb779224525,608d817cd8d44787fc0ba4c2f2ee507f0b4c987f,data/raw/remaining-s30/formal-v1/formal-v1__colocation__pyxel_bubbles+space_rescue__r01,"{""pyxel_bubbles"":""games/pyxel/06_click_game.py"",""space_rescue"":""games/pyxel/apps-src/space_rescue/space_rescue.py""}","{""pyxel_bubbles"":""54c101e90bdaed839ac4c4284494530d5df37a5819a35f1e41eebb0b3da5d900"",""space_rescue"":""f3b0ab6784ae558e64f06a3f0a704e53f107a130aa3d43357659d0850131e461""}",607beb47e5da827ea2eaa3d860e0f7fddb66d0892690615d093532d2c92350ec
1,210,formal-v1__profile__pyxel_bubbles__memory_bandwidth__p050__r01,formal-v1,profile,not_applicable,pressure_profile,"[""pyxel_bubbles""]",pyxel_bubbles,[],,,memory_bandwidth,0.5,1,17768249687107614157,10,30,1,10,windows-rtx4060,0,0,grid_2x2,true,84,a36b78d2998befbd10330adef8f5ab1f813a7a68144bd44a59f55bb779224525,608d817cd8d44787fc0ba4c2f2ee507f0b4c987f,data/raw/remaining-s30/formal-v1/formal-v1__profile__pyxel_bubbles__memory_bandwidth__p050__r01,"{""pyxel_bubbles"":""games/pyxel/06_click_game.py""}","{""pyxel_bubbles"":""54c101e90bdaed839ac4c4284494530d5df37a5819a35f1e41eebb0b3da5d900""}",e390b41d8f0b54e7e19c96b3ac846edee3061366af5a3ae70af5579637799232
1,211,formal-v1__profile__mega_wing__memory_bandwidth__p025__r01,formal-v1,profile,not_applicable,pressure_profile,"[""mega_wing""]",mega_wing,[],,,memory_bandwidth,0.25,1,13211999645521036726,10,30,1,10,windows-rtx4060,0,0,grid_2x2,true,84,a36b78d2998befbd10330adef8f5ab1f813a7a68144bd44a59f55bb779224525,608d817cd8d44787fc0ba4c2f2ee507f0b4c987f,data/raw/remaining-s30/formal-v1/formal-v1__profile__mega_wing__memory_bandwidth__p025__r01,"{""mega_wing"":""games/pyxel/apps-src/mega_wing/mega_wing.py""}","{""mega_wing"":""86bad6c02a303806c58137503739241dc6b1e86695f7c0dbf672b5e1a1464e9f""}",6c335a04236146489edd9fd786a72ba686adce72184ebd3f5ec01d3e3e64cf95
1,212,formal-v1__colocation__pyxel_bubbles+pyxel_jump+pyxel_snake__r01,formal-v1,colocation-main,train,colocation,"[""pyxel_bubbles"",""pyxel_jump"",""pyxel_snake""]",pyxel_bubbles,"[""pyxel_jump"",""pyxel_snake""]",pyxel_bubbles+pyxel_jump+pyxel_snake,pyxel_bubbles+pyxel_jump+pyxel_snake__r01,,,1,10652256037132298761,10,30,1,10,windows-rtx4060,0,0,grid_2x2,true,84,a36b78d2998befbd10330adef8f5ab1f813a7a68144bd44a59f55bb779224525,608d817cd8d44787fc0ba4c2f2ee507f0b4c987f,data/raw/remaining-s30/formal-v1/formal-v1__colocation__pyxel_bubbles+pyxel_jump+pyxel_snake__r01,"{""pyxel_bubbles"":""games/pyxel/06_click_game.py"",""pyxel_jump"":""games/pyxel/02_jump_game.py"",""pyxel_snake"":""games/pyxel/07_snake.py""}","{""pyxel_bubbles"":""54c101e90bdaed839ac4c4284494530d5df37a5819a35f1e41eebb0b3da5d900"",""pyxel_jump"":""4743a825f1c9cae7e049ac52115f4ecf83350db546c00745a54af187d7bc2e46"",""pyxel_snake"":""bc533fef92d1d358e570f69d979919fe5c1cd8c4da49841104b49a1e661a5ac3""}",4160082feeb0b48003b5bb2e3e1b2a31199af684d8363dd0e45de79e1b762483
1,213,formal-v1__profile__pyxel_snake__memory_bandwidth__p100__r02,formal-v1,profile,not_applicable,pressure_profile,"[""pyxel_snake""]",pyxel_snake,[],,,memory_bandwidth,1,2,12887450220985787540,10,30,1,10,windows-rtx4060,0,0,grid_2x2,true,84,a36b78d2998befbd10330adef8f5ab1f813a7a68144bd44a59f55bb779224525,608d817cd8d44787fc0ba4c2f2ee507f0b4c987f,data/raw/remaining-s30/formal-v1/formal-v1__profile__pyxel_snake__memory_bandwidth__p100__r02,"{""pyxel_snake"":""games/pyxel/07_snake.py""}","{""pyxel_snake"":""bc533fef92d1d358e570f69d979919fe5c1cd8c4da49841104b49a1e661a5ac3""}",02481913044a103deeee45847018d09468b82fbcf33be5d6e2fc21493b58c2f5
1,214,formal-v1__profile__pyxel_platformer__gpu_memory__p050__r02,formal-v1,profile,not_applicable,pressure_profile,"[""pyxel_platformer""]",pyxel_platformer,[],,,gpu_memory,0.5,2,13683777296560864320,10,30,1,10,windows-rtx4060,0,0,grid_2x2,true,84,a36b78d2998befbd10330adef8f5ab1f813a7a68144bd44a59f55bb779224525,608d817cd8d44787fc0ba4c2f2ee507f0b4c987f,data/raw/remaining-s30/formal-v1/formal-v1__profile__pyxel_platformer__gpu_memory__p050__r02,"{""pyxel_platformer"":""games/pyxel/10_platformer.py""}","{""pyxel_platformer"":""1b2c75b49dc9ab0254fb4b724682a4787868814a38d2f08920720dc5b6007ac5""}",df41407d1f1a82b787ffd92960196299950ed5e9a9e7f3f00020c2bba94920a4
1,215,formal-v1__solo__pyxel_snake__r01,formal-v1,solo,not_applicable,solo,"[""pyxel_snake""]",pyxel_snake,[],,,,,1,13632667971943617081,10,30,1,10,windows-rtx4060,0,0,grid_2x2,true,84,a36b78d2998befbd10330adef8f5ab1f813a7a68144bd44a59f55bb779224525,608d817cd8d44787fc0ba4c2f2ee507f0b4c987f,data/raw/remaining-s30/formal-v1/formal-v1__solo__pyxel_snake__r01,"{""pyxel_snake"":""games/pyxel/07_snake.py""}","{""pyxel_snake"":""bc533fef92d1d358e570f69d979919fe5c1cd8c4da49841104b49a1e661a5ac3""}",99824aec38de078fec1f0494f1d0772214104fc465285ae21a3e439c255cf3b5
1,216,formal-v1__profile__pyxel_bubbles__gpu_compute__p050__r02,formal-v1,profile,not_applicable,pressure_profile,"[""pyxel_bubbles""]",pyxel_bubbles,[],,,gpu_compute,0.5,2,6978072715969981528,10,30,1,10,windows-rtx4060,0,0,grid_2x2,true,84,a36b78d2998befbd10330adef8f5ab1f813a7a68144bd44a59f55bb779224525,608d817cd8d44787fc0ba4c2f2ee507f0b4c987f,data/raw/remaining-s30/formal-v1/formal-v1__profile__pyxel_bubbles__gpu_compute__p050__r02,"{""pyxel_bubbles"":""games/pyxel/06_click_game.py""}","{""pyxel_bubbles"":""54c101e90bdaed839ac4c4284494530d5df37a5819a35f1e41eebb0b3da5d900""}",7e1c64e7a1dea71ed7c962d6f589bd37bfe478525b4671e40244abda6fefff78
1,217,formal-v1__colocation__pyxel_bubbles+pyxel_snake__r02,formal-v1,colocation-main,test,colocation,"[""pyxel_bubbles"",""pyxel_snake""]",pyxel_bubbles,"[""pyxel_snake""]",pyxel_bubbles+pyxel_snake,pyxel_bubbles+pyxel_snake__r02,,,2,16014323964850878645,10,30,1,10,windows-rtx4060,0,0,grid_2x2,true,84,a36b78d2998befbd10330adef8f5ab1f813a7a68144bd44a59f55bb779224525,608d817cd8d44787fc0ba4c2f2ee507f0b4c987f,data/raw/remaining-s30/formal-v1/formal-v1__colocation__pyxel_bubbles+pyxel_snake__r02,"{""pyxel_bubbles"":""games/pyxel/06_click_game.py"",""pyxel_snake"":""games/pyxel/07_snake.py""}","{""pyxel_bubbles"":""54c101e90bdaed839ac4c4284494530d5df37a5819a35f1e41eebb0b3da5d900"",""pyxel_snake"":""bc533fef92d1d358e570f69d979919fe5c1cd8c4da49841104b49a1e661a5ac3""}",269b9c128880c2ed5c2cb2f99351fd4fdc345dfc88dfacf4013882d6c50e6ecc
1,218,formal-v1__profile__pyxel_jump__cpu_compute__p050__r01,formal-v1,profile,not_applicable,pressure_profile,"[""pyxel_jump""]",pyxel_jump,[],,,cpu_compute,0.5,1,6104497215014559967,10,30,1,10,windows-rtx4060,0,0,grid_2x2,true,84,a36b78d2998befbd10330adef8f5ab1f813a7a68144bd44a59f55bb779224525,608d817cd8d44787fc0ba4c2f2ee507f0b4c987f,data/raw/remaining-s30/formal-v1/formal-v1__profile__pyxel_jump__cpu_compute__p050__r01,"{""pyxel_jump"":""games/pyxel/02_jump_game.py""}","{""pyxel_jump"":""4743a825f1c9cae7e049ac52115f4ecf83350db546c00745a54af187d7bc2e46""}",7acdf9f80d0f7faa562d91578a2b0489a967bf4fd111c3a7d65ea6d7419dd088
1,219,formal-v1__colocation__daylight+pyxel_shooter+pyxel_snake__r02,formal-v1,colocation-main,train,colocation,"[""daylight"",""pyxel_shooter"",""pyxel_snake""]",daylight,"[""pyxel_shooter"",""pyxel_snake""]",daylight+pyxel_shooter+pyxel_snake,daylight+pyxel_shooter+pyxel_snake__r02,,,2,16060450979115828123,10,30,1,10,windows-rtx4060,0,0,grid_2x2,true,84,a36b78d2998befbd10330adef8f5ab1f813a7a68144bd44a59f55bb779224525,608d817cd8d44787fc0ba4c2f2ee507f0b4c987f,data/raw/remaining-s30/formal-v1/formal-v1__colocation__daylight+pyxel_shooter+pyxel_snake__r02,"{""daylight"":""games/pyxel/apps-src/30SecondsOfDaylight/src/main.py"",""pyxel_shooter"":""games/pyxel/09_shooter.py"",""pyxel_snake"":""games/pyxel/07_snake.py""}","{""daylight"":""21a365375249e9d7ea05e78dcfe040f09cc1f0c66bd410bae084190c743a028f"",""pyxel_shooter"":""0f53e4156907eac41080a8f289e22c89365b3239517c754cf59a51af201d5563"",""pyxel_snake"":""bc533fef92d1d358e570f69d979919fe5c1cd8c4da49841104b49a1e661a5ac3""}",b20d91d3b052bf5a6cc1ab1110e4b77f2f937029b0a48793ff91550de0a3b19f
1,220,formal-v1__solo__pyxel_bubbles__r01,formal-v1,solo,not_applicable,solo,"[""pyxel_bubbles""]",pyxel_bubbles,[],,,,,1,17111230279661221694,10,30,1,10,windows-rtx4060,0,0,grid_2x2,true,84,a36b78d2998befbd10330adef8f5ab1f813a7a68144bd44a59f55bb779224525,608d817cd8d44787fc0ba4c2f2ee507f0b4c987f,data/raw/remaining-s30/formal-v1/formal-v1__solo__pyxel_bubbles__r01,"{""pyxel_bubbles"":""games/pyxel/06_click_game.py""}","{""pyxel_bubbles"":""54c101e90bdaed839ac4c4284494530d5df37a5819a35f1e41eebb0b3da5d900""}",bfe8287b63cef784554ee212d6990d465680e14ef20379d155dc7ef20c08b5ad
1,221,formal-v1__profile__space_rescue__memory_bandwidth__p025__r03,formal-v1,profile,not_applicable,pressure_profile,"[""space_rescue""]",space_rescue,[],,,memory_bandwidth,0.25,3,974195991618032637,10,30,1,10,windows-rtx4060,0,0,grid_2x2,true,84,a36b78d2998befbd10330adef8f5ab1f813a7a68144bd44a59f55bb779224525,608d817cd8d44787fc0ba4c2f2ee507f0b4c987f,data/raw/remaining-s30/formal-v1/formal-v1__profile__space_rescue__memory_bandwidth__p025__r03,"{""space_rescue"":""games/pyxel/apps-src/space_rescue/space_rescue.py""}","{""space_rescue"":""f3b0ab6784ae558e64f06a3f0a704e53f107a130aa3d43357659d0850131e461""}",3a17252a3238dd14d4f10773b3f9eaebda02e6edbfacd10de05e767cbc3b5ee8
1,222,formal-v1__profile__pyxel_jump__gpu_compute__p075__r02,formal-v1,profile,not_applicable,pressure_profile,"[""pyxel_jump""]",pyxel_jump,[],,,gpu_compute,0.75,2,3015892812821809057,10,30,1,10,windows-rtx4060,0,0,grid_2x2,true,84,a36b78d2998befbd10330adef8f5ab1f813a7a68144bd44a59f55bb779224525,608d817cd8d44787fc0ba4c2f2ee507f0b4c987f,data/raw/remaining-s30/formal-v1/formal-v1__profile__pyxel_jump__gpu_compute__p075__r02,"{""pyxel_jump"":""games/pyxel/02_jump_game.py""}","{""pyxel_jump"":""4743a825f1c9cae7e049ac52115f4ecf83350db546c00745a54af187d7bc2e46""}",8082b2541521a88a717cabbbce6b771308877d6527762cb22d2b9d4fb8b3902b
1,223,formal-v1__colocation__pyxel_bubbles+pyxel_snake__r01,formal-v1,colocation-main,test,colocation,"[""pyxel_bubbles"",""pyxel_snake""]",pyxel_bubbles,"[""pyxel_snake""]",pyxel_bubbles+pyxel_snake,pyxel_bubbles+pyxel_snake__r01,,,1,4272144397152138260,10,30,1,10,windows-rtx4060,0,0,grid_2x2,true,84,a36b78d2998befbd10330adef8f5ab1f813a7a68144bd44a59f55bb779224525,608d817cd8d44787fc0ba4c2f2ee507f0b4c987f,data/raw/remaining-s30/formal-v1/formal-v1__colocation__pyxel_bubbles+pyxel_snake__r01,"{""pyxel_bubbles"":""games/pyxel/06_click_game.py"",""pyxel_snake"":""games/pyxel/07_snake.py""}","{""pyxel_bubbles"":""54c101e90bdaed839ac4c4284494530d5df37a5819a35f1e41eebb0b3da5d900"",""pyxel_snake"":""bc533fef92d1d358e570f69d979919fe5c1cd8c4da49841104b49a1e661a5ac3""}",99ba7f5ac68a5a63ca1ee5fbec755776789b40d04efbef093b44abdc9adfc1db
1,224,formal-v1__profile__mega_wing__cpu_compute__p100__r02,formal-v1,profile,not_applicable,pressure_profile,"[""mega_wing""]",mega_wing,[],,,cpu_compute,1,2,13879960688413478979,10,30,1,10,windows-rtx4060,0,0,grid_2x2,true,84,a36b78d2998befbd10330adef8f5ab1f813a7a68144bd44a59f55bb779224525,608d817cd8d44787fc0ba4c2f2ee507f0b4c987f,data/raw/remaining-s30/formal-v1/formal-v1__profile__mega_wing__cpu_compute__p100__r02,"{""mega_wing"":""games/pyxel/apps-src/mega_wing/mega_wing.py""}","{""mega_wing"":""86bad6c02a303806c58137503739241dc6b1e86695f7c0dbf672b5e1a1464e9f""}",a314913a22f04b3655347251b35ed585f0b20bf4a6d528d03b2d6ea951ff3c46
1,225,formal-v1__profile__daylight__memory_bandwidth__p050__r02,formal-v1,profile,not_applicable,pressure_profile,"[""daylight""]",daylight,[],,,memory_bandwidth,0.5,2,8138192367504666085,10,30,1,10,windows-rtx4060,0,0,grid_2x2,true,84,a36b78d2998befbd10330adef8f5ab1f813a7a68144bd44a59f55bb779224525,608d817cd8d44787fc0ba4c2f2ee507f0b4c987f,data/raw/remaining-s30/formal-v1/formal-v1__profile__daylight__memory_bandwidth__p050__r02,"{""daylight"":""games/pyxel/apps-src/30SecondsOfDaylight/src/main.py""}","{""daylight"":""21a365375249e9d7ea05e78dcfe040f09cc1f0c66bd410bae084190c743a028f""}",46e11d89406bac3e44f16a688b80e62a960e91d13c49b391e030f59a8bbb0e60
1,226,formal-v1__profile__pyxel_snake__cpu_compute__p050__r02,formal-v1,profile,not_applicable,pressure_profile,"[""pyxel_snake""]",pyxel_snake,[],,,cpu_compute,0.5,2,2320957124972599974,10,30,1,10,windows-rtx4060,0,0,grid_2x2,true,84,a36b78d2998befbd10330adef8f5ab1f813a7a68144bd44a59f55bb779224525,608d817cd8d44787fc0ba4c2f2ee507f0b4c987f,data/raw/remaining-s30/formal-v1/formal-v1__profile__pyxel_snake__cpu_compute__p050__r02,"{""pyxel_snake"":""games/pyxel/07_snake.py""}","{""pyxel_snake"":""bc533fef92d1d358e570f69d979919fe5c1cd8c4da49841104b49a1e661a5ac3""}",17cc4eac5d8716f194cdffc4d6e511d06d694900f30fc54f939ffe05a5e789c1
1,227,formal-v1__profile__daylight__gpu_compute__p050__r03,formal-v1,profile,not_applicable,pressure_profile,"[""daylight""]",daylight,[],,,gpu_compute,0.5,3,8172916671657072093,10,30,1,10,windows-rtx4060,0,0,grid_2x2,true,84,a36b78d2998befbd10330adef8f5ab1f813a7a68144bd44a59f55bb779224525,608d817cd8d44787fc0ba4c2f2ee507f0b4c987f,data/raw/remaining-s30/formal-v1/formal-v1__profile__daylight__gpu_compute__p050__r03,"{""daylight"":""games/pyxel/apps-src/30SecondsOfDaylight/src/main.py""}","{""daylight"":""21a365375249e9d7ea05e78dcfe040f09cc1f0c66bd410bae084190c743a028f""}",5573e73169d8d0104000a7aeeca4f0dcc9c23e46f81e5ed20f2e49e09c0b7a66
1,228,formal-v1__solo__pyxel_snake__r03,formal-v1,solo,not_applicable,solo,"[""pyxel_snake""]",pyxel_snake,[],,,,,3,11244710782208348410,10,30,1,10,windows-rtx4060,0,0,grid_2x2,true,84,a36b78d2998befbd10330adef8f5ab1f813a7a68144bd44a59f55bb779224525,608d817cd8d44787fc0ba4c2f2ee507f0b4c987f,data/raw/remaining-s30/formal-v1/formal-v1__solo__pyxel_snake__r03,"{""pyxel_snake"":""games/pyxel/07_snake.py""}","{""pyxel_snake"":""bc533fef92d1d358e570f69d979919fe5c1cd8c4da49841104b49a1e661a5ac3""}",d88df4c6b4399ec0605c2f5cb7df535e85f8d7ea00f78c8d1672eac5b0eea3ba
1,229,formal-v1__profile__daylight__cpu_compute__p025__r01,formal-v1,profile,not_applicable,pressure_profile,"[""daylight""]",daylight,[],,,cpu_compute,0.25,1,8546134627183824773,10,30,1,10,windows-rtx4060,0,0,grid_2x2,true,84,a36b78d2998befbd10330adef8f5ab1f813a7a68144bd44a59f55bb779224525,608d817cd8d44787fc0ba4c2f2ee507f0b4c987f,data/raw/remaining-s30/formal-v1/formal-v1__profile__daylight__cpu_compute__p025__r01,"{""daylight"":""games/pyxel/apps-src/30SecondsOfDaylight/src/main.py""}","{""daylight"":""21a365375249e9d7ea05e78dcfe040f09cc1f0c66bd410bae084190c743a028f""}",f4f8248e283faa273b27d79e303bac00c604fb6af2efe27e25a0d00d0602d664
1,230,formal-v1__profile__mega_wing__cpu_compute__p000__r01,formal-v1,profile,not_applicable,pressure_profile,"[""mega_wing""]",mega_wing,[],,,cpu_compute,0,1,3386378885876565655,10,30,1,10,windows-rtx4060,0,0,grid_2x2,true,84,a36b78d2998befbd10330adef8f5ab1f813a7a68144bd44a59f55bb779224525,608d817cd8d44787fc0ba4c2f2ee507f0b4c987f,data/raw/remaining-s30/formal-v1/formal-v1__profile__mega_wing__cpu_compute__p000__r01,"{""mega_wing"":""games/pyxel/apps-src/mega_wing/mega_wing.py""}","{""mega_wing"":""86bad6c02a303806c58137503739241dc6b1e86695f7c0dbf672b5e1a1464e9f""}",0ce284baa1c0911418fe45d233268fadf80e04292e48558b37cfd685a6424856
1,231,formal-v1__profile__pyxel_bubbles__gpu_compute__p100__r03,formal-v1,profile,not_applicable,pressure_profile,"[""pyxel_bubbles""]",pyxel_bubbles,[],,,gpu_compute,1,3,399030813832862700,10,30,1,10,windows-rtx4060,0,0,grid_2x2,true,84,a36b78d2998befbd10330adef8f5ab1f813a7a68144bd44a59f55bb779224525,608d817cd8d44787fc0ba4c2f2ee507f0b4c987f,data/raw/remaining-s30/formal-v1/formal-v1__profile__pyxel_bubbles__gpu_compute__p100__r03,"{""pyxel_bubbles"":""games/pyxel/06_click_game.py""}","{""pyxel_bubbles"":""54c101e90bdaed839ac4c4284494530d5df37a5819a35f1e41eebb0b3da5d900""}",7ae89c80110aaf9ad071491d95dfa14e692851d921a5c0898862f40a13d2a34f
1,232,formal-v1__profile__pyxel_platformer__cpu_compute__p000__r01,formal-v1,profile,not_applicable,pressure_profile,"[""pyxel_platformer""]",pyxel_platformer,[],,,cpu_compute,0,1,10964048351124160320,10,30,1,10,windows-rtx4060,0,0,grid_2x2,true,84,a36b78d2998befbd10330adef8f5ab1f813a7a68144bd44a59f55bb779224525,608d817cd8d44787fc0ba4c2f2ee507f0b4c987f,data/raw/remaining-s30/formal-v1/formal-v1__profile__pyxel_platformer__cpu_compute__p000__r01,"{""pyxel_platformer"":""games/pyxel/10_platformer.py""}","{""pyxel_platformer"":""1b2c75b49dc9ab0254fb4b724682a4787868814a38d2f08920720dc5b6007ac5""}",b14bcbacafb8291d4dc293a56c7c1d5438e87fbe158d520ac99ce2c63f0741d2
1,233,formal-v1__extra__daylight+pyxel_platformer+pyxel_shooter+pyxel_snake__r01,formal-v1,colocation-extra-test,extra_test,extra_test,"[""daylight"",""pyxel_platformer"",""pyxel_shooter"",""pyxel_snake""]",daylight,"[""pyxel_platformer"",""pyxel_shooter"",""pyxel_snake""]",daylight+pyxel_platformer+pyxel_shooter+pyxel_snake,daylight+pyxel_platformer+pyxel_shooter+pyxel_snake__r01,,,1,16076299598703602005,10,30,1,10,windows-rtx4060,0,0,grid_2x2,true,84,a36b78d2998befbd10330adef8f5ab1f813a7a68144bd44a59f55bb779224525,608d817cd8d44787fc0ba4c2f2ee507f0b4c987f,data/raw/remaining-s30/formal-v1/formal-v1__extra__daylight+pyxel_platformer+pyxel_shooter+pyxel_snake__r01,"{""daylight"":""games/pyxel/apps-src/30SecondsOfDaylight/src/main.py"",""pyxel_platformer"":""games/pyxel/10_platformer.py"",""pyxel_shooter"":""games/pyxel/09_shooter.py"",""pyxel_snake"":""games/pyxel/07_snake.py""}","{""daylight"":""21a365375249e9d7ea05e78dcfe040f09cc1f0c66bd410bae084190c743a028f"",""pyxel_platformer"":""1b2c75b49dc9ab0254fb4b724682a4787868814a38d2f08920720dc5b6007ac5"",""pyxel_shooter"":""0f53e4156907eac41080a8f289e22c89365b3239517c754cf59a51af201d5563"",""pyxel_snake"":""bc533fef92d1d358e570f69d979919fe5c1cd8c4da49841104b49a1e661a5ac3""}",816a24a20ec2ec3d79b1c18380f93f69f8e62144f0ccf97abccac7dc96721e06
1,234,formal-v1__profile__daylight__gpu_compute__p075__r02,formal-v1,profile,not_applicable,pressure_profile,"[""daylight""]",daylight,[],,,gpu_compute,0.75,2,16482551770301428842,10,30,1,10,windows-rtx4060,0,0,grid_2x2,true,84,a36b78d2998befbd10330adef8f5ab1f813a7a68144bd44a59f55bb779224525,608d817cd8d44787fc0ba4c2f2ee507f0b4c987f,data/raw/remaining-s30/formal-v1/formal-v1__profile__daylight__gpu_compute__p075__r02,"{""daylight"":""games/pyxel/apps-src/30SecondsOfDaylight/src/main.py""}","{""daylight"":""21a365375249e9d7ea05e78dcfe040f09cc1f0c66bd410bae084190c743a028f""}",376f1e4e20aa07886a6f58030d60820aa45c42dc83d2b17abf968e33918e44e1
1,235,formal-v1__profile__pyxel_shooter__gpu_memory__p025__r02,formal-v1,profile,not_applicable,pressure_profile,"[""pyxel_shooter""]",pyxel_shooter,[],,,gpu_memory,0.25,2,8646546913955020733,10,30,1,10,windows-rtx4060,0,0,grid_2x2,true,84,a36b78d2998befbd10330adef8f5ab1f813a7a68144bd44a59f55bb779224525,608d817cd8d44787fc0ba4c2f2ee507f0b4c987f,data/raw/remaining-s30/formal-v1/formal-v1__profile__pyxel_shooter__gpu_memory__p025__r02,"{""pyxel_shooter"":""games/pyxel/09_shooter.py""}","{""pyxel_shooter"":""0f53e4156907eac41080a8f289e22c89365b3239517c754cf59a51af201d5563""}",e3c6b3f9e038642e044476f49373ccb611437eaf983a90ea43aeefa2810c4a03
1,236,formal-v1__profile__pyxel_snake__gpu_compute__p050__r01,formal-v1,profile,not_applicable,pressure_profile,"[""pyxel_snake""]",pyxel_snake,[],,,gpu_compute,0.5,1,13682793963391115016,10,30,1,10,windows-rtx4060,0,0,grid_2x2,true,84,a36b78d2998befbd10330adef8f5ab1f813a7a68144bd44a59f55bb779224525,608d817cd8d44787fc0ba4c2f2ee507f0b4c987f,data/raw/remaining-s30/formal-v1/formal-v1__profile__pyxel_snake__gpu_compute__p050__r01,"{""pyxel_snake"":""games/pyxel/07_snake.py""}","{""pyxel_snake"":""bc533fef92d1d358e570f69d979919fe5c1cd8c4da49841104b49a1e661a5ac3""}",2d9e9a67846aa4198a2c6be50c448b1f6d156d2a6de362f3a61a4f42e6c6b416
1,237,formal-v1__colocation__daylight+pyxel_bubbles+pyxel_platformer__r01,formal-v1,colocation-main,test,colocation,"[""daylight"",""pyxel_bubbles"",""pyxel_platformer""]",daylight,"[""pyxel_bubbles"",""pyxel_platformer""]",daylight+pyxel_bubbles+pyxel_platformer,daylight+pyxel_bubbles+pyxel_platformer__r01,,,1,12478490643540389889,10,30,1,10,windows-rtx4060,0,0,grid_2x2,true,84,a36b78d2998befbd10330adef8f5ab1f813a7a68144bd44a59f55bb779224525,608d817cd8d44787fc0ba4c2f2ee507f0b4c987f,data/raw/remaining-s30/formal-v1/formal-v1__colocation__daylight+pyxel_bubbles+pyxel_platformer__r01,"{""daylight"":""games/pyxel/apps-src/30SecondsOfDaylight/src/main.py"",""pyxel_bubbles"":""games/pyxel/06_click_game.py"",""pyxel_platformer"":""games/pyxel/10_platformer.py""}","{""daylight"":""21a365375249e9d7ea05e78dcfe040f09cc1f0c66bd410bae084190c743a028f"",""pyxel_bubbles"":""54c101e90bdaed839ac4c4284494530d5df37a5819a35f1e41eebb0b3da5d900"",""pyxel_platformer"":""1b2c75b49dc9ab0254fb4b724682a4787868814a38d2f08920720dc5b6007ac5""}",9a61c8bd8b5d2b126415eed2ac58d8535020ee21a30c0536e17c6af4bddda9bc
1,238,formal-v1__profile__pyxel_snake__memory_bandwidth__p075__r03,formal-v1,profile,not_applicable,pressure_profile,"[""pyxel_snake""]",pyxel_snake,[],,,memory_bandwidth,0.75,3,11339435162131692225,10,30,1,10,windows-rtx4060,0,0,grid_2x2,true,84,a36b78d2998befbd10330adef8f5ab1f813a7a68144bd44a59f55bb779224525,608d817cd8d44787fc0ba4c2f2ee507f0b4c987f,data/raw/remaining-s30/formal-v1/formal-v1__profile__pyxel_snake__memory_bandwidth__p075__r03,"{""pyxel_snake"":""games/pyxel/07_snake.py""}","{""pyxel_snake"":""bc533fef92d1d358e570f69d979919fe5c1cd8c4da49841104b49a1e661a5ac3""}",598d59887ed092ddd69d7192a6eb704ef0db39e264ef686df567a0a7d46ff1a4
1,239,formal-v1__profile__daylight__cpu_compute__p050__r02,formal-v1,profile,not_applicable,pressure_profile,"[""daylight""]",daylight,[],,,cpu_compute,0.5,2,3838096314104336505,10,30,1,10,windows-rtx4060,0,0,grid_2x2,true,84,a36b78d2998befbd10330adef8f5ab1f813a7a68144bd44a59f55bb779224525,608d817cd8d44787fc0ba4c2f2ee507f0b4c987f,data/raw/remaining-s30/formal-v1/formal-v1__profile__daylight__cpu_compute__p050__r02,"{""daylight"":""games/pyxel/apps-src/30SecondsOfDaylight/src/main.py""}","{""daylight"":""21a365375249e9d7ea05e78dcfe040f09cc1f0c66bd410bae084190c743a028f""}",0b1a1b97970bef93a54d6bacc82eb73bd872632f3e86e80adc1d54632ddf27dc
1,240,formal-v1__profile__pyxel_bubbles__gpu_memory__p050__r03,formal-v1,profile,not_applicable,pressure_profile,"[""pyxel_bubbles""]",pyxel_bubbles,[],,,gpu_memory,0.5,3,18351449568058031569,10,30,1,10,windows-rtx4060,0,0,grid_2x2,true,84,a36b78d2998befbd10330adef8f5ab1f813a7a68144bd44a59f55bb779224525,608d817cd8d44787fc0ba4c2f2ee507f0b4c987f,data/raw/remaining-s30/formal-v1/formal-v1__profile__pyxel_bubbles__gpu_memory__p050__r03,"{""pyxel_bubbles"":""games/pyxel/06_click_game.py""}","{""pyxel_bubbles"":""54c101e90bdaed839ac4c4284494530d5df37a5819a35f1e41eebb0b3da5d900""}",83a9e427b270ae92f8da4febda7f109c0566a4452f91eb8deaf9bbb094f2c02d
1,241,formal-v1__colocation__daylight+pyxel_shooter__r02,formal-v1,colocation-main,test,colocation,"[""daylight"",""pyxel_shooter""]",daylight,"[""pyxel_shooter""]",daylight+pyxel_shooter,daylight+pyxel_shooter__r02,,,2,6307768475063823143,10,30,1,10,windows-rtx4060,0,0,grid_2x2,true,84,a36b78d2998befbd10330adef8f5ab1f813a7a68144bd44a59f55bb779224525,608d817cd8d44787fc0ba4c2f2ee507f0b4c987f,data/raw/remaining-s30/formal-v1/formal-v1__colocation__daylight+pyxel_shooter__r02,"{""daylight"":""games/pyxel/apps-src/30SecondsOfDaylight/src/main.py"",""pyxel_shooter"":""games/pyxel/09_shooter.py""}","{""daylight"":""21a365375249e9d7ea05e78dcfe040f09cc1f0c66bd410bae084190c743a028f"",""pyxel_shooter"":""0f53e4156907eac41080a8f289e22c89365b3239517c754cf59a51af201d5563""}",3533f5512c5c5243b022b724eebd80feda2043820f8f605763db577b78ee9c58
1,242,formal-v1__profile__pyxel_platformer__cpu_compute__p000__r02,formal-v1,profile,not_applicable,pressure_profile,"[""pyxel_platformer""]",pyxel_platformer,[],,,cpu_compute,0,2,14258000445704572170,10,30,1,10,windows-rtx4060,0,0,grid_2x2,true,84,a36b78d2998befbd10330adef8f5ab1f813a7a68144bd44a59f55bb779224525,608d817cd8d44787fc0ba4c2f2ee507f0b4c987f,data/raw/remaining-s30/formal-v1/formal-v1__profile__pyxel_platformer__cpu_compute__p000__r02,"{""pyxel_platformer"":""games/pyxel/10_platformer.py""}","{""pyxel_platformer"":""1b2c75b49dc9ab0254fb4b724682a4787868814a38d2f08920720dc5b6007ac5""}",23404629680396aee8c07d4275730fe5ce23b9f9866cf6db70bbafa391ef3faa
1,243,formal-v1__colocation__pyxel_jump+pyxel_shooter+pyxel_snake__r01,formal-v1,colocation-main,train,colocation,"[""pyxel_jump"",""pyxel_shooter"",""pyxel_snake""]",pyxel_jump,"[""pyxel_shooter"",""pyxel_snake""]",pyxel_jump+pyxel_shooter+pyxel_snake,pyxel_jump+pyxel_shooter+pyxel_snake__r01,,,1,13404442039301235090,10,30,1,10,windows-rtx4060,0,0,grid_2x2,true,84,a36b78d2998befbd10330adef8f5ab1f813a7a68144bd44a59f55bb779224525,608d817cd8d44787fc0ba4c2f2ee507f0b4c987f,data/raw/remaining-s30/formal-v1/formal-v1__colocation__pyxel_jump+pyxel_shooter+pyxel_snake__r01,"{""pyxel_jump"":""games/pyxel/02_jump_game.py"",""pyxel_shooter"":""games/pyxel/09_shooter.py"",""pyxel_snake"":""games/pyxel/07_snake.py""}","{""pyxel_jump"":""4743a825f1c9cae7e049ac52115f4ecf83350db546c00745a54af187d7bc2e46"",""pyxel_shooter"":""0f53e4156907eac41080a8f289e22c89365b3239517c754cf59a51af201d5563"",""pyxel_snake"":""bc533fef92d1d358e570f69d979919fe5c1cd8c4da49841104b49a1e661a5ac3""}",fcd63de370686878a5936342097d6e6cfc928af16f36ac8cec38e4d47fe4156c
1,244,formal-v1__profile__pyxel_jump__gpu_memory__p075__r03,formal-v1,profile,not_applicable,pressure_profile,"[""pyxel_jump""]",pyxel_jump,[],,,gpu_memory,0.75,3,16428684141305639129,10,30,1,10,windows-rtx4060,0,0,grid_2x2,true,84,a36b78d2998befbd10330adef8f5ab1f813a7a68144bd44a59f55bb779224525,608d817cd8d44787fc0ba4c2f2ee507f0b4c987f,data/raw/remaining-s30/formal-v1/formal-v1__profile__pyxel_jump__gpu_memory__p075__r03,"{""pyxel_jump"":""games/pyxel/02_jump_game.py""}","{""pyxel_jump"":""4743a825f1c9cae7e049ac52115f4ecf83350db546c00745a54af187d7bc2e46""}",f77ad0234765e761fc6e82c2e0e12049b175ce98028713c8707644c190c87ac8
1,245,formal-v1__colocation__mega_wing+pyxel_snake+space_rescue__r02,formal-v1,colocation-main,train,colocation,"[""mega_wing"",""pyxel_snake"",""space_rescue""]",mega_wing,"[""pyxel_snake"",""space_rescue""]",mega_wing+pyxel_snake+space_rescue,mega_wing+pyxel_snake+space_rescue__r02,,,2,10501798218637475275,10,30,1,10,windows-rtx4060,0,0,grid_2x2,true,84,a36b78d2998befbd10330adef8f5ab1f813a7a68144bd44a59f55bb779224525,608d817cd8d44787fc0ba4c2f2ee507f0b4c987f,data/raw/remaining-s30/formal-v1/formal-v1__colocation__mega_wing+pyxel_snake+space_rescue__r02,"{""mega_wing"":""games/pyxel/apps-src/mega_wing/mega_wing.py"",""pyxel_snake"":""games/pyxel/07_snake.py"",""space_rescue"":""games/pyxel/apps-src/space_rescue/space_rescue.py""}","{""mega_wing"":""86bad6c02a303806c58137503739241dc6b1e86695f7c0dbf672b5e1a1464e9f"",""pyxel_snake"":""bc533fef92d1d358e570f69d979919fe5c1cd8c4da49841104b49a1e661a5ac3"",""space_rescue"":""f3b0ab6784ae558e64f06a3f0a704e53f107a130aa3d43357659d0850131e461""}",419e841dd9ee154869ac0ba6f244818b6d76ed50bcff061b9883dbd21e1f00b4
1,246,formal-v1__profile__mega_wing__gpu_compute__p000__r01,formal-v1,profile,not_applicable,pressure_profile,"[""mega_wing""]",mega_wing,[],,,gpu_compute,0,1,15245046965239891073,10,30,1,10,windows-rtx4060,0,0,grid_2x2,true,84,a36b78d2998befbd10330adef8f5ab1f813a7a68144bd44a59f55bb779224525,608d817cd8d44787fc0ba4c2f2ee507f0b4c987f,data/raw/remaining-s30/formal-v1/formal-v1__profile__mega_wing__gpu_compute__p000__r01,"{""mega_wing"":""games/pyxel/apps-src/mega_wing/mega_wing.py""}","{""mega_wing"":""86bad6c02a303806c58137503739241dc6b1e86695f7c0dbf672b5e1a1464e9f""}",dee7b001a7918b1edd55b4bf3307ffdb1c50223bcd3edf88d7c6d99a24efad70
1,247,formal-v1__colocation__pyxel_jump+pyxel_shooter__r02,formal-v1,colocation-main,train,colocation,"[""pyxel_jump"",""pyxel_shooter""]",pyxel_jump,"[""pyxel_shooter""]",pyxel_jump+pyxel_shooter,pyxel_jump+pyxel_shooter__r02,,,2,3021531922104725446,10,30,1,10,windows-rtx4060,0,0,grid_2x2,true,84,a36b78d2998befbd10330adef8f5ab1f813a7a68144bd44a59f55bb779224525,608d817cd8d44787fc0ba4c2f2ee507f0b4c987f,data/raw/remaining-s30/formal-v1/formal-v1__colocation__pyxel_jump+pyxel_shooter__r02,"{""pyxel_jump"":""games/pyxel/02_jump_game.py"",""pyxel_shooter"":""games/pyxel/09_shooter.py""}","{""pyxel_jump"":""4743a825f1c9cae7e049ac52115f4ecf83350db546c00745a54af187d7bc2e46"",""pyxel_shooter"":""0f53e4156907eac41080a8f289e22c89365b3239517c754cf59a51af201d5563""}",45bddd42000a0a2b3729de96c7c7adc73c8e4ee274a49475471e0e048db777b8
1,248,formal-v1__profile__mega_wing__gpu_compute__p100__r02,formal-v1,profile,not_applicable,pressure_profile,"[""mega_wing""]",mega_wing,[],,,gpu_compute,1,2,7358260585065794855,10,30,1,10,windows-rtx4060,0,0,grid_2x2,true,84,a36b78d2998befbd10330adef8f5ab1f813a7a68144bd44a59f55bb779224525,608d817cd8d44787fc0ba4c2f2ee507f0b4c987f,data/raw/remaining-s30/formal-v1/formal-v1__profile__mega_wing__gpu_compute__p100__r02,"{""mega_wing"":""games/pyxel/apps-src/mega_wing/mega_wing.py""}","{""mega_wing"":""86bad6c02a303806c58137503739241dc6b1e86695f7c0dbf672b5e1a1464e9f""}",fda1f3b13e312e929877b486fd6c90fe74e7962112b1a195638826343444a3c6
1,249,formal-v1__profile__pyxel_snake__memory_bandwidth__p075__r01,formal-v1,profile,not_applicable,pressure_profile,"[""pyxel_snake""]",pyxel_snake,[],,,memory_bandwidth,0.75,1,7094114291409562001,10,30,1,10,windows-rtx4060,0,0,grid_2x2,true,84,a36b78d2998befbd10330adef8f5ab1f813a7a68144bd44a59f55bb779224525,608d817cd8d44787fc0ba4c2f2ee507f0b4c987f,data/raw/remaining-s30/formal-v1/formal-v1__profile__pyxel_snake__memory_bandwidth__p075__r01,"{""pyxel_snake"":""games/pyxel/07_snake.py""}","{""pyxel_snake"":""bc533fef92d1d358e570f69d979919fe5c1cd8c4da49841104b49a1e661a5ac3""}",9d45d639c920739a21c5399ab0c9753de906d2afb49c87a8c8ae0c4539b20f20
1,250,formal-v1__profile__mega_wing__gpu_memory__p100__r01,formal-v1,profile,not_applicable,pressure_profile,"[""mega_wing""]",mega_wing,[],,,gpu_memory,1,1,387244886282678473,10,30,1,10,windows-rtx4060,0,0,grid_2x2,true,84,a36b78d2998befbd10330adef8f5ab1f813a7a68144bd44a59f55bb779224525,608d817cd8d44787fc0ba4c2f2ee507f0b4c987f,data/raw/remaining-s30/formal-v1/formal-v1__profile__mega_wing__gpu_memory__p100__r01,"{""mega_wing"":""games/pyxel/apps-src/mega_wing/mega_wing.py""}","{""mega_wing"":""86bad6c02a303806c58137503739241dc6b1e86695f7c0dbf672b5e1a1464e9f""}",7d12d6e04c171526e49d211fcea38b95d698dd0ba965e237f8087a15e2f986bc
1,251,formal-v1__profile__mega_wing__memory_bandwidth__p025__r02,formal-v1,profile,not_applicable,pressure_profile,"[""mega_wing""]",mega_wing,[],,,memory_bandwidth,0.25,2,8650441938824622028,10,30,1,10,windows-rtx4060,0,0,grid_2x2,true,84,a36b78d2998befbd10330adef8f5ab1f813a7a68144bd44a59f55bb779224525,608d817cd8d44787fc0ba4c2f2ee507f0b4c987f,data/raw/remaining-s30/formal-v1/formal-v1__profile__mega_wing__memory_bandwidth__p025__r02,"{""mega_wing"":""games/pyxel/apps-src/mega_wing/mega_wing.py""}","{""mega_wing"":""86bad6c02a303806c58137503739241dc6b1e86695f7c0dbf672b5e1a1464e9f""}",702aa0ac483e6e4145e484696038330663e33e06a0d5a56e5709609375283151
1,252,formal-v1__profile__mega_wing__gpu_compute__p025__r02,formal-v1,profile,not_applicable,pressure_profile,"[""mega_wing""]",mega_wing,[],,,gpu_compute,0.25,2,4840432919940231483,10,30,1,10,windows-rtx4060,0,0,grid_2x2,true,84,a36b78d2998befbd10330adef8f5ab1f813a7a68144bd44a59f55bb779224525,608d817cd8d44787fc0ba4c2f2ee507f0b4c987f,data/raw/remaining-s30/formal-v1/formal-v1__profile__mega_wing__gpu_compute__p025__r02,"{""mega_wing"":""games/pyxel/apps-src/mega_wing/mega_wing.py""}","{""mega_wing"":""86bad6c02a303806c58137503739241dc6b1e86695f7c0dbf672b5e1a1464e9f""}",1ab7cd1c80cd49dd2965b811758d4bcceeeb44cea3ba95cb299c5214fad356db
1,253,formal-v1__solo__pyxel_snake__r02,formal-v1,solo,not_applicable,solo,"[""pyxel_snake""]",pyxel_snake,[],,,,,2,11464821163851428927,10,30,1,10,windows-rtx4060,0,0,grid_2x2,true,84,a36b78d2998befbd10330adef8f5ab1f813a7a68144bd44a59f55bb779224525,608d817cd8d44787fc0ba4c2f2ee507f0b4c987f,data/raw/remaining-s30/formal-v1/formal-v1__solo__pyxel_snake__r02,"{""pyxel_snake"":""games/pyxel/07_snake.py""}","{""pyxel_snake"":""bc533fef92d1d358e570f69d979919fe5c1cd8c4da49841104b49a1e661a5ac3""}",6b3683a49647188978af1fa655a3e14f8ab0ca65b390a2e7ce283913b20f51ab
1,254,formal-v1__solo__pyxel_jump__r03,formal-v1,solo,not_applicable,solo,"[""pyxel_jump""]",pyxel_jump,[],,,,,3,796735531785357142,10,30,1,10,windows-rtx4060,0,0,grid_2x2,true,84,a36b78d2998befbd10330adef8f5ab1f813a7a68144bd44a59f55bb779224525,608d817cd8d44787fc0ba4c2f2ee507f0b4c987f,data/raw/remaining-s30/formal-v1/formal-v1__solo__pyxel_jump__r03,"{""pyxel_jump"":""games/pyxel/02_jump_game.py""}","{""pyxel_jump"":""4743a825f1c9cae7e049ac52115f4ecf83350db546c00745a54af187d7bc2e46""}",87fa2d513d2bd1347964e770c10410fc24920b0c92859fe8e2b896791a4a8310
1,255,formal-v1__profile__pyxel_bubbles__cpu_compute__p000__r03,formal-v1,profile,not_applicable,pressure_profile,"[""pyxel_bubbles""]",pyxel_bubbles,[],,,cpu_compute,0,3,1641150706676410786,10,30,1,10,windows-rtx4060,0,0,grid_2x2,true,84,a36b78d2998befbd10330adef8f5ab1f813a7a68144bd44a59f55bb779224525,608d817cd8d44787fc0ba4c2f2ee507f0b4c987f,data/raw/remaining-s30/formal-v1/formal-v1__profile__pyxel_bubbles__cpu_compute__p000__r03,"{""pyxel_bubbles"":""games/pyxel/06_click_game.py""}","{""pyxel_bubbles"":""54c101e90bdaed839ac4c4284494530d5df37a5819a35f1e41eebb0b3da5d900""}",d2ea4277f87775aee4b459f61c7ab9d583beb93d72dd1d2bab36044c81dcd7a0
1,256,formal-v1__profile__pyxel_bubbles__gpu_memory__p050__r01,formal-v1,profile,not_applicable,pressure_profile,"[""pyxel_bubbles""]",pyxel_bubbles,[],,,gpu_memory,0.5,1,8149412449238893867,10,30,1,10,windows-rtx4060,0,0,grid_2x2,true,84,a36b78d2998befbd10330adef8f5ab1f813a7a68144bd44a59f55bb779224525,608d817cd8d44787fc0ba4c2f2ee507f0b4c987f,data/raw/remaining-s30/formal-v1/formal-v1__profile__pyxel_bubbles__gpu_memory__p050__r01,"{""pyxel_bubbles"":""games/pyxel/06_click_game.py""}","{""pyxel_bubbles"":""54c101e90bdaed839ac4c4284494530d5df37a5819a35f1e41eebb0b3da5d900""}",51fcd265f15b3e270b765a3053042b7db326ecb8a70a376211e9e75349a41e6f
1,257,formal-v1__profile__pyxel_shooter__gpu_memory__p025__r01,formal-v1,profile,not_applicable,pressure_profile,"[""pyxel_shooter""]",pyxel_shooter,[],,,gpu_memory,0.25,1,4091941439442868672,10,30,1,10,windows-rtx4060,0,0,grid_2x2,true,84,a36b78d2998befbd10330adef8f5ab1f813a7a68144bd44a59f55bb779224525,608d817cd8d44787fc0ba4c2f2ee507f0b4c987f,data/raw/remaining-s30/formal-v1/formal-v1__profile__pyxel_shooter__gpu_memory__p025__r01,"{""pyxel_shooter"":""games/pyxel/09_shooter.py""}","{""pyxel_shooter"":""0f53e4156907eac41080a8f289e22c89365b3239517c754cf59a51af201d5563""}",1d921967e256aa76ae07d175825d3bcef9ea020498ae35195f1ed0081a1d60c1
1,258,formal-v1__profile__pyxel_snake__memory_bandwidth__p025__r03,formal-v1,profile,not_applicable,pressure_profile,"[""pyxel_snake""]",pyxel_snake,[],,,memory_bandwidth,0.25,3,1918439723937799694,10,30,1,10,windows-rtx4060,0,0,grid_2x2,true,84,a36b78d2998befbd10330adef8f5ab1f813a7a68144bd44a59f55bb779224525,608d817cd8d44787fc0ba4c2f2ee507f0b4c987f,data/raw/remaining-s30/formal-v1/formal-v1__profile__pyxel_snake__memory_bandwidth__p025__r03,"{""pyxel_snake"":""games/pyxel/07_snake.py""}","{""pyxel_snake"":""bc533fef92d1d358e570f69d979919fe5c1cd8c4da49841104b49a1e661a5ac3""}",c2da027b6f9e2d8770d9b53d0c6fdaab801df96c51dcada66a6883cc9482f6ed
1,259,formal-v1__profile__pyxel_bubbles__gpu_memory__p025__r03,formal-v1,profile,not_applicable,pressure_profile,"[""pyxel_bubbles""]",pyxel_bubbles,[],,,gpu_memory,0.25,3,11477786045026242425,10,30,1,10,windows-rtx4060,0,0,grid_2x2,true,84,a36b78d2998befbd10330adef8f5ab1f813a7a68144bd44a59f55bb779224525,608d817cd8d44787fc0ba4c2f2ee507f0b4c987f,data/raw/remaining-s30/formal-v1/formal-v1__profile__pyxel_bubbles__gpu_memory__p025__r03,"{""pyxel_bubbles"":""games/pyxel/06_click_game.py""}","{""pyxel_bubbles"":""54c101e90bdaed839ac4c4284494530d5df37a5819a35f1e41eebb0b3da5d900""}",4da4e09d50cde623f2b5ce5f215778dca1484b1d718ab49957f21f23f765cf39
1,260,formal-v1__extra__mega_wing+pyxel_jump+pyxel_platformer+pyxel_snake__r03,formal-v1,colocation-extra-test,extra_test,extra_test,"[""mega_wing"",""pyxel_jump"",""pyxel_platformer"",""pyxel_snake""]",mega_wing,"[""pyxel_jump"",""pyxel_platformer"",""pyxel_snake""]",mega_wing+pyxel_jump+pyxel_platformer+pyxel_snake,mega_wing+pyxel_jump+pyxel_platformer+pyxel_snake__r03,,,3,13832200803943975500,10,30,1,10,windows-rtx4060,0,0,grid_2x2,true,84,a36b78d2998befbd10330adef8f5ab1f813a7a68144bd44a59f55bb779224525,608d817cd8d44787fc0ba4c2f2ee507f0b4c987f,data/raw/remaining-s30/formal-v1/formal-v1__extra__mega_wing+pyxel_jump+pyxel_platformer+pyxel_snake__r03,"{""mega_wing"":""games/pyxel/apps-src/mega_wing/mega_wing.py"",""pyxel_jump"":""games/pyxel/02_jump_game.py"",""pyxel_platformer"":""games/pyxel/10_platformer.py"",""pyxel_snake"":""games/pyxel/07_snake.py""}","{""mega_wing"":""86bad6c02a303806c58137503739241dc6b1e86695f7c0dbf672b5e1a1464e9f"",""pyxel_jump"":""4743a825f1c9cae7e049ac52115f4ecf83350db546c00745a54af187d7bc2e46"",""pyxel_platformer"":""1b2c75b49dc9ab0254fb4b724682a4787868814a38d2f08920720dc5b6007ac5"",""pyxel_snake"":""bc533fef92d1d358e570f69d979919fe5c1cd8c4da49841104b49a1e661a5ac3""}",595a5c345c4229da6d4d3a80e7809a2dbcaf495564ea1764ff13a4bed8b78a0d
1,261,formal-v1__colocation__mega_wing+pyxel_snake+space_rescue__r01,formal-v1,colocation-main,train,colocation,"[""mega_wing"",""pyxel_snake"",""space_rescue""]",mega_wing,"[""pyxel_snake"",""space_rescue""]",mega_wing+pyxel_snake+space_rescue,mega_wing+pyxel_snake+space_rescue__r01,,,1,2211813992741978679,10,30,1,10,windows-rtx4060,0,0,grid_2x2,true,84,a36b78d2998befbd10330adef8f5ab1f813a7a68144bd44a59f55bb779224525,608d817cd8d44787fc0ba4c2f2ee507f0b4c987f,data/raw/remaining-s30/formal-v1/formal-v1__colocation__mega_wing+pyxel_snake+space_rescue__r01,"{""mega_wing"":""games/pyxel/apps-src/mega_wing/mega_wing.py"",""pyxel_snake"":""games/pyxel/07_snake.py"",""space_rescue"":""games/pyxel/apps-src/space_rescue/space_rescue.py""}","{""mega_wing"":""86bad6c02a303806c58137503739241dc6b1e86695f7c0dbf672b5e1a1464e9f"",""pyxel_snake"":""bc533fef92d1d358e570f69d979919fe5c1cd8c4da49841104b49a1e661a5ac3"",""space_rescue"":""f3b0ab6784ae558e64f06a3f0a704e53f107a130aa3d43357659d0850131e461""}",56e816535f05ddd3f2a974a7ded32931b0ff6e7fd301e0e01ca805d893768461
1,262,formal-v1__profile__pyxel_shooter__cpu_compute__p050__r02,formal-v1,profile,not_applicable,pressure_profile,"[""pyxel_shooter""]",pyxel_shooter,[],,,cpu_compute,0.5,2,5870398365522407540,10,30,1,10,windows-rtx4060,0,0,grid_2x2,true,84,a36b78d2998befbd10330adef8f5ab1f813a7a68144bd44a59f55bb779224525,608d817cd8d44787fc0ba4c2f2ee507f0b4c987f,data/raw/remaining-s30/formal-v1/formal-v1__profile__pyxel_shooter__cpu_compute__p050__r02,"{""pyxel_shooter"":""games/pyxel/09_shooter.py""}","{""pyxel_shooter"":""0f53e4156907eac41080a8f289e22c89365b3239517c754cf59a51af201d5563""}",d4d7a393247ec4d5f84d9345bc5f63d0de422dc0a22b61a604ccdbbb1cf14dfc
1,263,formal-v1__profile__pyxel_platformer__memory_bandwidth__p100__r02,formal-v1,profile,not_applicable,pressure_profile,"[""pyxel_platformer""]",pyxel_platformer,[],,,memory_bandwidth,1,2,5442683325064413520,10,30,1,10,windows-rtx4060,0,0,grid_2x2,true,84,a36b78d2998befbd10330adef8f5ab1f813a7a68144bd44a59f55bb779224525,608d817cd8d44787fc0ba4c2f2ee507f0b4c987f,data/raw/remaining-s30/formal-v1/formal-v1__profile__pyxel_platformer__memory_bandwidth__p100__r02,"{""pyxel_platformer"":""games/pyxel/10_platformer.py""}","{""pyxel_platformer"":""1b2c75b49dc9ab0254fb4b724682a4787868814a38d2f08920720dc5b6007ac5""}",71ccc795bb2e7200e019fe9d634369551ca2dd2b6e1571209f2670e90c584760
1,264,formal-v1__profile__mega_wing__gpu_compute__p075__r03,formal-v1,profile,not_applicable,pressure_profile,"[""mega_wing""]",mega_wing,[],,,gpu_compute,0.75,3,2671436739460950027,10,30,1,10,windows-rtx4060,0,0,grid_2x2,true,84,a36b78d2998befbd10330adef8f5ab1f813a7a68144bd44a59f55bb779224525,608d817cd8d44787fc0ba4c2f2ee507f0b4c987f,data/raw/remaining-s30/formal-v1/formal-v1__profile__mega_wing__gpu_compute__p075__r03,"{""mega_wing"":""games/pyxel/apps-src/mega_wing/mega_wing.py""}","{""mega_wing"":""86bad6c02a303806c58137503739241dc6b1e86695f7c0dbf672b5e1a1464e9f""}",864a1d63ad4f26078d182b1e92612a6d918ac113f27a09de6000dea0aa301273
1,265,formal-v1__profile__pyxel_platformer__gpu_compute__p050__r02,formal-v1,profile,not_applicable,pressure_profile,"[""pyxel_platformer""]",pyxel_platformer,[],,,gpu_compute,0.5,2,6515300256652268807,10,30,1,10,windows-rtx4060,0,0,grid_2x2,true,84,a36b78d2998befbd10330adef8f5ab1f813a7a68144bd44a59f55bb779224525,608d817cd8d44787fc0ba4c2f2ee507f0b4c987f,data/raw/remaining-s30/formal-v1/formal-v1__profile__pyxel_platformer__gpu_compute__p050__r02,"{""pyxel_platformer"":""games/pyxel/10_platformer.py""}","{""pyxel_platformer"":""1b2c75b49dc9ab0254fb4b724682a4787868814a38d2f08920720dc5b6007ac5""}",05eb9cc56e48ca5ec5a2394df533a5be6b936acb9519ec3af94bb74e77d2d4c0
1,266,formal-v1__profile__daylight__memory_bandwidth__p025__r01,formal-v1,profile,not_applicable,pressure_profile,"[""daylight""]",daylight,[],,,memory_bandwidth,0.25,1,7747888158563655536,10,30,1,10,windows-rtx4060,0,0,grid_2x2,true,84,a36b78d2998befbd10330adef8f5ab1f813a7a68144bd44a59f55bb779224525,608d817cd8d44787fc0ba4c2f2ee507f0b4c987f,data/raw/remaining-s30/formal-v1/formal-v1__profile__daylight__memory_bandwidth__p025__r01,"{""daylight"":""games/pyxel/apps-src/30SecondsOfDaylight/src/main.py""}","{""daylight"":""21a365375249e9d7ea05e78dcfe040f09cc1f0c66bd410bae084190c743a028f""}",cbae1d9ef4c14a3a8dacaf4e2b4993ccfd7cce286dee2c83302f15a7c35ef5f8
1,267,formal-v1__solo__pyxel_platformer__r01,formal-v1,solo,not_applicable,solo,"[""pyxel_platformer""]",pyxel_platformer,[],,,,,1,7297784855627931527,10,30,1,10,windows-rtx4060,0,0,grid_2x2,true,84,a36b78d2998befbd10330adef8f5ab1f813a7a68144bd44a59f55bb779224525,608d817cd8d44787fc0ba4c2f2ee507f0b4c987f,data/raw/remaining-s30/formal-v1/formal-v1__solo__pyxel_platformer__r01,"{""pyxel_platformer"":""games/pyxel/10_platformer.py""}","{""pyxel_platformer"":""1b2c75b49dc9ab0254fb4b724682a4787868814a38d2f08920720dc5b6007ac5""}",04cdff49c01bd1c50f55117b7c77fac168617709c1eac96990e449274562afc2
1,268,formal-v1__profile__pyxel_platformer__cpu_compute__p050__r03,formal-v1,profile,not_applicable,pressure_profile,"[""pyxel_platformer""]",pyxel_platformer,[],,,cpu_compute,0.5,3,6501657283848366909,10,30,1,10,windows-rtx4060,0,0,grid_2x2,true,84,a36b78d2998befbd10330adef8f5ab1f813a7a68144bd44a59f55bb779224525,608d817cd8d44787fc0ba4c2f2ee507f0b4c987f,data/raw/remaining-s30/formal-v1/formal-v1__profile__pyxel_platformer__cpu_compute__p050__r03,"{""pyxel_platformer"":""games/pyxel/10_platformer.py""}","{""pyxel_platformer"":""1b2c75b49dc9ab0254fb4b724682a4787868814a38d2f08920720dc5b6007ac5""}",e7f0e559f2075fd62d3552b1d79fdead282b1c7591b09aa7a51bcec93a00322c
1,269,formal-v1__profile__pyxel_shooter__gpu_memory__p075__r02,formal-v1,profile,not_applicable,pressure_profile,"[""pyxel_shooter""]",pyxel_shooter,[],,,gpu_memory,0.75,2,6772415803742537827,10,30,1,10,windows-rtx4060,0,0,grid_2x2,true,84,a36b78d2998befbd10330adef8f5ab1f813a7a68144bd44a59f55bb779224525,608d817cd8d44787fc0ba4c2f2ee507f0b4c987f,data/raw/remaining-s30/formal-v1/formal-v1__profile__pyxel_shooter__gpu_memory__p075__r02,"{""pyxel_shooter"":""games/pyxel/09_shooter.py""}","{""pyxel_shooter"":""0f53e4156907eac41080a8f289e22c89365b3239517c754cf59a51af201d5563""}",5b3cc0b539daf4738adb2a3ba1e62c0c4ab959517c23a6a1c07166de6fcf7353
1,270,formal-v1__profile__pyxel_platformer__cpu_compute__p025__r02,formal-v1,profile,not_applicable,pressure_profile,"[""pyxel_platformer""]",pyxel_platformer,[],,,cpu_compute,0.25,2,3526225747872201171,10,30,1,10,windows-rtx4060,0,0,grid_2x2,true,84,a36b78d2998befbd10330adef8f5ab1f813a7a68144bd44a59f55bb779224525,608d817cd8d44787fc0ba4c2f2ee507f0b4c987f,data/raw/remaining-s30/formal-v1/formal-v1__profile__pyxel_platformer__cpu_compute__p025__r02,"{""pyxel_platformer"":""games/pyxel/10_platformer.py""}","{""pyxel_platformer"":""1b2c75b49dc9ab0254fb4b724682a4787868814a38d2f08920720dc5b6007ac5""}",2270edec69d35448962fe6d6b71b9762c8fec841228db66725a5e24aa9efb7b9
1,271,formal-v1__colocation__mega_wing+space_rescue__r01,formal-v1,colocation-main,validation,colocation,"[""mega_wing"",""space_rescue""]",mega_wing,"[""space_rescue""]",mega_wing+space_rescue,mega_wing+space_rescue__r01,,,1,10325571706049029634,10,30,1,10,windows-rtx4060,0,0,grid_2x2,true,84,a36b78d2998befbd10330adef8f5ab1f813a7a68144bd44a59f55bb779224525,608d817cd8d44787fc0ba4c2f2ee507f0b4c987f,data/raw/remaining-s30/formal-v1/formal-v1__colocation__mega_wing+space_rescue__r01,"{""mega_wing"":""games/pyxel/apps-src/mega_wing/mega_wing.py"",""space_rescue"":""games/pyxel/apps-src/space_rescue/space_rescue.py""}","{""mega_wing"":""86bad6c02a303806c58137503739241dc6b1e86695f7c0dbf672b5e1a1464e9f"",""space_rescue"":""f3b0ab6784ae558e64f06a3f0a704e53f107a130aa3d43357659d0850131e461""}",53eb1a2c0ada402d772a5bc5ee9b8d9ed38f2a0a95c316eed0fd8c957641a37a
1,272,formal-v1__profile__mega_wing__gpu_compute__p025__r01,formal-v1,profile,not_applicable,pressure_profile,"[""mega_wing""]",mega_wing,[],,,gpu_compute,0.25,1,10716810241101879638,10,30,1,10,windows-rtx4060,0,0,grid_2x2,true,84,a36b78d2998befbd10330adef8f5ab1f813a7a68144bd44a59f55bb779224525,608d817cd8d44787fc0ba4c2f2ee507f0b4c987f,data/raw/remaining-s30/formal-v1/formal-v1__profile__mega_wing__gpu_compute__p025__r01,"{""mega_wing"":""games/pyxel/apps-src/mega_wing/mega_wing.py""}","{""mega_wing"":""86bad6c02a303806c58137503739241dc6b1e86695f7c0dbf672b5e1a1464e9f""}",85f05fc064fee923c379cebb89855402d4732ec06b80d223292512b6b743102e
1,273,formal-v1__profile__pyxel_platformer__gpu_compute__p100__r03,formal-v1,profile,not_applicable,pressure_profile,"[""pyxel_platformer""]",pyxel_platformer,[],,,gpu_compute,1,3,12894936110315758230,10,30,1,10,windows-rtx4060,0,0,grid_2x2,true,84,a36b78d2998befbd10330adef8f5ab1f813a7a68144bd44a59f55bb779224525,608d817cd8d44787fc0ba4c2f2ee507f0b4c987f,data/raw/remaining-s30/formal-v1/formal-v1__profile__pyxel_platformer__gpu_compute__p100__r03,"{""pyxel_platformer"":""games/pyxel/10_platformer.py""}","{""pyxel_platformer"":""1b2c75b49dc9ab0254fb4b724682a4787868814a38d2f08920720dc5b6007ac5""}",5d65ec0f3eb711751c158381ba609c703e8eaea6608d5c4d8441454a1f001639
1,274,formal-v1__profile__pyxel_snake__memory_bandwidth__p100__r01,formal-v1,profile,not_applicable,pressure_profile,"[""pyxel_snake""]",pyxel_snake,[],,,memory_bandwidth,1,1,8100797593952122667,10,30,1,10,windows-rtx4060,0,0,grid_2x2,true,84,a36b78d2998befbd10330adef8f5ab1f813a7a68144bd44a59f55bb779224525,608d817cd8d44787fc0ba4c2f2ee507f0b4c987f,data/raw/remaining-s30/formal-v1/formal-v1__profile__pyxel_snake__memory_bandwidth__p100__r01,"{""pyxel_snake"":""games/pyxel/07_snake.py""}","{""pyxel_snake"":""bc533fef92d1d358e570f69d979919fe5c1cd8c4da49841104b49a1e661a5ac3""}",6d075c6e0b36edc5c89ca32d7087ce2edfa2cc30aa00bf3711a7a6b8945be341
1,275,formal-v1__colocation__mega_wing+pyxel_jump__r01,formal-v1,colocation-main,test,colocation,"[""mega_wing"",""pyxel_jump""]",mega_wing,"[""pyxel_jump""]",mega_wing+pyxel_jump,mega_wing+pyxel_jump__r01,,,1,10951231338318609641,10,30,1,10,windows-rtx4060,0,0,grid_2x2,true,84,a36b78d2998befbd10330adef8f5ab1f813a7a68144bd44a59f55bb779224525,608d817cd8d44787fc0ba4c2f2ee507f0b4c987f,data/raw/remaining-s30/formal-v1/formal-v1__colocation__mega_wing+pyxel_jump__r01,"{""mega_wing"":""games/pyxel/apps-src/mega_wing/mega_wing.py"",""pyxel_jump"":""games/pyxel/02_jump_game.py""}","{""mega_wing"":""86bad6c02a303806c58137503739241dc6b1e86695f7c0dbf672b5e1a1464e9f"",""pyxel_jump"":""4743a825f1c9cae7e049ac52115f4ecf83350db546c00745a54af187d7bc2e46""}",b9ef32a5c8d8ba5551987a3ca5101d45651d0d2f03cf376f0df233a6b01cc3d7
1,276,formal-v1__profile__space_rescue__memory_bandwidth__p050__r03,formal-v1,profile,not_applicable,pressure_profile,"[""space_rescue""]",space_rescue,[],,,memory_bandwidth,0.5,3,13990568347591883506,10,30,1,10,windows-rtx4060,0,0,grid_2x2,true,84,a36b78d2998befbd10330adef8f5ab1f813a7a68144bd44a59f55bb779224525,608d817cd8d44787fc0ba4c2f2ee507f0b4c987f,data/raw/remaining-s30/formal-v1/formal-v1__profile__space_rescue__memory_bandwidth__p050__r03,"{""space_rescue"":""games/pyxel/apps-src/space_rescue/space_rescue.py""}","{""space_rescue"":""f3b0ab6784ae558e64f06a3f0a704e53f107a130aa3d43357659d0850131e461""}",74158ad153658a30a924b4a46c9685b092960b2588872abc984aa7f7bbd4feef
1,277,formal-v1__profile__pyxel_jump__gpu_compute__p050__r03,formal-v1,profile,not_applicable,pressure_profile,"[""pyxel_jump""]",pyxel_jump,[],,,gpu_compute,0.5,3,15791422067870909130,10,30,1,10,windows-rtx4060,0,0,grid_2x2,true,84,a36b78d2998befbd10330adef8f5ab1f813a7a68144bd44a59f55bb779224525,608d817cd8d44787fc0ba4c2f2ee507f0b4c987f,data/raw/remaining-s30/formal-v1/formal-v1__profile__pyxel_jump__gpu_compute__p050__r03,"{""pyxel_jump"":""games/pyxel/02_jump_game.py""}","{""pyxel_jump"":""4743a825f1c9cae7e049ac52115f4ecf83350db546c00745a54af187d7bc2e46""}",af46c76dac58e507e5b4f35048528ac9b0e23f878045c8643e68c57ae0f449bb
1,278,formal-v1__colocation__pyxel_platformer+pyxel_snake__r01,formal-v1,colocation-main,test,colocation,"[""pyxel_platformer"",""pyxel_snake""]",pyxel_platformer,"[""pyxel_snake""]",pyxel_platformer+pyxel_snake,pyxel_platformer+pyxel_snake__r01,,,1,1696166496034655509,10,30,1,10,windows-rtx4060,0,0,grid_2x2,true,84,a36b78d2998befbd10330adef8f5ab1f813a7a68144bd44a59f55bb779224525,608d817cd8d44787fc0ba4c2f2ee507f0b4c987f,data/raw/remaining-s30/formal-v1/formal-v1__colocation__pyxel_platformer+pyxel_snake__r01,"{""pyxel_platformer"":""games/pyxel/10_platformer.py"",""pyxel_snake"":""games/pyxel/07_snake.py""}","{""pyxel_platformer"":""1b2c75b49dc9ab0254fb4b724682a4787868814a38d2f08920720dc5b6007ac5"",""pyxel_snake"":""bc533fef92d1d358e570f69d979919fe5c1cd8c4da49841104b49a1e661a5ac3""}",f7394b6824a25a1a413ef319cb19ff2e1d505010e264ff162da1d5d11032c3ae
1,279,formal-v1__profile__pyxel_jump__memory_bandwidth__p000__r01,formal-v1,profile,not_applicable,pressure_profile,"[""pyxel_jump""]",pyxel_jump,[],,,memory_bandwidth,0,1,7034806655224282433,10,30,1,10,windows-rtx4060,0,0,grid_2x2,true,84,a36b78d2998befbd10330adef8f5ab1f813a7a68144bd44a59f55bb779224525,608d817cd8d44787fc0ba4c2f2ee507f0b4c987f,data/raw/remaining-s30/formal-v1/formal-v1__profile__pyxel_jump__memory_bandwidth__p000__r01,"{""pyxel_jump"":""games/pyxel/02_jump_game.py""}","{""pyxel_jump"":""4743a825f1c9cae7e049ac52115f4ecf83350db546c00745a54af187d7bc2e46""}",a9093070d4fd02f211865895415cbb148a233c9845fed1b7d746f5f2a0fb83d9
1,280,formal-v1__colocation__pyxel_platformer+pyxel_shooter+space_rescue__r01,formal-v1,colocation-main,validation,colocation,"[""pyxel_platformer"",""pyxel_shooter"",""space_rescue""]",pyxel_platformer,"[""pyxel_shooter"",""space_rescue""]",pyxel_platformer+pyxel_shooter+space_rescue,pyxel_platformer+pyxel_shooter+space_rescue__r01,,,1,530035123137566220,10,30,1,10,windows-rtx4060,0,0,grid_2x2,true,84,a36b78d2998befbd10330adef8f5ab1f813a7a68144bd44a59f55bb779224525,608d817cd8d44787fc0ba4c2f2ee507f0b4c987f,data/raw/remaining-s30/formal-v1/formal-v1__colocation__pyxel_platformer+pyxel_shooter+space_rescue__r01,"{""pyxel_platformer"":""games/pyxel/10_platformer.py"",""pyxel_shooter"":""games/pyxel/09_shooter.py"",""space_rescue"":""games/pyxel/apps-src/space_rescue/space_rescue.py""}","{""pyxel_platformer"":""1b2c75b49dc9ab0254fb4b724682a4787868814a38d2f08920720dc5b6007ac5"",""pyxel_shooter"":""0f53e4156907eac41080a8f289e22c89365b3239517c754cf59a51af201d5563"",""space_rescue"":""f3b0ab6784ae558e64f06a3f0a704e53f107a130aa3d43357659d0850131e461""}",aad4e82e5e53370a3a19638f5e674b88b5fd67b69525fd2a1bdc89f88a682458
1,281,formal-v1__profile__pyxel_snake__gpu_compute__p050__r03,formal-v1,profile,not_applicable,pressure_profile,"[""pyxel_snake""]",pyxel_snake,[],,,gpu_compute,0.5,3,12378868439774008811,10,30,1,10,windows-rtx4060,0,0,grid_2x2,true,84,a36b78d2998befbd10330adef8f5ab1f813a7a68144bd44a59f55bb779224525,608d817cd8d44787fc0ba4c2f2ee507f0b4c987f,data/raw/remaining-s30/formal-v1/formal-v1__profile__pyxel_snake__gpu_compute__p050__r03,"{""pyxel_snake"":""games/pyxel/07_snake.py""}","{""pyxel_snake"":""bc533fef92d1d358e570f69d979919fe5c1cd8c4da49841104b49a1e661a5ac3""}",317f5957e069a35f4221d0691d76bd9cd18410ad84ee97dc1af2c5c02deea1d2
1,282,formal-v1__profile__space_rescue__memory_bandwidth__p100__r01,formal-v1,profile,not_applicable,pressure_profile,"[""space_rescue""]",space_rescue,[],,,memory_bandwidth,1,1,11811356062193943186,10,30,1,10,windows-rtx4060,0,0,grid_2x2,true,84,a36b78d2998befbd10330adef8f5ab1f813a7a68144bd44a59f55bb779224525,608d817cd8d44787fc0ba4c2f2ee507f0b4c987f,data/raw/remaining-s30/formal-v1/formal-v1__profile__space_rescue__memory_bandwidth__p100__r01,"{""space_rescue"":""games/pyxel/apps-src/space_rescue/space_rescue.py""}","{""space_rescue"":""f3b0ab6784ae558e64f06a3f0a704e53f107a130aa3d43357659d0850131e461""}",2082cff44be3aa1db7b2dba4cf0d0df722d0cee59f47dcc8ccfc5e26556a1914
1,283,formal-v1__profile__space_rescue__memory_bandwidth__p000__r03,formal-v1,profile,not_applicable,pressure_profile,"[""space_rescue""]",space_rescue,[],,,memory_bandwidth,0,3,16680801273799023032,10,30,1,10,windows-rtx4060,0,0,grid_2x2,true,84,a36b78d2998befbd10330adef8f5ab1f813a7a68144bd44a59f55bb779224525,608d817cd8d44787fc0ba4c2f2ee507f0b4c987f,data/raw/remaining-s30/formal-v1/formal-v1__profile__space_rescue__memory_bandwidth__p000__r03,"{""space_rescue"":""games/pyxel/apps-src/space_rescue/space_rescue.py""}","{""space_rescue"":""f3b0ab6784ae558e64f06a3f0a704e53f107a130aa3d43357659d0850131e461""}",d426d3ce799e2670437304247bb0bad915093d44d9bfb1443186798e6357e030
1,284,formal-v1__colocation__pyxel_bubbles+pyxel_platformer__r01,formal-v1,colocation-main,train,colocation,"[""pyxel_bubbles"",""pyxel_platformer""]",pyxel_bubbles,"[""pyxel_platformer""]",pyxel_bubbles+pyxel_platformer,pyxel_bubbles+pyxel_platformer__r01,,,1,15902120588225086509,10,30,1,10,windows-rtx4060,0,0,grid_2x2,true,84,a36b78d2998befbd10330adef8f5ab1f813a7a68144bd44a59f55bb779224525,608d817cd8d44787fc0ba4c2f2ee507f0b4c987f,data/raw/remaining-s30/formal-v1/formal-v1__colocation__pyxel_bubbles+pyxel_platformer__r01,"{""pyxel_bubbles"":""games/pyxel/06_click_game.py"",""pyxel_platformer"":""games/pyxel/10_platformer.py""}","{""pyxel_bubbles"":""54c101e90bdaed839ac4c4284494530d5df37a5819a35f1e41eebb0b3da5d900"",""pyxel_platformer"":""1b2c75b49dc9ab0254fb4b724682a4787868814a38d2f08920720dc5b6007ac5""}",059f4a8f0d0f9646253d928e3336d3c97805e4f73a277a45bd121a5986c6cecf
1,285,formal-v1__colocation__pyxel_platformer+pyxel_shooter__r02,formal-v1,colocation-main,train,colocation,"[""pyxel_platformer"",""pyxel_shooter""]",pyxel_platformer,"[""pyxel_shooter""]",pyxel_platformer+pyxel_shooter,pyxel_platformer+pyxel_shooter__r02,,,2,13951401537072748805,10,30,1,10,windows-rtx4060,0,0,grid_2x2,true,84,a36b78d2998befbd10330adef8f5ab1f813a7a68144bd44a59f55bb779224525,608d817cd8d44787fc0ba4c2f2ee507f0b4c987f,data/raw/remaining-s30/formal-v1/formal-v1__colocation__pyxel_platformer+pyxel_shooter__r02,"{""pyxel_platformer"":""games/pyxel/10_platformer.py"",""pyxel_shooter"":""games/pyxel/09_shooter.py""}","{""pyxel_platformer"":""1b2c75b49dc9ab0254fb4b724682a4787868814a38d2f08920720dc5b6007ac5"",""pyxel_shooter"":""0f53e4156907eac41080a8f289e22c89365b3239517c754cf59a51af201d5563""}",de0c2245ee95643a67ed8f8e7a87d3fdbfa9273297005cc6d17bbeb2b4eadd2e
1,286,formal-v1__profile__space_rescue__memory_bandwidth__p100__r02,formal-v1,profile,not_applicable,pressure_profile,"[""space_rescue""]",space_rescue,[],,,memory_bandwidth,1,2,8176713336419449962,10,30,1,10,windows-rtx4060,0,0,grid_2x2,true,84,a36b78d2998befbd10330adef8f5ab1f813a7a68144bd44a59f55bb779224525,608d817cd8d44787fc0ba4c2f2ee507f0b4c987f,data/raw/remaining-s30/formal-v1/formal-v1__profile__space_rescue__memory_bandwidth__p100__r02,"{""space_rescue"":""games/pyxel/apps-src/space_rescue/space_rescue.py""}","{""space_rescue"":""f3b0ab6784ae558e64f06a3f0a704e53f107a130aa3d43357659d0850131e461""}",8adb5808cbae2a95b95085f8fd1eb9b2063706f9942e5285294ce055230107fd
1,287,formal-v1__profile__daylight__gpu_compute__p100__r03,formal-v1,profile,not_applicable,pressure_profile,"[""daylight""]",daylight,[],,,gpu_compute,1,3,17498737074879204457,10,30,1,10,windows-rtx4060,0,0,grid_2x2,true,84,a36b78d2998befbd10330adef8f5ab1f813a7a68144bd44a59f55bb779224525,608d817cd8d44787fc0ba4c2f2ee507f0b4c987f,data/raw/remaining-s30/formal-v1/formal-v1__profile__daylight__gpu_compute__p100__r03,"{""daylight"":""games/pyxel/apps-src/30SecondsOfDaylight/src/main.py""}","{""daylight"":""21a365375249e9d7ea05e78dcfe040f09cc1f0c66bd410bae084190c743a028f""}",c15bacf0f703c722025c5fca7472499c156f04963f37f6059e4e17c6ced0bfdd
1,288,formal-v1__profile__space_rescue__gpu_compute__p050__r02,formal-v1,profile,not_applicable,pressure_profile,"[""space_rescue""]",space_rescue,[],,,gpu_compute,0.5,2,2831905124637667923,10,30,1,10,windows-rtx4060,0,0,grid_2x2,true,84,a36b78d2998befbd10330adef8f5ab1f813a7a68144bd44a59f55bb779224525,608d817cd8d44787fc0ba4c2f2ee507f0b4c987f,data/raw/remaining-s30/formal-v1/formal-v1__profile__space_rescue__gpu_compute__p050__r02,"{""space_rescue"":""games/pyxel/apps-src/space_rescue/space_rescue.py""}","{""space_rescue"":""f3b0ab6784ae558e64f06a3f0a704e53f107a130aa3d43357659d0850131e461""}",cedf1e1e040eb700a7c7d868839fd9d4d8a59bdd6dcbaa290fc3d3a2e89f923a
1,289,formal-v1__colocation__mega_wing+pyxel_bubbles+space_rescue__r03,formal-v1,colocation-main,train,colocation,"[""mega_wing"",""pyxel_bubbles"",""space_rescue""]",mega_wing,"[""pyxel_bubbles"",""space_rescue""]",mega_wing+pyxel_bubbles+space_rescue,mega_wing+pyxel_bubbles+space_rescue__r03,,,3,10978761875731769058,10,30,1,10,windows-rtx4060,0,0,grid_2x2,true,84,a36b78d2998befbd10330adef8f5ab1f813a7a68144bd44a59f55bb779224525,608d817cd8d44787fc0ba4c2f2ee507f0b4c987f,data/raw/remaining-s30/formal-v1/formal-v1__colocation__mega_wing+pyxel_bubbles+space_rescue__r03,"{""mega_wing"":""games/pyxel/apps-src/mega_wing/mega_wing.py"",""pyxel_bubbles"":""games/pyxel/06_click_game.py"",""space_rescue"":""games/pyxel/apps-src/space_rescue/space_rescue.py""}","{""mega_wing"":""86bad6c02a303806c58137503739241dc6b1e86695f7c0dbf672b5e1a1464e9f"",""pyxel_bubbles"":""54c101e90bdaed839ac4c4284494530d5df37a5819a35f1e41eebb0b3da5d900"",""space_rescue"":""f3b0ab6784ae558e64f06a3f0a704e53f107a130aa3d43357659d0850131e461""}",ba8493df4b8fcbc3fbc5ef6e8c23fd3e591db16a6310f9e49b88a85c1fc6bd6e
1,290,formal-v1__profile__pyxel_bubbles__gpu_compute__p000__r02,formal-v1,profile,not_applicable,pressure_profile,"[""pyxel_bubbles""]",pyxel_bubbles,[],,,gpu_compute,0,2,6507576222143920182,10,30,1,10,windows-rtx4060,0,0,grid_2x2,true,84,a36b78d2998befbd10330adef8f5ab1f813a7a68144bd44a59f55bb779224525,608d817cd8d44787fc0ba4c2f2ee507f0b4c987f,data/raw/remaining-s30/formal-v1/formal-v1__profile__pyxel_bubbles__gpu_compute__p000__r02,"{""pyxel_bubbles"":""games/pyxel/06_click_game.py""}","{""pyxel_bubbles"":""54c101e90bdaed839ac4c4284494530d5df37a5819a35f1e41eebb0b3da5d900""}",c4136f79216b414797ada3d48cb7f01ef0f332d834aebfce8c6a764876e40991
1,291,formal-v1__profile__space_rescue__memory_bandwidth__p000__r02,formal-v1,profile,not_applicable,pressure_profile,"[""space_rescue""]",space_rescue,[],,,memory_bandwidth,0,2,12283526450698234265,10,30,1,10,windows-rtx4060,0,0,grid_2x2,true,84,a36b78d2998befbd10330adef8f5ab1f813a7a68144bd44a59f55bb779224525,608d817cd8d44787fc0ba4c2f2ee507f0b4c987f,data/raw/remaining-s30/formal-v1/formal-v1__profile__space_rescue__memory_bandwidth__p000__r02,"{""space_rescue"":""games/pyxel/apps-src/space_rescue/space_rescue.py""}","{""space_rescue"":""f3b0ab6784ae558e64f06a3f0a704e53f107a130aa3d43357659d0850131e461""}",187495ff2426214c49b66b23373a25bc410373fb1d7ea07927964f85739a1187
1,292,formal-v1__profile__pyxel_snake__cpu_compute__p050__r03,formal-v1,profile,not_applicable,pressure_profile,"[""pyxel_snake""]",pyxel_snake,[],,,cpu_compute,0.5,3,12974105224448076900,10,30,1,10,windows-rtx4060,0,0,grid_2x2,true,84,a36b78d2998befbd10330adef8f5ab1f813a7a68144bd44a59f55bb779224525,608d817cd8d44787fc0ba4c2f2ee507f0b4c987f,data/raw/remaining-s30/formal-v1/formal-v1__profile__pyxel_snake__cpu_compute__p050__r03,"{""pyxel_snake"":""games/pyxel/07_snake.py""}","{""pyxel_snake"":""bc533fef92d1d358e570f69d979919fe5c1cd8c4da49841104b49a1e661a5ac3""}",9463c36ebae1b1cd4a68c32f0a891112f63a98f5ce26bc5cf605ad3f47382c37
1,293,formal-v1__colocation__mega_wing+pyxel_bubbles+pyxel_snake__r01,formal-v1,colocation-main,train,colocation,"[""mega_wing"",""pyxel_bubbles"",""pyxel_snake""]",mega_wing,"[""pyxel_bubbles"",""pyxel_snake""]",mega_wing+pyxel_bubbles+pyxel_snake,mega_wing+pyxel_bubbles+pyxel_snake__r01,,,1,5213251114307413380,10,30,1,10,windows-rtx4060,0,0,grid_2x2,true,84,a36b78d2998befbd10330adef8f5ab1f813a7a68144bd44a59f55bb779224525,608d817cd8d44787fc0ba4c2f2ee507f0b4c987f,data/raw/remaining-s30/formal-v1/formal-v1__colocation__mega_wing+pyxel_bubbles+pyxel_snake__r01,"{""mega_wing"":""games/pyxel/apps-src/mega_wing/mega_wing.py"",""pyxel_bubbles"":""games/pyxel/06_click_game.py"",""pyxel_snake"":""games/pyxel/07_snake.py""}","{""mega_wing"":""86bad6c02a303806c58137503739241dc6b1e86695f7c0dbf672b5e1a1464e9f"",""pyxel_bubbles"":""54c101e90bdaed839ac4c4284494530d5df37a5819a35f1e41eebb0b3da5d900"",""pyxel_snake"":""bc533fef92d1d358e570f69d979919fe5c1cd8c4da49841104b49a1e661a5ac3""}",377c91fa8d63a308fe158444db735f91dae2475c6df076115784918303b43c94
1,294,formal-v1__profile__pyxel_platformer__memory_bandwidth__p050__r02,formal-v1,profile,not_applicable,pressure_profile,"[""pyxel_platformer""]",pyxel_platformer,[],,,memory_bandwidth,0.5,2,16022214708714483823,10,30,1,10,windows-rtx4060,0,0,grid_2x2,true,84,a36b78d2998befbd10330adef8f5ab1f813a7a68144bd44a59f55bb779224525,608d817cd8d44787fc0ba4c2f2ee507f0b4c987f,data/raw/remaining-s30/formal-v1/formal-v1__profile__pyxel_platformer__memory_bandwidth__p050__r02,"{""pyxel_platformer"":""games/pyxel/10_platformer.py""}","{""pyxel_platformer"":""1b2c75b49dc9ab0254fb4b724682a4787868814a38d2f08920720dc5b6007ac5""}",282b648d90d5965ff00615f3c942e01dacb5424396c0c3b945eab719bdc76b13
1,295,formal-v1__profile__pyxel_platformer__cpu_compute__p025__r01,formal-v1,profile,not_applicable,pressure_profile,"[""pyxel_platformer""]",pyxel_platformer,[],,,cpu_compute,0.25,1,3921572364177749984,10,30,1,10,windows-rtx4060,0,0,grid_2x2,true,84,a36b78d2998befbd10330adef8f5ab1f813a7a68144bd44a59f55bb779224525,608d817cd8d44787fc0ba4c2f2ee507f0b4c987f,data/raw/remaining-s30/formal-v1/formal-v1__profile__pyxel_platformer__cpu_compute__p025__r01,"{""pyxel_platformer"":""games/pyxel/10_platformer.py""}","{""pyxel_platformer"":""1b2c75b49dc9ab0254fb4b724682a4787868814a38d2f08920720dc5b6007ac5""}",72a49212533a592c037e350100f281abb582f9c8ec6799b80842803a8675f39a
1,296,formal-v1__profile__pyxel_shooter__gpu_compute__p100__r03,formal-v1,profile,not_applicable,pressure_profile,"[""pyxel_shooter""]",pyxel_shooter,[],,,gpu_compute,1,3,11187716985421809269,10,30,1,10,windows-rtx4060,0,0,grid_2x2,true,84,a36b78d2998befbd10330adef8f5ab1f813a7a68144bd44a59f55bb779224525,608d817cd8d44787fc0ba4c2f2ee507f0b4c987f,data/raw/remaining-s30/formal-v1/formal-v1__profile__pyxel_shooter__gpu_compute__p100__r03,"{""pyxel_shooter"":""games/pyxel/09_shooter.py""}","{""pyxel_shooter"":""0f53e4156907eac41080a8f289e22c89365b3239517c754cf59a51af201d5563""}",c9aebfbf612aa26041e6fee271080948715896788c65b20ad2ccc86334405026
1,297,formal-v1__profile__pyxel_jump__cpu_compute__p025__r02,formal-v1,profile,not_applicable,pressure_profile,"[""pyxel_jump""]",pyxel_jump,[],,,cpu_compute,0.25,2,11541848872985042194,10,30,1,10,windows-rtx4060,0,0,grid_2x2,true,84,a36b78d2998befbd10330adef8f5ab1f813a7a68144bd44a59f55bb779224525,608d817cd8d44787fc0ba4c2f2ee507f0b4c987f,data/raw/remaining-s30/formal-v1/formal-v1__profile__pyxel_jump__cpu_compute__p025__r02,"{""pyxel_jump"":""games/pyxel/02_jump_game.py""}","{""pyxel_jump"":""4743a825f1c9cae7e049ac52115f4ecf83350db546c00745a54af187d7bc2e46""}",ec2af9735a3ddfc5fa87f4d82f757930baa96632399be556713352350554503d
1,298,formal-v1__profile__pyxel_shooter__cpu_compute__p025__r03,formal-v1,profile,not_applicable,pressure_profile,"[""pyxel_shooter""]",pyxel_shooter,[],,,cpu_compute,0.25,3,17660117363831700035,10,30,1,10,windows-rtx4060,0,0,grid_2x2,true,84,a36b78d2998befbd10330adef8f5ab1f813a7a68144bd44a59f55bb779224525,608d817cd8d44787fc0ba4c2f2ee507f0b4c987f,data/raw/remaining-s30/formal-v1/formal-v1__profile__pyxel_shooter__cpu_compute__p025__r03,"{""pyxel_shooter"":""games/pyxel/09_shooter.py""}","{""pyxel_shooter"":""0f53e4156907eac41080a8f289e22c89365b3239517c754cf59a51af201d5563""}",02cfb742d605980f6b873175aca1d24bdb88a0dbf0bc9e97135ddfe73433bef3
1,299,formal-v1__profile__space_rescue__gpu_memory__p050__r03,formal-v1,profile,not_applicable,pressure_profile,"[""space_rescue""]",space_rescue,[],,,gpu_memory,0.5,3,9289223112394258126,10,30,1,10,windows-rtx4060,0,0,grid_2x2,true,84,a36b78d2998befbd10330adef8f5ab1f813a7a68144bd44a59f55bb779224525,608d817cd8d44787fc0ba4c2f2ee507f0b4c987f,data/raw/remaining-s30/formal-v1/formal-v1__profile__space_rescue__gpu_memory__p050__r03,"{""space_rescue"":""games/pyxel/apps-src/space_rescue/space_rescue.py""}","{""space_rescue"":""f3b0ab6784ae558e64f06a3f0a704e53f107a130aa3d43357659d0850131e461""}",60058f3473f0604712170b3287bb860b23e94ccf027a88def00736ce2f7d1d84
1,300,formal-v1__profile__pyxel_bubbles__memory_bandwidth__p050__r02,formal-v1,profile,not_applicable,pressure_profile,"[""pyxel_bubbles""]",pyxel_bubbles,[],,,memory_bandwidth,0.5,2,7798065937651469100,10,30,1,10,windows-rtx4060,0,0,grid_2x2,true,84,a36b78d2998befbd10330adef8f5ab1f813a7a68144bd44a59f55bb779224525,608d817cd8d44787fc0ba4c2f2ee507f0b4c987f,data/raw/remaining-s30/formal-v1/formal-v1__profile__pyxel_bubbles__memory_bandwidth__p050__r02,"{""pyxel_bubbles"":""games/pyxel/06_click_game.py""}","{""pyxel_bubbles"":""54c101e90bdaed839ac4c4284494530d5df37a5819a35f1e41eebb0b3da5d900""}",4ccb454e9cbb9253bc86dcb8ccdd825f5c8153ffcf1ae84861f7e1aa097e55cc
1,301,formal-v1__profile__mega_wing__cpu_compute__p025__r03,formal-v1,profile,not_applicable,pressure_profile,"[""mega_wing""]",mega_wing,[],,,cpu_compute,0.25,3,14923081146202905534,10,30,1,10,windows-rtx4060,0,0,grid_2x2,true,84,a36b78d2998befbd10330adef8f5ab1f813a7a68144bd44a59f55bb779224525,608d817cd8d44787fc0ba4c2f2ee507f0b4c987f,data/raw/remaining-s30/formal-v1/formal-v1__profile__mega_wing__cpu_compute__p025__r03,"{""mega_wing"":""games/pyxel/apps-src/mega_wing/mega_wing.py""}","{""mega_wing"":""86bad6c02a303806c58137503739241dc6b1e86695f7c0dbf672b5e1a1464e9f""}",e95428015fe072da7880702b039f76728bc7f679e71ce115f97c49b73d38ef34
1,302,formal-v1__profile__daylight__memory_bandwidth__p075__r03,formal-v1,profile,not_applicable,pressure_profile,"[""daylight""]",daylight,[],,,memory_bandwidth,0.75,3,8749102145442139478,10,30,1,10,windows-rtx4060,0,0,grid_2x2,true,84,a36b78d2998befbd10330adef8f5ab1f813a7a68144bd44a59f55bb779224525,608d817cd8d44787fc0ba4c2f2ee507f0b4c987f,data/raw/remaining-s30/formal-v1/formal-v1__profile__daylight__memory_bandwidth__p075__r03,"{""daylight"":""games/pyxel/apps-src/30SecondsOfDaylight/src/main.py""}","{""daylight"":""21a365375249e9d7ea05e78dcfe040f09cc1f0c66bd410bae084190c743a028f""}",f8a66b4e903f334df6438c71a947ce5cefe34b0a32c364ddb3ba857cd1471500
1,303,formal-v1__solo__pyxel_platformer__r02,formal-v1,solo,not_applicable,solo,"[""pyxel_platformer""]",pyxel_platformer,[],,,,,2,13166478515344074274,10,30,1,10,windows-rtx4060,0,0,grid_2x2,true,84,a36b78d2998befbd10330adef8f5ab1f813a7a68144bd44a59f55bb779224525,608d817cd8d44787fc0ba4c2f2ee507f0b4c987f,data/raw/remaining-s30/formal-v1/formal-v1__solo__pyxel_platformer__r02,"{""pyxel_platformer"":""games/pyxel/10_platformer.py""}","{""pyxel_platformer"":""1b2c75b49dc9ab0254fb4b724682a4787868814a38d2f08920720dc5b6007ac5""}",3a535419bc88e8af21d81da556e7fea503c3afeed601827921d2ff3b30fae77e
1,304,formal-v1__profile__pyxel_jump__gpu_memory__p025__r03,formal-v1,profile,not_applicable,pressure_profile,"[""pyxel_jump""]",pyxel_jump,[],,,gpu_memory,0.25,3,6082426227621316649,10,30,1,10,windows-rtx4060,0,0,grid_2x2,true,84,a36b78d2998befbd10330adef8f5ab1f813a7a68144bd44a59f55bb779224525,608d817cd8d44787fc0ba4c2f2ee507f0b4c987f,data/raw/remaining-s30/formal-v1/formal-v1__profile__pyxel_jump__gpu_memory__p025__r03,"{""pyxel_jump"":""games/pyxel/02_jump_game.py""}","{""pyxel_jump"":""4743a825f1c9cae7e049ac52115f4ecf83350db546c00745a54af187d7bc2e46""}",510e52b71e35693293316ab7c9cfe7be1bf22cadbb37a51f9a17e3610c861170
1,305,formal-v1__profile__pyxel_platformer__gpu_memory__p000__r03,formal-v1,profile,not_applicable,pressure_profile,"[""pyxel_platformer""]",pyxel_platformer,[],,,gpu_memory,0,3,7081658000659636395,10,30,1,10,windows-rtx4060,0,0,grid_2x2,true,84,a36b78d2998befbd10330adef8f5ab1f813a7a68144bd44a59f55bb779224525,608d817cd8d44787fc0ba4c2f2ee507f0b4c987f,data/raw/remaining-s30/formal-v1/formal-v1__profile__pyxel_platformer__gpu_memory__p000__r03,"{""pyxel_platformer"":""games/pyxel/10_platformer.py""}","{""pyxel_platformer"":""1b2c75b49dc9ab0254fb4b724682a4787868814a38d2f08920720dc5b6007ac5""}",df4b282d29f65b099d28234b774a70ab3a5d9e298ef17249097841845b454620
1,306,formal-v1__colocation__daylight+pyxel_platformer__r03,formal-v1,colocation-main,validation,colocation,"[""daylight"",""pyxel_platformer""]",daylight,"[""pyxel_platformer""]",daylight+pyxel_platformer,daylight+pyxel_platformer__r03,,,3,17641492199377615183,10,30,1,10,windows-rtx4060,0,0,grid_2x2,true,84,a36b78d2998befbd10330adef8f5ab1f813a7a68144bd44a59f55bb779224525,608d817cd8d44787fc0ba4c2f2ee507f0b4c987f,data/raw/remaining-s30/formal-v1/formal-v1__colocation__daylight+pyxel_platformer__r03,"{""daylight"":""games/pyxel/apps-src/30SecondsOfDaylight/src/main.py"",""pyxel_platformer"":""games/pyxel/10_platformer.py""}","{""daylight"":""21a365375249e9d7ea05e78dcfe040f09cc1f0c66bd410bae084190c743a028f"",""pyxel_platformer"":""1b2c75b49dc9ab0254fb4b724682a4787868814a38d2f08920720dc5b6007ac5""}",72ecffb56fac0dd2576c9ab84958072114d31f774adc399212e37bf112897770
1,307,formal-v1__profile__pyxel_snake__gpu_compute__p075__r01,formal-v1,profile,not_applicable,pressure_profile,"[""pyxel_snake""]",pyxel_snake,[],,,gpu_compute,0.75,1,6765152900215732613,10,30,1,10,windows-rtx4060,0,0,grid_2x2,true,84,a36b78d2998befbd10330adef8f5ab1f813a7a68144bd44a59f55bb779224525,608d817cd8d44787fc0ba4c2f2ee507f0b4c987f,data/raw/remaining-s30/formal-v1/formal-v1__profile__pyxel_snake__gpu_compute__p075__r01,"{""pyxel_snake"":""games/pyxel/07_snake.py""}","{""pyxel_snake"":""bc533fef92d1d358e570f69d979919fe5c1cd8c4da49841104b49a1e661a5ac3""}",c7ad6d7617ed0790f6c39ccb033daf93b3761fe47b82d682b962a2d8f8b970fc
1,308,formal-v1__profile__pyxel_platformer__gpu_compute__p025__r03,formal-v1,profile,not_applicable,pressure_profile,"[""pyxel_platformer""]",pyxel_platformer,[],,,gpu_compute,0.25,3,6464914627224340644,10,30,1,10,windows-rtx4060,0,0,grid_2x2,true,84,a36b78d2998befbd10330adef8f5ab1f813a7a68144bd44a59f55bb779224525,608d817cd8d44787fc0ba4c2f2ee507f0b4c987f,data/raw/remaining-s30/formal-v1/formal-v1__profile__pyxel_platformer__gpu_compute__p025__r03,"{""pyxel_platformer"":""games/pyxel/10_platformer.py""}","{""pyxel_platformer"":""1b2c75b49dc9ab0254fb4b724682a4787868814a38d2f08920720dc5b6007ac5""}",6296c415031a5cdeef474a3718c5be85547562991a3c15904d341211423dbd9b
1,309,formal-v1__profile__pyxel_snake__cpu_compute__p025__r01,formal-v1,profile,not_applicable,pressure_profile,"[""pyxel_snake""]",pyxel_snake,[],,,cpu_compute,0.25,1,7063583601675846007,10,30,1,10,windows-rtx4060,0,0,grid_2x2,true,84,a36b78d2998befbd10330adef8f5ab1f813a7a68144bd44a59f55bb779224525,608d817cd8d44787fc0ba4c2f2ee507f0b4c987f,data/raw/remaining-s30/formal-v1/formal-v1__profile__pyxel_snake__cpu_compute__p025__r01,"{""pyxel_snake"":""games/pyxel/07_snake.py""}","{""pyxel_snake"":""bc533fef92d1d358e570f69d979919fe5c1cd8c4da49841104b49a1e661a5ac3""}",f477d9281632ba38438bf8a893dc63a2c73eaf73dd261d222b85eaf708c7998b
1,310,formal-v1__colocation__pyxel_platformer+pyxel_shooter+space_rescue__r02,formal-v1,colocation-main,validation,colocation,"[""pyxel_platformer"",""pyxel_shooter"",""space_rescue""]",pyxel_platformer,"[""pyxel_shooter"",""space_rescue""]",pyxel_platformer+pyxel_shooter+space_rescue,pyxel_platformer+pyxel_shooter+space_rescue__r02,,,2,9920325526379105926,10,30,1,10,windows-rtx4060,0,0,grid_2x2,true,84,a36b78d2998befbd10330adef8f5ab1f813a7a68144bd44a59f55bb779224525,608d817cd8d44787fc0ba4c2f2ee507f0b4c987f,data/raw/remaining-s30/formal-v1/formal-v1__colocation__pyxel_platformer+pyxel_shooter+space_rescue__r02,"{""pyxel_platformer"":""games/pyxel/10_platformer.py"",""pyxel_shooter"":""games/pyxel/09_shooter.py"",""space_rescue"":""games/pyxel/apps-src/space_rescue/space_rescue.py""}","{""pyxel_platformer"":""1b2c75b49dc9ab0254fb4b724682a4787868814a38d2f08920720dc5b6007ac5"",""pyxel_shooter"":""0f53e4156907eac41080a8f289e22c89365b3239517c754cf59a51af201d5563"",""space_rescue"":""f3b0ab6784ae558e64f06a3f0a704e53f107a130aa3d43357659d0850131e461""}",4fd0653a5b2b94e55c6d647fcf2a49bb37a0b580771de731a82d71aa6d11a6b8
1,311,formal-v1__colocation__daylight+pyxel_platformer+pyxel_snake__r01,formal-v1,colocation-main,validation,colocation,"[""daylight"",""pyxel_platformer"",""pyxel_snake""]",daylight,"[""pyxel_platformer"",""pyxel_snake""]",daylight+pyxel_platformer+pyxel_snake,daylight+pyxel_platformer+pyxel_snake__r01,,,1,2315718514598189427,10,30,1,10,windows-rtx4060,0,0,grid_2x2,true,84,a36b78d2998befbd10330adef8f5ab1f813a7a68144bd44a59f55bb779224525,608d817cd8d44787fc0ba4c2f2ee507f0b4c987f,data/raw/remaining-s30/formal-v1/formal-v1__colocation__daylight+pyxel_platformer+pyxel_snake__r01,"{""daylight"":""games/pyxel/apps-src/30SecondsOfDaylight/src/main.py"",""pyxel_platformer"":""games/pyxel/10_platformer.py"",""pyxel_snake"":""games/pyxel/07_snake.py""}","{""daylight"":""21a365375249e9d7ea05e78dcfe040f09cc1f0c66bd410bae084190c743a028f"",""pyxel_platformer"":""1b2c75b49dc9ab0254fb4b724682a4787868814a38d2f08920720dc5b6007ac5"",""pyxel_snake"":""bc533fef92d1d358e570f69d979919fe5c1cd8c4da49841104b49a1e661a5ac3""}",198f2c73294f1e3abc7646b04c84c1ae47873b662df993008b0b541e2ccc2203
1,312,formal-v1__profile__pyxel_snake__cpu_compute__p075__r01,formal-v1,profile,not_applicable,pressure_profile,"[""pyxel_snake""]",pyxel_snake,[],,,cpu_compute,0.75,1,11125643496581567022,10,30,1,10,windows-rtx4060,0,0,grid_2x2,true,84,a36b78d2998befbd10330adef8f5ab1f813a7a68144bd44a59f55bb779224525,608d817cd8d44787fc0ba4c2f2ee507f0b4c987f,data/raw/remaining-s30/formal-v1/formal-v1__profile__pyxel_snake__cpu_compute__p075__r01,"{""pyxel_snake"":""games/pyxel/07_snake.py""}","{""pyxel_snake"":""bc533fef92d1d358e570f69d979919fe5c1cd8c4da49841104b49a1e661a5ac3""}",e547b4eb5fefef88b50a7875a0732aac2847884b06a338311232146e70430960
1,313,formal-v1__profile__pyxel_bubbles__cpu_compute__p025__r03,formal-v1,profile,not_applicable,pressure_profile,"[""pyxel_bubbles""]",pyxel_bubbles,[],,,cpu_compute,0.25,3,5249474895140404782,10,30,1,10,windows-rtx4060,0,0,grid_2x2,true,84,a36b78d2998befbd10330adef8f5ab1f813a7a68144bd44a59f55bb779224525,608d817cd8d44787fc0ba4c2f2ee507f0b4c987f,data/raw/remaining-s30/formal-v1/formal-v1__profile__pyxel_bubbles__cpu_compute__p025__r03,"{""pyxel_bubbles"":""games/pyxel/06_click_game.py""}","{""pyxel_bubbles"":""54c101e90bdaed839ac4c4284494530d5df37a5819a35f1e41eebb0b3da5d900""}",8b60624bdf5f13826ea99a53ed61104a06495c674492fb8568fc5c0ee237e7bd
1,314,formal-v1__colocation__daylight+pyxel_bubbles+pyxel_jump__r03,formal-v1,colocation-main,test,colocation,"[""daylight"",""pyxel_bubbles"",""pyxel_jump""]",daylight,"[""pyxel_bubbles"",""pyxel_jump""]",daylight+pyxel_bubbles+pyxel_jump,daylight+pyxel_bubbles+pyxel_jump__r03,,,3,16335151718453586146,10,30,1,10,windows-rtx4060,0,0,grid_2x2,true,84,a36b78d2998befbd10330adef8f5ab1f813a7a68144bd44a59f55bb779224525,608d817cd8d44787fc0ba4c2f2ee507f0b4c987f,data/raw/remaining-s30/formal-v1/formal-v1__colocation__daylight+pyxel_bubbles+pyxel_jump__r03,"{""daylight"":""games/pyxel/apps-src/30SecondsOfDaylight/src/main.py"",""pyxel_bubbles"":""games/pyxel/06_click_game.py"",""pyxel_jump"":""games/pyxel/02_jump_game.py""}","{""daylight"":""21a365375249e9d7ea05e78dcfe040f09cc1f0c66bd410bae084190c743a028f"",""pyxel_bubbles"":""54c101e90bdaed839ac4c4284494530d5df37a5819a35f1e41eebb0b3da5d900"",""pyxel_jump"":""4743a825f1c9cae7e049ac52115f4ecf83350db546c00745a54af187d7bc2e46""}",0369cedae3bee70c5b0f4722dd9775d8029b474b54aa0bd5f05548eb6143e3e5
1,315,formal-v1__extra__daylight+pyxel_jump+pyxel_snake+space_rescue__r02,formal-v1,colocation-extra-test,extra_test,extra_test,"[""daylight"",""pyxel_jump"",""pyxel_snake"",""space_rescue""]",daylight,"[""pyxel_jump"",""pyxel_snake"",""space_rescue""]",daylight+pyxel_jump+pyxel_snake+space_rescue,daylight+pyxel_jump+pyxel_snake+space_rescue__r02,,,2,12588195661761314844,10,30,1,10,windows-rtx4060,0,0,grid_2x2,true,84,a36b78d2998befbd10330adef8f5ab1f813a7a68144bd44a59f55bb779224525,608d817cd8d44787fc0ba4c2f2ee507f0b4c987f,data/raw/remaining-s30/formal-v1/formal-v1__extra__daylight+pyxel_jump+pyxel_snake+space_rescue__r02,"{""daylight"":""games/pyxel/apps-src/30SecondsOfDaylight/src/main.py"",""pyxel_jump"":""games/pyxel/02_jump_game.py"",""pyxel_snake"":""games/pyxel/07_snake.py"",""space_rescue"":""games/pyxel/apps-src/space_rescue/space_rescue.py""}","{""daylight"":""21a365375249e9d7ea05e78dcfe040f09cc1f0c66bd410bae084190c743a028f"",""pyxel_jump"":""4743a825f1c9cae7e049ac52115f4ecf83350db546c00745a54af187d7bc2e46"",""pyxel_snake"":""bc533fef92d1d358e570f69d979919fe5c1cd8c4da49841104b49a1e661a5ac3"",""space_rescue"":""f3b0ab6784ae558e64f06a3f0a704e53f107a130aa3d43357659d0850131e461""}",34863c50cf6ed9a5369beb3d1a6070bfb5fba1d5fd1dd22686a0c6a9c7c4fd15
1,316,formal-v1__solo__space_rescue__r02,formal-v1,solo,not_applicable,solo,"[""space_rescue""]",space_rescue,[],,,,,2,17469599324371223650,10,30,1,10,windows-rtx4060,0,0,grid_2x2,true,84,a36b78d2998befbd10330adef8f5ab1f813a7a68144bd44a59f55bb779224525,608d817cd8d44787fc0ba4c2f2ee507f0b4c987f,data/raw/remaining-s30/formal-v1/formal-v1__solo__space_rescue__r02,"{""space_rescue"":""games/pyxel/apps-src/space_rescue/space_rescue.py""}","{""space_rescue"":""f3b0ab6784ae558e64f06a3f0a704e53f107a130aa3d43357659d0850131e461""}",49076c5572e1593de76f000c3614f7e295403bdd2cddb5f94a769379d27c6870
1,317,formal-v1__colocation__daylight+mega_wing+pyxel_snake__r03,formal-v1,colocation-main,train,colocation,"[""daylight"",""mega_wing"",""pyxel_snake""]",daylight,"[""mega_wing"",""pyxel_snake""]",daylight+mega_wing+pyxel_snake,daylight+mega_wing+pyxel_snake__r03,,,3,12724699600798452488,10,30,1,10,windows-rtx4060,0,0,grid_2x2,true,84,a36b78d2998befbd10330adef8f5ab1f813a7a68144bd44a59f55bb779224525,608d817cd8d44787fc0ba4c2f2ee507f0b4c987f,data/raw/remaining-s30/formal-v1/formal-v1__colocation__daylight+mega_wing+pyxel_snake__r03,"{""daylight"":""games/pyxel/apps-src/30SecondsOfDaylight/src/main.py"",""mega_wing"":""games/pyxel/apps-src/mega_wing/mega_wing.py"",""pyxel_snake"":""games/pyxel/07_snake.py""}","{""daylight"":""21a365375249e9d7ea05e78dcfe040f09cc1f0c66bd410bae084190c743a028f"",""mega_wing"":""86bad6c02a303806c58137503739241dc6b1e86695f7c0dbf672b5e1a1464e9f"",""pyxel_snake"":""bc533fef92d1d358e570f69d979919fe5c1cd8c4da49841104b49a1e661a5ac3""}",8c7304168abd78f6e124a420315ab4f3a86080e7312a936811774a6e850265ad
1,318,formal-v1__profile__pyxel_shooter__memory_bandwidth__p025__r01,formal-v1,profile,not_applicable,pressure_profile,"[""pyxel_shooter""]",pyxel_shooter,[],,,memory_bandwidth,0.25,1,331279448625326691,10,30,1,10,windows-rtx4060,0,0,grid_2x2,true,84,a36b78d2998befbd10330adef8f5ab1f813a7a68144bd44a59f55bb779224525,608d817cd8d44787fc0ba4c2f2ee507f0b4c987f,data/raw/remaining-s30/formal-v1/formal-v1__profile__pyxel_shooter__memory_bandwidth__p025__r01,"{""pyxel_shooter"":""games/pyxel/09_shooter.py""}","{""pyxel_shooter"":""0f53e4156907eac41080a8f289e22c89365b3239517c754cf59a51af201d5563""}",fb3eb8e8425d2be27dcaf08b60af0369337c24db44f6108146a689d0ecdd11a6
1,319,formal-v1__colocation__pyxel_bubbles+pyxel_snake+space_rescue__r01,formal-v1,colocation-main,train,colocation,"[""pyxel_bubbles"",""pyxel_snake"",""space_rescue""]",pyxel_bubbles,"[""pyxel_snake"",""space_rescue""]",pyxel_bubbles+pyxel_snake+space_rescue,pyxel_bubbles+pyxel_snake+space_rescue__r01,,,1,10895786778204655259,10,30,1,10,windows-rtx4060,0,0,grid_2x2,true,84,a36b78d2998befbd10330adef8f5ab1f813a7a68144bd44a59f55bb779224525,608d817cd8d44787fc0ba4c2f2ee507f0b4c987f,data/raw/remaining-s30/formal-v1/formal-v1__colocation__pyxel_bubbles+pyxel_snake+space_rescue__r01,"{""pyxel_bubbles"":""games/pyxel/06_click_game.py"",""pyxel_snake"":""games/pyxel/07_snake.py"",""space_rescue"":""games/pyxel/apps-src/space_rescue/space_rescue.py""}","{""pyxel_bubbles"":""54c101e90bdaed839ac4c4284494530d5df37a5819a35f1e41eebb0b3da5d900"",""pyxel_snake"":""bc533fef92d1d358e570f69d979919fe5c1cd8c4da49841104b49a1e661a5ac3"",""space_rescue"":""f3b0ab6784ae558e64f06a3f0a704e53f107a130aa3d43357659d0850131e461""}",a640cce3db6c177763a7107d7e1e872010727d3709232f5761a88b919a918973
1,320,formal-v1__extra__pyxel_bubbles+pyxel_jump+pyxel_shooter+pyxel_snake__r02,formal-v1,colocation-extra-test,extra_test,extra_test,"[""pyxel_bubbles"",""pyxel_jump"",""pyxel_shooter"",""pyxel_snake""]",pyxel_bubbles,"[""pyxel_jump"",""pyxel_shooter"",""pyxel_snake""]",pyxel_bubbles+pyxel_jump+pyxel_shooter+pyxel_snake,pyxel_bubbles+pyxel_jump+pyxel_shooter+pyxel_snake__r02,,,2,9400649919561552429,10,30,1,10,windows-rtx4060,0,0,grid_2x2,true,84,a36b78d2998befbd10330adef8f5ab1f813a7a68144bd44a59f55bb779224525,608d817cd8d44787fc0ba4c2f2ee507f0b4c987f,data/raw/remaining-s30/formal-v1/formal-v1__extra__pyxel_bubbles+pyxel_jump+pyxel_shooter+pyxel_snake__r02,"{""pyxel_bubbles"":""games/pyxel/06_click_game.py"",""pyxel_jump"":""games/pyxel/02_jump_game.py"",""pyxel_shooter"":""games/pyxel/09_shooter.py"",""pyxel_snake"":""games/pyxel/07_snake.py""}","{""pyxel_bubbles"":""54c101e90bdaed839ac4c4284494530d5df37a5819a35f1e41eebb0b3da5d900"",""pyxel_jump"":""4743a825f1c9cae7e049ac52115f4ecf83350db546c00745a54af187d7bc2e46"",""pyxel_shooter"":""0f53e4156907eac41080a8f289e22c89365b3239517c754cf59a51af201d5563"",""pyxel_snake"":""bc533fef92d1d358e570f69d979919fe5c1cd8c4da49841104b49a1e661a5ac3""}",585e2910857249e9b198413b26859a3d5e9e8fa6d54ab7bdeeab2efc7d96e835
1,321,formal-v1__profile__daylight__gpu_memory__p075__r02,formal-v1,profile,not_applicable,pressure_profile,"[""daylight""]",daylight,[],,,gpu_memory,0.75,2,9872237876990188323,10,30,1,10,windows-rtx4060,0,0,grid_2x2,true,84,a36b78d2998befbd10330adef8f5ab1f813a7a68144bd44a59f55bb779224525,608d817cd8d44787fc0ba4c2f2ee507f0b4c987f,data/raw/remaining-s30/formal-v1/formal-v1__profile__daylight__gpu_memory__p075__r02,"{""daylight"":""games/pyxel/apps-src/30SecondsOfDaylight/src/main.py""}","{""daylight"":""21a365375249e9d7ea05e78dcfe040f09cc1f0c66bd410bae084190c743a028f""}",00d8f824493625d9edc2d0216944b68849fe87f68b4d5a5396e2418e919b9b1a
1,322,formal-v1__profile__pyxel_platformer__gpu_memory__p000__r01,formal-v1,profile,not_applicable,pressure_profile,"[""pyxel_platformer""]",pyxel_platformer,[],,,gpu_memory,0,1,2237861801506633355,10,30,1,10,windows-rtx4060,0,0,grid_2x2,true,84,a36b78d2998befbd10330adef8f5ab1f813a7a68144bd44a59f55bb779224525,608d817cd8d44787fc0ba4c2f2ee507f0b4c987f,data/raw/remaining-s30/formal-v1/formal-v1__profile__pyxel_platformer__gpu_memory__p000__r01,"{""pyxel_platformer"":""games/pyxel/10_platformer.py""}","{""pyxel_platformer"":""1b2c75b49dc9ab0254fb4b724682a4787868814a38d2f08920720dc5b6007ac5""}",de4472ad7872065c105fd951101eca45f25b7ca4a0ff28a5b963b5ba7104c1f9
1,323,formal-v1__profile__pyxel_bubbles__memory_bandwidth__p050__r03,formal-v1,profile,not_applicable,pressure_profile,"[""pyxel_bubbles""]",pyxel_bubbles,[],,,memory_bandwidth,0.5,3,16891115033186532152,10,30,1,10,windows-rtx4060,0,0,grid_2x2,true,84,a36b78d2998befbd10330adef8f5ab1f813a7a68144bd44a59f55bb779224525,608d817cd8d44787fc0ba4c2f2ee507f0b4c987f,data/raw/remaining-s30/formal-v1/formal-v1__profile__pyxel_bubbles__memory_bandwidth__p050__r03,"{""pyxel_bubbles"":""games/pyxel/06_click_game.py""}","{""pyxel_bubbles"":""54c101e90bdaed839ac4c4284494530d5df37a5819a35f1e41eebb0b3da5d900""}",1a1cbc7b55b138d783235d39ddc263bdb3622ae57d432db0ea94f39dec9ace61
1,324,formal-v1__profile__space_rescue__gpu_memory__p025__r03,formal-v1,profile,not_applicable,pressure_profile,"[""space_rescue""]",space_rescue,[],,,gpu_memory,0.25,3,11900251279031478821,10,30,1,10,windows-rtx4060,0,0,grid_2x2,true,84,a36b78d2998befbd10330adef8f5ab1f813a7a68144bd44a59f55bb779224525,608d817cd8d44787fc0ba4c2f2ee507f0b4c987f,data/raw/remaining-s30/formal-v1/formal-v1__profile__space_rescue__gpu_memory__p025__r03,"{""space_rescue"":""games/pyxel/apps-src/space_rescue/space_rescue.py""}","{""space_rescue"":""f3b0ab6784ae558e64f06a3f0a704e53f107a130aa3d43357659d0850131e461""}",6691c45925a0fc1026403dd039bf8c1a37665157421b73b5c20109c2e8a7664b
1,325,formal-v1__profile__daylight__cpu_compute__p100__r03,formal-v1,profile,not_applicable,pressure_profile,"[""daylight""]",daylight,[],,,cpu_compute,1,3,1211454383313536692,10,30,1,10,windows-rtx4060,0,0,grid_2x2,true,84,a36b78d2998befbd10330adef8f5ab1f813a7a68144bd44a59f55bb779224525,608d817cd8d44787fc0ba4c2f2ee507f0b4c987f,data/raw/remaining-s30/formal-v1/formal-v1__profile__daylight__cpu_compute__p100__r03,"{""daylight"":""games/pyxel/apps-src/30SecondsOfDaylight/src/main.py""}","{""daylight"":""21a365375249e9d7ea05e78dcfe040f09cc1f0c66bd410bae084190c743a028f""}",a40f5fa1e75b51a5fe7b3ad57bfc09b4f4e27118e04dc64c7ea61b6061a52689
1,326,formal-v1__profile__daylight__gpu_memory__p075__r01,formal-v1,profile,not_applicable,pressure_profile,"[""daylight""]",daylight,[],,,gpu_memory,0.75,1,4643342925384869322,10,30,1,10,windows-rtx4060,0,0,grid_2x2,true,84,a36b78d2998befbd10330adef8f5ab1f813a7a68144bd44a59f55bb779224525,608d817cd8d44787fc0ba4c2f2ee507f0b4c987f,data/raw/remaining-s30/formal-v1/formal-v1__profile__daylight__gpu_memory__p075__r01,"{""daylight"":""games/pyxel/apps-src/30SecondsOfDaylight/src/main.py""}","{""daylight"":""21a365375249e9d7ea05e78dcfe040f09cc1f0c66bd410bae084190c743a028f""}",f5e08186dd3754ec8a40b3feb03206b4ea909b28496a0b612cf6300e875887a6
1,327,formal-v1__colocation__daylight+pyxel_platformer+pyxel_snake__r02,formal-v1,colocation-main,validation,colocation,"[""daylight"",""pyxel_platformer"",""pyxel_snake""]",daylight,"[""pyxel_platformer"",""pyxel_snake""]",daylight+pyxel_platformer+pyxel_snake,daylight+pyxel_platformer+pyxel_snake__r02,,,2,13348702882007050725,10,30,1,10,windows-rtx4060,0,0,grid_2x2,true,84,a36b78d2998befbd10330adef8f5ab1f813a7a68144bd44a59f55bb779224525,608d817cd8d44787fc0ba4c2f2ee507f0b4c987f,data/raw/remaining-s30/formal-v1/formal-v1__colocation__daylight+pyxel_platformer+pyxel_snake__r02,"{""daylight"":""games/pyxel/apps-src/30SecondsOfDaylight/src/main.py"",""pyxel_platformer"":""games/pyxel/10_platformer.py"",""pyxel_snake"":""games/pyxel/07_snake.py""}","{""daylight"":""21a365375249e9d7ea05e78dcfe040f09cc1f0c66bd410bae084190c743a028f"",""pyxel_platformer"":""1b2c75b49dc9ab0254fb4b724682a4787868814a38d2f08920720dc5b6007ac5"",""pyxel_snake"":""bc533fef92d1d358e570f69d979919fe5c1cd8c4da49841104b49a1e661a5ac3""}",239824251871bec9fa2e2340e8359248dc11d9aaa27b3642bbcc4a862a7a43a6
1,328,formal-v1__profile__pyxel_platformer__gpu_memory__p100__r01,formal-v1,profile,not_applicable,pressure_profile,"[""pyxel_platformer""]",pyxel_platformer,[],,,gpu_memory,1,1,17805035605180021847,10,30,1,10,windows-rtx4060,0,0,grid_2x2,true,84,a36b78d2998befbd10330adef8f5ab1f813a7a68144bd44a59f55bb779224525,608d817cd8d44787fc0ba4c2f2ee507f0b4c987f,data/raw/remaining-s30/formal-v1/formal-v1__profile__pyxel_platformer__gpu_memory__p100__r01,"{""pyxel_platformer"":""games/pyxel/10_platformer.py""}","{""pyxel_platformer"":""1b2c75b49dc9ab0254fb4b724682a4787868814a38d2f08920720dc5b6007ac5""}",e2ab2102c6d354e2a0b01e4a0b2cd61fffaa6dd6ac89da0c411234da9eddcb8c
1,329,formal-v1__profile__pyxel_shooter__gpu_memory__p050__r02,formal-v1,profile,not_applicable,pressure_profile,"[""pyxel_shooter""]",pyxel_shooter,[],,,gpu_memory,0.5,2,3629365574515664625,10,30,1,10,windows-rtx4060,0,0,grid_2x2,true,84,a36b78d2998befbd10330adef8f5ab1f813a7a68144bd44a59f55bb779224525,608d817cd8d44787fc0ba4c2f2ee507f0b4c987f,data/raw/remaining-s30/formal-v1/formal-v1__profile__pyxel_shooter__gpu_memory__p050__r02,"{""pyxel_shooter"":""games/pyxel/09_shooter.py""}","{""pyxel_shooter"":""0f53e4156907eac41080a8f289e22c89365b3239517c754cf59a51af201d5563""}",477c3792c30b4e93622bca9feb00e4876e0c12d6d177986fbe05fa2f53c395f0
1,330,formal-v1__colocation__mega_wing+pyxel_bubbles+pyxel_shooter__r01,formal-v1,colocation-main,train,colocation,"[""mega_wing"",""pyxel_bubbles"",""pyxel_shooter""]",mega_wing,"[""pyxel_bubbles"",""pyxel_shooter""]",mega_wing+pyxel_bubbles+pyxel_shooter,mega_wing+pyxel_bubbles+pyxel_shooter__r01,,,1,13660992632416912501,10,30,1,10,windows-rtx4060,0,0,grid_2x2,true,84,a36b78d2998befbd10330adef8f5ab1f813a7a68144bd44a59f55bb779224525,608d817cd8d44787fc0ba4c2f2ee507f0b4c987f,data/raw/remaining-s30/formal-v1/formal-v1__colocation__mega_wing+pyxel_bubbles+pyxel_shooter__r01,"{""mega_wing"":""games/pyxel/apps-src/mega_wing/mega_wing.py"",""pyxel_bubbles"":""games/pyxel/06_click_game.py"",""pyxel_shooter"":""games/pyxel/09_shooter.py""}","{""mega_wing"":""86bad6c02a303806c58137503739241dc6b1e86695f7c0dbf672b5e1a1464e9f"",""pyxel_bubbles"":""54c101e90bdaed839ac4c4284494530d5df37a5819a35f1e41eebb0b3da5d900"",""pyxel_shooter"":""0f53e4156907eac41080a8f289e22c89365b3239517c754cf59a51af201d5563""}",69ec8aed4872cde736761e1d9ff5ac85d326840d94b8424b76ef24c13f84dd5f
1,331,formal-v1__extra__mega_wing+pyxel_shooter+pyxel_snake+space_rescue__r03,formal-v1,colocation-extra-test,extra_test,extra_test,"[""mega_wing"",""pyxel_shooter"",""pyxel_snake"",""space_rescue""]",mega_wing,"[""pyxel_shooter"",""pyxel_snake"",""space_rescue""]",mega_wing+pyxel_shooter+pyxel_snake+space_rescue,mega_wing+pyxel_shooter+pyxel_snake+space_rescue__r03,,,3,17426353318728662774,10,30,1,10,windows-rtx4060,0,0,grid_2x2,true,84,a36b78d2998befbd10330adef8f5ab1f813a7a68144bd44a59f55bb779224525,608d817cd8d44787fc0ba4c2f2ee507f0b4c987f,data/raw/remaining-s30/formal-v1/formal-v1__extra__mega_wing+pyxel_shooter+pyxel_snake+space_rescue__r03,"{""mega_wing"":""games/pyxel/apps-src/mega_wing/mega_wing.py"",""pyxel_shooter"":""games/pyxel/09_shooter.py"",""pyxel_snake"":""games/pyxel/07_snake.py"",""space_rescue"":""games/pyxel/apps-src/space_rescue/space_rescue.py""}","{""mega_wing"":""86bad6c02a303806c58137503739241dc6b1e86695f7c0dbf672b5e1a1464e9f"",""pyxel_shooter"":""0f53e4156907eac41080a8f289e22c89365b3239517c754cf59a51af201d5563"",""pyxel_snake"":""bc533fef92d1d358e570f69d979919fe5c1cd8c4da49841104b49a1e661a5ac3"",""space_rescue"":""f3b0ab6784ae558e64f06a3f0a704e53f107a130aa3d43357659d0850131e461""}",d60df66f0657de5d48ec9af0ec4a8f9b7a8959898c455479447313a6e554eeea
1,332,formal-v1__profile__pyxel_shooter__gpu_compute__p075__r01,formal-v1,profile,not_applicable,pressure_profile,"[""pyxel_shooter""]",pyxel_shooter,[],,,gpu_compute,0.75,1,6732974421733216668,10,30,1,10,windows-rtx4060,0,0,grid_2x2,true,84,a36b78d2998befbd10330adef8f5ab1f813a7a68144bd44a59f55bb779224525,608d817cd8d44787fc0ba4c2f2ee507f0b4c987f,data/raw/remaining-s30/formal-v1/formal-v1__profile__pyxel_shooter__gpu_compute__p075__r01,"{""pyxel_shooter"":""games/pyxel/09_shooter.py""}","{""pyxel_shooter"":""0f53e4156907eac41080a8f289e22c89365b3239517c754cf59a51af201d5563""}",ba1f7ecf3be5107c8b8d8c46df81b643f2fcf98f7bbe6d6f1c9137969cd26876
1,333,formal-v1__profile__pyxel_shooter__memory_bandwidth__p075__r01,formal-v1,profile,not_applicable,pressure_profile,"[""pyxel_shooter""]",pyxel_shooter,[],,,memory_bandwidth,0.75,1,14253990244335660581,10,30,1,10,windows-rtx4060,0,0,grid_2x2,true,84,a36b78d2998befbd10330adef8f5ab1f813a7a68144bd44a59f55bb779224525,608d817cd8d44787fc0ba4c2f2ee507f0b4c987f,data/raw/remaining-s30/formal-v1/formal-v1__profile__pyxel_shooter__memory_bandwidth__p075__r01,"{""pyxel_shooter"":""games/pyxel/09_shooter.py""}","{""pyxel_shooter"":""0f53e4156907eac41080a8f289e22c89365b3239517c754cf59a51af201d5563""}",bffdddfd4410a76abf713a159852fae6a4593632109c99b735174da8475365e5
1,334,formal-v1__profile__space_rescue__gpu_compute__p075__r02,formal-v1,profile,not_applicable,pressure_profile,"[""space_rescue""]",space_rescue,[],,,gpu_compute,0.75,2,11480756502642916406,10,30,1,10,windows-rtx4060,0,0,grid_2x2,true,84,a36b78d2998befbd10330adef8f5ab1f813a7a68144bd44a59f55bb779224525,608d817cd8d44787fc0ba4c2f2ee507f0b4c987f,data/raw/remaining-s30/formal-v1/formal-v1__profile__space_rescue__gpu_compute__p075__r02,"{""space_rescue"":""games/pyxel/apps-src/space_rescue/space_rescue.py""}","{""space_rescue"":""f3b0ab6784ae558e64f06a3f0a704e53f107a130aa3d43357659d0850131e461""}",455b8797f77cd22d3aadf1a20971971261bce79e5d8a0f34091f74631cedb3da
1,335,formal-v1__colocation__mega_wing+pyxel_shooter__r03,formal-v1,colocation-main,train,colocation,"[""mega_wing"",""pyxel_shooter""]",mega_wing,"[""pyxel_shooter""]",mega_wing+pyxel_shooter,mega_wing+pyxel_shooter__r03,,,3,6293622523290271236,10,30,1,10,windows-rtx4060,0,0,grid_2x2,true,84,a36b78d2998befbd10330adef8f5ab1f813a7a68144bd44a59f55bb779224525,608d817cd8d44787fc0ba4c2f2ee507f0b4c987f,data/raw/remaining-s30/formal-v1/formal-v1__colocation__mega_wing+pyxel_shooter__r03,"{""mega_wing"":""games/pyxel/apps-src/mega_wing/mega_wing.py"",""pyxel_shooter"":""games/pyxel/09_shooter.py""}","{""mega_wing"":""86bad6c02a303806c58137503739241dc6b1e86695f7c0dbf672b5e1a1464e9f"",""pyxel_shooter"":""0f53e4156907eac41080a8f289e22c89365b3239517c754cf59a51af201d5563""}",f3048f7c51dd98b4ebca840f134f87a15303dd74d2ed4b9e90c6e594b3a8c3cd
1,336,formal-v1__profile__space_rescue__cpu_compute__p000__r02,formal-v1,profile,not_applicable,pressure_profile,"[""space_rescue""]",space_rescue,[],,,cpu_compute,0,2,8334408791872488841,10,30,1,10,windows-rtx4060,0,0,grid_2x2,true,84,a36b78d2998befbd10330adef8f5ab1f813a7a68144bd44a59f55bb779224525,608d817cd8d44787fc0ba4c2f2ee507f0b4c987f,data/raw/remaining-s30/formal-v1/formal-v1__profile__space_rescue__cpu_compute__p000__r02,"{""space_rescue"":""games/pyxel/apps-src/space_rescue/space_rescue.py""}","{""space_rescue"":""f3b0ab6784ae558e64f06a3f0a704e53f107a130aa3d43357659d0850131e461""}",16d65d4e582a5a54c99b1910f85fed0451212cd7e4092b65876878620665593c
1,337,formal-v1__profile__pyxel_platformer__cpu_compute__p025__r03,formal-v1,profile,not_applicable,pressure_profile,"[""pyxel_platformer""]",pyxel_platformer,[],,,cpu_compute,0.25,3,10993037683309115422,10,30,1,10,windows-rtx4060,0,0,grid_2x2,true,84,a36b78d2998befbd10330adef8f5ab1f813a7a68144bd44a59f55bb779224525,608d817cd8d44787fc0ba4c2f2ee507f0b4c987f,data/raw/remaining-s30/formal-v1/formal-v1__profile__pyxel_platformer__cpu_compute__p025__r03,"{""pyxel_platformer"":""games/pyxel/10_platformer.py""}","{""pyxel_platformer"":""1b2c75b49dc9ab0254fb4b724682a4787868814a38d2f08920720dc5b6007ac5""}",86781380e80f9774d70d3b17b93c372dc43dd16d65295d62ab076144bd41e58f
1,338,formal-v1__colocation__pyxel_platformer+pyxel_snake__r02,formal-v1,colocation-main,test,colocation,"[""pyxel_platformer"",""pyxel_snake""]",pyxel_platformer,"[""pyxel_snake""]",pyxel_platformer+pyxel_snake,pyxel_platformer+pyxel_snake__r02,,,2,7514933475297872201,10,30,1,10,windows-rtx4060,0,0,grid_2x2,true,84,a36b78d2998befbd10330adef8f5ab1f813a7a68144bd44a59f55bb779224525,608d817cd8d44787fc0ba4c2f2ee507f0b4c987f,data/raw/remaining-s30/formal-v1/formal-v1__colocation__pyxel_platformer+pyxel_snake__r02,"{""pyxel_platformer"":""games/pyxel/10_platformer.py"",""pyxel_snake"":""games/pyxel/07_snake.py""}","{""pyxel_platformer"":""1b2c75b49dc9ab0254fb4b724682a4787868814a38d2f08920720dc5b6007ac5"",""pyxel_snake"":""bc533fef92d1d358e570f69d979919fe5c1cd8c4da49841104b49a1e661a5ac3""}",0b9f4d123e603dc06fc60681bc721030299b7ba28867880121192eff36fa9b35
1,339,formal-v1__profile__daylight__gpu_compute__p075__r03,formal-v1,profile,not_applicable,pressure_profile,"[""daylight""]",daylight,[],,,gpu_compute,0.75,3,3167506021340663818,10,30,1,10,windows-rtx4060,0,0,grid_2x2,true,84,a36b78d2998befbd10330adef8f5ab1f813a7a68144bd44a59f55bb779224525,608d817cd8d44787fc0ba4c2f2ee507f0b4c987f,data/raw/remaining-s30/formal-v1/formal-v1__profile__daylight__gpu_compute__p075__r03,"{""daylight"":""games/pyxel/apps-src/30SecondsOfDaylight/src/main.py""}","{""daylight"":""21a365375249e9d7ea05e78dcfe040f09cc1f0c66bd410bae084190c743a028f""}",a7805114df0a6cf5ca888f973fd3e77c2864611fa259ae001ef4950370401279
1,340,formal-v1__profile__mega_wing__gpu_compute__p000__r03,formal-v1,profile,not_applicable,pressure_profile,"[""mega_wing""]",mega_wing,[],,,gpu_compute,0,3,11336000559053576937,10,30,1,10,windows-rtx4060,0,0,grid_2x2,true,84,a36b78d2998befbd10330adef8f5ab1f813a7a68144bd44a59f55bb779224525,608d817cd8d44787fc0ba4c2f2ee507f0b4c987f,data/raw/remaining-s30/formal-v1/formal-v1__profile__mega_wing__gpu_compute__p000__r03,"{""mega_wing"":""games/pyxel/apps-src/mega_wing/mega_wing.py""}","{""mega_wing"":""86bad6c02a303806c58137503739241dc6b1e86695f7c0dbf672b5e1a1464e9f""}",247e23de30407f52ee4b628f72d76d18e6c45d1346efda546bf0db4058ffb687
1,341,formal-v1__profile__pyxel_platformer__gpu_compute__p000__r03,formal-v1,profile,not_applicable,pressure_profile,"[""pyxel_platformer""]",pyxel_platformer,[],,,gpu_compute,0,3,8761439065193958811,10,30,1,10,windows-rtx4060,0,0,grid_2x2,true,84,a36b78d2998befbd10330adef8f5ab1f813a7a68144bd44a59f55bb779224525,608d817cd8d44787fc0ba4c2f2ee507f0b4c987f,data/raw/remaining-s30/formal-v1/formal-v1__profile__pyxel_platformer__gpu_compute__p000__r03,"{""pyxel_platformer"":""games/pyxel/10_platformer.py""}","{""pyxel_platformer"":""1b2c75b49dc9ab0254fb4b724682a4787868814a38d2f08920720dc5b6007ac5""}",15677a72723665de2861fcd57dbec57bf0e5749e3420056ecf567ff70331b03f
1,342,formal-v1__profile__pyxel_platformer__gpu_compute__p050__r01,formal-v1,profile,not_applicable,pressure_profile,"[""pyxel_platformer""]",pyxel_platformer,[],,,gpu_compute,0.5,1,13172174301205081987,10,30,1,10,windows-rtx4060,0,0,grid_2x2,true,84,a36b78d2998befbd10330adef8f5ab1f813a7a68144bd44a59f55bb779224525,608d817cd8d44787fc0ba4c2f2ee507f0b4c987f,data/raw/remaining-s30/formal-v1/formal-v1__profile__pyxel_platformer__gpu_compute__p050__r01,"{""pyxel_platformer"":""games/pyxel/10_platformer.py""}","{""pyxel_platformer"":""1b2c75b49dc9ab0254fb4b724682a4787868814a38d2f08920720dc5b6007ac5""}",d33bcf4d978576e4535606cdd4ecbd98d174b47a0ae608740d5565a7145d0fd9
1,343,formal-v1__profile__space_rescue__gpu_memory__p100__r01,formal-v1,profile,not_applicable,pressure_profile,"[""space_rescue""]",space_rescue,[],,,gpu_memory,1,1,13172641782876040840,10,30,1,10,windows-rtx4060,0,0,grid_2x2,true,84,a36b78d2998befbd10330adef8f5ab1f813a7a68144bd44a59f55bb779224525,608d817cd8d44787fc0ba4c2f2ee507f0b4c987f,data/raw/remaining-s30/formal-v1/formal-v1__profile__space_rescue__gpu_memory__p100__r01,"{""space_rescue"":""games/pyxel/apps-src/space_rescue/space_rescue.py""}","{""space_rescue"":""f3b0ab6784ae558e64f06a3f0a704e53f107a130aa3d43357659d0850131e461""}",1225ddd00ca4819760d4d367d1217554d5c32bdbb127a1ea0b0dd7ddc96abb84
1,344,formal-v1__profile__space_rescue__gpu_memory__p075__r03,formal-v1,profile,not_applicable,pressure_profile,"[""space_rescue""]",space_rescue,[],,,gpu_memory,0.75,3,17536984166523353678,10,30,1,10,windows-rtx4060,0,0,grid_2x2,true,84,a36b78d2998befbd10330adef8f5ab1f813a7a68144bd44a59f55bb779224525,608d817cd8d44787fc0ba4c2f2ee507f0b4c987f,data/raw/remaining-s30/formal-v1/formal-v1__profile__space_rescue__gpu_memory__p075__r03,"{""space_rescue"":""games/pyxel/apps-src/space_rescue/space_rescue.py""}","{""space_rescue"":""f3b0ab6784ae558e64f06a3f0a704e53f107a130aa3d43357659d0850131e461""}",b62d2694d8bc1349684c0b3f3b9a4322270bd4f0635950c688bd37d12670449a
1,345,formal-v1__colocation__pyxel_platformer+pyxel_shooter__r01,formal-v1,colocation-main,train,colocation,"[""pyxel_platformer"",""pyxel_shooter""]",pyxel_platformer,"[""pyxel_shooter""]",pyxel_platformer+pyxel_shooter,pyxel_platformer+pyxel_shooter__r01,,,1,8933751458129542535,10,30,1,10,windows-rtx4060,0,0,grid_2x2,true,84,a36b78d2998befbd10330adef8f5ab1f813a7a68144bd44a59f55bb779224525,608d817cd8d44787fc0ba4c2f2ee507f0b4c987f,data/raw/remaining-s30/formal-v1/formal-v1__colocation__pyxel_platformer+pyxel_shooter__r01,"{""pyxel_platformer"":""games/pyxel/10_platformer.py"",""pyxel_shooter"":""games/pyxel/09_shooter.py""}","{""pyxel_platformer"":""1b2c75b49dc9ab0254fb4b724682a4787868814a38d2f08920720dc5b6007ac5"",""pyxel_shooter"":""0f53e4156907eac41080a8f289e22c89365b3239517c754cf59a51af201d5563""}",1978a85a2bbcbfd5371969d0b9c58c5f3ca3cdb98e455648ac2fd3469b5db0da
1,346,formal-v1__profile__pyxel_snake__cpu_compute__p025__r03,formal-v1,profile,not_applicable,pressure_profile,"[""pyxel_snake""]",pyxel_snake,[],,,cpu_compute,0.25,3,2175508777902779970,10,30,1,10,windows-rtx4060,0,0,grid_2x2,true,84,a36b78d2998befbd10330adef8f5ab1f813a7a68144bd44a59f55bb779224525,608d817cd8d44787fc0ba4c2f2ee507f0b4c987f,data/raw/remaining-s30/formal-v1/formal-v1__profile__pyxel_snake__cpu_compute__p025__r03,"{""pyxel_snake"":""games/pyxel/07_snake.py""}","{""pyxel_snake"":""bc533fef92d1d358e570f69d979919fe5c1cd8c4da49841104b49a1e661a5ac3""}",fa202b3151d0eb9ea758811233c1f2bbcbdf1305953994b7dd96ab747e20e684
1,347,formal-v1__profile__pyxel_jump__cpu_compute__p025__r03,formal-v1,profile,not_applicable,pressure_profile,"[""pyxel_jump""]",pyxel_jump,[],,,cpu_compute,0.25,3,13656217511712241659,10,30,1,10,windows-rtx4060,0,0,grid_2x2,true,84,a36b78d2998befbd10330adef8f5ab1f813a7a68144bd44a59f55bb779224525,608d817cd8d44787fc0ba4c2f2ee507f0b4c987f,data/raw/remaining-s30/formal-v1/formal-v1__profile__pyxel_jump__cpu_compute__p025__r03,"{""pyxel_jump"":""games/pyxel/02_jump_game.py""}","{""pyxel_jump"":""4743a825f1c9cae7e049ac52115f4ecf83350db546c00745a54af187d7bc2e46""}",d904078bfdc45ab4ca60d515505d701a781e0e1c2c4331d6ff84c3642c0fc85a
1,348,formal-v1__profile__daylight__gpu_memory__p025__r03,formal-v1,profile,not_applicable,pressure_profile,"[""daylight""]",daylight,[],,,gpu_memory,0.25,3,12781802666410310296,10,30,1,10,windows-rtx4060,0,0,grid_2x2,true,84,a36b78d2998befbd10330adef8f5ab1f813a7a68144bd44a59f55bb779224525,608d817cd8d44787fc0ba4c2f2ee507f0b4c987f,data/raw/remaining-s30/formal-v1/formal-v1__profile__daylight__gpu_memory__p025__r03,"{""daylight"":""games/pyxel/apps-src/30SecondsOfDaylight/src/main.py""}","{""daylight"":""21a365375249e9d7ea05e78dcfe040f09cc1f0c66bd410bae084190c743a028f""}",0779e66056d92655d2b6ea3df9e6eee0950a29c5bdbead77d7a6b150dfb46be7
1,349,formal-v1__profile__daylight__memory_bandwidth__p000__r03,formal-v1,profile,not_applicable,pressure_profile,"[""daylight""]",daylight,[],,,memory_bandwidth,0,3,9751722257376424109,10,30,1,10,windows-rtx4060,0,0,grid_2x2,true,84,a36b78d2998befbd10330adef8f5ab1f813a7a68144bd44a59f55bb779224525,608d817cd8d44787fc0ba4c2f2ee507f0b4c987f,data/raw/remaining-s30/formal-v1/formal-v1__profile__daylight__memory_bandwidth__p000__r03,"{""daylight"":""games/pyxel/apps-src/30SecondsOfDaylight/src/main.py""}","{""daylight"":""21a365375249e9d7ea05e78dcfe040f09cc1f0c66bd410bae084190c743a028f""}",30076b28d29b679b780dc833ecd0429d88e5dbc1177dba7670f5c4a7388f9ec4
1,350,formal-v1__profile__mega_wing__cpu_compute__p050__r01,formal-v1,profile,not_applicable,pressure_profile,"[""mega_wing""]",mega_wing,[],,,cpu_compute,0.5,1,7852355261493721883,10,30,1,10,windows-rtx4060,0,0,grid_2x2,true,84,a36b78d2998befbd10330adef8f5ab1f813a7a68144bd44a59f55bb779224525,608d817cd8d44787fc0ba4c2f2ee507f0b4c987f,data/raw/remaining-s30/formal-v1/formal-v1__profile__mega_wing__cpu_compute__p050__r01,"{""mega_wing"":""games/pyxel/apps-src/mega_wing/mega_wing.py""}","{""mega_wing"":""86bad6c02a303806c58137503739241dc6b1e86695f7c0dbf672b5e1a1464e9f""}",7cf44fef5d593a3993cc3b656089ce6f9364a3618dfc0f3c7743a2070af72800
1,351,formal-v1__colocation__daylight+pyxel_platformer+pyxel_shooter__r03,formal-v1,colocation-main,validation,colocation,"[""daylight"",""pyxel_platformer"",""pyxel_shooter""]",daylight,"[""pyxel_platformer"",""pyxel_shooter""]",daylight+pyxel_platformer+pyxel_shooter,daylight+pyxel_platformer+pyxel_shooter__r03,,,3,16822868372042291631,10,30,1,10,windows-rtx4060,0,0,grid_2x2,true,84,a36b78d2998befbd10330adef8f5ab1f813a7a68144bd44a59f55bb779224525,608d817cd8d44787fc0ba4c2f2ee507f0b4c987f,data/raw/remaining-s30/formal-v1/formal-v1__colocation__daylight+pyxel_platformer+pyxel_shooter__r03,"{""daylight"":""games/pyxel/apps-src/30SecondsOfDaylight/src/main.py"",""pyxel_platformer"":""games/pyxel/10_platformer.py"",""pyxel_shooter"":""games/pyxel/09_shooter.py""}","{""daylight"":""21a365375249e9d7ea05e78dcfe040f09cc1f0c66bd410bae084190c743a028f"",""pyxel_platformer"":""1b2c75b49dc9ab0254fb4b724682a4787868814a38d2f08920720dc5b6007ac5"",""pyxel_shooter"":""0f53e4156907eac41080a8f289e22c89365b3239517c754cf59a51af201d5563""}",55db0db6342995671c1587f3617fc4f2b40809851d1737bdf1c00c34540f3fcc
1,352,formal-v1__profile__pyxel_bubbles__memory_bandwidth__p000__r01,formal-v1,profile,not_applicable,pressure_profile,"[""pyxel_bubbles""]",pyxel_bubbles,[],,,memory_bandwidth,0,1,8523732049358515730,10,30,1,10,windows-rtx4060,0,0,grid_2x2,true,84,a36b78d2998befbd10330adef8f5ab1f813a7a68144bd44a59f55bb779224525,608d817cd8d44787fc0ba4c2f2ee507f0b4c987f,data/raw/remaining-s30/formal-v1/formal-v1__profile__pyxel_bubbles__memory_bandwidth__p000__r01,"{""pyxel_bubbles"":""games/pyxel/06_click_game.py""}","{""pyxel_bubbles"":""54c101e90bdaed839ac4c4284494530d5df37a5819a35f1e41eebb0b3da5d900""}",ed5535132018ef7d61eabea065ab43e8729394fb994037be7ab8f9c01c061439
1,353,formal-v1__profile__pyxel_shooter__gpu_compute__p050__r01,formal-v1,profile,not_applicable,pressure_profile,"[""pyxel_shooter""]",pyxel_shooter,[],,,gpu_compute,0.5,1,6895750260803978302,10,30,1,10,windows-rtx4060,0,0,grid_2x2,true,84,a36b78d2998befbd10330adef8f5ab1f813a7a68144bd44a59f55bb779224525,608d817cd8d44787fc0ba4c2f2ee507f0b4c987f,data/raw/remaining-s30/formal-v1/formal-v1__profile__pyxel_shooter__gpu_compute__p050__r01,"{""pyxel_shooter"":""games/pyxel/09_shooter.py""}","{""pyxel_shooter"":""0f53e4156907eac41080a8f289e22c89365b3239517c754cf59a51af201d5563""}",cfd25ea1d59540115d31603ab9ae7702dc2024ff1c177b454783ed427f41a8a6
1,354,formal-v1__profile__mega_wing__cpu_compute__p025__r02,formal-v1,profile,not_applicable,pressure_profile,"[""mega_wing""]",mega_wing,[],,,cpu_compute,0.25,2,3130259094706830718,10,30,1,10,windows-rtx4060,0,0,grid_2x2,true,84,a36b78d2998befbd10330adef8f5ab1f813a7a68144bd44a59f55bb779224525,608d817cd8d44787fc0ba4c2f2ee507f0b4c987f,data/raw/remaining-s30/formal-v1/formal-v1__profile__mega_wing__cpu_compute__p025__r02,"{""mega_wing"":""games/pyxel/apps-src/mega_wing/mega_wing.py""}","{""mega_wing"":""86bad6c02a303806c58137503739241dc6b1e86695f7c0dbf672b5e1a1464e9f""}",d08b8a0b4aeb958d74237875a90e5d9af28aef4226eebdc3b00df92aa269fee1
1,355,formal-v1__profile__mega_wing__gpu_memory__p050__r01,formal-v1,profile,not_applicable,pressure_profile,"[""mega_wing""]",mega_wing,[],,,gpu_memory,0.5,1,13357739170159462343,10,30,1,10,windows-rtx4060,0,0,grid_2x2,true,84,a36b78d2998befbd10330adef8f5ab1f813a7a68144bd44a59f55bb779224525,608d817cd8d44787fc0ba4c2f2ee507f0b4c987f,data/raw/remaining-s30/formal-v1/formal-v1__profile__mega_wing__gpu_memory__p050__r01,"{""mega_wing"":""games/pyxel/apps-src/mega_wing/mega_wing.py""}","{""mega_wing"":""86bad6c02a303806c58137503739241dc6b1e86695f7c0dbf672b5e1a1464e9f""}",f23234ae6bebd5c46b2c0c625ebbd77b6e06d740c29c9364e0cdb1cf23c7b605
1,356,formal-v1__extra__mega_wing+pyxel_bubbles+pyxel_platformer+pyxel_shooter__r03,formal-v1,colocation-extra-test,extra_test,extra_test,"[""mega_wing"",""pyxel_bubbles"",""pyxel_platformer"",""pyxel_shooter""]",mega_wing,"[""pyxel_bubbles"",""pyxel_platformer"",""pyxel_shooter""]",mega_wing+pyxel_bubbles+pyxel_platformer+pyxel_shooter,mega_wing+pyxel_bubbles+pyxel_platformer+pyxel_shooter__r03,,,3,15157778988543986875,10,30,1,10,windows-rtx4060,0,0,grid_2x2,true,84,a36b78d2998befbd10330adef8f5ab1f813a7a68144bd44a59f55bb779224525,608d817cd8d44787fc0ba4c2f2ee507f0b4c987f,data/raw/remaining-s30/formal-v1/formal-v1__extra__mega_wing+pyxel_bubbles+pyxel_platformer+pyxel_shooter__r03,"{""mega_wing"":""games/pyxel/apps-src/mega_wing/mega_wing.py"",""pyxel_bubbles"":""games/pyxel/06_click_game.py"",""pyxel_platformer"":""games/pyxel/10_platformer.py"",""pyxel_shooter"":""games/pyxel/09_shooter.py""}","{""mega_wing"":""86bad6c02a303806c58137503739241dc6b1e86695f7c0dbf672b5e1a1464e9f"",""pyxel_bubbles"":""54c101e90bdaed839ac4c4284494530d5df37a5819a35f1e41eebb0b3da5d900"",""pyxel_platformer"":""1b2c75b49dc9ab0254fb4b724682a4787868814a38d2f08920720dc5b6007ac5"",""pyxel_shooter"":""0f53e4156907eac41080a8f289e22c89365b3239517c754cf59a51af201d5563""}",9fc879890ff213bb47c4e0dac7616b16e64f2f6837873eb15eda17eab8afd0ce
1,357,formal-v1__profile__pyxel_platformer__gpu_memory__p050__r03,formal-v1,profile,not_applicable,pressure_profile,"[""pyxel_platformer""]",pyxel_platformer,[],,,gpu_memory,0.5,3,3778911740303501403,10,30,1,10,windows-rtx4060,0,0,grid_2x2,true,84,a36b78d2998befbd10330adef8f5ab1f813a7a68144bd44a59f55bb779224525,608d817cd8d44787fc0ba4c2f2ee507f0b4c987f,data/raw/remaining-s30/formal-v1/formal-v1__profile__pyxel_platformer__gpu_memory__p050__r03,"{""pyxel_platformer"":""games/pyxel/10_platformer.py""}","{""pyxel_platformer"":""1b2c75b49dc9ab0254fb4b724682a4787868814a38d2f08920720dc5b6007ac5""}",eee4616809128ac16130a8c03c0ddb98e402569fe5331de04abc554862421cb3
1,358,formal-v1__profile__daylight__memory_bandwidth__p000__r01,formal-v1,profile,not_applicable,pressure_profile,"[""daylight""]",daylight,[],,,memory_bandwidth,0,1,488805906438535503,10,30,1,10,windows-rtx4060,0,0,grid_2x2,true,84,a36b78d2998befbd10330adef8f5ab1f813a7a68144bd44a59f55bb779224525,608d817cd8d44787fc0ba4c2f2ee507f0b4c987f,data/raw/remaining-s30/formal-v1/formal-v1__profile__daylight__memory_bandwidth__p000__r01,"{""daylight"":""games/pyxel/apps-src/30SecondsOfDaylight/src/main.py""}","{""daylight"":""21a365375249e9d7ea05e78dcfe040f09cc1f0c66bd410bae084190c743a028f""}",dbb3369dea43bbfb0e2bd06110290efd758a6d4b95ad4450b6fd748170b1924a
1,359,formal-v1__profile__pyxel_bubbles__gpu_memory__p075__r01,formal-v1,profile,not_applicable,pressure_profile,"[""pyxel_bubbles""]",pyxel_bubbles,[],,,gpu_memory,0.75,1,7646623815991951186,10,30,1,10,windows-rtx4060,0,0,grid_2x2,true,84,a36b78d2998befbd10330adef8f5ab1f813a7a68144bd44a59f55bb779224525,608d817cd8d44787fc0ba4c2f2ee507f0b4c987f,data/raw/remaining-s30/formal-v1/formal-v1__profile__pyxel_bubbles__gpu_memory__p075__r01,"{""pyxel_bubbles"":""games/pyxel/06_click_game.py""}","{""pyxel_bubbles"":""54c101e90bdaed839ac4c4284494530d5df37a5819a35f1e41eebb0b3da5d900""}",45daf156d01ced1257e281fea41de74d7fa21fa7c4ca6964267168947fe8ae52
1,360,formal-v1__extra__daylight+pyxel_bubbles+pyxel_shooter+space_rescue__r01,formal-v1,colocation-extra-test,extra_test,extra_test,"[""daylight"",""pyxel_bubbles"",""pyxel_shooter"",""space_rescue""]",daylight,"[""pyxel_bubbles"",""pyxel_shooter"",""space_rescue""]",daylight+pyxel_bubbles+pyxel_shooter+space_rescue,daylight+pyxel_bubbles+pyxel_shooter+space_rescue__r01,,,1,9290543302165654706,10,30,1,10,windows-rtx4060,0,0,grid_2x2,true,84,a36b78d2998befbd10330adef8f5ab1f813a7a68144bd44a59f55bb779224525,608d817cd8d44787fc0ba4c2f2ee507f0b4c987f,data/raw/remaining-s30/formal-v1/formal-v1__extra__daylight+pyxel_bubbles+pyxel_shooter+space_rescue__r01,"{""daylight"":""games/pyxel/apps-src/30SecondsOfDaylight/src/main.py"",""pyxel_bubbles"":""games/pyxel/06_click_game.py"",""pyxel_shooter"":""games/pyxel/09_shooter.py"",""space_rescue"":""games/pyxel/apps-src/space_rescue/space_rescue.py""}","{""daylight"":""21a365375249e9d7ea05e78dcfe040f09cc1f0c66bd410bae084190c743a028f"",""pyxel_bubbles"":""54c101e90bdaed839ac4c4284494530d5df37a5819a35f1e41eebb0b3da5d900"",""pyxel_shooter"":""0f53e4156907eac41080a8f289e22c89365b3239517c754cf59a51af201d5563"",""space_rescue"":""f3b0ab6784ae558e64f06a3f0a704e53f107a130aa3d43357659d0850131e461""}",2edcc7e8df244e6d3f2d877d64b3b22fb74cf7777092820c7e41558eb7b4f219
1,361,formal-v1__colocation__pyxel_shooter+space_rescue__r01,formal-v1,colocation-main,train,colocation,"[""pyxel_shooter"",""space_rescue""]",pyxel_shooter,"[""space_rescue""]",pyxel_shooter+space_rescue,pyxel_shooter+space_rescue__r01,,,1,3409492940256028323,10,30,1,10,windows-rtx4060,0,0,grid_2x2,true,84,a36b78d2998befbd10330adef8f5ab1f813a7a68144bd44a59f55bb779224525,608d817cd8d44787fc0ba4c2f2ee507f0b4c987f,data/raw/remaining-s30/formal-v1/formal-v1__colocation__pyxel_shooter+space_rescue__r01,"{""pyxel_shooter"":""games/pyxel/09_shooter.py"",""space_rescue"":""games/pyxel/apps-src/space_rescue/space_rescue.py""}","{""pyxel_shooter"":""0f53e4156907eac41080a8f289e22c89365b3239517c754cf59a51af201d5563"",""space_rescue"":""f3b0ab6784ae558e64f06a3f0a704e53f107a130aa3d43357659d0850131e461""}",18d7b4c81bb43cc0dff9e7136151edee7e0a66b00f05c4809bb0528916a5cdce
1,362,formal-v1__profile__pyxel_shooter__gpu_compute__p075__r02,formal-v1,profile,not_applicable,pressure_profile,"[""pyxel_shooter""]",pyxel_shooter,[],,,gpu_compute,0.75,2,15223055980343632781,10,30,1,10,windows-rtx4060,0,0,grid_2x2,true,84,a36b78d2998befbd10330adef8f5ab1f813a7a68144bd44a59f55bb779224525,608d817cd8d44787fc0ba4c2f2ee507f0b4c987f,data/raw/remaining-s30/formal-v1/formal-v1__profile__pyxel_shooter__gpu_compute__p075__r02,"{""pyxel_shooter"":""games/pyxel/09_shooter.py""}","{""pyxel_shooter"":""0f53e4156907eac41080a8f289e22c89365b3239517c754cf59a51af201d5563""}",e635aa0514c844a1f348c734dff435ed2c353c1b4089e20021e45f06f496a5b3
1,363,formal-v1__colocation__pyxel_jump+pyxel_platformer+space_rescue__r01,formal-v1,colocation-main,train,colocation,"[""pyxel_jump"",""pyxel_platformer"",""space_rescue""]",pyxel_jump,"[""pyxel_platformer"",""space_rescue""]",pyxel_jump+pyxel_platformer+space_rescue,pyxel_jump+pyxel_platformer+space_rescue__r01,,,1,15477863439223556564,10,30,1,10,windows-rtx4060,0,0,grid_2x2,true,84,a36b78d2998befbd10330adef8f5ab1f813a7a68144bd44a59f55bb779224525,608d817cd8d44787fc0ba4c2f2ee507f0b4c987f,data/raw/remaining-s30/formal-v1/formal-v1__colocation__pyxel_jump+pyxel_platformer+space_rescue__r01,"{""pyxel_jump"":""games/pyxel/02_jump_game.py"",""pyxel_platformer"":""games/pyxel/10_platformer.py"",""space_rescue"":""games/pyxel/apps-src/space_rescue/space_rescue.py""}","{""pyxel_jump"":""4743a825f1c9cae7e049ac52115f4ecf83350db546c00745a54af187d7bc2e46"",""pyxel_platformer"":""1b2c75b49dc9ab0254fb4b724682a4787868814a38d2f08920720dc5b6007ac5"",""space_rescue"":""f3b0ab6784ae558e64f06a3f0a704e53f107a130aa3d43357659d0850131e461""}",b62068229d1d0596d4296c8f6cb3ae5db19ea1954d79faf8069e8da675d0c041
1,364,formal-v1__profile__pyxel_shooter__gpu_compute__p000__r01,formal-v1,profile,not_applicable,pressure_profile,"[""pyxel_shooter""]",pyxel_shooter,[],,,gpu_compute,0,1,3546432122714330070,10,30,1,10,windows-rtx4060,0,0,grid_2x2,true,84,a36b78d2998befbd10330adef8f5ab1f813a7a68144bd44a59f55bb779224525,608d817cd8d44787fc0ba4c2f2ee507f0b4c987f,data/raw/remaining-s30/formal-v1/formal-v1__profile__pyxel_shooter__gpu_compute__p000__r01,"{""pyxel_shooter"":""games/pyxel/09_shooter.py""}","{""pyxel_shooter"":""0f53e4156907eac41080a8f289e22c89365b3239517c754cf59a51af201d5563""}",20fac04af384d0e52ca7b500949ba069bdd5f937693b2eae69f69adba5fe2532
1,365,formal-v1__profile__pyxel_shooter__gpu_memory__p050__r01,formal-v1,profile,not_applicable,pressure_profile,"[""pyxel_shooter""]",pyxel_shooter,[],,,gpu_memory,0.5,1,4331096482645805544,10,30,1,10,windows-rtx4060,0,0,grid_2x2,true,84,a36b78d2998befbd10330adef8f5ab1f813a7a68144bd44a59f55bb779224525,608d817cd8d44787fc0ba4c2f2ee507f0b4c987f,data/raw/remaining-s30/formal-v1/formal-v1__profile__pyxel_shooter__gpu_memory__p050__r01,"{""pyxel_shooter"":""games/pyxel/09_shooter.py""}","{""pyxel_shooter"":""0f53e4156907eac41080a8f289e22c89365b3239517c754cf59a51af201d5563""}",126047639d6cb56a791aa264191d29171d09e8851dd081ffd3fe232b1e06271f
1,366,formal-v1__profile__pyxel_snake__gpu_compute__p025__r01,formal-v1,profile,not_applicable,pressure_profile,"[""pyxel_snake""]",pyxel_snake,[],,,gpu_compute,0.25,1,10330658816690249995,10,30,1,10,windows-rtx4060,0,0,grid_2x2,true,84,a36b78d2998befbd10330adef8f5ab1f813a7a68144bd44a59f55bb779224525,608d817cd8d44787fc0ba4c2f2ee507f0b4c987f,data/raw/remaining-s30/formal-v1/formal-v1__profile__pyxel_snake__gpu_compute__p025__r01,"{""pyxel_snake"":""games/pyxel/07_snake.py""}","{""pyxel_snake"":""bc533fef92d1d358e570f69d979919fe5c1cd8c4da49841104b49a1e661a5ac3""}",b5babde0e23699ba1e7972f1965ded4ff40a1e201be81f8b38734277434d5830
1,367,formal-v1__profile__space_rescue__cpu_compute__p100__r01,formal-v1,profile,not_applicable,pressure_profile,"[""space_rescue""]",space_rescue,[],,,cpu_compute,1,1,4077656982722390021,10,30,1,10,windows-rtx4060,0,0,grid_2x2,true,84,a36b78d2998befbd10330adef8f5ab1f813a7a68144bd44a59f55bb779224525,608d817cd8d44787fc0ba4c2f2ee507f0b4c987f,data/raw/remaining-s30/formal-v1/formal-v1__profile__space_rescue__cpu_compute__p100__r01,"{""space_rescue"":""games/pyxel/apps-src/space_rescue/space_rescue.py""}","{""space_rescue"":""f3b0ab6784ae558e64f06a3f0a704e53f107a130aa3d43357659d0850131e461""}",c7424b7f1c89cc212c2e8026848b0b2607a09692824bf4c512452f48765de255
1,368,formal-v1__extra__mega_wing+pyxel_shooter+pyxel_snake+space_rescue__r02,formal-v1,colocation-extra-test,extra_test,extra_test,"[""mega_wing"",""pyxel_shooter"",""pyxel_snake"",""space_rescue""]",mega_wing,"[""pyxel_shooter"",""pyxel_snake"",""space_rescue""]",mega_wing+pyxel_shooter+pyxel_snake+space_rescue,mega_wing+pyxel_shooter+pyxel_snake+space_rescue__r02,,,2,2237034306085882399,10,30,1,10,windows-rtx4060,0,0,grid_2x2,true,84,a36b78d2998befbd10330adef8f5ab1f813a7a68144bd44a59f55bb779224525,608d817cd8d44787fc0ba4c2f2ee507f0b4c987f,data/raw/remaining-s30/formal-v1/formal-v1__extra__mega_wing+pyxel_shooter+pyxel_snake+space_rescue__r02,"{""mega_wing"":""games/pyxel/apps-src/mega_wing/mega_wing.py"",""pyxel_shooter"":""games/pyxel/09_shooter.py"",""pyxel_snake"":""games/pyxel/07_snake.py"",""space_rescue"":""games/pyxel/apps-src/space_rescue/space_rescue.py""}","{""mega_wing"":""86bad6c02a303806c58137503739241dc6b1e86695f7c0dbf672b5e1a1464e9f"",""pyxel_shooter"":""0f53e4156907eac41080a8f289e22c89365b3239517c754cf59a51af201d5563"",""pyxel_snake"":""bc533fef92d1d358e570f69d979919fe5c1cd8c4da49841104b49a1e661a5ac3"",""space_rescue"":""f3b0ab6784ae558e64f06a3f0a704e53f107a130aa3d43357659d0850131e461""}",5219df0b5744ea642f7b8d079b8112b331aff2206e51ffe678c37507844375e6
1,369,formal-v1__profile__pyxel_bubbles__gpu_memory__p000__r01,formal-v1,profile,not_applicable,pressure_profile,"[""pyxel_bubbles""]",pyxel_bubbles,[],,,gpu_memory,0,1,1997690255572947330,10,30,1,10,windows-rtx4060,0,0,grid_2x2,true,84,a36b78d2998befbd10330adef8f5ab1f813a7a68144bd44a59f55bb779224525,608d817cd8d44787fc0ba4c2f2ee507f0b4c987f,data/raw/remaining-s30/formal-v1/formal-v1__profile__pyxel_bubbles__gpu_memory__p000__r01,"{""pyxel_bubbles"":""games/pyxel/06_click_game.py""}","{""pyxel_bubbles"":""54c101e90bdaed839ac4c4284494530d5df37a5819a35f1e41eebb0b3da5d900""}",6db8438e11c154f9030a5dec2096db8ceef97f88d1ecf4d8f93af8e3045de1ff
1,370,formal-v1__solo__mega_wing__r01,formal-v1,solo,not_applicable,solo,"[""mega_wing""]",mega_wing,[],,,,,1,1500800984451425268,10,30,1,10,windows-rtx4060,0,0,grid_2x2,true,84,a36b78d2998befbd10330adef8f5ab1f813a7a68144bd44a59f55bb779224525,608d817cd8d44787fc0ba4c2f2ee507f0b4c987f,data/raw/remaining-s30/formal-v1/formal-v1__solo__mega_wing__r01,"{""mega_wing"":""games/pyxel/apps-src/mega_wing/mega_wing.py""}","{""mega_wing"":""86bad6c02a303806c58137503739241dc6b1e86695f7c0dbf672b5e1a1464e9f""}",50247f65dbdfbbb25d799fd3d6a4e407a2839e8cdd5f50f6ab6b38de8f4419a1
1,371,formal-v1__colocation__daylight+mega_wing+pyxel_jump__r02,formal-v1,colocation-main,train,colocation,"[""daylight"",""mega_wing"",""pyxel_jump""]",daylight,"[""mega_wing"",""pyxel_jump""]",daylight+mega_wing+pyxel_jump,daylight+mega_wing+pyxel_jump__r02,,,2,7222004332748656175,10,30,1,10,windows-rtx4060,0,0,grid_2x2,true,84,a36b78d2998befbd10330adef8f5ab1f813a7a68144bd44a59f55bb779224525,608d817cd8d44787fc0ba4c2f2ee507f0b4c987f,data/raw/remaining-s30/formal-v1/formal-v1__colocation__daylight+mega_wing+pyxel_jump__r02,"{""daylight"":""games/pyxel/apps-src/30SecondsOfDaylight/src/main.py"",""mega_wing"":""games/pyxel/apps-src/mega_wing/mega_wing.py"",""pyxel_jump"":""games/pyxel/02_jump_game.py""}","{""daylight"":""21a365375249e9d7ea05e78dcfe040f09cc1f0c66bd410bae084190c743a028f"",""mega_wing"":""86bad6c02a303806c58137503739241dc6b1e86695f7c0dbf672b5e1a1464e9f"",""pyxel_jump"":""4743a825f1c9cae7e049ac52115f4ecf83350db546c00745a54af187d7bc2e46""}",a05996a15bd65e0b06df245c26c1ac5222e50b33e433915adc3ac00c6ec83a62
1,372,formal-v1__profile__mega_wing__gpu_compute__p100__r03,formal-v1,profile,not_applicable,pressure_profile,"[""mega_wing""]",mega_wing,[],,,gpu_compute,1,3,15435174182738009245,10,30,1,10,windows-rtx4060,0,0,grid_2x2,true,84,a36b78d2998befbd10330adef8f5ab1f813a7a68144bd44a59f55bb779224525,608d817cd8d44787fc0ba4c2f2ee507f0b4c987f,data/raw/remaining-s30/formal-v1/formal-v1__profile__mega_wing__gpu_compute__p100__r03,"{""mega_wing"":""games/pyxel/apps-src/mega_wing/mega_wing.py""}","{""mega_wing"":""86bad6c02a303806c58137503739241dc6b1e86695f7c0dbf672b5e1a1464e9f""}",7bc96f89be20ebf56193ea1b5a5bf8eb798a3ce3a168d4554db75ee0848fe9ab
1,373,formal-v1__profile__pyxel_platformer__memory_bandwidth__p075__r01,formal-v1,profile,not_applicable,pressure_profile,"[""pyxel_platformer""]",pyxel_platformer,[],,,memory_bandwidth,0.75,1,14876735758325858983,10,30,1,10,windows-rtx4060,0,0,grid_2x2,true,84,a36b78d2998befbd10330adef8f5ab1f813a7a68144bd44a59f55bb779224525,608d817cd8d44787fc0ba4c2f2ee507f0b4c987f,data/raw/remaining-s30/formal-v1/formal-v1__profile__pyxel_platformer__memory_bandwidth__p075__r01,"{""pyxel_platformer"":""games/pyxel/10_platformer.py""}","{""pyxel_platformer"":""1b2c75b49dc9ab0254fb4b724682a4787868814a38d2f08920720dc5b6007ac5""}",b9ebbdfd06ff19f8bf5e5e5ed4908a85cee897522b0fbd01e17c50e6e9722d5b
1,374,formal-v1__profile__pyxel_platformer__memory_bandwidth__p025__r02,formal-v1,profile,not_applicable,pressure_profile,"[""pyxel_platformer""]",pyxel_platformer,[],,,memory_bandwidth,0.25,2,4607241080836934453,10,30,1,10,windows-rtx4060,0,0,grid_2x2,true,84,a36b78d2998befbd10330adef8f5ab1f813a7a68144bd44a59f55bb779224525,608d817cd8d44787fc0ba4c2f2ee507f0b4c987f,data/raw/remaining-s30/formal-v1/formal-v1__profile__pyxel_platformer__memory_bandwidth__p025__r02,"{""pyxel_platformer"":""games/pyxel/10_platformer.py""}","{""pyxel_platformer"":""1b2c75b49dc9ab0254fb4b724682a4787868814a38d2f08920720dc5b6007ac5""}",608d0f697757d6236bfd2ffd57d6c5358c8f7429ad7405f7b0102fb563ec540f
1,375,formal-v1__profile__pyxel_platformer__cpu_compute__p075__r03,formal-v1,profile,not_applicable,pressure_profile,"[""pyxel_platformer""]",pyxel_platformer,[],,,cpu_compute,0.75,3,15993045595473113112,10,30,1,10,windows-rtx4060,0,0,grid_2x2,true,84,a36b78d2998befbd10330adef8f5ab1f813a7a68144bd44a59f55bb779224525,608d817cd8d44787fc0ba4c2f2ee507f0b4c987f,data/raw/remaining-s30/formal-v1/formal-v1__profile__pyxel_platformer__cpu_compute__p075__r03,"{""pyxel_platformer"":""games/pyxel/10_platformer.py""}","{""pyxel_platformer"":""1b2c75b49dc9ab0254fb4b724682a4787868814a38d2f08920720dc5b6007ac5""}",6c862b69cdfc35fe66c7ddd12f819225020775fd33485d58b2cbf173d890f82d
1,376,formal-v1__colocation__daylight+mega_wing+pyxel_snake__r02,formal-v1,colocation-main,train,colocation,"[""daylight"",""mega_wing"",""pyxel_snake""]",daylight,"[""mega_wing"",""pyxel_snake""]",daylight+mega_wing+pyxel_snake,daylight+mega_wing+pyxel_snake__r02,,,2,16449235478986671915,10,30,1,10,windows-rtx4060,0,0,grid_2x2,true,84,a36b78d2998befbd10330adef8f5ab1f813a7a68144bd44a59f55bb779224525,608d817cd8d44787fc0ba4c2f2ee507f0b4c987f,data/raw/remaining-s30/formal-v1/formal-v1__colocation__daylight+mega_wing+pyxel_snake__r02,"{""daylight"":""games/pyxel/apps-src/30SecondsOfDaylight/src/main.py"",""mega_wing"":""games/pyxel/apps-src/mega_wing/mega_wing.py"",""pyxel_snake"":""games/pyxel/07_snake.py""}","{""daylight"":""21a365375249e9d7ea05e78dcfe040f09cc1f0c66bd410bae084190c743a028f"",""mega_wing"":""86bad6c02a303806c58137503739241dc6b1e86695f7c0dbf672b5e1a1464e9f"",""pyxel_snake"":""bc533fef92d1d358e570f69d979919fe5c1cd8c4da49841104b49a1e661a5ac3""}",fb8668fad43a1fad234f107006ec45fed3c93fb73bc493854643eabd68d1fe08
1,377,formal-v1__profile__pyxel_platformer__gpu_memory__p025__r01,formal-v1,profile,not_applicable,pressure_profile,"[""pyxel_platformer""]",pyxel_platformer,[],,,gpu_memory,0.25,1,13922687718530802983,10,30,1,10,windows-rtx4060,0,0,grid_2x2,true,84,a36b78d2998befbd10330adef8f5ab1f813a7a68144bd44a59f55bb779224525,608d817cd8d44787fc0ba4c2f2ee507f0b4c987f,data/raw/remaining-s30/formal-v1/formal-v1__profile__pyxel_platformer__gpu_memory__p025__r01,"{""pyxel_platformer"":""games/pyxel/10_platformer.py""}","{""pyxel_platformer"":""1b2c75b49dc9ab0254fb4b724682a4787868814a38d2f08920720dc5b6007ac5""}",e6fd556e02c423fc61109f69aca6028fdbb9f2da2e345be9c73c1142b3586244
1,378,formal-v1__profile__mega_wing__gpu_compute__p050__r03,formal-v1,profile,not_applicable,pressure_profile,"[""mega_wing""]",mega_wing,[],,,gpu_compute,0.5,3,4264682118148023704,10,30,1,10,windows-rtx4060,0,0,grid_2x2,true,84,a36b78d2998befbd10330adef8f5ab1f813a7a68144bd44a59f55bb779224525,608d817cd8d44787fc0ba4c2f2ee507f0b4c987f,data/raw/remaining-s30/formal-v1/formal-v1__profile__mega_wing__gpu_compute__p050__r03,"{""mega_wing"":""games/pyxel/apps-src/mega_wing/mega_wing.py""}","{""mega_wing"":""86bad6c02a303806c58137503739241dc6b1e86695f7c0dbf672b5e1a1464e9f""}",c8bf277858696ff89fe05272fd6a1854ebc88dd85a436e88671468e388f260e4
1,379,formal-v1__colocation__mega_wing+pyxel_bubbles__r03,formal-v1,colocation-main,test,colocation,"[""mega_wing"",""pyxel_bubbles""]",mega_wing,"[""pyxel_bubbles""]",mega_wing+pyxel_bubbles,mega_wing+pyxel_bubbles__r03,,,3,3866551881507876657,10,30,1,10,windows-rtx4060,0,0,grid_2x2,true,84,a36b78d2998befbd10330adef8f5ab1f813a7a68144bd44a59f55bb779224525,608d817cd8d44787fc0ba4c2f2ee507f0b4c987f,data/raw/remaining-s30/formal-v1/formal-v1__colocation__mega_wing+pyxel_bubbles__r03,"{""mega_wing"":""games/pyxel/apps-src/mega_wing/mega_wing.py"",""pyxel_bubbles"":""games/pyxel/06_click_game.py""}","{""mega_wing"":""86bad6c02a303806c58137503739241dc6b1e86695f7c0dbf672b5e1a1464e9f"",""pyxel_bubbles"":""54c101e90bdaed839ac4c4284494530d5df37a5819a35f1e41eebb0b3da5d900""}",af08bca28172fbe0dd8578be611de2365c2720eadec2ca49d9c10d7785fdb626
1,380,formal-v1__profile__pyxel_jump__cpu_compute__p100__r03,formal-v1,profile,not_applicable,pressure_profile,"[""pyxel_jump""]",pyxel_jump,[],,,cpu_compute,1,3,9968397787741995314,10,30,1,10,windows-rtx4060,0,0,grid_2x2,true,84,a36b78d2998befbd10330adef8f5ab1f813a7a68144bd44a59f55bb779224525,608d817cd8d44787fc0ba4c2f2ee507f0b4c987f,data/raw/remaining-s30/formal-v1/formal-v1__profile__pyxel_jump__cpu_compute__p100__r03,"{""pyxel_jump"":""games/pyxel/02_jump_game.py""}","{""pyxel_jump"":""4743a825f1c9cae7e049ac52115f4ecf83350db546c00745a54af187d7bc2e46""}",a4bf9a1727538de6b0dc2c00a68ff537daa8e6c444d5ab34403c825af27474de
1,381,formal-v1__profile__mega_wing__memory_bandwidth__p075__r01,formal-v1,profile,not_applicable,pressure_profile,"[""mega_wing""]",mega_wing,[],,,memory_bandwidth,0.75,1,1899649906298052157,10,30,1,10,windows-rtx4060,0,0,grid_2x2,true,84,a36b78d2998befbd10330adef8f5ab1f813a7a68144bd44a59f55bb779224525,608d817cd8d44787fc0ba4c2f2ee507f0b4c987f,data/raw/remaining-s30/formal-v1/formal-v1__profile__mega_wing__memory_bandwidth__p075__r01,"{""mega_wing"":""games/pyxel/apps-src/mega_wing/mega_wing.py""}","{""mega_wing"":""86bad6c02a303806c58137503739241dc6b1e86695f7c0dbf672b5e1a1464e9f""}",9c868e15135d1cc1c558a94b6d19717ee530aea1ba2ea842854fbbca4dad74ea
1,382,formal-v1__profile__space_rescue__cpu_compute__p025__r03,formal-v1,profile,not_applicable,pressure_profile,"[""space_rescue""]",space_rescue,[],,,cpu_compute,0.25,3,11545125721891551914,10,30,1,10,windows-rtx4060,0,0,grid_2x2,true,84,a36b78d2998befbd10330adef8f5ab1f813a7a68144bd44a59f55bb779224525,608d817cd8d44787fc0ba4c2f2ee507f0b4c987f,data/raw/remaining-s30/formal-v1/formal-v1__profile__space_rescue__cpu_compute__p025__r03,"{""space_rescue"":""games/pyxel/apps-src/space_rescue/space_rescue.py""}","{""space_rescue"":""f3b0ab6784ae558e64f06a3f0a704e53f107a130aa3d43357659d0850131e461""}",889d808f150aec10e2305b42a0de17562af72f90cee40bdef0957587fe400eca
1,383,formal-v1__profile__daylight__gpu_memory__p075__r03,formal-v1,profile,not_applicable,pressure_profile,"[""daylight""]",daylight,[],,,gpu_memory,0.75,3,383505551550802264,10,30,1,10,windows-rtx4060,0,0,grid_2x2,true,84,a36b78d2998befbd10330adef8f5ab1f813a7a68144bd44a59f55bb779224525,608d817cd8d44787fc0ba4c2f2ee507f0b4c987f,data/raw/remaining-s30/formal-v1/formal-v1__profile__daylight__gpu_memory__p075__r03,"{""daylight"":""games/pyxel/apps-src/30SecondsOfDaylight/src/main.py""}","{""daylight"":""21a365375249e9d7ea05e78dcfe040f09cc1f0c66bd410bae084190c743a028f""}",39c7f132c03ba956b03b7de508243f48ad7d9db0298f2725d48dd7da5058cecc
1,384,formal-v1__profile__pyxel_platformer__cpu_compute__p100__r02,formal-v1,profile,not_applicable,pressure_profile,"[""pyxel_platformer""]",pyxel_platformer,[],,,cpu_compute,1,2,208523436179563980,10,30,1,10,windows-rtx4060,0,0,grid_2x2,true,84,a36b78d2998befbd10330adef8f5ab1f813a7a68144bd44a59f55bb779224525,608d817cd8d44787fc0ba4c2f2ee507f0b4c987f,data/raw/remaining-s30/formal-v1/formal-v1__profile__pyxel_platformer__cpu_compute__p100__r02,"{""pyxel_platformer"":""games/pyxel/10_platformer.py""}","{""pyxel_platformer"":""1b2c75b49dc9ab0254fb4b724682a4787868814a38d2f08920720dc5b6007ac5""}",ae77af56a37c9b9a72b536a06cb3b7d074759561134756ad3fd10e3a4c96848b
1,385,formal-v1__profile__mega_wing__gpu_compute__p050__r02,formal-v1,profile,not_applicable,pressure_profile,"[""mega_wing""]",mega_wing,[],,,gpu_compute,0.5,2,12815251598403927586,10,30,1,10,windows-rtx4060,0,0,grid_2x2,true,84,a36b78d2998befbd10330adef8f5ab1f813a7a68144bd44a59f55bb779224525,608d817cd8d44787fc0ba4c2f2ee507f0b4c987f,data/raw/remaining-s30/formal-v1/formal-v1__profile__mega_wing__gpu_compute__p050__r02,"{""mega_wing"":""games/pyxel/apps-src/mega_wing/mega_wing.py""}","{""mega_wing"":""86bad6c02a303806c58137503739241dc6b1e86695f7c0dbf672b5e1a1464e9f""}",d58a367017ed2c975da0a28883ea8052dada26a02ba6e377e9f8843e4371b90d
1,386,formal-v1__colocation__pyxel_jump+pyxel_platformer__r01,formal-v1,colocation-main,train,colocation,"[""pyxel_jump"",""pyxel_platformer""]",pyxel_jump,"[""pyxel_platformer""]",pyxel_jump+pyxel_platformer,pyxel_jump+pyxel_platformer__r01,,,1,2222832000482788960,10,30,1,10,windows-rtx4060,0,0,grid_2x2,true,84,a36b78d2998befbd10330adef8f5ab1f813a7a68144bd44a59f55bb779224525,608d817cd8d44787fc0ba4c2f2ee507f0b4c987f,data/raw/remaining-s30/formal-v1/formal-v1__colocation__pyxel_jump+pyxel_platformer__r01,"{""pyxel_jump"":""games/pyxel/02_jump_game.py"",""pyxel_platformer"":""games/pyxel/10_platformer.py""}","{""pyxel_jump"":""4743a825f1c9cae7e049ac52115f4ecf83350db546c00745a54af187d7bc2e46"",""pyxel_platformer"":""1b2c75b49dc9ab0254fb4b724682a4787868814a38d2f08920720dc5b6007ac5""}",61f0c7242ad7063d4f84987e2e4280af61363ad6e58317bd6f7ec389879ddafd
1,387,formal-v1__colocation__daylight+mega_wing+space_rescue__r01,formal-v1,colocation-main,train,colocation,"[""daylight"",""mega_wing"",""space_rescue""]",daylight,"[""mega_wing"",""space_rescue""]",daylight+mega_wing+space_rescue,daylight+mega_wing+space_rescue__r01,,,1,15957915614535664156,10,30,1,10,windows-rtx4060,0,0,grid_2x2,true,84,a36b78d2998befbd10330adef8f5ab1f813a7a68144bd44a59f55bb779224525,608d817cd8d44787fc0ba4c2f2ee507f0b4c987f,data/raw/remaining-s30/formal-v1/formal-v1__colocation__daylight+mega_wing+space_rescue__r01,"{""daylight"":""games/pyxel/apps-src/30SecondsOfDaylight/src/main.py"",""mega_wing"":""games/pyxel/apps-src/mega_wing/mega_wing.py"",""space_rescue"":""games/pyxel/apps-src/space_rescue/space_rescue.py""}","{""daylight"":""21a365375249e9d7ea05e78dcfe040f09cc1f0c66bd410bae084190c743a028f"",""mega_wing"":""86bad6c02a303806c58137503739241dc6b1e86695f7c0dbf672b5e1a1464e9f"",""space_rescue"":""f3b0ab6784ae558e64f06a3f0a704e53f107a130aa3d43357659d0850131e461""}",080d7f79503132beabcb8f5af274a670b2b24431e4b233351682f9e1c61d8462
1,388,formal-v1__profile__pyxel_snake__cpu_compute__p025__r02,formal-v1,profile,not_applicable,pressure_profile,"[""pyxel_snake""]",pyxel_snake,[],,,cpu_compute,0.25,2,3094097884560572468,10,30,1,10,windows-rtx4060,0,0,grid_2x2,true,84,a36b78d2998befbd10330adef8f5ab1f813a7a68144bd44a59f55bb779224525,608d817cd8d44787fc0ba4c2f2ee507f0b4c987f,data/raw/remaining-s30/formal-v1/formal-v1__profile__pyxel_snake__cpu_compute__p025__r02,"{""pyxel_snake"":""games/pyxel/07_snake.py""}","{""pyxel_snake"":""bc533fef92d1d358e570f69d979919fe5c1cd8c4da49841104b49a1e661a5ac3""}",b5972b67aa0255c72b4749f52f9d071351b4a6b3d7bb5aa5257f3409f7775ba4
1,389,formal-v1__profile__pyxel_platformer__gpu_compute__p075__r02,formal-v1,profile,not_applicable,pressure_profile,"[""pyxel_platformer""]",pyxel_platformer,[],,,gpu_compute,0.75,2,8589541531438178169,10,30,1,10,windows-rtx4060,0,0,grid_2x2,true,84,a36b78d2998befbd10330adef8f5ab1f813a7a68144bd44a59f55bb779224525,608d817cd8d44787fc0ba4c2f2ee507f0b4c987f,data/raw/remaining-s30/formal-v1/formal-v1__profile__pyxel_platformer__gpu_compute__p075__r02,"{""pyxel_platformer"":""games/pyxel/10_platformer.py""}","{""pyxel_platformer"":""1b2c75b49dc9ab0254fb4b724682a4787868814a38d2f08920720dc5b6007ac5""}",5e7f0a81e6a113029edf2a0a2bb523dc76f0e0231edf66b91447bd264225c85f
1,390,formal-v1__profile__space_rescue__gpu_memory__p100__r02,formal-v1,profile,not_applicable,pressure_profile,"[""space_rescue""]",space_rescue,[],,,gpu_memory,1,2,14880685727358387163,10,30,1,10,windows-rtx4060,0,0,grid_2x2,true,84,a36b78d2998befbd10330adef8f5ab1f813a7a68144bd44a59f55bb779224525,608d817cd8d44787fc0ba4c2f2ee507f0b4c987f,data/raw/remaining-s30/formal-v1/formal-v1__profile__space_rescue__gpu_memory__p100__r02,"{""space_rescue"":""games/pyxel/apps-src/space_rescue/space_rescue.py""}","{""space_rescue"":""f3b0ab6784ae558e64f06a3f0a704e53f107a130aa3d43357659d0850131e461""}",6c697b5ebb2c14ba1d1fb8a7e880ec000404579b483a0c1ca27bf4f0e39e8489
1,391,formal-v1__profile__daylight__gpu_compute__p100__r01,formal-v1,profile,not_applicable,pressure_profile,"[""daylight""]",daylight,[],,,gpu_compute,1,1,8205843974768035655,10,30,1,10,windows-rtx4060,0,0,grid_2x2,true,84,a36b78d2998befbd10330adef8f5ab1f813a7a68144bd44a59f55bb779224525,608d817cd8d44787fc0ba4c2f2ee507f0b4c987f,data/raw/remaining-s30/formal-v1/formal-v1__profile__daylight__gpu_compute__p100__r01,"{""daylight"":""games/pyxel/apps-src/30SecondsOfDaylight/src/main.py""}","{""daylight"":""21a365375249e9d7ea05e78dcfe040f09cc1f0c66bd410bae084190c743a028f""}",5827d1323d3d9b2db01d4892fd7ae8a947fc4672d17de8779b8d305a5d4e797e
1,392,formal-v1__profile__pyxel_bubbles__gpu_compute__p050__r03,formal-v1,profile,not_applicable,pressure_profile,"[""pyxel_bubbles""]",pyxel_bubbles,[],,,gpu_compute,0.5,3,5177671551163205622,10,30,1,10,windows-rtx4060,0,0,grid_2x2,true,84,a36b78d2998befbd10330adef8f5ab1f813a7a68144bd44a59f55bb779224525,608d817cd8d44787fc0ba4c2f2ee507f0b4c987f,data/raw/remaining-s30/formal-v1/formal-v1__profile__pyxel_bubbles__gpu_compute__p050__r03,"{""pyxel_bubbles"":""games/pyxel/06_click_game.py""}","{""pyxel_bubbles"":""54c101e90bdaed839ac4c4284494530d5df37a5819a35f1e41eebb0b3da5d900""}",51a07eee9842e7e026bbb312f5925995d0632daa1b5b894bb5521f059b1fb8e9
1,393,formal-v1__profile__pyxel_jump__memory_bandwidth__p075__r03,formal-v1,profile,not_applicable,pressure_profile,"[""pyxel_jump""]",pyxel_jump,[],,,memory_bandwidth,0.75,3,3611680304326976638,10,30,1,10,windows-rtx4060,0,0,grid_2x2,true,84,a36b78d2998befbd10330adef8f5ab1f813a7a68144bd44a59f55bb779224525,608d817cd8d44787fc0ba4c2f2ee507f0b4c987f,data/raw/remaining-s30/formal-v1/formal-v1__profile__pyxel_jump__memory_bandwidth__p075__r03,"{""pyxel_jump"":""games/pyxel/02_jump_game.py""}","{""pyxel_jump"":""4743a825f1c9cae7e049ac52115f4ecf83350db546c00745a54af187d7bc2e46""}",f64e4bc66d919501c901b7a003609ca41742dd00f6d55f3d95b0e9dc320547ba
1,394,formal-v1__profile__mega_wing__gpu_compute__p100__r01,formal-v1,profile,not_applicable,pressure_profile,"[""mega_wing""]",mega_wing,[],,,gpu_compute,1,1,158638717560255275,10,30,1,10,windows-rtx4060,0,0,grid_2x2,true,84,a36b78d2998befbd10330adef8f5ab1f813a7a68144bd44a59f55bb779224525,608d817cd8d44787fc0ba4c2f2ee507f0b4c987f,data/raw/remaining-s30/formal-v1/formal-v1__profile__mega_wing__gpu_compute__p100__r01,"{""mega_wing"":""games/pyxel/apps-src/mega_wing/mega_wing.py""}","{""mega_wing"":""86bad6c02a303806c58137503739241dc6b1e86695f7c0dbf672b5e1a1464e9f""}",40f693bcd9f066a81a5e0748b9adcb26bcc3f359a2b53c275dc310012b976862
1,395,formal-v1__colocation__pyxel_jump+pyxel_shooter+space_rescue__r01,formal-v1,colocation-main,validation,colocation,"[""pyxel_jump"",""pyxel_shooter"",""space_rescue""]",pyxel_jump,"[""pyxel_shooter"",""space_rescue""]",pyxel_jump+pyxel_shooter+space_rescue,pyxel_jump+pyxel_shooter+space_rescue__r01,,,1,10585855373280229993,10,30,1,10,windows-rtx4060,0,0,grid_2x2,true,84,a36b78d2998befbd10330adef8f5ab1f813a7a68144bd44a59f55bb779224525,608d817cd8d44787fc0ba4c2f2ee507f0b4c987f,data/raw/remaining-s30/formal-v1/formal-v1__colocation__pyxel_jump+pyxel_shooter+space_rescue__r01,"{""pyxel_jump"":""games/pyxel/02_jump_game.py"",""pyxel_shooter"":""games/pyxel/09_shooter.py"",""space_rescue"":""games/pyxel/apps-src/space_rescue/space_rescue.py""}","{""pyxel_jump"":""4743a825f1c9cae7e049ac52115f4ecf83350db546c00745a54af187d7bc2e46"",""pyxel_shooter"":""0f53e4156907eac41080a8f289e22c89365b3239517c754cf59a51af201d5563"",""space_rescue"":""f3b0ab6784ae558e64f06a3f0a704e53f107a130aa3d43357659d0850131e461""}",89928b506c3a35cb960a3bc1d6850b6f8fda290d484253c7059a253f3ec56077
1,396,formal-v1__colocation__daylight+pyxel_snake__r03,formal-v1,colocation-main,train,colocation,"[""daylight"",""pyxel_snake""]",daylight,"[""pyxel_snake""]",daylight+pyxel_snake,daylight+pyxel_snake__r03,,,3,7978178955031978726,10,30,1,10,windows-rtx4060,0,0,grid_2x2,true,84,a36b78d2998befbd10330adef8f5ab1f813a7a68144bd44a59f55bb779224525,608d817cd8d44787fc0ba4c2f2ee507f0b4c987f,data/raw/remaining-s30/formal-v1/formal-v1__colocation__daylight+pyxel_snake__r03,"{""daylight"":""games/pyxel/apps-src/30SecondsOfDaylight/src/main.py"",""pyxel_snake"":""games/pyxel/07_snake.py""}","{""daylight"":""21a365375249e9d7ea05e78dcfe040f09cc1f0c66bd410bae084190c743a028f"",""pyxel_snake"":""bc533fef92d1d358e570f69d979919fe5c1cd8c4da49841104b49a1e661a5ac3""}",8e717a017fc297d0b2c33015ed41417c60ae42ecceae1326eca198fcb3419ebd
1,397,formal-v1__colocation__mega_wing+pyxel_platformer__r01,formal-v1,colocation-main,test,colocation,"[""mega_wing"",""pyxel_platformer""]",mega_wing,"[""pyxel_platformer""]",mega_wing+pyxel_platformer,mega_wing+pyxel_platformer__r01,,,1,9144383866124476024,10,30,1,10,windows-rtx4060,0,0,grid_2x2,true,84,a36b78d2998befbd10330adef8f5ab1f813a7a68144bd44a59f55bb779224525,608d817cd8d44787fc0ba4c2f2ee507f0b4c987f,data/raw/remaining-s30/formal-v1/formal-v1__colocation__mega_wing+pyxel_platformer__r01,"{""mega_wing"":""games/pyxel/apps-src/mega_wing/mega_wing.py"",""pyxel_platformer"":""games/pyxel/10_platformer.py""}","{""mega_wing"":""86bad6c02a303806c58137503739241dc6b1e86695f7c0dbf672b5e1a1464e9f"",""pyxel_platformer"":""1b2c75b49dc9ab0254fb4b724682a4787868814a38d2f08920720dc5b6007ac5""}",d341a9287b306e9ca19a0fe5a7c8654fe45b89fe1b439a54edf7af0f9c66c176
1,398,formal-v1__profile__pyxel_jump__cpu_compute__p050__r02,formal-v1,profile,not_applicable,pressure_profile,"[""pyxel_jump""]",pyxel_jump,[],,,cpu_compute,0.5,2,11814661248046929535,10,30,1,10,windows-rtx4060,0,0,grid_2x2,true,84,a36b78d2998befbd10330adef8f5ab1f813a7a68144bd44a59f55bb779224525,608d817cd8d44787fc0ba4c2f2ee507f0b4c987f,data/raw/remaining-s30/formal-v1/formal-v1__profile__pyxel_jump__cpu_compute__p050__r02,"{""pyxel_jump"":""games/pyxel/02_jump_game.py""}","{""pyxel_jump"":""4743a825f1c9cae7e049ac52115f4ecf83350db546c00745a54af187d7bc2e46""}",3d2cf214623e06dcd264b93a0879b55df2cd7aa038be52895063c6bd8da62c81
1,399,formal-v1__profile__pyxel_shooter__gpu_compute__p075__r03,formal-v1,profile,not_applicable,pressure_profile,"[""pyxel_shooter""]",pyxel_shooter,[],,,gpu_compute,0.75,3,17635168907212643046,10,30,1,10,windows-rtx4060,0,0,grid_2x2,true,84,a36b78d2998befbd10330adef8f5ab1f813a7a68144bd44a59f55bb779224525,608d817cd8d44787fc0ba4c2f2ee507f0b4c987f,data/raw/remaining-s30/formal-v1/formal-v1__profile__pyxel_shooter__gpu_compute__p075__r03,"{""pyxel_shooter"":""games/pyxel/09_shooter.py""}","{""pyxel_shooter"":""0f53e4156907eac41080a8f289e22c89365b3239517c754cf59a51af201d5563""}",0982865de335c0c3f3810893e01da0d54e43a9882e29a51ef30b034d4422b7a6
1,400,formal-v1__colocation__mega_wing+pyxel_bubbles+pyxel_jump__r01,formal-v1,colocation-main,train,colocation,"[""mega_wing"",""pyxel_bubbles"",""pyxel_jump""]",mega_wing,"[""pyxel_bubbles"",""pyxel_jump""]",mega_wing+pyxel_bubbles+pyxel_jump,mega_wing+pyxel_bubbles+pyxel_jump__r01,,,1,12568386172004482002,10,30,1,10,windows-rtx4060,0,0,grid_2x2,true,84,a36b78d2998befbd10330adef8f5ab1f813a7a68144bd44a59f55bb779224525,608d817cd8d44787fc0ba4c2f2ee507f0b4c987f,data/raw/remaining-s30/formal-v1/formal-v1__colocation__mega_wing+pyxel_bubbles+pyxel_jump__r01,"{""mega_wing"":""games/pyxel/apps-src/mega_wing/mega_wing.py"",""pyxel_bubbles"":""games/pyxel/06_click_game.py"",""pyxel_jump"":""games/pyxel/02_jump_game.py""}","{""mega_wing"":""86bad6c02a303806c58137503739241dc6b1e86695f7c0dbf672b5e1a1464e9f"",""pyxel_bubbles"":""54c101e90bdaed839ac4c4284494530d5df37a5819a35f1e41eebb0b3da5d900"",""pyxel_jump"":""4743a825f1c9cae7e049ac52115f4ecf83350db546c00745a54af187d7bc2e46""}",9f3aa4953b9ac2444eab58a63e7f174d55fb629a1d0a36ec3ca6832c198c218a
1,401,formal-v1__colocation__pyxel_platformer+space_rescue__r03,formal-v1,colocation-main,train,colocation,"[""pyxel_platformer"",""space_rescue""]",pyxel_platformer,"[""space_rescue""]",pyxel_platformer+space_rescue,pyxel_platformer+space_rescue__r03,,,3,12216575843737977223,10,30,1,10,windows-rtx4060,0,0,grid_2x2,true,84,a36b78d2998befbd10330adef8f5ab1f813a7a68144bd44a59f55bb779224525,608d817cd8d44787fc0ba4c2f2ee507f0b4c987f,data/raw/remaining-s30/formal-v1/formal-v1__colocation__pyxel_platformer+space_rescue__r03,"{""pyxel_platformer"":""games/pyxel/10_platformer.py"",""space_rescue"":""games/pyxel/apps-src/space_rescue/space_rescue.py""}","{""pyxel_platformer"":""1b2c75b49dc9ab0254fb4b724682a4787868814a38d2f08920720dc5b6007ac5"",""space_rescue"":""f3b0ab6784ae558e64f06a3f0a704e53f107a130aa3d43357659d0850131e461""}",82f3243b7d92ac93a6d52f2bd498c168b4592ba1e2c0adf1f6122e283224f0de
1,402,formal-v1__colocation__pyxel_platformer+pyxel_snake+space_rescue__r01,formal-v1,colocation-main,validation,colocation,"[""pyxel_platformer"",""pyxel_snake"",""space_rescue""]",pyxel_platformer,"[""pyxel_snake"",""space_rescue""]",pyxel_platformer+pyxel_snake+space_rescue,pyxel_platformer+pyxel_snake+space_rescue__r01,,,1,166779263219510929,10,30,1,10,windows-rtx4060,0,0,grid_2x2,true,84,a36b78d2998befbd10330adef8f5ab1f813a7a68144bd44a59f55bb779224525,608d817cd8d44787fc0ba4c2f2ee507f0b4c987f,data/raw/remaining-s30/formal-v1/formal-v1__colocation__pyxel_platformer+pyxel_snake+space_rescue__r01,"{""pyxel_platformer"":""games/pyxel/10_platformer.py"",""pyxel_snake"":""games/pyxel/07_snake.py"",""space_rescue"":""games/pyxel/apps-src/space_rescue/space_rescue.py""}","{""pyxel_platformer"":""1b2c75b49dc9ab0254fb4b724682a4787868814a38d2f08920720dc5b6007ac5"",""pyxel_snake"":""bc533fef92d1d358e570f69d979919fe5c1cd8c4da49841104b49a1e661a5ac3"",""space_rescue"":""f3b0ab6784ae558e64f06a3f0a704e53f107a130aa3d43357659d0850131e461""}",ebd11866405451b53fc9149c6688d920c28d6538bd53be167f832ec1eefdb0f3
1,403,formal-v1__colocation__pyxel_bubbles+pyxel_jump+pyxel_snake__r02,formal-v1,colocation-main,train,colocation,"[""pyxel_bubbles"",""pyxel_jump"",""pyxel_snake""]",pyxel_bubbles,"[""pyxel_jump"",""pyxel_snake""]",pyxel_bubbles+pyxel_jump+pyxel_snake,pyxel_bubbles+pyxel_jump+pyxel_snake__r02,,,2,18007583804090981825,10,30,1,10,windows-rtx4060,0,0,grid_2x2,true,84,a36b78d2998befbd10330adef8f5ab1f813a7a68144bd44a59f55bb779224525,608d817cd8d44787fc0ba4c2f2ee507f0b4c987f,data/raw/remaining-s30/formal-v1/formal-v1__colocation__pyxel_bubbles+pyxel_jump+pyxel_snake__r02,"{""pyxel_bubbles"":""games/pyxel/06_click_game.py"",""pyxel_jump"":""games/pyxel/02_jump_game.py"",""pyxel_snake"":""games/pyxel/07_snake.py""}","{""pyxel_bubbles"":""54c101e90bdaed839ac4c4284494530d5df37a5819a35f1e41eebb0b3da5d900"",""pyxel_jump"":""4743a825f1c9cae7e049ac52115f4ecf83350db546c00745a54af187d7bc2e46"",""pyxel_snake"":""bc533fef92d1d358e570f69d979919fe5c1cd8c4da49841104b49a1e661a5ac3""}",2d7ace023e85d94f08446aae48fbc8e8e61a5f83f5945892602a221e61d7c2a6
1,404,formal-v1__profile__pyxel_snake__gpu_memory__p000__r02,formal-v1,profile,not_applicable,pressure_profile,"[""pyxel_snake""]",pyxel_snake,[],,,gpu_memory,0,2,12227263197918504061,10,30,1,10,windows-rtx4060,0,0,grid_2x2,true,84,a36b78d2998befbd10330adef8f5ab1f813a7a68144bd44a59f55bb779224525,608d817cd8d44787fc0ba4c2f2ee507f0b4c987f,data/raw/remaining-s30/formal-v1/formal-v1__profile__pyxel_snake__gpu_memory__p000__r02,"{""pyxel_snake"":""games/pyxel/07_snake.py""}","{""pyxel_snake"":""bc533fef92d1d358e570f69d979919fe5c1cd8c4da49841104b49a1e661a5ac3""}",89af3529573296db48d4a176ee2d4492dc7d03f3ecb721ea4a0609d84ef1c5e2
1,405,formal-v1__colocation__pyxel_shooter+pyxel_snake+space_rescue__r01,formal-v1,colocation-main,validation,colocation,"[""pyxel_shooter"",""pyxel_snake"",""space_rescue""]",pyxel_shooter,"[""pyxel_snake"",""space_rescue""]",pyxel_shooter+pyxel_snake+space_rescue,pyxel_shooter+pyxel_snake+space_rescue__r01,,,1,6654188469517042076,10,30,1,10,windows-rtx4060,0,0,grid_2x2,true,84,a36b78d2998befbd10330adef8f5ab1f813a7a68144bd44a59f55bb779224525,608d817cd8d44787fc0ba4c2f2ee507f0b4c987f,data/raw/remaining-s30/formal-v1/formal-v1__colocation__pyxel_shooter+pyxel_snake+space_rescue__r01,"{""pyxel_shooter"":""games/pyxel/09_shooter.py"",""pyxel_snake"":""games/pyxel/07_snake.py"",""space_rescue"":""games/pyxel/apps-src/space_rescue/space_rescue.py""}","{""pyxel_shooter"":""0f53e4156907eac41080a8f289e22c89365b3239517c754cf59a51af201d5563"",""pyxel_snake"":""bc533fef92d1d358e570f69d979919fe5c1cd8c4da49841104b49a1e661a5ac3"",""space_rescue"":""f3b0ab6784ae558e64f06a3f0a704e53f107a130aa3d43357659d0850131e461""}",15cd678e6a09599c11f7f0ac3e7983fbe16618ad2b61d2bed0b801a358d8ae05
1,406,formal-v1__profile__pyxel_snake__memory_bandwidth__p000__r01,formal-v1,profile,not_applicable,pressure_profile,"[""pyxel_snake""]",pyxel_snake,[],,,memory_bandwidth,0,1,17972992197593926407,10,30,1,10,windows-rtx4060,0,0,grid_2x2,true,84,a36b78d2998befbd10330adef8f5ab1f813a7a68144bd44a59f55bb779224525,608d817cd8d44787fc0ba4c2f2ee507f0b4c987f,data/raw/remaining-s30/formal-v1/formal-v1__profile__pyxel_snake__memory_bandwidth__p000__r01,"{""pyxel_snake"":""games/pyxel/07_snake.py""}","{""pyxel_snake"":""bc533fef92d1d358e570f69d979919fe5c1cd8c4da49841104b49a1e661a5ac3""}",1b7ff2d5d05a65d93359cd7f825f587ead89c692c2a4694c7d0871fa0b844bbe
1,407,formal-v1__profile__pyxel_snake__gpu_memory__p025__r02,formal-v1,profile,not_applicable,pressure_profile,"[""pyxel_snake""]",pyxel_snake,[],,,gpu_memory,0.25,2,16172530195392660654,10,30,1,10,windows-rtx4060,0,0,grid_2x2,true,84,a36b78d2998befbd10330adef8f5ab1f813a7a68144bd44a59f55bb779224525,608d817cd8d44787fc0ba4c2f2ee507f0b4c987f,data/raw/remaining-s30/formal-v1/formal-v1__profile__pyxel_snake__gpu_memory__p025__r02,"{""pyxel_snake"":""games/pyxel/07_snake.py""}","{""pyxel_snake"":""bc533fef92d1d358e570f69d979919fe5c1cd8c4da49841104b49a1e661a5ac3""}",fc51435b0ba5c797022fd2c324d44fd3d3bcc8d7fc55c313c25e2863a1d733dd
1,408,formal-v1__profile__pyxel_jump__memory_bandwidth__p025__r01,formal-v1,profile,not_applicable,pressure_profile,"[""pyxel_jump""]",pyxel_jump,[],,,memory_bandwidth,0.25,1,626281593546063449,10,30,1,10,windows-rtx4060,0,0,grid_2x2,true,84,a36b78d2998befbd10330adef8f5ab1f813a7a68144bd44a59f55bb779224525,608d817cd8d44787fc0ba4c2f2ee507f0b4c987f,data/raw/remaining-s30/formal-v1/formal-v1__profile__pyxel_jump__memory_bandwidth__p025__r01,"{""pyxel_jump"":""games/pyxel/02_jump_game.py""}","{""pyxel_jump"":""4743a825f1c9cae7e049ac52115f4ecf83350db546c00745a54af187d7bc2e46""}",262182bc756d88ee6c11f1799dc35a4438e294686a6bdbc534eb9667a7747ac1
1,409,formal-v1__profile__pyxel_jump__gpu_compute__p025__r02,formal-v1,profile,not_applicable,pressure_profile,"[""pyxel_jump""]",pyxel_jump,[],,,gpu_compute,0.25,2,233017035973942983,10,30,1,10,windows-rtx4060,0,0,grid_2x2,true,84,a36b78d2998befbd10330adef8f5ab1f813a7a68144bd44a59f55bb779224525,608d817cd8d44787fc0ba4c2f2ee507f0b4c987f,data/raw/remaining-s30/formal-v1/formal-v1__profile__pyxel_jump__gpu_compute__p025__r02,"{""pyxel_jump"":""games/pyxel/02_jump_game.py""}","{""pyxel_jump"":""4743a825f1c9cae7e049ac52115f4ecf83350db546c00745a54af187d7bc2e46""}",0d38741b1024c77766a0078f90e1193dcb450c1e2b5a6c08fc6b4e05631db88a
1,410,formal-v1__colocation__mega_wing+pyxel_jump+pyxel_platformer__r01,formal-v1,colocation-main,train,colocation,"[""mega_wing"",""pyxel_jump"",""pyxel_platformer""]",mega_wing,"[""pyxel_jump"",""pyxel_platformer""]",mega_wing+pyxel_jump+pyxel_platformer,mega_wing+pyxel_jump+pyxel_platformer__r01,,,1,7191685246271050818,10,30,1,10,windows-rtx4060,0,0,grid_2x2,true,84,a36b78d2998befbd10330adef8f5ab1f813a7a68144bd44a59f55bb779224525,608d817cd8d44787fc0ba4c2f2ee507f0b4c987f,data/raw/remaining-s30/formal-v1/formal-v1__colocation__mega_wing+pyxel_jump+pyxel_platformer__r01,"{""mega_wing"":""games/pyxel/apps-src/mega_wing/mega_wing.py"",""pyxel_jump"":""games/pyxel/02_jump_game.py"",""pyxel_platformer"":""games/pyxel/10_platformer.py""}","{""mega_wing"":""86bad6c02a303806c58137503739241dc6b1e86695f7c0dbf672b5e1a1464e9f"",""pyxel_jump"":""4743a825f1c9cae7e049ac52115f4ecf83350db546c00745a54af187d7bc2e46"",""pyxel_platformer"":""1b2c75b49dc9ab0254fb4b724682a4787868814a38d2f08920720dc5b6007ac5""}",15c09b41bf53ca0d457fcd0df0ce34aaf318098187ac7693bb14abf743abc72b
1,411,formal-v1__colocation__daylight+pyxel_jump+pyxel_shooter__r02,formal-v1,colocation-main,train,colocation,"[""daylight"",""pyxel_jump"",""pyxel_shooter""]",daylight,"[""pyxel_jump"",""pyxel_shooter""]",daylight+pyxel_jump+pyxel_shooter,daylight+pyxel_jump+pyxel_shooter__r02,,,2,2064611591229211055,10,30,1,10,windows-rtx4060,0,0,grid_2x2,true,84,a36b78d2998befbd10330adef8f5ab1f813a7a68144bd44a59f55bb779224525,608d817cd8d44787fc0ba4c2f2ee507f0b4c987f,data/raw/remaining-s30/formal-v1/formal-v1__colocation__daylight+pyxel_jump+pyxel_shooter__r02,"{""daylight"":""games/pyxel/apps-src/30SecondsOfDaylight/src/main.py"",""pyxel_jump"":""games/pyxel/02_jump_game.py"",""pyxel_shooter"":""games/pyxel/09_shooter.py""}","{""daylight"":""21a365375249e9d7ea05e78dcfe040f09cc1f0c66bd410bae084190c743a028f"",""pyxel_jump"":""4743a825f1c9cae7e049ac52115f4ecf83350db546c00745a54af187d7bc2e46"",""pyxel_shooter"":""0f53e4156907eac41080a8f289e22c89365b3239517c754cf59a51af201d5563""}",cfa40916c6e182b46da85e2e548bb12b079df5fd4df4345c6e0cbc3b092c5dee
1,412,formal-v1__profile__daylight__cpu_compute__p075__r02,formal-v1,profile,not_applicable,pressure_profile,"[""daylight""]",daylight,[],,,cpu_compute,0.75,2,14605916643426837791,10,30,1,10,windows-rtx4060,0,0,grid_2x2,true,84,a36b78d2998befbd10330adef8f5ab1f813a7a68144bd44a59f55bb779224525,608d817cd8d44787fc0ba4c2f2ee507f0b4c987f,data/raw/remaining-s30/formal-v1/formal-v1__profile__daylight__cpu_compute__p075__r02,"{""daylight"":""games/pyxel/apps-src/30SecondsOfDaylight/src/main.py""}","{""daylight"":""21a365375249e9d7ea05e78dcfe040f09cc1f0c66bd410bae084190c743a028f""}",28f8f41925ffc129e6e0631ba1ea1c973154b74d10c45152aced5933214a324d
1,413,formal-v1__colocation__pyxel_jump+pyxel_shooter__r01,formal-v1,colocation-main,train,colocation,"[""pyxel_jump"",""pyxel_shooter""]",pyxel_jump,"[""pyxel_shooter""]",pyxel_jump+pyxel_shooter,pyxel_jump+pyxel_shooter__r01,,,1,11687499499354652478,10,30,1,10,windows-rtx4060,0,0,grid_2x2,true,84,a36b78d2998befbd10330adef8f5ab1f813a7a68144bd44a59f55bb779224525,608d817cd8d44787fc0ba4c2f2ee507f0b4c987f,data/raw/remaining-s30/formal-v1/formal-v1__colocation__pyxel_jump+pyxel_shooter__r01,"{""pyxel_jump"":""games/pyxel/02_jump_game.py"",""pyxel_shooter"":""games/pyxel/09_shooter.py""}","{""pyxel_jump"":""4743a825f1c9cae7e049ac52115f4ecf83350db546c00745a54af187d7bc2e46"",""pyxel_shooter"":""0f53e4156907eac41080a8f289e22c89365b3239517c754cf59a51af201d5563""}",d8d52cd862f9a871f165a7f6a2754aba595507b723309fa766bb4a045ce948d8
1,414,formal-v1__colocation__daylight+pyxel_bubbles+pyxel_platformer__r03,formal-v1,colocation-main,test,colocation,"[""daylight"",""pyxel_bubbles"",""pyxel_platformer""]",daylight,"[""pyxel_bubbles"",""pyxel_platformer""]",daylight+pyxel_bubbles+pyxel_platformer,daylight+pyxel_bubbles+pyxel_platformer__r03,,,3,12678075072709660838,10,30,1,10,windows-rtx4060,0,0,grid_2x2,true,84,a36b78d2998befbd10330adef8f5ab1f813a7a68144bd44a59f55bb779224525,608d817cd8d44787fc0ba4c2f2ee507f0b4c987f,data/raw/remaining-s30/formal-v1/formal-v1__colocation__daylight+pyxel_bubbles+pyxel_platformer__r03,"{""daylight"":""games/pyxel/apps-src/30SecondsOfDaylight/src/main.py"",""pyxel_bubbles"":""games/pyxel/06_click_game.py"",""pyxel_platformer"":""games/pyxel/10_platformer.py""}","{""daylight"":""21a365375249e9d7ea05e78dcfe040f09cc1f0c66bd410bae084190c743a028f"",""pyxel_bubbles"":""54c101e90bdaed839ac4c4284494530d5df37a5819a35f1e41eebb0b3da5d900"",""pyxel_platformer"":""1b2c75b49dc9ab0254fb4b724682a4787868814a38d2f08920720dc5b6007ac5""}",5e808b2ea68f1069401540f060714da058e8e6eef7afd1ac9a40dd15afcbdb25
1,415,formal-v1__colocation__daylight+mega_wing__r02,formal-v1,colocation-main,test,colocation,"[""daylight"",""mega_wing""]",daylight,"[""mega_wing""]",daylight+mega_wing,daylight+mega_wing__r02,,,2,6551194622992065329,10,30,1,10,windows-rtx4060,0,0,grid_2x2,true,84,a36b78d2998befbd10330adef8f5ab1f813a7a68144bd44a59f55bb779224525,608d817cd8d44787fc0ba4c2f2ee507f0b4c987f,data/raw/remaining-s30/formal-v1/formal-v1__colocation__daylight+mega_wing__r02,"{""daylight"":""games/pyxel/apps-src/30SecondsOfDaylight/src/main.py"",""mega_wing"":""games/pyxel/apps-src/mega_wing/mega_wing.py""}","{""daylight"":""21a365375249e9d7ea05e78dcfe040f09cc1f0c66bd410bae084190c743a028f"",""mega_wing"":""86bad6c02a303806c58137503739241dc6b1e86695f7c0dbf672b5e1a1464e9f""}",54849a4a9d82522db3b384e47482382f8149e8a54373d342e50ce4fa2d893fdd
1,416,formal-v1__profile__pyxel_shooter__cpu_compute__p050__r03,formal-v1,profile,not_applicable,pressure_profile,"[""pyxel_shooter""]",pyxel_shooter,[],,,cpu_compute,0.5,3,16817702603265886754,10,30,1,10,windows-rtx4060,0,0,grid_2x2,true,84,a36b78d2998befbd10330adef8f5ab1f813a7a68144bd44a59f55bb779224525,608d817cd8d44787fc0ba4c2f2ee507f0b4c987f,data/raw/remaining-s30/formal-v1/formal-v1__profile__pyxel_shooter__cpu_compute__p050__r03,"{""pyxel_shooter"":""games/pyxel/09_shooter.py""}","{""pyxel_shooter"":""0f53e4156907eac41080a8f289e22c89365b3239517c754cf59a51af201d5563""}",0abcf15df2c04d788903096f629805a6d30d4f9fc1e61c65afa6a01096470086
1,417,formal-v1__solo__pyxel_shooter__r01,formal-v1,solo,not_applicable,solo,"[""pyxel_shooter""]",pyxel_shooter,[],,,,,1,3277195567229385787,10,30,1,10,windows-rtx4060,0,0,grid_2x2,true,84,a36b78d2998befbd10330adef8f5ab1f813a7a68144bd44a59f55bb779224525,608d817cd8d44787fc0ba4c2f2ee507f0b4c987f,data/raw/remaining-s30/formal-v1/formal-v1__solo__pyxel_shooter__r01,"{""pyxel_shooter"":""games/pyxel/09_shooter.py""}","{""pyxel_shooter"":""0f53e4156907eac41080a8f289e22c89365b3239517c754cf59a51af201d5563""}",c0a4d0036f69caf7d9c8065cdd64457fea10329146eaf179e6e11533626b96ad
1,418,formal-v1__profile__pyxel_jump__gpu_memory__p075__r02,formal-v1,profile,not_applicable,pressure_profile,"[""pyxel_jump""]",pyxel_jump,[],,,gpu_memory,0.75,2,16687842723697422139,10,30,1,10,windows-rtx4060,0,0,grid_2x2,true,84,a36b78d2998befbd10330adef8f5ab1f813a7a68144bd44a59f55bb779224525,608d817cd8d44787fc0ba4c2f2ee507f0b4c987f,data/raw/remaining-s30/formal-v1/formal-v1__profile__pyxel_jump__gpu_memory__p075__r02,"{""pyxel_jump"":""games/pyxel/02_jump_game.py""}","{""pyxel_jump"":""4743a825f1c9cae7e049ac52115f4ecf83350db546c00745a54af187d7bc2e46""}",8816574d01778375546cdd9ff8933a0ece3ddf5480fde2c83b915f820adf8ee0
1,419,formal-v1__profile__space_rescue__gpu_compute__p000__r02,formal-v1,profile,not_applicable,pressure_profile,"[""space_rescue""]",space_rescue,[],,,gpu_compute,0,2,13451980044908634954,10,30,1,10,windows-rtx4060,0,0,grid_2x2,true,84,a36b78d2998befbd10330adef8f5ab1f813a7a68144bd44a59f55bb779224525,608d817cd8d44787fc0ba4c2f2ee507f0b4c987f,data/raw/remaining-s30/formal-v1/formal-v1__profile__space_rescue__gpu_compute__p000__r02,"{""space_rescue"":""games/pyxel/apps-src/space_rescue/space_rescue.py""}","{""space_rescue"":""f3b0ab6784ae558e64f06a3f0a704e53f107a130aa3d43357659d0850131e461""}",ef2545c4e85a42de93d4e65a30c9eda7ea28b40637f2dd7bbe5f53aac57b5fe2
1,420,formal-v1__colocation__pyxel_snake+space_rescue__r02,formal-v1,colocation-main,train,colocation,"[""pyxel_snake"",""space_rescue""]",pyxel_snake,"[""space_rescue""]",pyxel_snake+space_rescue,pyxel_snake+space_rescue__r02,,,2,812211289709381654,10,30,1,10,windows-rtx4060,0,0,grid_2x2,true,84,a36b78d2998befbd10330adef8f5ab1f813a7a68144bd44a59f55bb779224525,608d817cd8d44787fc0ba4c2f2ee507f0b4c987f,data/raw/remaining-s30/formal-v1/formal-v1__colocation__pyxel_snake+space_rescue__r02,"{""pyxel_snake"":""games/pyxel/07_snake.py"",""space_rescue"":""games/pyxel/apps-src/space_rescue/space_rescue.py""}","{""pyxel_snake"":""bc533fef92d1d358e570f69d979919fe5c1cd8c4da49841104b49a1e661a5ac3"",""space_rescue"":""f3b0ab6784ae558e64f06a3f0a704e53f107a130aa3d43357659d0850131e461""}",9b5820a228542de83d37b9289ef65e0322d1073ff8b78414838dc80f974cfd63
1,421,formal-v1__profile__pyxel_shooter__memory_bandwidth__p100__r02,formal-v1,profile,not_applicable,pressure_profile,"[""pyxel_shooter""]",pyxel_shooter,[],,,memory_bandwidth,1,2,7928933935210469273,10,30,1,10,windows-rtx4060,0,0,grid_2x2,true,84,a36b78d2998befbd10330adef8f5ab1f813a7a68144bd44a59f55bb779224525,608d817cd8d44787fc0ba4c2f2ee507f0b4c987f,data/raw/remaining-s30/formal-v1/formal-v1__profile__pyxel_shooter__memory_bandwidth__p100__r02,"{""pyxel_shooter"":""games/pyxel/09_shooter.py""}","{""pyxel_shooter"":""0f53e4156907eac41080a8f289e22c89365b3239517c754cf59a51af201d5563""}",daf0b1fcba3d768dbe89fba3b0885729082240584c5f929a8385cc4bf62bc78a
1,422,formal-v1__profile__space_rescue__gpu_memory__p000__r01,formal-v1,profile,not_applicable,pressure_profile,"[""space_rescue""]",space_rescue,[],,,gpu_memory,0,1,10482120623652990482,10,30,1,10,windows-rtx4060,0,0,grid_2x2,true,84,a36b78d2998befbd10330adef8f5ab1f813a7a68144bd44a59f55bb779224525,608d817cd8d44787fc0ba4c2f2ee507f0b4c987f,data/raw/remaining-s30/formal-v1/formal-v1__profile__space_rescue__gpu_memory__p000__r01,"{""space_rescue"":""games/pyxel/apps-src/space_rescue/space_rescue.py""}","{""space_rescue"":""f3b0ab6784ae558e64f06a3f0a704e53f107a130aa3d43357659d0850131e461""}",07bfe01582ee09e2e6c43af3740562821438d268c889f5b182bca937e65511a3
1,423,formal-v1__colocation__mega_wing+pyxel_bubbles__r02,formal-v1,colocation-main,test,colocation,"[""mega_wing"",""pyxel_bubbles""]",mega_wing,"[""pyxel_bubbles""]",mega_wing+pyxel_bubbles,mega_wing+pyxel_bubbles__r02,,,2,17747459958470337110,10,30,1,10,windows-rtx4060,0,0,grid_2x2,true,84,a36b78d2998befbd10330adef8f5ab1f813a7a68144bd44a59f55bb779224525,608d817cd8d44787fc0ba4c2f2ee507f0b4c987f,data/raw/remaining-s30/formal-v1/formal-v1__colocation__mega_wing+pyxel_bubbles__r02,"{""mega_wing"":""games/pyxel/apps-src/mega_wing/mega_wing.py"",""pyxel_bubbles"":""games/pyxel/06_click_game.py""}","{""mega_wing"":""86bad6c02a303806c58137503739241dc6b1e86695f7c0dbf672b5e1a1464e9f"",""pyxel_bubbles"":""54c101e90bdaed839ac4c4284494530d5df37a5819a35f1e41eebb0b3da5d900""}",c925cbfa4b7d9a2687a968fd7d23325b716599408121afc8a3820bd57bb1a782
1,424,formal-v1__profile__pyxel_bubbles__gpu_compute__p075__r03,formal-v1,profile,not_applicable,pressure_profile,"[""pyxel_bubbles""]",pyxel_bubbles,[],,,gpu_compute,0.75,3,18144003774020506036,10,30,1,10,windows-rtx4060,0,0,grid_2x2,true,84,a36b78d2998befbd10330adef8f5ab1f813a7a68144bd44a59f55bb779224525,608d817cd8d44787fc0ba4c2f2ee507f0b4c987f,data/raw/remaining-s30/formal-v1/formal-v1__profile__pyxel_bubbles__gpu_compute__p075__r03,"{""pyxel_bubbles"":""games/pyxel/06_click_game.py""}","{""pyxel_bubbles"":""54c101e90bdaed839ac4c4284494530d5df37a5819a35f1e41eebb0b3da5d900""}",65cf68787b6807e4b05630ed956726bbe7e9b13fc585f56659c48aacdd5b5ac9
1,425,formal-v1__colocation__daylight+mega_wing+pyxel_jump__r03,formal-v1,colocation-main,train,colocation,"[""daylight"",""mega_wing"",""pyxel_jump""]",daylight,"[""mega_wing"",""pyxel_jump""]",daylight+mega_wing+pyxel_jump,daylight+mega_wing+pyxel_jump__r03,,,3,7795244758432961513,10,30,1,10,windows-rtx4060,0,0,grid_2x2,true,84,a36b78d2998befbd10330adef8f5ab1f813a7a68144bd44a59f55bb779224525,608d817cd8d44787fc0ba4c2f2ee507f0b4c987f,data/raw/remaining-s30/formal-v1/formal-v1__colocation__daylight+mega_wing+pyxel_jump__r03,"{""daylight"":""games/pyxel/apps-src/30SecondsOfDaylight/src/main.py"",""mega_wing"":""games/pyxel/apps-src/mega_wing/mega_wing.py"",""pyxel_jump"":""games/pyxel/02_jump_game.py""}","{""daylight"":""21a365375249e9d7ea05e78dcfe040f09cc1f0c66bd410bae084190c743a028f"",""mega_wing"":""86bad6c02a303806c58137503739241dc6b1e86695f7c0dbf672b5e1a1464e9f"",""pyxel_jump"":""4743a825f1c9cae7e049ac52115f4ecf83350db546c00745a54af187d7bc2e46""}",90b6d7e1c88f7f23fcb3812d48de757dfb72b301d221583ad55a3f8359cc2d76
1,426,formal-v1__extra__mega_wing+pyxel_bubbles+pyxel_jump+space_rescue__r03,formal-v1,colocation-extra-test,extra_test,extra_test,"[""mega_wing"",""pyxel_bubbles"",""pyxel_jump"",""space_rescue""]",mega_wing,"[""pyxel_bubbles"",""pyxel_jump"",""space_rescue""]",mega_wing+pyxel_bubbles+pyxel_jump+space_rescue,mega_wing+pyxel_bubbles+pyxel_jump+space_rescue__r03,,,3,7783474005910821502,10,30,1,10,windows-rtx4060,0,0,grid_2x2,true,84,a36b78d2998befbd10330adef8f5ab1f813a7a68144bd44a59f55bb779224525,608d817cd8d44787fc0ba4c2f2ee507f0b4c987f,data/raw/remaining-s30/formal-v1/formal-v1__extra__mega_wing+pyxel_bubbles+pyxel_jump+space_rescue__r03,"{""mega_wing"":""games/pyxel/apps-src/mega_wing/mega_wing.py"",""pyxel_bubbles"":""games/pyxel/06_click_game.py"",""pyxel_jump"":""games/pyxel/02_jump_game.py"",""space_rescue"":""games/pyxel/apps-src/space_rescue/space_rescue.py""}","{""mega_wing"":""86bad6c02a303806c58137503739241dc6b1e86695f7c0dbf672b5e1a1464e9f"",""pyxel_bubbles"":""54c101e90bdaed839ac4c4284494530d5df37a5819a35f1e41eebb0b3da5d900"",""pyxel_jump"":""4743a825f1c9cae7e049ac52115f4ecf83350db546c00745a54af187d7bc2e46"",""space_rescue"":""f3b0ab6784ae558e64f06a3f0a704e53f107a130aa3d43357659d0850131e461""}",9459d4026a91ba5dc04535fd07c0b97593b95bc6a4a5ae37bdcc46a2f27f8f88
1,427,formal-v1__colocation__pyxel_platformer+space_rescue__r01,formal-v1,colocation-main,train,colocation,"[""pyxel_platformer"",""space_rescue""]",pyxel_platformer,"[""space_rescue""]",pyxel_platformer+space_rescue,pyxel_platformer+space_rescue__r01,,,1,2131886455317589181,10,30,1,10,windows-rtx4060,0,0,grid_2x2,true,84,a36b78d2998befbd10330adef8f5ab1f813a7a68144bd44a59f55bb779224525,608d817cd8d44787fc0ba4c2f2ee507f0b4c987f,data/raw/remaining-s30/formal-v1/formal-v1__colocation__pyxel_platformer+space_rescue__r01,"{""pyxel_platformer"":""games/pyxel/10_platformer.py"",""space_rescue"":""games/pyxel/apps-src/space_rescue/space_rescue.py""}","{""pyxel_platformer"":""1b2c75b49dc9ab0254fb4b724682a4787868814a38d2f08920720dc5b6007ac5"",""space_rescue"":""f3b0ab6784ae558e64f06a3f0a704e53f107a130aa3d43357659d0850131e461""}",1946fe297ce250e5eed5ab6c4bc7081d081c85742fb5d5c3f052f69f02de8cd4
1,428,formal-v1__solo__mega_wing__r02,formal-v1,solo,not_applicable,solo,"[""mega_wing""]",mega_wing,[],,,,,2,6782080090585756855,10,30,1,10,windows-rtx4060,0,0,grid_2x2,true,84,a36b78d2998befbd10330adef8f5ab1f813a7a68144bd44a59f55bb779224525,608d817cd8d44787fc0ba4c2f2ee507f0b4c987f,data/raw/remaining-s30/formal-v1/formal-v1__solo__mega_wing__r02,"{""mega_wing"":""games/pyxel/apps-src/mega_wing/mega_wing.py""}","{""mega_wing"":""86bad6c02a303806c58137503739241dc6b1e86695f7c0dbf672b5e1a1464e9f""}",601c895fa88e087feca874b3ad4e03df1f33e7db98f41d9b3b3b39145bf02f26
1,429,formal-v1__profile__pyxel_jump__memory_bandwidth__p000__r02,formal-v1,profile,not_applicable,pressure_profile,"[""pyxel_jump""]",pyxel_jump,[],,,memory_bandwidth,0,2,13588203456933283143,10,30,1,10,windows-rtx4060,0,0,grid_2x2,true,84,a36b78d2998befbd10330adef8f5ab1f813a7a68144bd44a59f55bb779224525,608d817cd8d44787fc0ba4c2f2ee507f0b4c987f,data/raw/remaining-s30/formal-v1/formal-v1__profile__pyxel_jump__memory_bandwidth__p000__r02,"{""pyxel_jump"":""games/pyxel/02_jump_game.py""}","{""pyxel_jump"":""4743a825f1c9cae7e049ac52115f4ecf83350db546c00745a54af187d7bc2e46""}",b5a7582ca228b338a3982f406ce34d8f1d1b8a7d2e7e5e6ff73b17937b0e160f
1,430,formal-v1__profile__daylight__gpu_compute__p000__r02,formal-v1,profile,not_applicable,pressure_profile,"[""daylight""]",daylight,[],,,gpu_compute,0,2,16157781594656590833,10,30,1,10,windows-rtx4060,0,0,grid_2x2,true,84,a36b78d2998befbd10330adef8f5ab1f813a7a68144bd44a59f55bb779224525,608d817cd8d44787fc0ba4c2f2ee507f0b4c987f,data/raw/remaining-s30/formal-v1/formal-v1__profile__daylight__gpu_compute__p000__r02,"{""daylight"":""games/pyxel/apps-src/30SecondsOfDaylight/src/main.py""}","{""daylight"":""21a365375249e9d7ea05e78dcfe040f09cc1f0c66bd410bae084190c743a028f""}",54a0f3fd6588860c821db87d7a885064c7a0304a64ec9d28c7cdde98f6a46f0c
1,431,formal-v1__colocation__daylight+pyxel_jump__r02,formal-v1,colocation-main,test,colocation,"[""daylight"",""pyxel_jump""]",daylight,"[""pyxel_jump""]",daylight+pyxel_jump,daylight+pyxel_jump__r02,,,2,9029325478432763297,10,30,1,10,windows-rtx4060,0,0,grid_2x2,true,84,a36b78d2998befbd10330adef8f5ab1f813a7a68144bd44a59f55bb779224525,608d817cd8d44787fc0ba4c2f2ee507f0b4c987f,data/raw/remaining-s30/formal-v1/formal-v1__colocation__daylight+pyxel_jump__r02,"{""daylight"":""games/pyxel/apps-src/30SecondsOfDaylight/src/main.py"",""pyxel_jump"":""games/pyxel/02_jump_game.py""}","{""daylight"":""21a365375249e9d7ea05e78dcfe040f09cc1f0c66bd410bae084190c743a028f"",""pyxel_jump"":""4743a825f1c9cae7e049ac52115f4ecf83350db546c00745a54af187d7bc2e46""}",79ed3e29d862f09f8e61ab2fcdb7ec54202eb27e1da9c31e39e8b60280ebf7a8
1,432,formal-v1__profile__space_rescue__gpu_memory__p075__r01,formal-v1,profile,not_applicable,pressure_profile,"[""space_rescue""]",space_rescue,[],,,gpu_memory,0.75,1,6292989188391337375,10,30,1,10,windows-rtx4060,0,0,grid_2x2,true,84,a36b78d2998befbd10330adef8f5ab1f813a7a68144bd44a59f55bb779224525,608d817cd8d44787fc0ba4c2f2ee507f0b4c987f,data/raw/remaining-s30/formal-v1/formal-v1__profile__space_rescue__gpu_memory__p075__r01,"{""space_rescue"":""games/pyxel/apps-src/space_rescue/space_rescue.py""}","{""space_rescue"":""f3b0ab6784ae558e64f06a3f0a704e53f107a130aa3d43357659d0850131e461""}",1315ae95fd537ec9fd570631fa6c7fe5e7acf050ca0f8da57aba1193c3456475
1,433,formal-v1__profile__pyxel_bubbles__memory_bandwidth__p000__r02,formal-v1,profile,not_applicable,pressure_profile,"[""pyxel_bubbles""]",pyxel_bubbles,[],,,memory_bandwidth,0,2,6217459820728876069,10,30,1,10,windows-rtx4060,0,0,grid_2x2,true,84,a36b78d2998befbd10330adef8f5ab1f813a7a68144bd44a59f55bb779224525,608d817cd8d44787fc0ba4c2f2ee507f0b4c987f,data/raw/remaining-s30/formal-v1/formal-v1__profile__pyxel_bubbles__memory_bandwidth__p000__r02,"{""pyxel_bubbles"":""games/pyxel/06_click_game.py""}","{""pyxel_bubbles"":""54c101e90bdaed839ac4c4284494530d5df37a5819a35f1e41eebb0b3da5d900""}",82b43e7330fb9b65777a845cf62540d9430d6aecf8ab9053b0126bdff94696b7
1,434,formal-v1__colocation__mega_wing+space_rescue__r03,formal-v1,colocation-main,validation,colocation,"[""mega_wing"",""space_rescue""]",mega_wing,"[""space_rescue""]",mega_wing+space_rescue,mega_wing+space_rescue__r03,,,3,11531573012873339119,10,30,1,10,windows-rtx4060,0,0,grid_2x2,true,84,a36b78d2998befbd10330adef8f5ab1f813a7a68144bd44a59f55bb779224525,608d817cd8d44787fc0ba4c2f2ee507f0b4c987f,data/raw/remaining-s30/formal-v1/formal-v1__colocation__mega_wing+space_rescue__r03,"{""mega_wing"":""games/pyxel/apps-src/mega_wing/mega_wing.py"",""space_rescue"":""games/pyxel/apps-src/space_rescue/space_rescue.py""}","{""mega_wing"":""86bad6c02a303806c58137503739241dc6b1e86695f7c0dbf672b5e1a1464e9f"",""space_rescue"":""f3b0ab6784ae558e64f06a3f0a704e53f107a130aa3d43357659d0850131e461""}",e0b275b60eca4223660b758d261a83037b8c746d05ecd65c13dbcae7ce3b27ca
1,435,formal-v1__profile__daylight__gpu_compute__p075__r01,formal-v1,profile,not_applicable,pressure_profile,"[""daylight""]",daylight,[],,,gpu_compute,0.75,1,1079891338874392414,10,30,1,10,windows-rtx4060,0,0,grid_2x2,true,84,a36b78d2998befbd10330adef8f5ab1f813a7a68144bd44a59f55bb779224525,608d817cd8d44787fc0ba4c2f2ee507f0b4c987f,data/raw/remaining-s30/formal-v1/formal-v1__profile__daylight__gpu_compute__p075__r01,"{""daylight"":""games/pyxel/apps-src/30SecondsOfDaylight/src/main.py""}","{""daylight"":""21a365375249e9d7ea05e78dcfe040f09cc1f0c66bd410bae084190c743a028f""}",d6abae67bd07cfed0088af5dc18a87b1dc3f7defb69d658abc92e6ea3cf42786
1,436,formal-v1__colocation__mega_wing+pyxel_platformer__r02,formal-v1,colocation-main,test,colocation,"[""mega_wing"",""pyxel_platformer""]",mega_wing,"[""pyxel_platformer""]",mega_wing+pyxel_platformer,mega_wing+pyxel_platformer__r02,,,2,1539321592536955873,10,30,1,10,windows-rtx4060,0,0,grid_2x2,true,84,a36b78d2998befbd10330adef8f5ab1f813a7a68144bd44a59f55bb779224525,608d817cd8d44787fc0ba4c2f2ee507f0b4c987f,data/raw/remaining-s30/formal-v1/formal-v1__colocation__mega_wing+pyxel_platformer__r02,"{""mega_wing"":""games/pyxel/apps-src/mega_wing/mega_wing.py"",""pyxel_platformer"":""games/pyxel/10_platformer.py""}","{""mega_wing"":""86bad6c02a303806c58137503739241dc6b1e86695f7c0dbf672b5e1a1464e9f"",""pyxel_platformer"":""1b2c75b49dc9ab0254fb4b724682a4787868814a38d2f08920720dc5b6007ac5""}",51038afbea173913e2eb6013a7f7156ea49603e3c4d4cefe8ecb421c1e857d92
1,437,formal-v1__profile__daylight__gpu_compute__p025__r02,formal-v1,profile,not_applicable,pressure_profile,"[""daylight""]",daylight,[],,,gpu_compute,0.25,2,2200622297103729097,10,30,1,10,windows-rtx4060,0,0,grid_2x2,true,84,a36b78d2998befbd10330adef8f5ab1f813a7a68144bd44a59f55bb779224525,608d817cd8d44787fc0ba4c2f2ee507f0b4c987f,data/raw/remaining-s30/formal-v1/formal-v1__profile__daylight__gpu_compute__p025__r02,"{""daylight"":""games/pyxel/apps-src/30SecondsOfDaylight/src/main.py""}","{""daylight"":""21a365375249e9d7ea05e78dcfe040f09cc1f0c66bd410bae084190c743a028f""}",9b6ff29e18ebd20d404d262bf91be556a6d5c38f18bda0170fe8bf09b44218ad
1,438,formal-v1__profile__daylight__gpu_memory__p050__r01,formal-v1,profile,not_applicable,pressure_profile,"[""daylight""]",daylight,[],,,gpu_memory,0.5,1,18161622273504515446,10,30,1,10,windows-rtx4060,0,0,grid_2x2,true,84,a36b78d2998befbd10330adef8f5ab1f813a7a68144bd44a59f55bb779224525,608d817cd8d44787fc0ba4c2f2ee507f0b4c987f,data/raw/remaining-s30/formal-v1/formal-v1__profile__daylight__gpu_memory__p050__r01,"{""daylight"":""games/pyxel/apps-src/30SecondsOfDaylight/src/main.py""}","{""daylight"":""21a365375249e9d7ea05e78dcfe040f09cc1f0c66bd410bae084190c743a028f""}",5e6682dab07b58a217f606d29ec6a4346ca7130d4cfd681568e92d91ed2875da
1,439,formal-v1__extra__daylight+pyxel_jump+pyxel_snake+space_rescue__r01,formal-v1,colocation-extra-test,extra_test,extra_test,"[""daylight"",""pyxel_jump"",""pyxel_snake"",""space_rescue""]",daylight,"[""pyxel_jump"",""pyxel_snake"",""space_rescue""]",daylight+pyxel_jump+pyxel_snake+space_rescue,daylight+pyxel_jump+pyxel_snake+space_rescue__r01,,,1,9777641872591028060,10,30,1,10,windows-rtx4060,0,0,grid_2x2,true,84,a36b78d2998befbd10330adef8f5ab1f813a7a68144bd44a59f55bb779224525,608d817cd8d44787fc0ba4c2f2ee507f0b4c987f,data/raw/remaining-s30/formal-v1/formal-v1__extra__daylight+pyxel_jump+pyxel_snake+space_rescue__r01,"{""daylight"":""games/pyxel/apps-src/30SecondsOfDaylight/src/main.py"",""pyxel_jump"":""games/pyxel/02_jump_game.py"",""pyxel_snake"":""games/pyxel/07_snake.py"",""space_rescue"":""games/pyxel/apps-src/space_rescue/space_rescue.py""}","{""daylight"":""21a365375249e9d7ea05e78dcfe040f09cc1f0c66bd410bae084190c743a028f"",""pyxel_jump"":""4743a825f1c9cae7e049ac52115f4ecf83350db546c00745a54af187d7bc2e46"",""pyxel_snake"":""bc533fef92d1d358e570f69d979919fe5c1cd8c4da49841104b49a1e661a5ac3"",""space_rescue"":""f3b0ab6784ae558e64f06a3f0a704e53f107a130aa3d43357659d0850131e461""}",c025dcebf798ba0619cabc10a82b0f303c5f593a6ea42c8e414db6c8f5dbb054
1,440,formal-v1__colocation__daylight+pyxel_bubbles+pyxel_jump__r01,formal-v1,colocation-main,test,colocation,"[""daylight"",""pyxel_bubbles"",""pyxel_jump""]",daylight,"[""pyxel_bubbles"",""pyxel_jump""]",daylight+pyxel_bubbles+pyxel_jump,daylight+pyxel_bubbles+pyxel_jump__r01,,,1,10034402020970911095,10,30,1,10,windows-rtx4060,0,0,grid_2x2,true,84,a36b78d2998befbd10330adef8f5ab1f813a7a68144bd44a59f55bb779224525,608d817cd8d44787fc0ba4c2f2ee507f0b4c987f,data/raw/remaining-s30/formal-v1/formal-v1__colocation__daylight+pyxel_bubbles+pyxel_jump__r01,"{""daylight"":""games/pyxel/apps-src/30SecondsOfDaylight/src/main.py"",""pyxel_bubbles"":""games/pyxel/06_click_game.py"",""pyxel_jump"":""games/pyxel/02_jump_game.py""}","{""daylight"":""21a365375249e9d7ea05e78dcfe040f09cc1f0c66bd410bae084190c743a028f"",""pyxel_bubbles"":""54c101e90bdaed839ac4c4284494530d5df37a5819a35f1e41eebb0b3da5d900"",""pyxel_jump"":""4743a825f1c9cae7e049ac52115f4ecf83350db546c00745a54af187d7bc2e46""}",03bd6fbef0097f7ffa698725c7459ebfc958a64bb1c32db0830409d91a0e7d98
1,441,formal-v1__profile__space_rescue__cpu_compute__p075__r03,formal-v1,profile,not_applicable,pressure_profile,"[""space_rescue""]",space_rescue,[],,,cpu_compute,0.75,3,13737745328799238857,10,30,1,10,windows-rtx4060,0,0,grid_2x2,true,84,a36b78d2998befbd10330adef8f5ab1f813a7a68144bd44a59f55bb779224525,608d817cd8d44787fc0ba4c2f2ee507f0b4c987f,data/raw/remaining-s30/formal-v1/formal-v1__profile__space_rescue__cpu_compute__p075__r03,"{""space_rescue"":""games/pyxel/apps-src/space_rescue/space_rescue.py""}","{""space_rescue"":""f3b0ab6784ae558e64f06a3f0a704e53f107a130aa3d43357659d0850131e461""}",9a0c0e4bb5ffa806089e4aaabbd36ae8422b16a492aeff8d7a069fea6a3e5c96
1,442,formal-v1__profile__pyxel_shooter__gpu_compute__p100__r01,formal-v1,profile,not_applicable,pressure_profile,"[""pyxel_shooter""]",pyxel_shooter,[],,,gpu_compute,1,1,12285315866866753686,10,30,1,10,windows-rtx4060,0,0,grid_2x2,true,84,a36b78d2998befbd10330adef8f5ab1f813a7a68144bd44a59f55bb779224525,608d817cd8d44787fc0ba4c2f2ee507f0b4c987f,data/raw/remaining-s30/formal-v1/formal-v1__profile__pyxel_shooter__gpu_compute__p100__r01,"{""pyxel_shooter"":""games/pyxel/09_shooter.py""}","{""pyxel_shooter"":""0f53e4156907eac41080a8f289e22c89365b3239517c754cf59a51af201d5563""}",0954e80c48d52d6b0a7b2d4a31643e47c8693e5bd7b570af4d093017f8046006
1,443,formal-v1__colocation__mega_wing+pyxel_bubbles+pyxel_jump__r02,formal-v1,colocation-main,train,colocation,"[""mega_wing"",""pyxel_bubbles"",""pyxel_jump""]",mega_wing,"[""pyxel_bubbles"",""pyxel_jump""]",mega_wing+pyxel_bubbles+pyxel_jump,mega_wing+pyxel_bubbles+pyxel_jump__r02,,,2,2229726004738622377,10,30,1,10,windows-rtx4060,0,0,grid_2x2,true,84,a36b78d2998befbd10330adef8f5ab1f813a7a68144bd44a59f55bb779224525,608d817cd8d44787fc0ba4c2f2ee507f0b4c987f,data/raw/remaining-s30/formal-v1/formal-v1__colocation__mega_wing+pyxel_bubbles+pyxel_jump__r02,"{""mega_wing"":""games/pyxel/apps-src/mega_wing/mega_wing.py"",""pyxel_bubbles"":""games/pyxel/06_click_game.py"",""pyxel_jump"":""games/pyxel/02_jump_game.py""}","{""mega_wing"":""86bad6c02a303806c58137503739241dc6b1e86695f7c0dbf672b5e1a1464e9f"",""pyxel_bubbles"":""54c101e90bdaed839ac4c4284494530d5df37a5819a35f1e41eebb0b3da5d900"",""pyxel_jump"":""4743a825f1c9cae7e049ac52115f4ecf83350db546c00745a54af187d7bc2e46""}",e278fb3cac535f2b754b85309275707790f2fb1e47fdccfbac3368ca87026dde
1,444,formal-v1__colocation__pyxel_jump+pyxel_platformer+pyxel_snake__r02,formal-v1,colocation-main,train,colocation,"[""pyxel_jump"",""pyxel_platformer"",""pyxel_snake""]",pyxel_jump,"[""pyxel_platformer"",""pyxel_snake""]",pyxel_jump+pyxel_platformer+pyxel_snake,pyxel_jump+pyxel_platformer+pyxel_snake__r02,,,2,16689545828599394491,10,30,1,10,windows-rtx4060,0,0,grid_2x2,true,84,a36b78d2998befbd10330adef8f5ab1f813a7a68144bd44a59f55bb779224525,608d817cd8d44787fc0ba4c2f2ee507f0b4c987f,data/raw/remaining-s30/formal-v1/formal-v1__colocation__pyxel_jump+pyxel_platformer+pyxel_snake__r02,"{""pyxel_jump"":""games/pyxel/02_jump_game.py"",""pyxel_platformer"":""games/pyxel/10_platformer.py"",""pyxel_snake"":""games/pyxel/07_snake.py""}","{""pyxel_jump"":""4743a825f1c9cae7e049ac52115f4ecf83350db546c00745a54af187d7bc2e46"",""pyxel_platformer"":""1b2c75b49dc9ab0254fb4b724682a4787868814a38d2f08920720dc5b6007ac5"",""pyxel_snake"":""bc533fef92d1d358e570f69d979919fe5c1cd8c4da49841104b49a1e661a5ac3""}",572b03083273bacd3f23129da607d5cf48670580540c9fdf914b858f7af2b186
1,445,formal-v1__profile__pyxel_snake__memory_bandwidth__p100__r03,formal-v1,profile,not_applicable,pressure_profile,"[""pyxel_snake""]",pyxel_snake,[],,,memory_bandwidth,1,3,17218695474744518647,10,30,1,10,windows-rtx4060,0,0,grid_2x2,true,84,a36b78d2998befbd10330adef8f5ab1f813a7a68144bd44a59f55bb779224525,608d817cd8d44787fc0ba4c2f2ee507f0b4c987f,data/raw/remaining-s30/formal-v1/formal-v1__profile__pyxel_snake__memory_bandwidth__p100__r03,"{""pyxel_snake"":""games/pyxel/07_snake.py""}","{""pyxel_snake"":""bc533fef92d1d358e570f69d979919fe5c1cd8c4da49841104b49a1e661a5ac3""}",739ec8f6f8164e0471ade100e70d0f6e2faed325a024845751c942f280376979
1,446,formal-v1__profile__pyxel_shooter__memory_bandwidth__p100__r03,formal-v1,profile,not_applicable,pressure_profile,"[""pyxel_shooter""]",pyxel_shooter,[],,,memory_bandwidth,1,3,11724890538461242049,10,30,1,10,windows-rtx4060,0,0,grid_2x2,true,84,a36b78d2998befbd10330adef8f5ab1f813a7a68144bd44a59f55bb779224525,608d817cd8d44787fc0ba4c2f2ee507f0b4c987f,data/raw/remaining-s30/formal-v1/formal-v1__profile__pyxel_shooter__memory_bandwidth__p100__r03,"{""pyxel_shooter"":""games/pyxel/09_shooter.py""}","{""pyxel_shooter"":""0f53e4156907eac41080a8f289e22c89365b3239517c754cf59a51af201d5563""}",d4b7921041bfbbb704f699317f34f6cf28f43d1550065733462800315af0ca8a
1,447,formal-v1__profile__pyxel_jump__gpu_memory__p000__r01,formal-v1,profile,not_applicable,pressure_profile,"[""pyxel_jump""]",pyxel_jump,[],,,gpu_memory,0,1,6647778361192104066,10,30,1,10,windows-rtx4060,0,0,grid_2x2,true,84,a36b78d2998befbd10330adef8f5ab1f813a7a68144bd44a59f55bb779224525,608d817cd8d44787fc0ba4c2f2ee507f0b4c987f,data/raw/remaining-s30/formal-v1/formal-v1__profile__pyxel_jump__gpu_memory__p000__r01,"{""pyxel_jump"":""games/pyxel/02_jump_game.py""}","{""pyxel_jump"":""4743a825f1c9cae7e049ac52115f4ecf83350db546c00745a54af187d7bc2e46""}",08902c49141e46998d21a74620effc8b64180e3b46885a586765db0cd9cda7a6
1,448,formal-v1__colocation__mega_wing+space_rescue__r02,formal-v1,colocation-main,validation,colocation,"[""mega_wing"",""space_rescue""]",mega_wing,"[""space_rescue""]",mega_wing+space_rescue,mega_wing+space_rescue__r02,,,2,8060724843457176203,10,30,1,10,windows-rtx4060,0,0,grid_2x2,true,84,a36b78d2998befbd10330adef8f5ab1f813a7a68144bd44a59f55bb779224525,608d817cd8d44787fc0ba4c2f2ee507f0b4c987f,data/raw/remaining-s30/formal-v1/formal-v1__colocation__mega_wing+space_rescue__r02,"{""mega_wing"":""games/pyxel/apps-src/mega_wing/mega_wing.py"",""space_rescue"":""games/pyxel/apps-src/space_rescue/space_rescue.py""}","{""mega_wing"":""86bad6c02a303806c58137503739241dc6b1e86695f7c0dbf672b5e1a1464e9f"",""space_rescue"":""f3b0ab6784ae558e64f06a3f0a704e53f107a130aa3d43357659d0850131e461""}",04fbf8c1ecaf95a8f99318c5500c162a1dc59ce4d8b04aa7391fd25b9d1da86e
1,449,formal-v1__colocation__pyxel_bubbles+pyxel_jump+pyxel_platformer__r01,formal-v1,colocation-main,train,colocation,"[""pyxel_bubbles"",""pyxel_jump"",""pyxel_platformer""]",pyxel_bubbles,"[""pyxel_jump"",""pyxel_platformer""]",pyxel_bubbles+pyxel_jump+pyxel_platformer,pyxel_bubbles+pyxel_jump+pyxel_platformer__r01,,,1,15472522791530990153,10,30,1,10,windows-rtx4060,0,0,grid_2x2,true,84,a36b78d2998befbd10330adef8f5ab1f813a7a68144bd44a59f55bb779224525,608d817cd8d44787fc0ba4c2f2ee507f0b4c987f,data/raw/remaining-s30/formal-v1/formal-v1__colocation__pyxel_bubbles+pyxel_jump+pyxel_platformer__r01,"{""pyxel_bubbles"":""games/pyxel/06_click_game.py"",""pyxel_jump"":""games/pyxel/02_jump_game.py"",""pyxel_platformer"":""games/pyxel/10_platformer.py""}","{""pyxel_bubbles"":""54c101e90bdaed839ac4c4284494530d5df37a5819a35f1e41eebb0b3da5d900"",""pyxel_jump"":""4743a825f1c9cae7e049ac52115f4ecf83350db546c00745a54af187d7bc2e46"",""pyxel_platformer"":""1b2c75b49dc9ab0254fb4b724682a4787868814a38d2f08920720dc5b6007ac5""}",cc3ed9267a0d9906d91b177d6051cd5d775c568bd20c6fa8c7d5c712c315e8d1
1,450,formal-v1__profile__mega_wing__gpu_memory__p000__r03,formal-v1,profile,not_applicable,pressure_profile,"[""mega_wing""]",mega_wing,[],,,gpu_memory,0,3,6200757508843279353,10,30,1,10,windows-rtx4060,0,0,grid_2x2,true,84,a36b78d2998befbd10330adef8f5ab1f813a7a68144bd44a59f55bb779224525,608d817cd8d44787fc0ba4c2f2ee507f0b4c987f,data/raw/remaining-s30/formal-v1/formal-v1__profile__mega_wing__gpu_memory__p000__r03,"{""mega_wing"":""games/pyxel/apps-src/mega_wing/mega_wing.py""}","{""mega_wing"":""86bad6c02a303806c58137503739241dc6b1e86695f7c0dbf672b5e1a1464e9f""}",c9f686606d9cab1b7913a0e04c38c3a5d39c577e532b66d1b0829d8bca385c3d
1,451,formal-v1__profile__pyxel_bubbles__gpu_compute__p025__r01,formal-v1,profile,not_applicable,pressure_profile,"[""pyxel_bubbles""]",pyxel_bubbles,[],,,gpu_compute,0.25,1,149416636897416742,10,30,1,10,windows-rtx4060,0,0,grid_2x2,true,84,a36b78d2998befbd10330adef8f5ab1f813a7a68144bd44a59f55bb779224525,608d817cd8d44787fc0ba4c2f2ee507f0b4c987f,data/raw/remaining-s30/formal-v1/formal-v1__profile__pyxel_bubbles__gpu_compute__p025__r01,"{""pyxel_bubbles"":""games/pyxel/06_click_game.py""}","{""pyxel_bubbles"":""54c101e90bdaed839ac4c4284494530d5df37a5819a35f1e41eebb0b3da5d900""}",a776530bf3fdde51341d94aecbe3f2a14d7650e139a473728d1e4b3bbd79c095
1,452,formal-v1__colocation__pyxel_jump+pyxel_platformer+space_rescue__r02,formal-v1,colocation-main,train,colocation,"[""pyxel_jump"",""pyxel_platformer"",""space_rescue""]",pyxel_jump,"[""pyxel_platformer"",""space_rescue""]",pyxel_jump+pyxel_platformer+space_rescue,pyxel_jump+pyxel_platformer+space_rescue__r02,,,2,9238944108849120796,10,30,1,10,windows-rtx4060,0,0,grid_2x2,true,84,a36b78d2998befbd10330adef8f5ab1f813a7a68144bd44a59f55bb779224525,608d817cd8d44787fc0ba4c2f2ee507f0b4c987f,data/raw/remaining-s30/formal-v1/formal-v1__colocation__pyxel_jump+pyxel_platformer+space_rescue__r02,"{""pyxel_jump"":""games/pyxel/02_jump_game.py"",""pyxel_platformer"":""games/pyxel/10_platformer.py"",""space_rescue"":""games/pyxel/apps-src/space_rescue/space_rescue.py""}","{""pyxel_jump"":""4743a825f1c9cae7e049ac52115f4ecf83350db546c00745a54af187d7bc2e46"",""pyxel_platformer"":""1b2c75b49dc9ab0254fb4b724682a4787868814a38d2f08920720dc5b6007ac5"",""space_rescue"":""f3b0ab6784ae558e64f06a3f0a704e53f107a130aa3d43357659d0850131e461""}",38512266ea8181d254d804ee68cae4f0eca681d86ed6ef99d5f6e58c0022f7e6
1,453,formal-v1__profile__pyxel_platformer__cpu_compute__p050__r02,formal-v1,profile,not_applicable,pressure_profile,"[""pyxel_platformer""]",pyxel_platformer,[],,,cpu_compute,0.5,2,3524156227081131149,10,30,1,10,windows-rtx4060,0,0,grid_2x2,true,84,a36b78d2998befbd10330adef8f5ab1f813a7a68144bd44a59f55bb779224525,608d817cd8d44787fc0ba4c2f2ee507f0b4c987f,data/raw/remaining-s30/formal-v1/formal-v1__profile__pyxel_platformer__cpu_compute__p050__r02,"{""pyxel_platformer"":""games/pyxel/10_platformer.py""}","{""pyxel_platformer"":""1b2c75b49dc9ab0254fb4b724682a4787868814a38d2f08920720dc5b6007ac5""}",05bc505652ec054f0942837f981127815f6baf26dcb0ec355fff8d12d9781224
1,454,formal-v1__profile__pyxel_bubbles__cpu_compute__p050__r02,formal-v1,profile,not_applicable,pressure_profile,"[""pyxel_bubbles""]",pyxel_bubbles,[],,,cpu_compute,0.5,2,3591286646246706183,10,30,1,10,windows-rtx4060,0,0,grid_2x2,true,84,a36b78d2998befbd10330adef8f5ab1f813a7a68144bd44a59f55bb779224525,608d817cd8d44787fc0ba4c2f2ee507f0b4c987f,data/raw/remaining-s30/formal-v1/formal-v1__profile__pyxel_bubbles__cpu_compute__p050__r02,"{""pyxel_bubbles"":""games/pyxel/06_click_game.py""}","{""pyxel_bubbles"":""54c101e90bdaed839ac4c4284494530d5df37a5819a35f1e41eebb0b3da5d900""}",79503beb13c8053405999ac74a750e74290e8e9a7b5d980749e412d46a61b613
1,455,formal-v1__profile__pyxel_jump__gpu_memory__p100__r02,formal-v1,profile,not_applicable,pressure_profile,"[""pyxel_jump""]",pyxel_jump,[],,,gpu_memory,1,2,8656185759468934060,10,30,1,10,windows-rtx4060,0,0,grid_2x2,true,84,a36b78d2998befbd10330adef8f5ab1f813a7a68144bd44a59f55bb779224525,608d817cd8d44787fc0ba4c2f2ee507f0b4c987f,data/raw/remaining-s30/formal-v1/formal-v1__profile__pyxel_jump__gpu_memory__p100__r02,"{""pyxel_jump"":""games/pyxel/02_jump_game.py""}","{""pyxel_jump"":""4743a825f1c9cae7e049ac52115f4ecf83350db546c00745a54af187d7bc2e46""}",6e92e5708cbf05066a00c15486486704ea39c8567cc5de8ed8f8ae8d70d13f7e
1,456,formal-v1__profile__pyxel_snake__memory_bandwidth__p050__r03,formal-v1,profile,not_applicable,pressure_profile,"[""pyxel_snake""]",pyxel_snake,[],,,memory_bandwidth,0.5,3,9249909982490903901,10,30,1,10,windows-rtx4060,0,0,grid_2x2,true,84,a36b78d2998befbd10330adef8f5ab1f813a7a68144bd44a59f55bb779224525,608d817cd8d44787fc0ba4c2f2ee507f0b4c987f,data/raw/remaining-s30/formal-v1/formal-v1__profile__pyxel_snake__memory_bandwidth__p050__r03,"{""pyxel_snake"":""games/pyxel/07_snake.py""}","{""pyxel_snake"":""bc533fef92d1d358e570f69d979919fe5c1cd8c4da49841104b49a1e661a5ac3""}",961e4d699f4c5271b7a0097e0f87d58484cc0c24712dd59931a5dc63b7f945e6
1,457,formal-v1__profile__pyxel_snake__gpu_compute__p100__r01,formal-v1,profile,not_applicable,pressure_profile,"[""pyxel_snake""]",pyxel_snake,[],,,gpu_compute,1,1,3308820749369498055,10,30,1,10,windows-rtx4060,0,0,grid_2x2,true,84,a36b78d2998befbd10330adef8f5ab1f813a7a68144bd44a59f55bb779224525,608d817cd8d44787fc0ba4c2f2ee507f0b4c987f,data/raw/remaining-s30/formal-v1/formal-v1__profile__pyxel_snake__gpu_compute__p100__r01,"{""pyxel_snake"":""games/pyxel/07_snake.py""}","{""pyxel_snake"":""bc533fef92d1d358e570f69d979919fe5c1cd8c4da49841104b49a1e661a5ac3""}",98c0edfc102f4babcb41449575d5d7f1265e9b24d1212cf7475033da93b62adf
1,458,formal-v1__profile__daylight__gpu_memory__p000__r02,formal-v1,profile,not_applicable,pressure_profile,"[""daylight""]",daylight,[],,,gpu_memory,0,2,7374920704241524300,10,30,1,10,windows-rtx4060,0,0,grid_2x2,true,84,a36b78d2998befbd10330adef8f5ab1f813a7a68144bd44a59f55bb779224525,608d817cd8d44787fc0ba4c2f2ee507f0b4c987f,data/raw/remaining-s30/formal-v1/formal-v1__profile__daylight__gpu_memory__p000__r02,"{""daylight"":""games/pyxel/apps-src/30SecondsOfDaylight/src/main.py""}","{""daylight"":""21a365375249e9d7ea05e78dcfe040f09cc1f0c66bd410bae084190c743a028f""}",75b5286baa17d996e11576c1cf2de162f3a9ed1a79f9f02a9fa771f023cdad58
1,459,formal-v1__profile__space_rescue__gpu_compute__p075__r01,formal-v1,profile,not_applicable,pressure_profile,"[""space_rescue""]",space_rescue,[],,,gpu_compute,0.75,1,7279084081483763361,10,30,1,10,windows-rtx4060,0,0,grid_2x2,true,84,a36b78d2998befbd10330adef8f5ab1f813a7a68144bd44a59f55bb779224525,608d817cd8d44787fc0ba4c2f2ee507f0b4c987f,data/raw/remaining-s30/formal-v1/formal-v1__profile__space_rescue__gpu_compute__p075__r01,"{""space_rescue"":""games/pyxel/apps-src/space_rescue/space_rescue.py""}","{""space_rescue"":""f3b0ab6784ae558e64f06a3f0a704e53f107a130aa3d43357659d0850131e461""}",22ff238eef14dcc8296299bec6673b58f65389241b54057f4f7f0c23164d45f9
1,460,formal-v1__profile__pyxel_jump__gpu_memory__p025__r02,formal-v1,profile,not_applicable,pressure_profile,"[""pyxel_jump""]",pyxel_jump,[],,,gpu_memory,0.25,2,5297649724675066393,10,30,1,10,windows-rtx4060,0,0,grid_2x2,true,84,a36b78d2998befbd10330adef8f5ab1f813a7a68144bd44a59f55bb779224525,608d817cd8d44787fc0ba4c2f2ee507f0b4c987f,data/raw/remaining-s30/formal-v1/formal-v1__profile__pyxel_jump__gpu_memory__p025__r02,"{""pyxel_jump"":""games/pyxel/02_jump_game.py""}","{""pyxel_jump"":""4743a825f1c9cae7e049ac52115f4ecf83350db546c00745a54af187d7bc2e46""}",5e77c64e9ca0d3dc2dc5c6192f7b6b2ec2f0a6770f34153a8b0b9a513ba5fa7e
1,461,formal-v1__profile__space_rescue__gpu_compute__p025__r03,formal-v1,profile,not_applicable,pressure_profile,"[""space_rescue""]",space_rescue,[],,,gpu_compute,0.25,3,8520314496541207895,10,30,1,10,windows-rtx4060,0,0,grid_2x2,true,84,a36b78d2998befbd10330adef8f5ab1f813a7a68144bd44a59f55bb779224525,608d817cd8d44787fc0ba4c2f2ee507f0b4c987f,data/raw/remaining-s30/formal-v1/formal-v1__profile__space_rescue__gpu_compute__p025__r03,"{""space_rescue"":""games/pyxel/apps-src/space_rescue/space_rescue.py""}","{""space_rescue"":""f3b0ab6784ae558e64f06a3f0a704e53f107a130aa3d43357659d0850131e461""}",f5cb9cd3a9d65eb811649c6c5d53da28bf15fa6e524cfba39967d2346d644846
1,462,formal-v1__profile__pyxel_shooter__gpu_compute__p050__r03,formal-v1,profile,not_applicable,pressure_profile,"[""pyxel_shooter""]",pyxel_shooter,[],,,gpu_compute,0.5,3,5534066133043590469,10,30,1,10,windows-rtx4060,0,0,grid_2x2,true,84,a36b78d2998befbd10330adef8f5ab1f813a7a68144bd44a59f55bb779224525,608d817cd8d44787fc0ba4c2f2ee507f0b4c987f,data/raw/remaining-s30/formal-v1/formal-v1__profile__pyxel_shooter__gpu_compute__p050__r03,"{""pyxel_shooter"":""games/pyxel/09_shooter.py""}","{""pyxel_shooter"":""0f53e4156907eac41080a8f289e22c89365b3239517c754cf59a51af201d5563""}",9a811cfdab14281e406fbad82bba17226050dc3998638a66e1651401778cf089
1,463,formal-v1__extra__pyxel_jump+pyxel_platformer+pyxel_shooter+space_rescue__r01,formal-v1,colocation-extra-test,extra_test,extra_test,"[""pyxel_jump"",""pyxel_platformer"",""pyxel_shooter"",""space_rescue""]",pyxel_jump,"[""pyxel_platformer"",""pyxel_shooter"",""space_rescue""]",pyxel_jump+pyxel_platformer+pyxel_shooter+space_rescue,pyxel_jump+pyxel_platformer+pyxel_shooter+space_rescue__r01,,,1,8773923703025005668,10,30,1,10,windows-rtx4060,0,0,grid_2x2,true,84,a36b78d2998befbd10330adef8f5ab1f813a7a68144bd44a59f55bb779224525,608d817cd8d44787fc0ba4c2f2ee507f0b4c987f,data/raw/remaining-s30/formal-v1/formal-v1__extra__pyxel_jump+pyxel_platformer+pyxel_shooter+space_rescue__r01,"{""pyxel_jump"":""games/pyxel/02_jump_game.py"",""pyxel_platformer"":""games/pyxel/10_platformer.py"",""pyxel_shooter"":""games/pyxel/09_shooter.py"",""space_rescue"":""games/pyxel/apps-src/space_rescue/space_rescue.py""}","{""pyxel_jump"":""4743a825f1c9cae7e049ac52115f4ecf83350db546c00745a54af187d7bc2e46"",""pyxel_platformer"":""1b2c75b49dc9ab0254fb4b724682a4787868814a38d2f08920720dc5b6007ac5"",""pyxel_shooter"":""0f53e4156907eac41080a8f289e22c89365b3239517c754cf59a51af201d5563"",""space_rescue"":""f3b0ab6784ae558e64f06a3f0a704e53f107a130aa3d43357659d0850131e461""}",6a86a734a0adc2d78f45173c9cc02b8b84dbc61fffd7c10c7919ea6915ca9205
1,464,formal-v1__colocation__daylight+mega_wing+space_rescue__r02,formal-v1,colocation-main,train,colocation,"[""daylight"",""mega_wing"",""space_rescue""]",daylight,"[""mega_wing"",""space_rescue""]",daylight+mega_wing+space_rescue,daylight+mega_wing+space_rescue__r02,,,2,13201791575080300822,10,30,1,10,windows-rtx4060,0,0,grid_2x2,true,84,a36b78d2998befbd10330adef8f5ab1f813a7a68144bd44a59f55bb779224525,608d817cd8d44787fc0ba4c2f2ee507f0b4c987f,data/raw/remaining-s30/formal-v1/formal-v1__colocation__daylight+mega_wing+space_rescue__r02,"{""daylight"":""games/pyxel/apps-src/30SecondsOfDaylight/src/main.py"",""mega_wing"":""games/pyxel/apps-src/mega_wing/mega_wing.py"",""space_rescue"":""games/pyxel/apps-src/space_rescue/space_rescue.py""}","{""daylight"":""21a365375249e9d7ea05e78dcfe040f09cc1f0c66bd410bae084190c743a028f"",""mega_wing"":""86bad6c02a303806c58137503739241dc6b1e86695f7c0dbf672b5e1a1464e9f"",""space_rescue"":""f3b0ab6784ae558e64f06a3f0a704e53f107a130aa3d43357659d0850131e461""}",42d07ac6131f95849b150fafa6a8770f5b25fa591df7a3ac76dfccd8163561b5
1,465,formal-v1__colocation__daylight+pyxel_jump+space_rescue__r02,formal-v1,colocation-main,train,colocation,"[""daylight"",""pyxel_jump"",""space_rescue""]",daylight,"[""pyxel_jump"",""space_rescue""]",daylight+pyxel_jump+space_rescue,daylight+pyxel_jump+space_rescue__r02,,,2,18067767290852735786,10,30,1,10,windows-rtx4060,0,0,grid_2x2,true,84,a36b78d2998befbd10330adef8f5ab1f813a7a68144bd44a59f55bb779224525,608d817cd8d44787fc0ba4c2f2ee507f0b4c987f,data/raw/remaining-s30/formal-v1/formal-v1__colocation__daylight+pyxel_jump+space_rescue__r02,"{""daylight"":""games/pyxel/apps-src/30SecondsOfDaylight/src/main.py"",""pyxel_jump"":""games/pyxel/02_jump_game.py"",""space_rescue"":""games/pyxel/apps-src/space_rescue/space_rescue.py""}","{""daylight"":""21a365375249e9d7ea05e78dcfe040f09cc1f0c66bd410bae084190c743a028f"",""pyxel_jump"":""4743a825f1c9cae7e049ac52115f4ecf83350db546c00745a54af187d7bc2e46"",""space_rescue"":""f3b0ab6784ae558e64f06a3f0a704e53f107a130aa3d43357659d0850131e461""}",40f76cb4ee197384cfb545729160f634e962284b3df1813f28b78ae5039762ef
1,466,formal-v1__colocation__daylight+mega_wing+pyxel_shooter__r01,formal-v1,colocation-main,validation,colocation,"[""daylight"",""mega_wing"",""pyxel_shooter""]",daylight,"[""mega_wing"",""pyxel_shooter""]",daylight+mega_wing+pyxel_shooter,daylight+mega_wing+pyxel_shooter__r01,,,1,15468395089088265240,10,30,1,10,windows-rtx4060,0,0,grid_2x2,true,84,a36b78d2998befbd10330adef8f5ab1f813a7a68144bd44a59f55bb779224525,608d817cd8d44787fc0ba4c2f2ee507f0b4c987f,data/raw/remaining-s30/formal-v1/formal-v1__colocation__daylight+mega_wing+pyxel_shooter__r01,"{""daylight"":""games/pyxel/apps-src/30SecondsOfDaylight/src/main.py"",""mega_wing"":""games/pyxel/apps-src/mega_wing/mega_wing.py"",""pyxel_shooter"":""games/pyxel/09_shooter.py""}","{""daylight"":""21a365375249e9d7ea05e78dcfe040f09cc1f0c66bd410bae084190c743a028f"",""mega_wing"":""86bad6c02a303806c58137503739241dc6b1e86695f7c0dbf672b5e1a1464e9f"",""pyxel_shooter"":""0f53e4156907eac41080a8f289e22c89365b3239517c754cf59a51af201d5563""}",70c213999ba4415f947984ab0acbcab88c0219f9ff65781f789632ae0a86f987
1,467,formal-v1__colocation__pyxel_jump+space_rescue__r02,formal-v1,colocation-main,train,colocation,"[""pyxel_jump"",""space_rescue""]",pyxel_jump,"[""space_rescue""]",pyxel_jump+space_rescue,pyxel_jump+space_rescue__r02,,,2,5232719047817812495,10,30,1,10,windows-rtx4060,0,0,grid_2x2,true,84,a36b78d2998befbd10330adef8f5ab1f813a7a68144bd44a59f55bb779224525,608d817cd8d44787fc0ba4c2f2ee507f0b4c987f,data/raw/remaining-s30/formal-v1/formal-v1__colocation__pyxel_jump+space_rescue__r02,"{""pyxel_jump"":""games/pyxel/02_jump_game.py"",""space_rescue"":""games/pyxel/apps-src/space_rescue/space_rescue.py""}","{""pyxel_jump"":""4743a825f1c9cae7e049ac52115f4ecf83350db546c00745a54af187d7bc2e46"",""space_rescue"":""f3b0ab6784ae558e64f06a3f0a704e53f107a130aa3d43357659d0850131e461""}",dac4f3e3de671189095428feaa619c44fc154a0c251cccbbbb2608dedce90b18
1,468,formal-v1__profile__pyxel_jump__memory_bandwidth__p100__r01,formal-v1,profile,not_applicable,pressure_profile,"[""pyxel_jump""]",pyxel_jump,[],,,memory_bandwidth,1,1,9875989086911078753,10,30,1,10,windows-rtx4060,0,0,grid_2x2,true,84,a36b78d2998befbd10330adef8f5ab1f813a7a68144bd44a59f55bb779224525,608d817cd8d44787fc0ba4c2f2ee507f0b4c987f,data/raw/remaining-s30/formal-v1/formal-v1__profile__pyxel_jump__memory_bandwidth__p100__r01,"{""pyxel_jump"":""games/pyxel/02_jump_game.py""}","{""pyxel_jump"":""4743a825f1c9cae7e049ac52115f4ecf83350db546c00745a54af187d7bc2e46""}",37c67cfbafa2f1294cb1996b803bb520503338feeffece33e764b1dcb8eb04ad
1,469,formal-v1__profile__daylight__cpu_compute__p000__r01,formal-v1,profile,not_applicable,pressure_profile,"[""daylight""]",daylight,[],,,cpu_compute,0,1,12653542332541665964,10,30,1,10,windows-rtx4060,0,0,grid_2x2,true,84,a36b78d2998befbd10330adef8f5ab1f813a7a68144bd44a59f55bb779224525,608d817cd8d44787fc0ba4c2f2ee507f0b4c987f,data/raw/remaining-s30/formal-v1/formal-v1__profile__daylight__cpu_compute__p000__r01,"{""daylight"":""games/pyxel/apps-src/30SecondsOfDaylight/src/main.py""}","{""daylight"":""21a365375249e9d7ea05e78dcfe040f09cc1f0c66bd410bae084190c743a028f""}",77cff39eb0caf4caf5734c64176c07c024a099776f2a732f523457c00ba071f9
1,470,formal-v1__profile__pyxel_shooter__cpu_compute__p000__r01,formal-v1,profile,not_applicable,pressure_profile,"[""pyxel_shooter""]",pyxel_shooter,[],,,cpu_compute,0,1,1773463543124425560,10,30,1,10,windows-rtx4060,0,0,grid_2x2,true,84,a36b78d2998befbd10330adef8f5ab1f813a7a68144bd44a59f55bb779224525,608d817cd8d44787fc0ba4c2f2ee507f0b4c987f,data/raw/remaining-s30/formal-v1/formal-v1__profile__pyxel_shooter__cpu_compute__p000__r01,"{""pyxel_shooter"":""games/pyxel/09_shooter.py""}","{""pyxel_shooter"":""0f53e4156907eac41080a8f289e22c89365b3239517c754cf59a51af201d5563""}",04b9d7ac36018e91447d92bf63ad7bd6a2a07c8f0dbec0e9a5d01620f4ad59e2
1,471,formal-v1__profile__daylight__memory_bandwidth__p050__r03,formal-v1,profile,not_applicable,pressure_profile,"[""daylight""]",daylight,[],,,memory_bandwidth,0.5,3,11504194784090778569,10,30,1,10,windows-rtx4060,0,0,grid_2x2,true,84,a36b78d2998befbd10330adef8f5ab1f813a7a68144bd44a59f55bb779224525,608d817cd8d44787fc0ba4c2f2ee507f0b4c987f,data/raw/remaining-s30/formal-v1/formal-v1__profile__daylight__memory_bandwidth__p050__r03,"{""daylight"":""games/pyxel/apps-src/30SecondsOfDaylight/src/main.py""}","{""daylight"":""21a365375249e9d7ea05e78dcfe040f09cc1f0c66bd410bae084190c743a028f""}",f24041c2d64563b9c0fe84e8fc3260a49655d836857c3c070233a8770a19c9d6
1,472,formal-v1__profile__daylight__gpu_memory__p000__r01,formal-v1,profile,not_applicable,pressure_profile,"[""daylight""]",daylight,[],,,gpu_memory,0,1,11678635010054922399,10,30,1,10,windows-rtx4060,0,0,grid_2x2,true,84,a36b78d2998befbd10330adef8f5ab1f813a7a68144bd44a59f55bb779224525,608d817cd8d44787fc0ba4c2f2ee507f0b4c987f,data/raw/remaining-s30/formal-v1/formal-v1__profile__daylight__gpu_memory__p000__r01,"{""daylight"":""games/pyxel/apps-src/30SecondsOfDaylight/src/main.py""}","{""daylight"":""21a365375249e9d7ea05e78dcfe040f09cc1f0c66bd410bae084190c743a028f""}",8346d29cbd6bfcce732e4997fd8175545150c7328e0598b7a22b61a326f46092
1,473,formal-v1__profile__pyxel_platformer__gpu_memory__p075__r01,formal-v1,profile,not_applicable,pressure_profile,"[""pyxel_platformer""]",pyxel_platformer,[],,,gpu_memory,0.75,1,10486814864336015487,10,30,1,10,windows-rtx4060,0,0,grid_2x2,true,84,a36b78d2998befbd10330adef8f5ab1f813a7a68144bd44a59f55bb779224525,608d817cd8d44787fc0ba4c2f2ee507f0b4c987f,data/raw/remaining-s30/formal-v1/formal-v1__profile__pyxel_platformer__gpu_memory__p075__r01,"{""pyxel_platformer"":""games/pyxel/10_platformer.py""}","{""pyxel_platformer"":""1b2c75b49dc9ab0254fb4b724682a4787868814a38d2f08920720dc5b6007ac5""}",b3ccb928f5064c00381859881a81a623a5b2c06dbc552a8ac38ca3f85432676c
1,474,formal-v1__colocation__daylight+pyxel_platformer__r02,formal-v1,colocation-main,validation,colocation,"[""daylight"",""pyxel_platformer""]",daylight,"[""pyxel_platformer""]",daylight+pyxel_platformer,daylight+pyxel_platformer__r02,,,2,14208229474584862758,10,30,1,10,windows-rtx4060,0,0,grid_2x2,true,84,a36b78d2998befbd10330adef8f5ab1f813a7a68144bd44a59f55bb779224525,608d817cd8d44787fc0ba4c2f2ee507f0b4c987f,data/raw/remaining-s30/formal-v1/formal-v1__colocation__daylight+pyxel_platformer__r02,"{""daylight"":""games/pyxel/apps-src/30SecondsOfDaylight/src/main.py"",""pyxel_platformer"":""games/pyxel/10_platformer.py""}","{""daylight"":""21a365375249e9d7ea05e78dcfe040f09cc1f0c66bd410bae084190c743a028f"",""pyxel_platformer"":""1b2c75b49dc9ab0254fb4b724682a4787868814a38d2f08920720dc5b6007ac5""}",c53cc466d51b9a52c59a600553bcc6ce0ffe5736081be2c6c5eb49ed71fc63ca
1,475,formal-v1__profile__mega_wing__memory_bandwidth__p000__r03,formal-v1,profile,not_applicable,pressure_profile,"[""mega_wing""]",mega_wing,[],,,memory_bandwidth,0,3,16041027278042840818,10,30,1,10,windows-rtx4060,0,0,grid_2x2,true,84,a36b78d2998befbd10330adef8f5ab1f813a7a68144bd44a59f55bb779224525,608d817cd8d44787fc0ba4c2f2ee507f0b4c987f,data/raw/remaining-s30/formal-v1/formal-v1__profile__mega_wing__memory_bandwidth__p000__r03,"{""mega_wing"":""games/pyxel/apps-src/mega_wing/mega_wing.py""}","{""mega_wing"":""86bad6c02a303806c58137503739241dc6b1e86695f7c0dbf672b5e1a1464e9f""}",ae1c85402409aee611ba9309c90b2a409f4120652064c39e9d209b3b1f874ae7
1,476,formal-v1__profile__pyxel_shooter__memory_bandwidth__p025__r02,formal-v1,profile,not_applicable,pressure_profile,"[""pyxel_shooter""]",pyxel_shooter,[],,,memory_bandwidth,0.25,2,10911692790553780930,10,30,1,10,windows-rtx4060,0,0,grid_2x2,true,84,a36b78d2998befbd10330adef8f5ab1f813a7a68144bd44a59f55bb779224525,608d817cd8d44787fc0ba4c2f2ee507f0b4c987f,data/raw/remaining-s30/formal-v1/formal-v1__profile__pyxel_shooter__memory_bandwidth__p025__r02,"{""pyxel_shooter"":""games/pyxel/09_shooter.py""}","{""pyxel_shooter"":""0f53e4156907eac41080a8f289e22c89365b3239517c754cf59a51af201d5563""}",35c092f424c4c1c7131d9c701f506b076673c3fa004a686a6d4b0936401567ec
1,477,formal-v1__extra__daylight+pyxel_jump+pyxel_snake+space_rescue__r03,formal-v1,colocation-extra-test,extra_test,extra_test,"[""daylight"",""pyxel_jump"",""pyxel_snake"",""space_rescue""]",daylight,"[""pyxel_jump"",""pyxel_snake"",""space_rescue""]",daylight+pyxel_jump+pyxel_snake+space_rescue,daylight+pyxel_jump+pyxel_snake+space_rescue__r03,,,3,5817121819038531617,10,30,1,10,windows-rtx4060,0,0,grid_2x2,true,84,a36b78d2998befbd10330adef8f5ab1f813a7a68144bd44a59f55bb779224525,608d817cd8d44787fc0ba4c2f2ee507f0b4c987f,data/raw/remaining-s30/formal-v1/formal-v1__extra__daylight+pyxel_jump+pyxel_snake+space_rescue__r03,"{""daylight"":""games/pyxel/apps-src/30SecondsOfDaylight/src/main.py"",""pyxel_jump"":""games/pyxel/02_jump_game.py"",""pyxel_snake"":""games/pyxel/07_snake.py"",""space_rescue"":""games/pyxel/apps-src/space_rescue/space_rescue.py""}","{""daylight"":""21a365375249e9d7ea05e78dcfe040f09cc1f0c66bd410bae084190c743a028f"",""pyxel_jump"":""4743a825f1c9cae7e049ac52115f4ecf83350db546c00745a54af187d7bc2e46"",""pyxel_snake"":""bc533fef92d1d358e570f69d979919fe5c1cd8c4da49841104b49a1e661a5ac3"",""space_rescue"":""f3b0ab6784ae558e64f06a3f0a704e53f107a130aa3d43357659d0850131e461""}",a4532610d07c6d3ef6c94e13cb6d0121a01e4c00c2f6ac6df29a945a4173702c
1,478,formal-v1__profile__pyxel_shooter__cpu_compute__p000__r03,formal-v1,profile,not_applicable,pressure_profile,"[""pyxel_shooter""]",pyxel_shooter,[],,,cpu_compute,0,3,3087643120504217374,10,30,1,10,windows-rtx4060,0,0,grid_2x2,true,84,a36b78d2998befbd10330adef8f5ab1f813a7a68144bd44a59f55bb779224525,608d817cd8d44787fc0ba4c2f2ee507f0b4c987f,data/raw/remaining-s30/formal-v1/formal-v1__profile__pyxel_shooter__cpu_compute__p000__r03,"{""pyxel_shooter"":""games/pyxel/09_shooter.py""}","{""pyxel_shooter"":""0f53e4156907eac41080a8f289e22c89365b3239517c754cf59a51af201d5563""}",f28f8d6193b401dfba8a0569d6ee845f25c12455b0e3fd43b971850be53a9f7c
1,479,formal-v1__profile__pyxel_platformer__gpu_memory__p000__r02,formal-v1,profile,not_applicable,pressure_profile,"[""pyxel_platformer""]",pyxel_platformer,[],,,gpu_memory,0,2,3215570134781754768,10,30,1,10,windows-rtx4060,0,0,grid_2x2,true,84,a36b78d2998befbd10330adef8f5ab1f813a7a68144bd44a59f55bb779224525,608d817cd8d44787fc0ba4c2f2ee507f0b4c987f,data/raw/remaining-s30/formal-v1/formal-v1__profile__pyxel_platformer__gpu_memory__p000__r02,"{""pyxel_platformer"":""games/pyxel/10_platformer.py""}","{""pyxel_platformer"":""1b2c75b49dc9ab0254fb4b724682a4787868814a38d2f08920720dc5b6007ac5""}",c7ac1209963c40fa763efaa0dfa0305b1ed51be355398397339b074904d8d46d
1,480,formal-v1__profile__pyxel_jump__gpu_memory__p050__r01,formal-v1,profile,not_applicable,pressure_profile,"[""pyxel_jump""]",pyxel_jump,[],,,gpu_memory,0.5,1,7116178765233895399,10,30,1,10,windows-rtx4060,0,0,grid_2x2,true,84,a36b78d2998befbd10330adef8f5ab1f813a7a68144bd44a59f55bb779224525,608d817cd8d44787fc0ba4c2f2ee507f0b4c987f,data/raw/remaining-s30/formal-v1/formal-v1__profile__pyxel_jump__gpu_memory__p050__r01,"{""pyxel_jump"":""games/pyxel/02_jump_game.py""}","{""pyxel_jump"":""4743a825f1c9cae7e049ac52115f4ecf83350db546c00745a54af187d7bc2e46""}",79e466800576f739cc6e8fa2f50085a223881c3a618d01d93387539396d7c936
1,481,formal-v1__colocation__daylight+mega_wing+space_rescue__r03,formal-v1,colocation-main,train,colocation,"[""daylight"",""mega_wing"",""space_rescue""]",daylight,"[""mega_wing"",""space_rescue""]",daylight+mega_wing+space_rescue,daylight+mega_wing+space_rescue__r03,,,3,3371092001652227661,10,30,1,10,windows-rtx4060,0,0,grid_2x2,true,84,a36b78d2998befbd10330adef8f5ab1f813a7a68144bd44a59f55bb779224525,608d817cd8d44787fc0ba4c2f2ee507f0b4c987f,data/raw/remaining-s30/formal-v1/formal-v1__colocation__daylight+mega_wing+space_rescue__r03,"{""daylight"":""games/pyxel/apps-src/30SecondsOfDaylight/src/main.py"",""mega_wing"":""games/pyxel/apps-src/mega_wing/mega_wing.py"",""space_rescue"":""games/pyxel/apps-src/space_rescue/space_rescue.py""}","{""daylight"":""21a365375249e9d7ea05e78dcfe040f09cc1f0c66bd410bae084190c743a028f"",""mega_wing"":""86bad6c02a303806c58137503739241dc6b1e86695f7c0dbf672b5e1a1464e9f"",""space_rescue"":""f3b0ab6784ae558e64f06a3f0a704e53f107a130aa3d43357659d0850131e461""}",1c9f24ce5fb469063ec6928fa29357d1dc21d9cf5f7449a18098d797ac801d36
1,482,formal-v1__profile__pyxel_shooter__memory_bandwidth__p050__r02,formal-v1,profile,not_applicable,pressure_profile,"[""pyxel_shooter""]",pyxel_shooter,[],,,memory_bandwidth,0.5,2,5186168733706402717,10,30,1,10,windows-rtx4060,0,0,grid_2x2,true,84,a36b78d2998befbd10330adef8f5ab1f813a7a68144bd44a59f55bb779224525,608d817cd8d44787fc0ba4c2f2ee507f0b4c987f,data/raw/remaining-s30/formal-v1/formal-v1__profile__pyxel_shooter__memory_bandwidth__p050__r02,"{""pyxel_shooter"":""games/pyxel/09_shooter.py""}","{""pyxel_shooter"":""0f53e4156907eac41080a8f289e22c89365b3239517c754cf59a51af201d5563""}",355caa42932454ea1395232be1e3b36b3bf0a99698f10d389ad62ea62663d7a6
1,483,formal-v1__extra__daylight+mega_wing+pyxel_bubbles+pyxel_snake__r02,formal-v1,colocation-extra-test,extra_test,extra_test,"[""daylight"",""mega_wing"",""pyxel_bubbles"",""pyxel_snake""]",daylight,"[""mega_wing"",""pyxel_bubbles"",""pyxel_snake""]",daylight+mega_wing+pyxel_bubbles+pyxel_snake,daylight+mega_wing+pyxel_bubbles+pyxel_snake__r02,,,2,3484541607843470007,10,30,1,10,windows-rtx4060,0,0,grid_2x2,true,84,a36b78d2998befbd10330adef8f5ab1f813a7a68144bd44a59f55bb779224525,608d817cd8d44787fc0ba4c2f2ee507f0b4c987f,data/raw/remaining-s30/formal-v1/formal-v1__extra__daylight+mega_wing+pyxel_bubbles+pyxel_snake__r02,"{""daylight"":""games/pyxel/apps-src/30SecondsOfDaylight/src/main.py"",""mega_wing"":""games/pyxel/apps-src/mega_wing/mega_wing.py"",""pyxel_bubbles"":""games/pyxel/06_click_game.py"",""pyxel_snake"":""games/pyxel/07_snake.py""}","{""daylight"":""21a365375249e9d7ea05e78dcfe040f09cc1f0c66bd410bae084190c743a028f"",""mega_wing"":""86bad6c02a303806c58137503739241dc6b1e86695f7c0dbf672b5e1a1464e9f"",""pyxel_bubbles"":""54c101e90bdaed839ac4c4284494530d5df37a5819a35f1e41eebb0b3da5d900"",""pyxel_snake"":""bc533fef92d1d358e570f69d979919fe5c1cd8c4da49841104b49a1e661a5ac3""}",0bc5b28be8940833c908054594406a941652be69314d362896704b2cc3306293
1,484,formal-v1__colocation__mega_wing+pyxel_bubbles+pyxel_jump__r03,formal-v1,colocation-main,train,colocation,"[""mega_wing"",""pyxel_bubbles"",""pyxel_jump""]",mega_wing,"[""pyxel_bubbles"",""pyxel_jump""]",mega_wing+pyxel_bubbles+pyxel_jump,mega_wing+pyxel_bubbles+pyxel_jump__r03,,,3,3317236851309327285,10,30,1,10,windows-rtx4060,0,0,grid_2x2,true,84,a36b78d2998befbd10330adef8f5ab1f813a7a68144bd44a59f55bb779224525,608d817cd8d44787fc0ba4c2f2ee507f0b4c987f,data/raw/remaining-s30/formal-v1/formal-v1__colocation__mega_wing+pyxel_bubbles+pyxel_jump__r03,"{""mega_wing"":""games/pyxel/apps-src/mega_wing/mega_wing.py"",""pyxel_bubbles"":""games/pyxel/06_click_game.py"",""pyxel_jump"":""games/pyxel/02_jump_game.py""}","{""mega_wing"":""86bad6c02a303806c58137503739241dc6b1e86695f7c0dbf672b5e1a1464e9f"",""pyxel_bubbles"":""54c101e90bdaed839ac4c4284494530d5df37a5819a35f1e41eebb0b3da5d900"",""pyxel_jump"":""4743a825f1c9cae7e049ac52115f4ecf83350db546c00745a54af187d7bc2e46""}",91542706ecb1b7eb9c36e079333ea345a18db2037f1dcf8dbcc6d3ee1c1c5bc8
1,485,formal-v1__profile__pyxel_jump__gpu_memory__p050__r02,formal-v1,profile,not_applicable,pressure_profile,"[""pyxel_jump""]",pyxel_jump,[],,,gpu_memory,0.5,2,6754845160849666377,10,30,1,10,windows-rtx4060,0,0,grid_2x2,true,84,a36b78d2998befbd10330adef8f5ab1f813a7a68144bd44a59f55bb779224525,608d817cd8d44787fc0ba4c2f2ee507f0b4c987f,data/raw/remaining-s30/formal-v1/formal-v1__profile__pyxel_jump__gpu_memory__p050__r02,"{""pyxel_jump"":""games/pyxel/02_jump_game.py""}","{""pyxel_jump"":""4743a825f1c9cae7e049ac52115f4ecf83350db546c00745a54af187d7bc2e46""}",ae9501577552e540366431885dde918d996dd06e722f9f3aaba51af54dd4b872
1,486,formal-v1__profile__pyxel_shooter__memory_bandwidth__p075__r03,formal-v1,profile,not_applicable,pressure_profile,"[""pyxel_shooter""]",pyxel_shooter,[],,,memory_bandwidth,0.75,3,15603957209511924457,10,30,1,10,windows-rtx4060,0,0,grid_2x2,true,84,a36b78d2998befbd10330adef8f5ab1f813a7a68144bd44a59f55bb779224525,608d817cd8d44787fc0ba4c2f2ee507f0b4c987f,data/raw/remaining-s30/formal-v1/formal-v1__profile__pyxel_shooter__memory_bandwidth__p075__r03,"{""pyxel_shooter"":""games/pyxel/09_shooter.py""}","{""pyxel_shooter"":""0f53e4156907eac41080a8f289e22c89365b3239517c754cf59a51af201d5563""}",8d53d2100ff523a6632f89285bdd0efc57ac3e25c712421ebc0ddc48a980e129
1,487,formal-v1__colocation__mega_wing+pyxel_platformer+space_rescue__r02,formal-v1,colocation-main,train,colocation,"[""mega_wing"",""pyxel_platformer"",""space_rescue""]",mega_wing,"[""pyxel_platformer"",""space_rescue""]",mega_wing+pyxel_platformer+space_rescue,mega_wing+pyxel_platformer+space_rescue__r02,,,2,6439483011326769169,10,30,1,10,windows-rtx4060,0,0,grid_2x2,true,84,a36b78d2998befbd10330adef8f5ab1f813a7a68144bd44a59f55bb779224525,608d817cd8d44787fc0ba4c2f2ee507f0b4c987f,data/raw/remaining-s30/formal-v1/formal-v1__colocation__mega_wing+pyxel_platformer+space_rescue__r02,"{""mega_wing"":""games/pyxel/apps-src/mega_wing/mega_wing.py"",""pyxel_platformer"":""games/pyxel/10_platformer.py"",""space_rescue"":""games/pyxel/apps-src/space_rescue/space_rescue.py""}","{""mega_wing"":""86bad6c02a303806c58137503739241dc6b1e86695f7c0dbf672b5e1a1464e9f"",""pyxel_platformer"":""1b2c75b49dc9ab0254fb4b724682a4787868814a38d2f08920720dc5b6007ac5"",""space_rescue"":""f3b0ab6784ae558e64f06a3f0a704e53f107a130aa3d43357659d0850131e461""}",497814ea4128dff680f7e855b09c1ea29910b6d2dcfef6924173e9ee42f5ba74
1,488,formal-v1__profile__pyxel_platformer__gpu_compute__p100__r01,formal-v1,profile,not_applicable,pressure_profile,"[""pyxel_platformer""]",pyxel_platformer,[],,,gpu_compute,1,1,7264210698707032514,10,30,1,10,windows-rtx4060,0,0,grid_2x2,true,84,a36b78d2998befbd10330adef8f5ab1f813a7a68144bd44a59f55bb779224525,608d817cd8d44787fc0ba4c2f2ee507f0b4c987f,data/raw/remaining-s30/formal-v1/formal-v1__profile__pyxel_platformer__gpu_compute__p100__r01,"{""pyxel_platformer"":""games/pyxel/10_platformer.py""}","{""pyxel_platformer"":""1b2c75b49dc9ab0254fb4b724682a4787868814a38d2f08920720dc5b6007ac5""}",e783173e50c239cce308e564b1fc51ef28724b55572f17faa3eff9b41ad3c6fc
1,489,formal-v1__colocation__mega_wing+pyxel_shooter__r01,formal-v1,colocation-main,train,colocation,"[""mega_wing"",""pyxel_shooter""]",mega_wing,"[""pyxel_shooter""]",mega_wing+pyxel_shooter,mega_wing+pyxel_shooter__r01,,,1,15428212448458187375,10,30,1,10,windows-rtx4060,0,0,grid_2x2,true,84,a36b78d2998befbd10330adef8f5ab1f813a7a68144bd44a59f55bb779224525,608d817cd8d44787fc0ba4c2f2ee507f0b4c987f,data/raw/remaining-s30/formal-v1/formal-v1__colocation__mega_wing+pyxel_shooter__r01,"{""mega_wing"":""games/pyxel/apps-src/mega_wing/mega_wing.py"",""pyxel_shooter"":""games/pyxel/09_shooter.py""}","{""mega_wing"":""86bad6c02a303806c58137503739241dc6b1e86695f7c0dbf672b5e1a1464e9f"",""pyxel_shooter"":""0f53e4156907eac41080a8f289e22c89365b3239517c754cf59a51af201d5563""}",a164f822a324d608d8af86bbdf932b39852b40e305bddb369bfa27f24e2ed5b9
1,490,formal-v1__profile__pyxel_snake__gpu_compute__p050__r02,formal-v1,profile,not_applicable,pressure_profile,"[""pyxel_snake""]",pyxel_snake,[],,,gpu_compute,0.5,2,9860099447219610463,10,30,1,10,windows-rtx4060,0,0,grid_2x2,true,84,a36b78d2998befbd10330adef8f5ab1f813a7a68144bd44a59f55bb779224525,608d817cd8d44787fc0ba4c2f2ee507f0b4c987f,data/raw/remaining-s30/formal-v1/formal-v1__profile__pyxel_snake__gpu_compute__p050__r02,"{""pyxel_snake"":""games/pyxel/07_snake.py""}","{""pyxel_snake"":""bc533fef92d1d358e570f69d979919fe5c1cd8c4da49841104b49a1e661a5ac3""}",3379e159d28be6cd4b2f350c71bb3c2477669db400c73a13632c6333b229d27c
1,491,formal-v1__profile__pyxel_shooter__gpu_memory__p075__r03,formal-v1,profile,not_applicable,pressure_profile,"[""pyxel_shooter""]",pyxel_shooter,[],,,gpu_memory,0.75,3,404330187925385923,10,30,1,10,windows-rtx4060,0,0,grid_2x2,true,84,a36b78d2998befbd10330adef8f5ab1f813a7a68144bd44a59f55bb779224525,608d817cd8d44787fc0ba4c2f2ee507f0b4c987f,data/raw/remaining-s30/formal-v1/formal-v1__profile__pyxel_shooter__gpu_memory__p075__r03,"{""pyxel_shooter"":""games/pyxel/09_shooter.py""}","{""pyxel_shooter"":""0f53e4156907eac41080a8f289e22c89365b3239517c754cf59a51af201d5563""}",d2e875c4e1d43cae541dfd5006c9b20b1495d83a08b1bd76f9a79c85dc5059b8
1,492,formal-v1__profile__space_rescue__cpu_compute__p050__r03,formal-v1,profile,not_applicable,pressure_profile,"[""space_rescue""]",space_rescue,[],,,cpu_compute,0.5,3,17700676207239580665,10,30,1,10,windows-rtx4060,0,0,grid_2x2,true,84,a36b78d2998befbd10330adef8f5ab1f813a7a68144bd44a59f55bb779224525,608d817cd8d44787fc0ba4c2f2ee507f0b4c987f,data/raw/remaining-s30/formal-v1/formal-v1__profile__space_rescue__cpu_compute__p050__r03,"{""space_rescue"":""games/pyxel/apps-src/space_rescue/space_rescue.py""}","{""space_rescue"":""f3b0ab6784ae558e64f06a3f0a704e53f107a130aa3d43357659d0850131e461""}",af25fb3f0ab227f4572e45846c9ed32bc75207508b50c18b08f46b68683c0110
1,493,formal-v1__colocation__pyxel_bubbles+pyxel_snake__r03,formal-v1,colocation-main,test,colocation,"[""pyxel_bubbles"",""pyxel_snake""]",pyxel_bubbles,"[""pyxel_snake""]",pyxel_bubbles+pyxel_snake,pyxel_bubbles+pyxel_snake__r03,,,3,15193202307042370391,10,30,1,10,windows-rtx4060,0,0,grid_2x2,true,84,a36b78d2998befbd10330adef8f5ab1f813a7a68144bd44a59f55bb779224525,608d817cd8d44787fc0ba4c2f2ee507f0b4c987f,data/raw/remaining-s30/formal-v1/formal-v1__colocation__pyxel_bubbles+pyxel_snake__r03,"{""pyxel_bubbles"":""games/pyxel/06_click_game.py"",""pyxel_snake"":""games/pyxel/07_snake.py""}","{""pyxel_bubbles"":""54c101e90bdaed839ac4c4284494530d5df37a5819a35f1e41eebb0b3da5d900"",""pyxel_snake"":""bc533fef92d1d358e570f69d979919fe5c1cd8c4da49841104b49a1e661a5ac3""}",3e38549b84e08e1fd7b67165c0b525f010f498837a35cb8486fe3abdd6b98030
1,494,formal-v1__colocation__pyxel_platformer+space_rescue__r02,formal-v1,colocation-main,train,colocation,"[""pyxel_platformer"",""space_rescue""]",pyxel_platformer,"[""space_rescue""]",pyxel_platformer+space_rescue,pyxel_platformer+space_rescue__r02,,,2,15404733295755424698,10,30,1,10,windows-rtx4060,0,0,grid_2x2,true,84,a36b78d2998befbd10330adef8f5ab1f813a7a68144bd44a59f55bb779224525,608d817cd8d44787fc0ba4c2f2ee507f0b4c987f,data/raw/remaining-s30/formal-v1/formal-v1__colocation__pyxel_platformer+space_rescue__r02,"{""pyxel_platformer"":""games/pyxel/10_platformer.py"",""space_rescue"":""games/pyxel/apps-src/space_rescue/space_rescue.py""}","{""pyxel_platformer"":""1b2c75b49dc9ab0254fb4b724682a4787868814a38d2f08920720dc5b6007ac5"",""space_rescue"":""f3b0ab6784ae558e64f06a3f0a704e53f107a130aa3d43357659d0850131e461""}",17aae765ec18f3f3e14c1506d82fc9cc517dd684b04edef93d1ea0ec1f96b6ed
1,495,formal-v1__profile__pyxel_snake__cpu_compute__p075__r03,formal-v1,profile,not_applicable,pressure_profile,"[""pyxel_snake""]",pyxel_snake,[],,,cpu_compute,0.75,3,9492456317129204173,10,30,1,10,windows-rtx4060,0,0,grid_2x2,true,84,a36b78d2998befbd10330adef8f5ab1f813a7a68144bd44a59f55bb779224525,608d817cd8d44787fc0ba4c2f2ee507f0b4c987f,data/raw/remaining-s30/formal-v1/formal-v1__profile__pyxel_snake__cpu_compute__p075__r03,"{""pyxel_snake"":""games/pyxel/07_snake.py""}","{""pyxel_snake"":""bc533fef92d1d358e570f69d979919fe5c1cd8c4da49841104b49a1e661a5ac3""}",c44a2f0c8e9e767217e27573906e2b9c8acd71a8cd97b51de46ae8645ce918c5
1,496,formal-v1__profile__space_rescue__memory_bandwidth__p075__r03,formal-v1,profile,not_applicable,pressure_profile,"[""space_rescue""]",space_rescue,[],,,memory_bandwidth,0.75,3,14799239275078652188,10,30,1,10,windows-rtx4060,0,0,grid_2x2,true,84,a36b78d2998befbd10330adef8f5ab1f813a7a68144bd44a59f55bb779224525,608d817cd8d44787fc0ba4c2f2ee507f0b4c987f,data/raw/remaining-s30/formal-v1/formal-v1__profile__space_rescue__memory_bandwidth__p075__r03,"{""space_rescue"":""games/pyxel/apps-src/space_rescue/space_rescue.py""}","{""space_rescue"":""f3b0ab6784ae558e64f06a3f0a704e53f107a130aa3d43357659d0850131e461""}",6af27f74c3b3e121d742614d0e93a96eec160d6f618bc0a63f3242635da31a21
1,497,formal-v1__profile__space_rescue__cpu_compute__p050__r01,formal-v1,profile,not_applicable,pressure_profile,"[""space_rescue""]",space_rescue,[],,,cpu_compute,0.5,1,8329984100024463382,10,30,1,10,windows-rtx4060,0,0,grid_2x2,true,84,a36b78d2998befbd10330adef8f5ab1f813a7a68144bd44a59f55bb779224525,608d817cd8d44787fc0ba4c2f2ee507f0b4c987f,data/raw/remaining-s30/formal-v1/formal-v1__profile__space_rescue__cpu_compute__p050__r01,"{""space_rescue"":""games/pyxel/apps-src/space_rescue/space_rescue.py""}","{""space_rescue"":""f3b0ab6784ae558e64f06a3f0a704e53f107a130aa3d43357659d0850131e461""}",c282bb31d015f60ebf510c3e72d591571b13583d5211ba35d78c0144f80e8801
1,498,formal-v1__extra__mega_wing+pyxel_bubbles+pyxel_platformer+pyxel_shooter__r01,formal-v1,colocation-extra-test,extra_test,extra_test,"[""mega_wing"",""pyxel_bubbles"",""pyxel_platformer"",""pyxel_shooter""]",mega_wing,"[""pyxel_bubbles"",""pyxel_platformer"",""pyxel_shooter""]",mega_wing+pyxel_bubbles+pyxel_platformer+pyxel_shooter,mega_wing+pyxel_bubbles+pyxel_platformer+pyxel_shooter__r01,,,1,16469893538406321818,10,30,1,10,windows-rtx4060,0,0,grid_2x2,true,84,a36b78d2998befbd10330adef8f5ab1f813a7a68144bd44a59f55bb779224525,608d817cd8d44787fc0ba4c2f2ee507f0b4c987f,data/raw/remaining-s30/formal-v1/formal-v1__extra__mega_wing+pyxel_bubbles+pyxel_platformer+pyxel_shooter__r01,"{""mega_wing"":""games/pyxel/apps-src/mega_wing/mega_wing.py"",""pyxel_bubbles"":""games/pyxel/06_click_game.py"",""pyxel_platformer"":""games/pyxel/10_platformer.py"",""pyxel_shooter"":""games/pyxel/09_shooter.py""}","{""mega_wing"":""86bad6c02a303806c58137503739241dc6b1e86695f7c0dbf672b5e1a1464e9f"",""pyxel_bubbles"":""54c101e90bdaed839ac4c4284494530d5df37a5819a35f1e41eebb0b3da5d900"",""pyxel_platformer"":""1b2c75b49dc9ab0254fb4b724682a4787868814a38d2f08920720dc5b6007ac5"",""pyxel_shooter"":""0f53e4156907eac41080a8f289e22c89365b3239517c754cf59a51af201d5563""}",70217c081e2f5f8bc5ac8917c471952018d9ef01925ba69af5f19b4bfd282c90
1,499,formal-v1__profile__daylight__memory_bandwidth__p025__r02,formal-v1,profile,not_applicable,pressure_profile,"[""daylight""]",daylight,[],,,memory_bandwidth,0.25,2,10138636501592702857,10,30,1,10,windows-rtx4060,0,0,grid_2x2,true,84,a36b78d2998befbd10330adef8f5ab1f813a7a68144bd44a59f55bb779224525,608d817cd8d44787fc0ba4c2f2ee507f0b4c987f,data/raw/remaining-s30/formal-v1/formal-v1__profile__daylight__memory_bandwidth__p025__r02,"{""daylight"":""games/pyxel/apps-src/30SecondsOfDaylight/src/main.py""}","{""daylight"":""21a365375249e9d7ea05e78dcfe040f09cc1f0c66bd410bae084190c743a028f""}",d393be0297d9f380609e690c602ff630e7270db4315c795e6594526cbcba9d28
1,500,formal-v1__colocation__pyxel_platformer+pyxel_shooter__r03,formal-v1,colocation-main,train,colocation,"[""pyxel_platformer"",""pyxel_shooter""]",pyxel_platformer,"[""pyxel_shooter""]",pyxel_platformer+pyxel_shooter,pyxel_platformer+pyxel_shooter__r03,,,3,7117624119942554937,10,30,1,10,windows-rtx4060,0,0,grid_2x2,true,84,a36b78d2998befbd10330adef8f5ab1f813a7a68144bd44a59f55bb779224525,608d817cd8d44787fc0ba4c2f2ee507f0b4c987f,data/raw/remaining-s30/formal-v1/formal-v1__colocation__pyxel_platformer+pyxel_shooter__r03,"{""pyxel_platformer"":""games/pyxel/10_platformer.py"",""pyxel_shooter"":""games/pyxel/09_shooter.py""}","{""pyxel_platformer"":""1b2c75b49dc9ab0254fb4b724682a4787868814a38d2f08920720dc5b6007ac5"",""pyxel_shooter"":""0f53e4156907eac41080a8f289e22c89365b3239517c754cf59a51af201d5563""}",42223704fc6261c18292947cf905ac92e4f94af286a1cd69fead853d4dbf065b
1,501,formal-v1__extra__daylight+mega_wing+pyxel_platformer+space_rescue__r03,formal-v1,colocation-extra-test,extra_test,extra_test,"[""daylight"",""mega_wing"",""pyxel_platformer"",""space_rescue""]",daylight,"[""mega_wing"",""pyxel_platformer"",""space_rescue""]",daylight+mega_wing+pyxel_platformer+space_rescue,daylight+mega_wing+pyxel_platformer+space_rescue__r03,,,3,11447321451998350184,10,30,1,10,windows-rtx4060,0,0,grid_2x2,true,84,a36b78d2998befbd10330adef8f5ab1f813a7a68144bd44a59f55bb779224525,608d817cd8d44787fc0ba4c2f2ee507f0b4c987f,data/raw/remaining-s30/formal-v1/formal-v1__extra__daylight+mega_wing+pyxel_platformer+space_rescue__r03,"{""daylight"":""games/pyxel/apps-src/30SecondsOfDaylight/src/main.py"",""mega_wing"":""games/pyxel/apps-src/mega_wing/mega_wing.py"",""pyxel_platformer"":""games/pyxel/10_platformer.py"",""space_rescue"":""games/pyxel/apps-src/space_rescue/space_rescue.py""}","{""daylight"":""21a365375249e9d7ea05e78dcfe040f09cc1f0c66bd410bae084190c743a028f"",""mega_wing"":""86bad6c02a303806c58137503739241dc6b1e86695f7c0dbf672b5e1a1464e9f"",""pyxel_platformer"":""1b2c75b49dc9ab0254fb4b724682a4787868814a38d2f08920720dc5b6007ac5"",""space_rescue"":""f3b0ab6784ae558e64f06a3f0a704e53f107a130aa3d43357659d0850131e461""}",baee1b9e678c2af62f77bd6b6c034123ebd0a8131923e3941d6468266e7fee42
1,502,formal-v1__extra__daylight+pyxel_bubbles+pyxel_jump+pyxel_platformer__r02,formal-v1,colocation-extra-test,extra_test,extra_test,"[""daylight"",""pyxel_bubbles"",""pyxel_jump"",""pyxel_platformer""]",daylight,"[""pyxel_bubbles"",""pyxel_jump"",""pyxel_platformer""]",daylight+pyxel_bubbles+pyxel_jump+pyxel_platformer,daylight+pyxel_bubbles+pyxel_jump+pyxel_platformer__r02,,,2,2825193241993824269,10,30,1,10,windows-rtx4060,0,0,grid_2x2,true,84,a36b78d2998befbd10330adef8f5ab1f813a7a68144bd44a59f55bb779224525,608d817cd8d44787fc0ba4c2f2ee507f0b4c987f,data/raw/remaining-s30/formal-v1/formal-v1__extra__daylight+pyxel_bubbles+pyxel_jump+pyxel_platformer__r02,"{""daylight"":""games/pyxel/apps-src/30SecondsOfDaylight/src/main.py"",""pyxel_bubbles"":""games/pyxel/06_click_game.py"",""pyxel_jump"":""games/pyxel/02_jump_game.py"",""pyxel_platformer"":""games/pyxel/10_platformer.py""}","{""daylight"":""21a365375249e9d7ea05e78dcfe040f09cc1f0c66bd410bae084190c743a028f"",""pyxel_bubbles"":""54c101e90bdaed839ac4c4284494530d5df37a5819a35f1e41eebb0b3da5d900"",""pyxel_jump"":""4743a825f1c9cae7e049ac52115f4ecf83350db546c00745a54af187d7bc2e46"",""pyxel_platformer"":""1b2c75b49dc9ab0254fb4b724682a4787868814a38d2f08920720dc5b6007ac5""}",5b6e4c038232e79d700ba8e62474147417aef25d8fe9b60d0e7ad0d4b5f87e81
1,503,formal-v1__colocation__daylight+pyxel_shooter__r01,formal-v1,colocation-main,test,colocation,"[""daylight"",""pyxel_shooter""]",daylight,"[""pyxel_shooter""]",daylight+pyxel_shooter,daylight+pyxel_shooter__r01,,,1,807166208853376220,10,30,1,10,windows-rtx4060,0,0,grid_2x2,true,84,a36b78d2998befbd10330adef8f5ab1f813a7a68144bd44a59f55bb779224525,608d817cd8d44787fc0ba4c2f2ee507f0b4c987f,data/raw/remaining-s30/formal-v1/formal-v1__colocation__daylight+pyxel_shooter__r01,"{""daylight"":""games/pyxel/apps-src/30SecondsOfDaylight/src/main.py"",""pyxel_shooter"":""games/pyxel/09_shooter.py""}","{""daylight"":""21a365375249e9d7ea05e78dcfe040f09cc1f0c66bd410bae084190c743a028f"",""pyxel_shooter"":""0f53e4156907eac41080a8f289e22c89365b3239517c754cf59a51af201d5563""}",df296dff8e28a4cabf77ff6c4de5a72d84c85002e1ee3b9fe41c1020b54d2cf2
1,504,formal-v1__colocation__pyxel_jump+pyxel_shooter+pyxel_snake__r02,formal-v1,colocation-main,train,colocation,"[""pyxel_jump"",""pyxel_shooter"",""pyxel_snake""]",pyxel_jump,"[""pyxel_shooter"",""pyxel_snake""]",pyxel_jump+pyxel_shooter+pyxel_snake,pyxel_jump+pyxel_shooter+pyxel_snake__r02,,,2,350507075886467266,10,30,1,10,windows-rtx4060,0,0,grid_2x2,true,84,a36b78d2998befbd10330adef8f5ab1f813a7a68144bd44a59f55bb779224525,608d817cd8d44787fc0ba4c2f2ee507f0b4c987f,data/raw/remaining-s30/formal-v1/formal-v1__colocation__pyxel_jump+pyxel_shooter+pyxel_snake__r02,"{""pyxel_jump"":""games/pyxel/02_jump_game.py"",""pyxel_shooter"":""games/pyxel/09_shooter.py"",""pyxel_snake"":""games/pyxel/07_snake.py""}","{""pyxel_jump"":""4743a825f1c9cae7e049ac52115f4ecf83350db546c00745a54af187d7bc2e46"",""pyxel_shooter"":""0f53e4156907eac41080a8f289e22c89365b3239517c754cf59a51af201d5563"",""pyxel_snake"":""bc533fef92d1d358e570f69d979919fe5c1cd8c4da49841104b49a1e661a5ac3""}",768be6502538f792304fbd5beb065baac24721bb755364b3633305c146dcd9d1
1,505,formal-v1__extra__pyxel_jump+pyxel_platformer+pyxel_shooter+space_rescue__r03,formal-v1,colocation-extra-test,extra_test,extra_test,"[""pyxel_jump"",""pyxel_platformer"",""pyxel_shooter"",""space_rescue""]",pyxel_jump,"[""pyxel_platformer"",""pyxel_shooter"",""space_rescue""]",pyxel_jump+pyxel_platformer+pyxel_shooter+space_rescue,pyxel_jump+pyxel_platformer+pyxel_shooter+space_rescue__r03,,,3,17533994871369061609,10,30,1,10,windows-rtx4060,0,0,grid_2x2,true,84,a36b78d2998befbd10330adef8f5ab1f813a7a68144bd44a59f55bb779224525,608d817cd8d44787fc0ba4c2f2ee507f0b4c987f,data/raw/remaining-s30/formal-v1/formal-v1__extra__pyxel_jump+pyxel_platformer+pyxel_shooter+space_rescue__r03,"{""pyxel_jump"":""games/pyxel/02_jump_game.py"",""pyxel_platformer"":""games/pyxel/10_platformer.py"",""pyxel_shooter"":""games/pyxel/09_shooter.py"",""space_rescue"":""games/pyxel/apps-src/space_rescue/space_rescue.py""}","{""pyxel_jump"":""4743a825f1c9cae7e049ac52115f4ecf83350db546c00745a54af187d7bc2e46"",""pyxel_platformer"":""1b2c75b49dc9ab0254fb4b724682a4787868814a38d2f08920720dc5b6007ac5"",""pyxel_shooter"":""0f53e4156907eac41080a8f289e22c89365b3239517c754cf59a51af201d5563"",""space_rescue"":""f3b0ab6784ae558e64f06a3f0a704e53f107a130aa3d43357659d0850131e461""}",8fa3e779b882f80e6afcf07b3a3a33325b434289c20711967a2b4af86f569205
1,506,formal-v1__extra__daylight+mega_wing+pyxel_platformer+space_rescue__r02,formal-v1,colocation-extra-test,extra_test,extra_test,"[""daylight"",""mega_wing"",""pyxel_platformer"",""space_rescue""]",daylight,"[""mega_wing"",""pyxel_platformer"",""space_rescue""]",daylight+mega_wing+pyxel_platformer+space_rescue,daylight+mega_wing+pyxel_platformer+space_rescue__r02,,,2,10031557160750798792,10,30,1,10,windows-rtx4060,0,0,grid_2x2,true,84,a36b78d2998befbd10330adef8f5ab1f813a7a68144bd44a59f55bb779224525,608d817cd8d44787fc0ba4c2f2ee507f0b4c987f,data/raw/remaining-s30/formal-v1/formal-v1__extra__daylight+mega_wing+pyxel_platformer+space_rescue__r02,"{""daylight"":""games/pyxel/apps-src/30SecondsOfDaylight/src/main.py"",""mega_wing"":""games/pyxel/apps-src/mega_wing/mega_wing.py"",""pyxel_platformer"":""games/pyxel/10_platformer.py"",""space_rescue"":""games/pyxel/apps-src/space_rescue/space_rescue.py""}","{""daylight"":""21a365375249e9d7ea05e78dcfe040f09cc1f0c66bd410bae084190c743a028f"",""mega_wing"":""86bad6c02a303806c58137503739241dc6b1e86695f7c0dbf672b5e1a1464e9f"",""pyxel_platformer"":""1b2c75b49dc9ab0254fb4b724682a4787868814a38d2f08920720dc5b6007ac5"",""space_rescue"":""f3b0ab6784ae558e64f06a3f0a704e53f107a130aa3d43357659d0850131e461""}",4613b26bc297ee245b76b6074e425aa648ee4701f95596e37df72aedf3ce54b5
1,507,formal-v1__profile__mega_wing__gpu_compute__p050__r01,formal-v1,profile,not_applicable,pressure_profile,"[""mega_wing""]",mega_wing,[],,,gpu_compute,0.5,1,15247727687741815888,10,30,1,10,windows-rtx4060,0,0,grid_2x2,true,84,a36b78d2998befbd10330adef8f5ab1f813a7a68144bd44a59f55bb779224525,608d817cd8d44787fc0ba4c2f2ee507f0b4c987f,data/raw/remaining-s30/formal-v1/formal-v1__profile__mega_wing__gpu_compute__p050__r01,"{""mega_wing"":""games/pyxel/apps-src/mega_wing/mega_wing.py""}","{""mega_wing"":""86bad6c02a303806c58137503739241dc6b1e86695f7c0dbf672b5e1a1464e9f""}",2bd42d4af8458f66a2332e6e80ac36f0a2fc9acaa4bce09fe38b366d2435ce72
1,508,formal-v1__profile__space_rescue__memory_bandwidth__p050__r02,formal-v1,profile,not_applicable,pressure_profile,"[""space_rescue""]",space_rescue,[],,,memory_bandwidth,0.5,2,1784150047241568090,10,30,1,10,windows-rtx4060,0,0,grid_2x2,true,84,a36b78d2998befbd10330adef8f5ab1f813a7a68144bd44a59f55bb779224525,608d817cd8d44787fc0ba4c2f2ee507f0b4c987f,data/raw/remaining-s30/formal-v1/formal-v1__profile__space_rescue__memory_bandwidth__p050__r02,"{""space_rescue"":""games/pyxel/apps-src/space_rescue/space_rescue.py""}","{""space_rescue"":""f3b0ab6784ae558e64f06a3f0a704e53f107a130aa3d43357659d0850131e461""}",5a752efd17819bb1cab9324f8a75ca9040fef8b318737f38c8982757a39a34f6
1,509,formal-v1__colocation__pyxel_bubbles+pyxel_platformer__r03,formal-v1,colocation-main,train,colocation,"[""pyxel_bubbles"",""pyxel_platformer""]",pyxel_bubbles,"[""pyxel_platformer""]",pyxel_bubbles+pyxel_platformer,pyxel_bubbles+pyxel_platformer__r03,,,3,10013231083899079250,10,30,1,10,windows-rtx4060,0,0,grid_2x2,true,84,a36b78d2998befbd10330adef8f5ab1f813a7a68144bd44a59f55bb779224525,608d817cd8d44787fc0ba4c2f2ee507f0b4c987f,data/raw/remaining-s30/formal-v1/formal-v1__colocation__pyxel_bubbles+pyxel_platformer__r03,"{""pyxel_bubbles"":""games/pyxel/06_click_game.py"",""pyxel_platformer"":""games/pyxel/10_platformer.py""}","{""pyxel_bubbles"":""54c101e90bdaed839ac4c4284494530d5df37a5819a35f1e41eebb0b3da5d900"",""pyxel_platformer"":""1b2c75b49dc9ab0254fb4b724682a4787868814a38d2f08920720dc5b6007ac5""}",c98a492592795296833b223c813e40c6d0ea76833f489358febce9bed6816b5d
1,510,formal-v1__profile__pyxel_shooter__gpu_memory__p000__r02,formal-v1,profile,not_applicable,pressure_profile,"[""pyxel_shooter""]",pyxel_shooter,[],,,gpu_memory,0,2,17779542132107976417,10,30,1,10,windows-rtx4060,0,0,grid_2x2,true,84,a36b78d2998befbd10330adef8f5ab1f813a7a68144bd44a59f55bb779224525,608d817cd8d44787fc0ba4c2f2ee507f0b4c987f,data/raw/remaining-s30/formal-v1/formal-v1__profile__pyxel_shooter__gpu_memory__p000__r02,"{""pyxel_shooter"":""games/pyxel/09_shooter.py""}","{""pyxel_shooter"":""0f53e4156907eac41080a8f289e22c89365b3239517c754cf59a51af201d5563""}",a50e9712df90fbad627e152c8f35d5c63a048ee25e21f37ee80741629b3cd3e5
1,511,formal-v1__solo__pyxel_jump__r01,formal-v1,solo,not_applicable,solo,"[""pyxel_jump""]",pyxel_jump,[],,,,,1,4388592058020453810,10,30,1,10,windows-rtx4060,0,0,grid_2x2,true,84,a36b78d2998befbd10330adef8f5ab1f813a7a68144bd44a59f55bb779224525,608d817cd8d44787fc0ba4c2f2ee507f0b4c987f,data/raw/remaining-s30/formal-v1/formal-v1__solo__pyxel_jump__r01,"{""pyxel_jump"":""games/pyxel/02_jump_game.py""}","{""pyxel_jump"":""4743a825f1c9cae7e049ac52115f4ecf83350db546c00745a54af187d7bc2e46""}",ca94ce16f1862dde287734f1693c388f8491feb5fb66bf876bd35fbc5ce99061
1,512,formal-v1__profile__pyxel_jump__memory_bandwidth__p075__r01,formal-v1,profile,not_applicable,pressure_profile,"[""pyxel_jump""]",pyxel_jump,[],,,memory_bandwidth,0.75,1,9999797276740716982,10,30,1,10,windows-rtx4060,0,0,grid_2x2,true,84,a36b78d2998befbd10330adef8f5ab1f813a7a68144bd44a59f55bb779224525,608d817cd8d44787fc0ba4c2f2ee507f0b4c987f,data/raw/remaining-s30/formal-v1/formal-v1__profile__pyxel_jump__memory_bandwidth__p075__r01,"{""pyxel_jump"":""games/pyxel/02_jump_game.py""}","{""pyxel_jump"":""4743a825f1c9cae7e049ac52115f4ecf83350db546c00745a54af187d7bc2e46""}",987f753f73a6d57eeb9d7232f4bfe59e47535325bca2a585821aa1e327e2b98b
1,513,formal-v1__profile__pyxel_shooter__gpu_compute__p025__r02,formal-v1,profile,not_applicable,pressure_profile,"[""pyxel_shooter""]",pyxel_shooter,[],,,gpu_compute,0.25,2,7563723685063049290,10,30,1,10,windows-rtx4060,0,0,grid_2x2,true,84,a36b78d2998befbd10330adef8f5ab1f813a7a68144bd44a59f55bb779224525,608d817cd8d44787fc0ba4c2f2ee507f0b4c987f,data/raw/remaining-s30/formal-v1/formal-v1__profile__pyxel_shooter__gpu_compute__p025__r02,"{""pyxel_shooter"":""games/pyxel/09_shooter.py""}","{""pyxel_shooter"":""0f53e4156907eac41080a8f289e22c89365b3239517c754cf59a51af201d5563""}",67253a9afbe6fb71510f90e3955a89c6fe566d85984ffc1569e97bf48f9496c1
1,514,formal-v1__profile__space_rescue__memory_bandwidth__p075__r01,formal-v1,profile,not_applicable,pressure_profile,"[""space_rescue""]",space_rescue,[],,,memory_bandwidth,0.75,1,6325774252725646534,10,30,1,10,windows-rtx4060,0,0,grid_2x2,true,84,a36b78d2998befbd10330adef8f5ab1f813a7a68144bd44a59f55bb779224525,608d817cd8d44787fc0ba4c2f2ee507f0b4c987f,data/raw/remaining-s30/formal-v1/formal-v1__profile__space_rescue__memory_bandwidth__p075__r01,"{""space_rescue"":""games/pyxel/apps-src/space_rescue/space_rescue.py""}","{""space_rescue"":""f3b0ab6784ae558e64f06a3f0a704e53f107a130aa3d43357659d0850131e461""}",2669364fc53bd3fd517c9c10ccf20c370f345eec1008450c71c8ed940842b2de
1,515,formal-v1__profile__mega_wing__memory_bandwidth__p025__r03,formal-v1,profile,not_applicable,pressure_profile,"[""mega_wing""]",mega_wing,[],,,memory_bandwidth,0.25,3,4493031736206093015,10,30,1,10,windows-rtx4060,0,0,grid_2x2,true,84,a36b78d2998befbd10330adef8f5ab1f813a7a68144bd44a59f55bb779224525,608d817cd8d44787fc0ba4c2f2ee507f0b4c987f,data/raw/remaining-s30/formal-v1/formal-v1__profile__mega_wing__memory_bandwidth__p025__r03,"{""mega_wing"":""games/pyxel/apps-src/mega_wing/mega_wing.py""}","{""mega_wing"":""86bad6c02a303806c58137503739241dc6b1e86695f7c0dbf672b5e1a1464e9f""}",2aa7b74665e1fd871e1a21c55537c77aa30fa0d1084ee300dd0d280619468721
1,516,formal-v1__extra__daylight+mega_wing+pyxel_platformer+space_rescue__r01,formal-v1,colocation-extra-test,extra_test,extra_test,"[""daylight"",""mega_wing"",""pyxel_platformer"",""space_rescue""]",daylight,"[""mega_wing"",""pyxel_platformer"",""space_rescue""]",daylight+mega_wing+pyxel_platformer+space_rescue,daylight+mega_wing+pyxel_platformer+space_rescue__r01,,,1,4170152349691884193,10,30,1,10,windows-rtx4060,0,0,grid_2x2,true,84,a36b78d2998befbd10330adef8f5ab1f813a7a68144bd44a59f55bb779224525,608d817cd8d44787fc0ba4c2f2ee507f0b4c987f,data/raw/remaining-s30/formal-v1/formal-v1__extra__daylight+mega_wing+pyxel_platformer+space_rescue__r01,"{""daylight"":""games/pyxel/apps-src/30SecondsOfDaylight/src/main.py"",""mega_wing"":""games/pyxel/apps-src/mega_wing/mega_wing.py"",""pyxel_platformer"":""games/pyxel/10_platformer.py"",""space_rescue"":""games/pyxel/apps-src/space_rescue/space_rescue.py""}","{""daylight"":""21a365375249e9d7ea05e78dcfe040f09cc1f0c66bd410bae084190c743a028f"",""mega_wing"":""86bad6c02a303806c58137503739241dc6b1e86695f7c0dbf672b5e1a1464e9f"",""pyxel_platformer"":""1b2c75b49dc9ab0254fb4b724682a4787868814a38d2f08920720dc5b6007ac5"",""space_rescue"":""f3b0ab6784ae558e64f06a3f0a704e53f107a130aa3d43357659d0850131e461""}",a1fd28d68471d2950d10d2d682a9a76403f20fc3f15b05f92e5451154d1dee28
1,517,formal-v1__colocation__pyxel_jump+pyxel_shooter+space_rescue__r02,formal-v1,colocation-main,validation,colocation,"[""pyxel_jump"",""pyxel_shooter"",""space_rescue""]",pyxel_jump,"[""pyxel_shooter"",""space_rescue""]",pyxel_jump+pyxel_shooter+space_rescue,pyxel_jump+pyxel_shooter+space_rescue__r02,,,2,6800746612884511209,10,30,1,10,windows-rtx4060,0,0,grid_2x2,true,84,a36b78d2998befbd10330adef8f5ab1f813a7a68144bd44a59f55bb779224525,608d817cd8d44787fc0ba4c2f2ee507f0b4c987f,data/raw/remaining-s30/formal-v1/formal-v1__colocation__pyxel_jump+pyxel_shooter+space_rescue__r02,"{""pyxel_jump"":""games/pyxel/02_jump_game.py"",""pyxel_shooter"":""games/pyxel/09_shooter.py"",""space_rescue"":""games/pyxel/apps-src/space_rescue/space_rescue.py""}","{""pyxel_jump"":""4743a825f1c9cae7e049ac52115f4ecf83350db546c00745a54af187d7bc2e46"",""pyxel_shooter"":""0f53e4156907eac41080a8f289e22c89365b3239517c754cf59a51af201d5563"",""space_rescue"":""f3b0ab6784ae558e64f06a3f0a704e53f107a130aa3d43357659d0850131e461""}",9dbd36420c5d30fb48acb4e95f1b1d625c47142b1694b71bfe0cf25395d5bf70
1,518,formal-v1__colocation__daylight+pyxel_platformer__r01,formal-v1,colocation-main,validation,colocation,"[""daylight"",""pyxel_platformer""]",daylight,"[""pyxel_platformer""]",daylight+pyxel_platformer,daylight+pyxel_platformer__r01,,,1,17667804392849421537,10,30,1,10,windows-rtx4060,0,0,grid_2x2,true,84,a36b78d2998befbd10330adef8f5ab1f813a7a68144bd44a59f55bb779224525,608d817cd8d44787fc0ba4c2f2ee507f0b4c987f,data/raw/remaining-s30/formal-v1/formal-v1__colocation__daylight+pyxel_platformer__r01,"{""daylight"":""games/pyxel/apps-src/30SecondsOfDaylight/src/main.py"",""pyxel_platformer"":""games/pyxel/10_platformer.py""}","{""daylight"":""21a365375249e9d7ea05e78dcfe040f09cc1f0c66bd410bae084190c743a028f"",""pyxel_platformer"":""1b2c75b49dc9ab0254fb4b724682a4787868814a38d2f08920720dc5b6007ac5""}",195b9beb7d828707e0d4332a50ae7c4ccb2568023b56a7f50a76c6d5befcb6cb
1,519,formal-v1__colocation__mega_wing+pyxel_bubbles+pyxel_snake__r03,formal-v1,colocation-main,train,colocation,"[""mega_wing"",""pyxel_bubbles"",""pyxel_snake""]",mega_wing,"[""pyxel_bubbles"",""pyxel_snake""]",mega_wing+pyxel_bubbles+pyxel_snake,mega_wing+pyxel_bubbles+pyxel_snake__r03,,,3,3563337720581285518,10,30,1,10,windows-rtx4060,0,0,grid_2x2,true,84,a36b78d2998befbd10330adef8f5ab1f813a7a68144bd44a59f55bb779224525,608d817cd8d44787fc0ba4c2f2ee507f0b4c987f,data/raw/remaining-s30/formal-v1/formal-v1__colocation__mega_wing+pyxel_bubbles+pyxel_snake__r03,"{""mega_wing"":""games/pyxel/apps-src/mega_wing/mega_wing.py"",""pyxel_bubbles"":""games/pyxel/06_click_game.py"",""pyxel_snake"":""games/pyxel/07_snake.py""}","{""mega_wing"":""86bad6c02a303806c58137503739241dc6b1e86695f7c0dbf672b5e1a1464e9f"",""pyxel_bubbles"":""54c101e90bdaed839ac4c4284494530d5df37a5819a35f1e41eebb0b3da5d900"",""pyxel_snake"":""bc533fef92d1d358e570f69d979919fe5c1cd8c4da49841104b49a1e661a5ac3""}",93822eeb826e710bf11de6978b36ac6cd68c6857483a7e7fb0964b6ff5cec183
1,520,formal-v1__solo__pyxel_shooter__r03,formal-v1,solo,not_applicable,solo,"[""pyxel_shooter""]",pyxel_shooter,[],,,,,3,3475367116711643472,10,30,1,10,windows-rtx4060,0,0,grid_2x2,true,84,a36b78d2998befbd10330adef8f5ab1f813a7a68144bd44a59f55bb779224525,608d817cd8d44787fc0ba4c2f2ee507f0b4c987f,data/raw/remaining-s30/formal-v1/formal-v1__solo__pyxel_shooter__r03,"{""pyxel_shooter"":""games/pyxel/09_shooter.py""}","{""pyxel_shooter"":""0f53e4156907eac41080a8f289e22c89365b3239517c754cf59a51af201d5563""}",d4451e665b4d4d38617c8ffab582d8cc0d0ca904d8ea7c2a8bd6eb6a64958388
1,521,formal-v1__profile__pyxel_snake__gpu_compute__p000__r01,formal-v1,profile,not_applicable,pressure_profile,"[""pyxel_snake""]",pyxel_snake,[],,,gpu_compute,0,1,10015047143030256139,10,30,1,10,windows-rtx4060,0,0,grid_2x2,true,84,a36b78d2998befbd10330adef8f5ab1f813a7a68144bd44a59f55bb779224525,608d817cd8d44787fc0ba4c2f2ee507f0b4c987f,data/raw/remaining-s30/formal-v1/formal-v1__profile__pyxel_snake__gpu_compute__p000__r01,"{""pyxel_snake"":""games/pyxel/07_snake.py""}","{""pyxel_snake"":""bc533fef92d1d358e570f69d979919fe5c1cd8c4da49841104b49a1e661a5ac3""}",159ab7b63fd84295b0fc339cd9e4604dcf3e42b4d2d974e5c7fc78ebc10cc45b
1,522,formal-v1__profile__pyxel_jump__memory_bandwidth__p000__r03,formal-v1,profile,not_applicable,pressure_profile,"[""pyxel_jump""]",pyxel_jump,[],,,memory_bandwidth,0,3,664385054857864666,10,30,1,10,windows-rtx4060,0,0,grid_2x2,true,84,a36b78d2998befbd10330adef8f5ab1f813a7a68144bd44a59f55bb779224525,608d817cd8d44787fc0ba4c2f2ee507f0b4c987f,data/raw/remaining-s30/formal-v1/formal-v1__profile__pyxel_jump__memory_bandwidth__p000__r03,"{""pyxel_jump"":""games/pyxel/02_jump_game.py""}","{""pyxel_jump"":""4743a825f1c9cae7e049ac52115f4ecf83350db546c00745a54af187d7bc2e46""}",58b45b693b0b3a0fc82495580daf474fadb10cc642b8da6a12af11796c72992e
1,523,formal-v1__profile__pyxel_bubbles__memory_bandwidth__p025__r02,formal-v1,profile,not_applicable,pressure_profile,"[""pyxel_bubbles""]",pyxel_bubbles,[],,,memory_bandwidth,0.25,2,18130034200163002499,10,30,1,10,windows-rtx4060,0,0,grid_2x2,true,84,a36b78d2998befbd10330adef8f5ab1f813a7a68144bd44a59f55bb779224525,608d817cd8d44787fc0ba4c2f2ee507f0b4c987f,data/raw/remaining-s30/formal-v1/formal-v1__profile__pyxel_bubbles__memory_bandwidth__p025__r02,"{""pyxel_bubbles"":""games/pyxel/06_click_game.py""}","{""pyxel_bubbles"":""54c101e90bdaed839ac4c4284494530d5df37a5819a35f1e41eebb0b3da5d900""}",f21391ed24828426b2fe2b5d1c6a77811d3c9155a8704e6e6753b32993e0fdcf
1,524,formal-v1__colocation__daylight+pyxel_platformer+pyxel_snake__r03,formal-v1,colocation-main,validation,colocation,"[""daylight"",""pyxel_platformer"",""pyxel_snake""]",daylight,"[""pyxel_platformer"",""pyxel_snake""]",daylight+pyxel_platformer+pyxel_snake,daylight+pyxel_platformer+pyxel_snake__r03,,,3,7488304403953802738,10,30,1,10,windows-rtx4060,0,0,grid_2x2,true,84,a36b78d2998befbd10330adef8f5ab1f813a7a68144bd44a59f55bb779224525,608d817cd8d44787fc0ba4c2f2ee507f0b4c987f,data/raw/remaining-s30/formal-v1/formal-v1__colocation__daylight+pyxel_platformer+pyxel_snake__r03,"{""daylight"":""games/pyxel/apps-src/30SecondsOfDaylight/src/main.py"",""pyxel_platformer"":""games/pyxel/10_platformer.py"",""pyxel_snake"":""games/pyxel/07_snake.py""}","{""daylight"":""21a365375249e9d7ea05e78dcfe040f09cc1f0c66bd410bae084190c743a028f"",""pyxel_platformer"":""1b2c75b49dc9ab0254fb4b724682a4787868814a38d2f08920720dc5b6007ac5"",""pyxel_snake"":""bc533fef92d1d358e570f69d979919fe5c1cd8c4da49841104b49a1e661a5ac3""}",d1af8dc7a3d51941f44e933c72918ed45c0efafc24e1803bd1cd09dc84fd1b60
1,525,formal-v1__solo__pyxel_shooter__r02,formal-v1,solo,not_applicable,solo,"[""pyxel_shooter""]",pyxel_shooter,[],,,,,2,377228495676953109,10,30,1,10,windows-rtx4060,0,0,grid_2x2,true,84,a36b78d2998befbd10330adef8f5ab1f813a7a68144bd44a59f55bb779224525,608d817cd8d44787fc0ba4c2f2ee507f0b4c987f,data/raw/remaining-s30/formal-v1/formal-v1__solo__pyxel_shooter__r02,"{""pyxel_shooter"":""games/pyxel/09_shooter.py""}","{""pyxel_shooter"":""0f53e4156907eac41080a8f289e22c89365b3239517c754cf59a51af201d5563""}",0826ef4c212d3c15b9dbcf99f55cbd5245fdd317035aae86e3fc95ee595420c7
1,526,formal-v1__profile__mega_wing__gpu_memory__p075__r03,formal-v1,profile,not_applicable,pressure_profile,"[""mega_wing""]",mega_wing,[],,,gpu_memory,0.75,3,11606045646025760197,10,30,1,10,windows-rtx4060,0,0,grid_2x2,true,84,a36b78d2998befbd10330adef8f5ab1f813a7a68144bd44a59f55bb779224525,608d817cd8d44787fc0ba4c2f2ee507f0b4c987f,data/raw/remaining-s30/formal-v1/formal-v1__profile__mega_wing__gpu_memory__p075__r03,"{""mega_wing"":""games/pyxel/apps-src/mega_wing/mega_wing.py""}","{""mega_wing"":""86bad6c02a303806c58137503739241dc6b1e86695f7c0dbf672b5e1a1464e9f""}",f4cad909fa62c2b566c5add44d8876cd9d50d1c1d92a0d784d53790421c01926
1,527,formal-v1__profile__mega_wing__gpu_memory__p100__r03,formal-v1,profile,not_applicable,pressure_profile,"[""mega_wing""]",mega_wing,[],,,gpu_memory,1,3,9739149393046620933,10,30,1,10,windows-rtx4060,0,0,grid_2x2,true,84,a36b78d2998befbd10330adef8f5ab1f813a7a68144bd44a59f55bb779224525,608d817cd8d44787fc0ba4c2f2ee507f0b4c987f,data/raw/remaining-s30/formal-v1/formal-v1__profile__mega_wing__gpu_memory__p100__r03,"{""mega_wing"":""games/pyxel/apps-src/mega_wing/mega_wing.py""}","{""mega_wing"":""86bad6c02a303806c58137503739241dc6b1e86695f7c0dbf672b5e1a1464e9f""}",ca4e9eaa798dc3833a5a8806ee86bda88ccbc0a5d6c3dfd0bbf135e83d9e0ddb
1,528,formal-v1__colocation__daylight+pyxel_bubbles+pyxel_jump__r02,formal-v1,colocation-main,test,colocation,"[""daylight"",""pyxel_bubbles"",""pyxel_jump""]",daylight,"[""pyxel_bubbles"",""pyxel_jump""]",daylight+pyxel_bubbles+pyxel_jump,daylight+pyxel_bubbles+pyxel_jump__r02,,,2,6972834449024229760,10,30,1,10,windows-rtx4060,0,0,grid_2x2,true,84,a36b78d2998befbd10330adef8f5ab1f813a7a68144bd44a59f55bb779224525,608d817cd8d44787fc0ba4c2f2ee507f0b4c987f,data/raw/remaining-s30/formal-v1/formal-v1__colocation__daylight+pyxel_bubbles+pyxel_jump__r02,"{""daylight"":""games/pyxel/apps-src/30SecondsOfDaylight/src/main.py"",""pyxel_bubbles"":""games/pyxel/06_click_game.py"",""pyxel_jump"":""games/pyxel/02_jump_game.py""}","{""daylight"":""21a365375249e9d7ea05e78dcfe040f09cc1f0c66bd410bae084190c743a028f"",""pyxel_bubbles"":""54c101e90bdaed839ac4c4284494530d5df37a5819a35f1e41eebb0b3da5d900"",""pyxel_jump"":""4743a825f1c9cae7e049ac52115f4ecf83350db546c00745a54af187d7bc2e46""}",c7033e0012e2fccfef3cd4518129fe8088f924a149a649112763ebfc83ffaa14
1,529,formal-v1__profile__pyxel_shooter__gpu_memory__p100__r03,formal-v1,profile,not_applicable,pressure_profile,"[""pyxel_shooter""]",pyxel_shooter,[],,,gpu_memory,1,3,2307305634741722798,10,30,1,10,windows-rtx4060,0,0,grid_2x2,true,84,a36b78d2998befbd10330adef8f5ab1f813a7a68144bd44a59f55bb779224525,608d817cd8d44787fc0ba4c2f2ee507f0b4c987f,data/raw/remaining-s30/formal-v1/formal-v1__profile__pyxel_shooter__gpu_memory__p100__r03,"{""pyxel_shooter"":""games/pyxel/09_shooter.py""}","{""pyxel_shooter"":""0f53e4156907eac41080a8f289e22c89365b3239517c754cf59a51af201d5563""}",9d6b917f0a2e6d7f046108c042c614d9af96071fabd72850fd0f88ff7ddcf8ff
1,530,formal-v1__profile__pyxel_jump__memory_bandwidth__p050__r02,formal-v1,profile,not_applicable,pressure_profile,"[""pyxel_jump""]",pyxel_jump,[],,,memory_bandwidth,0.5,2,15404233764431571980,10,30,1,10,windows-rtx4060,0,0,grid_2x2,true,84,a36b78d2998befbd10330adef8f5ab1f813a7a68144bd44a59f55bb779224525,608d817cd8d44787fc0ba4c2f2ee507f0b4c987f,data/raw/remaining-s30/formal-v1/formal-v1__profile__pyxel_jump__memory_bandwidth__p050__r02,"{""pyxel_jump"":""games/pyxel/02_jump_game.py""}","{""pyxel_jump"":""4743a825f1c9cae7e049ac52115f4ecf83350db546c00745a54af187d7bc2e46""}",15fc538bbcc235b18ee71e378073a8d2d3d349804142899c4ff759f613884a11
1,531,formal-v1__colocation__daylight+pyxel_platformer+pyxel_shooter__r02,formal-v1,colocation-main,validation,colocation,"[""daylight"",""pyxel_platformer"",""pyxel_shooter""]",daylight,"[""pyxel_platformer"",""pyxel_shooter""]",daylight+pyxel_platformer+pyxel_shooter,daylight+pyxel_platformer+pyxel_shooter__r02,,,2,10176949720502414486,10,30,1,10,windows-rtx4060,0,0,grid_2x2,true,84,a36b78d2998befbd10330adef8f5ab1f813a7a68144bd44a59f55bb779224525,608d817cd8d44787fc0ba4c2f2ee507f0b4c987f,data/raw/remaining-s30/formal-v1/formal-v1__colocation__daylight+pyxel_platformer+pyxel_shooter__r02,"{""daylight"":""games/pyxel/apps-src/30SecondsOfDaylight/src/main.py"",""pyxel_platformer"":""games/pyxel/10_platformer.py"",""pyxel_shooter"":""games/pyxel/09_shooter.py""}","{""daylight"":""21a365375249e9d7ea05e78dcfe040f09cc1f0c66bd410bae084190c743a028f"",""pyxel_platformer"":""1b2c75b49dc9ab0254fb4b724682a4787868814a38d2f08920720dc5b6007ac5"",""pyxel_shooter"":""0f53e4156907eac41080a8f289e22c89365b3239517c754cf59a51af201d5563""}",46881d876571f687d0b614e710a3dbcffa56aeb26911a6c1ed3ce8ec83ede439
1,532,formal-v1__colocation__pyxel_platformer+pyxel_snake__r03,formal-v1,colocation-main,test,colocation,"[""pyxel_platformer"",""pyxel_snake""]",pyxel_platformer,"[""pyxel_snake""]",pyxel_platformer+pyxel_snake,pyxel_platformer+pyxel_snake__r03,,,3,17859305433267736836,10,30,1,10,windows-rtx4060,0,0,grid_2x2,true,84,a36b78d2998befbd10330adef8f5ab1f813a7a68144bd44a59f55bb779224525,608d817cd8d44787fc0ba4c2f2ee507f0b4c987f,data/raw/remaining-s30/formal-v1/formal-v1__colocation__pyxel_platformer+pyxel_snake__r03,"{""pyxel_platformer"":""games/pyxel/10_platformer.py"",""pyxel_snake"":""games/pyxel/07_snake.py""}","{""pyxel_platformer"":""1b2c75b49dc9ab0254fb4b724682a4787868814a38d2f08920720dc5b6007ac5"",""pyxel_snake"":""bc533fef92d1d358e570f69d979919fe5c1cd8c4da49841104b49a1e661a5ac3""}",a136a8642594502753ed4fe726732d5cd63075ad4264a0e4c1e2d56f026a23b4
1,533,formal-v1__profile__pyxel_snake__gpu_memory__p050__r03,formal-v1,profile,not_applicable,pressure_profile,"[""pyxel_snake""]",pyxel_snake,[],,,gpu_memory,0.5,3,12136616595404214044,10,30,1,10,windows-rtx4060,0,0,grid_2x2,true,84,a36b78d2998befbd10330adef8f5ab1f813a7a68144bd44a59f55bb779224525,608d817cd8d44787fc0ba4c2f2ee507f0b4c987f,data/raw/remaining-s30/formal-v1/formal-v1__profile__pyxel_snake__gpu_memory__p050__r03,"{""pyxel_snake"":""games/pyxel/07_snake.py""}","{""pyxel_snake"":""bc533fef92d1d358e570f69d979919fe5c1cd8c4da49841104b49a1e661a5ac3""}",8035edf38f9458eff72fda41a12e9d108f8701a411803aec922852267868234e
1,534,formal-v1__profile__pyxel_bubbles__memory_bandwidth__p100__r03,formal-v1,profile,not_applicable,pressure_profile,"[""pyxel_bubbles""]",pyxel_bubbles,[],,,memory_bandwidth,1,3,5543711080399385332,10,30,1,10,windows-rtx4060,0,0,grid_2x2,true,84,a36b78d2998befbd10330adef8f5ab1f813a7a68144bd44a59f55bb779224525,608d817cd8d44787fc0ba4c2f2ee507f0b4c987f,data/raw/remaining-s30/formal-v1/formal-v1__profile__pyxel_bubbles__memory_bandwidth__p100__r03,"{""pyxel_bubbles"":""games/pyxel/06_click_game.py""}","{""pyxel_bubbles"":""54c101e90bdaed839ac4c4284494530d5df37a5819a35f1e41eebb0b3da5d900""}",3dda3372566d66b921e97253fec39de9d9ccec63fe482d9b2d9bb6ff196d9d08
1,535,formal-v1__colocation__pyxel_bubbles+pyxel_snake+space_rescue__r03,formal-v1,colocation-main,train,colocation,"[""pyxel_bubbles"",""pyxel_snake"",""space_rescue""]",pyxel_bubbles,"[""pyxel_snake"",""space_rescue""]",pyxel_bubbles+pyxel_snake+space_rescue,pyxel_bubbles+pyxel_snake+space_rescue__r03,,,3,17740235794491381031,10,30,1,10,windows-rtx4060,0,0,grid_2x2,true,84,a36b78d2998befbd10330adef8f5ab1f813a7a68144bd44a59f55bb779224525,608d817cd8d44787fc0ba4c2f2ee507f0b4c987f,data/raw/remaining-s30/formal-v1/formal-v1__colocation__pyxel_bubbles+pyxel_snake+space_rescue__r03,"{""pyxel_bubbles"":""games/pyxel/06_click_game.py"",""pyxel_snake"":""games/pyxel/07_snake.py"",""space_rescue"":""games/pyxel/apps-src/space_rescue/space_rescue.py""}","{""pyxel_bubbles"":""54c101e90bdaed839ac4c4284494530d5df37a5819a35f1e41eebb0b3da5d900"",""pyxel_snake"":""bc533fef92d1d358e570f69d979919fe5c1cd8c4da49841104b49a1e661a5ac3"",""space_rescue"":""f3b0ab6784ae558e64f06a3f0a704e53f107a130aa3d43357659d0850131e461""}",34792982e5455b17c9de8de7064ac026222e9494574696202dc350d60147b6cc
1,536,formal-v1__profile__pyxel_jump__gpu_compute__p100__r02,formal-v1,profile,not_applicable,pressure_profile,"[""pyxel_jump""]",pyxel_jump,[],,,gpu_compute,1,2,3696209096307883987,10,30,1,10,windows-rtx4060,0,0,grid_2x2,true,84,a36b78d2998befbd10330adef8f5ab1f813a7a68144bd44a59f55bb779224525,608d817cd8d44787fc0ba4c2f2ee507f0b4c987f,data/raw/remaining-s30/formal-v1/formal-v1__profile__pyxel_jump__gpu_compute__p100__r02,"{""pyxel_jump"":""games/pyxel/02_jump_game.py""}","{""pyxel_jump"":""4743a825f1c9cae7e049ac52115f4ecf83350db546c00745a54af187d7bc2e46""}",08065211bab119f61cbdd8781bf3c0d180b771ed214e78a1b93f9b531c27cdcb
1,537,formal-v1__profile__pyxel_snake__gpu_compute__p075__r02,formal-v1,profile,not_applicable,pressure_profile,"[""pyxel_snake""]",pyxel_snake,[],,,gpu_compute,0.75,2,1770827062198345931,10,30,1,10,windows-rtx4060,0,0,grid_2x2,true,84,a36b78d2998befbd10330adef8f5ab1f813a7a68144bd44a59f55bb779224525,608d817cd8d44787fc0ba4c2f2ee507f0b4c987f,data/raw/remaining-s30/formal-v1/formal-v1__profile__pyxel_snake__gpu_compute__p075__r02,"{""pyxel_snake"":""games/pyxel/07_snake.py""}","{""pyxel_snake"":""bc533fef92d1d358e570f69d979919fe5c1cd8c4da49841104b49a1e661a5ac3""}",e209c16a3e17ba6f87a4a9162d6eac904448b8dcba7ba30b669317ad68f2dcb3
1,538,formal-v1__profile__pyxel_platformer__cpu_compute__p050__r01,formal-v1,profile,not_applicable,pressure_profile,"[""pyxel_platformer""]",pyxel_platformer,[],,,cpu_compute,0.5,1,4980882825522719436,10,30,1,10,windows-rtx4060,0,0,grid_2x2,true,84,a36b78d2998befbd10330adef8f5ab1f813a7a68144bd44a59f55bb779224525,608d817cd8d44787fc0ba4c2f2ee507f0b4c987f,data/raw/remaining-s30/formal-v1/formal-v1__profile__pyxel_platformer__cpu_compute__p050__r01,"{""pyxel_platformer"":""games/pyxel/10_platformer.py""}","{""pyxel_platformer"":""1b2c75b49dc9ab0254fb4b724682a4787868814a38d2f08920720dc5b6007ac5""}",2e4c1c8293396f0069bd9dce89b4680f97f9010bc5d01652918d7ac36525cfd5
1,539,formal-v1__profile__pyxel_jump__cpu_compute__p025__r01,formal-v1,profile,not_applicable,pressure_profile,"[""pyxel_jump""]",pyxel_jump,[],,,cpu_compute,0.25,1,15655265211970011289,10,30,1,10,windows-rtx4060,0,0,grid_2x2,true,84,a36b78d2998befbd10330adef8f5ab1f813a7a68144bd44a59f55bb779224525,608d817cd8d44787fc0ba4c2f2ee507f0b4c987f,data/raw/remaining-s30/formal-v1/formal-v1__profile__pyxel_jump__cpu_compute__p025__r01,"{""pyxel_jump"":""games/pyxel/02_jump_game.py""}","{""pyxel_jump"":""4743a825f1c9cae7e049ac52115f4ecf83350db546c00745a54af187d7bc2e46""}",e3eb6fb29a7b66b8b9362055a66007ec316e50f317ffa450d76de494ff8ecaa7
1,540,formal-v1__profile__pyxel_shooter__cpu_compute__p100__r01,formal-v1,profile,not_applicable,pressure_profile,"[""pyxel_shooter""]",pyxel_shooter,[],,,cpu_compute,1,1,17436941125221761034,10,30,1,10,windows-rtx4060,0,0,grid_2x2,true,84,a36b78d2998befbd10330adef8f5ab1f813a7a68144bd44a59f55bb779224525,608d817cd8d44787fc0ba4c2f2ee507f0b4c987f,data/raw/remaining-s30/formal-v1/formal-v1__profile__pyxel_shooter__cpu_compute__p100__r01,"{""pyxel_shooter"":""games/pyxel/09_shooter.py""}","{""pyxel_shooter"":""0f53e4156907eac41080a8f289e22c89365b3239517c754cf59a51af201d5563""}",9312c6e75b06b0d10458383c77e8c81bc5aac1c2d4cc8c69f25b52c8e9972342
1,541,formal-v1__colocation__pyxel_bubbles+pyxel_shooter+pyxel_snake__r01,formal-v1,colocation-main,train,colocation,"[""pyxel_bubbles"",""pyxel_shooter"",""pyxel_snake""]",pyxel_bubbles,"[""pyxel_shooter"",""pyxel_snake""]",pyxel_bubbles+pyxel_shooter+pyxel_snake,pyxel_bubbles+pyxel_shooter+pyxel_snake__r01,,,1,1737315477552542881,10,30,1,10,windows-rtx4060,0,0,grid_2x2,true,84,a36b78d2998befbd10330adef8f5ab1f813a7a68144bd44a59f55bb779224525,608d817cd8d44787fc0ba4c2f2ee507f0b4c987f,data/raw/remaining-s30/formal-v1/formal-v1__colocation__pyxel_bubbles+pyxel_shooter+pyxel_snake__r01,"{""pyxel_bubbles"":""games/pyxel/06_click_game.py"",""pyxel_shooter"":""games/pyxel/09_shooter.py"",""pyxel_snake"":""games/pyxel/07_snake.py""}","{""pyxel_bubbles"":""54c101e90bdaed839ac4c4284494530d5df37a5819a35f1e41eebb0b3da5d900"",""pyxel_shooter"":""0f53e4156907eac41080a8f289e22c89365b3239517c754cf59a51af201d5563"",""pyxel_snake"":""bc533fef92d1d358e570f69d979919fe5c1cd8c4da49841104b49a1e661a5ac3""}",9ae34d1b96096bf5f1dec9a587c0308a9137c9effbbeb86ca6b47df69c4a6532
1,542,formal-v1__colocation__mega_wing+pyxel_shooter__r02,formal-v1,colocation-main,train,colocation,"[""mega_wing"",""pyxel_shooter""]",mega_wing,"[""pyxel_shooter""]",mega_wing+pyxel_shooter,mega_wing+pyxel_shooter__r02,,,2,2819729645822397115,10,30,1,10,windows-rtx4060,0,0,grid_2x2,true,84,a36b78d2998befbd10330adef8f5ab1f813a7a68144bd44a59f55bb779224525,608d817cd8d44787fc0ba4c2f2ee507f0b4c987f,data/raw/remaining-s30/formal-v1/formal-v1__colocation__mega_wing+pyxel_shooter__r02,"{""mega_wing"":""games/pyxel/apps-src/mega_wing/mega_wing.py"",""pyxel_shooter"":""games/pyxel/09_shooter.py""}","{""mega_wing"":""86bad6c02a303806c58137503739241dc6b1e86695f7c0dbf672b5e1a1464e9f"",""pyxel_shooter"":""0f53e4156907eac41080a8f289e22c89365b3239517c754cf59a51af201d5563""}",1c4b61fb53f407df691be085548b6a29df73ec5a47a9af98834aca363cdce3b1
1,543,formal-v1__profile__pyxel_shooter__cpu_compute__p075__r03,formal-v1,profile,not_applicable,pressure_profile,"[""pyxel_shooter""]",pyxel_shooter,[],,,cpu_compute,0.75,3,13259531908387383939,10,30,1,10,windows-rtx4060,0,0,grid_2x2,true,84,a36b78d2998befbd10330adef8f5ab1f813a7a68144bd44a59f55bb779224525,608d817cd8d44787fc0ba4c2f2ee507f0b4c987f,data/raw/remaining-s30/formal-v1/formal-v1__profile__pyxel_shooter__cpu_compute__p075__r03,"{""pyxel_shooter"":""games/pyxel/09_shooter.py""}","{""pyxel_shooter"":""0f53e4156907eac41080a8f289e22c89365b3239517c754cf59a51af201d5563""}",cde9a4df3d0744ca92b9004cb37aba5e646067ed64933f76d3a6e6cac406053e
1,544,formal-v1__colocation__mega_wing+pyxel_platformer__r03,formal-v1,colocation-main,test,colocation,"[""mega_wing"",""pyxel_platformer""]",mega_wing,"[""pyxel_platformer""]",mega_wing+pyxel_platformer,mega_wing+pyxel_platformer__r03,,,3,15449421436939081751,10,30,1,10,windows-rtx4060,0,0,grid_2x2,true,84,a36b78d2998befbd10330adef8f5ab1f813a7a68144bd44a59f55bb779224525,608d817cd8d44787fc0ba4c2f2ee507f0b4c987f,data/raw/remaining-s30/formal-v1/formal-v1__colocation__mega_wing+pyxel_platformer__r03,"{""mega_wing"":""games/pyxel/apps-src/mega_wing/mega_wing.py"",""pyxel_platformer"":""games/pyxel/10_platformer.py""}","{""mega_wing"":""86bad6c02a303806c58137503739241dc6b1e86695f7c0dbf672b5e1a1464e9f"",""pyxel_platformer"":""1b2c75b49dc9ab0254fb4b724682a4787868814a38d2f08920720dc5b6007ac5""}",a8a504426250de8603c553884ba6ebd8df7571940c950faa53b37d8fea9216c1
1,545,formal-v1__colocation__daylight+mega_wing+pyxel_shooter__r02,formal-v1,colocation-main,validation,colocation,"[""daylight"",""mega_wing"",""pyxel_shooter""]",daylight,"[""mega_wing"",""pyxel_shooter""]",daylight+mega_wing+pyxel_shooter,daylight+mega_wing+pyxel_shooter__r02,,,2,10879989153267615226,10,30,1,10,windows-rtx4060,0,0,grid_2x2,true,84,a36b78d2998befbd10330adef8f5ab1f813a7a68144bd44a59f55bb779224525,608d817cd8d44787fc0ba4c2f2ee507f0b4c987f,data/raw/remaining-s30/formal-v1/formal-v1__colocation__daylight+mega_wing+pyxel_shooter__r02,"{""daylight"":""games/pyxel/apps-src/30SecondsOfDaylight/src/main.py"",""mega_wing"":""games/pyxel/apps-src/mega_wing/mega_wing.py"",""pyxel_shooter"":""games/pyxel/09_shooter.py""}","{""daylight"":""21a365375249e9d7ea05e78dcfe040f09cc1f0c66bd410bae084190c743a028f"",""mega_wing"":""86bad6c02a303806c58137503739241dc6b1e86695f7c0dbf672b5e1a1464e9f"",""pyxel_shooter"":""0f53e4156907eac41080a8f289e22c89365b3239517c754cf59a51af201d5563""}",9f45d83dde0d2cf83628262b27cc2171efd0c00cb4a74d7958714cd4c2a8e1a6
1,546,formal-v1__profile__space_rescue__gpu_memory__p050__r01,formal-v1,profile,not_applicable,pressure_profile,"[""space_rescue""]",space_rescue,[],,,gpu_memory,0.5,1,8264407182300005763,10,30,1,10,windows-rtx4060,0,0,grid_2x2,true,84,a36b78d2998befbd10330adef8f5ab1f813a7a68144bd44a59f55bb779224525,608d817cd8d44787fc0ba4c2f2ee507f0b4c987f,data/raw/remaining-s30/formal-v1/formal-v1__profile__space_rescue__gpu_memory__p050__r01,"{""space_rescue"":""games/pyxel/apps-src/space_rescue/space_rescue.py""}","{""space_rescue"":""f3b0ab6784ae558e64f06a3f0a704e53f107a130aa3d43357659d0850131e461""}",b8832ed1214aa6e1442b29e4f549f6d738e345b9bcd77852293f375a3ed668e1
1,547,formal-v1__profile__mega_wing__memory_bandwidth__p050__r03,formal-v1,profile,not_applicable,pressure_profile,"[""mega_wing""]",mega_wing,[],,,memory_bandwidth,0.5,3,4039119329878322077,10,30,1,10,windows-rtx4060,0,0,grid_2x2,true,84,a36b78d2998befbd10330adef8f5ab1f813a7a68144bd44a59f55bb779224525,608d817cd8d44787fc0ba4c2f2ee507f0b4c987f,data/raw/remaining-s30/formal-v1/formal-v1__profile__mega_wing__memory_bandwidth__p050__r03,"{""mega_wing"":""games/pyxel/apps-src/mega_wing/mega_wing.py""}","{""mega_wing"":""86bad6c02a303806c58137503739241dc6b1e86695f7c0dbf672b5e1a1464e9f""}",94db9f178f8d08d9d600452638206807de81512e86481878aa1ac180d6c8c13b
1,548,formal-v1__profile__daylight__memory_bandwidth__p075__r01,formal-v1,profile,not_applicable,pressure_profile,"[""daylight""]",daylight,[],,,memory_bandwidth,0.75,1,7578833730381098499,10,30,1,10,windows-rtx4060,0,0,grid_2x2,true,84,a36b78d2998befbd10330adef8f5ab1f813a7a68144bd44a59f55bb779224525,608d817cd8d44787fc0ba4c2f2ee507f0b4c987f,data/raw/remaining-s30/formal-v1/formal-v1__profile__daylight__memory_bandwidth__p075__r01,"{""daylight"":""games/pyxel/apps-src/30SecondsOfDaylight/src/main.py""}","{""daylight"":""21a365375249e9d7ea05e78dcfe040f09cc1f0c66bd410bae084190c743a028f""}",4cedcca7b576283f4dbc6cfb43416a1cf0ad68bde6d7601174d835b36ca20f13
1,549,formal-v1__profile__pyxel_platformer__gpu_compute__p100__r02,formal-v1,profile,not_applicable,pressure_profile,"[""pyxel_platformer""]",pyxel_platformer,[],,,gpu_compute,1,2,6491091566207865305,10,30,1,10,windows-rtx4060,0,0,grid_2x2,true,84,a36b78d2998befbd10330adef8f5ab1f813a7a68144bd44a59f55bb779224525,608d817cd8d44787fc0ba4c2f2ee507f0b4c987f,data/raw/remaining-s30/formal-v1/formal-v1__profile__pyxel_platformer__gpu_compute__p100__r02,"{""pyxel_platformer"":""games/pyxel/10_platformer.py""}","{""pyxel_platformer"":""1b2c75b49dc9ab0254fb4b724682a4787868814a38d2f08920720dc5b6007ac5""}",ab837143da70834c94993a30e1bb9db328e9fa2697ba58ad8fa5a5e72fc61c32
1,550,formal-v1__colocation__daylight+pyxel_snake__r01,formal-v1,colocation-main,train,colocation,"[""daylight"",""pyxel_snake""]",daylight,"[""pyxel_snake""]",daylight+pyxel_snake,daylight+pyxel_snake__r01,,,1,5250172929288085803,10,30,1,10,windows-rtx4060,0,0,grid_2x2,true,84,a36b78d2998befbd10330adef8f5ab1f813a7a68144bd44a59f55bb779224525,608d817cd8d44787fc0ba4c2f2ee507f0b4c987f,data/raw/remaining-s30/formal-v1/formal-v1__colocation__daylight+pyxel_snake__r01,"{""daylight"":""games/pyxel/apps-src/30SecondsOfDaylight/src/main.py"",""pyxel_snake"":""games/pyxel/07_snake.py""}","{""daylight"":""21a365375249e9d7ea05e78dcfe040f09cc1f0c66bd410bae084190c743a028f"",""pyxel_snake"":""bc533fef92d1d358e570f69d979919fe5c1cd8c4da49841104b49a1e661a5ac3""}",0b4708060114a427c4b5db4591136ce894abfb67b7d6ce189ccdd40813f0d822
1,551,formal-v1__profile__pyxel_bubbles__memory_bandwidth__p100__r02,formal-v1,profile,not_applicable,pressure_profile,"[""pyxel_bubbles""]",pyxel_bubbles,[],,,memory_bandwidth,1,2,13219627485341510469,10,30,1,10,windows-rtx4060,0,0,grid_2x2,true,84,a36b78d2998befbd10330adef8f5ab1f813a7a68144bd44a59f55bb779224525,608d817cd8d44787fc0ba4c2f2ee507f0b4c987f,data/raw/remaining-s30/formal-v1/formal-v1__profile__pyxel_bubbles__memory_bandwidth__p100__r02,"{""pyxel_bubbles"":""games/pyxel/06_click_game.py""}","{""pyxel_bubbles"":""54c101e90bdaed839ac4c4284494530d5df37a5819a35f1e41eebb0b3da5d900""}",e6bb8c433e685ff1227f51d6cc54567982691d5176195239ec13441a9bd1b82a
1,552,formal-v1__profile__mega_wing__gpu_compute__p025__r03,formal-v1,profile,not_applicable,pressure_profile,"[""mega_wing""]",mega_wing,[],,,gpu_compute,0.25,3,16919740360767898601,10,30,1,10,windows-rtx4060,0,0,grid_2x2,true,84,a36b78d2998befbd10330adef8f5ab1f813a7a68144bd44a59f55bb779224525,608d817cd8d44787fc0ba4c2f2ee507f0b4c987f,data/raw/remaining-s30/formal-v1/formal-v1__profile__mega_wing__gpu_compute__p025__r03,"{""mega_wing"":""games/pyxel/apps-src/mega_wing/mega_wing.py""}","{""mega_wing"":""86bad6c02a303806c58137503739241dc6b1e86695f7c0dbf672b5e1a1464e9f""}",3c649191e95c04ec0ec8af340acb8f1eb4a38b9c6f13239f5661cf2a33bfacf5
1,553,formal-v1__profile__daylight__gpu_memory__p100__r01,formal-v1,profile,not_applicable,pressure_profile,"[""daylight""]",daylight,[],,,gpu_memory,1,1,2312560201869519983,10,30,1,10,windows-rtx4060,0,0,grid_2x2,true,84,a36b78d2998befbd10330adef8f5ab1f813a7a68144bd44a59f55bb779224525,608d817cd8d44787fc0ba4c2f2ee507f0b4c987f,data/raw/remaining-s30/formal-v1/formal-v1__profile__daylight__gpu_memory__p100__r01,"{""daylight"":""games/pyxel/apps-src/30SecondsOfDaylight/src/main.py""}","{""daylight"":""21a365375249e9d7ea05e78dcfe040f09cc1f0c66bd410bae084190c743a028f""}",cf15ff893675f13337474ad0428158c6d91490ac0d09673f92c7d11849b397b5
1,554,formal-v1__colocation__pyxel_snake+space_rescue__r01,formal-v1,colocation-main,train,colocation,"[""pyxel_snake"",""space_rescue""]",pyxel_snake,"[""space_rescue""]",pyxel_snake+space_rescue,pyxel_snake+space_rescue__r01,,,1,2397847521604434650,10,30,1,10,windows-rtx4060,0,0,grid_2x2,true,84,a36b78d2998befbd10330adef8f5ab1f813a7a68144bd44a59f55bb779224525,608d817cd8d44787fc0ba4c2f2ee507f0b4c987f,data/raw/remaining-s30/formal-v1/formal-v1__colocation__pyxel_snake+space_rescue__r01,"{""pyxel_snake"":""games/pyxel/07_snake.py"",""space_rescue"":""games/pyxel/apps-src/space_rescue/space_rescue.py""}","{""pyxel_snake"":""bc533fef92d1d358e570f69d979919fe5c1cd8c4da49841104b49a1e661a5ac3"",""space_rescue"":""f3b0ab6784ae558e64f06a3f0a704e53f107a130aa3d43357659d0850131e461""}",055e230ca85f21ef5c3bfd09a774df4670065239047250a220828771043bc506
1,555,formal-v1__profile__pyxel_bubbles__memory_bandwidth__p100__r01,formal-v1,profile,not_applicable,pressure_profile,"[""pyxel_bubbles""]",pyxel_bubbles,[],,,memory_bandwidth,1,1,11602898221305286257,10,30,1,10,windows-rtx4060,0,0,grid_2x2,true,84,a36b78d2998befbd10330adef8f5ab1f813a7a68144bd44a59f55bb779224525,608d817cd8d44787fc0ba4c2f2ee507f0b4c987f,data/raw/remaining-s30/formal-v1/formal-v1__profile__pyxel_bubbles__memory_bandwidth__p100__r01,"{""pyxel_bubbles"":""games/pyxel/06_click_game.py""}","{""pyxel_bubbles"":""54c101e90bdaed839ac4c4284494530d5df37a5819a35f1e41eebb0b3da5d900""}",5ca8975d563b19ac45d4aed22910f7f49788936a59a02aa4adeb60db10561e99
1,556,formal-v1__extra__daylight+pyxel_platformer+pyxel_shooter+pyxel_snake__r03,formal-v1,colocation-extra-test,extra_test,extra_test,"[""daylight"",""pyxel_platformer"",""pyxel_shooter"",""pyxel_snake""]",daylight,"[""pyxel_platformer"",""pyxel_shooter"",""pyxel_snake""]",daylight+pyxel_platformer+pyxel_shooter+pyxel_snake,daylight+pyxel_platformer+pyxel_shooter+pyxel_snake__r03,,,3,13328020676611241538,10,30,1,10,windows-rtx4060,0,0,grid_2x2,true,84,a36b78d2998befbd10330adef8f5ab1f813a7a68144bd44a59f55bb779224525,608d817cd8d44787fc0ba4c2f2ee507f0b4c987f,data/raw/remaining-s30/formal-v1/formal-v1__extra__daylight+pyxel_platformer+pyxel_shooter+pyxel_snake__r03,"{""daylight"":""games/pyxel/apps-src/30SecondsOfDaylight/src/main.py"",""pyxel_platformer"":""games/pyxel/10_platformer.py"",""pyxel_shooter"":""games/pyxel/09_shooter.py"",""pyxel_snake"":""games/pyxel/07_snake.py""}","{""daylight"":""21a365375249e9d7ea05e78dcfe040f09cc1f0c66bd410bae084190c743a028f"",""pyxel_platformer"":""1b2c75b49dc9ab0254fb4b724682a4787868814a38d2f08920720dc5b6007ac5"",""pyxel_shooter"":""0f53e4156907eac41080a8f289e22c89365b3239517c754cf59a51af201d5563"",""pyxel_snake"":""bc533fef92d1d358e570f69d979919fe5c1cd8c4da49841104b49a1e661a5ac3""}",b05185fead65e0ce7c5de350d10246b6d2afb34d27d0d9e201836a08fca222ce
1,557,formal-v1__profile__daylight__gpu_compute__p025__r03,formal-v1,profile,not_applicable,pressure_profile,"[""daylight""]",daylight,[],,,gpu_compute,0.25,3,749183187063128441,10,30,1,10,windows-rtx4060,0,0,grid_2x2,true,84,a36b78d2998befbd10330adef8f5ab1f813a7a68144bd44a59f55bb779224525,608d817cd8d44787fc0ba4c2f2ee507f0b4c987f,data/raw/remaining-s30/formal-v1/formal-v1__profile__daylight__gpu_compute__p025__r03,"{""daylight"":""games/pyxel/apps-src/30SecondsOfDaylight/src/main.py""}","{""daylight"":""21a365375249e9d7ea05e78dcfe040f09cc1f0c66bd410bae084190c743a028f""}",05015b5921fac2d846f84006c31af5567f2e67696e5719dfefed7a2ff3335127
1,558,formal-v1__profile__pyxel_platformer__memory_bandwidth__p025__r03,formal-v1,profile,not_applicable,pressure_profile,"[""pyxel_platformer""]",pyxel_platformer,[],,,memory_bandwidth,0.25,3,6407012450131811621,10,30,1,10,windows-rtx4060,0,0,grid_2x2,true,84,a36b78d2998befbd10330adef8f5ab1f813a7a68144bd44a59f55bb779224525,608d817cd8d44787fc0ba4c2f2ee507f0b4c987f,data/raw/remaining-s30/formal-v1/formal-v1__profile__pyxel_platformer__memory_bandwidth__p025__r03,"{""pyxel_platformer"":""games/pyxel/10_platformer.py""}","{""pyxel_platformer"":""1b2c75b49dc9ab0254fb4b724682a4787868814a38d2f08920720dc5b6007ac5""}",f8709fe7025a71b6848b8e87c438cda560d32ace0477b6eb561d7da9a2f60a09
1,559,formal-v1__profile__mega_wing__gpu_memory__p050__r03,formal-v1,profile,not_applicable,pressure_profile,"[""mega_wing""]",mega_wing,[],,,gpu_memory,0.5,3,10059944171346308046,10,30,1,10,windows-rtx4060,0,0,grid_2x2,true,84,a36b78d2998befbd10330adef8f5ab1f813a7a68144bd44a59f55bb779224525,608d817cd8d44787fc0ba4c2f2ee507f0b4c987f,data/raw/remaining-s30/formal-v1/formal-v1__profile__mega_wing__gpu_memory__p050__r03,"{""mega_wing"":""games/pyxel/apps-src/mega_wing/mega_wing.py""}","{""mega_wing"":""86bad6c02a303806c58137503739241dc6b1e86695f7c0dbf672b5e1a1464e9f""}",e84d4ddd4c10c6cbe1f49517324eaed1ae6b00fe0a7e22a09975395c48dfc89b
1,560,formal-v1__profile__pyxel_jump__gpu_compute__p000__r01,formal-v1,profile,not_applicable,pressure_profile,"[""pyxel_jump""]",pyxel_jump,[],,,gpu_compute,0,1,16045919972083546316,10,30,1,10,windows-rtx4060,0,0,grid_2x2,true,84,a36b78d2998befbd10330adef8f5ab1f813a7a68144bd44a59f55bb779224525,608d817cd8d44787fc0ba4c2f2ee507f0b4c987f,data/raw/remaining-s30/formal-v1/formal-v1__profile__pyxel_jump__gpu_compute__p000__r01,"{""pyxel_jump"":""games/pyxel/02_jump_game.py""}","{""pyxel_jump"":""4743a825f1c9cae7e049ac52115f4ecf83350db546c00745a54af187d7bc2e46""}",9762fb0f17c24713a50662d504072c35631f6b9b5341cb2fff5fa41c278998f4
1,561,formal-v1__solo__pyxel_bubbles__r02,formal-v1,solo,not_applicable,solo,"[""pyxel_bubbles""]",pyxel_bubbles,[],,,,,2,9258445529914912663,10,30,1,10,windows-rtx4060,0,0,grid_2x2,true,84,a36b78d2998befbd10330adef8f5ab1f813a7a68144bd44a59f55bb779224525,608d817cd8d44787fc0ba4c2f2ee507f0b4c987f,data/raw/remaining-s30/formal-v1/formal-v1__solo__pyxel_bubbles__r02,"{""pyxel_bubbles"":""games/pyxel/06_click_game.py""}","{""pyxel_bubbles"":""54c101e90bdaed839ac4c4284494530d5df37a5819a35f1e41eebb0b3da5d900""}",02b038326c51cd167c63323301b9eca5d9179b9da2e0849471f2def57076614f
1,562,formal-v1__profile__daylight__cpu_compute__p100__r02,formal-v1,profile,not_applicable,pressure_profile,"[""daylight""]",daylight,[],,,cpu_compute,1,2,6244405580656151508,10,30,1,10,windows-rtx4060,0,0,grid_2x2,true,84,a36b78d2998befbd10330adef8f5ab1f813a7a68144bd44a59f55bb779224525,608d817cd8d44787fc0ba4c2f2ee507f0b4c987f,data/raw/remaining-s30/formal-v1/formal-v1__profile__daylight__cpu_compute__p100__r02,"{""daylight"":""games/pyxel/apps-src/30SecondsOfDaylight/src/main.py""}","{""daylight"":""21a365375249e9d7ea05e78dcfe040f09cc1f0c66bd410bae084190c743a028f""}",8cf3ff2d3e85aecf84e71c88c171b402e77f2f4b6610f849704846e022b9fff5
1,563,formal-v1__profile__pyxel_bubbles__memory_bandwidth__p025__r03,formal-v1,profile,not_applicable,pressure_profile,"[""pyxel_bubbles""]",pyxel_bubbles,[],,,memory_bandwidth,0.25,3,9085066560137111869,10,30,1,10,windows-rtx4060,0,0,grid_2x2,true,84,a36b78d2998befbd10330adef8f5ab1f813a7a68144bd44a59f55bb779224525,608d817cd8d44787fc0ba4c2f2ee507f0b4c987f,data/raw/remaining-s30/formal-v1/formal-v1__profile__pyxel_bubbles__memory_bandwidth__p025__r03,"{""pyxel_bubbles"":""games/pyxel/06_click_game.py""}","{""pyxel_bubbles"":""54c101e90bdaed839ac4c4284494530d5df37a5819a35f1e41eebb0b3da5d900""}",8df9bd4f338bd896553e8b3a8be2b99cebf7a120de525513d279f0d5e82d5e96
1,564,formal-v1__profile__pyxel_bubbles__gpu_memory__p100__r03,formal-v1,profile,not_applicable,pressure_profile,"[""pyxel_bubbles""]",pyxel_bubbles,[],,,gpu_memory,1,3,17378968074676674643,10,30,1,10,windows-rtx4060,0,0,grid_2x2,true,84,a36b78d2998befbd10330adef8f5ab1f813a7a68144bd44a59f55bb779224525,608d817cd8d44787fc0ba4c2f2ee507f0b4c987f,data/raw/remaining-s30/formal-v1/formal-v1__profile__pyxel_bubbles__gpu_memory__p100__r03,"{""pyxel_bubbles"":""games/pyxel/06_click_game.py""}","{""pyxel_bubbles"":""54c101e90bdaed839ac4c4284494530d5df37a5819a35f1e41eebb0b3da5d900""}",b4b0d06ea6817d374b278d82255796f60e3f396d2a516eab0bfd9273c5c37838
1,565,formal-v1__profile__mega_wing__cpu_compute__p025__r01,formal-v1,profile,not_applicable,pressure_profile,"[""mega_wing""]",mega_wing,[],,,cpu_compute,0.25,1,5506231698832259776,10,30,1,10,windows-rtx4060,0,0,grid_2x2,true,84,a36b78d2998befbd10330adef8f5ab1f813a7a68144bd44a59f55bb779224525,608d817cd8d44787fc0ba4c2f2ee507f0b4c987f,data/raw/remaining-s30/formal-v1/formal-v1__profile__mega_wing__cpu_compute__p025__r01,"{""mega_wing"":""games/pyxel/apps-src/mega_wing/mega_wing.py""}","{""mega_wing"":""86bad6c02a303806c58137503739241dc6b1e86695f7c0dbf672b5e1a1464e9f""}",a56f9d6996df8a2bfb9e527db087d150fa46e81987440ef5b79bbdcee96c015b
1,566,formal-v1__colocation__pyxel_bubbles+pyxel_shooter__r01,formal-v1,colocation-main,train,colocation,"[""pyxel_bubbles"",""pyxel_shooter""]",pyxel_bubbles,"[""pyxel_shooter""]",pyxel_bubbles+pyxel_shooter,pyxel_bubbles+pyxel_shooter__r01,,,1,18084132692930187695,10,30,1,10,windows-rtx4060,0,0,grid_2x2,true,84,a36b78d2998befbd10330adef8f5ab1f813a7a68144bd44a59f55bb779224525,608d817cd8d44787fc0ba4c2f2ee507f0b4c987f,data/raw/remaining-s30/formal-v1/formal-v1__colocation__pyxel_bubbles+pyxel_shooter__r01,"{""pyxel_bubbles"":""games/pyxel/06_click_game.py"",""pyxel_shooter"":""games/pyxel/09_shooter.py""}","{""pyxel_bubbles"":""54c101e90bdaed839ac4c4284494530d5df37a5819a35f1e41eebb0b3da5d900"",""pyxel_shooter"":""0f53e4156907eac41080a8f289e22c89365b3239517c754cf59a51af201d5563""}",485d3e6dc2667d8062ef7eb377d9faa6bade5931c927e14c60deb164e615558d
1,567,formal-v1__profile__daylight__gpu_memory__p100__r03,formal-v1,profile,not_applicable,pressure_profile,"[""daylight""]",daylight,[],,,gpu_memory,1,3,5071430004035607435,10,30,1,10,windows-rtx4060,0,0,grid_2x2,true,84,a36b78d2998befbd10330adef8f5ab1f813a7a68144bd44a59f55bb779224525,608d817cd8d44787fc0ba4c2f2ee507f0b4c987f,data/raw/remaining-s30/formal-v1/formal-v1__profile__daylight__gpu_memory__p100__r03,"{""daylight"":""games/pyxel/apps-src/30SecondsOfDaylight/src/main.py""}","{""daylight"":""21a365375249e9d7ea05e78dcfe040f09cc1f0c66bd410bae084190c743a028f""}",64f56fa8af1e9be425da55e7b5dde5887ac12b4e7857014042f87b8e0003c4d7
1,568,formal-v1__colocation__mega_wing+pyxel_bubbles__r01,formal-v1,colocation-main,test,colocation,"[""mega_wing"",""pyxel_bubbles""]",mega_wing,"[""pyxel_bubbles""]",mega_wing+pyxel_bubbles,mega_wing+pyxel_bubbles__r01,,,1,7664317210654164220,10,30,1,10,windows-rtx4060,0,0,grid_2x2,true,84,a36b78d2998befbd10330adef8f5ab1f813a7a68144bd44a59f55bb779224525,608d817cd8d44787fc0ba4c2f2ee507f0b4c987f,data/raw/remaining-s30/formal-v1/formal-v1__colocation__mega_wing+pyxel_bubbles__r01,"{""mega_wing"":""games/pyxel/apps-src/mega_wing/mega_wing.py"",""pyxel_bubbles"":""games/pyxel/06_click_game.py""}","{""mega_wing"":""86bad6c02a303806c58137503739241dc6b1e86695f7c0dbf672b5e1a1464e9f"",""pyxel_bubbles"":""54c101e90bdaed839ac4c4284494530d5df37a5819a35f1e41eebb0b3da5d900""}",d6e88e6199800cda0d2b6834842079d838f8f0b082b6548301d54a501609930d
1,569,formal-v1__profile__pyxel_platformer__gpu_compute__p000__r01,formal-v1,profile,not_applicable,pressure_profile,"[""pyxel_platformer""]",pyxel_platformer,[],,,gpu_compute,0,1,18142963841686873740,10,30,1,10,windows-rtx4060,0,0,grid_2x2,true,84,a36b78d2998befbd10330adef8f5ab1f813a7a68144bd44a59f55bb779224525,608d817cd8d44787fc0ba4c2f2ee507f0b4c987f,data/raw/remaining-s30/formal-v1/formal-v1__profile__pyxel_platformer__gpu_compute__p000__r01,"{""pyxel_platformer"":""games/pyxel/10_platformer.py""}","{""pyxel_platformer"":""1b2c75b49dc9ab0254fb4b724682a4787868814a38d2f08920720dc5b6007ac5""}",0dbac30d7d04a76ea46396ed79cbd8242c1829728ad7fa672adf65a48219d542
1,570,formal-v1__profile__pyxel_platformer__memory_bandwidth__p000__r02,formal-v1,profile,not_applicable,pressure_profile,"[""pyxel_platformer""]",pyxel_platformer,[],,,memory_bandwidth,0,2,16020268150194630823,10,30,1,10,windows-rtx4060,0,0,grid_2x2,true,84,a36b78d2998befbd10330adef8f5ab1f813a7a68144bd44a59f55bb779224525,608d817cd8d44787fc0ba4c2f2ee507f0b4c987f,data/raw/remaining-s30/formal-v1/formal-v1__profile__pyxel_platformer__memory_bandwidth__p000__r02,"{""pyxel_platformer"":""games/pyxel/10_platformer.py""}","{""pyxel_platformer"":""1b2c75b49dc9ab0254fb4b724682a4787868814a38d2f08920720dc5b6007ac5""}",58618a2a6596849fbeb242eff7277b4af1e60e23abe57885665d5ff591dea0db
1,571,formal-v1__profile__mega_wing__gpu_memory__p075__r01,formal-v1,profile,not_applicable,pressure_profile,"[""mega_wing""]",mega_wing,[],,,gpu_memory,0.75,1,4074804544823820589,10,30,1,10,windows-rtx4060,0,0,grid_2x2,true,84,a36b78d2998befbd10330adef8f5ab1f813a7a68144bd44a59f55bb779224525,608d817cd8d44787fc0ba4c2f2ee507f0b4c987f,data/raw/remaining-s30/formal-v1/formal-v1__profile__mega_wing__gpu_memory__p075__r01,"{""mega_wing"":""games/pyxel/apps-src/mega_wing/mega_wing.py""}","{""mega_wing"":""86bad6c02a303806c58137503739241dc6b1e86695f7c0dbf672b5e1a1464e9f""}",93b30877797babcd0d2f944ec2b1c1b44fe56d1a1c1f161f2a0daa4c74e89bbf
1,572,formal-v1__profile__space_rescue__memory_bandwidth__p075__r02,formal-v1,profile,not_applicable,pressure_profile,"[""space_rescue""]",space_rescue,[],,,memory_bandwidth,0.75,2,4922494490902519664,10,30,1,10,windows-rtx4060,0,0,grid_2x2,true,84,a36b78d2998befbd10330adef8f5ab1f813a7a68144bd44a59f55bb779224525,608d817cd8d44787fc0ba4c2f2ee507f0b4c987f,data/raw/remaining-s30/formal-v1/formal-v1__profile__space_rescue__memory_bandwidth__p075__r02,"{""space_rescue"":""games/pyxel/apps-src/space_rescue/space_rescue.py""}","{""space_rescue"":""f3b0ab6784ae558e64f06a3f0a704e53f107a130aa3d43357659d0850131e461""}",155bf5304d1a5d2cf590eadd749ae65b61d9c7c1b2e39ed2c13c79456b8296b9
1,573,formal-v1__colocation__mega_wing+pyxel_bubbles+space_rescue__r02,formal-v1,colocation-main,train,colocation,"[""mega_wing"",""pyxel_bubbles"",""space_rescue""]",mega_wing,"[""pyxel_bubbles"",""space_rescue""]",mega_wing+pyxel_bubbles+space_rescue,mega_wing+pyxel_bubbles+space_rescue__r02,,,2,12421338202025968334,10,30,1,10,windows-rtx4060,0,0,grid_2x2,true,84,a36b78d2998befbd10330adef8f5ab1f813a7a68144bd44a59f55bb779224525,608d817cd8d44787fc0ba4c2f2ee507f0b4c987f,data/raw/remaining-s30/formal-v1/formal-v1__colocation__mega_wing+pyxel_bubbles+space_rescue__r02,"{""mega_wing"":""games/pyxel/apps-src/mega_wing/mega_wing.py"",""pyxel_bubbles"":""games/pyxel/06_click_game.py"",""space_rescue"":""games/pyxel/apps-src/space_rescue/space_rescue.py""}","{""mega_wing"":""86bad6c02a303806c58137503739241dc6b1e86695f7c0dbf672b5e1a1464e9f"",""pyxel_bubbles"":""54c101e90bdaed839ac4c4284494530d5df37a5819a35f1e41eebb0b3da5d900"",""space_rescue"":""f3b0ab6784ae558e64f06a3f0a704e53f107a130aa3d43357659d0850131e461""}",f18fcee687d0e57596c886be380168e2e87f6ebdbdc51287c3762ada8e12042b
1,574,formal-v1__profile__pyxel_bubbles__cpu_compute__p050__r03,formal-v1,profile,not_applicable,pressure_profile,"[""pyxel_bubbles""]",pyxel_bubbles,[],,,cpu_compute,0.5,3,8097135385450377352,10,30,1,10,windows-rtx4060,0,0,grid_2x2,true,84,a36b78d2998befbd10330adef8f5ab1f813a7a68144bd44a59f55bb779224525,608d817cd8d44787fc0ba4c2f2ee507f0b4c987f,data/raw/remaining-s30/formal-v1/formal-v1__profile__pyxel_bubbles__cpu_compute__p050__r03,"{""pyxel_bubbles"":""games/pyxel/06_click_game.py""}","{""pyxel_bubbles"":""54c101e90bdaed839ac4c4284494530d5df37a5819a35f1e41eebb0b3da5d900""}",61307d6dfb5e5fbccdab3b52b526c819742c5dca82592397b1cc99008f0638e4
1,575,formal-v1__profile__pyxel_shooter__memory_bandwidth__p100__r01,formal-v1,profile,not_applicable,pressure_profile,"[""pyxel_shooter""]",pyxel_shooter,[],,,memory_bandwidth,1,1,16760051971975883249,10,30,1,10,windows-rtx4060,0,0,grid_2x2,true,84,a36b78d2998befbd10330adef8f5ab1f813a7a68144bd44a59f55bb779224525,608d817cd8d44787fc0ba4c2f2ee507f0b4c987f,data/raw/remaining-s30/formal-v1/formal-v1__profile__pyxel_shooter__memory_bandwidth__p100__r01,"{""pyxel_shooter"":""games/pyxel/09_shooter.py""}","{""pyxel_shooter"":""0f53e4156907eac41080a8f289e22c89365b3239517c754cf59a51af201d5563""}",e5dfe533cec77bbe234346a870e7668749455bfb93abd53eff66bb8426fa79fb
1,576,formal-v1__profile__mega_wing__memory_bandwidth__p100__r02,formal-v1,profile,not_applicable,pressure_profile,"[""mega_wing""]",mega_wing,[],,,memory_bandwidth,1,2,12076705729341382433,10,30,1,10,windows-rtx4060,0,0,grid_2x2,true,84,a36b78d2998befbd10330adef8f5ab1f813a7a68144bd44a59f55bb779224525,608d817cd8d44787fc0ba4c2f2ee507f0b4c987f,data/raw/remaining-s30/formal-v1/formal-v1__profile__mega_wing__memory_bandwidth__p100__r02,"{""mega_wing"":""games/pyxel/apps-src/mega_wing/mega_wing.py""}","{""mega_wing"":""86bad6c02a303806c58137503739241dc6b1e86695f7c0dbf672b5e1a1464e9f""}",c183b0ef6068ce9c6f42cd5fb554b7b2cd60c76fd5342d94dcde9540eb05424e
1,577,formal-v1__profile__pyxel_shooter__memory_bandwidth__p000__r02,formal-v1,profile,not_applicable,pressure_profile,"[""pyxel_shooter""]",pyxel_shooter,[],,,memory_bandwidth,0,2,5058384098521316371,10,30,1,10,windows-rtx4060,0,0,grid_2x2,true,84,a36b78d2998befbd10330adef8f5ab1f813a7a68144bd44a59f55bb779224525,608d817cd8d44787fc0ba4c2f2ee507f0b4c987f,data/raw/remaining-s30/formal-v1/formal-v1__profile__pyxel_shooter__memory_bandwidth__p000__r02,"{""pyxel_shooter"":""games/pyxel/09_shooter.py""}","{""pyxel_shooter"":""0f53e4156907eac41080a8f289e22c89365b3239517c754cf59a51af201d5563""}",3533336dadb725d61e79d01aa4215e4b5c0de3e7d93bc85ea278eb7329fe1a3d
1,578,formal-v1__profile__space_rescue__gpu_memory__p100__r03,formal-v1,profile,not_applicable,pressure_profile,"[""space_rescue""]",space_rescue,[],,,gpu_memory,1,3,13207949832821095296,10,30,1,10,windows-rtx4060,0,0,grid_2x2,true,84,a36b78d2998befbd10330adef8f5ab1f813a7a68144bd44a59f55bb779224525,608d817cd8d44787fc0ba4c2f2ee507f0b4c987f,data/raw/remaining-s30/formal-v1/formal-v1__profile__space_rescue__gpu_memory__p100__r03,"{""space_rescue"":""games/pyxel/apps-src/space_rescue/space_rescue.py""}","{""space_rescue"":""f3b0ab6784ae558e64f06a3f0a704e53f107a130aa3d43357659d0850131e461""}",75bef8b461dab7bc298f4c676458d6916f50c55469b7b505f9f06bdd4dbb3662
1,579,formal-v1__colocation__daylight+pyxel_snake__r02,formal-v1,colocation-main,train,colocation,"[""daylight"",""pyxel_snake""]",daylight,"[""pyxel_snake""]",daylight+pyxel_snake,daylight+pyxel_snake__r02,,,2,9318859405188917377,10,30,1,10,windows-rtx4060,0,0,grid_2x2,true,84,a36b78d2998befbd10330adef8f5ab1f813a7a68144bd44a59f55bb779224525,608d817cd8d44787fc0ba4c2f2ee507f0b4c987f,data/raw/remaining-s30/formal-v1/formal-v1__colocation__daylight+pyxel_snake__r02,"{""daylight"":""games/pyxel/apps-src/30SecondsOfDaylight/src/main.py"",""pyxel_snake"":""games/pyxel/07_snake.py""}","{""daylight"":""21a365375249e9d7ea05e78dcfe040f09cc1f0c66bd410bae084190c743a028f"",""pyxel_snake"":""bc533fef92d1d358e570f69d979919fe5c1cd8c4da49841104b49a1e661a5ac3""}",2635f2968d4964c482b1f88d5220ac906329df04806772b1e215db2c737cc1d2
1,580,formal-v1__profile__daylight__memory_bandwidth__p025__r03,formal-v1,profile,not_applicable,pressure_profile,"[""daylight""]",daylight,[],,,memory_bandwidth,0.25,3,16771414784401515440,10,30,1,10,windows-rtx4060,0,0,grid_2x2,true,84,a36b78d2998befbd10330adef8f5ab1f813a7a68144bd44a59f55bb779224525,608d817cd8d44787fc0ba4c2f2ee507f0b4c987f,data/raw/remaining-s30/formal-v1/formal-v1__profile__daylight__memory_bandwidth__p025__r03,"{""daylight"":""games/pyxel/apps-src/30SecondsOfDaylight/src/main.py""}","{""daylight"":""21a365375249e9d7ea05e78dcfe040f09cc1f0c66bd410bae084190c743a028f""}",b497d3dd14a106ee07f92cbdae6c1ef4399c0cb10a98185bf15609a822cfa46c
1,581,formal-v1__profile__pyxel_jump__cpu_compute__p075__r03,formal-v1,profile,not_applicable,pressure_profile,"[""pyxel_jump""]",pyxel_jump,[],,,cpu_compute,0.75,3,2635009032766366484,10,30,1,10,windows-rtx4060,0,0,grid_2x2,true,84,a36b78d2998befbd10330adef8f5ab1f813a7a68144bd44a59f55bb779224525,608d817cd8d44787fc0ba4c2f2ee507f0b4c987f,data/raw/remaining-s30/formal-v1/formal-v1__profile__pyxel_jump__cpu_compute__p075__r03,"{""pyxel_jump"":""games/pyxel/02_jump_game.py""}","{""pyxel_jump"":""4743a825f1c9cae7e049ac52115f4ecf83350db546c00745a54af187d7bc2e46""}",238a0cbe4a9f00cd6d92397274ff26274d594399d18e5dbcc9f18970765307e7
1,582,formal-v1__profile__space_rescue__cpu_compute__p075__r02,formal-v1,profile,not_applicable,pressure_profile,"[""space_rescue""]",space_rescue,[],,,cpu_compute,0.75,2,11294094724578276243,10,30,1,10,windows-rtx4060,0,0,grid_2x2,true,84,a36b78d2998befbd10330adef8f5ab1f813a7a68144bd44a59f55bb779224525,608d817cd8d44787fc0ba4c2f2ee507f0b4c987f,data/raw/remaining-s30/formal-v1/formal-v1__profile__space_rescue__cpu_compute__p075__r02,"{""space_rescue"":""games/pyxel/apps-src/space_rescue/space_rescue.py""}","{""space_rescue"":""f3b0ab6784ae558e64f06a3f0a704e53f107a130aa3d43357659d0850131e461""}",4f7ec54df80fbf8199b89b721d1b3deee72a64e8f77372e86bd31d22d0cb989d
1,583,formal-v1__colocation__mega_wing+pyxel_platformer+pyxel_shooter__r01,formal-v1,colocation-main,test,colocation,"[""mega_wing"",""pyxel_platformer"",""pyxel_shooter""]",mega_wing,"[""pyxel_platformer"",""pyxel_shooter""]",mega_wing+pyxel_platformer+pyxel_shooter,mega_wing+pyxel_platformer+pyxel_shooter__r01,,,1,16027148539821522231,10,30,1,10,windows-rtx4060,0,0,grid_2x2,true,84,a36b78d2998befbd10330adef8f5ab1f813a7a68144bd44a59f55bb779224525,608d817cd8d44787fc0ba4c2f2ee507f0b4c987f,data/raw/remaining-s30/formal-v1/formal-v1__colocation__mega_wing+pyxel_platformer+pyxel_shooter__r01,"{""mega_wing"":""games/pyxel/apps-src/mega_wing/mega_wing.py"",""pyxel_platformer"":""games/pyxel/10_platformer.py"",""pyxel_shooter"":""games/pyxel/09_shooter.py""}","{""mega_wing"":""86bad6c02a303806c58137503739241dc6b1e86695f7c0dbf672b5e1a1464e9f"",""pyxel_platformer"":""1b2c75b49dc9ab0254fb4b724682a4787868814a38d2f08920720dc5b6007ac5"",""pyxel_shooter"":""0f53e4156907eac41080a8f289e22c89365b3239517c754cf59a51af201d5563""}",99bc7c5ae7672e23629a64ed5a69bfff48ad53a01a33be385c3a8a63dd4a738a
1,584,formal-v1__profile__mega_wing__gpu_memory__p000__r01,formal-v1,profile,not_applicable,pressure_profile,"[""mega_wing""]",mega_wing,[],,,gpu_memory,0,1,10877227467419782675,10,30,1,10,windows-rtx4060,0,0,grid_2x2,true,84,a36b78d2998befbd10330adef8f5ab1f813a7a68144bd44a59f55bb779224525,608d817cd8d44787fc0ba4c2f2ee507f0b4c987f,data/raw/remaining-s30/formal-v1/formal-v1__profile__mega_wing__gpu_memory__p000__r01,"{""mega_wing"":""games/pyxel/apps-src/mega_wing/mega_wing.py""}","{""mega_wing"":""86bad6c02a303806c58137503739241dc6b1e86695f7c0dbf672b5e1a1464e9f""}",508ffe911d05d753db5cf3a9a77719756a689886be4131bfbfc6b509fa1f1903
1,585,formal-v1__profile__mega_wing__memory_bandwidth__p075__r03,formal-v1,profile,not_applicable,pressure_profile,"[""mega_wing""]",mega_wing,[],,,memory_bandwidth,0.75,3,2229441213329195687,10,30,1,10,windows-rtx4060,0,0,grid_2x2,true,84,a36b78d2998befbd10330adef8f5ab1f813a7a68144bd44a59f55bb779224525,608d817cd8d44787fc0ba4c2f2ee507f0b4c987f,data/raw/remaining-s30/formal-v1/formal-v1__profile__mega_wing__memory_bandwidth__p075__r03,"{""mega_wing"":""games/pyxel/apps-src/mega_wing/mega_wing.py""}","{""mega_wing"":""86bad6c02a303806c58137503739241dc6b1e86695f7c0dbf672b5e1a1464e9f""}",2cad1ba8370f78aecbd1d0bdbb009c670fb4b6fd3ae38758797b34ba87fbd574
1,586,formal-v1__profile__pyxel_platformer__cpu_compute__p075__r01,formal-v1,profile,not_applicable,pressure_profile,"[""pyxel_platformer""]",pyxel_platformer,[],,,cpu_compute,0.75,1,1292679609294179884,10,30,1,10,windows-rtx4060,0,0,grid_2x2,true,84,a36b78d2998befbd10330adef8f5ab1f813a7a68144bd44a59f55bb779224525,608d817cd8d44787fc0ba4c2f2ee507f0b4c987f,data/raw/remaining-s30/formal-v1/formal-v1__profile__pyxel_platformer__cpu_compute__p075__r01,"{""pyxel_platformer"":""games/pyxel/10_platformer.py""}","{""pyxel_platformer"":""1b2c75b49dc9ab0254fb4b724682a4787868814a38d2f08920720dc5b6007ac5""}",a0aec9e93f1df4b787e320ede0c4b345118cce785e14e306beb3e189121b90eb
1,587,formal-v1__profile__pyxel_snake__memory_bandwidth__p025__r01,formal-v1,profile,not_applicable,pressure_profile,"[""pyxel_snake""]",pyxel_snake,[],,,memory_bandwidth,0.25,1,12823400516448632836,10,30,1,10,windows-rtx4060,0,0,grid_2x2,true,84,a36b78d2998befbd10330adef8f5ab1f813a7a68144bd44a59f55bb779224525,608d817cd8d44787fc0ba4c2f2ee507f0b4c987f,data/raw/remaining-s30/formal-v1/formal-v1__profile__pyxel_snake__memory_bandwidth__p025__r01,"{""pyxel_snake"":""games/pyxel/07_snake.py""}","{""pyxel_snake"":""bc533fef92d1d358e570f69d979919fe5c1cd8c4da49841104b49a1e661a5ac3""}",512d23112267ae4f02f314738e5f54f238b2f93857377794f6c3da1d59a4f982
1,588,formal-v1__profile__pyxel_shooter__cpu_compute__p075__r02,formal-v1,profile,not_applicable,pressure_profile,"[""pyxel_shooter""]",pyxel_shooter,[],,,cpu_compute,0.75,2,10339157325362401709,10,30,1,10,windows-rtx4060,0,0,grid_2x2,true,84,a36b78d2998befbd10330adef8f5ab1f813a7a68144bd44a59f55bb779224525,608d817cd8d44787fc0ba4c2f2ee507f0b4c987f,data/raw/remaining-s30/formal-v1/formal-v1__profile__pyxel_shooter__cpu_compute__p075__r02,"{""pyxel_shooter"":""games/pyxel/09_shooter.py""}","{""pyxel_shooter"":""0f53e4156907eac41080a8f289e22c89365b3239517c754cf59a51af201d5563""}",9fad641c4d82b508350832202bd9a72af2e984aa3f671c7663fad0cf29f5e993
1,589,formal-v1__profile__pyxel_bubbles__gpu_compute__p100__r01,formal-v1,profile,not_applicable,pressure_profile,"[""pyxel_bubbles""]",pyxel_bubbles,[],,,gpu_compute,1,1,16725971839783058247,10,30,1,10,windows-rtx4060,0,0,grid_2x2,true,84,a36b78d2998befbd10330adef8f5ab1f813a7a68144bd44a59f55bb779224525,608d817cd8d44787fc0ba4c2f2ee507f0b4c987f,data/raw/remaining-s30/formal-v1/formal-v1__profile__pyxel_bubbles__gpu_compute__p100__r01,"{""pyxel_bubbles"":""games/pyxel/06_click_game.py""}","{""pyxel_bubbles"":""54c101e90bdaed839ac4c4284494530d5df37a5819a35f1e41eebb0b3da5d900""}",1189b71be53298085a75198d016e87104be716b275380f2ab4ddca0fb3956876
1,590,formal-v1__profile__daylight__gpu_memory__p025__r02,formal-v1,profile,not_applicable,pressure_profile,"[""daylight""]",daylight,[],,,gpu_memory,0.25,2,5358154648695833250,10,30,1,10,windows-rtx4060,0,0,grid_2x2,true,84,a36b78d2998befbd10330adef8f5ab1f813a7a68144bd44a59f55bb779224525,608d817cd8d44787fc0ba4c2f2ee507f0b4c987f,data/raw/remaining-s30/formal-v1/formal-v1__profile__daylight__gpu_memory__p025__r02,"{""daylight"":""games/pyxel/apps-src/30SecondsOfDaylight/src/main.py""}","{""daylight"":""21a365375249e9d7ea05e78dcfe040f09cc1f0c66bd410bae084190c743a028f""}",203b3abd8ff82423cd368b83756910bebf7fed9ee73ea3f1ea0a8b3837ee5e39
1,591,formal-v1__profile__pyxel_bubbles__gpu_memory__p075__r02,formal-v1,profile,not_applicable,pressure_profile,"[""pyxel_bubbles""]",pyxel_bubbles,[],,,gpu_memory,0.75,2,1255275793115030458,10,30,1,10,windows-rtx4060,0,0,grid_2x2,true,84,a36b78d2998befbd10330adef8f5ab1f813a7a68144bd44a59f55bb779224525,608d817cd8d44787fc0ba4c2f2ee507f0b4c987f,data/raw/remaining-s30/formal-v1/formal-v1__profile__pyxel_bubbles__gpu_memory__p075__r02,"{""pyxel_bubbles"":""games/pyxel/06_click_game.py""}","{""pyxel_bubbles"":""54c101e90bdaed839ac4c4284494530d5df37a5819a35f1e41eebb0b3da5d900""}",7f4d3218e55f2eb8805fff128484036a9d6851f15558e937211608aead99a438
1,592,formal-v1__colocation__pyxel_bubbles+pyxel_platformer__r02,formal-v1,colocation-main,train,colocation,"[""pyxel_bubbles"",""pyxel_platformer""]",pyxel_bubbles,"[""pyxel_platformer""]",pyxel_bubbles+pyxel_platformer,pyxel_bubbles+pyxel_platformer__r02,,,2,12381208389790326575,10,30,1,10,windows-rtx4060,0,0,grid_2x2,true,84,a36b78d2998befbd10330adef8f5ab1f813a7a68144bd44a59f55bb779224525,608d817cd8d44787fc0ba4c2f2ee507f0b4c987f,data/raw/remaining-s30/formal-v1/formal-v1__colocation__pyxel_bubbles+pyxel_platformer__r02,"{""pyxel_bubbles"":""games/pyxel/06_click_game.py"",""pyxel_platformer"":""games/pyxel/10_platformer.py""}","{""pyxel_bubbles"":""54c101e90bdaed839ac4c4284494530d5df37a5819a35f1e41eebb0b3da5d900"",""pyxel_platformer"":""1b2c75b49dc9ab0254fb4b724682a4787868814a38d2f08920720dc5b6007ac5""}",33bb723d1fcef30b74fb629b2af5576ac1c34368c6c841485c7b64b6b353c327
1,593,formal-v1__profile__pyxel_shooter__memory_bandwidth__p075__r02,formal-v1,profile,not_applicable,pressure_profile,"[""pyxel_shooter""]",pyxel_shooter,[],,,memory_bandwidth,0.75,2,12222865531616824191,10,30,1,10,windows-rtx4060,0,0,grid_2x2,true,84,a36b78d2998befbd10330adef8f5ab1f813a7a68144bd44a59f55bb779224525,608d817cd8d44787fc0ba4c2f2ee507f0b4c987f,data/raw/remaining-s30/formal-v1/formal-v1__profile__pyxel_shooter__memory_bandwidth__p075__r02,"{""pyxel_shooter"":""games/pyxel/09_shooter.py""}","{""pyxel_shooter"":""0f53e4156907eac41080a8f289e22c89365b3239517c754cf59a51af201d5563""}",abaeb050aa2faa5ed856e777fff819cd135bbd296be3478d48c8d259f1038fba
1,594,formal-v1__profile__daylight__gpu_compute__p100__r02,formal-v1,profile,not_applicable,pressure_profile,"[""daylight""]",daylight,[],,,gpu_compute,1,2,7587943592733096802,10,30,1,10,windows-rtx4060,0,0,grid_2x2,true,84,a36b78d2998befbd10330adef8f5ab1f813a7a68144bd44a59f55bb779224525,608d817cd8d44787fc0ba4c2f2ee507f0b4c987f,data/raw/remaining-s30/formal-v1/formal-v1__profile__daylight__gpu_compute__p100__r02,"{""daylight"":""games/pyxel/apps-src/30SecondsOfDaylight/src/main.py""}","{""daylight"":""21a365375249e9d7ea05e78dcfe040f09cc1f0c66bd410bae084190c743a028f""}",e2a4339f346303ce741b2938bc869a368ec32ec2ac483aaaf99d3878768d0563
1,595,formal-v1__profile__daylight__gpu_memory__p000__r03,formal-v1,profile,not_applicable,pressure_profile,"[""daylight""]",daylight,[],,,gpu_memory,0,3,7975027885403566589,10,30,1,10,windows-rtx4060,0,0,grid_2x2,true,84,a36b78d2998befbd10330adef8f5ab1f813a7a68144bd44a59f55bb779224525,608d817cd8d44787fc0ba4c2f2ee507f0b4c987f,data/raw/remaining-s30/formal-v1/formal-v1__profile__daylight__gpu_memory__p000__r03,"{""daylight"":""games/pyxel/apps-src/30SecondsOfDaylight/src/main.py""}","{""daylight"":""21a365375249e9d7ea05e78dcfe040f09cc1f0c66bd410bae084190c743a028f""}",2a6abab4d82bae175a9056a434ca8b63043df29b849df39ff52e19feeb2315be
1,596,formal-v1__profile__space_rescue__gpu_compute__p100__r01,formal-v1,profile,not_applicable,pressure_profile,"[""space_rescue""]",space_rescue,[],,,gpu_compute,1,1,9402560737268368881,10,30,1,10,windows-rtx4060,0,0,grid_2x2,true,84,a36b78d2998befbd10330adef8f5ab1f813a7a68144bd44a59f55bb779224525,608d817cd8d44787fc0ba4c2f2ee507f0b4c987f,data/raw/remaining-s30/formal-v1/formal-v1__profile__space_rescue__gpu_compute__p100__r01,"{""space_rescue"":""games/pyxel/apps-src/space_rescue/space_rescue.py""}","{""space_rescue"":""f3b0ab6784ae558e64f06a3f0a704e53f107a130aa3d43357659d0850131e461""}",0ccb3e3728b8df11099860fe8d74ccd31272074ba77ca96827dea6fb988caf38
1,597,formal-v1__profile__mega_wing__memory_bandwidth__p050__r01,formal-v1,profile,not_applicable,pressure_profile,"[""mega_wing""]",mega_wing,[],,,memory_bandwidth,0.5,1,606923485016625452,10,30,1,10,windows-rtx4060,0,0,grid_2x2,true,84,a36b78d2998befbd10330adef8f5ab1f813a7a68144bd44a59f55bb779224525,608d817cd8d44787fc0ba4c2f2ee507f0b4c987f,data/raw/remaining-s30/formal-v1/formal-v1__profile__mega_wing__memory_bandwidth__p050__r01,"{""mega_wing"":""games/pyxel/apps-src/mega_wing/mega_wing.py""}","{""mega_wing"":""86bad6c02a303806c58137503739241dc6b1e86695f7c0dbf672b5e1a1464e9f""}",1075b0e6aa6c1d8d1dcab9be7727dd828cc3486bb79f616c2aeb26f5a5f68009
1,598,formal-v1__profile__space_rescue__gpu_compute__p075__r03,formal-v1,profile,not_applicable,pressure_profile,"[""space_rescue""]",space_rescue,[],,,gpu_compute,0.75,3,359646506878485151,10,30,1,10,windows-rtx4060,0,0,grid_2x2,true,84,a36b78d2998befbd10330adef8f5ab1f813a7a68144bd44a59f55bb779224525,608d817cd8d44787fc0ba4c2f2ee507f0b4c987f,data/raw/remaining-s30/formal-v1/formal-v1__profile__space_rescue__gpu_compute__p075__r03,"{""space_rescue"":""games/pyxel/apps-src/space_rescue/space_rescue.py""}","{""space_rescue"":""f3b0ab6784ae558e64f06a3f0a704e53f107a130aa3d43357659d0850131e461""}",e2485e59a0cadae7c0ad136053766465a9a4df96fafc8c6906e467a04732199d
1,599,formal-v1__profile__pyxel_snake__gpu_compute__p000__r02,formal-v1,profile,not_applicable,pressure_profile,"[""pyxel_snake""]",pyxel_snake,[],,,gpu_compute,0,2,8156035871494291412,10,30,1,10,windows-rtx4060,0,0,grid_2x2,true,84,a36b78d2998befbd10330adef8f5ab1f813a7a68144bd44a59f55bb779224525,608d817cd8d44787fc0ba4c2f2ee507f0b4c987f,data/raw/remaining-s30/formal-v1/formal-v1__profile__pyxel_snake__gpu_compute__p000__r02,"{""pyxel_snake"":""games/pyxel/07_snake.py""}","{""pyxel_snake"":""bc533fef92d1d358e570f69d979919fe5c1cd8c4da49841104b49a1e661a5ac3""}",f011b48ad6a474ee9d4679578131610d9cb80455e8261a21ddded62554a47b02
1,600,formal-v1__profile__pyxel_bubbles__cpu_compute__p050__r01,formal-v1,profile,not_applicable,pressure_profile,"[""pyxel_bubbles""]",pyxel_bubbles,[],,,cpu_compute,0.5,1,17272921641658024684,10,30,1,10,windows-rtx4060,0,0,grid_2x2,true,84,a36b78d2998befbd10330adef8f5ab1f813a7a68144bd44a59f55bb779224525,608d817cd8d44787fc0ba4c2f2ee507f0b4c987f,data/raw/remaining-s30/formal-v1/formal-v1__profile__pyxel_bubbles__cpu_compute__p050__r01,"{""pyxel_bubbles"":""games/pyxel/06_click_game.py""}","{""pyxel_bubbles"":""54c101e90bdaed839ac4c4284494530d5df37a5819a35f1e41eebb0b3da5d900""}",e1843365dc4a17a9ae9fb7e40598aa4c06eff261205f1b55ea5a2ceeb7518b29
1,601,formal-v1__profile__pyxel_shooter__gpu_compute__p025__r01,formal-v1,profile,not_applicable,pressure_profile,"[""pyxel_shooter""]",pyxel_shooter,[],,,gpu_compute,0.25,1,2313480747461281530,10,30,1,10,windows-rtx4060,0,0,grid_2x2,true,84,a36b78d2998befbd10330adef8f5ab1f813a7a68144bd44a59f55bb779224525,608d817cd8d44787fc0ba4c2f2ee507f0b4c987f,data/raw/remaining-s30/formal-v1/formal-v1__profile__pyxel_shooter__gpu_compute__p025__r01,"{""pyxel_shooter"":""games/pyxel/09_shooter.py""}","{""pyxel_shooter"":""0f53e4156907eac41080a8f289e22c89365b3239517c754cf59a51af201d5563""}",f90782761b18d18d73f527303ce5eeb9b847d5c5c5ee1eb2e7fa2259830beb7e
1,602,formal-v1__colocation__mega_wing+pyxel_bubbles+space_rescue__r01,formal-v1,colocation-main,train,colocation,"[""mega_wing"",""pyxel_bubbles"",""space_rescue""]",mega_wing,"[""pyxel_bubbles"",""space_rescue""]",mega_wing+pyxel_bubbles+space_rescue,mega_wing+pyxel_bubbles+space_rescue__r01,,,1,7970642093461217183,10,30,1,10,windows-rtx4060,0,0,grid_2x2,true,84,a36b78d2998befbd10330adef8f5ab1f813a7a68144bd44a59f55bb779224525,608d817cd8d44787fc0ba4c2f2ee507f0b4c987f,data/raw/remaining-s30/formal-v1/formal-v1__colocation__mega_wing+pyxel_bubbles+space_rescue__r01,"{""mega_wing"":""games/pyxel/apps-src/mega_wing/mega_wing.py"",""pyxel_bubbles"":""games/pyxel/06_click_game.py"",""space_rescue"":""games/pyxel/apps-src/space_rescue/space_rescue.py""}","{""mega_wing"":""86bad6c02a303806c58137503739241dc6b1e86695f7c0dbf672b5e1a1464e9f"",""pyxel_bubbles"":""54c101e90bdaed839ac4c4284494530d5df37a5819a35f1e41eebb0b3da5d900"",""space_rescue"":""f3b0ab6784ae558e64f06a3f0a704e53f107a130aa3d43357659d0850131e461""}",82226cfc9ee6b19696d574a19faad2c30beec8a1038de073fb44eaa9f83714e4
1,603,formal-v1__colocation__pyxel_bubbles+pyxel_shooter+pyxel_snake__r03,formal-v1,colocation-main,train,colocation,"[""pyxel_bubbles"",""pyxel_shooter"",""pyxel_snake""]",pyxel_bubbles,"[""pyxel_shooter"",""pyxel_snake""]",pyxel_bubbles+pyxel_shooter+pyxel_snake,pyxel_bubbles+pyxel_shooter+pyxel_snake__r03,,,3,9562112611226621041,10,30,1,10,windows-rtx4060,0,0,grid_2x2,true,84,a36b78d2998befbd10330adef8f5ab1f813a7a68144bd44a59f55bb779224525,608d817cd8d44787fc0ba4c2f2ee507f0b4c987f,data/raw/remaining-s30/formal-v1/formal-v1__colocation__pyxel_bubbles+pyxel_shooter+pyxel_snake__r03,"{""pyxel_bubbles"":""games/pyxel/06_click_game.py"",""pyxel_shooter"":""games/pyxel/09_shooter.py"",""pyxel_snake"":""games/pyxel/07_snake.py""}","{""pyxel_bubbles"":""54c101e90bdaed839ac4c4284494530d5df37a5819a35f1e41eebb0b3da5d900"",""pyxel_shooter"":""0f53e4156907eac41080a8f289e22c89365b3239517c754cf59a51af201d5563"",""pyxel_snake"":""bc533fef92d1d358e570f69d979919fe5c1cd8c4da49841104b49a1e661a5ac3""}",753c5b4677056309982606f554a3e58ec51f3bc024448c90ffc16631ecb1405e
1,604,formal-v1__colocation__daylight+pyxel_shooter+pyxel_snake__r01,formal-v1,colocation-main,train,colocation,"[""daylight"",""pyxel_shooter"",""pyxel_snake""]",daylight,"[""pyxel_shooter"",""pyxel_snake""]",daylight+pyxel_shooter+pyxel_snake,daylight+pyxel_shooter+pyxel_snake__r01,,,1,16835801411798003167,10,30,1,10,windows-rtx4060,0,0,grid_2x2,true,84,a36b78d2998befbd10330adef8f5ab1f813a7a68144bd44a59f55bb779224525,608d817cd8d44787fc0ba4c2f2ee507f0b4c987f,data/raw/remaining-s30/formal-v1/formal-v1__colocation__daylight+pyxel_shooter+pyxel_snake__r01,"{""daylight"":""games/pyxel/apps-src/30SecondsOfDaylight/src/main.py"",""pyxel_shooter"":""games/pyxel/09_shooter.py"",""pyxel_snake"":""games/pyxel/07_snake.py""}","{""daylight"":""21a365375249e9d7ea05e78dcfe040f09cc1f0c66bd410bae084190c743a028f"",""pyxel_shooter"":""0f53e4156907eac41080a8f289e22c89365b3239517c754cf59a51af201d5563"",""pyxel_snake"":""bc533fef92d1d358e570f69d979919fe5c1cd8c4da49841104b49a1e661a5ac3""}",4b8d7b7944c6d81e44f49ebb35f217dc5675bb659269b039b494f65557c29976
1,605,formal-v1__profile__pyxel_snake__cpu_compute__p075__r02,formal-v1,profile,not_applicable,pressure_profile,"[""pyxel_snake""]",pyxel_snake,[],,,cpu_compute,0.75,2,6711901945739001378,10,30,1,10,windows-rtx4060,0,0,grid_2x2,true,84,a36b78d2998befbd10330adef8f5ab1f813a7a68144bd44a59f55bb779224525,608d817cd8d44787fc0ba4c2f2ee507f0b4c987f,data/raw/remaining-s30/formal-v1/formal-v1__profile__pyxel_snake__cpu_compute__p075__r02,"{""pyxel_snake"":""games/pyxel/07_snake.py""}","{""pyxel_snake"":""bc533fef92d1d358e570f69d979919fe5c1cd8c4da49841104b49a1e661a5ac3""}",f76fa77126ac0e1b8d028760501f6e9ef470cbf283a0f632b96e34ad509c85ca
1,606,formal-v1__profile__pyxel_bubbles__memory_bandwidth__p075__r01,formal-v1,profile,not_applicable,pressure_profile,"[""pyxel_bubbles""]",pyxel_bubbles,[],,,memory_bandwidth,0.75,1,4651631075876217109,10,30,1,10,windows-rtx4060,0,0,grid_2x2,true,84,a36b78d2998befbd10330adef8f5ab1f813a7a68144bd44a59f55bb779224525,608d817cd8d44787fc0ba4c2f2ee507f0b4c987f,data/raw/remaining-s30/formal-v1/formal-v1__profile__pyxel_bubbles__memory_bandwidth__p075__r01,"{""pyxel_bubbles"":""games/pyxel/06_click_game.py""}","{""pyxel_bubbles"":""54c101e90bdaed839ac4c4284494530d5df37a5819a35f1e41eebb0b3da5d900""}",3a5f863e30ff9bde8d65a7b3ba08e6daf6a3547d10a04ff231a71cc002137f33
1,607,formal-v1__colocation__pyxel_shooter+pyxel_snake__r01,formal-v1,colocation-main,train,colocation,"[""pyxel_shooter"",""pyxel_snake""]",pyxel_shooter,"[""pyxel_snake""]",pyxel_shooter+pyxel_snake,pyxel_shooter+pyxel_snake__r01,,,1,15369143439222277393,10,30,1,10,windows-rtx4060,0,0,grid_2x2,true,84,a36b78d2998befbd10330adef8f5ab1f813a7a68144bd44a59f55bb779224525,608d817cd8d44787fc0ba4c2f2ee507f0b4c987f,data/raw/remaining-s30/formal-v1/formal-v1__colocation__pyxel_shooter+pyxel_snake__r01,"{""pyxel_shooter"":""games/pyxel/09_shooter.py"",""pyxel_snake"":""games/pyxel/07_snake.py""}","{""pyxel_shooter"":""0f53e4156907eac41080a8f289e22c89365b3239517c754cf59a51af201d5563"",""pyxel_snake"":""bc533fef92d1d358e570f69d979919fe5c1cd8c4da49841104b49a1e661a5ac3""}",33dac96a69d7d1fc3c0b934403180d87cd9ad5e4a32291eb3bef03120ba7c7d4
1,608,formal-v1__profile__daylight__memory_bandwidth__p100__r03,formal-v1,profile,not_applicable,pressure_profile,"[""daylight""]",daylight,[],,,memory_bandwidth,1,3,11673905426024593872,10,30,1,10,windows-rtx4060,0,0,grid_2x2,true,84,a36b78d2998befbd10330adef8f5ab1f813a7a68144bd44a59f55bb779224525,608d817cd8d44787fc0ba4c2f2ee507f0b4c987f,data/raw/remaining-s30/formal-v1/formal-v1__profile__daylight__memory_bandwidth__p100__r03,"{""daylight"":""games/pyxel/apps-src/30SecondsOfDaylight/src/main.py""}","{""daylight"":""21a365375249e9d7ea05e78dcfe040f09cc1f0c66bd410bae084190c743a028f""}",cda7a5881ce7419fe981c6e1ba65c722d26bec8139c058b4735abc8d4499eb2a
1,609,formal-v1__profile__pyxel_bubbles__cpu_compute__p075__r01,formal-v1,profile,not_applicable,pressure_profile,"[""pyxel_bubbles""]",pyxel_bubbles,[],,,cpu_compute,0.75,1,13718657940489101153,10,30,1,10,windows-rtx4060,0,0,grid_2x2,true,84,a36b78d2998befbd10330adef8f5ab1f813a7a68144bd44a59f55bb779224525,608d817cd8d44787fc0ba4c2f2ee507f0b4c987f,data/raw/remaining-s30/formal-v1/formal-v1__profile__pyxel_bubbles__cpu_compute__p075__r01,"{""pyxel_bubbles"":""games/pyxel/06_click_game.py""}","{""pyxel_bubbles"":""54c101e90bdaed839ac4c4284494530d5df37a5819a35f1e41eebb0b3da5d900""}",162c9579ba4e819fd99be8b9ec080e2c965cf5a53677870f09329bb4a9eaf099
1,610,formal-v1__colocation__mega_wing+pyxel_bubbles+pyxel_snake__r02,formal-v1,colocation-main,train,colocation,"[""mega_wing"",""pyxel_bubbles"",""pyxel_snake""]",mega_wing,"[""pyxel_bubbles"",""pyxel_snake""]",mega_wing+pyxel_bubbles+pyxel_snake,mega_wing+pyxel_bubbles+pyxel_snake__r02,,,2,1945997934514641319,10,30,1,10,windows-rtx4060,0,0,grid_2x2,true,84,a36b78d2998befbd10330adef8f5ab1f813a7a68144bd44a59f55bb779224525,608d817cd8d44787fc0ba4c2f2ee507f0b4c987f,data/raw/remaining-s30/formal-v1/formal-v1__colocation__mega_wing+pyxel_bubbles+pyxel_snake__r02,"{""mega_wing"":""games/pyxel/apps-src/mega_wing/mega_wing.py"",""pyxel_bubbles"":""games/pyxel/06_click_game.py"",""pyxel_snake"":""games/pyxel/07_snake.py""}","{""mega_wing"":""86bad6c02a303806c58137503739241dc6b1e86695f7c0dbf672b5e1a1464e9f"",""pyxel_bubbles"":""54c101e90bdaed839ac4c4284494530d5df37a5819a35f1e41eebb0b3da5d900"",""pyxel_snake"":""bc533fef92d1d358e570f69d979919fe5c1cd8c4da49841104b49a1e661a5ac3""}",25ac1f5c2bcb73d5f2e1f94905f67e14487de403d11f8b8b92d2683e41a06c38
1,611,formal-v1__solo__pyxel_jump__r02,formal-v1,solo,not_applicable,solo,"[""pyxel_jump""]",pyxel_jump,[],,,,,2,10400501753561450736,10,30,1,10,windows-rtx4060,0,0,grid_2x2,true,84,a36b78d2998befbd10330adef8f5ab1f813a7a68144bd44a59f55bb779224525,608d817cd8d44787fc0ba4c2f2ee507f0b4c987f,data/raw/remaining-s30/formal-v1/formal-v1__solo__pyxel_jump__r02,"{""pyxel_jump"":""games/pyxel/02_jump_game.py""}","{""pyxel_jump"":""4743a825f1c9cae7e049ac52115f4ecf83350db546c00745a54af187d7bc2e46""}",795f0b1d55a0d1b0976221f2656810d055882235c10181d0ab3e899f6e94cd6a
1,612,formal-v1__profile__daylight__gpu_compute__p050__r02,formal-v1,profile,not_applicable,pressure_profile,"[""daylight""]",daylight,[],,,gpu_compute,0.5,2,7491987814824651995,10,30,1,10,windows-rtx4060,0,0,grid_2x2,true,84,a36b78d2998befbd10330adef8f5ab1f813a7a68144bd44a59f55bb779224525,608d817cd8d44787fc0ba4c2f2ee507f0b4c987f,data/raw/remaining-s30/formal-v1/formal-v1__profile__daylight__gpu_compute__p050__r02,"{""daylight"":""games/pyxel/apps-src/30SecondsOfDaylight/src/main.py""}","{""daylight"":""21a365375249e9d7ea05e78dcfe040f09cc1f0c66bd410bae084190c743a028f""}",c8f959ebf1c8be9e4672f68fb93966561c746be2a2051371c1b32b240adbca61
1,613,formal-v1__colocation__pyxel_jump+pyxel_platformer__r03,formal-v1,colocation-main,train,colocation,"[""pyxel_jump"",""pyxel_platformer""]",pyxel_jump,"[""pyxel_platformer""]",pyxel_jump+pyxel_platformer,pyxel_jump+pyxel_platformer__r03,,,3,1231325593875672064,10,30,1,10,windows-rtx4060,0,0,grid_2x2,true,84,a36b78d2998befbd10330adef8f5ab1f813a7a68144bd44a59f55bb779224525,608d817cd8d44787fc0ba4c2f2ee507f0b4c987f,data/raw/remaining-s30/formal-v1/formal-v1__colocation__pyxel_jump+pyxel_platformer__r03,"{""pyxel_jump"":""games/pyxel/02_jump_game.py"",""pyxel_platformer"":""games/pyxel/10_platformer.py""}","{""pyxel_jump"":""4743a825f1c9cae7e049ac52115f4ecf83350db546c00745a54af187d7bc2e46"",""pyxel_platformer"":""1b2c75b49dc9ab0254fb4b724682a4787868814a38d2f08920720dc5b6007ac5""}",1630df0f893cad9bf7f36c99d679580fa67dacfa68ad227bb28ef575f5dc2e86
1,614,formal-v1__colocation__mega_wing+pyxel_snake__r02,formal-v1,colocation-main,train,colocation,"[""mega_wing"",""pyxel_snake""]",mega_wing,"[""pyxel_snake""]",mega_wing+pyxel_snake,mega_wing+pyxel_snake__r02,,,2,17353871402522320280,10,30,1,10,windows-rtx4060,0,0,grid_2x2,true,84,a36b78d2998befbd10330adef8f5ab1f813a7a68144bd44a59f55bb779224525,608d817cd8d44787fc0ba4c2f2ee507f0b4c987f,data/raw/remaining-s30/formal-v1/formal-v1__colocation__mega_wing+pyxel_snake__r02,"{""mega_wing"":""games/pyxel/apps-src/mega_wing/mega_wing.py"",""pyxel_snake"":""games/pyxel/07_snake.py""}","{""mega_wing"":""86bad6c02a303806c58137503739241dc6b1e86695f7c0dbf672b5e1a1464e9f"",""pyxel_snake"":""bc533fef92d1d358e570f69d979919fe5c1cd8c4da49841104b49a1e661a5ac3""}",36fd6a05256a68ba354bacb92a5ecd1436b2b4885d16a6ac8da4a14a0c0e6b40
1,615,formal-v1__colocation__pyxel_jump+pyxel_shooter__r03,formal-v1,colocation-main,train,colocation,"[""pyxel_jump"",""pyxel_shooter""]",pyxel_jump,"[""pyxel_shooter""]",pyxel_jump+pyxel_shooter,pyxel_jump+pyxel_shooter__r03,,,3,9109420943320906756,10,30,1,10,windows-rtx4060,0,0,grid_2x2,true,84,a36b78d2998befbd10330adef8f5ab1f813a7a68144bd44a59f55bb779224525,608d817cd8d44787fc0ba4c2f2ee507f0b4c987f,data/raw/remaining-s30/formal-v1/formal-v1__colocation__pyxel_jump+pyxel_shooter__r03,"{""pyxel_jump"":""games/pyxel/02_jump_game.py"",""pyxel_shooter"":""games/pyxel/09_shooter.py""}","{""pyxel_jump"":""4743a825f1c9cae7e049ac52115f4ecf83350db546c00745a54af187d7bc2e46"",""pyxel_shooter"":""0f53e4156907eac41080a8f289e22c89365b3239517c754cf59a51af201d5563""}",26b5120260cba792bee0f6d8bcae7a5e05d2cccc6dd598f39aa4ad677dea139e
1,616,formal-v1__profile__mega_wing__memory_bandwidth__p100__r03,formal-v1,profile,not_applicable,pressure_profile,"[""mega_wing""]",mega_wing,[],,,memory_bandwidth,1,3,1426504974660849699,10,30,1,10,windows-rtx4060,0,0,grid_2x2,true,84,a36b78d2998befbd10330adef8f5ab1f813a7a68144bd44a59f55bb779224525,608d817cd8d44787fc0ba4c2f2ee507f0b4c987f,data/raw/remaining-s30/formal-v1/formal-v1__profile__mega_wing__memory_bandwidth__p100__r03,"{""mega_wing"":""games/pyxel/apps-src/mega_wing/mega_wing.py""}","{""mega_wing"":""86bad6c02a303806c58137503739241dc6b1e86695f7c0dbf672b5e1a1464e9f""}",696f91e74c09f3f61e409005380851ab0d6104556d861054f7e6c0ede10feb20
1,617,formal-v1__profile__pyxel_platformer__gpu_compute__p075__r03,formal-v1,profile,not_applicable,pressure_profile,"[""pyxel_platformer""]",pyxel_platformer,[],,,gpu_compute,0.75,3,5296151128470667095,10,30,1,10,windows-rtx4060,0,0,grid_2x2,true,84,a36b78d2998befbd10330adef8f5ab1f813a7a68144bd44a59f55bb779224525,608d817cd8d44787fc0ba4c2f2ee507f0b4c987f,data/raw/remaining-s30/formal-v1/formal-v1__profile__pyxel_platformer__gpu_compute__p075__r03,"{""pyxel_platformer"":""games/pyxel/10_platformer.py""}","{""pyxel_platformer"":""1b2c75b49dc9ab0254fb4b724682a4787868814a38d2f08920720dc5b6007ac5""}",59e9946605378106f802d1a988607b50c468cbef89b018f98965e54d7411da9c
1,618,formal-v1__profile__pyxel_platformer__memory_bandwidth__p050__r01,formal-v1,profile,not_applicable,pressure_profile,"[""pyxel_platformer""]",pyxel_platformer,[],,,memory_bandwidth,0.5,1,15303875295670984061,10,30,1,10,windows-rtx4060,0,0,grid_2x2,true,84,a36b78d2998befbd10330adef8f5ab1f813a7a68144bd44a59f55bb779224525,608d817cd8d44787fc0ba4c2f2ee507f0b4c987f,data/raw/remaining-s30/formal-v1/formal-v1__profile__pyxel_platformer__memory_bandwidth__p050__r01,"{""pyxel_platformer"":""games/pyxel/10_platformer.py""}","{""pyxel_platformer"":""1b2c75b49dc9ab0254fb4b724682a4787868814a38d2f08920720dc5b6007ac5""}",2504e395db70a4bd8bf1b053937f26dae2691803a137b3e2e13ba7f1a60bc81d
1,619,formal-v1__profile__mega_wing__cpu_compute__p050__r02,formal-v1,profile,not_applicable,pressure_profile,"[""mega_wing""]",mega_wing,[],,,cpu_compute,0.5,2,5504486109273190666,10,30,1,10,windows-rtx4060,0,0,grid_2x2,true,84,a36b78d2998befbd10330adef8f5ab1f813a7a68144bd44a59f55bb779224525,608d817cd8d44787fc0ba4c2f2ee507f0b4c987f,data/raw/remaining-s30/formal-v1/formal-v1__profile__mega_wing__cpu_compute__p050__r02,"{""mega_wing"":""games/pyxel/apps-src/mega_wing/mega_wing.py""}","{""mega_wing"":""86bad6c02a303806c58137503739241dc6b1e86695f7c0dbf672b5e1a1464e9f""}",ea9b68e2f89153c7a42daf7aa98418fee191a51518c17e034a99999e6e293051
1,620,formal-v1__colocation__pyxel_jump+pyxel_platformer+pyxel_snake__r01,formal-v1,colocation-main,train,colocation,"[""pyxel_jump"",""pyxel_platformer"",""pyxel_snake""]",pyxel_jump,"[""pyxel_platformer"",""pyxel_snake""]",pyxel_jump+pyxel_platformer+pyxel_snake,pyxel_jump+pyxel_platformer+pyxel_snake__r01,,,1,11195647565786268137,10,30,1,10,windows-rtx4060,0,0,grid_2x2,true,84,a36b78d2998befbd10330adef8f5ab1f813a7a68144bd44a59f55bb779224525,608d817cd8d44787fc0ba4c2f2ee507f0b4c987f,data/raw/remaining-s30/formal-v1/formal-v1__colocation__pyxel_jump+pyxel_platformer+pyxel_snake__r01,"{""pyxel_jump"":""games/pyxel/02_jump_game.py"",""pyxel_platformer"":""games/pyxel/10_platformer.py"",""pyxel_snake"":""games/pyxel/07_snake.py""}","{""pyxel_jump"":""4743a825f1c9cae7e049ac52115f4ecf83350db546c00745a54af187d7bc2e46"",""pyxel_platformer"":""1b2c75b49dc9ab0254fb4b724682a4787868814a38d2f08920720dc5b6007ac5"",""pyxel_snake"":""bc533fef92d1d358e570f69d979919fe5c1cd8c4da49841104b49a1e661a5ac3""}",f2a3b2a21c53cb7b4bcdf8b43691046b6796df4167740f3de2d4954adf10e1c9
1,621,formal-v1__colocation__pyxel_shooter+pyxel_snake+space_rescue__r03,formal-v1,colocation-main,validation,colocation,"[""pyxel_shooter"",""pyxel_snake"",""space_rescue""]",pyxel_shooter,"[""pyxel_snake"",""space_rescue""]",pyxel_shooter+pyxel_snake+space_rescue,pyxel_shooter+pyxel_snake+space_rescue__r03,,,3,14775508081036918402,10,30,1,10,windows-rtx4060,0,0,grid_2x2,true,84,a36b78d2998befbd10330adef8f5ab1f813a7a68144bd44a59f55bb779224525,608d817cd8d44787fc0ba4c2f2ee507f0b4c987f,data/raw/remaining-s30/formal-v1/formal-v1__colocation__pyxel_shooter+pyxel_snake+space_rescue__r03,"{""pyxel_shooter"":""games/pyxel/09_shooter.py"",""pyxel_snake"":""games/pyxel/07_snake.py"",""space_rescue"":""games/pyxel/apps-src/space_rescue/space_rescue.py""}","{""pyxel_shooter"":""0f53e4156907eac41080a8f289e22c89365b3239517c754cf59a51af201d5563"",""pyxel_snake"":""bc533fef92d1d358e570f69d979919fe5c1cd8c4da49841104b49a1e661a5ac3"",""space_rescue"":""f3b0ab6784ae558e64f06a3f0a704e53f107a130aa3d43357659d0850131e461""}",2f0515fb161d23893f852bc7bc9c05a32429168bb6de8b9e844cfce814c6d89c
1,622,formal-v1__profile__pyxel_platformer__cpu_compute__p100__r03,formal-v1,profile,not_applicable,pressure_profile,"[""pyxel_platformer""]",pyxel_platformer,[],,,cpu_compute,1,3,17962157478425356128,10,30,1,10,windows-rtx4060,0,0,grid_2x2,true,84,a36b78d2998befbd10330adef8f5ab1f813a7a68144bd44a59f55bb779224525,608d817cd8d44787fc0ba4c2f2ee507f0b4c987f,data/raw/remaining-s30/formal-v1/formal-v1__profile__pyxel_platformer__cpu_compute__p100__r03,"{""pyxel_platformer"":""games/pyxel/10_platformer.py""}","{""pyxel_platformer"":""1b2c75b49dc9ab0254fb4b724682a4787868814a38d2f08920720dc5b6007ac5""}",673bf5d7a9da49481279ea8004a7230ee2bff5dbf514bc4c45fdc4648b30fe32
1,623,formal-v1__extra__daylight+mega_wing+pyxel_bubbles+pyxel_snake__r01,formal-v1,colocation-extra-test,extra_test,extra_test,"[""daylight"",""mega_wing"",""pyxel_bubbles"",""pyxel_snake""]",daylight,"[""mega_wing"",""pyxel_bubbles"",""pyxel_snake""]",daylight+mega_wing+pyxel_bubbles+pyxel_snake,daylight+mega_wing+pyxel_bubbles+pyxel_snake__r01,,,1,17927576907099472139,10,30,1,10,windows-rtx4060,0,0,grid_2x2,true,84,a36b78d2998befbd10330adef8f5ab1f813a7a68144bd44a59f55bb779224525,608d817cd8d44787fc0ba4c2f2ee507f0b4c987f,data/raw/remaining-s30/formal-v1/formal-v1__extra__daylight+mega_wing+pyxel_bubbles+pyxel_snake__r01,"{""daylight"":""games/pyxel/apps-src/30SecondsOfDaylight/src/main.py"",""mega_wing"":""games/pyxel/apps-src/mega_wing/mega_wing.py"",""pyxel_bubbles"":""games/pyxel/06_click_game.py"",""pyxel_snake"":""games/pyxel/07_snake.py""}","{""daylight"":""21a365375249e9d7ea05e78dcfe040f09cc1f0c66bd410bae084190c743a028f"",""mega_wing"":""86bad6c02a303806c58137503739241dc6b1e86695f7c0dbf672b5e1a1464e9f"",""pyxel_bubbles"":""54c101e90bdaed839ac4c4284494530d5df37a5819a35f1e41eebb0b3da5d900"",""pyxel_snake"":""bc533fef92d1d358e570f69d979919fe5c1cd8c4da49841104b49a1e661a5ac3""}",bc9df94e537eaab2f5fe4ec618c7c6b8a6fa536d8fbee9172b399459deea8616
1,624,formal-v1__colocation__pyxel_bubbles+pyxel_shooter+pyxel_snake__r02,formal-v1,colocation-main,train,colocation,"[""pyxel_bubbles"",""pyxel_shooter"",""pyxel_snake""]",pyxel_bubbles,"[""pyxel_shooter"",""pyxel_snake""]",pyxel_bubbles+pyxel_shooter+pyxel_snake,pyxel_bubbles+pyxel_shooter+pyxel_snake__r02,,,2,14555748007631107451,10,30,1,10,windows-rtx4060,0,0,grid_2x2,true,84,a36b78d2998befbd10330adef8f5ab1f813a7a68144bd44a59f55bb779224525,608d817cd8d44787fc0ba4c2f2ee507f0b4c987f,data/raw/remaining-s30/formal-v1/formal-v1__colocation__pyxel_bubbles+pyxel_shooter+pyxel_snake__r02,"{""pyxel_bubbles"":""games/pyxel/06_click_game.py"",""pyxel_shooter"":""games/pyxel/09_shooter.py"",""pyxel_snake"":""games/pyxel/07_snake.py""}","{""pyxel_bubbles"":""54c101e90bdaed839ac4c4284494530d5df37a5819a35f1e41eebb0b3da5d900"",""pyxel_shooter"":""0f53e4156907eac41080a8f289e22c89365b3239517c754cf59a51af201d5563"",""pyxel_snake"":""bc533fef92d1d358e570f69d979919fe5c1cd8c4da49841104b49a1e661a5ac3""}",777e35a55e14507531f377eac6ce3566667092efdc6a3a9b3f4f980bb58155b9
1,625,formal-v1__profile__space_rescue__cpu_compute__p000__r01,formal-v1,profile,not_applicable,pressure_profile,"[""space_rescue""]",space_rescue,[],,,cpu_compute,0,1,6474875134661485624,10,30,1,10,windows-rtx4060,0,0,grid_2x2,true,84,a36b78d2998befbd10330adef8f5ab1f813a7a68144bd44a59f55bb779224525,608d817cd8d44787fc0ba4c2f2ee507f0b4c987f,data/raw/remaining-s30/formal-v1/formal-v1__profile__space_rescue__cpu_compute__p000__r01,"{""space_rescue"":""games/pyxel/apps-src/space_rescue/space_rescue.py""}","{""space_rescue"":""f3b0ab6784ae558e64f06a3f0a704e53f107a130aa3d43357659d0850131e461""}",1119dfe00a4185fb35f0941fe3faa86f1d0bba4390a414e46ec5753044b45821
1,626,formal-v1__profile__pyxel_snake__memory_bandwidth__p075__r02,formal-v1,profile,not_applicable,pressure_profile,"[""pyxel_snake""]",pyxel_snake,[],,,memory_bandwidth,0.75,2,14084844333666529160,10,30,1,10,windows-rtx4060,0,0,grid_2x2,true,84,a36b78d2998befbd10330adef8f5ab1f813a7a68144bd44a59f55bb779224525,608d817cd8d44787fc0ba4c2f2ee507f0b4c987f,data/raw/remaining-s30/formal-v1/formal-v1__profile__pyxel_snake__memory_bandwidth__p075__r02,"{""pyxel_snake"":""games/pyxel/07_snake.py""}","{""pyxel_snake"":""bc533fef92d1d358e570f69d979919fe5c1cd8c4da49841104b49a1e661a5ac3""}",69371df9d8da9f94feff3b9e4dad9a2b4e4c99a958cec6bf4d0368bdcc8e4516
1,627,formal-v1__extra__mega_wing+pyxel_jump+pyxel_platformer+pyxel_snake__r01,formal-v1,colocation-extra-test,extra_test,extra_test,"[""mega_wing"",""pyxel_jump"",""pyxel_platformer"",""pyxel_snake""]",mega_wing,"[""pyxel_jump"",""pyxel_platformer"",""pyxel_snake""]",mega_wing+pyxel_jump+pyxel_platformer+pyxel_snake,mega_wing+pyxel_jump+pyxel_platformer+pyxel_snake__r01,,,1,11220244974776969020,10,30,1,10,windows-rtx4060,0,0,grid_2x2,true,84,a36b78d2998befbd10330adef8f5ab1f813a7a68144bd44a59f55bb779224525,608d817cd8d44787fc0ba4c2f2ee507f0b4c987f,data/raw/remaining-s30/formal-v1/formal-v1__extra__mega_wing+pyxel_jump+pyxel_platformer+pyxel_snake__r01,"{""mega_wing"":""games/pyxel/apps-src/mega_wing/mega_wing.py"",""pyxel_jump"":""games/pyxel/02_jump_game.py"",""pyxel_platformer"":""games/pyxel/10_platformer.py"",""pyxel_snake"":""games/pyxel/07_snake.py""}","{""mega_wing"":""86bad6c02a303806c58137503739241dc6b1e86695f7c0dbf672b5e1a1464e9f"",""pyxel_jump"":""4743a825f1c9cae7e049ac52115f4ecf83350db546c00745a54af187d7bc2e46"",""pyxel_platformer"":""1b2c75b49dc9ab0254fb4b724682a4787868814a38d2f08920720dc5b6007ac5"",""pyxel_snake"":""bc533fef92d1d358e570f69d979919fe5c1cd8c4da49841104b49a1e661a5ac3""}",77244fdfdc7d2c4b15704856fa93a678a8b8c3279a5f4a1029a8405d091caf4a
1,628,formal-v1__profile__pyxel_jump__gpu_memory__p050__r03,formal-v1,profile,not_applicable,pressure_profile,"[""pyxel_jump""]",pyxel_jump,[],,,gpu_memory,0.5,3,17512410130910952806,10,30,1,10,windows-rtx4060,0,0,grid_2x2,true,84,a36b78d2998befbd10330adef8f5ab1f813a7a68144bd44a59f55bb779224525,608d817cd8d44787fc0ba4c2f2ee507f0b4c987f,data/raw/remaining-s30/formal-v1/formal-v1__profile__pyxel_jump__gpu_memory__p050__r03,"{""pyxel_jump"":""games/pyxel/02_jump_game.py""}","{""pyxel_jump"":""4743a825f1c9cae7e049ac52115f4ecf83350db546c00745a54af187d7bc2e46""}",b4109b6e1786df655ac9418bfb3b8e6c6e676819e23775fe3482412e3623d810
1,629,formal-v1__colocation__daylight+space_rescue__r02,formal-v1,colocation-main,test,colocation,"[""daylight"",""space_rescue""]",daylight,"[""space_rescue""]",daylight+space_rescue,daylight+space_rescue__r02,,,2,2343974428120052302,10,30,1,10,windows-rtx4060,0,0,grid_2x2,true,84,a36b78d2998befbd10330adef8f5ab1f813a7a68144bd44a59f55bb779224525,608d817cd8d44787fc0ba4c2f2ee507f0b4c987f,data/raw/remaining-s30/formal-v1/formal-v1__colocation__daylight+space_rescue__r02,"{""daylight"":""games/pyxel/apps-src/30SecondsOfDaylight/src/main.py"",""space_rescue"":""games/pyxel/apps-src/space_rescue/space_rescue.py""}","{""daylight"":""21a365375249e9d7ea05e78dcfe040f09cc1f0c66bd410bae084190c743a028f"",""space_rescue"":""f3b0ab6784ae558e64f06a3f0a704e53f107a130aa3d43357659d0850131e461""}",8886bd555d69e14812be92c8e12d5ba28426cfeecdd273acc4ac22c6e0440f19
1,630,formal-v1__colocation__daylight+pyxel_jump+space_rescue__r01,formal-v1,colocation-main,train,colocation,"[""daylight"",""pyxel_jump"",""space_rescue""]",daylight,"[""pyxel_jump"",""space_rescue""]",daylight+pyxel_jump+space_rescue,daylight+pyxel_jump+space_rescue__r01,,,1,7581442912106823602,10,30,1,10,windows-rtx4060,0,0,grid_2x2,true,84,a36b78d2998befbd10330adef8f5ab1f813a7a68144bd44a59f55bb779224525,608d817cd8d44787fc0ba4c2f2ee507f0b4c987f,data/raw/remaining-s30/formal-v1/formal-v1__colocation__daylight+pyxel_jump+space_rescue__r01,"{""daylight"":""games/pyxel/apps-src/30SecondsOfDaylight/src/main.py"",""pyxel_jump"":""games/pyxel/02_jump_game.py"",""space_rescue"":""games/pyxel/apps-src/space_rescue/space_rescue.py""}","{""daylight"":""21a365375249e9d7ea05e78dcfe040f09cc1f0c66bd410bae084190c743a028f"",""pyxel_jump"":""4743a825f1c9cae7e049ac52115f4ecf83350db546c00745a54af187d7bc2e46"",""space_rescue"":""f3b0ab6784ae558e64f06a3f0a704e53f107a130aa3d43357659d0850131e461""}",68395ac043054ce518a89bba93362afd45ce361d26970a3a1363a789acf550c8
1,631,formal-v1__profile__pyxel_shooter__cpu_compute__p000__r02,formal-v1,profile,not_applicable,pressure_profile,"[""pyxel_shooter""]",pyxel_shooter,[],,,cpu_compute,0,2,14125663570558492137,10,30,1,10,windows-rtx4060,0,0,grid_2x2,true,84,a36b78d2998befbd10330adef8f5ab1f813a7a68144bd44a59f55bb779224525,608d817cd8d44787fc0ba4c2f2ee507f0b4c987f,data/raw/remaining-s30/formal-v1/formal-v1__profile__pyxel_shooter__cpu_compute__p000__r02,"{""pyxel_shooter"":""games/pyxel/09_shooter.py""}","{""pyxel_shooter"":""0f53e4156907eac41080a8f289e22c89365b3239517c754cf59a51af201d5563""}",38aa79747176298113184fce96e3e799353e43699ba46881f563030cfe8fbae0
1,632,formal-v1__profile__pyxel_platformer__gpu_compute__p025__r02,formal-v1,profile,not_applicable,pressure_profile,"[""pyxel_platformer""]",pyxel_platformer,[],,,gpu_compute,0.25,2,3839963175841785373,10,30,1,10,windows-rtx4060,0,0,grid_2x2,true,84,a36b78d2998befbd10330adef8f5ab1f813a7a68144bd44a59f55bb779224525,608d817cd8d44787fc0ba4c2f2ee507f0b4c987f,data/raw/remaining-s30/formal-v1/formal-v1__profile__pyxel_platformer__gpu_compute__p025__r02,"{""pyxel_platformer"":""games/pyxel/10_platformer.py""}","{""pyxel_platformer"":""1b2c75b49dc9ab0254fb4b724682a4787868814a38d2f08920720dc5b6007ac5""}",f011cf11dce3bb67cb3021eb41466145f2a2516a60d132408b107fa57da0dce7
1,633,formal-v1__profile__pyxel_shooter__gpu_memory__p000__r03,formal-v1,profile,not_applicable,pressure_profile,"[""pyxel_shooter""]",pyxel_shooter,[],,,gpu_memory,0,3,3924502167562023824,10,30,1,10,windows-rtx4060,0,0,grid_2x2,true,84,a36b78d2998befbd10330adef8f5ab1f813a7a68144bd44a59f55bb779224525,608d817cd8d44787fc0ba4c2f2ee507f0b4c987f,data/raw/remaining-s30/formal-v1/formal-v1__profile__pyxel_shooter__gpu_memory__p000__r03,"{""pyxel_shooter"":""games/pyxel/09_shooter.py""}","{""pyxel_shooter"":""0f53e4156907eac41080a8f289e22c89365b3239517c754cf59a51af201d5563""}",c354675f5d07d8332c17d1c1ebd268cc8fd9e319810e05b5e51ec3555695cf56
1,634,formal-v1__profile__daylight__memory_bandwidth__p000__r02,formal-v1,profile,not_applicable,pressure_profile,"[""daylight""]",daylight,[],,,memory_bandwidth,0,2,15795562366377471980,10,30,1,10,windows-rtx4060,0,0,grid_2x2,true,84,a36b78d2998befbd10330adef8f5ab1f813a7a68144bd44a59f55bb779224525,608d817cd8d44787fc0ba4c2f2ee507f0b4c987f,data/raw/remaining-s30/formal-v1/formal-v1__profile__daylight__memory_bandwidth__p000__r02,"{""daylight"":""games/pyxel/apps-src/30SecondsOfDaylight/src/main.py""}","{""daylight"":""21a365375249e9d7ea05e78dcfe040f09cc1f0c66bd410bae084190c743a028f""}",5d609e579a44a89f934e235ffe84531e63014b2417c29ca7b4f613f0c0e87114
1,635,formal-v1__profile__pyxel_shooter__gpu_memory__p025__r03,formal-v1,profile,not_applicable,pressure_profile,"[""pyxel_shooter""]",pyxel_shooter,[],,,gpu_memory,0.25,3,5046826982500918016,10,30,1,10,windows-rtx4060,0,0,grid_2x2,true,84,a36b78d2998befbd10330adef8f5ab1f813a7a68144bd44a59f55bb779224525,608d817cd8d44787fc0ba4c2f2ee507f0b4c987f,data/raw/remaining-s30/formal-v1/formal-v1__profile__pyxel_shooter__gpu_memory__p025__r03,"{""pyxel_shooter"":""games/pyxel/09_shooter.py""}","{""pyxel_shooter"":""0f53e4156907eac41080a8f289e22c89365b3239517c754cf59a51af201d5563""}",2f676a3e52b93cb09aeb0d6044f61cb66d3639b1afc93a1d00ac8f7bae078e53
1,636,formal-v1__extra__mega_wing+pyxel_jump+pyxel_platformer+pyxel_snake__r02,formal-v1,colocation-extra-test,extra_test,extra_test,"[""mega_wing"",""pyxel_jump"",""pyxel_platformer"",""pyxel_snake""]",mega_wing,"[""pyxel_jump"",""pyxel_platformer"",""pyxel_snake""]",mega_wing+pyxel_jump+pyxel_platformer+pyxel_snake,mega_wing+pyxel_jump+pyxel_platformer+pyxel_snake__r02,,,2,5412096916679900861,10,30,1,10,windows-rtx4060,0,0,grid_2x2,true,84,a36b78d2998befbd10330adef8f5ab1f813a7a68144bd44a59f55bb779224525,608d817cd8d44787fc0ba4c2f2ee507f0b4c987f,data/raw/remaining-s30/formal-v1/formal-v1__extra__mega_wing+pyxel_jump+pyxel_platformer+pyxel_snake__r02,"{""mega_wing"":""games/pyxel/apps-src/mega_wing/mega_wing.py"",""pyxel_jump"":""games/pyxel/02_jump_game.py"",""pyxel_platformer"":""games/pyxel/10_platformer.py"",""pyxel_snake"":""games/pyxel/07_snake.py""}","{""mega_wing"":""86bad6c02a303806c58137503739241dc6b1e86695f7c0dbf672b5e1a1464e9f"",""pyxel_jump"":""4743a825f1c9cae7e049ac52115f4ecf83350db546c00745a54af187d7bc2e46"",""pyxel_platformer"":""1b2c75b49dc9ab0254fb4b724682a4787868814a38d2f08920720dc5b6007ac5"",""pyxel_snake"":""bc533fef92d1d358e570f69d979919fe5c1cd8c4da49841104b49a1e661a5ac3""}",949ab6814ff97e5d7d516fced899da2ec2974622d69272f188eee5501e84dda5
1,637,formal-v1__profile__pyxel_jump__cpu_compute__p075__r02,formal-v1,profile,not_applicable,pressure_profile,"[""pyxel_jump""]",pyxel_jump,[],,,cpu_compute,0.75,2,17946067736322777015,10,30,1,10,windows-rtx4060,0,0,grid_2x2,true,84,a36b78d2998befbd10330adef8f5ab1f813a7a68144bd44a59f55bb779224525,608d817cd8d44787fc0ba4c2f2ee507f0b4c987f,data/raw/remaining-s30/formal-v1/formal-v1__profile__pyxel_jump__cpu_compute__p075__r02,"{""pyxel_jump"":""games/pyxel/02_jump_game.py""}","{""pyxel_jump"":""4743a825f1c9cae7e049ac52115f4ecf83350db546c00745a54af187d7bc2e46""}",eb2534dd37686f6cd450db3a7e7e1acd7caf83f5a7718a44792846d9ac0d6b5b
1,638,formal-v1__profile__daylight__memory_bandwidth__p100__r01,formal-v1,profile,not_applicable,pressure_profile,"[""daylight""]",daylight,[],,,memory_bandwidth,1,1,11010954221285247488,10,30,1,10,windows-rtx4060,0,0,grid_2x2,true,84,a36b78d2998befbd10330adef8f5ab1f813a7a68144bd44a59f55bb779224525,608d817cd8d44787fc0ba4c2f2ee507f0b4c987f,data/raw/remaining-s30/formal-v1/formal-v1__profile__daylight__memory_bandwidth__p100__r01,"{""daylight"":""games/pyxel/apps-src/30SecondsOfDaylight/src/main.py""}","{""daylight"":""21a365375249e9d7ea05e78dcfe040f09cc1f0c66bd410bae084190c743a028f""}",1f17495cbfa556da578b7e54496a9cce43c794199327dba3045550b0f3edeab1
1,639,formal-v1__colocation__daylight+pyxel_shooter__r03,formal-v1,colocation-main,test,colocation,"[""daylight"",""pyxel_shooter""]",daylight,"[""pyxel_shooter""]",daylight+pyxel_shooter,daylight+pyxel_shooter__r03,,,3,10033489765748907662,10,30,1,10,windows-rtx4060,0,0,grid_2x2,true,84,a36b78d2998befbd10330adef8f5ab1f813a7a68144bd44a59f55bb779224525,608d817cd8d44787fc0ba4c2f2ee507f0b4c987f,data/raw/remaining-s30/formal-v1/formal-v1__colocation__daylight+pyxel_shooter__r03,"{""daylight"":""games/pyxel/apps-src/30SecondsOfDaylight/src/main.py"",""pyxel_shooter"":""games/pyxel/09_shooter.py""}","{""daylight"":""21a365375249e9d7ea05e78dcfe040f09cc1f0c66bd410bae084190c743a028f"",""pyxel_shooter"":""0f53e4156907eac41080a8f289e22c89365b3239517c754cf59a51af201d5563""}",388b97a457c9167e755785da3bb7f7db70b73d77835d48462d2f8ddcf6339c31
1,640,formal-v1__profile__pyxel_shooter__memory_bandwidth__p000__r01,formal-v1,profile,not_applicable,pressure_profile,"[""pyxel_shooter""]",pyxel_shooter,[],,,memory_bandwidth,0,1,11467345446776780061,10,30,1,10,windows-rtx4060,0,0,grid_2x2,true,84,a36b78d2998befbd10330adef8f5ab1f813a7a68144bd44a59f55bb779224525,608d817cd8d44787fc0ba4c2f2ee507f0b4c987f,data/raw/remaining-s30/formal-v1/formal-v1__profile__pyxel_shooter__memory_bandwidth__p000__r01,"{""pyxel_shooter"":""games/pyxel/09_shooter.py""}","{""pyxel_shooter"":""0f53e4156907eac41080a8f289e22c89365b3239517c754cf59a51af201d5563""}",64ba5b0713d7674f35bc4754643c7a230d427c566b81d8179ccdd611806f0b2e
1,641,formal-v1__profile__pyxel_jump__gpu_memory__p100__r01,formal-v1,profile,not_applicable,pressure_profile,"[""pyxel_jump""]",pyxel_jump,[],,,gpu_memory,1,1,10486563380304995357,10,30,1,10,windows-rtx4060,0,0,grid_2x2,true,84,a36b78d2998befbd10330adef8f5ab1f813a7a68144bd44a59f55bb779224525,608d817cd8d44787fc0ba4c2f2ee507f0b4c987f,data/raw/remaining-s30/formal-v1/formal-v1__profile__pyxel_jump__gpu_memory__p100__r01,"{""pyxel_jump"":""games/pyxel/02_jump_game.py""}","{""pyxel_jump"":""4743a825f1c9cae7e049ac52115f4ecf83350db546c00745a54af187d7bc2e46""}",ae67d85b26b70f97038cee1b7a7f8e2bf2f56b59d19d3cab2d1b6ab1c5e00f01
1,642,formal-v1__colocation__pyxel_snake+space_rescue__r03,formal-v1,colocation-main,train,colocation,"[""pyxel_snake"",""space_rescue""]",pyxel_snake,"[""space_rescue""]",pyxel_snake+space_rescue,pyxel_snake+space_rescue__r03,,,3,14281140852980524376,10,30,1,10,windows-rtx4060,0,0,grid_2x2,true,84,a36b78d2998befbd10330adef8f5ab1f813a7a68144bd44a59f55bb779224525,608d817cd8d44787fc0ba4c2f2ee507f0b4c987f,data/raw/remaining-s30/formal-v1/formal-v1__colocation__pyxel_snake+space_rescue__r03,"{""pyxel_snake"":""games/pyxel/07_snake.py"",""space_rescue"":""games/pyxel/apps-src/space_rescue/space_rescue.py""}","{""pyxel_snake"":""bc533fef92d1d358e570f69d979919fe5c1cd8c4da49841104b49a1e661a5ac3"",""space_rescue"":""f3b0ab6784ae558e64f06a3f0a704e53f107a130aa3d43357659d0850131e461""}",a8fb53786736a68285aac37b916c74a3c38866e3de73bde4256e5fc7f65af77b
1,643,formal-v1__colocation__pyxel_bubbles+pyxel_platformer+pyxel_shooter__r01,formal-v1,colocation-main,validation,colocation,"[""pyxel_bubbles"",""pyxel_platformer"",""pyxel_shooter""]",pyxel_bubbles,"[""pyxel_platformer"",""pyxel_shooter""]",pyxel_bubbles+pyxel_platformer+pyxel_shooter,pyxel_bubbles+pyxel_platformer+pyxel_shooter__r01,,,1,4733635584818572693,10,30,1,10,windows-rtx4060,0,0,grid_2x2,true,84,a36b78d2998befbd10330adef8f5ab1f813a7a68144bd44a59f55bb779224525,608d817cd8d44787fc0ba4c2f2ee507f0b4c987f,data/raw/remaining-s30/formal-v1/formal-v1__colocation__pyxel_bubbles+pyxel_platformer+pyxel_shooter__r01,"{""pyxel_bubbles"":""games/pyxel/06_click_game.py"",""pyxel_platformer"":""games/pyxel/10_platformer.py"",""pyxel_shooter"":""games/pyxel/09_shooter.py""}","{""pyxel_bubbles"":""54c101e90bdaed839ac4c4284494530d5df37a5819a35f1e41eebb0b3da5d900"",""pyxel_platformer"":""1b2c75b49dc9ab0254fb4b724682a4787868814a38d2f08920720dc5b6007ac5"",""pyxel_shooter"":""0f53e4156907eac41080a8f289e22c89365b3239517c754cf59a51af201d5563""}",c8e653aa8c3f87309c0dc8d7f69f7b39ab57f83fd1762430560e91ae433dcd98
1,644,formal-v1__extra__mega_wing+pyxel_bubbles+pyxel_jump+space_rescue__r02,formal-v1,colocation-extra-test,extra_test,extra_test,"[""mega_wing"",""pyxel_bubbles"",""pyxel_jump"",""space_rescue""]",mega_wing,"[""pyxel_bubbles"",""pyxel_jump"",""space_rescue""]",mega_wing+pyxel_bubbles+pyxel_jump+space_rescue,mega_wing+pyxel_bubbles+pyxel_jump+space_rescue__r02,,,2,6164434642108722684,10,30,1,10,windows-rtx4060,0,0,grid_2x2,true,84,a36b78d2998befbd10330adef8f5ab1f813a7a68144bd44a59f55bb779224525,608d817cd8d44787fc0ba4c2f2ee507f0b4c987f,data/raw/remaining-s30/formal-v1/formal-v1__extra__mega_wing+pyxel_bubbles+pyxel_jump+space_rescue__r02,"{""mega_wing"":""games/pyxel/apps-src/mega_wing/mega_wing.py"",""pyxel_bubbles"":""games/pyxel/06_click_game.py"",""pyxel_jump"":""games/pyxel/02_jump_game.py"",""space_rescue"":""games/pyxel/apps-src/space_rescue/space_rescue.py""}","{""mega_wing"":""86bad6c02a303806c58137503739241dc6b1e86695f7c0dbf672b5e1a1464e9f"",""pyxel_bubbles"":""54c101e90bdaed839ac4c4284494530d5df37a5819a35f1e41eebb0b3da5d900"",""pyxel_jump"":""4743a825f1c9cae7e049ac52115f4ecf83350db546c00745a54af187d7bc2e46"",""space_rescue"":""f3b0ab6784ae558e64f06a3f0a704e53f107a130aa3d43357659d0850131e461""}",5c8e37184eea5b2a13a9c41d7d6a2e40847c4e2c45e7a0205b726834b878b0d7
1,645,formal-v1__profile__pyxel_jump__gpu_memory__p025__r01,formal-v1,profile,not_applicable,pressure_profile,"[""pyxel_jump""]",pyxel_jump,[],,,gpu_memory,0.25,1,4264940903228085012,10,30,1,10,windows-rtx4060,0,0,grid_2x2,true,84,a36b78d2998befbd10330adef8f5ab1f813a7a68144bd44a59f55bb779224525,608d817cd8d44787fc0ba4c2f2ee507f0b4c987f,data/raw/remaining-s30/formal-v1/formal-v1__profile__pyxel_jump__gpu_memory__p025__r01,"{""pyxel_jump"":""games/pyxel/02_jump_game.py""}","{""pyxel_jump"":""4743a825f1c9cae7e049ac52115f4ecf83350db546c00745a54af187d7bc2e46""}",eff63f440e2092ad01d315cf26f63f3f872b1b8af9c9388ecc35768185a27713
1,646,formal-v1__profile__pyxel_platformer__gpu_compute__p000__r02,formal-v1,profile,not_applicable,pressure_profile,"[""pyxel_platformer""]",pyxel_platformer,[],,,gpu_compute,0,2,2767811906051114324,10,30,1,10,windows-rtx4060,0,0,grid_2x2,true,84,a36b78d2998befbd10330adef8f5ab1f813a7a68144bd44a59f55bb779224525,608d817cd8d44787fc0ba4c2f2ee507f0b4c987f,data/raw/remaining-s30/formal-v1/formal-v1__profile__pyxel_platformer__gpu_compute__p000__r02,"{""pyxel_platformer"":""games/pyxel/10_platformer.py""}","{""pyxel_platformer"":""1b2c75b49dc9ab0254fb4b724682a4787868814a38d2f08920720dc5b6007ac5""}",814ea8da9393ed8872d6507d32f2178cab30b971baddb07245b2f92837dc23a8
1,647,formal-v1__profile__space_rescue__cpu_compute__p100__r02,formal-v1,profile,not_applicable,pressure_profile,"[""space_rescue""]",space_rescue,[],,,cpu_compute,1,2,2850352397763407391,10,30,1,10,windows-rtx4060,0,0,grid_2x2,true,84,a36b78d2998befbd10330adef8f5ab1f813a7a68144bd44a59f55bb779224525,608d817cd8d44787fc0ba4c2f2ee507f0b4c987f,data/raw/remaining-s30/formal-v1/formal-v1__profile__space_rescue__cpu_compute__p100__r02,"{""space_rescue"":""games/pyxel/apps-src/space_rescue/space_rescue.py""}","{""space_rescue"":""f3b0ab6784ae558e64f06a3f0a704e53f107a130aa3d43357659d0850131e461""}",fd390852ee64f95212cd794d19b4a3beaf23d237db23f0503a96a6739438d568
1,648,formal-v1__profile__pyxel_snake__gpu_compute__p025__r02,formal-v1,profile,not_applicable,pressure_profile,"[""pyxel_snake""]",pyxel_snake,[],,,gpu_compute,0.25,2,12598864248858070270,10,30,1,10,windows-rtx4060,0,0,grid_2x2,true,84,a36b78d2998befbd10330adef8f5ab1f813a7a68144bd44a59f55bb779224525,608d817cd8d44787fc0ba4c2f2ee507f0b4c987f,data/raw/remaining-s30/formal-v1/formal-v1__profile__pyxel_snake__gpu_compute__p025__r02,"{""pyxel_snake"":""games/pyxel/07_snake.py""}","{""pyxel_snake"":""bc533fef92d1d358e570f69d979919fe5c1cd8c4da49841104b49a1e661a5ac3""}",44cb65372d2edf9552dd4e719453c81ff18f1adfa2049311ced9abed242d1ec6
1,649,formal-v1__profile__pyxel_jump__gpu_compute__p075__r03,formal-v1,profile,not_applicable,pressure_profile,"[""pyxel_jump""]",pyxel_jump,[],,,gpu_compute,0.75,3,11683214720077006486,10,30,1,10,windows-rtx4060,0,0,grid_2x2,true,84,a36b78d2998befbd10330adef8f5ab1f813a7a68144bd44a59f55bb779224525,608d817cd8d44787fc0ba4c2f2ee507f0b4c987f,data/raw/remaining-s30/formal-v1/formal-v1__profile__pyxel_jump__gpu_compute__p075__r03,"{""pyxel_jump"":""games/pyxel/02_jump_game.py""}","{""pyxel_jump"":""4743a825f1c9cae7e049ac52115f4ecf83350db546c00745a54af187d7bc2e46""}",694c4b146e12bb5e193b9dfc02313af341046a04d7d06dde9a170e89b3a28513
1,650,formal-v1__profile__pyxel_platformer__cpu_compute__p075__r02,formal-v1,profile,not_applicable,pressure_profile,"[""pyxel_platformer""]",pyxel_platformer,[],,,cpu_compute,0.75,2,5330417071459503314,10,30,1,10,windows-rtx4060,0,0,grid_2x2,true,84,a36b78d2998befbd10330adef8f5ab1f813a7a68144bd44a59f55bb779224525,608d817cd8d44787fc0ba4c2f2ee507f0b4c987f,data/raw/remaining-s30/formal-v1/formal-v1__profile__pyxel_platformer__cpu_compute__p075__r02,"{""pyxel_platformer"":""games/pyxel/10_platformer.py""}","{""pyxel_platformer"":""1b2c75b49dc9ab0254fb4b724682a4787868814a38d2f08920720dc5b6007ac5""}",9b027c770843d17c04b6f71f2107fba4a7324609cf01450ed68a7bd6faea2355
1,651,formal-v1__profile__pyxel_bubbles__gpu_memory__p050__r02,formal-v1,profile,not_applicable,pressure_profile,"[""pyxel_bubbles""]",pyxel_bubbles,[],,,gpu_memory,0.5,2,4996236166963306433,10,30,1,10,windows-rtx4060,0,0,grid_2x2,true,84,a36b78d2998befbd10330adef8f5ab1f813a7a68144bd44a59f55bb779224525,608d817cd8d44787fc0ba4c2f2ee507f0b4c987f,data/raw/remaining-s30/formal-v1/formal-v1__profile__pyxel_bubbles__gpu_memory__p050__r02,"{""pyxel_bubbles"":""games/pyxel/06_click_game.py""}","{""pyxel_bubbles"":""54c101e90bdaed839ac4c4284494530d5df37a5819a35f1e41eebb0b3da5d900""}",cc2f4a99f145060f84572c02e5fd65a89835ac46d5dcc55e3f63eb64fd99af16
1,652,formal-v1__profile__pyxel_bubbles__gpu_memory__p075__r03,formal-v1,profile,not_applicable,pressure_profile,"[""pyxel_bubbles""]",pyxel_bubbles,[],,,gpu_memory,0.75,3,5292544184787373513,10,30,1,10,windows-rtx4060,0,0,grid_2x2,true,84,a36b78d2998befbd10330adef8f5ab1f813a7a68144bd44a59f55bb779224525,608d817cd8d44787fc0ba4c2f2ee507f0b4c987f,data/raw/remaining-s30/formal-v1/formal-v1__profile__pyxel_bubbles__gpu_memory__p075__r03,"{""pyxel_bubbles"":""games/pyxel/06_click_game.py""}","{""pyxel_bubbles"":""54c101e90bdaed839ac4c4284494530d5df37a5819a35f1e41eebb0b3da5d900""}",7c038a3a58b409cc494a9d520b9991a537e3d8e97d105f1b853295deb9423d74
1,653,formal-v1__profile__pyxel_snake__gpu_compute__p075__r03,formal-v1,profile,not_applicable,pressure_profile,"[""pyxel_snake""]",pyxel_snake,[],,,gpu_compute,0.75,3,11042220355785710688,10,30,1,10,windows-rtx4060,0,0,grid_2x2,true,84,a36b78d2998befbd10330adef8f5ab1f813a7a68144bd44a59f55bb779224525,608d817cd8d44787fc0ba4c2f2ee507f0b4c987f,data/raw/remaining-s30/formal-v1/formal-v1__profile__pyxel_snake__gpu_compute__p075__r03,"{""pyxel_snake"":""games/pyxel/07_snake.py""}","{""pyxel_snake"":""bc533fef92d1d358e570f69d979919fe5c1cd8c4da49841104b49a1e661a5ac3""}",6d76b758ccda370aa160c83fc8fabdaf5f15f2dfeab1f2a32d3a278a3b8c74c8
1,654,formal-v1__profile__mega_wing__gpu_memory__p025__r01,formal-v1,profile,not_applicable,pressure_profile,"[""mega_wing""]",mega_wing,[],,,gpu_memory,0.25,1,3866701805108123715,10,30,1,10,windows-rtx4060,0,0,grid_2x2,true,84,a36b78d2998befbd10330adef8f5ab1f813a7a68144bd44a59f55bb779224525,608d817cd8d44787fc0ba4c2f2ee507f0b4c987f,data/raw/remaining-s30/formal-v1/formal-v1__profile__mega_wing__gpu_memory__p025__r01,"{""mega_wing"":""games/pyxel/apps-src/mega_wing/mega_wing.py""}","{""mega_wing"":""86bad6c02a303806c58137503739241dc6b1e86695f7c0dbf672b5e1a1464e9f""}",6b3182a3dfe782d53e37d17f9541912ee4ba8373abfbd5abcfa1e83ef7fc5053
1,655,formal-v1__profile__pyxel_snake__gpu_compute__p025__r03,formal-v1,profile,not_applicable,pressure_profile,"[""pyxel_snake""]",pyxel_snake,[],,,gpu_compute,0.25,3,14967872788921694157,10,30,1,10,windows-rtx4060,0,0,grid_2x2,true,84,a36b78d2998befbd10330adef8f5ab1f813a7a68144bd44a59f55bb779224525,608d817cd8d44787fc0ba4c2f2ee507f0b4c987f,data/raw/remaining-s30/formal-v1/formal-v1__profile__pyxel_snake__gpu_compute__p025__r03,"{""pyxel_snake"":""games/pyxel/07_snake.py""}","{""pyxel_snake"":""bc533fef92d1d358e570f69d979919fe5c1cd8c4da49841104b49a1e661a5ac3""}",b63ec3288191ca0a03ec3ba1d27b983092315ec243e414de7a0e91fbe335e1f0
1,656,formal-v1__colocation__daylight+pyxel_jump__r01,formal-v1,colocation-main,test,colocation,"[""daylight"",""pyxel_jump""]",daylight,"[""pyxel_jump""]",daylight+pyxel_jump,daylight+pyxel_jump__r01,,,1,1262859870248397632,10,30,1,10,windows-rtx4060,0,0,grid_2x2,true,84,a36b78d2998befbd10330adef8f5ab1f813a7a68144bd44a59f55bb779224525,608d817cd8d44787fc0ba4c2f2ee507f0b4c987f,data/raw/remaining-s30/formal-v1/formal-v1__colocation__daylight+pyxel_jump__r01,"{""daylight"":""games/pyxel/apps-src/30SecondsOfDaylight/src/main.py"",""pyxel_jump"":""games/pyxel/02_jump_game.py""}","{""daylight"":""21a365375249e9d7ea05e78dcfe040f09cc1f0c66bd410bae084190c743a028f"",""pyxel_jump"":""4743a825f1c9cae7e049ac52115f4ecf83350db546c00745a54af187d7bc2e46""}",0f4feb62bf7adaa2cd21b186d40759bd3cbaf4bcaa282c4d48a577aa265682a5
1,657,formal-v1__colocation__pyxel_bubbles+space_rescue__r03,formal-v1,colocation-main,train,colocation,"[""pyxel_bubbles"",""space_rescue""]",pyxel_bubbles,"[""space_rescue""]",pyxel_bubbles+space_rescue,pyxel_bubbles+space_rescue__r03,,,3,8057252044865931481,10,30,1,10,windows-rtx4060,0,0,grid_2x2,true,84,a36b78d2998befbd10330adef8f5ab1f813a7a68144bd44a59f55bb779224525,608d817cd8d44787fc0ba4c2f2ee507f0b4c987f,data/raw/remaining-s30/formal-v1/formal-v1__colocation__pyxel_bubbles+space_rescue__r03,"{""pyxel_bubbles"":""games/pyxel/06_click_game.py"",""space_rescue"":""games/pyxel/apps-src/space_rescue/space_rescue.py""}","{""pyxel_bubbles"":""54c101e90bdaed839ac4c4284494530d5df37a5819a35f1e41eebb0b3da5d900"",""space_rescue"":""f3b0ab6784ae558e64f06a3f0a704e53f107a130aa3d43357659d0850131e461""}",541a4588b7e30217784b10edefe1e22642e5eefa3e79a64d1df7d025fe61a0be
1,658,formal-v1__profile__pyxel_jump__gpu_compute__p100__r03,formal-v1,profile,not_applicable,pressure_profile,"[""pyxel_jump""]",pyxel_jump,[],,,gpu_compute,1,3,17302054202162447904,10,30,1,10,windows-rtx4060,0,0,grid_2x2,true,84,a36b78d2998befbd10330adef8f5ab1f813a7a68144bd44a59f55bb779224525,608d817cd8d44787fc0ba4c2f2ee507f0b4c987f,data/raw/remaining-s30/formal-v1/formal-v1__profile__pyxel_jump__gpu_compute__p100__r03,"{""pyxel_jump"":""games/pyxel/02_jump_game.py""}","{""pyxel_jump"":""4743a825f1c9cae7e049ac52115f4ecf83350db546c00745a54af187d7bc2e46""}",0c87b67ee9d6dd539459ef694ba8f645a15b92438db660db0e4addd5f713f26b
1,659,formal-v1__profile__pyxel_jump__memory_bandwidth__p075__r02,formal-v1,profile,not_applicable,pressure_profile,"[""pyxel_jump""]",pyxel_jump,[],,,memory_bandwidth,0.75,2,5351201763134131234,10,30,1,10,windows-rtx4060,0,0,grid_2x2,true,84,a36b78d2998befbd10330adef8f5ab1f813a7a68144bd44a59f55bb779224525,608d817cd8d44787fc0ba4c2f2ee507f0b4c987f,data/raw/remaining-s30/formal-v1/formal-v1__profile__pyxel_jump__memory_bandwidth__p075__r02,"{""pyxel_jump"":""games/pyxel/02_jump_game.py""}","{""pyxel_jump"":""4743a825f1c9cae7e049ac52115f4ecf83350db546c00745a54af187d7bc2e46""}",bad73d6710c7be30f7cf5eb992f0cdbff0c772f476c3ab5debf5c6a3186fb52c
1,660,formal-v1__colocation__pyxel_shooter+space_rescue__r02,formal-v1,colocation-main,train,colocation,"[""pyxel_shooter"",""space_rescue""]",pyxel_shooter,"[""space_rescue""]",pyxel_shooter+space_rescue,pyxel_shooter+space_rescue__r02,,,2,15498335833253296561,10,30,1,10,windows-rtx4060,0,0,grid_2x2,true,84,a36b78d2998befbd10330adef8f5ab1f813a7a68144bd44a59f55bb779224525,608d817cd8d44787fc0ba4c2f2ee507f0b4c987f,data/raw/remaining-s30/formal-v1/formal-v1__colocation__pyxel_shooter+space_rescue__r02,"{""pyxel_shooter"":""games/pyxel/09_shooter.py"",""space_rescue"":""games/pyxel/apps-src/space_rescue/space_rescue.py""}","{""pyxel_shooter"":""0f53e4156907eac41080a8f289e22c89365b3239517c754cf59a51af201d5563"",""space_rescue"":""f3b0ab6784ae558e64f06a3f0a704e53f107a130aa3d43357659d0850131e461""}",6211f14e15fc45f4339c089ef9b51fd1dfe40656ffc1a0a01a15cc1649dc7a62
1,661,formal-v1__colocation__pyxel_bubbles+pyxel_shooter__r03,formal-v1,colocation-main,train,colocation,"[""pyxel_bubbles"",""pyxel_shooter""]",pyxel_bubbles,"[""pyxel_shooter""]",pyxel_bubbles+pyxel_shooter,pyxel_bubbles+pyxel_shooter__r03,,,3,7784978273315133933,10,30,1,10,windows-rtx4060,0,0,grid_2x2,true,84,a36b78d2998befbd10330adef8f5ab1f813a7a68144bd44a59f55bb779224525,608d817cd8d44787fc0ba4c2f2ee507f0b4c987f,data/raw/remaining-s30/formal-v1/formal-v1__colocation__pyxel_bubbles+pyxel_shooter__r03,"{""pyxel_bubbles"":""games/pyxel/06_click_game.py"",""pyxel_shooter"":""games/pyxel/09_shooter.py""}","{""pyxel_bubbles"":""54c101e90bdaed839ac4c4284494530d5df37a5819a35f1e41eebb0b3da5d900"",""pyxel_shooter"":""0f53e4156907eac41080a8f289e22c89365b3239517c754cf59a51af201d5563""}",0e40fa5f935cc1e6990c2a66468974adefe125c03f5077741bf0a4b18a92aa20
1,662,formal-v1__solo__pyxel_platformer__r03,formal-v1,solo,not_applicable,solo,"[""pyxel_platformer""]",pyxel_platformer,[],,,,,3,13258129796867873336,10,30,1,10,windows-rtx4060,0,0,grid_2x2,true,84,a36b78d2998befbd10330adef8f5ab1f813a7a68144bd44a59f55bb779224525,608d817cd8d44787fc0ba4c2f2ee507f0b4c987f,data/raw/remaining-s30/formal-v1/formal-v1__solo__pyxel_platformer__r03,"{""pyxel_platformer"":""games/pyxel/10_platformer.py""}","{""pyxel_platformer"":""1b2c75b49dc9ab0254fb4b724682a4787868814a38d2f08920720dc5b6007ac5""}",b4ec80e87a70c78aaedd4de28ead81156be579005e3bec86ad3ad34b8bc9c089
1,663,formal-v1__profile__pyxel_bubbles__gpu_compute__p075__r01,formal-v1,profile,not_applicable,pressure_profile,"[""pyxel_bubbles""]",pyxel_bubbles,[],,,gpu_compute,0.75,1,14559782447075217502,10,30,1,10,windows-rtx4060,0,0,grid_2x2,true,84,a36b78d2998befbd10330adef8f5ab1f813a7a68144bd44a59f55bb779224525,608d817cd8d44787fc0ba4c2f2ee507f0b4c987f,data/raw/remaining-s30/formal-v1/formal-v1__profile__pyxel_bubbles__gpu_compute__p075__r01,"{""pyxel_bubbles"":""games/pyxel/06_click_game.py""}","{""pyxel_bubbles"":""54c101e90bdaed839ac4c4284494530d5df37a5819a35f1e41eebb0b3da5d900""}",72efe6ec46dd645882b7b7d37e465e57378101e80df227cbc0b0e68c089af83c
1,664,formal-v1__profile__pyxel_jump__gpu_memory__p000__r03,formal-v1,profile,not_applicable,pressure_profile,"[""pyxel_jump""]",pyxel_jump,[],,,gpu_memory,0,3,2423176906744938758,10,30,1,10,windows-rtx4060,0,0,grid_2x2,true,84,a36b78d2998befbd10330adef8f5ab1f813a7a68144bd44a59f55bb779224525,608d817cd8d44787fc0ba4c2f2ee507f0b4c987f,data/raw/remaining-s30/formal-v1/formal-v1__profile__pyxel_jump__gpu_memory__p000__r03,"{""pyxel_jump"":""games/pyxel/02_jump_game.py""}","{""pyxel_jump"":""4743a825f1c9cae7e049ac52115f4ecf83350db546c00745a54af187d7bc2e46""}",d7e9acfb22fdde1465b456325e872ce5b50f5b072bbb3bea4367f4434830c18e
1,665,formal-v1__profile__pyxel_shooter__gpu_memory__p000__r01,formal-v1,profile,not_applicable,pressure_profile,"[""pyxel_shooter""]",pyxel_shooter,[],,,gpu_memory,0,1,13128955997156162672,10,30,1,10,windows-rtx4060,0,0,grid_2x2,true,84,a36b78d2998befbd10330adef8f5ab1f813a7a68144bd44a59f55bb779224525,608d817cd8d44787fc0ba4c2f2ee507f0b4c987f,data/raw/remaining-s30/formal-v1/formal-v1__profile__pyxel_shooter__gpu_memory__p000__r01,"{""pyxel_shooter"":""games/pyxel/09_shooter.py""}","{""pyxel_shooter"":""0f53e4156907eac41080a8f289e22c89365b3239517c754cf59a51af201d5563""}",a55204054f624d1520503b86149e4d3ad8f7f58ec4b28c2e99a944df4d976c25
1,666,formal-v1__profile__daylight__gpu_memory__p100__r02,formal-v1,profile,not_applicable,pressure_profile,"[""daylight""]",daylight,[],,,gpu_memory,1,2,16244050539297616070,10,30,1,10,windows-rtx4060,0,0,grid_2x2,true,84,a36b78d2998befbd10330adef8f5ab1f813a7a68144bd44a59f55bb779224525,608d817cd8d44787fc0ba4c2f2ee507f0b4c987f,data/raw/remaining-s30/formal-v1/formal-v1__profile__daylight__gpu_memory__p100__r02,"{""daylight"":""games/pyxel/apps-src/30SecondsOfDaylight/src/main.py""}","{""daylight"":""21a365375249e9d7ea05e78dcfe040f09cc1f0c66bd410bae084190c743a028f""}",d87c8a9d74f366e1287cf9c205805ca1b0c3fc64b576231e565ffed8018f435b
1,667,formal-v1__profile__pyxel_jump__gpu_compute__p050__r01,formal-v1,profile,not_applicable,pressure_profile,"[""pyxel_jump""]",pyxel_jump,[],,,gpu_compute,0.5,1,12555753442691066136,10,30,1,10,windows-rtx4060,0,0,grid_2x2,true,84,a36b78d2998befbd10330adef8f5ab1f813a7a68144bd44a59f55bb779224525,608d817cd8d44787fc0ba4c2f2ee507f0b4c987f,data/raw/remaining-s30/formal-v1/formal-v1__profile__pyxel_jump__gpu_compute__p050__r01,"{""pyxel_jump"":""games/pyxel/02_jump_game.py""}","{""pyxel_jump"":""4743a825f1c9cae7e049ac52115f4ecf83350db546c00745a54af187d7bc2e46""}",3aac10a79fcdec362fdb742ff22588d32a08a7c7edc5f2a8bb05fe15401b9f2d
1,668,formal-v1__colocation__daylight+mega_wing+pyxel_jump__r01,formal-v1,colocation-main,train,colocation,"[""daylight"",""mega_wing"",""pyxel_jump""]",daylight,"[""mega_wing"",""pyxel_jump""]",daylight+mega_wing+pyxel_jump,daylight+mega_wing+pyxel_jump__r01,,,1,10667228663385005767,10,30,1,10,windows-rtx4060,0,0,grid_2x2,true,84,a36b78d2998befbd10330adef8f5ab1f813a7a68144bd44a59f55bb779224525,608d817cd8d44787fc0ba4c2f2ee507f0b4c987f,data/raw/remaining-s30/formal-v1/formal-v1__colocation__daylight+mega_wing+pyxel_jump__r01,"{""daylight"":""games/pyxel/apps-src/30SecondsOfDaylight/src/main.py"",""mega_wing"":""games/pyxel/apps-src/mega_wing/mega_wing.py"",""pyxel_jump"":""games/pyxel/02_jump_game.py""}","{""daylight"":""21a365375249e9d7ea05e78dcfe040f09cc1f0c66bd410bae084190c743a028f"",""mega_wing"":""86bad6c02a303806c58137503739241dc6b1e86695f7c0dbf672b5e1a1464e9f"",""pyxel_jump"":""4743a825f1c9cae7e049ac52115f4ecf83350db546c00745a54af187d7bc2e46""}",c4cb8a5def1766a4b008344874791a2c4c547d048c60cd8a61a3d085ddf40221
1,669,formal-v1__profile__pyxel_shooter__cpu_compute__p025__r02,formal-v1,profile,not_applicable,pressure_profile,"[""pyxel_shooter""]",pyxel_shooter,[],,,cpu_compute,0.25,2,15510535081028451907,10,30,1,10,windows-rtx4060,0,0,grid_2x2,true,84,a36b78d2998befbd10330adef8f5ab1f813a7a68144bd44a59f55bb779224525,608d817cd8d44787fc0ba4c2f2ee507f0b4c987f,data/raw/remaining-s30/formal-v1/formal-v1__profile__pyxel_shooter__cpu_compute__p025__r02,"{""pyxel_shooter"":""games/pyxel/09_shooter.py""}","{""pyxel_shooter"":""0f53e4156907eac41080a8f289e22c89365b3239517c754cf59a51af201d5563""}",d68f2d1e534262423b09dde0a4d459ec4e1018a335297809d5369e1d806d0605
1,670,formal-v1__colocation__daylight+pyxel_bubbles+space_rescue__r02,formal-v1,colocation-main,train,colocation,"[""daylight"",""pyxel_bubbles"",""space_rescue""]",daylight,"[""pyxel_bubbles"",""space_rescue""]",daylight+pyxel_bubbles+space_rescue,daylight+pyxel_bubbles+space_rescue__r02,,,2,13076157871158550893,10,30,1,10,windows-rtx4060,0,0,grid_2x2,true,84,a36b78d2998befbd10330adef8f5ab1f813a7a68144bd44a59f55bb779224525,608d817cd8d44787fc0ba4c2f2ee507f0b4c987f,data/raw/remaining-s30/formal-v1/formal-v1__colocation__daylight+pyxel_bubbles+space_rescue__r02,"{""daylight"":""games/pyxel/apps-src/30SecondsOfDaylight/src/main.py"",""pyxel_bubbles"":""games/pyxel/06_click_game.py"",""space_rescue"":""games/pyxel/apps-src/space_rescue/space_rescue.py""}","{""daylight"":""21a365375249e9d7ea05e78dcfe040f09cc1f0c66bd410bae084190c743a028f"",""pyxel_bubbles"":""54c101e90bdaed839ac4c4284494530d5df37a5819a35f1e41eebb0b3da5d900"",""space_rescue"":""f3b0ab6784ae558e64f06a3f0a704e53f107a130aa3d43357659d0850131e461""}",0d9832de6676b873fffe608476cec7ac26a042e5aa5b577c53568b5b8ddd75ed
1,671,formal-v1__profile__pyxel_bubbles__cpu_compute__p025__r02,formal-v1,profile,not_applicable,pressure_profile,"[""pyxel_bubbles""]",pyxel_bubbles,[],,,cpu_compute,0.25,2,13640759982547031624,10,30,1,10,windows-rtx4060,0,0,grid_2x2,true,84,a36b78d2998befbd10330adef8f5ab1f813a7a68144bd44a59f55bb779224525,608d817cd8d44787fc0ba4c2f2ee507f0b4c987f,data/raw/remaining-s30/formal-v1/formal-v1__profile__pyxel_bubbles__cpu_compute__p025__r02,"{""pyxel_bubbles"":""games/pyxel/06_click_game.py""}","{""pyxel_bubbles"":""54c101e90bdaed839ac4c4284494530d5df37a5819a35f1e41eebb0b3da5d900""}",4525771702291ec4e974638af4ab4e3e5b21bc29efe5a431c57f5afcaf2b96ef
1,672,formal-v1__profile__pyxel_platformer__gpu_memory__p025__r02,formal-v1,profile,not_applicable,pressure_profile,"[""pyxel_platformer""]",pyxel_platformer,[],,,gpu_memory,0.25,2,10984619630531829785,10,30,1,10,windows-rtx4060,0,0,grid_2x2,true,84,a36b78d2998befbd10330adef8f5ab1f813a7a68144bd44a59f55bb779224525,608d817cd8d44787fc0ba4c2f2ee507f0b4c987f,data/raw/remaining-s30/formal-v1/formal-v1__profile__pyxel_platformer__gpu_memory__p025__r02,"{""pyxel_platformer"":""games/pyxel/10_platformer.py""}","{""pyxel_platformer"":""1b2c75b49dc9ab0254fb4b724682a4787868814a38d2f08920720dc5b6007ac5""}",8c450d70b372e75bb65438854fe484b4a8c49e194e10803c5794e7648d3daf7e
1,673,formal-v1__profile__pyxel_shooter__gpu_memory__p100__r01,formal-v1,profile,not_applicable,pressure_profile,"[""pyxel_shooter""]",pyxel_shooter,[],,,gpu_memory,1,1,10789056470971891121,10,30,1,10,windows-rtx4060,0,0,grid_2x2,true,84,a36b78d2998befbd10330adef8f5ab1f813a7a68144bd44a59f55bb779224525,608d817cd8d44787fc0ba4c2f2ee507f0b4c987f,data/raw/remaining-s30/formal-v1/formal-v1__profile__pyxel_shooter__gpu_memory__p100__r01,"{""pyxel_shooter"":""games/pyxel/09_shooter.py""}","{""pyxel_shooter"":""0f53e4156907eac41080a8f289e22c89365b3239517c754cf59a51af201d5563""}",ef0d885d591ba5787ea097c7fdd01865f3d89aef4434daf1cb39226a42c841ae
1,674,formal-v1__colocation__pyxel_bubbles+space_rescue__r02,formal-v1,colocation-main,train,colocation,"[""pyxel_bubbles"",""space_rescue""]",pyxel_bubbles,"[""space_rescue""]",pyxel_bubbles+space_rescue,pyxel_bubbles+space_rescue__r02,,,2,14757913708617749831,10,30,1,10,windows-rtx4060,0,0,grid_2x2,true,84,a36b78d2998befbd10330adef8f5ab1f813a7a68144bd44a59f55bb779224525,608d817cd8d44787fc0ba4c2f2ee507f0b4c987f,data/raw/remaining-s30/formal-v1/formal-v1__colocation__pyxel_bubbles+space_rescue__r02,"{""pyxel_bubbles"":""games/pyxel/06_click_game.py"",""space_rescue"":""games/pyxel/apps-src/space_rescue/space_rescue.py""}","{""pyxel_bubbles"":""54c101e90bdaed839ac4c4284494530d5df37a5819a35f1e41eebb0b3da5d900"",""space_rescue"":""f3b0ab6784ae558e64f06a3f0a704e53f107a130aa3d43357659d0850131e461""}",1e7e83746bdc18c9a4d15bfb7d3dafa87502f37ed7ea77581b48dbde9e712afa
1,675,formal-v1__profile__space_rescue__gpu_compute__p000__r01,formal-v1,profile,not_applicable,pressure_profile,"[""space_rescue""]",space_rescue,[],,,gpu_compute,0,1,4806758950488709513,10,30,1,10,windows-rtx4060,0,0,grid_2x2,true,84,a36b78d2998befbd10330adef8f5ab1f813a7a68144bd44a59f55bb779224525,608d817cd8d44787fc0ba4c2f2ee507f0b4c987f,data/raw/remaining-s30/formal-v1/formal-v1__profile__space_rescue__gpu_compute__p000__r01,"{""space_rescue"":""games/pyxel/apps-src/space_rescue/space_rescue.py""}","{""space_rescue"":""f3b0ab6784ae558e64f06a3f0a704e53f107a130aa3d43357659d0850131e461""}",a87dd21d3b868a07e7abe3bd0a2859933d698a45bae16afb525c22b004294b36
1,676,formal-v1__profile__space_rescue__gpu_compute__p000__r03,formal-v1,profile,not_applicable,pressure_profile,"[""space_rescue""]",space_rescue,[],,,gpu_compute,0,3,14949748623094871878,10,30,1,10,windows-rtx4060,0,0,grid_2x2,true,84,a36b78d2998befbd10330adef8f5ab1f813a7a68144bd44a59f55bb779224525,608d817cd8d44787fc0ba4c2f2ee507f0b4c987f,data/raw/remaining-s30/formal-v1/formal-v1__profile__space_rescue__gpu_compute__p000__r03,"{""space_rescue"":""games/pyxel/apps-src/space_rescue/space_rescue.py""}","{""space_rescue"":""f3b0ab6784ae558e64f06a3f0a704e53f107a130aa3d43357659d0850131e461""}",80022c7566959e634d55fe5b219b3e53f60d99491d2fcf657eb5a3e8bb4a1b79
1,677,formal-v1__solo__daylight__r03,formal-v1,solo,not_applicable,solo,"[""daylight""]",daylight,[],,,,,3,9575667836681725899,10,30,1,10,windows-rtx4060,0,0,grid_2x2,true,84,a36b78d2998befbd10330adef8f5ab1f813a7a68144bd44a59f55bb779224525,608d817cd8d44787fc0ba4c2f2ee507f0b4c987f,data/raw/remaining-s30/formal-v1/formal-v1__solo__daylight__r03,"{""daylight"":""games/pyxel/apps-src/30SecondsOfDaylight/src/main.py""}","{""daylight"":""21a365375249e9d7ea05e78dcfe040f09cc1f0c66bd410bae084190c743a028f""}",cf496558d8823e2c85465fff28e6998788d568db2468e1c7fc1526fe29503319
1,678,formal-v1__colocation__pyxel_jump+pyxel_platformer+pyxel_snake__r03,formal-v1,colocation-main,train,colocation,"[""pyxel_jump"",""pyxel_platformer"",""pyxel_snake""]",pyxel_jump,"[""pyxel_platformer"",""pyxel_snake""]",pyxel_jump+pyxel_platformer+pyxel_snake,pyxel_jump+pyxel_platformer+pyxel_snake__r03,,,3,16650848774399994307,10,30,1,10,windows-rtx4060,0,0,grid_2x2,true,84,a36b78d2998befbd10330adef8f5ab1f813a7a68144bd44a59f55bb779224525,608d817cd8d44787fc0ba4c2f2ee507f0b4c987f,data/raw/remaining-s30/formal-v1/formal-v1__colocation__pyxel_jump+pyxel_platformer+pyxel_snake__r03,"{""pyxel_jump"":""games/pyxel/02_jump_game.py"",""pyxel_platformer"":""games/pyxel/10_platformer.py"",""pyxel_snake"":""games/pyxel/07_snake.py""}","{""pyxel_jump"":""4743a825f1c9cae7e049ac52115f4ecf83350db546c00745a54af187d7bc2e46"",""pyxel_platformer"":""1b2c75b49dc9ab0254fb4b724682a4787868814a38d2f08920720dc5b6007ac5"",""pyxel_snake"":""bc533fef92d1d358e570f69d979919fe5c1cd8c4da49841104b49a1e661a5ac3""}",b6a2af50a073d5b0ed0839b8d74c7b861e197791f34758bfcf8abce72e26d1d4
1,679,formal-v1__colocation__daylight+pyxel_bubbles__r01,formal-v1,colocation-main,validation,colocation,"[""daylight"",""pyxel_bubbles""]",daylight,"[""pyxel_bubbles""]",daylight+pyxel_bubbles,daylight+pyxel_bubbles__r01,,,1,12275198146320755184,10,30,1,10,windows-rtx4060,0,0,grid_2x2,true,84,a36b78d2998befbd10330adef8f5ab1f813a7a68144bd44a59f55bb779224525,608d817cd8d44787fc0ba4c2f2ee507f0b4c987f,data/raw/remaining-s30/formal-v1/formal-v1__colocation__daylight+pyxel_bubbles__r01,"{""daylight"":""games/pyxel/apps-src/30SecondsOfDaylight/src/main.py"",""pyxel_bubbles"":""games/pyxel/06_click_game.py""}","{""daylight"":""21a365375249e9d7ea05e78dcfe040f09cc1f0c66bd410bae084190c743a028f"",""pyxel_bubbles"":""54c101e90bdaed839ac4c4284494530d5df37a5819a35f1e41eebb0b3da5d900""}",3f887641b70161f0faad055f2964c217e91ce2950d5ae562c380411b0123fe4d
1,680,formal-v1__profile__pyxel_snake__memory_bandwidth__p050__r01,formal-v1,profile,not_applicable,pressure_profile,"[""pyxel_snake""]",pyxel_snake,[],,,memory_bandwidth,0.5,1,12904724028316273076,10,30,1,10,windows-rtx4060,0,0,grid_2x2,true,84,a36b78d2998befbd10330adef8f5ab1f813a7a68144bd44a59f55bb779224525,608d817cd8d44787fc0ba4c2f2ee507f0b4c987f,data/raw/remaining-s30/formal-v1/formal-v1__profile__pyxel_snake__memory_bandwidth__p050__r01,"{""pyxel_snake"":""games/pyxel/07_snake.py""}","{""pyxel_snake"":""bc533fef92d1d358e570f69d979919fe5c1cd8c4da49841104b49a1e661a5ac3""}",5c1225754bdb6023d495c01fa948176ba595bf162e1b14dba47b0d1592c77f19
1,681,formal-v1__profile__mega_wing__memory_bandwidth__p075__r02,formal-v1,profile,not_applicable,pressure_profile,"[""mega_wing""]",mega_wing,[],,,memory_bandwidth,0.75,2,7750196177197928989,10,30,1,10,windows-rtx4060,0,0,grid_2x2,true,84,a36b78d2998befbd10330adef8f5ab1f813a7a68144bd44a59f55bb779224525,608d817cd8d44787fc0ba4c2f2ee507f0b4c987f,data/raw/remaining-s30/formal-v1/formal-v1__profile__mega_wing__memory_bandwidth__p075__r02,"{""mega_wing"":""games/pyxel/apps-src/mega_wing/mega_wing.py""}","{""mega_wing"":""86bad6c02a303806c58137503739241dc6b1e86695f7c0dbf672b5e1a1464e9f""}",38725877f310f9e8a7654075bbc19a1806a7d7351448266469d5811e1a2b924b
1,682,formal-v1__profile__pyxel_bubbles__cpu_compute__p025__r01,formal-v1,profile,not_applicable,pressure_profile,"[""pyxel_bubbles""]",pyxel_bubbles,[],,,cpu_compute,0.25,1,5327162511182968226,10,30,1,10,windows-rtx4060,0,0,grid_2x2,true,84,a36b78d2998befbd10330adef8f5ab1f813a7a68144bd44a59f55bb779224525,608d817cd8d44787fc0ba4c2f2ee507f0b4c987f,data/raw/remaining-s30/formal-v1/formal-v1__profile__pyxel_bubbles__cpu_compute__p025__r01,"{""pyxel_bubbles"":""games/pyxel/06_click_game.py""}","{""pyxel_bubbles"":""54c101e90bdaed839ac4c4284494530d5df37a5819a35f1e41eebb0b3da5d900""}",e8186f990f2cbe299f5707d80488124dfefc1ddedff2d98e8b67b777f5da97ee
1,683,formal-v1__profile__daylight__cpu_compute__p025__r03,formal-v1,profile,not_applicable,pressure_profile,"[""daylight""]",daylight,[],,,cpu_compute,0.25,3,792335164395500404,10,30,1,10,windows-rtx4060,0,0,grid_2x2,true,84,a36b78d2998befbd10330adef8f5ab1f813a7a68144bd44a59f55bb779224525,608d817cd8d44787fc0ba4c2f2ee507f0b4c987f,data/raw/remaining-s30/formal-v1/formal-v1__profile__daylight__cpu_compute__p025__r03,"{""daylight"":""games/pyxel/apps-src/30SecondsOfDaylight/src/main.py""}","{""daylight"":""21a365375249e9d7ea05e78dcfe040f09cc1f0c66bd410bae084190c743a028f""}",91232f41dce4b507ba2a85bafa437a30f1147eb0ab3b288c4f8a7918f183e950
1,684,formal-v1__profile__pyxel_platformer__memory_bandwidth__p100__r01,formal-v1,profile,not_applicable,pressure_profile,"[""pyxel_platformer""]",pyxel_platformer,[],,,memory_bandwidth,1,1,5382222049259964063,10,30,1,10,windows-rtx4060,0,0,grid_2x2,true,84,a36b78d2998befbd10330adef8f5ab1f813a7a68144bd44a59f55bb779224525,608d817cd8d44787fc0ba4c2f2ee507f0b4c987f,data/raw/remaining-s30/formal-v1/formal-v1__profile__pyxel_platformer__memory_bandwidth__p100__r01,"{""pyxel_platformer"":""games/pyxel/10_platformer.py""}","{""pyxel_platformer"":""1b2c75b49dc9ab0254fb4b724682a4787868814a38d2f08920720dc5b6007ac5""}",584c4342ed334a7e7a80a1ca0d0277e81c33e70d329273cd9e490f31197763d8
1,685,formal-v1__profile__daylight__memory_bandwidth__p100__r02,formal-v1,profile,not_applicable,pressure_profile,"[""daylight""]",daylight,[],,,memory_bandwidth,1,2,9432935516054609177,10,30,1,10,windows-rtx4060,0,0,grid_2x2,true,84,a36b78d2998befbd10330adef8f5ab1f813a7a68144bd44a59f55bb779224525,608d817cd8d44787fc0ba4c2f2ee507f0b4c987f,data/raw/remaining-s30/formal-v1/formal-v1__profile__daylight__memory_bandwidth__p100__r02,"{""daylight"":""games/pyxel/apps-src/30SecondsOfDaylight/src/main.py""}","{""daylight"":""21a365375249e9d7ea05e78dcfe040f09cc1f0c66bd410bae084190c743a028f""}",59d6c100bd400dedef8fb3f28eb28ec224e6b7459522cd23c4667f96a04e901e
1,686,formal-v1__profile__space_rescue__cpu_compute__p000__r03,formal-v1,profile,not_applicable,pressure_profile,"[""space_rescue""]",space_rescue,[],,,cpu_compute,0,3,16445950695555674728,10,30,1,10,windows-rtx4060,0,0,grid_2x2,true,84,a36b78d2998befbd10330adef8f5ab1f813a7a68144bd44a59f55bb779224525,608d817cd8d44787fc0ba4c2f2ee507f0b4c987f,data/raw/remaining-s30/formal-v1/formal-v1__profile__space_rescue__cpu_compute__p000__r03,"{""space_rescue"":""games/pyxel/apps-src/space_rescue/space_rescue.py""}","{""space_rescue"":""f3b0ab6784ae558e64f06a3f0a704e53f107a130aa3d43357659d0850131e461""}",de7485298c418cfae76f74b888effd1c2f58d574df644f9d11df926a0e562c6f
1,687,formal-v1__profile__pyxel_shooter__gpu_memory__p100__r02,formal-v1,profile,not_applicable,pressure_profile,"[""pyxel_shooter""]",pyxel_shooter,[],,,gpu_memory,1,2,15985385741595330183,10,30,1,10,windows-rtx4060,0,0,grid_2x2,true,84,a36b78d2998befbd10330adef8f5ab1f813a7a68144bd44a59f55bb779224525,608d817cd8d44787fc0ba4c2f2ee507f0b4c987f,data/raw/remaining-s30/formal-v1/formal-v1__profile__pyxel_shooter__gpu_memory__p100__r02,"{""pyxel_shooter"":""games/pyxel/09_shooter.py""}","{""pyxel_shooter"":""0f53e4156907eac41080a8f289e22c89365b3239517c754cf59a51af201d5563""}",ee84cd07859aa3d48b6765c1d0641ebe717a4185813baf72dee35a91b13575f9
1,688,formal-v1__profile__pyxel_jump__memory_bandwidth__p025__r03,formal-v1,profile,not_applicable,pressure_profile,"[""pyxel_jump""]",pyxel_jump,[],,,memory_bandwidth,0.25,3,11553399620744291521,10,30,1,10,windows-rtx4060,0,0,grid_2x2,true,84,a36b78d2998befbd10330adef8f5ab1f813a7a68144bd44a59f55bb779224525,608d817cd8d44787fc0ba4c2f2ee507f0b4c987f,data/raw/remaining-s30/formal-v1/formal-v1__profile__pyxel_jump__memory_bandwidth__p025__r03,"{""pyxel_jump"":""games/pyxel/02_jump_game.py""}","{""pyxel_jump"":""4743a825f1c9cae7e049ac52115f4ecf83350db546c00745a54af187d7bc2e46""}",cad456e8705b8bd8dc8b734988a8b20adc083e27a3c3b073292a6740b7d34bac
1,689,formal-v1__profile__pyxel_platformer__memory_bandwidth__p000__r01,formal-v1,profile,not_applicable,pressure_profile,"[""pyxel_platformer""]",pyxel_platformer,[],,,memory_bandwidth,0,1,5530499916137772771,10,30,1,10,windows-rtx4060,0,0,grid_2x2,true,84,a36b78d2998befbd10330adef8f5ab1f813a7a68144bd44a59f55bb779224525,608d817cd8d44787fc0ba4c2f2ee507f0b4c987f,data/raw/remaining-s30/formal-v1/formal-v1__profile__pyxel_platformer__memory_bandwidth__p000__r01,"{""pyxel_platformer"":""games/pyxel/10_platformer.py""}","{""pyxel_platformer"":""1b2c75b49dc9ab0254fb4b724682a4787868814a38d2f08920720dc5b6007ac5""}",c6c2bfde17436e73c2b66abe5116077cbf1543050a242a22bc15a1fd3b512bbf
1,690,formal-v1__profile__mega_wing__gpu_compute__p075__r01,formal-v1,profile,not_applicable,pressure_profile,"[""mega_wing""]",mega_wing,[],,,gpu_compute,0.75,1,5779947581129877519,10,30,1,10,windows-rtx4060,0,0,grid_2x2,true,84,a36b78d2998befbd10330adef8f5ab1f813a7a68144bd44a59f55bb779224525,608d817cd8d44787fc0ba4c2f2ee507f0b4c987f,data/raw/remaining-s30/formal-v1/formal-v1__profile__mega_wing__gpu_compute__p075__r01,"{""mega_wing"":""games/pyxel/apps-src/mega_wing/mega_wing.py""}","{""mega_wing"":""86bad6c02a303806c58137503739241dc6b1e86695f7c0dbf672b5e1a1464e9f""}",23586d177e8d51268b92ab1cda06aea6b31f9157a72495193a68cc311a561e02
1,691,formal-v1__colocation__pyxel_jump+pyxel_shooter+space_rescue__r03,formal-v1,colocation-main,validation,colocation,"[""pyxel_jump"",""pyxel_shooter"",""space_rescue""]",pyxel_jump,"[""pyxel_shooter"",""space_rescue""]",pyxel_jump+pyxel_shooter+space_rescue,pyxel_jump+pyxel_shooter+space_rescue__r03,,,3,18062559485238238903,10,30,1,10,windows-rtx4060,0,0,grid_2x2,true,84,a36b78d2998befbd10330adef8f5ab1f813a7a68144bd44a59f55bb779224525,608d817cd8d44787fc0ba4c2f2ee507f0b4c987f,data/raw/remaining-s30/formal-v1/formal-v1__colocation__pyxel_jump+pyxel_shooter+space_rescue__r03,"{""pyxel_jump"":""games/pyxel/02_jump_game.py"",""pyxel_shooter"":""games/pyxel/09_shooter.py"",""space_rescue"":""games/pyxel/apps-src/space_rescue/space_rescue.py""}","{""pyxel_jump"":""4743a825f1c9cae7e049ac52115f4ecf83350db546c00745a54af187d7bc2e46"",""pyxel_shooter"":""0f53e4156907eac41080a8f289e22c89365b3239517c754cf59a51af201d5563"",""space_rescue"":""f3b0ab6784ae558e64f06a3f0a704e53f107a130aa3d43357659d0850131e461""}",b94921c8c86b2dc4c7479aeff7e52907ea8ae86e3d01ae1cf95c75d10f7de795
1,692,formal-v1__profile__space_rescue__memory_bandwidth__p025__r02,formal-v1,profile,not_applicable,pressure_profile,"[""space_rescue""]",space_rescue,[],,,memory_bandwidth,0.25,2,17169280714646380743,10,30,1,10,windows-rtx4060,0,0,grid_2x2,true,84,a36b78d2998befbd10330adef8f5ab1f813a7a68144bd44a59f55bb779224525,608d817cd8d44787fc0ba4c2f2ee507f0b4c987f,data/raw/remaining-s30/formal-v1/formal-v1__profile__space_rescue__memory_bandwidth__p025__r02,"{""space_rescue"":""games/pyxel/apps-src/space_rescue/space_rescue.py""}","{""space_rescue"":""f3b0ab6784ae558e64f06a3f0a704e53f107a130aa3d43357659d0850131e461""}",7a380352e28a592f632914bdbf86ba879fc92b8891dbad4eb7fca706bdffdaef
1,693,formal-v1__profile__pyxel_jump__gpu_compute__p025__r03,formal-v1,profile,not_applicable,pressure_profile,"[""pyxel_jump""]",pyxel_jump,[],,,gpu_compute,0.25,3,17104872096298149474,10,30,1,10,windows-rtx4060,0,0,grid_2x2,true,84,a36b78d2998befbd10330adef8f5ab1f813a7a68144bd44a59f55bb779224525,608d817cd8d44787fc0ba4c2f2ee507f0b4c987f,data/raw/remaining-s30/formal-v1/formal-v1__profile__pyxel_jump__gpu_compute__p025__r03,"{""pyxel_jump"":""games/pyxel/02_jump_game.py""}","{""pyxel_jump"":""4743a825f1c9cae7e049ac52115f4ecf83350db546c00745a54af187d7bc2e46""}",3611f36012051fe5c09ce02f8ad82676b040e280bed6499c3a901667d44a68fa
1,694,formal-v1__profile__pyxel_jump__cpu_compute__p000__r03,formal-v1,profile,not_applicable,pressure_profile,"[""pyxel_jump""]",pyxel_jump,[],,,cpu_compute,0,3,14285936815535495419,10,30,1,10,windows-rtx4060,0,0,grid_2x2,true,84,a36b78d2998befbd10330adef8f5ab1f813a7a68144bd44a59f55bb779224525,608d817cd8d44787fc0ba4c2f2ee507f0b4c987f,data/raw/remaining-s30/formal-v1/formal-v1__profile__pyxel_jump__cpu_compute__p000__r03,"{""pyxel_jump"":""games/pyxel/02_jump_game.py""}","{""pyxel_jump"":""4743a825f1c9cae7e049ac52115f4ecf83350db546c00745a54af187d7bc2e46""}",62b357952e2d7d7a0b17016e9f09aeaf9ba730408324a3b1a65555d36c3e7012
1,695,formal-v1__profile__pyxel_platformer__cpu_compute__p100__r01,formal-v1,profile,not_applicable,pressure_profile,"[""pyxel_platformer""]",pyxel_platformer,[],,,cpu_compute,1,1,14323591777138316131,10,30,1,10,windows-rtx4060,0,0,grid_2x2,true,84,a36b78d2998befbd10330adef8f5ab1f813a7a68144bd44a59f55bb779224525,608d817cd8d44787fc0ba4c2f2ee507f0b4c987f,data/raw/remaining-s30/formal-v1/formal-v1__profile__pyxel_platformer__cpu_compute__p100__r01,"{""pyxel_platformer"":""games/pyxel/10_platformer.py""}","{""pyxel_platformer"":""1b2c75b49dc9ab0254fb4b724682a4787868814a38d2f08920720dc5b6007ac5""}",b92c7e5e21d3993fd084d4f4cb1f821334ef447fd01d468f750ec7dacb6ff728
1,696,formal-v1__colocation__pyxel_jump+pyxel_snake__r02,formal-v1,colocation-main,validation,colocation,"[""pyxel_jump"",""pyxel_snake""]",pyxel_jump,"[""pyxel_snake""]",pyxel_jump+pyxel_snake,pyxel_jump+pyxel_snake__r02,,,2,8719686687132582433,10,30,1,10,windows-rtx4060,0,0,grid_2x2,true,84,a36b78d2998befbd10330adef8f5ab1f813a7a68144bd44a59f55bb779224525,608d817cd8d44787fc0ba4c2f2ee507f0b4c987f,data/raw/remaining-s30/formal-v1/formal-v1__colocation__pyxel_jump+pyxel_snake__r02,"{""pyxel_jump"":""games/pyxel/02_jump_game.py"",""pyxel_snake"":""games/pyxel/07_snake.py""}","{""pyxel_jump"":""4743a825f1c9cae7e049ac52115f4ecf83350db546c00745a54af187d7bc2e46"",""pyxel_snake"":""bc533fef92d1d358e570f69d979919fe5c1cd8c4da49841104b49a1e661a5ac3""}",2447d59bb086199534cb3a13653c37965c221189cdf1aa7167c101db1b17f8f1
1,697,formal-v1__profile__mega_wing__gpu_memory__p100__r02,formal-v1,profile,not_applicable,pressure_profile,"[""mega_wing""]",mega_wing,[],,,gpu_memory,1,2,4689226427240351128,10,30,1,10,windows-rtx4060,0,0,grid_2x2,true,84,a36b78d2998befbd10330adef8f5ab1f813a7a68144bd44a59f55bb779224525,608d817cd8d44787fc0ba4c2f2ee507f0b4c987f,data/raw/remaining-s30/formal-v1/formal-v1__profile__mega_wing__gpu_memory__p100__r02,"{""mega_wing"":""games/pyxel/apps-src/mega_wing/mega_wing.py""}","{""mega_wing"":""86bad6c02a303806c58137503739241dc6b1e86695f7c0dbf672b5e1a1464e9f""}",605d96e20b972fd09522d92d41527c1d820b90c10cb7e8786ec6f0d2c1b54724
1,698,formal-v1__profile__pyxel_bubbles__gpu_compute__p025__r03,formal-v1,profile,not_applicable,pressure_profile,"[""pyxel_bubbles""]",pyxel_bubbles,[],,,gpu_compute,0.25,3,16430586050895063617,10,30,1,10,windows-rtx4060,0,0,grid_2x2,true,84,a36b78d2998befbd10330adef8f5ab1f813a7a68144bd44a59f55bb779224525,608d817cd8d44787fc0ba4c2f2ee507f0b4c987f,data/raw/remaining-s30/formal-v1/formal-v1__profile__pyxel_bubbles__gpu_compute__p025__r03,"{""pyxel_bubbles"":""games/pyxel/06_click_game.py""}","{""pyxel_bubbles"":""54c101e90bdaed839ac4c4284494530d5df37a5819a35f1e41eebb0b3da5d900""}",a4be8a45f054106063aaf98660a47a596e8a32209d3bb41f467c29f29a2ebf81
1,699,formal-v1__profile__daylight__cpu_compute__p000__r03,formal-v1,profile,not_applicable,pressure_profile,"[""daylight""]",daylight,[],,,cpu_compute,0,3,1493188836378741492,10,30,1,10,windows-rtx4060,0,0,grid_2x2,true,84,a36b78d2998befbd10330adef8f5ab1f813a7a68144bd44a59f55bb779224525,608d817cd8d44787fc0ba4c2f2ee507f0b4c987f,data/raw/remaining-s30/formal-v1/formal-v1__profile__daylight__cpu_compute__p000__r03,"{""daylight"":""games/pyxel/apps-src/30SecondsOfDaylight/src/main.py""}","{""daylight"":""21a365375249e9d7ea05e78dcfe040f09cc1f0c66bd410bae084190c743a028f""}",6f1783f7b67fecb6c2d3a826dcc6bebefd179ceacac3758978d9a02a91e94843
1,700,formal-v1__profile__space_rescue__cpu_compute__p025__r01,formal-v1,profile,not_applicable,pressure_profile,"[""space_rescue""]",space_rescue,[],,,cpu_compute,0.25,1,5564895717931753697,10,30,1,10,windows-rtx4060,0,0,grid_2x2,true,84,a36b78d2998befbd10330adef8f5ab1f813a7a68144bd44a59f55bb779224525,608d817cd8d44787fc0ba4c2f2ee507f0b4c987f,data/raw/remaining-s30/formal-v1/formal-v1__profile__space_rescue__cpu_compute__p025__r01,"{""space_rescue"":""games/pyxel/apps-src/space_rescue/space_rescue.py""}","{""space_rescue"":""f3b0ab6784ae558e64f06a3f0a704e53f107a130aa3d43357659d0850131e461""}",5971494757c049c2702c5b71050628f1a43b215de9f76576c9995893f720b782
1,701,formal-v1__colocation__daylight+pyxel_bubbles+space_rescue__r01,formal-v1,colocation-main,train,colocation,"[""daylight"",""pyxel_bubbles"",""space_rescue""]",daylight,"[""pyxel_bubbles"",""space_rescue""]",daylight+pyxel_bubbles+space_rescue,daylight+pyxel_bubbles+space_rescue__r01,,,1,423702352028061056,10,30,1,10,windows-rtx4060,0,0,grid_2x2,true,84,a36b78d2998befbd10330adef8f5ab1f813a7a68144bd44a59f55bb779224525,608d817cd8d44787fc0ba4c2f2ee507f0b4c987f,data/raw/remaining-s30/formal-v1/formal-v1__colocation__daylight+pyxel_bubbles+space_rescue__r01,"{""daylight"":""games/pyxel/apps-src/30SecondsOfDaylight/src/main.py"",""pyxel_bubbles"":""games/pyxel/06_click_game.py"",""space_rescue"":""games/pyxel/apps-src/space_rescue/space_rescue.py""}","{""daylight"":""21a365375249e9d7ea05e78dcfe040f09cc1f0c66bd410bae084190c743a028f"",""pyxel_bubbles"":""54c101e90bdaed839ac4c4284494530d5df37a5819a35f1e41eebb0b3da5d900"",""space_rescue"":""f3b0ab6784ae558e64f06a3f0a704e53f107a130aa3d43357659d0850131e461""}",91e9513622da465d63cb68865fe0bc4a57c2ef53731504d8e703ed11bbfebbd2
1,702,formal-v1__profile__pyxel_bubbles__memory_bandwidth__p025__r01,formal-v1,profile,not_applicable,pressure_profile,"[""pyxel_bubbles""]",pyxel_bubbles,[],,,memory_bandwidth,0.25,1,10494915136479935047,10,30,1,10,windows-rtx4060,0,0,grid_2x2,true,84,a36b78d2998befbd10330adef8f5ab1f813a7a68144bd44a59f55bb779224525,608d817cd8d44787fc0ba4c2f2ee507f0b4c987f,data/raw/remaining-s30/formal-v1/formal-v1__profile__pyxel_bubbles__memory_bandwidth__p025__r01,"{""pyxel_bubbles"":""games/pyxel/06_click_game.py""}","{""pyxel_bubbles"":""54c101e90bdaed839ac4c4284494530d5df37a5819a35f1e41eebb0b3da5d900""}",87be1c67b518b780e86203db76d20164537997b2383e2f7ead5478a78736e7a4
1,703,formal-v1__profile__pyxel_shooter__memory_bandwidth__p000__r03,formal-v1,profile,not_applicable,pressure_profile,"[""pyxel_shooter""]",pyxel_shooter,[],,,memory_bandwidth,0,3,874052927078879399,10,30,1,10,windows-rtx4060,0,0,grid_2x2,true,84,a36b78d2998befbd10330adef8f5ab1f813a7a68144bd44a59f55bb779224525,608d817cd8d44787fc0ba4c2f2ee507f0b4c987f,data/raw/remaining-s30/formal-v1/formal-v1__profile__pyxel_shooter__memory_bandwidth__p000__r03,"{""pyxel_shooter"":""games/pyxel/09_shooter.py""}","{""pyxel_shooter"":""0f53e4156907eac41080a8f289e22c89365b3239517c754cf59a51af201d5563""}",0930ee7bce65b694568cf550496ee8a3287cc784281c4f2a12f20344e95e20ad
1,704,formal-v1__profile__pyxel_jump__gpu_compute__p050__r02,formal-v1,profile,not_applicable,pressure_profile,"[""pyxel_jump""]",pyxel_jump,[],,,gpu_compute,0.5,2,10359116280675138896,10,30,1,10,windows-rtx4060,0,0,grid_2x2,true,84,a36b78d2998befbd10330adef8f5ab1f813a7a68144bd44a59f55bb779224525,608d817cd8d44787fc0ba4c2f2ee507f0b4c987f,data/raw/remaining-s30/formal-v1/formal-v1__profile__pyxel_jump__gpu_compute__p050__r02,"{""pyxel_jump"":""games/pyxel/02_jump_game.py""}","{""pyxel_jump"":""4743a825f1c9cae7e049ac52115f4ecf83350db546c00745a54af187d7bc2e46""}",40c555d02eadd941f46efd9fee5433c7b6619fc344f6e64515ef976ca47efadd
1,705,formal-v1__profile__pyxel_shooter__gpu_memory__p075__r01,formal-v1,profile,not_applicable,pressure_profile,"[""pyxel_shooter""]",pyxel_shooter,[],,,gpu_memory,0.75,1,514561153268668884,10,30,1,10,windows-rtx4060,0,0,grid_2x2,true,84,a36b78d2998befbd10330adef8f5ab1f813a7a68144bd44a59f55bb779224525,608d817cd8d44787fc0ba4c2f2ee507f0b4c987f,data/raw/remaining-s30/formal-v1/formal-v1__profile__pyxel_shooter__gpu_memory__p075__r01,"{""pyxel_shooter"":""games/pyxel/09_shooter.py""}","{""pyxel_shooter"":""0f53e4156907eac41080a8f289e22c89365b3239517c754cf59a51af201d5563""}",ec5f5d3cbf101fb934bae5e6693c43b67206e3794c8aeaccb4ced7db035a909a
1,706,formal-v1__colocation__pyxel_shooter+space_rescue__r03,formal-v1,colocation-main,train,colocation,"[""pyxel_shooter"",""space_rescue""]",pyxel_shooter,"[""space_rescue""]",pyxel_shooter+space_rescue,pyxel_shooter+space_rescue__r03,,,3,5935736765789248513,10,30,1,10,windows-rtx4060,0,0,grid_2x2,true,84,a36b78d2998befbd10330adef8f5ab1f813a7a68144bd44a59f55bb779224525,608d817cd8d44787fc0ba4c2f2ee507f0b4c987f,data/raw/remaining-s30/formal-v1/formal-v1__colocation__pyxel_shooter+space_rescue__r03,"{""pyxel_shooter"":""games/pyxel/09_shooter.py"",""space_rescue"":""games/pyxel/apps-src/space_rescue/space_rescue.py""}","{""pyxel_shooter"":""0f53e4156907eac41080a8f289e22c89365b3239517c754cf59a51af201d5563"",""space_rescue"":""f3b0ab6784ae558e64f06a3f0a704e53f107a130aa3d43357659d0850131e461""}",07212bc97704f8ec4b7f4d5dc5092b2965af56c0fb4db0656a3a4a0f4dd64677
1,707,formal-v1__profile__pyxel_platformer__gpu_memory__p100__r02,formal-v1,profile,not_applicable,pressure_profile,"[""pyxel_platformer""]",pyxel_platformer,[],,,gpu_memory,1,2,1496282205260929984,10,30,1,10,windows-rtx4060,0,0,grid_2x2,true,84,a36b78d2998befbd10330adef8f5ab1f813a7a68144bd44a59f55bb779224525,608d817cd8d44787fc0ba4c2f2ee507f0b4c987f,data/raw/remaining-s30/formal-v1/formal-v1__profile__pyxel_platformer__gpu_memory__p100__r02,"{""pyxel_platformer"":""games/pyxel/10_platformer.py""}","{""pyxel_platformer"":""1b2c75b49dc9ab0254fb4b724682a4787868814a38d2f08920720dc5b6007ac5""}",c90ad7dc99396220a3e2b9305fde66c7544ee5f8203939bd444bb8989e93c0fd
1,708,formal-v1__colocation__daylight+pyxel_jump+space_rescue__r03,formal-v1,colocation-main,train,colocation,"[""daylight"",""pyxel_jump"",""space_rescue""]",daylight,"[""pyxel_jump"",""space_rescue""]",daylight+pyxel_jump+space_rescue,daylight+pyxel_jump+space_rescue__r03,,,3,13707573931073423570,10,30,1,10,windows-rtx4060,0,0,grid_2x2,true,84,a36b78d2998befbd10330adef8f5ab1f813a7a68144bd44a59f55bb779224525,608d817cd8d44787fc0ba4c2f2ee507f0b4c987f,data/raw/remaining-s30/formal-v1/formal-v1__colocation__daylight+pyxel_jump+space_rescue__r03,"{""daylight"":""games/pyxel/apps-src/30SecondsOfDaylight/src/main.py"",""pyxel_jump"":""games/pyxel/02_jump_game.py"",""space_rescue"":""games/pyxel/apps-src/space_rescue/space_rescue.py""}","{""daylight"":""21a365375249e9d7ea05e78dcfe040f09cc1f0c66bd410bae084190c743a028f"",""pyxel_jump"":""4743a825f1c9cae7e049ac52115f4ecf83350db546c00745a54af187d7bc2e46"",""space_rescue"":""f3b0ab6784ae558e64f06a3f0a704e53f107a130aa3d43357659d0850131e461""}",c7523b8e87307730ca96a959ac502e0e00c6b3a7443e87029b27d9650001fa8b
1,709,formal-v1__extra__pyxel_jump+pyxel_platformer+pyxel_shooter+space_rescue__r02,formal-v1,colocation-extra-test,extra_test,extra_test,"[""pyxel_jump"",""pyxel_platformer"",""pyxel_shooter"",""space_rescue""]",pyxel_jump,"[""pyxel_platformer"",""pyxel_shooter"",""space_rescue""]",pyxel_jump+pyxel_platformer+pyxel_shooter+space_rescue,pyxel_jump+pyxel_platformer+pyxel_shooter+space_rescue__r02,,,2,3593831768122101321,10,30,1,10,windows-rtx4060,0,0,grid_2x2,true,84,a36b78d2998befbd10330adef8f5ab1f813a7a68144bd44a59f55bb779224525,608d817cd8d44787fc0ba4c2f2ee507f0b4c987f,data/raw/remaining-s30/formal-v1/formal-v1__extra__pyxel_jump+pyxel_platformer+pyxel_shooter+space_rescue__r02,"{""pyxel_jump"":""games/pyxel/02_jump_game.py"",""pyxel_platformer"":""games/pyxel/10_platformer.py"",""pyxel_shooter"":""games/pyxel/09_shooter.py"",""space_rescue"":""games/pyxel/apps-src/space_rescue/space_rescue.py""}","{""pyxel_jump"":""4743a825f1c9cae7e049ac52115f4ecf83350db546c00745a54af187d7bc2e46"",""pyxel_platformer"":""1b2c75b49dc9ab0254fb4b724682a4787868814a38d2f08920720dc5b6007ac5"",""pyxel_shooter"":""0f53e4156907eac41080a8f289e22c89365b3239517c754cf59a51af201d5563"",""space_rescue"":""f3b0ab6784ae558e64f06a3f0a704e53f107a130aa3d43357659d0850131e461""}",223297833d0d7d5fe6f485b9cdb73d342444d200bb2597df7ce099c081a0c770
1,710,formal-v1__profile__daylight__gpu_compute__p000__r01,formal-v1,profile,not_applicable,pressure_profile,"[""daylight""]",daylight,[],,,gpu_compute,0,1,842912029377813173,10,30,1,10,windows-rtx4060,0,0,grid_2x2,true,84,a36b78d2998befbd10330adef8f5ab1f813a7a68144bd44a59f55bb779224525,608d817cd8d44787fc0ba4c2f2ee507f0b4c987f,data/raw/remaining-s30/formal-v1/formal-v1__profile__daylight__gpu_compute__p000__r01,"{""daylight"":""games/pyxel/apps-src/30SecondsOfDaylight/src/main.py""}","{""daylight"":""21a365375249e9d7ea05e78dcfe040f09cc1f0c66bd410bae084190c743a028f""}",b4c5d9170846befb638e8492e7b15ebb4845262d5f90c75074c8e52c728cb2ea
1,711,formal-v1__profile__space_rescue__cpu_compute__p050__r02,formal-v1,profile,not_applicable,pressure_profile,"[""space_rescue""]",space_rescue,[],,,cpu_compute,0.5,2,17440181082909761766,10,30,1,10,windows-rtx4060,0,0,grid_2x2,true,84,a36b78d2998befbd10330adef8f5ab1f813a7a68144bd44a59f55bb779224525,608d817cd8d44787fc0ba4c2f2ee507f0b4c987f,data/raw/remaining-s30/formal-v1/formal-v1__profile__space_rescue__cpu_compute__p050__r02,"{""space_rescue"":""games/pyxel/apps-src/space_rescue/space_rescue.py""}","{""space_rescue"":""f3b0ab6784ae558e64f06a3f0a704e53f107a130aa3d43357659d0850131e461""}",30b747bbad1b203626ba3654ce30c86dbf409bf8ea64f36016915f167329f668
1,712,formal-v1__profile__pyxel_bubbles__cpu_compute__p000__r02,formal-v1,profile,not_applicable,pressure_profile,"[""pyxel_bubbles""]",pyxel_bubbles,[],,,cpu_compute,0,2,15375276537990914304,10,30,1,10,windows-rtx4060,0,0,grid_2x2,true,84,a36b78d2998befbd10330adef8f5ab1f813a7a68144bd44a59f55bb779224525,608d817cd8d44787fc0ba4c2f2ee507f0b4c987f,data/raw/remaining-s30/formal-v1/formal-v1__profile__pyxel_bubbles__cpu_compute__p000__r02,"{""pyxel_bubbles"":""games/pyxel/06_click_game.py""}","{""pyxel_bubbles"":""54c101e90bdaed839ac4c4284494530d5df37a5819a35f1e41eebb0b3da5d900""}",4958f195612ce6fcb2d1dd1c7b93f35bd083ffd9ebe4fd48da045521924b9dbf
1,713,formal-v1__colocation__pyxel_platformer+pyxel_snake+space_rescue__r03,formal-v1,colocation-main,validation,colocation,"[""pyxel_platformer"",""pyxel_snake"",""space_rescue""]",pyxel_platformer,"[""pyxel_snake"",""space_rescue""]",pyxel_platformer+pyxel_snake+space_rescue,pyxel_platformer+pyxel_snake+space_rescue__r03,,,3,17351296107458380326,10,30,1,10,windows-rtx4060,0,0,grid_2x2,true,84,a36b78d2998befbd10330adef8f5ab1f813a7a68144bd44a59f55bb779224525,608d817cd8d44787fc0ba4c2f2ee507f0b4c987f,data/raw/remaining-s30/formal-v1/formal-v1__colocation__pyxel_platformer+pyxel_snake+space_rescue__r03,"{""pyxel_platformer"":""games/pyxel/10_platformer.py"",""pyxel_snake"":""games/pyxel/07_snake.py"",""space_rescue"":""games/pyxel/apps-src/space_rescue/space_rescue.py""}","{""pyxel_platformer"":""1b2c75b49dc9ab0254fb4b724682a4787868814a38d2f08920720dc5b6007ac5"",""pyxel_snake"":""bc533fef92d1d358e570f69d979919fe5c1cd8c4da49841104b49a1e661a5ac3"",""space_rescue"":""f3b0ab6784ae558e64f06a3f0a704e53f107a130aa3d43357659d0850131e461""}",0f90024b8b6232ac8b9db2f7d3508f517ce9f3844adecf9c9005b7833baf6aef
1,714,formal-v1__profile__pyxel_platformer__memory_bandwidth__p025__r01,formal-v1,profile,not_applicable,pressure_profile,"[""pyxel_platformer""]",pyxel_platformer,[],,,memory_bandwidth,0.25,1,9143348690438876356,10,30,1,10,windows-rtx4060,0,0,grid_2x2,true,84,a36b78d2998befbd10330adef8f5ab1f813a7a68144bd44a59f55bb779224525,608d817cd8d44787fc0ba4c2f2ee507f0b4c987f,data/raw/remaining-s30/formal-v1/formal-v1__profile__pyxel_platformer__memory_bandwidth__p025__r01,"{""pyxel_platformer"":""games/pyxel/10_platformer.py""}","{""pyxel_platformer"":""1b2c75b49dc9ab0254fb4b724682a4787868814a38d2f08920720dc5b6007ac5""}",94fc75ae79c8df911b1cdec8c633c03667a8407afa5528d65b40b7e0069a22b9
1,715,formal-v1__profile__pyxel_platformer__gpu_memory__p025__r03,formal-v1,profile,not_applicable,pressure_profile,"[""pyxel_platformer""]",pyxel_platformer,[],,,gpu_memory,0.25,3,14571975332059729005,10,30,1,10,windows-rtx4060,0,0,grid_2x2,true,84,a36b78d2998befbd10330adef8f5ab1f813a7a68144bd44a59f55bb779224525,608d817cd8d44787fc0ba4c2f2ee507f0b4c987f,data/raw/remaining-s30/formal-v1/formal-v1__profile__pyxel_platformer__gpu_memory__p025__r03,"{""pyxel_platformer"":""games/pyxel/10_platformer.py""}","{""pyxel_platformer"":""1b2c75b49dc9ab0254fb4b724682a4787868814a38d2f08920720dc5b6007ac5""}",92e6b76d42b173272baaf8caf34f998356eeef332066abff52a1257f1bd50ce2
1,716,formal-v1__colocation__pyxel_bubbles+pyxel_jump+pyxel_snake__r03,formal-v1,colocation-main,train,colocation,"[""pyxel_bubbles"",""pyxel_jump"",""pyxel_snake""]",pyxel_bubbles,"[""pyxel_jump"",""pyxel_snake""]",pyxel_bubbles+pyxel_jump+pyxel_snake,pyxel_bubbles+pyxel_jump+pyxel_snake__r03,,,3,11116689002804186240,10,30,1,10,windows-rtx4060,0,0,grid_2x2,true,84,a36b78d2998befbd10330adef8f5ab1f813a7a68144bd44a59f55bb779224525,608d817cd8d44787fc0ba4c2f2ee507f0b4c987f,data/raw/remaining-s30/formal-v1/formal-v1__colocation__pyxel_bubbles+pyxel_jump+pyxel_snake__r03,"{""pyxel_bubbles"":""games/pyxel/06_click_game.py"",""pyxel_jump"":""games/pyxel/02_jump_game.py"",""pyxel_snake"":""games/pyxel/07_snake.py""}","{""pyxel_bubbles"":""54c101e90bdaed839ac4c4284494530d5df37a5819a35f1e41eebb0b3da5d900"",""pyxel_jump"":""4743a825f1c9cae7e049ac52115f4ecf83350db546c00745a54af187d7bc2e46"",""pyxel_snake"":""bc533fef92d1d358e570f69d979919fe5c1cd8c4da49841104b49a1e661a5ac3""}",e2567449dfb8b080955799afe08e5bf7efd134f7b6310862ab4d58815a0df1f5
1,717,formal-v1__profile__pyxel_snake__memory_bandwidth__p000__r02,formal-v1,profile,not_applicable,pressure_profile,"[""pyxel_snake""]",pyxel_snake,[],,,memory_bandwidth,0,2,7869016819422928092,10,30,1,10,windows-rtx4060,0,0,grid_2x2,true,84,a36b78d2998befbd10330adef8f5ab1f813a7a68144bd44a59f55bb779224525,608d817cd8d44787fc0ba4c2f2ee507f0b4c987f,data/raw/remaining-s30/formal-v1/formal-v1__profile__pyxel_snake__memory_bandwidth__p000__r02,"{""pyxel_snake"":""games/pyxel/07_snake.py""}","{""pyxel_snake"":""bc533fef92d1d358e570f69d979919fe5c1cd8c4da49841104b49a1e661a5ac3""}",ad76c180fc0e3d1a44dca65575c87dba4a00955e0950ba8d3792b8ebf2e93ef2
1,718,formal-v1__profile__daylight__cpu_compute__p100__r01,formal-v1,profile,not_applicable,pressure_profile,"[""daylight""]",daylight,[],,,cpu_compute,1,1,5373647913223301694,10,30,1,10,windows-rtx4060,0,0,grid_2x2,true,84,a36b78d2998befbd10330adef8f5ab1f813a7a68144bd44a59f55bb779224525,608d817cd8d44787fc0ba4c2f2ee507f0b4c987f,data/raw/remaining-s30/formal-v1/formal-v1__profile__daylight__cpu_compute__p100__r01,"{""daylight"":""games/pyxel/apps-src/30SecondsOfDaylight/src/main.py""}","{""daylight"":""21a365375249e9d7ea05e78dcfe040f09cc1f0c66bd410bae084190c743a028f""}",8e18f33c2e765565d6ffdf50adf0931ade006e7ad176a15166ec9bb41b5b9183
1,719,formal-v1__profile__pyxel_bubbles__gpu_compute__p000__r01,formal-v1,profile,not_applicable,pressure_profile,"[""pyxel_bubbles""]",pyxel_bubbles,[],,,gpu_compute,0,1,2337096506740699799,10,30,1,10,windows-rtx4060,0,0,grid_2x2,true,84,a36b78d2998befbd10330adef8f5ab1f813a7a68144bd44a59f55bb779224525,608d817cd8d44787fc0ba4c2f2ee507f0b4c987f,data/raw/remaining-s30/formal-v1/formal-v1__profile__pyxel_bubbles__gpu_compute__p000__r01,"{""pyxel_bubbles"":""games/pyxel/06_click_game.py""}","{""pyxel_bubbles"":""54c101e90bdaed839ac4c4284494530d5df37a5819a35f1e41eebb0b3da5d900""}",b2412d6512006f4da1bd213b4d10c7871121160217fd0a68140167dbf93fc941
1,720,formal-v1__profile__pyxel_jump__cpu_compute__p100__r01,formal-v1,profile,not_applicable,pressure_profile,"[""pyxel_jump""]",pyxel_jump,[],,,cpu_compute,1,1,9698429589293458491,10,30,1,10,windows-rtx4060,0,0,grid_2x2,true,84,a36b78d2998befbd10330adef8f5ab1f813a7a68144bd44a59f55bb779224525,608d817cd8d44787fc0ba4c2f2ee507f0b4c987f,data/raw/remaining-s30/formal-v1/formal-v1__profile__pyxel_jump__cpu_compute__p100__r01,"{""pyxel_jump"":""games/pyxel/02_jump_game.py""}","{""pyxel_jump"":""4743a825f1c9cae7e049ac52115f4ecf83350db546c00745a54af187d7bc2e46""}",b667a801ff4ad25c0895c013d6b560beb4e4db6c80b0a71b0be8e9237c82a3ce
