schema_version,execution_index,run_id,experiment_id,stage,split,mode,workload_ids,target_id,neighbor_ids,combination_key,colocation_id,resource,pressure_requested,repeat,seed,warmup_s,duration_s,sample_interval_s,cooldown_s,host_id,gpu_index,display_index,window_layout,require_visible_windows,max_gpu_temp_c,config_sha256,root_commit,run_directory,game_entrypoints,game_sha256s,row_sha256
1,1,formal-v1__profile__daylight__memory_bandwidth__p025__r03,formal-v1,profile,not_applicable,pressure_profile,"[""daylight""]",daylight,[],,,memory_bandwidth,0.25,3,16771414784401515440,20,60,1,20,windows-rtx4060,0,0,grid_2x2,true,84,2605299bece47cbdc665c2e2d57eb6301e6ac71d700776b764e6b903e40d0fdc,89d531ccb56448ddbc56df7c9f440912802204cb,data/raw/step7-t84/formal-v1/formal-v1__profile__daylight__memory_bandwidth__p025__r03,"{""daylight"":""games/pyxel/apps-src/30SecondsOfDaylight/src/main.py""}","{""daylight"":""21a365375249e9d7ea05e78dcfe040f09cc1f0c66bd410bae084190c743a028f""}",d568cca4c692dfd95d4531e67519a3e8c5ffef8ce160d69bc3e922809094735b
1,2,formal-v1__profile__pyxel_snake__cpu_compute__p050__r01,formal-v1,profile,not_applicable,pressure_profile,"[""pyxel_snake""]",pyxel_snake,[],,,cpu_compute,0.5,1,9921734542372112850,20,60,1,20,windows-rtx4060,0,0,grid_2x2,true,84,2605299bece47cbdc665c2e2d57eb6301e6ac71d700776b764e6b903e40d0fdc,89d531ccb56448ddbc56df7c9f440912802204cb,data/raw/step7-t84/formal-v1/formal-v1__profile__pyxel_snake__cpu_compute__p050__r01,"{""pyxel_snake"":""games/pyxel/07_snake.py""}","{""pyxel_snake"":""bc533fef92d1d358e570f69d979919fe5c1cd8c4da49841104b49a1e661a5ac3""}",95f6165a4affe1290b5e8da602799f93aa20c99ee741c1d4dcd1e18b134255ba
1,3,formal-v1__profile__pyxel_snake__memory_bandwidth__p075__r01,formal-v1,profile,not_applicable,pressure_profile,"[""pyxel_snake""]",pyxel_snake,[],,,memory_bandwidth,0.75,1,7094114291409562001,20,60,1,20,windows-rtx4060,0,0,grid_2x2,true,84,2605299bece47cbdc665c2e2d57eb6301e6ac71d700776b764e6b903e40d0fdc,89d531ccb56448ddbc56df7c9f440912802204cb,data/raw/step7-t84/formal-v1/formal-v1__profile__pyxel_snake__memory_bandwidth__p075__r01,"{""pyxel_snake"":""games/pyxel/07_snake.py""}","{""pyxel_snake"":""bc533fef92d1d358e570f69d979919fe5c1cd8c4da49841104b49a1e661a5ac3""}",8f2bb50ef0593ef85ac0a79a89459a6517f005a46bd7e8ca47123ebb6b4a5d84
1,4,formal-v1__profile__pyxel_platformer__memory_bandwidth__p050__r03,formal-v1,profile,not_applicable,pressure_profile,"[""pyxel_platformer""]",pyxel_platformer,[],,,memory_bandwidth,0.5,3,16595770546475230684,20,60,1,20,windows-rtx4060,0,0,grid_2x2,true,84,2605299bece47cbdc665c2e2d57eb6301e6ac71d700776b764e6b903e40d0fdc,89d531ccb56448ddbc56df7c9f440912802204cb,data/raw/step7-t84/formal-v1/formal-v1__profile__pyxel_platformer__memory_bandwidth__p050__r03,"{""pyxel_platformer"":""games/pyxel/10_platformer.py""}","{""pyxel_platformer"":""1b2c75b49dc9ab0254fb4b724682a4787868814a38d2f08920720dc5b6007ac5""}",14c7f3cb4a14af02ef97789998253bbe18acd6635ee74c50c75bd45586a4e434
1,5,formal-v1__profile__pyxel_platformer__gpu_memory__p000__r03,formal-v1,profile,not_applicable,pressure_profile,"[""pyxel_platformer""]",pyxel_platformer,[],,,gpu_memory,0,3,7081658000659636395,20,60,1,20,windows-rtx4060,0,0,grid_2x2,true,84,2605299bece47cbdc665c2e2d57eb6301e6ac71d700776b764e6b903e40d0fdc,89d531ccb56448ddbc56df7c9f440912802204cb,data/raw/step7-t84/formal-v1/formal-v1__profile__pyxel_platformer__gpu_memory__p000__r03,"{""pyxel_platformer"":""games/pyxel/10_platformer.py""}","{""pyxel_platformer"":""1b2c75b49dc9ab0254fb4b724682a4787868814a38d2f08920720dc5b6007ac5""}",3fd94e8c7024e87abe882401fdec5f65d191053b4077f1313fc8375a0dc18b15
1,6,formal-v1__profile__pyxel_bubbles__cpu_compute__p050__r01,formal-v1,profile,not_applicable,pressure_profile,"[""pyxel_bubbles""]",pyxel_bubbles,[],,,cpu_compute,0.5,1,17272921641658024684,20,60,1,20,windows-rtx4060,0,0,grid_2x2,true,84,2605299bece47cbdc665c2e2d57eb6301e6ac71d700776b764e6b903e40d0fdc,89d531ccb56448ddbc56df7c9f440912802204cb,data/raw/step7-t84/formal-v1/formal-v1__profile__pyxel_bubbles__cpu_compute__p050__r01,"{""pyxel_bubbles"":""games/pyxel/06_click_game.py""}","{""pyxel_bubbles"":""54c101e90bdaed839ac4c4284494530d5df37a5819a35f1e41eebb0b3da5d900""}",0af2c7526e8f41afa6b8ee80bc617838c7ae3601c1a068064b04ebc1ceae6ce2
1,7,formal-v1__profile__pyxel_jump__memory_bandwidth__p100__r02,formal-v1,profile,not_applicable,pressure_profile,"[""pyxel_jump""]",pyxel_jump,[],,,memory_bandwidth,1,2,4526841369643719515,20,60,1,20,windows-rtx4060,0,0,grid_2x2,true,84,2605299bece47cbdc665c2e2d57eb6301e6ac71d700776b764e6b903e40d0fdc,89d531ccb56448ddbc56df7c9f440912802204cb,data/raw/step7-t84/formal-v1/formal-v1__profile__pyxel_jump__memory_bandwidth__p100__r02,"{""pyxel_jump"":""games/pyxel/02_jump_game.py""}","{""pyxel_jump"":""4743a825f1c9cae7e049ac52115f4ecf83350db546c00745a54af187d7bc2e46""}",b91198a94d619aac6dccd855958ffafbabd78d8ebc55732c5c90f2a65cc6df2f
1,8,formal-v1__profile__pyxel_bubbles__memory_bandwidth__p100__r02,formal-v1,profile,not_applicable,pressure_profile,"[""pyxel_bubbles""]",pyxel_bubbles,[],,,memory_bandwidth,1,2,13219627485341510469,20,60,1,20,windows-rtx4060,0,0,grid_2x2,true,84,2605299bece47cbdc665c2e2d57eb6301e6ac71d700776b764e6b903e40d0fdc,89d531ccb56448ddbc56df7c9f440912802204cb,data/raw/step7-t84/formal-v1/formal-v1__profile__pyxel_bubbles__memory_bandwidth__p100__r02,"{""pyxel_bubbles"":""games/pyxel/06_click_game.py""}","{""pyxel_bubbles"":""54c101e90bdaed839ac4c4284494530d5df37a5819a35f1e41eebb0b3da5d900""}",f1cb3a4ffa8c3ff31802d18834d5d1610e8bb7f62c0319a5667be42fb3cf6e7b
1,9,formal-v1__profile__mega_wing__memory_bandwidth__p075__r03,formal-v1,profile,not_applicable,pressure_profile,"[""mega_wing""]",mega_wing,[],,,memory_bandwidth,0.75,3,2229441213329195687,20,60,1,20,windows-rtx4060,0,0,grid_2x2,true,84,2605299bece47cbdc665c2e2d57eb6301e6ac71d700776b764e6b903e40d0fdc,89d531ccb56448ddbc56df7c9f440912802204cb,data/raw/step7-t84/formal-v1/formal-v1__profile__mega_wing__memory_bandwidth__p075__r03,"{""mega_wing"":""games/pyxel/apps-src/mega_wing/mega_wing.py""}","{""mega_wing"":""86bad6c02a303806c58137503739241dc6b1e86695f7c0dbf672b5e1a1464e9f""}",4ca4ba1dc09fd298a5f98fcfe352ec8a72178b6e6d695fa622af9852a3c8793d
1,10,formal-v1__profile__pyxel_platformer__gpu_compute__p075__r01,formal-v1,profile,not_applicable,pressure_profile,"[""pyxel_platformer""]",pyxel_platformer,[],,,gpu_compute,0.75,1,13607664509007610844,20,60,1,20,windows-rtx4060,0,0,grid_2x2,true,84,2605299bece47cbdc665c2e2d57eb6301e6ac71d700776b764e6b903e40d0fdc,89d531ccb56448ddbc56df7c9f440912802204cb,data/raw/step7-t84/formal-v1/formal-v1__profile__pyxel_platformer__gpu_compute__p075__r01,"{""pyxel_platformer"":""games/pyxel/10_platformer.py""}","{""pyxel_platformer"":""1b2c75b49dc9ab0254fb4b724682a4787868814a38d2f08920720dc5b6007ac5""}",a7fdc6dc2e3aee9013f73b04e44a878cafd0b40d2b87ac2e65270b69a5198662
1,11,formal-v1__profile__pyxel_jump__memory_bandwidth__p000__r02,formal-v1,profile,not_applicable,pressure_profile,"[""pyxel_jump""]",pyxel_jump,[],,,memory_bandwidth,0,2,13588203456933283143,20,60,1,20,windows-rtx4060,0,0,grid_2x2,true,84,2605299bece47cbdc665c2e2d57eb6301e6ac71d700776b764e6b903e40d0fdc,89d531ccb56448ddbc56df7c9f440912802204cb,data/raw/step7-t84/formal-v1/formal-v1__profile__pyxel_jump__memory_bandwidth__p000__r02,"{""pyxel_jump"":""games/pyxel/02_jump_game.py""}","{""pyxel_jump"":""4743a825f1c9cae7e049ac52115f4ecf83350db546c00745a54af187d7bc2e46""}",bd9e00a2b4bcb10fbfd5d2f841528ff6b8a3b1a6bc24b90ea2413058b14ef13b
1,12,formal-v1__profile__pyxel_platformer__memory_bandwidth__p000__r03,formal-v1,profile,not_applicable,pressure_profile,"[""pyxel_platformer""]",pyxel_platformer,[],,,memory_bandwidth,0,3,6322913326508209738,20,60,1,20,windows-rtx4060,0,0,grid_2x2,true,84,2605299bece47cbdc665c2e2d57eb6301e6ac71d700776b764e6b903e40d0fdc,89d531ccb56448ddbc56df7c9f440912802204cb,data/raw/step7-t84/formal-v1/formal-v1__profile__pyxel_platformer__memory_bandwidth__p000__r03,"{""pyxel_platformer"":""games/pyxel/10_platformer.py""}","{""pyxel_platformer"":""1b2c75b49dc9ab0254fb4b724682a4787868814a38d2f08920720dc5b6007ac5""}",03847feb2c8854d2bf57a4dcf4c7b0deef18d37a9b7321998053c7807045326f
1,13,formal-v1__profile__pyxel_shooter__gpu_memory__p050__r02,formal-v1,profile,not_applicable,pressure_profile,"[""pyxel_shooter""]",pyxel_shooter,[],,,gpu_memory,0.5,2,3629365574515664625,20,60,1,20,windows-rtx4060,0,0,grid_2x2,true,84,2605299bece47cbdc665c2e2d57eb6301e6ac71d700776b764e6b903e40d0fdc,89d531ccb56448ddbc56df7c9f440912802204cb,data/raw/step7-t84/formal-v1/formal-v1__profile__pyxel_shooter__gpu_memory__p050__r02,"{""pyxel_shooter"":""games/pyxel/09_shooter.py""}","{""pyxel_shooter"":""0f53e4156907eac41080a8f289e22c89365b3239517c754cf59a51af201d5563""}",cfed47d7da6ceb34c68dfd2332721141c33d744d07e164710c4ea0cab16d293f
1,14,formal-v1__profile__pyxel_platformer__gpu_memory__p000__r01,formal-v1,profile,not_applicable,pressure_profile,"[""pyxel_platformer""]",pyxel_platformer,[],,,gpu_memory,0,1,2237861801506633355,20,60,1,20,windows-rtx4060,0,0,grid_2x2,true,84,2605299bece47cbdc665c2e2d57eb6301e6ac71d700776b764e6b903e40d0fdc,89d531ccb56448ddbc56df7c9f440912802204cb,data/raw/step7-t84/formal-v1/formal-v1__profile__pyxel_platformer__gpu_memory__p000__r01,"{""pyxel_platformer"":""games/pyxel/10_platformer.py""}","{""pyxel_platformer"":""1b2c75b49dc9ab0254fb4b724682a4787868814a38d2f08920720dc5b6007ac5""}",bef6d4926d842889178e36c392d32c8ee453972093b3c7fb6789d0b200c1970f
1,15,formal-v1__profile__pyxel_shooter__cpu_compute__p000__r03,formal-v1,profile,not_applicable,pressure_profile,"[""pyxel_shooter""]",pyxel_shooter,[],,,cpu_compute,0,3,3087643120504217374,20,60,1,20,windows-rtx4060,0,0,grid_2x2,true,84,2605299bece47cbdc665c2e2d57eb6301e6ac71d700776b764e6b903e40d0fdc,89d531ccb56448ddbc56df7c9f440912802204cb,data/raw/step7-t84/formal-v1/formal-v1__profile__pyxel_shooter__cpu_compute__p000__r03,"{""pyxel_shooter"":""games/pyxel/09_shooter.py""}","{""pyxel_shooter"":""0f53e4156907eac41080a8f289e22c89365b3239517c754cf59a51af201d5563""}",f128af295fcca4744db780bd062fe34d03222ce74e12f65f7ab53048527af6af
1,16,formal-v1__profile__pyxel_shooter__gpu_memory__p000__r02,formal-v1,profile,not_applicable,pressure_profile,"[""pyxel_shooter""]",pyxel_shooter,[],,,gpu_memory,0,2,17779542132107976417,20,60,1,20,windows-rtx4060,0,0,grid_2x2,true,84,2605299bece47cbdc665c2e2d57eb6301e6ac71d700776b764e6b903e40d0fdc,89d531ccb56448ddbc56df7c9f440912802204cb,data/raw/step7-t84/formal-v1/formal-v1__profile__pyxel_shooter__gpu_memory__p000__r02,"{""pyxel_shooter"":""games/pyxel/09_shooter.py""}","{""pyxel_shooter"":""0f53e4156907eac41080a8f289e22c89365b3239517c754cf59a51af201d5563""}",369bc9511c635697a96a0ee061a1d7ca6f3d693d2e00c1805e3db73115bba0f7
1,17,formal-v1__profile__space_rescue__memory_bandwidth__p000__r01,formal-v1,profile,not_applicable,pressure_profile,"[""space_rescue""]",space_rescue,[],,,memory_bandwidth,0,1,12755157107996082770,20,60,1,20,windows-rtx4060,0,0,grid_2x2,true,84,2605299bece47cbdc665c2e2d57eb6301e6ac71d700776b764e6b903e40d0fdc,89d531ccb56448ddbc56df7c9f440912802204cb,data/raw/step7-t84/formal-v1/formal-v1__profile__space_rescue__memory_bandwidth__p000__r01,"{""space_rescue"":""games/pyxel/apps-src/space_rescue/space_rescue.py""}","{""space_rescue"":""f3b0ab6784ae558e64f06a3f0a704e53f107a130aa3d43357659d0850131e461""}",e349f6bb65d8e45a18ef4c429588a2c397e16381956431e9809cb2a28796cbed
1,18,formal-v1__profile__mega_wing__memory_bandwidth__p025__r01,formal-v1,profile,not_applicable,pressure_profile,"[""mega_wing""]",mega_wing,[],,,memory_bandwidth,0.25,1,13211999645521036726,20,60,1,20,windows-rtx4060,0,0,grid_2x2,true,84,2605299bece47cbdc665c2e2d57eb6301e6ac71d700776b764e6b903e40d0fdc,89d531ccb56448ddbc56df7c9f440912802204cb,data/raw/step7-t84/formal-v1/formal-v1__profile__mega_wing__memory_bandwidth__p025__r01,"{""mega_wing"":""games/pyxel/apps-src/mega_wing/mega_wing.py""}","{""mega_wing"":""86bad6c02a303806c58137503739241dc6b1e86695f7c0dbf672b5e1a1464e9f""}",98a60ad451aab6f62fd9790edc4ef9d4b7dd73a849957491c7e3aca080f727cc
1,19,formal-v1__profile__daylight__cpu_compute__p100__r02,formal-v1,profile,not_applicable,pressure_profile,"[""daylight""]",daylight,[],,,cpu_compute,1,2,6244405580656151508,20,60,1,20,windows-rtx4060,0,0,grid_2x2,true,84,2605299bece47cbdc665c2e2d57eb6301e6ac71d700776b764e6b903e40d0fdc,89d531ccb56448ddbc56df7c9f440912802204cb,data/raw/step7-t84/formal-v1/formal-v1__profile__daylight__cpu_compute__p100__r02,"{""daylight"":""games/pyxel/apps-src/30SecondsOfDaylight/src/main.py""}","{""daylight"":""21a365375249e9d7ea05e78dcfe040f09cc1f0c66bd410bae084190c743a028f""}",df038795d0ba61c48919deccb6fd7f106a8f3dc342b2ea6e41f3b75a70818823
1,20,formal-v1__profile__pyxel_jump__gpu_memory__p000__r03,formal-v1,profile,not_applicable,pressure_profile,"[""pyxel_jump""]",pyxel_jump,[],,,gpu_memory,0,3,2423176906744938758,20,60,1,20,windows-rtx4060,0,0,grid_2x2,true,84,2605299bece47cbdc665c2e2d57eb6301e6ac71d700776b764e6b903e40d0fdc,89d531ccb56448ddbc56df7c9f440912802204cb,data/raw/step7-t84/formal-v1/formal-v1__profile__pyxel_jump__gpu_memory__p000__r03,"{""pyxel_jump"":""games/pyxel/02_jump_game.py""}","{""pyxel_jump"":""4743a825f1c9cae7e049ac52115f4ecf83350db546c00745a54af187d7bc2e46""}",cf5a62ffd66fc23620dfb4d9e0c8b023e39321cfbd7f1a72ae6fc876e9ebea90
1,21,formal-v1__profile__daylight__gpu_compute__p100__r03,formal-v1,profile,not_applicable,pressure_profile,"[""daylight""]",daylight,[],,,gpu_compute,1,3,17498737074879204457,20,60,1,20,windows-rtx4060,0,0,grid_2x2,true,84,2605299bece47cbdc665c2e2d57eb6301e6ac71d700776b764e6b903e40d0fdc,89d531ccb56448ddbc56df7c9f440912802204cb,data/raw/step7-t84/formal-v1/formal-v1__profile__daylight__gpu_compute__p100__r03,"{""daylight"":""games/pyxel/apps-src/30SecondsOfDaylight/src/main.py""}","{""daylight"":""21a365375249e9d7ea05e78dcfe040f09cc1f0c66bd410bae084190c743a028f""}",a03b56f13bee6865227b9832ba0ab74e4980dde793bc59ce63a83cdedd23982d
1,22,formal-v1__profile__pyxel_snake__gpu_compute__p000__r02,formal-v1,profile,not_applicable,pressure_profile,"[""pyxel_snake""]",pyxel_snake,[],,,gpu_compute,0,2,8156035871494291412,20,60,1,20,windows-rtx4060,0,0,grid_2x2,true,84,2605299bece47cbdc665c2e2d57eb6301e6ac71d700776b764e6b903e40d0fdc,89d531ccb56448ddbc56df7c9f440912802204cb,data/raw/step7-t84/formal-v1/formal-v1__profile__pyxel_snake__gpu_compute__p000__r02,"{""pyxel_snake"":""games/pyxel/07_snake.py""}","{""pyxel_snake"":""bc533fef92d1d358e570f69d979919fe5c1cd8c4da49841104b49a1e661a5ac3""}",575f2fdc87557305bc3b6ab116a932ebaa92d5f43144d5a7726a8057df83febd
1,23,formal-v1__profile__daylight__gpu_memory__p000__r03,formal-v1,profile,not_applicable,pressure_profile,"[""daylight""]",daylight,[],,,gpu_memory,0,3,7975027885403566589,20,60,1,20,windows-rtx4060,0,0,grid_2x2,true,84,2605299bece47cbdc665c2e2d57eb6301e6ac71d700776b764e6b903e40d0fdc,89d531ccb56448ddbc56df7c9f440912802204cb,data/raw/step7-t84/formal-v1/formal-v1__profile__daylight__gpu_memory__p000__r03,"{""daylight"":""games/pyxel/apps-src/30SecondsOfDaylight/src/main.py""}","{""daylight"":""21a365375249e9d7ea05e78dcfe040f09cc1f0c66bd410bae084190c743a028f""}",4dac35e4c32feae1725f2d56086f3650c423699d87217de876096a88bbd8eaf3
1,24,formal-v1__profile__mega_wing__gpu_memory__p075__r02,formal-v1,profile,not_applicable,pressure_profile,"[""mega_wing""]",mega_wing,[],,,gpu_memory,0.75,2,4689379826498242451,20,60,1,20,windows-rtx4060,0,0,grid_2x2,true,84,2605299bece47cbdc665c2e2d57eb6301e6ac71d700776b764e6b903e40d0fdc,89d531ccb56448ddbc56df7c9f440912802204cb,data/raw/step7-t84/formal-v1/formal-v1__profile__mega_wing__gpu_memory__p075__r02,"{""mega_wing"":""games/pyxel/apps-src/mega_wing/mega_wing.py""}","{""mega_wing"":""86bad6c02a303806c58137503739241dc6b1e86695f7c0dbf672b5e1a1464e9f""}",7337d0e33acb91f26731e0d8dc96629f3419ac12972a0d74f93ea462934246c6
1,25,formal-v1__profile__pyxel_shooter__gpu_compute__p025__r03,formal-v1,profile,not_applicable,pressure_profile,"[""pyxel_shooter""]",pyxel_shooter,[],,,gpu_compute,0.25,3,2902515438736464585,20,60,1,20,windows-rtx4060,0,0,grid_2x2,true,84,2605299bece47cbdc665c2e2d57eb6301e6ac71d700776b764e6b903e40d0fdc,89d531ccb56448ddbc56df7c9f440912802204cb,data/raw/step7-t84/formal-v1/formal-v1__profile__pyxel_shooter__gpu_compute__p025__r03,"{""pyxel_shooter"":""games/pyxel/09_shooter.py""}","{""pyxel_shooter"":""0f53e4156907eac41080a8f289e22c89365b3239517c754cf59a51af201d5563""}",94bb899318dd66d5bacedbe81c22d82bd890ef70eae67e5d44492932542480bd
1,26,formal-v1__profile__mega_wing__memory_bandwidth__p025__r03,formal-v1,profile,not_applicable,pressure_profile,"[""mega_wing""]",mega_wing,[],,,memory_bandwidth,0.25,3,4493031736206093015,20,60,1,20,windows-rtx4060,0,0,grid_2x2,true,84,2605299bece47cbdc665c2e2d57eb6301e6ac71d700776b764e6b903e40d0fdc,89d531ccb56448ddbc56df7c9f440912802204cb,data/raw/step7-t84/formal-v1/formal-v1__profile__mega_wing__memory_bandwidth__p025__r03,"{""mega_wing"":""games/pyxel/apps-src/mega_wing/mega_wing.py""}","{""mega_wing"":""86bad6c02a303806c58137503739241dc6b1e86695f7c0dbf672b5e1a1464e9f""}",1d3961d4aa629a27868587708b3d006836283a3c7fad20927758e83b864c9dc5
1,27,formal-v1__profile__space_rescue__memory_bandwidth__p100__r02,formal-v1,profile,not_applicable,pressure_profile,"[""space_rescue""]",space_rescue,[],,,memory_bandwidth,1,2,8176713336419449962,20,60,1,20,windows-rtx4060,0,0,grid_2x2,true,84,2605299bece47cbdc665c2e2d57eb6301e6ac71d700776b764e6b903e40d0fdc,89d531ccb56448ddbc56df7c9f440912802204cb,data/raw/step7-t84/formal-v1/formal-v1__profile__space_rescue__memory_bandwidth__p100__r02,"{""space_rescue"":""games/pyxel/apps-src/space_rescue/space_rescue.py""}","{""space_rescue"":""f3b0ab6784ae558e64f06a3f0a704e53f107a130aa3d43357659d0850131e461""}",5948266c5eb7ad75def41255daa915e12172c0f9f7dd0e809a34e69263280287
1,28,formal-v1__profile__pyxel_bubbles__gpu_memory__p000__r01,formal-v1,profile,not_applicable,pressure_profile,"[""pyxel_bubbles""]",pyxel_bubbles,[],,,gpu_memory,0,1,1997690255572947330,20,60,1,20,windows-rtx4060,0,0,grid_2x2,true,84,2605299bece47cbdc665c2e2d57eb6301e6ac71d700776b764e6b903e40d0fdc,89d531ccb56448ddbc56df7c9f440912802204cb,data/raw/step7-t84/formal-v1/formal-v1__profile__pyxel_bubbles__gpu_memory__p000__r01,"{""pyxel_bubbles"":""games/pyxel/06_click_game.py""}","{""pyxel_bubbles"":""54c101e90bdaed839ac4c4284494530d5df37a5819a35f1e41eebb0b3da5d900""}",1e577d8fbb077bf7457de9958fb3bf7fc4a63584e499e55c08ad58dfdde66436
1,29,formal-v1__profile__pyxel_snake__gpu_memory__p025__r02,formal-v1,profile,not_applicable,pressure_profile,"[""pyxel_snake""]",pyxel_snake,[],,,gpu_memory,0.25,2,16172530195392660654,20,60,1,20,windows-rtx4060,0,0,grid_2x2,true,84,2605299bece47cbdc665c2e2d57eb6301e6ac71d700776b764e6b903e40d0fdc,89d531ccb56448ddbc56df7c9f440912802204cb,data/raw/step7-t84/formal-v1/formal-v1__profile__pyxel_snake__gpu_memory__p025__r02,"{""pyxel_snake"":""games/pyxel/07_snake.py""}","{""pyxel_snake"":""bc533fef92d1d358e570f69d979919fe5c1cd8c4da49841104b49a1e661a5ac3""}",a147fcea95b7c9118e7cf1f93ccf3b0a10660fd42d30a407e60c632241d67f96
1,30,formal-v1__profile__pyxel_snake__memory_bandwidth__p050__r03,formal-v1,profile,not_applicable,pressure_profile,"[""pyxel_snake""]",pyxel_snake,[],,,memory_bandwidth,0.5,3,9249909982490903901,20,60,1,20,windows-rtx4060,0,0,grid_2x2,true,84,2605299bece47cbdc665c2e2d57eb6301e6ac71d700776b764e6b903e40d0fdc,89d531ccb56448ddbc56df7c9f440912802204cb,data/raw/step7-t84/formal-v1/formal-v1__profile__pyxel_snake__memory_bandwidth__p050__r03,"{""pyxel_snake"":""games/pyxel/07_snake.py""}","{""pyxel_snake"":""bc533fef92d1d358e570f69d979919fe5c1cd8c4da49841104b49a1e661a5ac3""}",542c59b96903031006c1822be6ea262c65243fdd9517437be769e44c2597de4e
1,31,formal-v1__profile__pyxel_bubbles__gpu_compute__p025__r02,formal-v1,profile,not_applicable,pressure_profile,"[""pyxel_bubbles""]",pyxel_bubbles,[],,,gpu_compute,0.25,2,16621864881322943949,20,60,1,20,windows-rtx4060,0,0,grid_2x2,true,84,2605299bece47cbdc665c2e2d57eb6301e6ac71d700776b764e6b903e40d0fdc,89d531ccb56448ddbc56df7c9f440912802204cb,data/raw/step7-t84/formal-v1/formal-v1__profile__pyxel_bubbles__gpu_compute__p025__r02,"{""pyxel_bubbles"":""games/pyxel/06_click_game.py""}","{""pyxel_bubbles"":""54c101e90bdaed839ac4c4284494530d5df37a5819a35f1e41eebb0b3da5d900""}",7492f3af8fd5c3ec156991a821de2d0fa2d8c44e993e5c66e17c7a5e5dd4386d
1,32,formal-v1__profile__pyxel_platformer__memory_bandwidth__p000__r02,formal-v1,profile,not_applicable,pressure_profile,"[""pyxel_platformer""]",pyxel_platformer,[],,,memory_bandwidth,0,2,16020268150194630823,20,60,1,20,windows-rtx4060,0,0,grid_2x2,true,84,2605299bece47cbdc665c2e2d57eb6301e6ac71d700776b764e6b903e40d0fdc,89d531ccb56448ddbc56df7c9f440912802204cb,data/raw/step7-t84/formal-v1/formal-v1__profile__pyxel_platformer__memory_bandwidth__p000__r02,"{""pyxel_platformer"":""games/pyxel/10_platformer.py""}","{""pyxel_platformer"":""1b2c75b49dc9ab0254fb4b724682a4787868814a38d2f08920720dc5b6007ac5""}",0f5facb93a5de87926ba598454e550bcff7b700cfbe79e03dbac2024338ff813
1,33,formal-v1__profile__mega_wing__gpu_memory__p000__r01,formal-v1,profile,not_applicable,pressure_profile,"[""mega_wing""]",mega_wing,[],,,gpu_memory,0,1,10877227467419782675,20,60,1,20,windows-rtx4060,0,0,grid_2x2,true,84,2605299bece47cbdc665c2e2d57eb6301e6ac71d700776b764e6b903e40d0fdc,89d531ccb56448ddbc56df7c9f440912802204cb,data/raw/step7-t84/formal-v1/formal-v1__profile__mega_wing__gpu_memory__p000__r01,"{""mega_wing"":""games/pyxel/apps-src/mega_wing/mega_wing.py""}","{""mega_wing"":""86bad6c02a303806c58137503739241dc6b1e86695f7c0dbf672b5e1a1464e9f""}",1c255fc25299a1ecb51290f6ce8f0f72d2a1772f23f12f08cf3256ece6803bf6
1,34,formal-v1__profile__space_rescue__gpu_memory__p075__r03,formal-v1,profile,not_applicable,pressure_profile,"[""space_rescue""]",space_rescue,[],,,gpu_memory,0.75,3,17536984166523353678,20,60,1,20,windows-rtx4060,0,0,grid_2x2,true,84,2605299bece47cbdc665c2e2d57eb6301e6ac71d700776b764e6b903e40d0fdc,89d531ccb56448ddbc56df7c9f440912802204cb,data/raw/step7-t84/formal-v1/formal-v1__profile__space_rescue__gpu_memory__p075__r03,"{""space_rescue"":""games/pyxel/apps-src/space_rescue/space_rescue.py""}","{""space_rescue"":""f3b0ab6784ae558e64f06a3f0a704e53f107a130aa3d43357659d0850131e461""}",b99b957025147c419bbf2a8a61101f73c3e7886e0bd2faf322ef4af60de1f40b
1,35,formal-v1__profile__pyxel_snake__gpu_memory__p000__r02,formal-v1,profile,not_applicable,pressure_profile,"[""pyxel_snake""]",pyxel_snake,[],,,gpu_memory,0,2,12227263197918504061,20,60,1,20,windows-rtx4060,0,0,grid_2x2,true,84,2605299bece47cbdc665c2e2d57eb6301e6ac71d700776b764e6b903e40d0fdc,89d531ccb56448ddbc56df7c9f440912802204cb,data/raw/step7-t84/formal-v1/formal-v1__profile__pyxel_snake__gpu_memory__p000__r02,"{""pyxel_snake"":""games/pyxel/07_snake.py""}","{""pyxel_snake"":""bc533fef92d1d358e570f69d979919fe5c1cd8c4da49841104b49a1e661a5ac3""}",68764db1ba516ceb0cccfd04d9ce914809004175b2d9917d80a120f70b47aa2c
1,36,formal-v1__profile__pyxel_jump__memory_bandwidth__p075__r03,formal-v1,profile,not_applicable,pressure_profile,"[""pyxel_jump""]",pyxel_jump,[],,,memory_bandwidth,0.75,3,3611680304326976638,20,60,1,20,windows-rtx4060,0,0,grid_2x2,true,84,2605299bece47cbdc665c2e2d57eb6301e6ac71d700776b764e6b903e40d0fdc,89d531ccb56448ddbc56df7c9f440912802204cb,data/raw/step7-t84/formal-v1/formal-v1__profile__pyxel_jump__memory_bandwidth__p075__r03,"{""pyxel_jump"":""games/pyxel/02_jump_game.py""}","{""pyxel_jump"":""4743a825f1c9cae7e049ac52115f4ecf83350db546c00745a54af187d7bc2e46""}",3c56cf4701a109e8a644eeb462d49d1c58646c16a468140641a0cfb9319a3223
1,37,formal-v1__profile__space_rescue__cpu_compute__p050__r03,formal-v1,profile,not_applicable,pressure_profile,"[""space_rescue""]",space_rescue,[],,,cpu_compute,0.5,3,17700676207239580665,20,60,1,20,windows-rtx4060,0,0,grid_2x2,true,84,2605299bece47cbdc665c2e2d57eb6301e6ac71d700776b764e6b903e40d0fdc,89d531ccb56448ddbc56df7c9f440912802204cb,data/raw/step7-t84/formal-v1/formal-v1__profile__space_rescue__cpu_compute__p050__r03,"{""space_rescue"":""games/pyxel/apps-src/space_rescue/space_rescue.py""}","{""space_rescue"":""f3b0ab6784ae558e64f06a3f0a704e53f107a130aa3d43357659d0850131e461""}",4808017962403514f360d90f1204852dfccde62ee9ab0ad72b49aca075c0f872
1,38,formal-v1__profile__space_rescue__cpu_compute__p025__r02,formal-v1,profile,not_applicable,pressure_profile,"[""space_rescue""]",space_rescue,[],,,cpu_compute,0.25,2,7374626246074993586,20,60,1,20,windows-rtx4060,0,0,grid_2x2,true,84,2605299bece47cbdc665c2e2d57eb6301e6ac71d700776b764e6b903e40d0fdc,89d531ccb56448ddbc56df7c9f440912802204cb,data/raw/step7-t84/formal-v1/formal-v1__profile__space_rescue__cpu_compute__p025__r02,"{""space_rescue"":""games/pyxel/apps-src/space_rescue/space_rescue.py""}","{""space_rescue"":""f3b0ab6784ae558e64f06a3f0a704e53f107a130aa3d43357659d0850131e461""}",d8961eb95b5c0e8ce7ef2169ec28175fb53060d74ff59854fd39306c0fb9cd0c
1,39,formal-v1__profile__pyxel_jump__cpu_compute__p025__r01,formal-v1,profile,not_applicable,pressure_profile,"[""pyxel_jump""]",pyxel_jump,[],,,cpu_compute,0.25,1,15655265211970011289,20,60,1,20,windows-rtx4060,0,0,grid_2x2,true,84,2605299bece47cbdc665c2e2d57eb6301e6ac71d700776b764e6b903e40d0fdc,89d531ccb56448ddbc56df7c9f440912802204cb,data/raw/step7-t84/formal-v1/formal-v1__profile__pyxel_jump__cpu_compute__p025__r01,"{""pyxel_jump"":""games/pyxel/02_jump_game.py""}","{""pyxel_jump"":""4743a825f1c9cae7e049ac52115f4ecf83350db546c00745a54af187d7bc2e46""}",4f744af69bcc54a25c6ffe7753a9c350bebb11f7c0a957f28615f76553b22f5d
1,40,formal-v1__profile__space_rescue__gpu_compute__p000__r02,formal-v1,profile,not_applicable,pressure_profile,"[""space_rescue""]",space_rescue,[],,,gpu_compute,0,2,13451980044908634954,20,60,1,20,windows-rtx4060,0,0,grid_2x2,true,84,2605299bece47cbdc665c2e2d57eb6301e6ac71d700776b764e6b903e40d0fdc,89d531ccb56448ddbc56df7c9f440912802204cb,data/raw/step7-t84/formal-v1/formal-v1__profile__space_rescue__gpu_compute__p000__r02,"{""space_rescue"":""games/pyxel/apps-src/space_rescue/space_rescue.py""}","{""space_rescue"":""f3b0ab6784ae558e64f06a3f0a704e53f107a130aa3d43357659d0850131e461""}",3c6ea0c8d8294ad2ce88c5189353e19a519a8e53792928119322c6060d796b1c
1,41,formal-v1__profile__pyxel_jump__cpu_compute__p000__r02,formal-v1,profile,not_applicable,pressure_profile,"[""pyxel_jump""]",pyxel_jump,[],,,cpu_compute,0,2,9978833903598729017,20,60,1,20,windows-rtx4060,0,0,grid_2x2,true,84,2605299bece47cbdc665c2e2d57eb6301e6ac71d700776b764e6b903e40d0fdc,89d531ccb56448ddbc56df7c9f440912802204cb,data/raw/step7-t84/formal-v1/formal-v1__profile__pyxel_jump__cpu_compute__p000__r02,"{""pyxel_jump"":""games/pyxel/02_jump_game.py""}","{""pyxel_jump"":""4743a825f1c9cae7e049ac52115f4ecf83350db546c00745a54af187d7bc2e46""}",caaf6bfdefd3d1ebb7a573ecce51a09b83fde59a32fb743f42341d1e2ca1de4c
1,42,formal-v1__profile__pyxel_shooter__cpu_compute__p050__r03,formal-v1,profile,not_applicable,pressure_profile,"[""pyxel_shooter""]",pyxel_shooter,[],,,cpu_compute,0.5,3,16817702603265886754,20,60,1,20,windows-rtx4060,0,0,grid_2x2,true,84,2605299bece47cbdc665c2e2d57eb6301e6ac71d700776b764e6b903e40d0fdc,89d531ccb56448ddbc56df7c9f440912802204cb,data/raw/step7-t84/formal-v1/formal-v1__profile__pyxel_shooter__cpu_compute__p050__r03,"{""pyxel_shooter"":""games/pyxel/09_shooter.py""}","{""pyxel_shooter"":""0f53e4156907eac41080a8f289e22c89365b3239517c754cf59a51af201d5563""}",91a8f2edb5be2b661a85dd0e52ba6f7d7ba7f8dca5f2161ec36a03f163c7f24e
1,43,formal-v1__profile__pyxel_bubbles__gpu_compute__p000__r02,formal-v1,profile,not_applicable,pressure_profile,"[""pyxel_bubbles""]",pyxel_bubbles,[],,,gpu_compute,0,2,6507576222143920182,20,60,1,20,windows-rtx4060,0,0,grid_2x2,true,84,2605299bece47cbdc665c2e2d57eb6301e6ac71d700776b764e6b903e40d0fdc,89d531ccb56448ddbc56df7c9f440912802204cb,data/raw/step7-t84/formal-v1/formal-v1__profile__pyxel_bubbles__gpu_compute__p000__r02,"{""pyxel_bubbles"":""games/pyxel/06_click_game.py""}","{""pyxel_bubbles"":""54c101e90bdaed839ac4c4284494530d5df37a5819a35f1e41eebb0b3da5d900""}",e74595775be2bc10a2e4312bb1bf1fdba1a5f0f3421b47688e6f8036c240b212
1,44,formal-v1__profile__pyxel_jump__cpu_compute__p025__r03,formal-v1,profile,not_applicable,pressure_profile,"[""pyxel_jump""]",pyxel_jump,[],,,cpu_compute,0.25,3,13656217511712241659,20,60,1,20,windows-rtx4060,0,0,grid_2x2,true,84,2605299bece47cbdc665c2e2d57eb6301e6ac71d700776b764e6b903e40d0fdc,89d531ccb56448ddbc56df7c9f440912802204cb,data/raw/step7-t84/formal-v1/formal-v1__profile__pyxel_jump__cpu_compute__p025__r03,"{""pyxel_jump"":""games/pyxel/02_jump_game.py""}","{""pyxel_jump"":""4743a825f1c9cae7e049ac52115f4ecf83350db546c00745a54af187d7bc2e46""}",a59db4c102e963b9f5290f872416fe0eb8815863e5ff83d938c3c78ab6e443a7
1,45,formal-v1__profile__space_rescue__memory_bandwidth__p050__r01,formal-v1,profile,not_applicable,pressure_profile,"[""space_rescue""]",space_rescue,[],,,memory_bandwidth,0.5,1,15915214356916952255,20,60,1,20,windows-rtx4060,0,0,grid_2x2,true,84,2605299bece47cbdc665c2e2d57eb6301e6ac71d700776b764e6b903e40d0fdc,89d531ccb56448ddbc56df7c9f440912802204cb,data/raw/step7-t84/formal-v1/formal-v1__profile__space_rescue__memory_bandwidth__p050__r01,"{""space_rescue"":""games/pyxel/apps-src/space_rescue/space_rescue.py""}","{""space_rescue"":""f3b0ab6784ae558e64f06a3f0a704e53f107a130aa3d43357659d0850131e461""}",bc2ded6a3b7c5ac7509e79c7e99a23e8d71814160c3878d55df7818f530a0130
1,46,formal-v1__profile__space_rescue__cpu_compute__p075__r02,formal-v1,profile,not_applicable,pressure_profile,"[""space_rescue""]",space_rescue,[],,,cpu_compute,0.75,2,11294094724578276243,20,60,1,20,windows-rtx4060,0,0,grid_2x2,true,84,2605299bece47cbdc665c2e2d57eb6301e6ac71d700776b764e6b903e40d0fdc,89d531ccb56448ddbc56df7c9f440912802204cb,data/raw/step7-t84/formal-v1/formal-v1__profile__space_rescue__cpu_compute__p075__r02,"{""space_rescue"":""games/pyxel/apps-src/space_rescue/space_rescue.py""}","{""space_rescue"":""f3b0ab6784ae558e64f06a3f0a704e53f107a130aa3d43357659d0850131e461""}",158d2084cb2e0d3041f464893b06c05bd31529a973286ea9bb3d977d07fa07ea
1,47,formal-v1__profile__pyxel_shooter__gpu_compute__p100__r03,formal-v1,profile,not_applicable,pressure_profile,"[""pyxel_shooter""]",pyxel_shooter,[],,,gpu_compute,1,3,11187716985421809269,20,60,1,20,windows-rtx4060,0,0,grid_2x2,true,84,2605299bece47cbdc665c2e2d57eb6301e6ac71d700776b764e6b903e40d0fdc,89d531ccb56448ddbc56df7c9f440912802204cb,data/raw/step7-t84/formal-v1/formal-v1__profile__pyxel_shooter__gpu_compute__p100__r03,"{""pyxel_shooter"":""games/pyxel/09_shooter.py""}","{""pyxel_shooter"":""0f53e4156907eac41080a8f289e22c89365b3239517c754cf59a51af201d5563""}",06c231ad01c5de23b4edea7eab3564d30bb35c6d89cecc5d34de83190eaad6d8
1,48,formal-v1__profile__pyxel_jump__gpu_memory__p050__r03,formal-v1,profile,not_applicable,pressure_profile,"[""pyxel_jump""]",pyxel_jump,[],,,gpu_memory,0.5,3,17512410130910952806,20,60,1,20,windows-rtx4060,0,0,grid_2x2,true,84,2605299bece47cbdc665c2e2d57eb6301e6ac71d700776b764e6b903e40d0fdc,89d531ccb56448ddbc56df7c9f440912802204cb,data/raw/step7-t84/formal-v1/formal-v1__profile__pyxel_jump__gpu_memory__p050__r03,"{""pyxel_jump"":""games/pyxel/02_jump_game.py""}","{""pyxel_jump"":""4743a825f1c9cae7e049ac52115f4ecf83350db546c00745a54af187d7bc2e46""}",09df20909f1f9ae02b77b6056d88a3a99929060cacc0baafbf2b79376205b0ad
1,49,formal-v1__profile__daylight__cpu_compute__p075__r01,formal-v1,profile,not_applicable,pressure_profile,"[""daylight""]",daylight,[],,,cpu_compute,0.75,1,8631041996973619436,20,60,1,20,windows-rtx4060,0,0,grid_2x2,true,84,2605299bece47cbdc665c2e2d57eb6301e6ac71d700776b764e6b903e40d0fdc,89d531ccb56448ddbc56df7c9f440912802204cb,data/raw/step7-t84/formal-v1/formal-v1__profile__daylight__cpu_compute__p075__r01,"{""daylight"":""games/pyxel/apps-src/30SecondsOfDaylight/src/main.py""}","{""daylight"":""21a365375249e9d7ea05e78dcfe040f09cc1f0c66bd410bae084190c743a028f""}",1e5a7f92febd5d2a6cd73472ed8e90413d0a18bc59f73cba099f2e125d42814b
1,50,formal-v1__profile__pyxel_bubbles__gpu_compute__p050__r02,formal-v1,profile,not_applicable,pressure_profile,"[""pyxel_bubbles""]",pyxel_bubbles,[],,,gpu_compute,0.5,2,6978072715969981528,20,60,1,20,windows-rtx4060,0,0,grid_2x2,true,84,2605299bece47cbdc665c2e2d57eb6301e6ac71d700776b764e6b903e40d0fdc,89d531ccb56448ddbc56df7c9f440912802204cb,data/raw/step7-t84/formal-v1/formal-v1__profile__pyxel_bubbles__gpu_compute__p050__r02,"{""pyxel_bubbles"":""games/pyxel/06_click_game.py""}","{""pyxel_bubbles"":""54c101e90bdaed839ac4c4284494530d5df37a5819a35f1e41eebb0b3da5d900""}",04b068dde1533760bbf9031e328c774ae3c8a7c6250cf032578ccb35bc41d2ef
1,51,formal-v1__profile__pyxel_shooter__gpu_memory__p075__r03,formal-v1,profile,not_applicable,pressure_profile,"[""pyxel_shooter""]",pyxel_shooter,[],,,gpu_memory,0.75,3,404330187925385923,20,60,1,20,windows-rtx4060,0,0,grid_2x2,true,84,2605299bece47cbdc665c2e2d57eb6301e6ac71d700776b764e6b903e40d0fdc,89d531ccb56448ddbc56df7c9f440912802204cb,data/raw/step7-t84/formal-v1/formal-v1__profile__pyxel_shooter__gpu_memory__p075__r03,"{""pyxel_shooter"":""games/pyxel/09_shooter.py""}","{""pyxel_shooter"":""0f53e4156907eac41080a8f289e22c89365b3239517c754cf59a51af201d5563""}",b393b9c2f6c31d58ed9e6474c65932bd5bad3aeaa35fbd26e6ce20267574c4c7
1,52,formal-v1__profile__pyxel_bubbles__cpu_compute__p025__r03,formal-v1,profile,not_applicable,pressure_profile,"[""pyxel_bubbles""]",pyxel_bubbles,[],,,cpu_compute,0.25,3,5249474895140404782,20,60,1,20,windows-rtx4060,0,0,grid_2x2,true,84,2605299bece47cbdc665c2e2d57eb6301e6ac71d700776b764e6b903e40d0fdc,89d531ccb56448ddbc56df7c9f440912802204cb,data/raw/step7-t84/formal-v1/formal-v1__profile__pyxel_bubbles__cpu_compute__p025__r03,"{""pyxel_bubbles"":""games/pyxel/06_click_game.py""}","{""pyxel_bubbles"":""54c101e90bdaed839ac4c4284494530d5df37a5819a35f1e41eebb0b3da5d900""}",bff64d2b9712d63e93002499a16f01ac7981cb9c0c5efa0ca4a2a3c4205c5d18
1,53,formal-v1__profile__pyxel_shooter__cpu_compute__p075__r01,formal-v1,profile,not_applicable,pressure_profile,"[""pyxel_shooter""]",pyxel_shooter,[],,,cpu_compute,0.75,1,9849218443461692718,20,60,1,20,windows-rtx4060,0,0,grid_2x2,true,84,2605299bece47cbdc665c2e2d57eb6301e6ac71d700776b764e6b903e40d0fdc,89d531ccb56448ddbc56df7c9f440912802204cb,data/raw/step7-t84/formal-v1/formal-v1__profile__pyxel_shooter__cpu_compute__p075__r01,"{""pyxel_shooter"":""games/pyxel/09_shooter.py""}","{""pyxel_shooter"":""0f53e4156907eac41080a8f289e22c89365b3239517c754cf59a51af201d5563""}",d1c6a72c46ad7615cf2a383f4120610054237c5353e365a0c13842f11f820ad0
1,54,formal-v1__profile__pyxel_platformer__gpu_compute__p050__r01,formal-v1,profile,not_applicable,pressure_profile,"[""pyxel_platformer""]",pyxel_platformer,[],,,gpu_compute,0.5,1,13172174301205081987,20,60,1,20,windows-rtx4060,0,0,grid_2x2,true,84,2605299bece47cbdc665c2e2d57eb6301e6ac71d700776b764e6b903e40d0fdc,89d531ccb56448ddbc56df7c9f440912802204cb,data/raw/step7-t84/formal-v1/formal-v1__profile__pyxel_platformer__gpu_compute__p050__r01,"{""pyxel_platformer"":""games/pyxel/10_platformer.py""}","{""pyxel_platformer"":""1b2c75b49dc9ab0254fb4b724682a4787868814a38d2f08920720dc5b6007ac5""}",f9bc230d211652396b19d73db98d155b6170857a4e50d4aaeb43d0d3c1e0bfbe
1,55,formal-v1__profile__pyxel_bubbles__cpu_compute__p100__r02,formal-v1,profile,not_applicable,pressure_profile,"[""pyxel_bubbles""]",pyxel_bubbles,[],,,cpu_compute,1,2,2171011691386828063,20,60,1,20,windows-rtx4060,0,0,grid_2x2,true,84,2605299bece47cbdc665c2e2d57eb6301e6ac71d700776b764e6b903e40d0fdc,89d531ccb56448ddbc56df7c9f440912802204cb,data/raw/step7-t84/formal-v1/formal-v1__profile__pyxel_bubbles__cpu_compute__p100__r02,"{""pyxel_bubbles"":""games/pyxel/06_click_game.py""}","{""pyxel_bubbles"":""54c101e90bdaed839ac4c4284494530d5df37a5819a35f1e41eebb0b3da5d900""}",a35834aac0e223ff3f6a34ccc3a73b685088db42b3f76dc8a998f13ec7edad27
1,56,formal-v1__profile__mega_wing__gpu_compute__p075__r02,formal-v1,profile,not_applicable,pressure_profile,"[""mega_wing""]",mega_wing,[],,,gpu_compute,0.75,2,9488651286318619516,20,60,1,20,windows-rtx4060,0,0,grid_2x2,true,84,2605299bece47cbdc665c2e2d57eb6301e6ac71d700776b764e6b903e40d0fdc,89d531ccb56448ddbc56df7c9f440912802204cb,data/raw/step7-t84/formal-v1/formal-v1__profile__mega_wing__gpu_compute__p075__r02,"{""mega_wing"":""games/pyxel/apps-src/mega_wing/mega_wing.py""}","{""mega_wing"":""86bad6c02a303806c58137503739241dc6b1e86695f7c0dbf672b5e1a1464e9f""}",4e54f562eabff2566c5d46dfb9377b0afc2934b7f7337049137ccb1f93b0985a
1,57,formal-v1__profile__pyxel_platformer__gpu_memory__p025__r03,formal-v1,profile,not_applicable,pressure_profile,"[""pyxel_platformer""]",pyxel_platformer,[],,,gpu_memory,0.25,3,14571975332059729005,20,60,1,20,windows-rtx4060,0,0,grid_2x2,true,84,2605299bece47cbdc665c2e2d57eb6301e6ac71d700776b764e6b903e40d0fdc,89d531ccb56448ddbc56df7c9f440912802204cb,data/raw/step7-t84/formal-v1/formal-v1__profile__pyxel_platformer__gpu_memory__p025__r03,"{""pyxel_platformer"":""games/pyxel/10_platformer.py""}","{""pyxel_platformer"":""1b2c75b49dc9ab0254fb4b724682a4787868814a38d2f08920720dc5b6007ac5""}",cac02a4a2d84978adbaea500414677aa935ea95bfc49609d38231003596594de
1,58,formal-v1__profile__pyxel_snake__cpu_compute__p100__r02,formal-v1,profile,not_applicable,pressure_profile,"[""pyxel_snake""]",pyxel_snake,[],,,cpu_compute,1,2,1006221223388191099,20,60,1,20,windows-rtx4060,0,0,grid_2x2,true,84,2605299bece47cbdc665c2e2d57eb6301e6ac71d700776b764e6b903e40d0fdc,89d531ccb56448ddbc56df7c9f440912802204cb,data/raw/step7-t84/formal-v1/formal-v1__profile__pyxel_snake__cpu_compute__p100__r02,"{""pyxel_snake"":""games/pyxel/07_snake.py""}","{""pyxel_snake"":""bc533fef92d1d358e570f69d979919fe5c1cd8c4da49841104b49a1e661a5ac3""}",95e5f41426d901ab188857349fbda2119a797baf47c7a1387cc06420cc75acc4
1,59,formal-v1__profile__pyxel_jump__gpu_memory__p025__r01,formal-v1,profile,not_applicable,pressure_profile,"[""pyxel_jump""]",pyxel_jump,[],,,gpu_memory,0.25,1,4264940903228085012,20,60,1,20,windows-rtx4060,0,0,grid_2x2,true,84,2605299bece47cbdc665c2e2d57eb6301e6ac71d700776b764e6b903e40d0fdc,89d531ccb56448ddbc56df7c9f440912802204cb,data/raw/step7-t84/formal-v1/formal-v1__profile__pyxel_jump__gpu_memory__p025__r01,"{""pyxel_jump"":""games/pyxel/02_jump_game.py""}","{""pyxel_jump"":""4743a825f1c9cae7e049ac52115f4ecf83350db546c00745a54af187d7bc2e46""}",c1a3bd2abcaf7ad570927fa5a5a247c6b1488b6acd344e203bcaa8c8ebf3222c
1,60,formal-v1__profile__pyxel_shooter__gpu_memory__p025__r03,formal-v1,profile,not_applicable,pressure_profile,"[""pyxel_shooter""]",pyxel_shooter,[],,,gpu_memory,0.25,3,5046826982500918016,20,60,1,20,windows-rtx4060,0,0,grid_2x2,true,84,2605299bece47cbdc665c2e2d57eb6301e6ac71d700776b764e6b903e40d0fdc,89d531ccb56448ddbc56df7c9f440912802204cb,data/raw/step7-t84/formal-v1/formal-v1__profile__pyxel_shooter__gpu_memory__p025__r03,"{""pyxel_shooter"":""games/pyxel/09_shooter.py""}","{""pyxel_shooter"":""0f53e4156907eac41080a8f289e22c89365b3239517c754cf59a51af201d5563""}",63a34bad4c0a55922003ca390755e944350fa8d1cfadfc580e96874db79091c8
1,61,formal-v1__profile__daylight__gpu_compute__p075__r03,formal-v1,profile,not_applicable,pressure_profile,"[""daylight""]",daylight,[],,,gpu_compute,0.75,3,3167506021340663818,20,60,1,20,windows-rtx4060,0,0,grid_2x2,true,84,2605299bece47cbdc665c2e2d57eb6301e6ac71d700776b764e6b903e40d0fdc,89d531ccb56448ddbc56df7c9f440912802204cb,data/raw/step7-t84/formal-v1/formal-v1__profile__daylight__gpu_compute__p075__r03,"{""daylight"":""games/pyxel/apps-src/30SecondsOfDaylight/src/main.py""}","{""daylight"":""21a365375249e9d7ea05e78dcfe040f09cc1f0c66bd410bae084190c743a028f""}",744613de554721ce0c1f76b46edcd29d4cfa4f6d9358a08b0c7308394fd90ed5
1,62,formal-v1__profile__daylight__cpu_compute__p000__r03,formal-v1,profile,not_applicable,pressure_profile,"[""daylight""]",daylight,[],,,cpu_compute,0,3,1493188836378741492,20,60,1,20,windows-rtx4060,0,0,grid_2x2,true,84,2605299bece47cbdc665c2e2d57eb6301e6ac71d700776b764e6b903e40d0fdc,89d531ccb56448ddbc56df7c9f440912802204cb,data/raw/step7-t84/formal-v1/formal-v1__profile__daylight__cpu_compute__p000__r03,"{""daylight"":""games/pyxel/apps-src/30SecondsOfDaylight/src/main.py""}","{""daylight"":""21a365375249e9d7ea05e78dcfe040f09cc1f0c66bd410bae084190c743a028f""}",f19f5009330f2e86d582dfb2f7d9729478c2e9c583fdced17ca346b825184229
1,63,formal-v1__profile__pyxel_platformer__cpu_compute__p025__r03,formal-v1,profile,not_applicable,pressure_profile,"[""pyxel_platformer""]",pyxel_platformer,[],,,cpu_compute,0.25,3,10993037683309115422,20,60,1,20,windows-rtx4060,0,0,grid_2x2,true,84,2605299bece47cbdc665c2e2d57eb6301e6ac71d700776b764e6b903e40d0fdc,89d531ccb56448ddbc56df7c9f440912802204cb,data/raw/step7-t84/formal-v1/formal-v1__profile__pyxel_platformer__cpu_compute__p025__r03,"{""pyxel_platformer"":""games/pyxel/10_platformer.py""}","{""pyxel_platformer"":""1b2c75b49dc9ab0254fb4b724682a4787868814a38d2f08920720dc5b6007ac5""}",a7ec4b4b5b266320a353deecfb01523d3da389ef1c753061c0d28b2de824dd25
1,64,formal-v1__profile__pyxel_shooter__memory_bandwidth__p100__r02,formal-v1,profile,not_applicable,pressure_profile,"[""pyxel_shooter""]",pyxel_shooter,[],,,memory_bandwidth,1,2,7928933935210469273,20,60,1,20,windows-rtx4060,0,0,grid_2x2,true,84,2605299bece47cbdc665c2e2d57eb6301e6ac71d700776b764e6b903e40d0fdc,89d531ccb56448ddbc56df7c9f440912802204cb,data/raw/step7-t84/formal-v1/formal-v1__profile__pyxel_shooter__memory_bandwidth__p100__r02,"{""pyxel_shooter"":""games/pyxel/09_shooter.py""}","{""pyxel_shooter"":""0f53e4156907eac41080a8f289e22c89365b3239517c754cf59a51af201d5563""}",e24ea906d508e379ff9ecfe2346ed70dbf413b9011d9b0452917f2fd756d7486
1,65,formal-v1__profile__pyxel_platformer__gpu_memory__p075__r03,formal-v1,profile,not_applicable,pressure_profile,"[""pyxel_platformer""]",pyxel_platformer,[],,,gpu_memory,0.75,3,12444815318315987464,20,60,1,20,windows-rtx4060,0,0,grid_2x2,true,84,2605299bece47cbdc665c2e2d57eb6301e6ac71d700776b764e6b903e40d0fdc,89d531ccb56448ddbc56df7c9f440912802204cb,data/raw/step7-t84/formal-v1/formal-v1__profile__pyxel_platformer__gpu_memory__p075__r03,"{""pyxel_platformer"":""games/pyxel/10_platformer.py""}","{""pyxel_platformer"":""1b2c75b49dc9ab0254fb4b724682a4787868814a38d2f08920720dc5b6007ac5""}",02c009c26c108f9f2d84743e189ca69c846cdbbb7f6a660c072ee4aecdc016d6
1,66,formal-v1__profile__space_rescue__cpu_compute__p100__r02,formal-v1,profile,not_applicable,pressure_profile,"[""space_rescue""]",space_rescue,[],,,cpu_compute,1,2,2850352397763407391,20,60,1,20,windows-rtx4060,0,0,grid_2x2,true,84,2605299bece47cbdc665c2e2d57eb6301e6ac71d700776b764e6b903e40d0fdc,89d531ccb56448ddbc56df7c9f440912802204cb,data/raw/step7-t84/formal-v1/formal-v1__profile__space_rescue__cpu_compute__p100__r02,"{""space_rescue"":""games/pyxel/apps-src/space_rescue/space_rescue.py""}","{""space_rescue"":""f3b0ab6784ae558e64f06a3f0a704e53f107a130aa3d43357659d0850131e461""}",3360eddae25efc580e7c00a02b7a7936074fb0d93cdc5e967a3d2641c9072e38
1,67,formal-v1__profile__pyxel_bubbles__cpu_compute__p025__r02,formal-v1,profile,not_applicable,pressure_profile,"[""pyxel_bubbles""]",pyxel_bubbles,[],,,cpu_compute,0.25,2,13640759982547031624,20,60,1,20,windows-rtx4060,0,0,grid_2x2,true,84,2605299bece47cbdc665c2e2d57eb6301e6ac71d700776b764e6b903e40d0fdc,89d531ccb56448ddbc56df7c9f440912802204cb,data/raw/step7-t84/formal-v1/formal-v1__profile__pyxel_bubbles__cpu_compute__p025__r02,"{""pyxel_bubbles"":""games/pyxel/06_click_game.py""}","{""pyxel_bubbles"":""54c101e90bdaed839ac4c4284494530d5df37a5819a35f1e41eebb0b3da5d900""}",05617098e94ff3af449c3cd7ac53df5c2e50767cd33421a03d9629ec4082879c
1,68,formal-v1__profile__pyxel_snake__gpu_memory__p000__r01,formal-v1,profile,not_applicable,pressure_profile,"[""pyxel_snake""]",pyxel_snake,[],,,gpu_memory,0,1,419180579882746016,20,60,1,20,windows-rtx4060,0,0,grid_2x2,true,84,2605299bece47cbdc665c2e2d57eb6301e6ac71d700776b764e6b903e40d0fdc,89d531ccb56448ddbc56df7c9f440912802204cb,data/raw/step7-t84/formal-v1/formal-v1__profile__pyxel_snake__gpu_memory__p000__r01,"{""pyxel_snake"":""games/pyxel/07_snake.py""}","{""pyxel_snake"":""bc533fef92d1d358e570f69d979919fe5c1cd8c4da49841104b49a1e661a5ac3""}",095e985430d38610a2bd9024bace913056112a09081e8fbe69c1a5977902ac56
1,69,formal-v1__profile__space_rescue__cpu_compute__p025__r01,formal-v1,profile,not_applicable,pressure_profile,"[""space_rescue""]",space_rescue,[],,,cpu_compute,0.25,1,5564895717931753697,20,60,1,20,windows-rtx4060,0,0,grid_2x2,true,84,2605299bece47cbdc665c2e2d57eb6301e6ac71d700776b764e6b903e40d0fdc,89d531ccb56448ddbc56df7c9f440912802204cb,data/raw/step7-t84/formal-v1/formal-v1__profile__space_rescue__cpu_compute__p025__r01,"{""space_rescue"":""games/pyxel/apps-src/space_rescue/space_rescue.py""}","{""space_rescue"":""f3b0ab6784ae558e64f06a3f0a704e53f107a130aa3d43357659d0850131e461""}",6a1153332da174b7520228bc7c7fb221b0005b0c673d017937b2078a8f742e10
1,70,formal-v1__profile__pyxel_shooter__gpu_compute__p050__r02,formal-v1,profile,not_applicable,pressure_profile,"[""pyxel_shooter""]",pyxel_shooter,[],,,gpu_compute,0.5,2,419416930386546301,20,60,1,20,windows-rtx4060,0,0,grid_2x2,true,84,2605299bece47cbdc665c2e2d57eb6301e6ac71d700776b764e6b903e40d0fdc,89d531ccb56448ddbc56df7c9f440912802204cb,data/raw/step7-t84/formal-v1/formal-v1__profile__pyxel_shooter__gpu_compute__p050__r02,"{""pyxel_shooter"":""games/pyxel/09_shooter.py""}","{""pyxel_shooter"":""0f53e4156907eac41080a8f289e22c89365b3239517c754cf59a51af201d5563""}",71f80e888ebe29a5f253f9e5ecfc688abb8dcb070c3f0f92beada8ff3821875b
1,71,formal-v1__profile__pyxel_jump__memory_bandwidth__p025__r02,formal-v1,profile,not_applicable,pressure_profile,"[""pyxel_jump""]",pyxel_jump,[],,,memory_bandwidth,0.25,2,11298813833300652344,20,60,1,20,windows-rtx4060,0,0,grid_2x2,true,84,2605299bece47cbdc665c2e2d57eb6301e6ac71d700776b764e6b903e40d0fdc,89d531ccb56448ddbc56df7c9f440912802204cb,data/raw/step7-t84/formal-v1/formal-v1__profile__pyxel_jump__memory_bandwidth__p025__r02,"{""pyxel_jump"":""games/pyxel/02_jump_game.py""}","{""pyxel_jump"":""4743a825f1c9cae7e049ac52115f4ecf83350db546c00745a54af187d7bc2e46""}",04527f50d0b6fbd8ed57ef37bda0ef23d8d0e7a0235c91c857b1ef380958b976
1,72,formal-v1__profile__pyxel_platformer__gpu_compute__p100__r02,formal-v1,profile,not_applicable,pressure_profile,"[""pyxel_platformer""]",pyxel_platformer,[],,,gpu_compute,1,2,6491091566207865305,20,60,1,20,windows-rtx4060,0,0,grid_2x2,true,84,2605299bece47cbdc665c2e2d57eb6301e6ac71d700776b764e6b903e40d0fdc,89d531ccb56448ddbc56df7c9f440912802204cb,data/raw/step7-t84/formal-v1/formal-v1__profile__pyxel_platformer__gpu_compute__p100__r02,"{""pyxel_platformer"":""games/pyxel/10_platformer.py""}","{""pyxel_platformer"":""1b2c75b49dc9ab0254fb4b724682a4787868814a38d2f08920720dc5b6007ac5""}",1d3c918a5393bbf34e8db499a6e1ce355dde09955ad288a9afe4cf08ae7b7c96
1,73,formal-v1__profile__pyxel_bubbles__gpu_compute__p075__r02,formal-v1,profile,not_applicable,pressure_profile,"[""pyxel_bubbles""]",pyxel_bubbles,[],,,gpu_compute,0.75,2,2080732550627211984,20,60,1,20,windows-rtx4060,0,0,grid_2x2,true,84,2605299bece47cbdc665c2e2d57eb6301e6ac71d700776b764e6b903e40d0fdc,89d531ccb56448ddbc56df7c9f440912802204cb,data/raw/step7-t84/formal-v1/formal-v1__profile__pyxel_bubbles__gpu_compute__p075__r02,"{""pyxel_bubbles"":""games/pyxel/06_click_game.py""}","{""pyxel_bubbles"":""54c101e90bdaed839ac4c4284494530d5df37a5819a35f1e41eebb0b3da5d900""}",accd0aeb6baebeec4adac54423bdc3333be643534de1badc9ab09a8cc9cea5e1
1,74,formal-v1__profile__pyxel_bubbles__cpu_compute__p050__r02,formal-v1,profile,not_applicable,pressure_profile,"[""pyxel_bubbles""]",pyxel_bubbles,[],,,cpu_compute,0.5,2,3591286646246706183,20,60,1,20,windows-rtx4060,0,0,grid_2x2,true,84,2605299bece47cbdc665c2e2d57eb6301e6ac71d700776b764e6b903e40d0fdc,89d531ccb56448ddbc56df7c9f440912802204cb,data/raw/step7-t84/formal-v1/formal-v1__profile__pyxel_bubbles__cpu_compute__p050__r02,"{""pyxel_bubbles"":""games/pyxel/06_click_game.py""}","{""pyxel_bubbles"":""54c101e90bdaed839ac4c4284494530d5df37a5819a35f1e41eebb0b3da5d900""}",5ddec3079537193a9dc360c6eb8c9037a305cdf27826700b94276edc167402d4
1,75,formal-v1__profile__pyxel_platformer__cpu_compute__p050__r01,formal-v1,profile,not_applicable,pressure_profile,"[""pyxel_platformer""]",pyxel_platformer,[],,,cpu_compute,0.5,1,4980882825522719436,20,60,1,20,windows-rtx4060,0,0,grid_2x2,true,84,2605299bece47cbdc665c2e2d57eb6301e6ac71d700776b764e6b903e40d0fdc,89d531ccb56448ddbc56df7c9f440912802204cb,data/raw/step7-t84/formal-v1/formal-v1__profile__pyxel_platformer__cpu_compute__p050__r01,"{""pyxel_platformer"":""games/pyxel/10_platformer.py""}","{""pyxel_platformer"":""1b2c75b49dc9ab0254fb4b724682a4787868814a38d2f08920720dc5b6007ac5""}",33798ec8b9bbdcec21d3724d84e4366acf6bf17e5b8d3976217a508c9658e1cd
1,76,formal-v1__profile__pyxel_shooter__memory_bandwidth__p000__r02,formal-v1,profile,not_applicable,pressure_profile,"[""pyxel_shooter""]",pyxel_shooter,[],,,memory_bandwidth,0,2,5058384098521316371,20,60,1,20,windows-rtx4060,0,0,grid_2x2,true,84,2605299bece47cbdc665c2e2d57eb6301e6ac71d700776b764e6b903e40d0fdc,89d531ccb56448ddbc56df7c9f440912802204cb,data/raw/step7-t84/formal-v1/formal-v1__profile__pyxel_shooter__memory_bandwidth__p000__r02,"{""pyxel_shooter"":""games/pyxel/09_shooter.py""}","{""pyxel_shooter"":""0f53e4156907eac41080a8f289e22c89365b3239517c754cf59a51af201d5563""}",8671af06a8b7c7425c9e53ae9db9178f1753253873968ec9ad263a8101feec84
1,77,formal-v1__profile__pyxel_platformer__cpu_compute__p000__r01,formal-v1,profile,not_applicable,pressure_profile,"[""pyxel_platformer""]",pyxel_platformer,[],,,cpu_compute,0,1,10964048351124160320,20,60,1,20,windows-rtx4060,0,0,grid_2x2,true,84,2605299bece47cbdc665c2e2d57eb6301e6ac71d700776b764e6b903e40d0fdc,89d531ccb56448ddbc56df7c9f440912802204cb,data/raw/step7-t84/formal-v1/formal-v1__profile__pyxel_platformer__cpu_compute__p000__r01,"{""pyxel_platformer"":""games/pyxel/10_platformer.py""}","{""pyxel_platformer"":""1b2c75b49dc9ab0254fb4b724682a4787868814a38d2f08920720dc5b6007ac5""}",91fade9e4e580f718e80dea8aa473b4e5060a2a447789c3bf73bb2d446303bc6
1,78,formal-v1__profile__daylight__memory_bandwidth__p100__r02,formal-v1,profile,not_applicable,pressure_profile,"[""daylight""]",daylight,[],,,memory_bandwidth,1,2,9432935516054609177,20,60,1,20,windows-rtx4060,0,0,grid_2x2,true,84,2605299bece47cbdc665c2e2d57eb6301e6ac71d700776b764e6b903e40d0fdc,89d531ccb56448ddbc56df7c9f440912802204cb,data/raw/step7-t84/formal-v1/formal-v1__profile__daylight__memory_bandwidth__p100__r02,"{""daylight"":""games/pyxel/apps-src/30SecondsOfDaylight/src/main.py""}","{""daylight"":""21a365375249e9d7ea05e78dcfe040f09cc1f0c66bd410bae084190c743a028f""}",3a6258024d922a2300ba9142d4d5ab340125f1a75a2b26a4f0fc107372c04832
1,79,formal-v1__profile__pyxel_bubbles__memory_bandwidth__p000__r01,formal-v1,profile,not_applicable,pressure_profile,"[""pyxel_bubbles""]",pyxel_bubbles,[],,,memory_bandwidth,0,1,8523732049358515730,20,60,1,20,windows-rtx4060,0,0,grid_2x2,true,84,2605299bece47cbdc665c2e2d57eb6301e6ac71d700776b764e6b903e40d0fdc,89d531ccb56448ddbc56df7c9f440912802204cb,data/raw/step7-t84/formal-v1/formal-v1__profile__pyxel_bubbles__memory_bandwidth__p000__r01,"{""pyxel_bubbles"":""games/pyxel/06_click_game.py""}","{""pyxel_bubbles"":""54c101e90bdaed839ac4c4284494530d5df37a5819a35f1e41eebb0b3da5d900""}",5639ee5d068329e76d6e2ce5b26cd637ad6afb4ff1c0de56101ab11cdb1f9eda
1,80,formal-v1__profile__daylight__cpu_compute__p000__r01,formal-v1,profile,not_applicable,pressure_profile,"[""daylight""]",daylight,[],,,cpu_compute,0,1,12653542332541665964,20,60,1,20,windows-rtx4060,0,0,grid_2x2,true,84,2605299bece47cbdc665c2e2d57eb6301e6ac71d700776b764e6b903e40d0fdc,89d531ccb56448ddbc56df7c9f440912802204cb,data/raw/step7-t84/formal-v1/formal-v1__profile__daylight__cpu_compute__p000__r01,"{""daylight"":""games/pyxel/apps-src/30SecondsOfDaylight/src/main.py""}","{""daylight"":""21a365375249e9d7ea05e78dcfe040f09cc1f0c66bd410bae084190c743a028f""}",52253178b9472b418fe2642423d24165f641105bd6e7df4f12ebc825c8716dff
1,81,formal-v1__profile__pyxel_jump__gpu_compute__p000__r02,formal-v1,profile,not_applicable,pressure_profile,"[""pyxel_jump""]",pyxel_jump,[],,,gpu_compute,0,2,12926119996995319003,20,60,1,20,windows-rtx4060,0,0,grid_2x2,true,84,2605299bece47cbdc665c2e2d57eb6301e6ac71d700776b764e6b903e40d0fdc,89d531ccb56448ddbc56df7c9f440912802204cb,data/raw/step7-t84/formal-v1/formal-v1__profile__pyxel_jump__gpu_compute__p000__r02,"{""pyxel_jump"":""games/pyxel/02_jump_game.py""}","{""pyxel_jump"":""4743a825f1c9cae7e049ac52115f4ecf83350db546c00745a54af187d7bc2e46""}",c457dc1e6a7dba17b6868e3130bcf87fe1ec0ce7f6038cc8743f603c6e8c201b
1,82,formal-v1__profile__space_rescue__gpu_memory__p025__r03,formal-v1,profile,not_applicable,pressure_profile,"[""space_rescue""]",space_rescue,[],,,gpu_memory,0.25,3,11900251279031478821,20,60,1,20,windows-rtx4060,0,0,grid_2x2,true,84,2605299bece47cbdc665c2e2d57eb6301e6ac71d700776b764e6b903e40d0fdc,89d531ccb56448ddbc56df7c9f440912802204cb,data/raw/step7-t84/formal-v1/formal-v1__profile__space_rescue__gpu_memory__p025__r03,"{""space_rescue"":""games/pyxel/apps-src/space_rescue/space_rescue.py""}","{""space_rescue"":""f3b0ab6784ae558e64f06a3f0a704e53f107a130aa3d43357659d0850131e461""}",77a5b4c19d491bf887c8cc1b3b3d5a4f8cd455af03e41e0fe9abc6fd9401030b
1,83,formal-v1__profile__pyxel_shooter__cpu_compute__p050__r02,formal-v1,profile,not_applicable,pressure_profile,"[""pyxel_shooter""]",pyxel_shooter,[],,,cpu_compute,0.5,2,5870398365522407540,20,60,1,20,windows-rtx4060,0,0,grid_2x2,true,84,2605299bece47cbdc665c2e2d57eb6301e6ac71d700776b764e6b903e40d0fdc,89d531ccb56448ddbc56df7c9f440912802204cb,data/raw/step7-t84/formal-v1/formal-v1__profile__pyxel_shooter__cpu_compute__p050__r02,"{""pyxel_shooter"":""games/pyxel/09_shooter.py""}","{""pyxel_shooter"":""0f53e4156907eac41080a8f289e22c89365b3239517c754cf59a51af201d5563""}",b589f84aedbcfed26e81d2fcc52a3b2f8eda2c757d69cadc4a61787a284ab806
1,84,formal-v1__profile__mega_wing__gpu_memory__p000__r02,formal-v1,profile,not_applicable,pressure_profile,"[""mega_wing""]",mega_wing,[],,,gpu_memory,0,2,10152017411217384541,20,60,1,20,windows-rtx4060,0,0,grid_2x2,true,84,2605299bece47cbdc665c2e2d57eb6301e6ac71d700776b764e6b903e40d0fdc,89d531ccb56448ddbc56df7c9f440912802204cb,data/raw/step7-t84/formal-v1/formal-v1__profile__mega_wing__gpu_memory__p000__r02,"{""mega_wing"":""games/pyxel/apps-src/mega_wing/mega_wing.py""}","{""mega_wing"":""86bad6c02a303806c58137503739241dc6b1e86695f7c0dbf672b5e1a1464e9f""}",9ac0dd854b6afc35ba71f5f6dd97a358da0322ea5747f6008c196775747887de
1,85,formal-v1__profile__pyxel_bubbles__gpu_memory__p050__r02,formal-v1,profile,not_applicable,pressure_profile,"[""pyxel_bubbles""]",pyxel_bubbles,[],,,gpu_memory,0.5,2,4996236166963306433,20,60,1,20,windows-rtx4060,0,0,grid_2x2,true,84,2605299bece47cbdc665c2e2d57eb6301e6ac71d700776b764e6b903e40d0fdc,89d531ccb56448ddbc56df7c9f440912802204cb,data/raw/step7-t84/formal-v1/formal-v1__profile__pyxel_bubbles__gpu_memory__p050__r02,"{""pyxel_bubbles"":""games/pyxel/06_click_game.py""}","{""pyxel_bubbles"":""54c101e90bdaed839ac4c4284494530d5df37a5819a35f1e41eebb0b3da5d900""}",b3bd8e1e1c16b10377ef6694b4950138dc89ae707a6048e327817b94ef287c90
1,86,formal-v1__profile__pyxel_snake__gpu_compute__p025__r02,formal-v1,profile,not_applicable,pressure_profile,"[""pyxel_snake""]",pyxel_snake,[],,,gpu_compute,0.25,2,12598864248858070270,20,60,1,20,windows-rtx4060,0,0,grid_2x2,true,84,2605299bece47cbdc665c2e2d57eb6301e6ac71d700776b764e6b903e40d0fdc,89d531ccb56448ddbc56df7c9f440912802204cb,data/raw/step7-t84/formal-v1/formal-v1__profile__pyxel_snake__gpu_compute__p025__r02,"{""pyxel_snake"":""games/pyxel/07_snake.py""}","{""pyxel_snake"":""bc533fef92d1d358e570f69d979919fe5c1cd8c4da49841104b49a1e661a5ac3""}",a23c1e2050f30b467c6adfe66695cf41f9c4b27534d625bd99bf7e41245e4b80
1,87,formal-v1__profile__mega_wing__gpu_compute__p000__r01,formal-v1,profile,not_applicable,pressure_profile,"[""mega_wing""]",mega_wing,[],,,gpu_compute,0,1,15245046965239891073,20,60,1,20,windows-rtx4060,0,0,grid_2x2,true,84,2605299bece47cbdc665c2e2d57eb6301e6ac71d700776b764e6b903e40d0fdc,89d531ccb56448ddbc56df7c9f440912802204cb,data/raw/step7-t84/formal-v1/formal-v1__profile__mega_wing__gpu_compute__p000__r01,"{""mega_wing"":""games/pyxel/apps-src/mega_wing/mega_wing.py""}","{""mega_wing"":""86bad6c02a303806c58137503739241dc6b1e86695f7c0dbf672b5e1a1464e9f""}",738a73f815d140d54eedd97f3e9034f10f269ebc14bcb13d57cdfe7fa3e78499
1,88,formal-v1__profile__mega_wing__gpu_memory__p075__r01,formal-v1,profile,not_applicable,pressure_profile,"[""mega_wing""]",mega_wing,[],,,gpu_memory,0.75,1,4074804544823820589,20,60,1,20,windows-rtx4060,0,0,grid_2x2,true,84,2605299bece47cbdc665c2e2d57eb6301e6ac71d700776b764e6b903e40d0fdc,89d531ccb56448ddbc56df7c9f440912802204cb,data/raw/step7-t84/formal-v1/formal-v1__profile__mega_wing__gpu_memory__p075__r01,"{""mega_wing"":""games/pyxel/apps-src/mega_wing/mega_wing.py""}","{""mega_wing"":""86bad6c02a303806c58137503739241dc6b1e86695f7c0dbf672b5e1a1464e9f""}",8abbe69f9ff8a38ca6add9b41bdd24d483b74c7031abd18e51520528e638f2da
1,89,formal-v1__profile__pyxel_shooter__memory_bandwidth__p050__r01,formal-v1,profile,not_applicable,pressure_profile,"[""pyxel_shooter""]",pyxel_shooter,[],,,memory_bandwidth,0.5,1,10793905800486606000,20,60,1,20,windows-rtx4060,0,0,grid_2x2,true,84,2605299bece47cbdc665c2e2d57eb6301e6ac71d700776b764e6b903e40d0fdc,89d531ccb56448ddbc56df7c9f440912802204cb,data/raw/step7-t84/formal-v1/formal-v1__profile__pyxel_shooter__memory_bandwidth__p050__r01,"{""pyxel_shooter"":""games/pyxel/09_shooter.py""}","{""pyxel_shooter"":""0f53e4156907eac41080a8f289e22c89365b3239517c754cf59a51af201d5563""}",7c052c65215e0ace163390a867e1a1bddadb32d649b28add65bdf94cdccdd182
1,90,formal-v1__profile__pyxel_bubbles__cpu_compute__p000__r01,formal-v1,profile,not_applicable,pressure_profile,"[""pyxel_bubbles""]",pyxel_bubbles,[],,,cpu_compute,0,1,8923090128249884865,20,60,1,20,windows-rtx4060,0,0,grid_2x2,true,84,2605299bece47cbdc665c2e2d57eb6301e6ac71d700776b764e6b903e40d0fdc,89d531ccb56448ddbc56df7c9f440912802204cb,data/raw/step7-t84/formal-v1/formal-v1__profile__pyxel_bubbles__cpu_compute__p000__r01,"{""pyxel_bubbles"":""games/pyxel/06_click_game.py""}","{""pyxel_bubbles"":""54c101e90bdaed839ac4c4284494530d5df37a5819a35f1e41eebb0b3da5d900""}",a1fb6aa4d4253afc6a460b0982e68b562659e43e6d29fcdb089c9749776ac0b6
1,91,formal-v1__profile__pyxel_bubbles__memory_bandwidth__p000__r02,formal-v1,profile,not_applicable,pressure_profile,"[""pyxel_bubbles""]",pyxel_bubbles,[],,,memory_bandwidth,0,2,6217459820728876069,20,60,1,20,windows-rtx4060,0,0,grid_2x2,true,84,2605299bece47cbdc665c2e2d57eb6301e6ac71d700776b764e6b903e40d0fdc,89d531ccb56448ddbc56df7c9f440912802204cb,data/raw/step7-t84/formal-v1/formal-v1__profile__pyxel_bubbles__memory_bandwidth__p000__r02,"{""pyxel_bubbles"":""games/pyxel/06_click_game.py""}","{""pyxel_bubbles"":""54c101e90bdaed839ac4c4284494530d5df37a5819a35f1e41eebb0b3da5d900""}",c06e5b1316528c6a05e5b0eb6861209000cb4fb8d09af85428ddcbdcce0b35fc
1,92,formal-v1__profile__pyxel_jump__gpu_memory__p025__r02,formal-v1,profile,not_applicable,pressure_profile,"[""pyxel_jump""]",pyxel_jump,[],,,gpu_memory,0.25,2,5297649724675066393,20,60,1,20,windows-rtx4060,0,0,grid_2x2,true,84,2605299bece47cbdc665c2e2d57eb6301e6ac71d700776b764e6b903e40d0fdc,89d531ccb56448ddbc56df7c9f440912802204cb,data/raw/step7-t84/formal-v1/formal-v1__profile__pyxel_jump__gpu_memory__p025__r02,"{""pyxel_jump"":""games/pyxel/02_jump_game.py""}","{""pyxel_jump"":""4743a825f1c9cae7e049ac52115f4ecf83350db546c00745a54af187d7bc2e46""}",7ae8da122c503578541e9dc8b807e5d7489433aa17baefa78b5bf4402865ca5e
1,93,formal-v1__profile__space_rescue__memory_bandwidth__p025__r02,formal-v1,profile,not_applicable,pressure_profile,"[""space_rescue""]",space_rescue,[],,,memory_bandwidth,0.25,2,17169280714646380743,20,60,1,20,windows-rtx4060,0,0,grid_2x2,true,84,2605299bece47cbdc665c2e2d57eb6301e6ac71d700776b764e6b903e40d0fdc,89d531ccb56448ddbc56df7c9f440912802204cb,data/raw/step7-t84/formal-v1/formal-v1__profile__space_rescue__memory_bandwidth__p025__r02,"{""space_rescue"":""games/pyxel/apps-src/space_rescue/space_rescue.py""}","{""space_rescue"":""f3b0ab6784ae558e64f06a3f0a704e53f107a130aa3d43357659d0850131e461""}",4d7ec3e5c350a69a609fc2893b43c6841e59acf218a442a839a3555c900a87b0
1,94,formal-v1__profile__space_rescue__gpu_memory__p050__r02,formal-v1,profile,not_applicable,pressure_profile,"[""space_rescue""]",space_rescue,[],,,gpu_memory,0.5,2,15557360799199876318,20,60,1,20,windows-rtx4060,0,0,grid_2x2,true,84,2605299bece47cbdc665c2e2d57eb6301e6ac71d700776b764e6b903e40d0fdc,89d531ccb56448ddbc56df7c9f440912802204cb,data/raw/step7-t84/formal-v1/formal-v1__profile__space_rescue__gpu_memory__p050__r02,"{""space_rescue"":""games/pyxel/apps-src/space_rescue/space_rescue.py""}","{""space_rescue"":""f3b0ab6784ae558e64f06a3f0a704e53f107a130aa3d43357659d0850131e461""}",badd58ec8d940949662d78cdc280cc70d1a703c06251183b124628623b1fb1a7
1,95,formal-v1__profile__pyxel_snake__gpu_memory__p000__r03,formal-v1,profile,not_applicable,pressure_profile,"[""pyxel_snake""]",pyxel_snake,[],,,gpu_memory,0,3,5919644391129357397,20,60,1,20,windows-rtx4060,0,0,grid_2x2,true,84,2605299bece47cbdc665c2e2d57eb6301e6ac71d700776b764e6b903e40d0fdc,89d531ccb56448ddbc56df7c9f440912802204cb,data/raw/step7-t84/formal-v1/formal-v1__profile__pyxel_snake__gpu_memory__p000__r03,"{""pyxel_snake"":""games/pyxel/07_snake.py""}","{""pyxel_snake"":""bc533fef92d1d358e570f69d979919fe5c1cd8c4da49841104b49a1e661a5ac3""}",9cbfca74b099eb98cbcfa7b28de589c7893f07fdc596986e066872c0b6e2dc02
1,96,formal-v1__profile__mega_wing__gpu_memory__p000__r03,formal-v1,profile,not_applicable,pressure_profile,"[""mega_wing""]",mega_wing,[],,,gpu_memory,0,3,6200757508843279353,20,60,1,20,windows-rtx4060,0,0,grid_2x2,true,84,2605299bece47cbdc665c2e2d57eb6301e6ac71d700776b764e6b903e40d0fdc,89d531ccb56448ddbc56df7c9f440912802204cb,data/raw/step7-t84/formal-v1/formal-v1__profile__mega_wing__gpu_memory__p000__r03,"{""mega_wing"":""games/pyxel/apps-src/mega_wing/mega_wing.py""}","{""mega_wing"":""86bad6c02a303806c58137503739241dc6b1e86695f7c0dbf672b5e1a1464e9f""}",eab2a94c32e2f3a6c83ba0e4eb0e31463374c587f0a68a6c1471269017b931b7
1,97,formal-v1__profile__pyxel_jump__cpu_compute__p050__r01,formal-v1,profile,not_applicable,pressure_profile,"[""pyxel_jump""]",pyxel_jump,[],,,cpu_compute,0.5,1,6104497215014559967,20,60,1,20,windows-rtx4060,0,0,grid_2x2,true,84,2605299bece47cbdc665c2e2d57eb6301e6ac71d700776b764e6b903e40d0fdc,89d531ccb56448ddbc56df7c9f440912802204cb,data/raw/step7-t84/formal-v1/formal-v1__profile__pyxel_jump__cpu_compute__p050__r01,"{""pyxel_jump"":""games/pyxel/02_jump_game.py""}","{""pyxel_jump"":""4743a825f1c9cae7e049ac52115f4ecf83350db546c00745a54af187d7bc2e46""}",f7f70b9753114225e4fb0bf2aaf236a7c6cb03bc9c8e10b03e26fd291b2cba90
1,98,formal-v1__profile__pyxel_platformer__gpu_memory__p075__r02,formal-v1,profile,not_applicable,pressure_profile,"[""pyxel_platformer""]",pyxel_platformer,[],,,gpu_memory,0.75,2,12955620858010274978,20,60,1,20,windows-rtx4060,0,0,grid_2x2,true,84,2605299bece47cbdc665c2e2d57eb6301e6ac71d700776b764e6b903e40d0fdc,89d531ccb56448ddbc56df7c9f440912802204cb,data/raw/step7-t84/formal-v1/formal-v1__profile__pyxel_platformer__gpu_memory__p075__r02,"{""pyxel_platformer"":""games/pyxel/10_platformer.py""}","{""pyxel_platformer"":""1b2c75b49dc9ab0254fb4b724682a4787868814a38d2f08920720dc5b6007ac5""}",b9fb2b191e6b0a403d624de54176cdbf13315c9cb05bcd261f331d485cf39532
1,99,formal-v1__profile__pyxel_shooter__memory_bandwidth__p025__r02,formal-v1,profile,not_applicable,pressure_profile,"[""pyxel_shooter""]",pyxel_shooter,[],,,memory_bandwidth,0.25,2,10911692790553780930,20,60,1,20,windows-rtx4060,0,0,grid_2x2,true,84,2605299bece47cbdc665c2e2d57eb6301e6ac71d700776b764e6b903e40d0fdc,89d531ccb56448ddbc56df7c9f440912802204cb,data/raw/step7-t84/formal-v1/formal-v1__profile__pyxel_shooter__memory_bandwidth__p025__r02,"{""pyxel_shooter"":""games/pyxel/09_shooter.py""}","{""pyxel_shooter"":""0f53e4156907eac41080a8f289e22c89365b3239517c754cf59a51af201d5563""}",07cb69070ac9b0290fb549028db5129aa1fd523d22b526a34384002cc2f06ab2
1,100,formal-v1__profile__mega_wing__cpu_compute__p100__r01,formal-v1,profile,not_applicable,pressure_profile,"[""mega_wing""]",mega_wing,[],,,cpu_compute,1,1,6673033510959147935,20,60,1,20,windows-rtx4060,0,0,grid_2x2,true,84,2605299bece47cbdc665c2e2d57eb6301e6ac71d700776b764e6b903e40d0fdc,89d531ccb56448ddbc56df7c9f440912802204cb,data/raw/step7-t84/formal-v1/formal-v1__profile__mega_wing__cpu_compute__p100__r01,"{""mega_wing"":""games/pyxel/apps-src/mega_wing/mega_wing.py""}","{""mega_wing"":""86bad6c02a303806c58137503739241dc6b1e86695f7c0dbf672b5e1a1464e9f""}",288232aac6814ed22fb8c4a0eeae12f1df91ae2e3d4f6464fe986c2e399bb13a
1,101,formal-v1__profile__pyxel_snake__gpu_memory__p100__r02,formal-v1,profile,not_applicable,pressure_profile,"[""pyxel_snake""]",pyxel_snake,[],,,gpu_memory,1,2,9382385406287346408,20,60,1,20,windows-rtx4060,0,0,grid_2x2,true,84,2605299bece47cbdc665c2e2d57eb6301e6ac71d700776b764e6b903e40d0fdc,89d531ccb56448ddbc56df7c9f440912802204cb,data/raw/step7-t84/formal-v1/formal-v1__profile__pyxel_snake__gpu_memory__p100__r02,"{""pyxel_snake"":""games/pyxel/07_snake.py""}","{""pyxel_snake"":""bc533fef92d1d358e570f69d979919fe5c1cd8c4da49841104b49a1e661a5ac3""}",1962de4dfbeefb11b57d8ccaaf261538522d4825ff805786d3f60535ee59f820
1,102,formal-v1__profile__mega_wing__cpu_compute__p000__r01,formal-v1,profile,not_applicable,pressure_profile,"[""mega_wing""]",mega_wing,[],,,cpu_compute,0,1,3386378885876565655,20,60,1,20,windows-rtx4060,0,0,grid_2x2,true,84,2605299bece47cbdc665c2e2d57eb6301e6ac71d700776b764e6b903e40d0fdc,89d531ccb56448ddbc56df7c9f440912802204cb,data/raw/step7-t84/formal-v1/formal-v1__profile__mega_wing__cpu_compute__p000__r01,"{""mega_wing"":""games/pyxel/apps-src/mega_wing/mega_wing.py""}","{""mega_wing"":""86bad6c02a303806c58137503739241dc6b1e86695f7c0dbf672b5e1a1464e9f""}",0c42965929e20b82646294dfb5d2d7bc758b3f8f47cb81ec33936cc05c30265f
1,103,formal-v1__profile__space_rescue__memory_bandwidth__p075__r03,formal-v1,profile,not_applicable,pressure_profile,"[""space_rescue""]",space_rescue,[],,,memory_bandwidth,0.75,3,14799239275078652188,20,60,1,20,windows-rtx4060,0,0,grid_2x2,true,84,2605299bece47cbdc665c2e2d57eb6301e6ac71d700776b764e6b903e40d0fdc,89d531ccb56448ddbc56df7c9f440912802204cb,data/raw/step7-t84/formal-v1/formal-v1__profile__space_rescue__memory_bandwidth__p075__r03,"{""space_rescue"":""games/pyxel/apps-src/space_rescue/space_rescue.py""}","{""space_rescue"":""f3b0ab6784ae558e64f06a3f0a704e53f107a130aa3d43357659d0850131e461""}",43bb7d23493eb7f950070e7647decdbbc0f3c0add05703da4d814d828fe78810
1,104,formal-v1__profile__daylight__cpu_compute__p025__r02,formal-v1,profile,not_applicable,pressure_profile,"[""daylight""]",daylight,[],,,cpu_compute,0.25,2,15725007107643906118,20,60,1,20,windows-rtx4060,0,0,grid_2x2,true,84,2605299bece47cbdc665c2e2d57eb6301e6ac71d700776b764e6b903e40d0fdc,89d531ccb56448ddbc56df7c9f440912802204cb,data/raw/step7-t84/formal-v1/formal-v1__profile__daylight__cpu_compute__p025__r02,"{""daylight"":""games/pyxel/apps-src/30SecondsOfDaylight/src/main.py""}","{""daylight"":""21a365375249e9d7ea05e78dcfe040f09cc1f0c66bd410bae084190c743a028f""}",6e44cecbcef785bef76a45abac502f7c5ee00167a76dfea864e621e0a9f0b729
1,105,formal-v1__profile__space_rescue__cpu_compute__p050__r01,formal-v1,profile,not_applicable,pressure_profile,"[""space_rescue""]",space_rescue,[],,,cpu_compute,0.5,1,8329984100024463382,20,60,1,20,windows-rtx4060,0,0,grid_2x2,true,84,2605299bece47cbdc665c2e2d57eb6301e6ac71d700776b764e6b903e40d0fdc,89d531ccb56448ddbc56df7c9f440912802204cb,data/raw/step7-t84/formal-v1/formal-v1__profile__space_rescue__cpu_compute__p050__r01,"{""space_rescue"":""games/pyxel/apps-src/space_rescue/space_rescue.py""}","{""space_rescue"":""f3b0ab6784ae558e64f06a3f0a704e53f107a130aa3d43357659d0850131e461""}",0cb5f47e774373470dd2e1d0a79ff0aa774ffd0bb041abce75c9e5cbfca4493c
1,106,formal-v1__profile__mega_wing__cpu_compute__p075__r03,formal-v1,profile,not_applicable,pressure_profile,"[""mega_wing""]",mega_wing,[],,,cpu_compute,0.75,3,12024191461510072258,20,60,1,20,windows-rtx4060,0,0,grid_2x2,true,84,2605299bece47cbdc665c2e2d57eb6301e6ac71d700776b764e6b903e40d0fdc,89d531ccb56448ddbc56df7c9f440912802204cb,data/raw/step7-t84/formal-v1/formal-v1__profile__mega_wing__cpu_compute__p075__r03,"{""mega_wing"":""games/pyxel/apps-src/mega_wing/mega_wing.py""}","{""mega_wing"":""86bad6c02a303806c58137503739241dc6b1e86695f7c0dbf672b5e1a1464e9f""}",f88f4a3136cf133045c12d42edc87f312bfb8583c007702b049b7b95f9657b09
1,107,formal-v1__profile__pyxel_snake__gpu_compute__p000__r01,formal-v1,profile,not_applicable,pressure_profile,"[""pyxel_snake""]",pyxel_snake,[],,,gpu_compute,0,1,10015047143030256139,20,60,1,20,windows-rtx4060,0,0,grid_2x2,true,84,2605299bece47cbdc665c2e2d57eb6301e6ac71d700776b764e6b903e40d0fdc,89d531ccb56448ddbc56df7c9f440912802204cb,data/raw/step7-t84/formal-v1/formal-v1__profile__pyxel_snake__gpu_compute__p000__r01,"{""pyxel_snake"":""games/pyxel/07_snake.py""}","{""pyxel_snake"":""bc533fef92d1d358e570f69d979919fe5c1cd8c4da49841104b49a1e661a5ac3""}",ef3baa719aadc45d8625931a05a14b8f58f17a1b03ddf7a2abf9e44edab01c8d
1,108,formal-v1__profile__pyxel_platformer__memory_bandwidth__p025__r01,formal-v1,profile,not_applicable,pressure_profile,"[""pyxel_platformer""]",pyxel_platformer,[],,,memory_bandwidth,0.25,1,9143348690438876356,20,60,1,20,windows-rtx4060,0,0,grid_2x2,true,84,2605299bece47cbdc665c2e2d57eb6301e6ac71d700776b764e6b903e40d0fdc,89d531ccb56448ddbc56df7c9f440912802204cb,data/raw/step7-t84/formal-v1/formal-v1__profile__pyxel_platformer__memory_bandwidth__p025__r01,"{""pyxel_platformer"":""games/pyxel/10_platformer.py""}","{""pyxel_platformer"":""1b2c75b49dc9ab0254fb4b724682a4787868814a38d2f08920720dc5b6007ac5""}",d94a3913ace6ce28a30cd6d9ad12a36432e11358ace4a072cd1b4d96294226b0
1,109,formal-v1__profile__pyxel_platformer__cpu_compute__p050__r03,formal-v1,profile,not_applicable,pressure_profile,"[""pyxel_platformer""]",pyxel_platformer,[],,,cpu_compute,0.5,3,6501657283848366909,20,60,1,20,windows-rtx4060,0,0,grid_2x2,true,84,2605299bece47cbdc665c2e2d57eb6301e6ac71d700776b764e6b903e40d0fdc,89d531ccb56448ddbc56df7c9f440912802204cb,data/raw/step7-t84/formal-v1/formal-v1__profile__pyxel_platformer__cpu_compute__p050__r03,"{""pyxel_platformer"":""games/pyxel/10_platformer.py""}","{""pyxel_platformer"":""1b2c75b49dc9ab0254fb4b724682a4787868814a38d2f08920720dc5b6007ac5""}",a5e8266399c906435cbaa826e0872a7967ac687246e64febbabf909712b1e8c5
1,110,formal-v1__profile__daylight__cpu_compute__p050__r03,formal-v1,profile,not_applicable,pressure_profile,"[""daylight""]",daylight,[],,,cpu_compute,0.5,3,12387562896495085073,20,60,1,20,windows-rtx4060,0,0,grid_2x2,true,84,2605299bece47cbdc665c2e2d57eb6301e6ac71d700776b764e6b903e40d0fdc,89d531ccb56448ddbc56df7c9f440912802204cb,data/raw/step7-t84/formal-v1/formal-v1__profile__daylight__cpu_compute__p050__r03,"{""daylight"":""games/pyxel/apps-src/30SecondsOfDaylight/src/main.py""}","{""daylight"":""21a365375249e9d7ea05e78dcfe040f09cc1f0c66bd410bae084190c743a028f""}",9f57479329578fa4a73d78a74def8cc00bd594031b1a3e9eed8e1434bd359026
1,111,formal-v1__profile__mega_wing__gpu_compute__p000__r03,formal-v1,profile,not_applicable,pressure_profile,"[""mega_wing""]",mega_wing,[],,,gpu_compute,0,3,11336000559053576937,20,60,1,20,windows-rtx4060,0,0,grid_2x2,true,84,2605299bece47cbdc665c2e2d57eb6301e6ac71d700776b764e6b903e40d0fdc,89d531ccb56448ddbc56df7c9f440912802204cb,data/raw/step7-t84/formal-v1/formal-v1__profile__mega_wing__gpu_compute__p000__r03,"{""mega_wing"":""games/pyxel/apps-src/mega_wing/mega_wing.py""}","{""mega_wing"":""86bad6c02a303806c58137503739241dc6b1e86695f7c0dbf672b5e1a1464e9f""}",09f942881e4b0160b32d35a86771c827ed1134636795308c5cca1ecec479dec4
1,112,formal-v1__profile__pyxel_bubbles__gpu_compute__p075__r01,formal-v1,profile,not_applicable,pressure_profile,"[""pyxel_bubbles""]",pyxel_bubbles,[],,,gpu_compute,0.75,1,14559782447075217502,20,60,1,20,windows-rtx4060,0,0,grid_2x2,true,84,2605299bece47cbdc665c2e2d57eb6301e6ac71d700776b764e6b903e40d0fdc,89d531ccb56448ddbc56df7c9f440912802204cb,data/raw/step7-t84/formal-v1/formal-v1__profile__pyxel_bubbles__gpu_compute__p075__r01,"{""pyxel_bubbles"":""games/pyxel/06_click_game.py""}","{""pyxel_bubbles"":""54c101e90bdaed839ac4c4284494530d5df37a5819a35f1e41eebb0b3da5d900""}",308adfb050b7f517598e1b730ceb5076286ccb1eb787f66eaf99f897b912f987
1,113,formal-v1__profile__mega_wing__gpu_compute__p000__r02,formal-v1,profile,not_applicable,pressure_profile,"[""mega_wing""]",mega_wing,[],,,gpu_compute,0,2,18438309879370389136,20,60,1,20,windows-rtx4060,0,0,grid_2x2,true,84,2605299bece47cbdc665c2e2d57eb6301e6ac71d700776b764e6b903e40d0fdc,89d531ccb56448ddbc56df7c9f440912802204cb,data/raw/step7-t84/formal-v1/formal-v1__profile__mega_wing__gpu_compute__p000__r02,"{""mega_wing"":""games/pyxel/apps-src/mega_wing/mega_wing.py""}","{""mega_wing"":""86bad6c02a303806c58137503739241dc6b1e86695f7c0dbf672b5e1a1464e9f""}",c97d72492dd67542ffe0d3ad0797bac02e07d9afa129ae61982897d7833f2a04
1,114,formal-v1__profile__pyxel_snake__cpu_compute__p100__r03,formal-v1,profile,not_applicable,pressure_profile,"[""pyxel_snake""]",pyxel_snake,[],,,cpu_compute,1,3,17696118596037803281,20,60,1,20,windows-rtx4060,0,0,grid_2x2,true,84,2605299bece47cbdc665c2e2d57eb6301e6ac71d700776b764e6b903e40d0fdc,89d531ccb56448ddbc56df7c9f440912802204cb,data/raw/step7-t84/formal-v1/formal-v1__profile__pyxel_snake__cpu_compute__p100__r03,"{""pyxel_snake"":""games/pyxel/07_snake.py""}","{""pyxel_snake"":""bc533fef92d1d358e570f69d979919fe5c1cd8c4da49841104b49a1e661a5ac3""}",b9bde066b6f54f487d09ccd9b9d5cf6369e7203bf671de13a781195999727db0
1,115,formal-v1__profile__pyxel_bubbles__memory_bandwidth__p025__r01,formal-v1,profile,not_applicable,pressure_profile,"[""pyxel_bubbles""]",pyxel_bubbles,[],,,memory_bandwidth,0.25,1,10494915136479935047,20,60,1,20,windows-rtx4060,0,0,grid_2x2,true,84,2605299bece47cbdc665c2e2d57eb6301e6ac71d700776b764e6b903e40d0fdc,89d531ccb56448ddbc56df7c9f440912802204cb,data/raw/step7-t84/formal-v1/formal-v1__profile__pyxel_bubbles__memory_bandwidth__p025__r01,"{""pyxel_bubbles"":""games/pyxel/06_click_game.py""}","{""pyxel_bubbles"":""54c101e90bdaed839ac4c4284494530d5df37a5819a35f1e41eebb0b3da5d900""}",4bd91afd15637c279edc5e42b253038fde1f58e1cbe3777e7ad63ea7fb79f60b
1,116,formal-v1__profile__space_rescue__gpu_memory__p075__r01,formal-v1,profile,not_applicable,pressure_profile,"[""space_rescue""]",space_rescue,[],,,gpu_memory,0.75,1,6292989188391337375,20,60,1,20,windows-rtx4060,0,0,grid_2x2,true,84,2605299bece47cbdc665c2e2d57eb6301e6ac71d700776b764e6b903e40d0fdc,89d531ccb56448ddbc56df7c9f440912802204cb,data/raw/step7-t84/formal-v1/formal-v1__profile__space_rescue__gpu_memory__p075__r01,"{""space_rescue"":""games/pyxel/apps-src/space_rescue/space_rescue.py""}","{""space_rescue"":""f3b0ab6784ae558e64f06a3f0a704e53f107a130aa3d43357659d0850131e461""}",0803bdfe2a04127413e56413ca960528ae341da3941737a4b7e520d66c4c6220
1,117,formal-v1__profile__pyxel_bubbles__gpu_memory__p100__r03,formal-v1,profile,not_applicable,pressure_profile,"[""pyxel_bubbles""]",pyxel_bubbles,[],,,gpu_memory,1,3,17378968074676674643,20,60,1,20,windows-rtx4060,0,0,grid_2x2,true,84,2605299bece47cbdc665c2e2d57eb6301e6ac71d700776b764e6b903e40d0fdc,89d531ccb56448ddbc56df7c9f440912802204cb,data/raw/step7-t84/formal-v1/formal-v1__profile__pyxel_bubbles__gpu_memory__p100__r03,"{""pyxel_bubbles"":""games/pyxel/06_click_game.py""}","{""pyxel_bubbles"":""54c101e90bdaed839ac4c4284494530d5df37a5819a35f1e41eebb0b3da5d900""}",0fe500c6bcd1d05ea1b4a262fd92ed9fa9c8d7bee5b4ec50bb179bdcb9fd6acc
1,118,formal-v1__profile__space_rescue__gpu_memory__p000__r01,formal-v1,profile,not_applicable,pressure_profile,"[""space_rescue""]",space_rescue,[],,,gpu_memory,0,1,10482120623652990482,20,60,1,20,windows-rtx4060,0,0,grid_2x2,true,84,2605299bece47cbdc665c2e2d57eb6301e6ac71d700776b764e6b903e40d0fdc,89d531ccb56448ddbc56df7c9f440912802204cb,data/raw/step7-t84/formal-v1/formal-v1__profile__space_rescue__gpu_memory__p000__r01,"{""space_rescue"":""games/pyxel/apps-src/space_rescue/space_rescue.py""}","{""space_rescue"":""f3b0ab6784ae558e64f06a3f0a704e53f107a130aa3d43357659d0850131e461""}",ccda22e6b8a899e52b0542eb671acdd58f55d3134665b8c6d0055c5fbe6840c1
1,119,formal-v1__profile__pyxel_jump__cpu_compute__p100__r03,formal-v1,profile,not_applicable,pressure_profile,"[""pyxel_jump""]",pyxel_jump,[],,,cpu_compute,1,3,9968397787741995314,20,60,1,20,windows-rtx4060,0,0,grid_2x2,true,84,2605299bece47cbdc665c2e2d57eb6301e6ac71d700776b764e6b903e40d0fdc,89d531ccb56448ddbc56df7c9f440912802204cb,data/raw/step7-t84/formal-v1/formal-v1__profile__pyxel_jump__cpu_compute__p100__r03,"{""pyxel_jump"":""games/pyxel/02_jump_game.py""}","{""pyxel_jump"":""4743a825f1c9cae7e049ac52115f4ecf83350db546c00745a54af187d7bc2e46""}",2da981b54fcd511d482387c4ee4e5d154719e3843316c88bb3bdd44763be8d53
1,120,formal-v1__profile__pyxel_bubbles__memory_bandwidth__p075__r02,formal-v1,profile,not_applicable,pressure_profile,"[""pyxel_bubbles""]",pyxel_bubbles,[],,,memory_bandwidth,0.75,2,18365959350671161203,20,60,1,20,windows-rtx4060,0,0,grid_2x2,true,84,2605299bece47cbdc665c2e2d57eb6301e6ac71d700776b764e6b903e40d0fdc,89d531ccb56448ddbc56df7c9f440912802204cb,data/raw/step7-t84/formal-v1/formal-v1__profile__pyxel_bubbles__memory_bandwidth__p075__r02,"{""pyxel_bubbles"":""games/pyxel/06_click_game.py""}","{""pyxel_bubbles"":""54c101e90bdaed839ac4c4284494530d5df37a5819a35f1e41eebb0b3da5d900""}",2eaf2a7a73376be4434c16dc8818499c7318e81e8352bf898dce2c1b8f7e6b2e
1,121,formal-v1__profile__pyxel_snake__memory_bandwidth__p100__r02,formal-v1,profile,not_applicable,pressure_profile,"[""pyxel_snake""]",pyxel_snake,[],,,memory_bandwidth,1,2,12887450220985787540,20,60,1,20,windows-rtx4060,0,0,grid_2x2,true,84,2605299bece47cbdc665c2e2d57eb6301e6ac71d700776b764e6b903e40d0fdc,89d531ccb56448ddbc56df7c9f440912802204cb,data/raw/step7-t84/formal-v1/formal-v1__profile__pyxel_snake__memory_bandwidth__p100__r02,"{""pyxel_snake"":""games/pyxel/07_snake.py""}","{""pyxel_snake"":""bc533fef92d1d358e570f69d979919fe5c1cd8c4da49841104b49a1e661a5ac3""}",170897db275f494a4a4af9b712fdafce8c93887a503cfcd6b47e711c4a609c9c
1,122,formal-v1__profile__pyxel_shooter__gpu_memory__p050__r03,formal-v1,profile,not_applicable,pressure_profile,"[""pyxel_shooter""]",pyxel_shooter,[],,,gpu_memory,0.5,3,9006778106117681636,20,60,1,20,windows-rtx4060,0,0,grid_2x2,true,84,2605299bece47cbdc665c2e2d57eb6301e6ac71d700776b764e6b903e40d0fdc,89d531ccb56448ddbc56df7c9f440912802204cb,data/raw/step7-t84/formal-v1/formal-v1__profile__pyxel_shooter__gpu_memory__p050__r03,"{""pyxel_shooter"":""games/pyxel/09_shooter.py""}","{""pyxel_shooter"":""0f53e4156907eac41080a8f289e22c89365b3239517c754cf59a51af201d5563""}",d3d560b48212c6f13bf5ac2856801a2a0b82901a6976a686f8481c0c44b4ed28
1,123,formal-v1__profile__pyxel_snake__gpu_compute__p050__r03,formal-v1,profile,not_applicable,pressure_profile,"[""pyxel_snake""]",pyxel_snake,[],,,gpu_compute,0.5,3,12378868439774008811,20,60,1,20,windows-rtx4060,0,0,grid_2x2,true,84,2605299bece47cbdc665c2e2d57eb6301e6ac71d700776b764e6b903e40d0fdc,89d531ccb56448ddbc56df7c9f440912802204cb,data/raw/step7-t84/formal-v1/formal-v1__profile__pyxel_snake__gpu_compute__p050__r03,"{""pyxel_snake"":""games/pyxel/07_snake.py""}","{""pyxel_snake"":""bc533fef92d1d358e570f69d979919fe5c1cd8c4da49841104b49a1e661a5ac3""}",52dc6ff0d46269dd206307d9d4e458bc68a9a02e32707053a0defd52947d4a92
1,124,formal-v1__profile__pyxel_shooter__cpu_compute__p000__r02,formal-v1,profile,not_applicable,pressure_profile,"[""pyxel_shooter""]",pyxel_shooter,[],,,cpu_compute,0,2,14125663570558492137,20,60,1,20,windows-rtx4060,0,0,grid_2x2,true,84,2605299bece47cbdc665c2e2d57eb6301e6ac71d700776b764e6b903e40d0fdc,89d531ccb56448ddbc56df7c9f440912802204cb,data/raw/step7-t84/formal-v1/formal-v1__profile__pyxel_shooter__cpu_compute__p000__r02,"{""pyxel_shooter"":""games/pyxel/09_shooter.py""}","{""pyxel_shooter"":""0f53e4156907eac41080a8f289e22c89365b3239517c754cf59a51af201d5563""}",ff8737b8648a687a823b2d1559bc5962b55ffcadb87020e25f6c4e24dd2c4dd5
1,125,formal-v1__profile__pyxel_snake__cpu_compute__p000__r01,formal-v1,profile,not_applicable,pressure_profile,"[""pyxel_snake""]",pyxel_snake,[],,,cpu_compute,0,1,11082123514019382106,20,60,1,20,windows-rtx4060,0,0,grid_2x2,true,84,2605299bece47cbdc665c2e2d57eb6301e6ac71d700776b764e6b903e40d0fdc,89d531ccb56448ddbc56df7c9f440912802204cb,data/raw/step7-t84/formal-v1/formal-v1__profile__pyxel_snake__cpu_compute__p000__r01,"{""pyxel_snake"":""games/pyxel/07_snake.py""}","{""pyxel_snake"":""bc533fef92d1d358e570f69d979919fe5c1cd8c4da49841104b49a1e661a5ac3""}",5633e9e627c0528b045c5442e5b9353bca14944d1103cc4b901a9afea6626cd5
1,126,formal-v1__profile__pyxel_shooter__memory_bandwidth__p025__r01,formal-v1,profile,not_applicable,pressure_profile,"[""pyxel_shooter""]",pyxel_shooter,[],,,memory_bandwidth,0.25,1,331279448625326691,20,60,1,20,windows-rtx4060,0,0,grid_2x2,true,84,2605299bece47cbdc665c2e2d57eb6301e6ac71d700776b764e6b903e40d0fdc,89d531ccb56448ddbc56df7c9f440912802204cb,data/raw/step7-t84/formal-v1/formal-v1__profile__pyxel_shooter__memory_bandwidth__p025__r01,"{""pyxel_shooter"":""games/pyxel/09_shooter.py""}","{""pyxel_shooter"":""0f53e4156907eac41080a8f289e22c89365b3239517c754cf59a51af201d5563""}",2bd888ad20ed8953383827e54bab12148b7414fb87fe5c60a0c6f838527a24ac
1,127,formal-v1__profile__space_rescue__cpu_compute__p075__r01,formal-v1,profile,not_applicable,pressure_profile,"[""space_rescue""]",space_rescue,[],,,cpu_compute,0.75,1,7748755044565379590,20,60,1,20,windows-rtx4060,0,0,grid_2x2,true,84,2605299bece47cbdc665c2e2d57eb6301e6ac71d700776b764e6b903e40d0fdc,89d531ccb56448ddbc56df7c9f440912802204cb,data/raw/step7-t84/formal-v1/formal-v1__profile__space_rescue__cpu_compute__p075__r01,"{""space_rescue"":""games/pyxel/apps-src/space_rescue/space_rescue.py""}","{""space_rescue"":""f3b0ab6784ae558e64f06a3f0a704e53f107a130aa3d43357659d0850131e461""}",85aa3b1ba97feca0ae5520709c572b653ab6ae7ac354432d8cf1b58358631310
1,128,formal-v1__profile__daylight__gpu_compute__p050__r03,formal-v1,profile,not_applicable,pressure_profile,"[""daylight""]",daylight,[],,,gpu_compute,0.5,3,8172916671657072093,20,60,1,20,windows-rtx4060,0,0,grid_2x2,true,84,2605299bece47cbdc665c2e2d57eb6301e6ac71d700776b764e6b903e40d0fdc,89d531ccb56448ddbc56df7c9f440912802204cb,data/raw/step7-t84/formal-v1/formal-v1__profile__daylight__gpu_compute__p050__r03,"{""daylight"":""games/pyxel/apps-src/30SecondsOfDaylight/src/main.py""}","{""daylight"":""21a365375249e9d7ea05e78dcfe040f09cc1f0c66bd410bae084190c743a028f""}",097ae349685847e5ec13a58cd68f8c5f3080095ebae706984a6ec95b31c19931
1,129,formal-v1__profile__pyxel_bubbles__cpu_compute__p100__r03,formal-v1,profile,not_applicable,pressure_profile,"[""pyxel_bubbles""]",pyxel_bubbles,[],,,cpu_compute,1,3,4417685526597924922,20,60,1,20,windows-rtx4060,0,0,grid_2x2,true,84,2605299bece47cbdc665c2e2d57eb6301e6ac71d700776b764e6b903e40d0fdc,89d531ccb56448ddbc56df7c9f440912802204cb,data/raw/step7-t84/formal-v1/formal-v1__profile__pyxel_bubbles__cpu_compute__p100__r03,"{""pyxel_bubbles"":""games/pyxel/06_click_game.py""}","{""pyxel_bubbles"":""54c101e90bdaed839ac4c4284494530d5df37a5819a35f1e41eebb0b3da5d900""}",8ad3609bc7de83557ada74edd344109ab11670137be78dc2f89fa806395efb93
1,130,formal-v1__profile__pyxel_shooter__gpu_compute__p000__r03,formal-v1,profile,not_applicable,pressure_profile,"[""pyxel_shooter""]",pyxel_shooter,[],,,gpu_compute,0,3,17305474090941391802,20,60,1,20,windows-rtx4060,0,0,grid_2x2,true,84,2605299bece47cbdc665c2e2d57eb6301e6ac71d700776b764e6b903e40d0fdc,89d531ccb56448ddbc56df7c9f440912802204cb,data/raw/step7-t84/formal-v1/formal-v1__profile__pyxel_shooter__gpu_compute__p000__r03,"{""pyxel_shooter"":""games/pyxel/09_shooter.py""}","{""pyxel_shooter"":""0f53e4156907eac41080a8f289e22c89365b3239517c754cf59a51af201d5563""}",ed0911bc9c02ece5a0f2473f7fac6940b59844e47fad89a7320fc10934c6f3e5
1,131,formal-v1__profile__pyxel_shooter__cpu_compute__p100__r03,formal-v1,profile,not_applicable,pressure_profile,"[""pyxel_shooter""]",pyxel_shooter,[],,,cpu_compute,1,3,9759321866444182268,20,60,1,20,windows-rtx4060,0,0,grid_2x2,true,84,2605299bece47cbdc665c2e2d57eb6301e6ac71d700776b764e6b903e40d0fdc,89d531ccb56448ddbc56df7c9f440912802204cb,data/raw/step7-t84/formal-v1/formal-v1__profile__pyxel_shooter__cpu_compute__p100__r03,"{""pyxel_shooter"":""games/pyxel/09_shooter.py""}","{""pyxel_shooter"":""0f53e4156907eac41080a8f289e22c89365b3239517c754cf59a51af201d5563""}",ca736865fcc9cabec2ad09a7fb1409269418df939415b964475bcec5ab8c7a01
1,132,formal-v1__profile__pyxel_snake__gpu_compute__p075__r02,formal-v1,profile,not_applicable,pressure_profile,"[""pyxel_snake""]",pyxel_snake,[],,,gpu_compute,0.75,2,1770827062198345931,20,60,1,20,windows-rtx4060,0,0,grid_2x2,true,84,2605299bece47cbdc665c2e2d57eb6301e6ac71d700776b764e6b903e40d0fdc,89d531ccb56448ddbc56df7c9f440912802204cb,data/raw/step7-t84/formal-v1/formal-v1__profile__pyxel_snake__gpu_compute__p075__r02,"{""pyxel_snake"":""games/pyxel/07_snake.py""}","{""pyxel_snake"":""bc533fef92d1d358e570f69d979919fe5c1cd8c4da49841104b49a1e661a5ac3""}",93407e3e16cdc37b2937cd71870be241721d3106533314ffe1de6c659f6606f5
1,133,formal-v1__profile__daylight__cpu_compute__p100__r03,formal-v1,profile,not_applicable,pressure_profile,"[""daylight""]",daylight,[],,,cpu_compute,1,3,1211454383313536692,20,60,1,20,windows-rtx4060,0,0,grid_2x2,true,84,2605299bece47cbdc665c2e2d57eb6301e6ac71d700776b764e6b903e40d0fdc,89d531ccb56448ddbc56df7c9f440912802204cb,data/raw/step7-t84/formal-v1/formal-v1__profile__daylight__cpu_compute__p100__r03,"{""daylight"":""games/pyxel/apps-src/30SecondsOfDaylight/src/main.py""}","{""daylight"":""21a365375249e9d7ea05e78dcfe040f09cc1f0c66bd410bae084190c743a028f""}",31e996027c706be918e09a272772c0034517c1da073144b6426e7fe27cc8df0e
1,134,formal-v1__profile__daylight__gpu_memory__p075__r01,formal-v1,profile,not_applicable,pressure_profile,"[""daylight""]",daylight,[],,,gpu_memory,0.75,1,4643342925384869322,20,60,1,20,windows-rtx4060,0,0,grid_2x2,true,84,2605299bece47cbdc665c2e2d57eb6301e6ac71d700776b764e6b903e40d0fdc,89d531ccb56448ddbc56df7c9f440912802204cb,data/raw/step7-t84/formal-v1/formal-v1__profile__daylight__gpu_memory__p075__r01,"{""daylight"":""games/pyxel/apps-src/30SecondsOfDaylight/src/main.py""}","{""daylight"":""21a365375249e9d7ea05e78dcfe040f09cc1f0c66bd410bae084190c743a028f""}",35b1b7f419d5f28eb4d4cb0f38a6a8511fb4298027feb361dfac2921c5ace8c7
1,135,formal-v1__profile__pyxel_jump__memory_bandwidth__p000__r01,formal-v1,profile,not_applicable,pressure_profile,"[""pyxel_jump""]",pyxel_jump,[],,,memory_bandwidth,0,1,7034806655224282433,20,60,1,20,windows-rtx4060,0,0,grid_2x2,true,84,2605299bece47cbdc665c2e2d57eb6301e6ac71d700776b764e6b903e40d0fdc,89d531ccb56448ddbc56df7c9f440912802204cb,data/raw/step7-t84/formal-v1/formal-v1__profile__pyxel_jump__memory_bandwidth__p000__r01,"{""pyxel_jump"":""games/pyxel/02_jump_game.py""}","{""pyxel_jump"":""4743a825f1c9cae7e049ac52115f4ecf83350db546c00745a54af187d7bc2e46""}",5551cd890a97059b6363d0fd664accb7ac8da99b1910ca6a95721770363b5006
1,136,formal-v1__profile__pyxel_snake__cpu_compute__p000__r03,formal-v1,profile,not_applicable,pressure_profile,"[""pyxel_snake""]",pyxel_snake,[],,,cpu_compute,0,3,3712196662749753045,20,60,1,20,windows-rtx4060,0,0,grid_2x2,true,84,2605299bece47cbdc665c2e2d57eb6301e6ac71d700776b764e6b903e40d0fdc,89d531ccb56448ddbc56df7c9f440912802204cb,data/raw/step7-t84/formal-v1/formal-v1__profile__pyxel_snake__cpu_compute__p000__r03,"{""pyxel_snake"":""games/pyxel/07_snake.py""}","{""pyxel_snake"":""bc533fef92d1d358e570f69d979919fe5c1cd8c4da49841104b49a1e661a5ac3""}",8c90366562db7516b9dbf3cfc5839bcad3f36ccef1748f3c75a591d7275c5765
1,137,formal-v1__profile__pyxel_shooter__memory_bandwidth__p000__r03,formal-v1,profile,not_applicable,pressure_profile,"[""pyxel_shooter""]",pyxel_shooter,[],,,memory_bandwidth,0,3,874052927078879399,20,60,1,20,windows-rtx4060,0,0,grid_2x2,true,84,2605299bece47cbdc665c2e2d57eb6301e6ac71d700776b764e6b903e40d0fdc,89d531ccb56448ddbc56df7c9f440912802204cb,data/raw/step7-t84/formal-v1/formal-v1__profile__pyxel_shooter__memory_bandwidth__p000__r03,"{""pyxel_shooter"":""games/pyxel/09_shooter.py""}","{""pyxel_shooter"":""0f53e4156907eac41080a8f289e22c89365b3239517c754cf59a51af201d5563""}",49ed909e2b2fb142dea52389de68ed504ad4989dd40ba6913a51cc9042a49cfc
1,138,formal-v1__profile__space_rescue__gpu_compute__p000__r03,formal-v1,profile,not_applicable,pressure_profile,"[""space_rescue""]",space_rescue,[],,,gpu_compute,0,3,14949748623094871878,20,60,1,20,windows-rtx4060,0,0,grid_2x2,true,84,2605299bece47cbdc665c2e2d57eb6301e6ac71d700776b764e6b903e40d0fdc,89d531ccb56448ddbc56df7c9f440912802204cb,data/raw/step7-t84/formal-v1/formal-v1__profile__space_rescue__gpu_compute__p000__r03,"{""space_rescue"":""games/pyxel/apps-src/space_rescue/space_rescue.py""}","{""space_rescue"":""f3b0ab6784ae558e64f06a3f0a704e53f107a130aa3d43357659d0850131e461""}",30c1b176930e710b6dc4cbc4213654760aa023fa3e2a0ac69feace4a225c5123
1,139,formal-v1__profile__daylight__gpu_memory__p025__r02,formal-v1,profile,not_applicable,pressure_profile,"[""daylight""]",daylight,[],,,gpu_memory,0.25,2,5358154648695833250,20,60,1,20,windows-rtx4060,0,0,grid_2x2,true,84,2605299bece47cbdc665c2e2d57eb6301e6ac71d700776b764e6b903e40d0fdc,89d531ccb56448ddbc56df7c9f440912802204cb,data/raw/step7-t84/formal-v1/formal-v1__profile__daylight__gpu_memory__p025__r02,"{""daylight"":""games/pyxel/apps-src/30SecondsOfDaylight/src/main.py""}","{""daylight"":""21a365375249e9d7ea05e78dcfe040f09cc1f0c66bd410bae084190c743a028f""}",0dd2881e7478c268cd4f22a675cc123ab5482e74f2cd34849c43f1d6727f9c1b
1,140,formal-v1__profile__pyxel_bubbles__gpu_compute__p025__r03,formal-v1,profile,not_applicable,pressure_profile,"[""pyxel_bubbles""]",pyxel_bubbles,[],,,gpu_compute,0.25,3,16430586050895063617,20,60,1,20,windows-rtx4060,0,0,grid_2x2,true,84,2605299bece47cbdc665c2e2d57eb6301e6ac71d700776b764e6b903e40d0fdc,89d531ccb56448ddbc56df7c9f440912802204cb,data/raw/step7-t84/formal-v1/formal-v1__profile__pyxel_bubbles__gpu_compute__p025__r03,"{""pyxel_bubbles"":""games/pyxel/06_click_game.py""}","{""pyxel_bubbles"":""54c101e90bdaed839ac4c4284494530d5df37a5819a35f1e41eebb0b3da5d900""}",11c54f7271e1fe830612e8aa6eaf760e1d3b94ffc373f64dcb68881a62d3d477
1,141,formal-v1__profile__pyxel_platformer__cpu_compute__p075__r01,formal-v1,profile,not_applicable,pressure_profile,"[""pyxel_platformer""]",pyxel_platformer,[],,,cpu_compute,0.75,1,1292679609294179884,20,60,1,20,windows-rtx4060,0,0,grid_2x2,true,84,2605299bece47cbdc665c2e2d57eb6301e6ac71d700776b764e6b903e40d0fdc,89d531ccb56448ddbc56df7c9f440912802204cb,data/raw/step7-t84/formal-v1/formal-v1__profile__pyxel_platformer__cpu_compute__p075__r01,"{""pyxel_platformer"":""games/pyxel/10_platformer.py""}","{""pyxel_platformer"":""1b2c75b49dc9ab0254fb4b724682a4787868814a38d2f08920720dc5b6007ac5""}",a5889606fbd40db42f56d4c12b1aa8a1a121ee22f190dc5fad0b9fb761bc7c6a
1,142,formal-v1__profile__pyxel_bubbles__memory_bandwidth__p025__r02,formal-v1,profile,not_applicable,pressure_profile,"[""pyxel_bubbles""]",pyxel_bubbles,[],,,memory_bandwidth,0.25,2,18130034200163002499,20,60,1,20,windows-rtx4060,0,0,grid_2x2,true,84,2605299bece47cbdc665c2e2d57eb6301e6ac71d700776b764e6b903e40d0fdc,89d531ccb56448ddbc56df7c9f440912802204cb,data/raw/step7-t84/formal-v1/formal-v1__profile__pyxel_bubbles__memory_bandwidth__p025__r02,"{""pyxel_bubbles"":""games/pyxel/06_click_game.py""}","{""pyxel_bubbles"":""54c101e90bdaed839ac4c4284494530d5df37a5819a35f1e41eebb0b3da5d900""}",daf455587be1d5fdd4075c1b2eb880a5e31925c519a0299c46d910b8dc90199a
1,143,formal-v1__profile__pyxel_bubbles__gpu_compute__p050__r01,formal-v1,profile,not_applicable,pressure_profile,"[""pyxel_bubbles""]",pyxel_bubbles,[],,,gpu_compute,0.5,1,5139342075278313235,20,60,1,20,windows-rtx4060,0,0,grid_2x2,true,84,2605299bece47cbdc665c2e2d57eb6301e6ac71d700776b764e6b903e40d0fdc,89d531ccb56448ddbc56df7c9f440912802204cb,data/raw/step7-t84/formal-v1/formal-v1__profile__pyxel_bubbles__gpu_compute__p050__r01,"{""pyxel_bubbles"":""games/pyxel/06_click_game.py""}","{""pyxel_bubbles"":""54c101e90bdaed839ac4c4284494530d5df37a5819a35f1e41eebb0b3da5d900""}",125c50247a2a52a525636e94d23cbe7e1676333d5be19c420a5c75192160b72b
1,144,formal-v1__profile__pyxel_jump__memory_bandwidth__p050__r01,formal-v1,profile,not_applicable,pressure_profile,"[""pyxel_jump""]",pyxel_jump,[],,,memory_bandwidth,0.5,1,6172709388259186092,20,60,1,20,windows-rtx4060,0,0,grid_2x2,true,84,2605299bece47cbdc665c2e2d57eb6301e6ac71d700776b764e6b903e40d0fdc,89d531ccb56448ddbc56df7c9f440912802204cb,data/raw/step7-t84/formal-v1/formal-v1__profile__pyxel_jump__memory_bandwidth__p050__r01,"{""pyxel_jump"":""games/pyxel/02_jump_game.py""}","{""pyxel_jump"":""4743a825f1c9cae7e049ac52115f4ecf83350db546c00745a54af187d7bc2e46""}",3cfd6782c240379a60646da53442d4a9ae8cc85cd3c4d331354ebf64d4f07bcf
1,145,formal-v1__profile__space_rescue__memory_bandwidth__p100__r03,formal-v1,profile,not_applicable,pressure_profile,"[""space_rescue""]",space_rescue,[],,,memory_bandwidth,1,3,17181506969833333179,20,60,1,20,windows-rtx4060,0,0,grid_2x2,true,84,2605299bece47cbdc665c2e2d57eb6301e6ac71d700776b764e6b903e40d0fdc,89d531ccb56448ddbc56df7c9f440912802204cb,data/raw/step7-t84/formal-v1/formal-v1__profile__space_rescue__memory_bandwidth__p100__r03,"{""space_rescue"":""games/pyxel/apps-src/space_rescue/space_rescue.py""}","{""space_rescue"":""f3b0ab6784ae558e64f06a3f0a704e53f107a130aa3d43357659d0850131e461""}",1b359f9dd1faef4e5f18313b0e3005316f684131b42de5b55e14b340cc55bb85
1,146,formal-v1__profile__daylight__cpu_compute__p075__r03,formal-v1,profile,not_applicable,pressure_profile,"[""daylight""]",daylight,[],,,cpu_compute,0.75,3,16393125486362641367,20,60,1,20,windows-rtx4060,0,0,grid_2x2,true,84,2605299bece47cbdc665c2e2d57eb6301e6ac71d700776b764e6b903e40d0fdc,89d531ccb56448ddbc56df7c9f440912802204cb,data/raw/step7-t84/formal-v1/formal-v1__profile__daylight__cpu_compute__p075__r03,"{""daylight"":""games/pyxel/apps-src/30SecondsOfDaylight/src/main.py""}","{""daylight"":""21a365375249e9d7ea05e78dcfe040f09cc1f0c66bd410bae084190c743a028f""}",7cb796e7e107d2037f01973822383a9b34203a3f6fce88c571e0d4a4febbca88
1,147,formal-v1__profile__pyxel_platformer__cpu_compute__p000__r02,formal-v1,profile,not_applicable,pressure_profile,"[""pyxel_platformer""]",pyxel_platformer,[],,,cpu_compute,0,2,14258000445704572170,20,60,1,20,windows-rtx4060,0,0,grid_2x2,true,84,2605299bece47cbdc665c2e2d57eb6301e6ac71d700776b764e6b903e40d0fdc,89d531ccb56448ddbc56df7c9f440912802204cb,data/raw/step7-t84/formal-v1/formal-v1__profile__pyxel_platformer__cpu_compute__p000__r02,"{""pyxel_platformer"":""games/pyxel/10_platformer.py""}","{""pyxel_platformer"":""1b2c75b49dc9ab0254fb4b724682a4787868814a38d2f08920720dc5b6007ac5""}",b574cdd224912c787b0c203f45382fea73447613a27293d10b8eafd9ce570a6f
1,148,formal-v1__profile__space_rescue__memory_bandwidth__p075__r01,formal-v1,profile,not_applicable,pressure_profile,"[""space_rescue""]",space_rescue,[],,,memory_bandwidth,0.75,1,6325774252725646534,20,60,1,20,windows-rtx4060,0,0,grid_2x2,true,84,2605299bece47cbdc665c2e2d57eb6301e6ac71d700776b764e6b903e40d0fdc,89d531ccb56448ddbc56df7c9f440912802204cb,data/raw/step7-t84/formal-v1/formal-v1__profile__space_rescue__memory_bandwidth__p075__r01,"{""space_rescue"":""games/pyxel/apps-src/space_rescue/space_rescue.py""}","{""space_rescue"":""f3b0ab6784ae558e64f06a3f0a704e53f107a130aa3d43357659d0850131e461""}",ea848ad10153d60c43400d6580542745fb82c09404666cdb1333cfc3c0e665af
1,149,formal-v1__profile__space_rescue__gpu_memory__p025__r02,formal-v1,profile,not_applicable,pressure_profile,"[""space_rescue""]",space_rescue,[],,,gpu_memory,0.25,2,4541446456563490709,20,60,1,20,windows-rtx4060,0,0,grid_2x2,true,84,2605299bece47cbdc665c2e2d57eb6301e6ac71d700776b764e6b903e40d0fdc,89d531ccb56448ddbc56df7c9f440912802204cb,data/raw/step7-t84/formal-v1/formal-v1__profile__space_rescue__gpu_memory__p025__r02,"{""space_rescue"":""games/pyxel/apps-src/space_rescue/space_rescue.py""}","{""space_rescue"":""f3b0ab6784ae558e64f06a3f0a704e53f107a130aa3d43357659d0850131e461""}",c5e97a984b443b7e031185e00a440bd5d6cf76cda25d57db5045ff79cb4dc168
1,150,formal-v1__profile__pyxel_bubbles__gpu_memory__p000__r02,formal-v1,profile,not_applicable,pressure_profile,"[""pyxel_bubbles""]",pyxel_bubbles,[],,,gpu_memory,0,2,8216479269195245272,20,60,1,20,windows-rtx4060,0,0,grid_2x2,true,84,2605299bece47cbdc665c2e2d57eb6301e6ac71d700776b764e6b903e40d0fdc,89d531ccb56448ddbc56df7c9f440912802204cb,data/raw/step7-t84/formal-v1/formal-v1__profile__pyxel_bubbles__gpu_memory__p000__r02,"{""pyxel_bubbles"":""games/pyxel/06_click_game.py""}","{""pyxel_bubbles"":""54c101e90bdaed839ac4c4284494530d5df37a5819a35f1e41eebb0b3da5d900""}",5a092ed5e3cca9f66c83e9895fe49afbb31769869c0fc68f71c44d4982e929f0
1,151,formal-v1__profile__pyxel_jump__cpu_compute__p025__r02,formal-v1,profile,not_applicable,pressure_profile,"[""pyxel_jump""]",pyxel_jump,[],,,cpu_compute,0.25,2,11541848872985042194,20,60,1,20,windows-rtx4060,0,0,grid_2x2,true,84,2605299bece47cbdc665c2e2d57eb6301e6ac71d700776b764e6b903e40d0fdc,89d531ccb56448ddbc56df7c9f440912802204cb,data/raw/step7-t84/formal-v1/formal-v1__profile__pyxel_jump__cpu_compute__p025__r02,"{""pyxel_jump"":""games/pyxel/02_jump_game.py""}","{""pyxel_jump"":""4743a825f1c9cae7e049ac52115f4ecf83350db546c00745a54af187d7bc2e46""}",94b8da9a37859d901a0c7097d6bd141e833a1de8b9b16a7b571b67b51ebd898f
1,152,formal-v1__profile__pyxel_jump__gpu_compute__p075__r01,formal-v1,profile,not_applicable,pressure_profile,"[""pyxel_jump""]",pyxel_jump,[],,,gpu_compute,0.75,1,18283113210413982946,20,60,1,20,windows-rtx4060,0,0,grid_2x2,true,84,2605299bece47cbdc665c2e2d57eb6301e6ac71d700776b764e6b903e40d0fdc,89d531ccb56448ddbc56df7c9f440912802204cb,data/raw/step7-t84/formal-v1/formal-v1__profile__pyxel_jump__gpu_compute__p075__r01,"{""pyxel_jump"":""games/pyxel/02_jump_game.py""}","{""pyxel_jump"":""4743a825f1c9cae7e049ac52115f4ecf83350db546c00745a54af187d7bc2e46""}",28355900771df8446864f78e6f95bb6250e111014599a9751c8515d3e38590b0
1,153,formal-v1__profile__pyxel_shooter__memory_bandwidth__p025__r03,formal-v1,profile,not_applicable,pressure_profile,"[""pyxel_shooter""]",pyxel_shooter,[],,,memory_bandwidth,0.25,3,10914938351648052910,20,60,1,20,windows-rtx4060,0,0,grid_2x2,true,84,2605299bece47cbdc665c2e2d57eb6301e6ac71d700776b764e6b903e40d0fdc,89d531ccb56448ddbc56df7c9f440912802204cb,data/raw/step7-t84/formal-v1/formal-v1__profile__pyxel_shooter__memory_bandwidth__p025__r03,"{""pyxel_shooter"":""games/pyxel/09_shooter.py""}","{""pyxel_shooter"":""0f53e4156907eac41080a8f289e22c89365b3239517c754cf59a51af201d5563""}",13c0166951344ecdc44728b98e14e2badc5fbd2abe5c1fff22bd95236e923c9d
1,154,formal-v1__profile__daylight__memory_bandwidth__p000__r03,formal-v1,profile,not_applicable,pressure_profile,"[""daylight""]",daylight,[],,,memory_bandwidth,0,3,9751722257376424109,20,60,1,20,windows-rtx4060,0,0,grid_2x2,true,84,2605299bece47cbdc665c2e2d57eb6301e6ac71d700776b764e6b903e40d0fdc,89d531ccb56448ddbc56df7c9f440912802204cb,data/raw/step7-t84/formal-v1/formal-v1__profile__daylight__memory_bandwidth__p000__r03,"{""daylight"":""games/pyxel/apps-src/30SecondsOfDaylight/src/main.py""}","{""daylight"":""21a365375249e9d7ea05e78dcfe040f09cc1f0c66bd410bae084190c743a028f""}",db7c7866759fe324c5bbb3a8b74c1d2f9b4d46a7108ec315c47203e2fc557596
1,155,formal-v1__profile__pyxel_shooter__cpu_compute__p100__r01,formal-v1,profile,not_applicable,pressure_profile,"[""pyxel_shooter""]",pyxel_shooter,[],,,cpu_compute,1,1,17436941125221761034,20,60,1,20,windows-rtx4060,0,0,grid_2x2,true,84,2605299bece47cbdc665c2e2d57eb6301e6ac71d700776b764e6b903e40d0fdc,89d531ccb56448ddbc56df7c9f440912802204cb,data/raw/step7-t84/formal-v1/formal-v1__profile__pyxel_shooter__cpu_compute__p100__r01,"{""pyxel_shooter"":""games/pyxel/09_shooter.py""}","{""pyxel_shooter"":""0f53e4156907eac41080a8f289e22c89365b3239517c754cf59a51af201d5563""}",3ad83e1830448634f5d492a94e07532fcd50fd254af994a2e16a216fae638417
1,156,formal-v1__profile__pyxel_shooter__gpu_compute__p025__r01,formal-v1,profile,not_applicable,pressure_profile,"[""pyxel_shooter""]",pyxel_shooter,[],,,gpu_compute,0.25,1,2313480747461281530,20,60,1,20,windows-rtx4060,0,0,grid_2x2,true,84,2605299bece47cbdc665c2e2d57eb6301e6ac71d700776b764e6b903e40d0fdc,89d531ccb56448ddbc56df7c9f440912802204cb,data/raw/step7-t84/formal-v1/formal-v1__profile__pyxel_shooter__gpu_compute__p025__r01,"{""pyxel_shooter"":""games/pyxel/09_shooter.py""}","{""pyxel_shooter"":""0f53e4156907eac41080a8f289e22c89365b3239517c754cf59a51af201d5563""}",fe870782ee2f476e48c9e531c01e18fc839cce6b406d9b19cba5e80e42faa04b
1,157,formal-v1__profile__daylight__cpu_compute__p075__r02,formal-v1,profile,not_applicable,pressure_profile,"[""daylight""]",daylight,[],,,cpu_compute,0.75,2,14605916643426837791,20,60,1,20,windows-rtx4060,0,0,grid_2x2,true,84,2605299bece47cbdc665c2e2d57eb6301e6ac71d700776b764e6b903e40d0fdc,89d531ccb56448ddbc56df7c9f440912802204cb,data/raw/step7-t84/formal-v1/formal-v1__profile__daylight__cpu_compute__p075__r02,"{""daylight"":""games/pyxel/apps-src/30SecondsOfDaylight/src/main.py""}","{""daylight"":""21a365375249e9d7ea05e78dcfe040f09cc1f0c66bd410bae084190c743a028f""}",349610b3e458b07c689b53d22a63979f41adc8356193007a3e6e3f52cad4b9e6
1,158,formal-v1__profile__pyxel_shooter__gpu_memory__p100__r03,formal-v1,profile,not_applicable,pressure_profile,"[""pyxel_shooter""]",pyxel_shooter,[],,,gpu_memory,1,3,2307305634741722798,20,60,1,20,windows-rtx4060,0,0,grid_2x2,true,84,2605299bece47cbdc665c2e2d57eb6301e6ac71d700776b764e6b903e40d0fdc,89d531ccb56448ddbc56df7c9f440912802204cb,data/raw/step7-t84/formal-v1/formal-v1__profile__pyxel_shooter__gpu_memory__p100__r03,"{""pyxel_shooter"":""games/pyxel/09_shooter.py""}","{""pyxel_shooter"":""0f53e4156907eac41080a8f289e22c89365b3239517c754cf59a51af201d5563""}",382424fb5ecda5fee542f2d52b9e0ba7c3f6fb9acb7e0642914fa1999a32dbc0
1,159,formal-v1__profile__daylight__memory_bandwidth__p050__r01,formal-v1,profile,not_applicable,pressure_profile,"[""daylight""]",daylight,[],,,memory_bandwidth,0.5,1,1630469762645751841,20,60,1,20,windows-rtx4060,0,0,grid_2x2,true,84,2605299bece47cbdc665c2e2d57eb6301e6ac71d700776b764e6b903e40d0fdc,89d531ccb56448ddbc56df7c9f440912802204cb,data/raw/step7-t84/formal-v1/formal-v1__profile__daylight__memory_bandwidth__p050__r01,"{""daylight"":""games/pyxel/apps-src/30SecondsOfDaylight/src/main.py""}","{""daylight"":""21a365375249e9d7ea05e78dcfe040f09cc1f0c66bd410bae084190c743a028f""}",78a51a330b1c8521f00bbae2e99b60da9f8dea428212049003e842c30278eeae
1,160,formal-v1__profile__space_rescue__gpu_compute__p100__r02,formal-v1,profile,not_applicable,pressure_profile,"[""space_rescue""]",space_rescue,[],,,gpu_compute,1,2,16244701784464542081,20,60,1,20,windows-rtx4060,0,0,grid_2x2,true,84,2605299bece47cbdc665c2e2d57eb6301e6ac71d700776b764e6b903e40d0fdc,89d531ccb56448ddbc56df7c9f440912802204cb,data/raw/step7-t84/formal-v1/formal-v1__profile__space_rescue__gpu_compute__p100__r02,"{""space_rescue"":""games/pyxel/apps-src/space_rescue/space_rescue.py""}","{""space_rescue"":""f3b0ab6784ae558e64f06a3f0a704e53f107a130aa3d43357659d0850131e461""}",c15ee5577f613b4615931ee2d9e5255fcd527a522a5c7c6e5bf817e2aad110b6
1,161,formal-v1__profile__space_rescue__gpu_memory__p000__r02,formal-v1,profile,not_applicable,pressure_profile,"[""space_rescue""]",space_rescue,[],,,gpu_memory,0,2,3079260081899124766,20,60,1,20,windows-rtx4060,0,0,grid_2x2,true,84,2605299bece47cbdc665c2e2d57eb6301e6ac71d700776b764e6b903e40d0fdc,89d531ccb56448ddbc56df7c9f440912802204cb,data/raw/step7-t84/formal-v1/formal-v1__profile__space_rescue__gpu_memory__p000__r02,"{""space_rescue"":""games/pyxel/apps-src/space_rescue/space_rescue.py""}","{""space_rescue"":""f3b0ab6784ae558e64f06a3f0a704e53f107a130aa3d43357659d0850131e461""}",a8f9aa4bbe7b6d66ef91c330926de5f7d60e5a1771105029930324a6d4a77043
1,162,formal-v1__profile__pyxel_jump__cpu_compute__p075__r01,formal-v1,profile,not_applicable,pressure_profile,"[""pyxel_jump""]",pyxel_jump,[],,,cpu_compute,0.75,1,9861530536592714182,20,60,1,20,windows-rtx4060,0,0,grid_2x2,true,84,2605299bece47cbdc665c2e2d57eb6301e6ac71d700776b764e6b903e40d0fdc,89d531ccb56448ddbc56df7c9f440912802204cb,data/raw/step7-t84/formal-v1/formal-v1__profile__pyxel_jump__cpu_compute__p075__r01,"{""pyxel_jump"":""games/pyxel/02_jump_game.py""}","{""pyxel_jump"":""4743a825f1c9cae7e049ac52115f4ecf83350db546c00745a54af187d7bc2e46""}",acbccf57849b71f08fd22c290aa1612d376a2bb7c874002e2e38052706861c49
1,163,formal-v1__profile__pyxel_jump__memory_bandwidth__p025__r03,formal-v1,profile,not_applicable,pressure_profile,"[""pyxel_jump""]",pyxel_jump,[],,,memory_bandwidth,0.25,3,11553399620744291521,20,60,1,20,windows-rtx4060,0,0,grid_2x2,true,84,2605299bece47cbdc665c2e2d57eb6301e6ac71d700776b764e6b903e40d0fdc,89d531ccb56448ddbc56df7c9f440912802204cb,data/raw/step7-t84/formal-v1/formal-v1__profile__pyxel_jump__memory_bandwidth__p025__r03,"{""pyxel_jump"":""games/pyxel/02_jump_game.py""}","{""pyxel_jump"":""4743a825f1c9cae7e049ac52115f4ecf83350db546c00745a54af187d7bc2e46""}",c4282ed9d2cf2bb4cf1f60315880b70e7eeb7659250728f0ceef32dc18340e01
1,164,formal-v1__profile__mega_wing__memory_bandwidth__p025__r02,formal-v1,profile,not_applicable,pressure_profile,"[""mega_wing""]",mega_wing,[],,,memory_bandwidth,0.25,2,8650441938824622028,20,60,1,20,windows-rtx4060,0,0,grid_2x2,true,84,2605299bece47cbdc665c2e2d57eb6301e6ac71d700776b764e6b903e40d0fdc,89d531ccb56448ddbc56df7c9f440912802204cb,data/raw/step7-t84/formal-v1/formal-v1__profile__mega_wing__memory_bandwidth__p025__r02,"{""mega_wing"":""games/pyxel/apps-src/mega_wing/mega_wing.py""}","{""mega_wing"":""86bad6c02a303806c58137503739241dc6b1e86695f7c0dbf672b5e1a1464e9f""}",1b098edb5bdc14b43c86ac427e81c83e37e3f377d6dab98b221cde83767ad47e
1,165,formal-v1__profile__pyxel_jump__gpu_memory__p025__r03,formal-v1,profile,not_applicable,pressure_profile,"[""pyxel_jump""]",pyxel_jump,[],,,gpu_memory,0.25,3,6082426227621316649,20,60,1,20,windows-rtx4060,0,0,grid_2x2,true,84,2605299bece47cbdc665c2e2d57eb6301e6ac71d700776b764e6b903e40d0fdc,89d531ccb56448ddbc56df7c9f440912802204cb,data/raw/step7-t84/formal-v1/formal-v1__profile__pyxel_jump__gpu_memory__p025__r03,"{""pyxel_jump"":""games/pyxel/02_jump_game.py""}","{""pyxel_jump"":""4743a825f1c9cae7e049ac52115f4ecf83350db546c00745a54af187d7bc2e46""}",614719b57f541d6195bbf9e865468f5d9d3ea369b1de3a5282e5c2df971205b9
1,166,formal-v1__profile__pyxel_platformer__gpu_compute__p000__r03,formal-v1,profile,not_applicable,pressure_profile,"[""pyxel_platformer""]",pyxel_platformer,[],,,gpu_compute,0,3,8761439065193958811,20,60,1,20,windows-rtx4060,0,0,grid_2x2,true,84,2605299bece47cbdc665c2e2d57eb6301e6ac71d700776b764e6b903e40d0fdc,89d531ccb56448ddbc56df7c9f440912802204cb,data/raw/step7-t84/formal-v1/formal-v1__profile__pyxel_platformer__gpu_compute__p000__r03,"{""pyxel_platformer"":""games/pyxel/10_platformer.py""}","{""pyxel_platformer"":""1b2c75b49dc9ab0254fb4b724682a4787868814a38d2f08920720dc5b6007ac5""}",5293362554a3fbaef58294e9186e8d27bddbd1df8c137d57b5d976c8843d1079
1,167,formal-v1__profile__pyxel_platformer__gpu_memory__p100__r02,formal-v1,profile,not_applicable,pressure_profile,"[""pyxel_platformer""]",pyxel_platformer,[],,,gpu_memory,1,2,1496282205260929984,20,60,1,20,windows-rtx4060,0,0,grid_2x2,true,84,2605299bece47cbdc665c2e2d57eb6301e6ac71d700776b764e6b903e40d0fdc,89d531ccb56448ddbc56df7c9f440912802204cb,data/raw/step7-t84/formal-v1/formal-v1__profile__pyxel_platformer__gpu_memory__p100__r02,"{""pyxel_platformer"":""games/pyxel/10_platformer.py""}","{""pyxel_platformer"":""1b2c75b49dc9ab0254fb4b724682a4787868814a38d2f08920720dc5b6007ac5""}",afca549c522534601ed7d712f76fd4170c92bd8ecad381dfe898d824c0c94417
1,168,formal-v1__profile__daylight__cpu_compute__p000__r02,formal-v1,profile,not_applicable,pressure_profile,"[""daylight""]",daylight,[],,,cpu_compute,0,2,241441947802294358,20,60,1,20,windows-rtx4060,0,0,grid_2x2,true,84,2605299bece47cbdc665c2e2d57eb6301e6ac71d700776b764e6b903e40d0fdc,89d531ccb56448ddbc56df7c9f440912802204cb,data/raw/step7-t84/formal-v1/formal-v1__profile__daylight__cpu_compute__p000__r02,"{""daylight"":""games/pyxel/apps-src/30SecondsOfDaylight/src/main.py""}","{""daylight"":""21a365375249e9d7ea05e78dcfe040f09cc1f0c66bd410bae084190c743a028f""}",65cae1b4d33d808d65286bc212f945fd066c0a4cf45c3798cae25e717e5ceba7
1,169,formal-v1__profile__daylight__gpu_compute__p000__r02,formal-v1,profile,not_applicable,pressure_profile,"[""daylight""]",daylight,[],,,gpu_compute,0,2,16157781594656590833,20,60,1,20,windows-rtx4060,0,0,grid_2x2,true,84,2605299bece47cbdc665c2e2d57eb6301e6ac71d700776b764e6b903e40d0fdc,89d531ccb56448ddbc56df7c9f440912802204cb,data/raw/step7-t84/formal-v1/formal-v1__profile__daylight__gpu_compute__p000__r02,"{""daylight"":""games/pyxel/apps-src/30SecondsOfDaylight/src/main.py""}","{""daylight"":""21a365375249e9d7ea05e78dcfe040f09cc1f0c66bd410bae084190c743a028f""}",ae5a7a3d44e972f541dbc402c4ade2c1ef426b44fe98d1cdfbbb57870f0dd9a9
1,170,formal-v1__profile__daylight__memory_bandwidth__p075__r01,formal-v1,profile,not_applicable,pressure_profile,"[""daylight""]",daylight,[],,,memory_bandwidth,0.75,1,7578833730381098499,20,60,1,20,windows-rtx4060,0,0,grid_2x2,true,84,2605299bece47cbdc665c2e2d57eb6301e6ac71d700776b764e6b903e40d0fdc,89d531ccb56448ddbc56df7c9f440912802204cb,data/raw/step7-t84/formal-v1/formal-v1__profile__daylight__memory_bandwidth__p075__r01,"{""daylight"":""games/pyxel/apps-src/30SecondsOfDaylight/src/main.py""}","{""daylight"":""21a365375249e9d7ea05e78dcfe040f09cc1f0c66bd410bae084190c743a028f""}",3a39ead69d92ba0af2aaba18ed87fb9f73bab3fa3742dcd1d51f03d21ce01bb1
1,171,formal-v1__profile__pyxel_snake__cpu_compute__p025__r01,formal-v1,profile,not_applicable,pressure_profile,"[""pyxel_snake""]",pyxel_snake,[],,,cpu_compute,0.25,1,7063583601675846007,20,60,1,20,windows-rtx4060,0,0,grid_2x2,true,84,2605299bece47cbdc665c2e2d57eb6301e6ac71d700776b764e6b903e40d0fdc,89d531ccb56448ddbc56df7c9f440912802204cb,data/raw/step7-t84/formal-v1/formal-v1__profile__pyxel_snake__cpu_compute__p025__r01,"{""pyxel_snake"":""games/pyxel/07_snake.py""}","{""pyxel_snake"":""bc533fef92d1d358e570f69d979919fe5c1cd8c4da49841104b49a1e661a5ac3""}",5b4e37cc50a37370993c4d4aedb3454fb51f06b498871cbf4aec710f6229e947
1,172,formal-v1__profile__mega_wing__cpu_compute__p000__r02,formal-v1,profile,not_applicable,pressure_profile,"[""mega_wing""]",mega_wing,[],,,cpu_compute,0,2,2745967971310800797,20,60,1,20,windows-rtx4060,0,0,grid_2x2,true,84,2605299bece47cbdc665c2e2d57eb6301e6ac71d700776b764e6b903e40d0fdc,89d531ccb56448ddbc56df7c9f440912802204cb,data/raw/step7-t84/formal-v1/formal-v1__profile__mega_wing__cpu_compute__p000__r02,"{""mega_wing"":""games/pyxel/apps-src/mega_wing/mega_wing.py""}","{""mega_wing"":""86bad6c02a303806c58137503739241dc6b1e86695f7c0dbf672b5e1a1464e9f""}",6bf098c15903292ece30212e4e17bc21a590b6f4b2bc132bf83910dce3860345
1,173,formal-v1__profile__mega_wing__gpu_memory__p050__r01,formal-v1,profile,not_applicable,pressure_profile,"[""mega_wing""]",mega_wing,[],,,gpu_memory,0.5,1,13357739170159462343,20,60,1,20,windows-rtx4060,0,0,grid_2x2,true,84,2605299bece47cbdc665c2e2d57eb6301e6ac71d700776b764e6b903e40d0fdc,89d531ccb56448ddbc56df7c9f440912802204cb,data/raw/step7-t84/formal-v1/formal-v1__profile__mega_wing__gpu_memory__p050__r01,"{""mega_wing"":""games/pyxel/apps-src/mega_wing/mega_wing.py""}","{""mega_wing"":""86bad6c02a303806c58137503739241dc6b1e86695f7c0dbf672b5e1a1464e9f""}",4cfbdde9d132da4e1d8d921a236f53dab4192464f61038e1ef3ad64be153cea4
1,174,formal-v1__profile__pyxel_bubbles__memory_bandwidth__p075__r03,formal-v1,profile,not_applicable,pressure_profile,"[""pyxel_bubbles""]",pyxel_bubbles,[],,,memory_bandwidth,0.75,3,15355475552925496380,20,60,1,20,windows-rtx4060,0,0,grid_2x2,true,84,2605299bece47cbdc665c2e2d57eb6301e6ac71d700776b764e6b903e40d0fdc,89d531ccb56448ddbc56df7c9f440912802204cb,data/raw/step7-t84/formal-v1/formal-v1__profile__pyxel_bubbles__memory_bandwidth__p075__r03,"{""pyxel_bubbles"":""games/pyxel/06_click_game.py""}","{""pyxel_bubbles"":""54c101e90bdaed839ac4c4284494530d5df37a5819a35f1e41eebb0b3da5d900""}",ee683dad743a9e28d83749fd9855a42193e0ba2f91bb3f16032da289f6424674
1,175,formal-v1__profile__pyxel_bubbles__gpu_memory__p075__r03,formal-v1,profile,not_applicable,pressure_profile,"[""pyxel_bubbles""]",pyxel_bubbles,[],,,gpu_memory,0.75,3,5292544184787373513,20,60,1,20,windows-rtx4060,0,0,grid_2x2,true,84,2605299bece47cbdc665c2e2d57eb6301e6ac71d700776b764e6b903e40d0fdc,89d531ccb56448ddbc56df7c9f440912802204cb,data/raw/step7-t84/formal-v1/formal-v1__profile__pyxel_bubbles__gpu_memory__p075__r03,"{""pyxel_bubbles"":""games/pyxel/06_click_game.py""}","{""pyxel_bubbles"":""54c101e90bdaed839ac4c4284494530d5df37a5819a35f1e41eebb0b3da5d900""}",fae3afc3836f45a1819039b6136a572fa3c0543f3b47da96e85c341f59f13270
1,176,formal-v1__profile__pyxel_platformer__gpu_compute__p000__r01,formal-v1,profile,not_applicable,pressure_profile,"[""pyxel_platformer""]",pyxel_platformer,[],,,gpu_compute,0,1,18142963841686873740,20,60,1,20,windows-rtx4060,0,0,grid_2x2,true,84,2605299bece47cbdc665c2e2d57eb6301e6ac71d700776b764e6b903e40d0fdc,89d531ccb56448ddbc56df7c9f440912802204cb,data/raw/step7-t84/formal-v1/formal-v1__profile__pyxel_platformer__gpu_compute__p000__r01,"{""pyxel_platformer"":""games/pyxel/10_platformer.py""}","{""pyxel_platformer"":""1b2c75b49dc9ab0254fb4b724682a4787868814a38d2f08920720dc5b6007ac5""}",98fc17c8ff5ab64e2a55b402a5ea6e6447eead49adf5f09b7dc8e1a78227913c
1,177,formal-v1__profile__pyxel_platformer__memory_bandwidth__p075__r02,formal-v1,profile,not_applicable,pressure_profile,"[""pyxel_platformer""]",pyxel_platformer,[],,,memory_bandwidth,0.75,2,2762682700356843623,20,60,1,20,windows-rtx4060,0,0,grid_2x2,true,84,2605299bece47cbdc665c2e2d57eb6301e6ac71d700776b764e6b903e40d0fdc,89d531ccb56448ddbc56df7c9f440912802204cb,data/raw/step7-t84/formal-v1/formal-v1__profile__pyxel_platformer__memory_bandwidth__p075__r02,"{""pyxel_platformer"":""games/pyxel/10_platformer.py""}","{""pyxel_platformer"":""1b2c75b49dc9ab0254fb4b724682a4787868814a38d2f08920720dc5b6007ac5""}",5e944518e62eb130e5176239701140c6c74a5dff969de86290d7be5a7724316b
1,178,formal-v1__profile__mega_wing__gpu_compute__p050__r03,formal-v1,profile,not_applicable,pressure_profile,"[""mega_wing""]",mega_wing,[],,,gpu_compute,0.5,3,4264682118148023704,20,60,1,20,windows-rtx4060,0,0,grid_2x2,true,84,2605299bece47cbdc665c2e2d57eb6301e6ac71d700776b764e6b903e40d0fdc,89d531ccb56448ddbc56df7c9f440912802204cb,data/raw/step7-t84/formal-v1/formal-v1__profile__mega_wing__gpu_compute__p050__r03,"{""mega_wing"":""games/pyxel/apps-src/mega_wing/mega_wing.py""}","{""mega_wing"":""86bad6c02a303806c58137503739241dc6b1e86695f7c0dbf672b5e1a1464e9f""}",1ca0c2d76d64c65c429a756ad25a41c20ff0868f28c6837b7301b2f0e4ef94b0
1,179,formal-v1__profile__pyxel_jump__gpu_memory__p100__r02,formal-v1,profile,not_applicable,pressure_profile,"[""pyxel_jump""]",pyxel_jump,[],,,gpu_memory,1,2,8656185759468934060,20,60,1,20,windows-rtx4060,0,0,grid_2x2,true,84,2605299bece47cbdc665c2e2d57eb6301e6ac71d700776b764e6b903e40d0fdc,89d531ccb56448ddbc56df7c9f440912802204cb,data/raw/step7-t84/formal-v1/formal-v1__profile__pyxel_jump__gpu_memory__p100__r02,"{""pyxel_jump"":""games/pyxel/02_jump_game.py""}","{""pyxel_jump"":""4743a825f1c9cae7e049ac52115f4ecf83350db546c00745a54af187d7bc2e46""}",6272a9b79576fc43facf78788b1c3794090fdc261d2c92ed786fae20bf1656da
1,180,formal-v1__profile__daylight__memory_bandwidth__p025__r02,formal-v1,profile,not_applicable,pressure_profile,"[""daylight""]",daylight,[],,,memory_bandwidth,0.25,2,10138636501592702857,20,60,1,20,windows-rtx4060,0,0,grid_2x2,true,84,2605299bece47cbdc665c2e2d57eb6301e6ac71d700776b764e6b903e40d0fdc,89d531ccb56448ddbc56df7c9f440912802204cb,data/raw/step7-t84/formal-v1/formal-v1__profile__daylight__memory_bandwidth__p025__r02,"{""daylight"":""games/pyxel/apps-src/30SecondsOfDaylight/src/main.py""}","{""daylight"":""21a365375249e9d7ea05e78dcfe040f09cc1f0c66bd410bae084190c743a028f""}",6114327ab2a3224217f8e2f2356353381ca366df573377072d5952d7b43295cb
1,181,formal-v1__profile__pyxel_platformer__gpu_compute__p000__r02,formal-v1,profile,not_applicable,pressure_profile,"[""pyxel_platformer""]",pyxel_platformer,[],,,gpu_compute,0,2,2767811906051114324,20,60,1,20,windows-rtx4060,0,0,grid_2x2,true,84,2605299bece47cbdc665c2e2d57eb6301e6ac71d700776b764e6b903e40d0fdc,89d531ccb56448ddbc56df7c9f440912802204cb,data/raw/step7-t84/formal-v1/formal-v1__profile__pyxel_platformer__gpu_compute__p000__r02,"{""pyxel_platformer"":""games/pyxel/10_platformer.py""}","{""pyxel_platformer"":""1b2c75b49dc9ab0254fb4b724682a4787868814a38d2f08920720dc5b6007ac5""}",b1b427327fff706e882630001b06864e0d3d0305f7b38eb4f4fb210020c1d96c
1,182,formal-v1__profile__pyxel_platformer__gpu_memory__p025__r01,formal-v1,profile,not_applicable,pressure_profile,"[""pyxel_platformer""]",pyxel_platformer,[],,,gpu_memory,0.25,1,13922687718530802983,20,60,1,20,windows-rtx4060,0,0,grid_2x2,true,84,2605299bece47cbdc665c2e2d57eb6301e6ac71d700776b764e6b903e40d0fdc,89d531ccb56448ddbc56df7c9f440912802204cb,data/raw/step7-t84/formal-v1/formal-v1__profile__pyxel_platformer__gpu_memory__p025__r01,"{""pyxel_platformer"":""games/pyxel/10_platformer.py""}","{""pyxel_platformer"":""1b2c75b49dc9ab0254fb4b724682a4787868814a38d2f08920720dc5b6007ac5""}",003c48b829552c12fea090bec9a09ba3a4854c889813c4d30481933dc7c22dac
1,183,formal-v1__profile__pyxel_jump__gpu_compute__p075__r03,formal-v1,profile,not_applicable,pressure_profile,"[""pyxel_jump""]",pyxel_jump,[],,,gpu_compute,0.75,3,11683214720077006486,20,60,1,20,windows-rtx4060,0,0,grid_2x2,true,84,2605299bece47cbdc665c2e2d57eb6301e6ac71d700776b764e6b903e40d0fdc,89d531ccb56448ddbc56df7c9f440912802204cb,data/raw/step7-t84/formal-v1/formal-v1__profile__pyxel_jump__gpu_compute__p075__r03,"{""pyxel_jump"":""games/pyxel/02_jump_game.py""}","{""pyxel_jump"":""4743a825f1c9cae7e049ac52115f4ecf83350db546c00745a54af187d7bc2e46""}",96c0227a2f05bf8a4bd787c3d1b8bd29f965fd9a6e22994e9a38903873e6366f
1,184,formal-v1__profile__pyxel_bubbles__memory_bandwidth__p050__r03,formal-v1,profile,not_applicable,pressure_profile,"[""pyxel_bubbles""]",pyxel_bubbles,[],,,memory_bandwidth,0.5,3,16891115033186532152,20,60,1,20,windows-rtx4060,0,0,grid_2x2,true,84,2605299bece47cbdc665c2e2d57eb6301e6ac71d700776b764e6b903e40d0fdc,89d531ccb56448ddbc56df7c9f440912802204cb,data/raw/step7-t84/formal-v1/formal-v1__profile__pyxel_bubbles__memory_bandwidth__p050__r03,"{""pyxel_bubbles"":""games/pyxel/06_click_game.py""}","{""pyxel_bubbles"":""54c101e90bdaed839ac4c4284494530d5df37a5819a35f1e41eebb0b3da5d900""}",f4d085203851fa35b9562b6bc3dbc97a1f0b4d1bd33c7d1de50fdb92bd223356
1,185,formal-v1__profile__pyxel_bubbles__gpu_compute__p025__r01,formal-v1,profile,not_applicable,pressure_profile,"[""pyxel_bubbles""]",pyxel_bubbles,[],,,gpu_compute,0.25,1,149416636897416742,20,60,1,20,windows-rtx4060,0,0,grid_2x2,true,84,2605299bece47cbdc665c2e2d57eb6301e6ac71d700776b764e6b903e40d0fdc,89d531ccb56448ddbc56df7c9f440912802204cb,data/raw/step7-t84/formal-v1/formal-v1__profile__pyxel_bubbles__gpu_compute__p025__r01,"{""pyxel_bubbles"":""games/pyxel/06_click_game.py""}","{""pyxel_bubbles"":""54c101e90bdaed839ac4c4284494530d5df37a5819a35f1e41eebb0b3da5d900""}",d5bc34a273c428299959a8f8f7c58b6934ca40628ec327e3356b59a4be614fb5
1,186,formal-v1__profile__pyxel_shooter__memory_bandwidth__p100__r01,formal-v1,profile,not_applicable,pressure_profile,"[""pyxel_shooter""]",pyxel_shooter,[],,,memory_bandwidth,1,1,16760051971975883249,20,60,1,20,windows-rtx4060,0,0,grid_2x2,true,84,2605299bece47cbdc665c2e2d57eb6301e6ac71d700776b764e6b903e40d0fdc,89d531ccb56448ddbc56df7c9f440912802204cb,data/raw/step7-t84/formal-v1/formal-v1__profile__pyxel_shooter__memory_bandwidth__p100__r01,"{""pyxel_shooter"":""games/pyxel/09_shooter.py""}","{""pyxel_shooter"":""0f53e4156907eac41080a8f289e22c89365b3239517c754cf59a51af201d5563""}",e992090c55ef43cab043d7c061bb476fbf7c4353494f6f793f60078266a8aa6e
1,187,formal-v1__profile__mega_wing__gpu_memory__p075__r03,formal-v1,profile,not_applicable,pressure_profile,"[""mega_wing""]",mega_wing,[],,,gpu_memory,0.75,3,11606045646025760197,20,60,1,20,windows-rtx4060,0,0,grid_2x2,true,84,2605299bece47cbdc665c2e2d57eb6301e6ac71d700776b764e6b903e40d0fdc,89d531ccb56448ddbc56df7c9f440912802204cb,data/raw/step7-t84/formal-v1/formal-v1__profile__mega_wing__gpu_memory__p075__r03,"{""mega_wing"":""games/pyxel/apps-src/mega_wing/mega_wing.py""}","{""mega_wing"":""86bad6c02a303806c58137503739241dc6b1e86695f7c0dbf672b5e1a1464e9f""}",f602c4b96a2c7745e4b09e77580ac00c0e74b70f2284df084be62edc2c508090
1,188,formal-v1__profile__space_rescue__cpu_compute__p075__r03,formal-v1,profile,not_applicable,pressure_profile,"[""space_rescue""]",space_rescue,[],,,cpu_compute,0.75,3,13737745328799238857,20,60,1,20,windows-rtx4060,0,0,grid_2x2,true,84,2605299bece47cbdc665c2e2d57eb6301e6ac71d700776b764e6b903e40d0fdc,89d531ccb56448ddbc56df7c9f440912802204cb,data/raw/step7-t84/formal-v1/formal-v1__profile__space_rescue__cpu_compute__p075__r03,"{""space_rescue"":""games/pyxel/apps-src/space_rescue/space_rescue.py""}","{""space_rescue"":""f3b0ab6784ae558e64f06a3f0a704e53f107a130aa3d43357659d0850131e461""}",7e7435c47eea3aa0c5f4200207d0cd1f2d511434e18e0d29e50bb9b81758cbfd
1,189,formal-v1__profile__pyxel_snake__cpu_compute__p000__r02,formal-v1,profile,not_applicable,pressure_profile,"[""pyxel_snake""]",pyxel_snake,[],,,cpu_compute,0,2,4020291816614470863,20,60,1,20,windows-rtx4060,0,0,grid_2x2,true,84,2605299bece47cbdc665c2e2d57eb6301e6ac71d700776b764e6b903e40d0fdc,89d531ccb56448ddbc56df7c9f440912802204cb,data/raw/step7-t84/formal-v1/formal-v1__profile__pyxel_snake__cpu_compute__p000__r02,"{""pyxel_snake"":""games/pyxel/07_snake.py""}","{""pyxel_snake"":""bc533fef92d1d358e570f69d979919fe5c1cd8c4da49841104b49a1e661a5ac3""}",ea91521f9b1355c19b3a640084db479a68915cd659739f7ed38d5e927ee4c791
1,190,formal-v1__profile__space_rescue__gpu_compute__p100__r03,formal-v1,profile,not_applicable,pressure_profile,"[""space_rescue""]",space_rescue,[],,,gpu_compute,1,3,5457333279299760245,20,60,1,20,windows-rtx4060,0,0,grid_2x2,true,84,2605299bece47cbdc665c2e2d57eb6301e6ac71d700776b764e6b903e40d0fdc,89d531ccb56448ddbc56df7c9f440912802204cb,data/raw/step7-t84/formal-v1/formal-v1__profile__space_rescue__gpu_compute__p100__r03,"{""space_rescue"":""games/pyxel/apps-src/space_rescue/space_rescue.py""}","{""space_rescue"":""f3b0ab6784ae558e64f06a3f0a704e53f107a130aa3d43357659d0850131e461""}",214a0cfe55bebe95af4987072bf687c1d86fe4f820bc6dc966fa74cc8afddcc1
1,191,formal-v1__profile__daylight__gpu_memory__p050__r01,formal-v1,profile,not_applicable,pressure_profile,"[""daylight""]",daylight,[],,,gpu_memory,0.5,1,18161622273504515446,20,60,1,20,windows-rtx4060,0,0,grid_2x2,true,84,2605299bece47cbdc665c2e2d57eb6301e6ac71d700776b764e6b903e40d0fdc,89d531ccb56448ddbc56df7c9f440912802204cb,data/raw/step7-t84/formal-v1/formal-v1__profile__daylight__gpu_memory__p050__r01,"{""daylight"":""games/pyxel/apps-src/30SecondsOfDaylight/src/main.py""}","{""daylight"":""21a365375249e9d7ea05e78dcfe040f09cc1f0c66bd410bae084190c743a028f""}",d9550ba2d1a9ae2b5327ae2050670cddf45a20162b19a5bbc1847d2e51a8c251
1,192,formal-v1__profile__pyxel_platformer__memory_bandwidth__p100__r02,formal-v1,profile,not_applicable,pressure_profile,"[""pyxel_platformer""]",pyxel_platformer,[],,,memory_bandwidth,1,2,5442683325064413520,20,60,1,20,windows-rtx4060,0,0,grid_2x2,true,84,2605299bece47cbdc665c2e2d57eb6301e6ac71d700776b764e6b903e40d0fdc,89d531ccb56448ddbc56df7c9f440912802204cb,data/raw/step7-t84/formal-v1/formal-v1__profile__pyxel_platformer__memory_bandwidth__p100__r02,"{""pyxel_platformer"":""games/pyxel/10_platformer.py""}","{""pyxel_platformer"":""1b2c75b49dc9ab0254fb4b724682a4787868814a38d2f08920720dc5b6007ac5""}",a3936ace5b68bc79eec97ba15ce719e8de8d6429e5cc66f55912f8f79ab438b7
1,193,formal-v1__profile__pyxel_platformer__gpu_compute__p050__r02,formal-v1,profile,not_applicable,pressure_profile,"[""pyxel_platformer""]",pyxel_platformer,[],,,gpu_compute,0.5,2,6515300256652268807,20,60,1,20,windows-rtx4060,0,0,grid_2x2,true,84,2605299bece47cbdc665c2e2d57eb6301e6ac71d700776b764e6b903e40d0fdc,89d531ccb56448ddbc56df7c9f440912802204cb,data/raw/step7-t84/formal-v1/formal-v1__profile__pyxel_platformer__gpu_compute__p050__r02,"{""pyxel_platformer"":""games/pyxel/10_platformer.py""}","{""pyxel_platformer"":""1b2c75b49dc9ab0254fb4b724682a4787868814a38d2f08920720dc5b6007ac5""}",971d8affddc58242301523292663a1b9ce7c11f09b3b4f635aacf177a1a87964
1,194,formal-v1__profile__pyxel_platformer__gpu_memory__p100__r03,formal-v1,profile,not_applicable,pressure_profile,"[""pyxel_platformer""]",pyxel_platformer,[],,,gpu_memory,1,3,7696464540062108993,20,60,1,20,windows-rtx4060,0,0,grid_2x2,true,84,2605299bece47cbdc665c2e2d57eb6301e6ac71d700776b764e6b903e40d0fdc,89d531ccb56448ddbc56df7c9f440912802204cb,data/raw/step7-t84/formal-v1/formal-v1__profile__pyxel_platformer__gpu_memory__p100__r03,"{""pyxel_platformer"":""games/pyxel/10_platformer.py""}","{""pyxel_platformer"":""1b2c75b49dc9ab0254fb4b724682a4787868814a38d2f08920720dc5b6007ac5""}",ae680afbf936a492d69c14918f8878ab9bfc506166a958163afc1fc14720e0d9
1,195,formal-v1__profile__pyxel_platformer__cpu_compute__p075__r02,formal-v1,profile,not_applicable,pressure_profile,"[""pyxel_platformer""]",pyxel_platformer,[],,,cpu_compute,0.75,2,5330417071459503314,20,60,1,20,windows-rtx4060,0,0,grid_2x2,true,84,2605299bece47cbdc665c2e2d57eb6301e6ac71d700776b764e6b903e40d0fdc,89d531ccb56448ddbc56df7c9f440912802204cb,data/raw/step7-t84/formal-v1/formal-v1__profile__pyxel_platformer__cpu_compute__p075__r02,"{""pyxel_platformer"":""games/pyxel/10_platformer.py""}","{""pyxel_platformer"":""1b2c75b49dc9ab0254fb4b724682a4787868814a38d2f08920720dc5b6007ac5""}",cc872983505c85832e415384fdf18bdf3cf9440e819021f07379527f98407fcb
1,196,formal-v1__profile__pyxel_snake__gpu_compute__p100__r01,formal-v1,profile,not_applicable,pressure_profile,"[""pyxel_snake""]",pyxel_snake,[],,,gpu_compute,1,1,3308820749369498055,20,60,1,20,windows-rtx4060,0,0,grid_2x2,true,84,2605299bece47cbdc665c2e2d57eb6301e6ac71d700776b764e6b903e40d0fdc,89d531ccb56448ddbc56df7c9f440912802204cb,data/raw/step7-t84/formal-v1/formal-v1__profile__pyxel_snake__gpu_compute__p100__r01,"{""pyxel_snake"":""games/pyxel/07_snake.py""}","{""pyxel_snake"":""bc533fef92d1d358e570f69d979919fe5c1cd8c4da49841104b49a1e661a5ac3""}",e28a90a17c52cfec68fa31c5d1ccfe341458aac8a9b3ed58b8ff2b85e0472f61
1,197,formal-v1__profile__mega_wing__cpu_compute__p050__r01,formal-v1,profile,not_applicable,pressure_profile,"[""mega_wing""]",mega_wing,[],,,cpu_compute,0.5,1,7852355261493721883,20,60,1,20,windows-rtx4060,0,0,grid_2x2,true,84,2605299bece47cbdc665c2e2d57eb6301e6ac71d700776b764e6b903e40d0fdc,89d531ccb56448ddbc56df7c9f440912802204cb,data/raw/step7-t84/formal-v1/formal-v1__profile__mega_wing__cpu_compute__p050__r01,"{""mega_wing"":""games/pyxel/apps-src/mega_wing/mega_wing.py""}","{""mega_wing"":""86bad6c02a303806c58137503739241dc6b1e86695f7c0dbf672b5e1a1464e9f""}",1f1971a00123f81ca1adcd51d578807cc537a579167e41748331fbbb729fa416
1,198,formal-v1__profile__pyxel_snake__gpu_memory__p050__r03,formal-v1,profile,not_applicable,pressure_profile,"[""pyxel_snake""]",pyxel_snake,[],,,gpu_memory,0.5,3,12136616595404214044,20,60,1,20,windows-rtx4060,0,0,grid_2x2,true,84,2605299bece47cbdc665c2e2d57eb6301e6ac71d700776b764e6b903e40d0fdc,89d531ccb56448ddbc56df7c9f440912802204cb,data/raw/step7-t84/formal-v1/formal-v1__profile__pyxel_snake__gpu_memory__p050__r03,"{""pyxel_snake"":""games/pyxel/07_snake.py""}","{""pyxel_snake"":""bc533fef92d1d358e570f69d979919fe5c1cd8c4da49841104b49a1e661a5ac3""}",552ae9c36fca9355c05744a7e2ecd6e5020da9b097ef9bdcde94253ae7c964a2
1,199,formal-v1__profile__pyxel_shooter__cpu_compute__p025__r02,formal-v1,profile,not_applicable,pressure_profile,"[""pyxel_shooter""]",pyxel_shooter,[],,,cpu_compute,0.25,2,15510535081028451907,20,60,1,20,windows-rtx4060,0,0,grid_2x2,true,84,2605299bece47cbdc665c2e2d57eb6301e6ac71d700776b764e6b903e40d0fdc,89d531ccb56448ddbc56df7c9f440912802204cb,data/raw/step7-t84/formal-v1/formal-v1__profile__pyxel_shooter__cpu_compute__p025__r02,"{""pyxel_shooter"":""games/pyxel/09_shooter.py""}","{""pyxel_shooter"":""0f53e4156907eac41080a8f289e22c89365b3239517c754cf59a51af201d5563""}",08e3c7271c43461d43bd234b45f93ab136ad0f34e6b84b455517136b11d10f40
1,200,formal-v1__profile__pyxel_snake__gpu_compute__p075__r01,formal-v1,profile,not_applicable,pressure_profile,"[""pyxel_snake""]",pyxel_snake,[],,,gpu_compute,0.75,1,6765152900215732613,20,60,1,20,windows-rtx4060,0,0,grid_2x2,true,84,2605299bece47cbdc665c2e2d57eb6301e6ac71d700776b764e6b903e40d0fdc,89d531ccb56448ddbc56df7c9f440912802204cb,data/raw/step7-t84/formal-v1/formal-v1__profile__pyxel_snake__gpu_compute__p075__r01,"{""pyxel_snake"":""games/pyxel/07_snake.py""}","{""pyxel_snake"":""bc533fef92d1d358e570f69d979919fe5c1cd8c4da49841104b49a1e661a5ac3""}",8883ee80dbbe553f77cb1e1c6b413fec4b330c705bbd164930b2d6a6e0da0e85
1,201,formal-v1__profile__pyxel_bubbles__gpu_memory__p050__r01,formal-v1,profile,not_applicable,pressure_profile,"[""pyxel_bubbles""]",pyxel_bubbles,[],,,gpu_memory,0.5,1,8149412449238893867,20,60,1,20,windows-rtx4060,0,0,grid_2x2,true,84,2605299bece47cbdc665c2e2d57eb6301e6ac71d700776b764e6b903e40d0fdc,89d531ccb56448ddbc56df7c9f440912802204cb,data/raw/step7-t84/formal-v1/formal-v1__profile__pyxel_bubbles__gpu_memory__p050__r01,"{""pyxel_bubbles"":""games/pyxel/06_click_game.py""}","{""pyxel_bubbles"":""54c101e90bdaed839ac4c4284494530d5df37a5819a35f1e41eebb0b3da5d900""}",007cfc118f860c2597a50d68766fb40290b7d974766b2f58da6ca82c273f4de2
1,202,formal-v1__profile__space_rescue__gpu_compute__p050__r01,formal-v1,profile,not_applicable,pressure_profile,"[""space_rescue""]",space_rescue,[],,,gpu_compute,0.5,1,5411410955068556850,20,60,1,20,windows-rtx4060,0,0,grid_2x2,true,84,2605299bece47cbdc665c2e2d57eb6301e6ac71d700776b764e6b903e40d0fdc,89d531ccb56448ddbc56df7c9f440912802204cb,data/raw/step7-t84/formal-v1/formal-v1__profile__space_rescue__gpu_compute__p050__r01,"{""space_rescue"":""games/pyxel/apps-src/space_rescue/space_rescue.py""}","{""space_rescue"":""f3b0ab6784ae558e64f06a3f0a704e53f107a130aa3d43357659d0850131e461""}",4b583b06ab2864ca7f1aaea9ec8e21e30cb3e49aaf728af22ab5ed2127a386fb
1,203,formal-v1__profile__pyxel_bubbles__gpu_compute__p100__r02,formal-v1,profile,not_applicable,pressure_profile,"[""pyxel_bubbles""]",pyxel_bubbles,[],,,gpu_compute,1,2,342507276424832333,20,60,1,20,windows-rtx4060,0,0,grid_2x2,true,84,2605299bece47cbdc665c2e2d57eb6301e6ac71d700776b764e6b903e40d0fdc,89d531ccb56448ddbc56df7c9f440912802204cb,data/raw/step7-t84/formal-v1/formal-v1__profile__pyxel_bubbles__gpu_compute__p100__r02,"{""pyxel_bubbles"":""games/pyxel/06_click_game.py""}","{""pyxel_bubbles"":""54c101e90bdaed839ac4c4284494530d5df37a5819a35f1e41eebb0b3da5d900""}",907e21734f98c04213900291deb52b477945aca4e11af1caa4a938736c5da778
1,204,formal-v1__profile__pyxel_snake__gpu_compute__p025__r03,formal-v1,profile,not_applicable,pressure_profile,"[""pyxel_snake""]",pyxel_snake,[],,,gpu_compute,0.25,3,14967872788921694157,20,60,1,20,windows-rtx4060,0,0,grid_2x2,true,84,2605299bece47cbdc665c2e2d57eb6301e6ac71d700776b764e6b903e40d0fdc,89d531ccb56448ddbc56df7c9f440912802204cb,data/raw/step7-t84/formal-v1/formal-v1__profile__pyxel_snake__gpu_compute__p025__r03,"{""pyxel_snake"":""games/pyxel/07_snake.py""}","{""pyxel_snake"":""bc533fef92d1d358e570f69d979919fe5c1cd8c4da49841104b49a1e661a5ac3""}",2d77caa36d9df074ca1784119ed051e76c169b3baac66980c48d81679f0913ee
1,205,formal-v1__profile__pyxel_jump__gpu_compute__p050__r02,formal-v1,profile,not_applicable,pressure_profile,"[""pyxel_jump""]",pyxel_jump,[],,,gpu_compute,0.5,2,10359116280675138896,20,60,1,20,windows-rtx4060,0,0,grid_2x2,true,84,2605299bece47cbdc665c2e2d57eb6301e6ac71d700776b764e6b903e40d0fdc,89d531ccb56448ddbc56df7c9f440912802204cb,data/raw/step7-t84/formal-v1/formal-v1__profile__pyxel_jump__gpu_compute__p050__r02,"{""pyxel_jump"":""games/pyxel/02_jump_game.py""}","{""pyxel_jump"":""4743a825f1c9cae7e049ac52115f4ecf83350db546c00745a54af187d7bc2e46""}",f0b7b5173aa1a7c992d73b27a8aaa9d77ef2e58a47c0e1565c82482e36f494ab
1,206,formal-v1__profile__daylight__gpu_compute__p025__r01,formal-v1,profile,not_applicable,pressure_profile,"[""daylight""]",daylight,[],,,gpu_compute,0.25,1,7727057560543586817,20,60,1,20,windows-rtx4060,0,0,grid_2x2,true,84,2605299bece47cbdc665c2e2d57eb6301e6ac71d700776b764e6b903e40d0fdc,89d531ccb56448ddbc56df7c9f440912802204cb,data/raw/step7-t84/formal-v1/formal-v1__profile__daylight__gpu_compute__p025__r01,"{""daylight"":""games/pyxel/apps-src/30SecondsOfDaylight/src/main.py""}","{""daylight"":""21a365375249e9d7ea05e78dcfe040f09cc1f0c66bd410bae084190c743a028f""}",a52e0d09aeda69d11ce5bc9620cc618f0962555d18650eaf88f7fe42afb80306
1,207,formal-v1__profile__pyxel_bubbles__gpu_memory__p050__r03,formal-v1,profile,not_applicable,pressure_profile,"[""pyxel_bubbles""]",pyxel_bubbles,[],,,gpu_memory,0.5,3,18351449568058031569,20,60,1,20,windows-rtx4060,0,0,grid_2x2,true,84,2605299bece47cbdc665c2e2d57eb6301e6ac71d700776b764e6b903e40d0fdc,89d531ccb56448ddbc56df7c9f440912802204cb,data/raw/step7-t84/formal-v1/formal-v1__profile__pyxel_bubbles__gpu_memory__p050__r03,"{""pyxel_bubbles"":""games/pyxel/06_click_game.py""}","{""pyxel_bubbles"":""54c101e90bdaed839ac4c4284494530d5df37a5819a35f1e41eebb0b3da5d900""}",ba2c1acfeb021d35f18f3776a9eac37594f7ab2eabf4ce9d6d34523c3e3c9928
1,208,formal-v1__profile__mega_wing__cpu_compute__p000__r03,formal-v1,profile,not_applicable,pressure_profile,"[""mega_wing""]",mega_wing,[],,,cpu_compute,0,3,10489553234839483832,20,60,1,20,windows-rtx4060,0,0,grid_2x2,true,84,2605299bece47cbdc665c2e2d57eb6301e6ac71d700776b764e6b903e40d0fdc,89d531ccb56448ddbc56df7c9f440912802204cb,data/raw/step7-t84/formal-v1/formal-v1__profile__mega_wing__cpu_compute__p000__r03,"{""mega_wing"":""games/pyxel/apps-src/mega_wing/mega_wing.py""}","{""mega_wing"":""86bad6c02a303806c58137503739241dc6b1e86695f7c0dbf672b5e1a1464e9f""}",be83dfda901f08e180e832c29de751ad7ff5b3aa7e1df1ab4dded47c4e5d9043
1,209,formal-v1__profile__mega_wing__cpu_compute__p025__r01,formal-v1,profile,not_applicable,pressure_profile,"[""mega_wing""]",mega_wing,[],,,cpu_compute,0.25,1,5506231698832259776,20,60,1,20,windows-rtx4060,0,0,grid_2x2,true,84,2605299bece47cbdc665c2e2d57eb6301e6ac71d700776b764e6b903e40d0fdc,89d531ccb56448ddbc56df7c9f440912802204cb,data/raw/step7-t84/formal-v1/formal-v1__profile__mega_wing__cpu_compute__p025__r01,"{""mega_wing"":""games/pyxel/apps-src/mega_wing/mega_wing.py""}","{""mega_wing"":""86bad6c02a303806c58137503739241dc6b1e86695f7c0dbf672b5e1a1464e9f""}",4421699682ab1a64c04ccc35c4a7a54e31723205982073c13d419d210d23b780
1,210,formal-v1__profile__daylight__cpu_compute__p025__r03,formal-v1,profile,not_applicable,pressure_profile,"[""daylight""]",daylight,[],,,cpu_compute,0.25,3,792335164395500404,20,60,1,20,windows-rtx4060,0,0,grid_2x2,true,84,2605299bece47cbdc665c2e2d57eb6301e6ac71d700776b764e6b903e40d0fdc,89d531ccb56448ddbc56df7c9f440912802204cb,data/raw/step7-t84/formal-v1/formal-v1__profile__daylight__cpu_compute__p025__r03,"{""daylight"":""games/pyxel/apps-src/30SecondsOfDaylight/src/main.py""}","{""daylight"":""21a365375249e9d7ea05e78dcfe040f09cc1f0c66bd410bae084190c743a028f""}",175db4222cb28d897d90ee8f4b532de4962dd85572db48b960f30b51de963a78
1,211,formal-v1__profile__mega_wing__memory_bandwidth__p050__r02,formal-v1,profile,not_applicable,pressure_profile,"[""mega_wing""]",mega_wing,[],,,memory_bandwidth,0.5,2,5735824969658018071,20,60,1,20,windows-rtx4060,0,0,grid_2x2,true,84,2605299bece47cbdc665c2e2d57eb6301e6ac71d700776b764e6b903e40d0fdc,89d531ccb56448ddbc56df7c9f440912802204cb,data/raw/step7-t84/formal-v1/formal-v1__profile__mega_wing__memory_bandwidth__p050__r02,"{""mega_wing"":""games/pyxel/apps-src/mega_wing/mega_wing.py""}","{""mega_wing"":""86bad6c02a303806c58137503739241dc6b1e86695f7c0dbf672b5e1a1464e9f""}",f38c0e8479092977b77f95fccd725355832daa26977a41f8d1c623957bb1e8c8
1,212,formal-v1__profile__daylight__cpu_compute__p100__r01,formal-v1,profile,not_applicable,pressure_profile,"[""daylight""]",daylight,[],,,cpu_compute,1,1,5373647913223301694,20,60,1,20,windows-rtx4060,0,0,grid_2x2,true,84,2605299bece47cbdc665c2e2d57eb6301e6ac71d700776b764e6b903e40d0fdc,89d531ccb56448ddbc56df7c9f440912802204cb,data/raw/step7-t84/formal-v1/formal-v1__profile__daylight__cpu_compute__p100__r01,"{""daylight"":""games/pyxel/apps-src/30SecondsOfDaylight/src/main.py""}","{""daylight"":""21a365375249e9d7ea05e78dcfe040f09cc1f0c66bd410bae084190c743a028f""}",a81e553d5c52a0b87f98b513f0ff4c4d19f3d282d3ac59f48af5aa4aa7359f80
1,213,formal-v1__profile__pyxel_platformer__memory_bandwidth__p075__r01,formal-v1,profile,not_applicable,pressure_profile,"[""pyxel_platformer""]",pyxel_platformer,[],,,memory_bandwidth,0.75,1,14876735758325858983,20,60,1,20,windows-rtx4060,0,0,grid_2x2,true,84,2605299bece47cbdc665c2e2d57eb6301e6ac71d700776b764e6b903e40d0fdc,89d531ccb56448ddbc56df7c9f440912802204cb,data/raw/step7-t84/formal-v1/formal-v1__profile__pyxel_platformer__memory_bandwidth__p075__r01,"{""pyxel_platformer"":""games/pyxel/10_platformer.py""}","{""pyxel_platformer"":""1b2c75b49dc9ab0254fb4b724682a4787868814a38d2f08920720dc5b6007ac5""}",2ef2105d98f86e6f236ce4824196c54fd832da663e74541f2d269d7d1485e155
1,214,formal-v1__profile__pyxel_bubbles__gpu_compute__p000__r01,formal-v1,profile,not_applicable,pressure_profile,"[""pyxel_bubbles""]",pyxel_bubbles,[],,,gpu_compute,0,1,2337096506740699799,20,60,1,20,windows-rtx4060,0,0,grid_2x2,true,84,2605299bece47cbdc665c2e2d57eb6301e6ac71d700776b764e6b903e40d0fdc,89d531ccb56448ddbc56df7c9f440912802204cb,data/raw/step7-t84/formal-v1/formal-v1__profile__pyxel_bubbles__gpu_compute__p000__r01,"{""pyxel_bubbles"":""games/pyxel/06_click_game.py""}","{""pyxel_bubbles"":""54c101e90bdaed839ac4c4284494530d5df37a5819a35f1e41eebb0b3da5d900""}",75608b40f1a20f38dd57e631e8f5311e1148b0d7f56bc6a0f20b1ccd97707fd6
1,215,formal-v1__profile__space_rescue__cpu_compute__p000__r02,formal-v1,profile,not_applicable,pressure_profile,"[""space_rescue""]",space_rescue,[],,,cpu_compute,0,2,8334408791872488841,20,60,1,20,windows-rtx4060,0,0,grid_2x2,true,84,2605299bece47cbdc665c2e2d57eb6301e6ac71d700776b764e6b903e40d0fdc,89d531ccb56448ddbc56df7c9f440912802204cb,data/raw/step7-t84/formal-v1/formal-v1__profile__space_rescue__cpu_compute__p000__r02,"{""space_rescue"":""games/pyxel/apps-src/space_rescue/space_rescue.py""}","{""space_rescue"":""f3b0ab6784ae558e64f06a3f0a704e53f107a130aa3d43357659d0850131e461""}",20c0ddedc0edcdba30b71650dd3738279ca4db73fa93657a9c6a965ed65e4c7b
1,216,formal-v1__profile__pyxel_platformer__gpu_compute__p100__r03,formal-v1,profile,not_applicable,pressure_profile,"[""pyxel_platformer""]",pyxel_platformer,[],,,gpu_compute,1,3,12894936110315758230,20,60,1,20,windows-rtx4060,0,0,grid_2x2,true,84,2605299bece47cbdc665c2e2d57eb6301e6ac71d700776b764e6b903e40d0fdc,89d531ccb56448ddbc56df7c9f440912802204cb,data/raw/step7-t84/formal-v1/formal-v1__profile__pyxel_platformer__gpu_compute__p100__r03,"{""pyxel_platformer"":""games/pyxel/10_platformer.py""}","{""pyxel_platformer"":""1b2c75b49dc9ab0254fb4b724682a4787868814a38d2f08920720dc5b6007ac5""}",952342f53ba955d814663917c88a994f9e0cb29c5b74f6664a8df01f0ffd9c98
1,217,formal-v1__profile__space_rescue__memory_bandwidth__p025__r01,formal-v1,profile,not_applicable,pressure_profile,"[""space_rescue""]",space_rescue,[],,,memory_bandwidth,0.25,1,9674058341181178622,20,60,1,20,windows-rtx4060,0,0,grid_2x2,true,84,2605299bece47cbdc665c2e2d57eb6301e6ac71d700776b764e6b903e40d0fdc,89d531ccb56448ddbc56df7c9f440912802204cb,data/raw/step7-t84/formal-v1/formal-v1__profile__space_rescue__memory_bandwidth__p025__r01,"{""space_rescue"":""games/pyxel/apps-src/space_rescue/space_rescue.py""}","{""space_rescue"":""f3b0ab6784ae558e64f06a3f0a704e53f107a130aa3d43357659d0850131e461""}",f2ec3491e44d8c2ab975a2101a1b0078ccc52780afb5ac53f5724cb99d6c6606
1,218,formal-v1__profile__daylight__gpu_compute__p100__r02,formal-v1,profile,not_applicable,pressure_profile,"[""daylight""]",daylight,[],,,gpu_compute,1,2,7587943592733096802,20,60,1,20,windows-rtx4060,0,0,grid_2x2,true,84,2605299bece47cbdc665c2e2d57eb6301e6ac71d700776b764e6b903e40d0fdc,89d531ccb56448ddbc56df7c9f440912802204cb,data/raw/step7-t84/formal-v1/formal-v1__profile__daylight__gpu_compute__p100__r02,"{""daylight"":""games/pyxel/apps-src/30SecondsOfDaylight/src/main.py""}","{""daylight"":""21a365375249e9d7ea05e78dcfe040f09cc1f0c66bd410bae084190c743a028f""}",5d241ab01b9f3c2eb92dc471976cbeb78712ad477d5179e7dcfb7be68053bf6c
1,219,formal-v1__profile__pyxel_platformer__cpu_compute__p100__r03,formal-v1,profile,not_applicable,pressure_profile,"[""pyxel_platformer""]",pyxel_platformer,[],,,cpu_compute,1,3,17962157478425356128,20,60,1,20,windows-rtx4060,0,0,grid_2x2,true,84,2605299bece47cbdc665c2e2d57eb6301e6ac71d700776b764e6b903e40d0fdc,89d531ccb56448ddbc56df7c9f440912802204cb,data/raw/step7-t84/formal-v1/formal-v1__profile__pyxel_platformer__cpu_compute__p100__r03,"{""pyxel_platformer"":""games/pyxel/10_platformer.py""}","{""pyxel_platformer"":""1b2c75b49dc9ab0254fb4b724682a4787868814a38d2f08920720dc5b6007ac5""}",4997dc63c2424a9b7f9514c8480df64fc527c7fd72cc663d42adb0c8181bb6c7
1,220,formal-v1__profile__pyxel_snake__gpu_memory__p050__r01,formal-v1,profile,not_applicable,pressure_profile,"[""pyxel_snake""]",pyxel_snake,[],,,gpu_memory,0.5,1,7472862090844957153,20,60,1,20,windows-rtx4060,0,0,grid_2x2,true,84,2605299bece47cbdc665c2e2d57eb6301e6ac71d700776b764e6b903e40d0fdc,89d531ccb56448ddbc56df7c9f440912802204cb,data/raw/step7-t84/formal-v1/formal-v1__profile__pyxel_snake__gpu_memory__p050__r01,"{""pyxel_snake"":""games/pyxel/07_snake.py""}","{""pyxel_snake"":""bc533fef92d1d358e570f69d979919fe5c1cd8c4da49841104b49a1e661a5ac3""}",d52175bb252a490dd1fae682d222532942b08fe74b8ef4651a1b03d9dad4e3ca
1,221,formal-v1__profile__mega_wing__gpu_memory__p100__r01,formal-v1,profile,not_applicable,pressure_profile,"[""mega_wing""]",mega_wing,[],,,gpu_memory,1,1,387244886282678473,20,60,1,20,windows-rtx4060,0,0,grid_2x2,true,84,2605299bece47cbdc665c2e2d57eb6301e6ac71d700776b764e6b903e40d0fdc,89d531ccb56448ddbc56df7c9f440912802204cb,data/raw/step7-t84/formal-v1/formal-v1__profile__mega_wing__gpu_memory__p100__r01,"{""mega_wing"":""games/pyxel/apps-src/mega_wing/mega_wing.py""}","{""mega_wing"":""86bad6c02a303806c58137503739241dc6b1e86695f7c0dbf672b5e1a1464e9f""}",b7777951bff77f98ddb526100b0408fc02788cb47621d6a1b271ad32c0557416
1,222,formal-v1__profile__pyxel_platformer__cpu_compute__p025__r02,formal-v1,profile,not_applicable,pressure_profile,"[""pyxel_platformer""]",pyxel_platformer,[],,,cpu_compute,0.25,2,3526225747872201171,20,60,1,20,windows-rtx4060,0,0,grid_2x2,true,84,2605299bece47cbdc665c2e2d57eb6301e6ac71d700776b764e6b903e40d0fdc,89d531ccb56448ddbc56df7c9f440912802204cb,data/raw/step7-t84/formal-v1/formal-v1__profile__pyxel_platformer__cpu_compute__p025__r02,"{""pyxel_platformer"":""games/pyxel/10_platformer.py""}","{""pyxel_platformer"":""1b2c75b49dc9ab0254fb4b724682a4787868814a38d2f08920720dc5b6007ac5""}",41353fe599cdde0c72c8af6278742ccfda7a944a93f6ec4879c7ba772f34c24d
1,223,formal-v1__profile__pyxel_platformer__gpu_memory__p000__r02,formal-v1,profile,not_applicable,pressure_profile,"[""pyxel_platformer""]",pyxel_platformer,[],,,gpu_memory,0,2,3215570134781754768,20,60,1,20,windows-rtx4060,0,0,grid_2x2,true,84,2605299bece47cbdc665c2e2d57eb6301e6ac71d700776b764e6b903e40d0fdc,89d531ccb56448ddbc56df7c9f440912802204cb,data/raw/step7-t84/formal-v1/formal-v1__profile__pyxel_platformer__gpu_memory__p000__r02,"{""pyxel_platformer"":""games/pyxel/10_platformer.py""}","{""pyxel_platformer"":""1b2c75b49dc9ab0254fb4b724682a4787868814a38d2f08920720dc5b6007ac5""}",2486980207716cb496b695a0daddc5dbaee21ae59af2321e987e3624b6d76315
1,224,formal-v1__profile__mega_wing__gpu_memory__p100__r03,formal-v1,profile,not_applicable,pressure_profile,"[""mega_wing""]",mega_wing,[],,,gpu_memory,1,3,9739149393046620933,20,60,1,20,windows-rtx4060,0,0,grid_2x2,true,84,2605299bece47cbdc665c2e2d57eb6301e6ac71d700776b764e6b903e40d0fdc,89d531ccb56448ddbc56df7c9f440912802204cb,data/raw/step7-t84/formal-v1/formal-v1__profile__mega_wing__gpu_memory__p100__r03,"{""mega_wing"":""games/pyxel/apps-src/mega_wing/mega_wing.py""}","{""mega_wing"":""86bad6c02a303806c58137503739241dc6b1e86695f7c0dbf672b5e1a1464e9f""}",30e8d744f0465212c39a6ce2da56e90864b74f526d48082d5fe6a180e5bede3e
1,225,formal-v1__profile__space_rescue__gpu_memory__p100__r03,formal-v1,profile,not_applicable,pressure_profile,"[""space_rescue""]",space_rescue,[],,,gpu_memory,1,3,13207949832821095296,20,60,1,20,windows-rtx4060,0,0,grid_2x2,true,84,2605299bece47cbdc665c2e2d57eb6301e6ac71d700776b764e6b903e40d0fdc,89d531ccb56448ddbc56df7c9f440912802204cb,data/raw/step7-t84/formal-v1/formal-v1__profile__space_rescue__gpu_memory__p100__r03,"{""space_rescue"":""games/pyxel/apps-src/space_rescue/space_rescue.py""}","{""space_rescue"":""f3b0ab6784ae558e64f06a3f0a704e53f107a130aa3d43357659d0850131e461""}",0f9bdd20f387a8b6bf935d057ddc4c14cfbeb90b2e0bcfda86c45f438cf9b823
1,226,formal-v1__profile__daylight__gpu_compute__p025__r03,formal-v1,profile,not_applicable,pressure_profile,"[""daylight""]",daylight,[],,,gpu_compute,0.25,3,749183187063128441,20,60,1,20,windows-rtx4060,0,0,grid_2x2,true,84,2605299bece47cbdc665c2e2d57eb6301e6ac71d700776b764e6b903e40d0fdc,89d531ccb56448ddbc56df7c9f440912802204cb,data/raw/step7-t84/formal-v1/formal-v1__profile__daylight__gpu_compute__p025__r03,"{""daylight"":""games/pyxel/apps-src/30SecondsOfDaylight/src/main.py""}","{""daylight"":""21a365375249e9d7ea05e78dcfe040f09cc1f0c66bd410bae084190c743a028f""}",fbcff4d0afacff7a8f1492fdc150c40a4ac823c46784d3985d12e4836921a4d6
1,227,formal-v1__profile__pyxel_shooter__gpu_compute__p000__r01,formal-v1,profile,not_applicable,pressure_profile,"[""pyxel_shooter""]",pyxel_shooter,[],,,gpu_compute,0,1,3546432122714330070,20,60,1,20,windows-rtx4060,0,0,grid_2x2,true,84,2605299bece47cbdc665c2e2d57eb6301e6ac71d700776b764e6b903e40d0fdc,89d531ccb56448ddbc56df7c9f440912802204cb,data/raw/step7-t84/formal-v1/formal-v1__profile__pyxel_shooter__gpu_compute__p000__r01,"{""pyxel_shooter"":""games/pyxel/09_shooter.py""}","{""pyxel_shooter"":""0f53e4156907eac41080a8f289e22c89365b3239517c754cf59a51af201d5563""}",44a206279f9fefed8cf9b00dc56cfe749020b1ce830b9fb9b254760ab05e25e2
1,228,formal-v1__profile__mega_wing__gpu_compute__p050__r02,formal-v1,profile,not_applicable,pressure_profile,"[""mega_wing""]",mega_wing,[],,,gpu_compute,0.5,2,12815251598403927586,20,60,1,20,windows-rtx4060,0,0,grid_2x2,true,84,2605299bece47cbdc665c2e2d57eb6301e6ac71d700776b764e6b903e40d0fdc,89d531ccb56448ddbc56df7c9f440912802204cb,data/raw/step7-t84/formal-v1/formal-v1__profile__mega_wing__gpu_compute__p050__r02,"{""mega_wing"":""games/pyxel/apps-src/mega_wing/mega_wing.py""}","{""mega_wing"":""86bad6c02a303806c58137503739241dc6b1e86695f7c0dbf672b5e1a1464e9f""}",05d05bd6fce649a4feba056e4e7017baefff9d82bb38c667616ebbc71f9bb9ac
1,229,formal-v1__profile__mega_wing__cpu_compute__p050__r03,formal-v1,profile,not_applicable,pressure_profile,"[""mega_wing""]",mega_wing,[],,,cpu_compute,0.5,3,6312199918978094460,20,60,1,20,windows-rtx4060,0,0,grid_2x2,true,84,2605299bece47cbdc665c2e2d57eb6301e6ac71d700776b764e6b903e40d0fdc,89d531ccb56448ddbc56df7c9f440912802204cb,data/raw/step7-t84/formal-v1/formal-v1__profile__mega_wing__cpu_compute__p050__r03,"{""mega_wing"":""games/pyxel/apps-src/mega_wing/mega_wing.py""}","{""mega_wing"":""86bad6c02a303806c58137503739241dc6b1e86695f7c0dbf672b5e1a1464e9f""}",49ea54e8d13cdc104f069ee92eb71e752d08d528ca15c60aba7265a886b8b362
1,230,formal-v1__profile__space_rescue__gpu_compute__p025__r02,formal-v1,profile,not_applicable,pressure_profile,"[""space_rescue""]",space_rescue,[],,,gpu_compute,0.25,2,5193477929200372882,20,60,1,20,windows-rtx4060,0,0,grid_2x2,true,84,2605299bece47cbdc665c2e2d57eb6301e6ac71d700776b764e6b903e40d0fdc,89d531ccb56448ddbc56df7c9f440912802204cb,data/raw/step7-t84/formal-v1/formal-v1__profile__space_rescue__gpu_compute__p025__r02,"{""space_rescue"":""games/pyxel/apps-src/space_rescue/space_rescue.py""}","{""space_rescue"":""f3b0ab6784ae558e64f06a3f0a704e53f107a130aa3d43357659d0850131e461""}",ca75844a88d74824d2e99e027a69eeed8965ac320af865c5d697a31367c5886e
1,231,formal-v1__profile__pyxel_jump__cpu_compute__p100__r01,formal-v1,profile,not_applicable,pressure_profile,"[""pyxel_jump""]",pyxel_jump,[],,,cpu_compute,1,1,9698429589293458491,20,60,1,20,windows-rtx4060,0,0,grid_2x2,true,84,2605299bece47cbdc665c2e2d57eb6301e6ac71d700776b764e6b903e40d0fdc,89d531ccb56448ddbc56df7c9f440912802204cb,data/raw/step7-t84/formal-v1/formal-v1__profile__pyxel_jump__cpu_compute__p100__r01,"{""pyxel_jump"":""games/pyxel/02_jump_game.py""}","{""pyxel_jump"":""4743a825f1c9cae7e049ac52115f4ecf83350db546c00745a54af187d7bc2e46""}",35c9215629d79b97eca2f02d0b05d0acad2607399c7a9b14e16d1706a0a8aae2
1,232,formal-v1__profile__space_rescue__gpu_compute__p025__r03,formal-v1,profile,not_applicable,pressure_profile,"[""space_rescue""]",space_rescue,[],,,gpu_compute,0.25,3,8520314496541207895,20,60,1,20,windows-rtx4060,0,0,grid_2x2,true,84,2605299bece47cbdc665c2e2d57eb6301e6ac71d700776b764e6b903e40d0fdc,89d531ccb56448ddbc56df7c9f440912802204cb,data/raw/step7-t84/formal-v1/formal-v1__profile__space_rescue__gpu_compute__p025__r03,"{""space_rescue"":""games/pyxel/apps-src/space_rescue/space_rescue.py""}","{""space_rescue"":""f3b0ab6784ae558e64f06a3f0a704e53f107a130aa3d43357659d0850131e461""}",f256d7bd53737062fffd84f360c3ad1cd8536f036e9a9dbf62331f35cac7361f
1,233,formal-v1__profile__daylight__gpu_compute__p075__r01,formal-v1,profile,not_applicable,pressure_profile,"[""daylight""]",daylight,[],,,gpu_compute,0.75,1,1079891338874392414,20,60,1,20,windows-rtx4060,0,0,grid_2x2,true,84,2605299bece47cbdc665c2e2d57eb6301e6ac71d700776b764e6b903e40d0fdc,89d531ccb56448ddbc56df7c9f440912802204cb,data/raw/step7-t84/formal-v1/formal-v1__profile__daylight__gpu_compute__p075__r01,"{""daylight"":""games/pyxel/apps-src/30SecondsOfDaylight/src/main.py""}","{""daylight"":""21a365375249e9d7ea05e78dcfe040f09cc1f0c66bd410bae084190c743a028f""}",b8350f3271e63adf85b27e1b0f1f6ed7d8c916829abb69ea4ae271a0de5678f7
1,234,formal-v1__profile__pyxel_bubbles__gpu_memory__p100__r01,formal-v1,profile,not_applicable,pressure_profile,"[""pyxel_bubbles""]",pyxel_bubbles,[],,,gpu_memory,1,1,13004370286349831699,20,60,1,20,windows-rtx4060,0,0,grid_2x2,true,84,2605299bece47cbdc665c2e2d57eb6301e6ac71d700776b764e6b903e40d0fdc,89d531ccb56448ddbc56df7c9f440912802204cb,data/raw/step7-t84/formal-v1/formal-v1__profile__pyxel_bubbles__gpu_memory__p100__r01,"{""pyxel_bubbles"":""games/pyxel/06_click_game.py""}","{""pyxel_bubbles"":""54c101e90bdaed839ac4c4284494530d5df37a5819a35f1e41eebb0b3da5d900""}",cfd0c06d594602cd4b81c64639850bae674cb4131199b9905ae293496c6772f4
1,235,formal-v1__profile__pyxel_bubbles__gpu_compute__p075__r03,formal-v1,profile,not_applicable,pressure_profile,"[""pyxel_bubbles""]",pyxel_bubbles,[],,,gpu_compute,0.75,3,18144003774020506036,20,60,1,20,windows-rtx4060,0,0,grid_2x2,true,84,2605299bece47cbdc665c2e2d57eb6301e6ac71d700776b764e6b903e40d0fdc,89d531ccb56448ddbc56df7c9f440912802204cb,data/raw/step7-t84/formal-v1/formal-v1__profile__pyxel_bubbles__gpu_compute__p075__r03,"{""pyxel_bubbles"":""games/pyxel/06_click_game.py""}","{""pyxel_bubbles"":""54c101e90bdaed839ac4c4284494530d5df37a5819a35f1e41eebb0b3da5d900""}",396963955cc7e66f67777ce84279e587c4a2f8d138891a405ebb109662e69702
1,236,formal-v1__profile__pyxel_shooter__gpu_memory__p025__r02,formal-v1,profile,not_applicable,pressure_profile,"[""pyxel_shooter""]",pyxel_shooter,[],,,gpu_memory,0.25,2,8646546913955020733,20,60,1,20,windows-rtx4060,0,0,grid_2x2,true,84,2605299bece47cbdc665c2e2d57eb6301e6ac71d700776b764e6b903e40d0fdc,89d531ccb56448ddbc56df7c9f440912802204cb,data/raw/step7-t84/formal-v1/formal-v1__profile__pyxel_shooter__gpu_memory__p025__r02,"{""pyxel_shooter"":""games/pyxel/09_shooter.py""}","{""pyxel_shooter"":""0f53e4156907eac41080a8f289e22c89365b3239517c754cf59a51af201d5563""}",360a701adcf0566b1b4cae485875652d0f030c4175b63715727f24d9412cc49d
1,237,formal-v1__profile__pyxel_jump__cpu_compute__p075__r03,formal-v1,profile,not_applicable,pressure_profile,"[""pyxel_jump""]",pyxel_jump,[],,,cpu_compute,0.75,3,2635009032766366484,20,60,1,20,windows-rtx4060,0,0,grid_2x2,true,84,2605299bece47cbdc665c2e2d57eb6301e6ac71d700776b764e6b903e40d0fdc,89d531ccb56448ddbc56df7c9f440912802204cb,data/raw/step7-t84/formal-v1/formal-v1__profile__pyxel_jump__cpu_compute__p075__r03,"{""pyxel_jump"":""games/pyxel/02_jump_game.py""}","{""pyxel_jump"":""4743a825f1c9cae7e049ac52115f4ecf83350db546c00745a54af187d7bc2e46""}",f5f4d75b376b814ee4c1ed928f8bc19c2313b1213c760d1527fcbc92486116a0
1,238,formal-v1__profile__mega_wing__memory_bandwidth__p050__r01,formal-v1,profile,not_applicable,pressure_profile,"[""mega_wing""]",mega_wing,[],,,memory_bandwidth,0.5,1,606923485016625452,20,60,1,20,windows-rtx4060,0,0,grid_2x2,true,84,2605299bece47cbdc665c2e2d57eb6301e6ac71d700776b764e6b903e40d0fdc,89d531ccb56448ddbc56df7c9f440912802204cb,data/raw/step7-t84/formal-v1/formal-v1__profile__mega_wing__memory_bandwidth__p050__r01,"{""mega_wing"":""games/pyxel/apps-src/mega_wing/mega_wing.py""}","{""mega_wing"":""86bad6c02a303806c58137503739241dc6b1e86695f7c0dbf672b5e1a1464e9f""}",4b64af2279d7c2d5658a4701d1ffe08004adb74543804f6e435e2e1a21630ce3
1,239,formal-v1__profile__pyxel_snake__cpu_compute__p050__r03,formal-v1,profile,not_applicable,pressure_profile,"[""pyxel_snake""]",pyxel_snake,[],,,cpu_compute,0.5,3,12974105224448076900,20,60,1,20,windows-rtx4060,0,0,grid_2x2,true,84,2605299bece47cbdc665c2e2d57eb6301e6ac71d700776b764e6b903e40d0fdc,89d531ccb56448ddbc56df7c9f440912802204cb,data/raw/step7-t84/formal-v1/formal-v1__profile__pyxel_snake__cpu_compute__p050__r03,"{""pyxel_snake"":""games/pyxel/07_snake.py""}","{""pyxel_snake"":""bc533fef92d1d358e570f69d979919fe5c1cd8c4da49841104b49a1e661a5ac3""}",40adc5d4092743e515bec146804cc1f9c6313495ada19a80f356fe5ccd24ce29
1,240,formal-v1__profile__pyxel_bubbles__cpu_compute__p000__r03,formal-v1,profile,not_applicable,pressure_profile,"[""pyxel_bubbles""]",pyxel_bubbles,[],,,cpu_compute,0,3,1641150706676410786,20,60,1,20,windows-rtx4060,0,0,grid_2x2,true,84,2605299bece47cbdc665c2e2d57eb6301e6ac71d700776b764e6b903e40d0fdc,89d531ccb56448ddbc56df7c9f440912802204cb,data/raw/step7-t84/formal-v1/formal-v1__profile__pyxel_bubbles__cpu_compute__p000__r03,"{""pyxel_bubbles"":""games/pyxel/06_click_game.py""}","{""pyxel_bubbles"":""54c101e90bdaed839ac4c4284494530d5df37a5819a35f1e41eebb0b3da5d900""}",31112a0448696b057cd4b14bcccdf5bae4de1ce66699b1b880778a1c409b67c3
1,241,formal-v1__profile__pyxel_platformer__cpu_compute__p100__r01,formal-v1,profile,not_applicable,pressure_profile,"[""pyxel_platformer""]",pyxel_platformer,[],,,cpu_compute,1,1,14323591777138316131,20,60,1,20,windows-rtx4060,0,0,grid_2x2,true,84,2605299bece47cbdc665c2e2d57eb6301e6ac71d700776b764e6b903e40d0fdc,89d531ccb56448ddbc56df7c9f440912802204cb,data/raw/step7-t84/formal-v1/formal-v1__profile__pyxel_platformer__cpu_compute__p100__r01,"{""pyxel_platformer"":""games/pyxel/10_platformer.py""}","{""pyxel_platformer"":""1b2c75b49dc9ab0254fb4b724682a4787868814a38d2f08920720dc5b6007ac5""}",5f2903f6c9f619511b40ed34838d730bf841f5838c69ca10b00b960c26e608aa
1,242,formal-v1__profile__pyxel_shooter__gpu_memory__p075__r02,formal-v1,profile,not_applicable,pressure_profile,"[""pyxel_shooter""]",pyxel_shooter,[],,,gpu_memory,0.75,2,6772415803742537827,20,60,1,20,windows-rtx4060,0,0,grid_2x2,true,84,2605299bece47cbdc665c2e2d57eb6301e6ac71d700776b764e6b903e40d0fdc,89d531ccb56448ddbc56df7c9f440912802204cb,data/raw/step7-t84/formal-v1/formal-v1__profile__pyxel_shooter__gpu_memory__p075__r02,"{""pyxel_shooter"":""games/pyxel/09_shooter.py""}","{""pyxel_shooter"":""0f53e4156907eac41080a8f289e22c89365b3239517c754cf59a51af201d5563""}",462d300a826d053f9eef2fe5c2b2d471e5a8611f50a8be5f25b25e596017e0cf
1,243,formal-v1__profile__space_rescue__cpu_compute__p025__r03,formal-v1,profile,not_applicable,pressure_profile,"[""space_rescue""]",space_rescue,[],,,cpu_compute,0.25,3,11545125721891551914,20,60,1,20,windows-rtx4060,0,0,grid_2x2,true,84,2605299bece47cbdc665c2e2d57eb6301e6ac71d700776b764e6b903e40d0fdc,89d531ccb56448ddbc56df7c9f440912802204cb,data/raw/step7-t84/formal-v1/formal-v1__profile__space_rescue__cpu_compute__p025__r03,"{""space_rescue"":""games/pyxel/apps-src/space_rescue/space_rescue.py""}","{""space_rescue"":""f3b0ab6784ae558e64f06a3f0a704e53f107a130aa3d43357659d0850131e461""}",74fe52d00abb38d1e70e171bb1b46908a9945abbeae2a9656eb1d3f6db303494
1,244,formal-v1__profile__space_rescue__cpu_compute__p100__r01,formal-v1,profile,not_applicable,pressure_profile,"[""space_rescue""]",space_rescue,[],,,cpu_compute,1,1,4077656982722390021,20,60,1,20,windows-rtx4060,0,0,grid_2x2,true,84,2605299bece47cbdc665c2e2d57eb6301e6ac71d700776b764e6b903e40d0fdc,89d531ccb56448ddbc56df7c9f440912802204cb,data/raw/step7-t84/formal-v1/formal-v1__profile__space_rescue__cpu_compute__p100__r01,"{""space_rescue"":""games/pyxel/apps-src/space_rescue/space_rescue.py""}","{""space_rescue"":""f3b0ab6784ae558e64f06a3f0a704e53f107a130aa3d43357659d0850131e461""}",c6a9aff036cf888aa2c9c12c1d7b4262bb149fcfc4220c30e42bf8b9c1cb3fc2
1,245,formal-v1__profile__space_rescue__memory_bandwidth__p050__r03,formal-v1,profile,not_applicable,pressure_profile,"[""space_rescue""]",space_rescue,[],,,memory_bandwidth,0.5,3,13990568347591883506,20,60,1,20,windows-rtx4060,0,0,grid_2x2,true,84,2605299bece47cbdc665c2e2d57eb6301e6ac71d700776b764e6b903e40d0fdc,89d531ccb56448ddbc56df7c9f440912802204cb,data/raw/step7-t84/formal-v1/formal-v1__profile__space_rescue__memory_bandwidth__p050__r03,"{""space_rescue"":""games/pyxel/apps-src/space_rescue/space_rescue.py""}","{""space_rescue"":""f3b0ab6784ae558e64f06a3f0a704e53f107a130aa3d43357659d0850131e461""}",c8a52b5ff3e562c06462a8885069a1eebd66f0348b43cd8246ff7ff676a056ee
1,246,formal-v1__profile__pyxel_platformer__gpu_memory__p100__r01,formal-v1,profile,not_applicable,pressure_profile,"[""pyxel_platformer""]",pyxel_platformer,[],,,gpu_memory,1,1,17805035605180021847,20,60,1,20,windows-rtx4060,0,0,grid_2x2,true,84,2605299bece47cbdc665c2e2d57eb6301e6ac71d700776b764e6b903e40d0fdc,89d531ccb56448ddbc56df7c9f440912802204cb,data/raw/step7-t84/formal-v1/formal-v1__profile__pyxel_platformer__gpu_memory__p100__r01,"{""pyxel_platformer"":""games/pyxel/10_platformer.py""}","{""pyxel_platformer"":""1b2c75b49dc9ab0254fb4b724682a4787868814a38d2f08920720dc5b6007ac5""}",312e91d7137a9e9dc7c878afff4b73ec36ea9cd7829ec8b239c2f69e9a3a1d5e
1,247,formal-v1__profile__daylight__memory_bandwidth__p075__r02,formal-v1,profile,not_applicable,pressure_profile,"[""daylight""]",daylight,[],,,memory_bandwidth,0.75,2,18177208471183568816,20,60,1,20,windows-rtx4060,0,0,grid_2x2,true,84,2605299bece47cbdc665c2e2d57eb6301e6ac71d700776b764e6b903e40d0fdc,89d531ccb56448ddbc56df7c9f440912802204cb,data/raw/step7-t84/formal-v1/formal-v1__profile__daylight__memory_bandwidth__p075__r02,"{""daylight"":""games/pyxel/apps-src/30SecondsOfDaylight/src/main.py""}","{""daylight"":""21a365375249e9d7ea05e78dcfe040f09cc1f0c66bd410bae084190c743a028f""}",c9cec9dbcaed07bf70ea8b202e033d8d2232d61d05084fb793cee72a064f8fa7
1,248,formal-v1__profile__pyxel_snake__cpu_compute__p100__r01,formal-v1,profile,not_applicable,pressure_profile,"[""pyxel_snake""]",pyxel_snake,[],,,cpu_compute,1,1,14566947362152717901,20,60,1,20,windows-rtx4060,0,0,grid_2x2,true,84,2605299bece47cbdc665c2e2d57eb6301e6ac71d700776b764e6b903e40d0fdc,89d531ccb56448ddbc56df7c9f440912802204cb,data/raw/step7-t84/formal-v1/formal-v1__profile__pyxel_snake__cpu_compute__p100__r01,"{""pyxel_snake"":""games/pyxel/07_snake.py""}","{""pyxel_snake"":""bc533fef92d1d358e570f69d979919fe5c1cd8c4da49841104b49a1e661a5ac3""}",5ca2985b0a529dffeecef8fff59f69de98e0a5f20c68bc9dfdbef45118fee376
1,249,formal-v1__profile__pyxel_jump__cpu_compute__p075__r02,formal-v1,profile,not_applicable,pressure_profile,"[""pyxel_jump""]",pyxel_jump,[],,,cpu_compute,0.75,2,17946067736322777015,20,60,1,20,windows-rtx4060,0,0,grid_2x2,true,84,2605299bece47cbdc665c2e2d57eb6301e6ac71d700776b764e6b903e40d0fdc,89d531ccb56448ddbc56df7c9f440912802204cb,data/raw/step7-t84/formal-v1/formal-v1__profile__pyxel_jump__cpu_compute__p075__r02,"{""pyxel_jump"":""games/pyxel/02_jump_game.py""}","{""pyxel_jump"":""4743a825f1c9cae7e049ac52115f4ecf83350db546c00745a54af187d7bc2e46""}",b857ad82fabce0d4654b4db3543baa45f6b62afbc7fe962220cb6d100eec4ee7
1,250,formal-v1__profile__space_rescue__gpu_memory__p075__r02,formal-v1,profile,not_applicable,pressure_profile,"[""space_rescue""]",space_rescue,[],,,gpu_memory,0.75,2,15603051225617913125,20,60,1,20,windows-rtx4060,0,0,grid_2x2,true,84,2605299bece47cbdc665c2e2d57eb6301e6ac71d700776b764e6b903e40d0fdc,89d531ccb56448ddbc56df7c9f440912802204cb,data/raw/step7-t84/formal-v1/formal-v1__profile__space_rescue__gpu_memory__p075__r02,"{""space_rescue"":""games/pyxel/apps-src/space_rescue/space_rescue.py""}","{""space_rescue"":""f3b0ab6784ae558e64f06a3f0a704e53f107a130aa3d43357659d0850131e461""}",31f8522d42e453b8b7c50af433b42042a6d39b7ec0d20f8b105c004240016ecf
1,251,formal-v1__profile__pyxel_jump__memory_bandwidth__p075__r02,formal-v1,profile,not_applicable,pressure_profile,"[""pyxel_jump""]",pyxel_jump,[],,,memory_bandwidth,0.75,2,5351201763134131234,20,60,1,20,windows-rtx4060,0,0,grid_2x2,true,84,2605299bece47cbdc665c2e2d57eb6301e6ac71d700776b764e6b903e40d0fdc,89d531ccb56448ddbc56df7c9f440912802204cb,data/raw/step7-t84/formal-v1/formal-v1__profile__pyxel_jump__memory_bandwidth__p075__r02,"{""pyxel_jump"":""games/pyxel/02_jump_game.py""}","{""pyxel_jump"":""4743a825f1c9cae7e049ac52115f4ecf83350db546c00745a54af187d7bc2e46""}",e34c6710118b541190c2b380026b9403e331a0385afcb710aad422e6bdc1f730
1,252,formal-v1__profile__pyxel_bubbles__cpu_compute__p100__r01,formal-v1,profile,not_applicable,pressure_profile,"[""pyxel_bubbles""]",pyxel_bubbles,[],,,cpu_compute,1,1,11831575209290221946,20,60,1,20,windows-rtx4060,0,0,grid_2x2,true,84,2605299bece47cbdc665c2e2d57eb6301e6ac71d700776b764e6b903e40d0fdc,89d531ccb56448ddbc56df7c9f440912802204cb,data/raw/step7-t84/formal-v1/formal-v1__profile__pyxel_bubbles__cpu_compute__p100__r01,"{""pyxel_bubbles"":""games/pyxel/06_click_game.py""}","{""pyxel_bubbles"":""54c101e90bdaed839ac4c4284494530d5df37a5819a35f1e41eebb0b3da5d900""}",6cd078e3c26c19fd2eba5824f4516253c102bf742188a85d1e5e1a284d99d9fb
1,253,formal-v1__profile__space_rescue__memory_bandwidth__p075__r02,formal-v1,profile,not_applicable,pressure_profile,"[""space_rescue""]",space_rescue,[],,,memory_bandwidth,0.75,2,4922494490902519664,20,60,1,20,windows-rtx4060,0,0,grid_2x2,true,84,2605299bece47cbdc665c2e2d57eb6301e6ac71d700776b764e6b903e40d0fdc,89d531ccb56448ddbc56df7c9f440912802204cb,data/raw/step7-t84/formal-v1/formal-v1__profile__space_rescue__memory_bandwidth__p075__r02,"{""space_rescue"":""games/pyxel/apps-src/space_rescue/space_rescue.py""}","{""space_rescue"":""f3b0ab6784ae558e64f06a3f0a704e53f107a130aa3d43357659d0850131e461""}",1acf992dea9e4dca2408ff110ec42762cef6659c2af8a59cd4a3b7fb7524a176
1,254,formal-v1__profile__pyxel_snake__memory_bandwidth__p075__r03,formal-v1,profile,not_applicable,pressure_profile,"[""pyxel_snake""]",pyxel_snake,[],,,memory_bandwidth,0.75,3,11339435162131692225,20,60,1,20,windows-rtx4060,0,0,grid_2x2,true,84,2605299bece47cbdc665c2e2d57eb6301e6ac71d700776b764e6b903e40d0fdc,89d531ccb56448ddbc56df7c9f440912802204cb,data/raw/step7-t84/formal-v1/formal-v1__profile__pyxel_snake__memory_bandwidth__p075__r03,"{""pyxel_snake"":""games/pyxel/07_snake.py""}","{""pyxel_snake"":""bc533fef92d1d358e570f69d979919fe5c1cd8c4da49841104b49a1e661a5ac3""}",bb8c9e288957f5e904497dc7ee64a32cd9bc1e397ae530dea97c772bd6addf36
1,255,formal-v1__profile__daylight__memory_bandwidth__p000__r01,formal-v1,profile,not_applicable,pressure_profile,"[""daylight""]",daylight,[],,,memory_bandwidth,0,1,488805906438535503,20,60,1,20,windows-rtx4060,0,0,grid_2x2,true,84,2605299bece47cbdc665c2e2d57eb6301e6ac71d700776b764e6b903e40d0fdc,89d531ccb56448ddbc56df7c9f440912802204cb,data/raw/step7-t84/formal-v1/formal-v1__profile__daylight__memory_bandwidth__p000__r01,"{""daylight"":""games/pyxel/apps-src/30SecondsOfDaylight/src/main.py""}","{""daylight"":""21a365375249e9d7ea05e78dcfe040f09cc1f0c66bd410bae084190c743a028f""}",e12ceeb10717130bfeba4b9b14a4560bdf6fbaed0b09800bf707a5a80e72711b
1,256,formal-v1__profile__pyxel_shooter__gpu_compute__p075__r02,formal-v1,profile,not_applicable,pressure_profile,"[""pyxel_shooter""]",pyxel_shooter,[],,,gpu_compute,0.75,2,15223055980343632781,20,60,1,20,windows-rtx4060,0,0,grid_2x2,true,84,2605299bece47cbdc665c2e2d57eb6301e6ac71d700776b764e6b903e40d0fdc,89d531ccb56448ddbc56df7c9f440912802204cb,data/raw/step7-t84/formal-v1/formal-v1__profile__pyxel_shooter__gpu_compute__p075__r02,"{""pyxel_shooter"":""games/pyxel/09_shooter.py""}","{""pyxel_shooter"":""0f53e4156907eac41080a8f289e22c89365b3239517c754cf59a51af201d5563""}",e2b6903bb608f17e88523b36d21ce759d73d541d7eb6afa1337d07408312a32d
1,257,formal-v1__profile__space_rescue__gpu_compute__p025__r01,formal-v1,profile,not_applicable,pressure_profile,"[""space_rescue""]",space_rescue,[],,,gpu_compute,0.25,1,10899986719269573177,20,60,1,20,windows-rtx4060,0,0,grid_2x2,true,84,2605299bece47cbdc665c2e2d57eb6301e6ac71d700776b764e6b903e40d0fdc,89d531ccb56448ddbc56df7c9f440912802204cb,data/raw/step7-t84/formal-v1/formal-v1__profile__space_rescue__gpu_compute__p025__r01,"{""space_rescue"":""games/pyxel/apps-src/space_rescue/space_rescue.py""}","{""space_rescue"":""f3b0ab6784ae558e64f06a3f0a704e53f107a130aa3d43357659d0850131e461""}",b2d973532605c05a4595997146ca96143798241672a3799caba9ee15175981f3
1,258,formal-v1__profile__space_rescue__cpu_compute__p050__r02,formal-v1,profile,not_applicable,pressure_profile,"[""space_rescue""]",space_rescue,[],,,cpu_compute,0.5,2,17440181082909761766,20,60,1,20,windows-rtx4060,0,0,grid_2x2,true,84,2605299bece47cbdc665c2e2d57eb6301e6ac71d700776b764e6b903e40d0fdc,89d531ccb56448ddbc56df7c9f440912802204cb,data/raw/step7-t84/formal-v1/formal-v1__profile__space_rescue__cpu_compute__p050__r02,"{""space_rescue"":""games/pyxel/apps-src/space_rescue/space_rescue.py""}","{""space_rescue"":""f3b0ab6784ae558e64f06a3f0a704e53f107a130aa3d43357659d0850131e461""}",24692549571deec1ce42ba74beeacb043e6a53cb3dffb96f2e858287c3ea6cc2
1,259,formal-v1__profile__space_rescue__memory_bandwidth__p025__r03,formal-v1,profile,not_applicable,pressure_profile,"[""space_rescue""]",space_rescue,[],,,memory_bandwidth,0.25,3,974195991618032637,20,60,1,20,windows-rtx4060,0,0,grid_2x2,true,84,2605299bece47cbdc665c2e2d57eb6301e6ac71d700776b764e6b903e40d0fdc,89d531ccb56448ddbc56df7c9f440912802204cb,data/raw/step7-t84/formal-v1/formal-v1__profile__space_rescue__memory_bandwidth__p025__r03,"{""space_rescue"":""games/pyxel/apps-src/space_rescue/space_rescue.py""}","{""space_rescue"":""f3b0ab6784ae558e64f06a3f0a704e53f107a130aa3d43357659d0850131e461""}",09a253619a5b23b5b1398cc69ec8976d9fa1ed2201c4a819670951762a102a39
1,260,formal-v1__profile__pyxel_jump__memory_bandwidth__p050__r03,formal-v1,profile,not_applicable,pressure_profile,"[""pyxel_jump""]",pyxel_jump,[],,,memory_bandwidth,0.5,3,11021339485252582668,20,60,1,20,windows-rtx4060,0,0,grid_2x2,true,84,2605299bece47cbdc665c2e2d57eb6301e6ac71d700776b764e6b903e40d0fdc,89d531ccb56448ddbc56df7c9f440912802204cb,data/raw/step7-t84/formal-v1/formal-v1__profile__pyxel_jump__memory_bandwidth__p050__r03,"{""pyxel_jump"":""games/pyxel/02_jump_game.py""}","{""pyxel_jump"":""4743a825f1c9cae7e049ac52115f4ecf83350db546c00745a54af187d7bc2e46""}",842e70bc02bb8492a2835b6a5e810a061111a9dfcce40c0b490fea8bf6ef24fb
1,261,formal-v1__profile__daylight__gpu_memory__p050__r02,formal-v1,profile,not_applicable,pressure_profile,"[""daylight""]",daylight,[],,,gpu_memory,0.5,2,10827519359314299953,20,60,1,20,windows-rtx4060,0,0,grid_2x2,true,84,2605299bece47cbdc665c2e2d57eb6301e6ac71d700776b764e6b903e40d0fdc,89d531ccb56448ddbc56df7c9f440912802204cb,data/raw/step7-t84/formal-v1/formal-v1__profile__daylight__gpu_memory__p050__r02,"{""daylight"":""games/pyxel/apps-src/30SecondsOfDaylight/src/main.py""}","{""daylight"":""21a365375249e9d7ea05e78dcfe040f09cc1f0c66bd410bae084190c743a028f""}",630485b3cd605f74bd4bbbffa4289cee68b270733dce113c9acf0f1aaa8f1f3e
1,262,formal-v1__profile__mega_wing__gpu_memory__p025__r01,formal-v1,profile,not_applicable,pressure_profile,"[""mega_wing""]",mega_wing,[],,,gpu_memory,0.25,1,3866701805108123715,20,60,1,20,windows-rtx4060,0,0,grid_2x2,true,84,2605299bece47cbdc665c2e2d57eb6301e6ac71d700776b764e6b903e40d0fdc,89d531ccb56448ddbc56df7c9f440912802204cb,data/raw/step7-t84/formal-v1/formal-v1__profile__mega_wing__gpu_memory__p025__r01,"{""mega_wing"":""games/pyxel/apps-src/mega_wing/mega_wing.py""}","{""mega_wing"":""86bad6c02a303806c58137503739241dc6b1e86695f7c0dbf672b5e1a1464e9f""}",2a2703cd3540ebfa0b874201e24e5d382167b66e67bce1e96d0e5af8248d3736
1,263,formal-v1__profile__pyxel_bubbles__gpu_compute__p050__r03,formal-v1,profile,not_applicable,pressure_profile,"[""pyxel_bubbles""]",pyxel_bubbles,[],,,gpu_compute,0.5,3,5177671551163205622,20,60,1,20,windows-rtx4060,0,0,grid_2x2,true,84,2605299bece47cbdc665c2e2d57eb6301e6ac71d700776b764e6b903e40d0fdc,89d531ccb56448ddbc56df7c9f440912802204cb,data/raw/step7-t84/formal-v1/formal-v1__profile__pyxel_bubbles__gpu_compute__p050__r03,"{""pyxel_bubbles"":""games/pyxel/06_click_game.py""}","{""pyxel_bubbles"":""54c101e90bdaed839ac4c4284494530d5df37a5819a35f1e41eebb0b3da5d900""}",032867625cb50312aaf2916630f33cf0cf72c6007a7a6437cc4d400193c9c166
1,264,formal-v1__profile__daylight__gpu_memory__p000__r02,formal-v1,profile,not_applicable,pressure_profile,"[""daylight""]",daylight,[],,,gpu_memory,0,2,7374920704241524300,20,60,1,20,windows-rtx4060,0,0,grid_2x2,true,84,2605299bece47cbdc665c2e2d57eb6301e6ac71d700776b764e6b903e40d0fdc,89d531ccb56448ddbc56df7c9f440912802204cb,data/raw/step7-t84/formal-v1/formal-v1__profile__daylight__gpu_memory__p000__r02,"{""daylight"":""games/pyxel/apps-src/30SecondsOfDaylight/src/main.py""}","{""daylight"":""21a365375249e9d7ea05e78dcfe040f09cc1f0c66bd410bae084190c743a028f""}",4a84eab563fcaf36ec7615fa6bceb319b36504f2654d83684c927629e89058bc
1,265,formal-v1__profile__mega_wing__gpu_memory__p025__r02,formal-v1,profile,not_applicable,pressure_profile,"[""mega_wing""]",mega_wing,[],,,gpu_memory,0.25,2,15286201795705039773,20,60,1,20,windows-rtx4060,0,0,grid_2x2,true,84,2605299bece47cbdc665c2e2d57eb6301e6ac71d700776b764e6b903e40d0fdc,89d531ccb56448ddbc56df7c9f440912802204cb,data/raw/step7-t84/formal-v1/formal-v1__profile__mega_wing__gpu_memory__p025__r02,"{""mega_wing"":""games/pyxel/apps-src/mega_wing/mega_wing.py""}","{""mega_wing"":""86bad6c02a303806c58137503739241dc6b1e86695f7c0dbf672b5e1a1464e9f""}",45ec4d8a89717a94c1a77b3c9afe1d73ed9287cdba0901b398521f38ebf7a88d
1,266,formal-v1__profile__pyxel_jump__gpu_compute__p025__r01,formal-v1,profile,not_applicable,pressure_profile,"[""pyxel_jump""]",pyxel_jump,[],,,gpu_compute,0.25,1,1988451417430468348,20,60,1,20,windows-rtx4060,0,0,grid_2x2,true,84,2605299bece47cbdc665c2e2d57eb6301e6ac71d700776b764e6b903e40d0fdc,89d531ccb56448ddbc56df7c9f440912802204cb,data/raw/step7-t84/formal-v1/formal-v1__profile__pyxel_jump__gpu_compute__p025__r01,"{""pyxel_jump"":""games/pyxel/02_jump_game.py""}","{""pyxel_jump"":""4743a825f1c9cae7e049ac52115f4ecf83350db546c00745a54af187d7bc2e46""}",d30b39233df8c234a052e17c1c4e3b7bdc28135e5ffca113392079d352a8f703
1,267,formal-v1__profile__mega_wing__gpu_compute__p025__r01,formal-v1,profile,not_applicable,pressure_profile,"[""mega_wing""]",mega_wing,[],,,gpu_compute,0.25,1,10716810241101879638,20,60,1,20,windows-rtx4060,0,0,grid_2x2,true,84,2605299bece47cbdc665c2e2d57eb6301e6ac71d700776b764e6b903e40d0fdc,89d531ccb56448ddbc56df7c9f440912802204cb,data/raw/step7-t84/formal-v1/formal-v1__profile__mega_wing__gpu_compute__p025__r01,"{""mega_wing"":""games/pyxel/apps-src/mega_wing/mega_wing.py""}","{""mega_wing"":""86bad6c02a303806c58137503739241dc6b1e86695f7c0dbf672b5e1a1464e9f""}",49fd6cc1652d8ca0aa8c6217d36e86f2a81f9b22808487bd06b02a5cc472d18c
1,268,formal-v1__profile__pyxel_snake__memory_bandwidth__p000__r01,formal-v1,profile,not_applicable,pressure_profile,"[""pyxel_snake""]",pyxel_snake,[],,,memory_bandwidth,0,1,17972992197593926407,20,60,1,20,windows-rtx4060,0,0,grid_2x2,true,84,2605299bece47cbdc665c2e2d57eb6301e6ac71d700776b764e6b903e40d0fdc,89d531ccb56448ddbc56df7c9f440912802204cb,data/raw/step7-t84/formal-v1/formal-v1__profile__pyxel_snake__memory_bandwidth__p000__r01,"{""pyxel_snake"":""games/pyxel/07_snake.py""}","{""pyxel_snake"":""bc533fef92d1d358e570f69d979919fe5c1cd8c4da49841104b49a1e661a5ac3""}",9cba05dad7dff9580b89160196c9e7693c1669ea73088933c4c19f998b744727
1,269,formal-v1__profile__space_rescue__gpu_compute__p000__r01,formal-v1,profile,not_applicable,pressure_profile,"[""space_rescue""]",space_rescue,[],,,gpu_compute,0,1,4806758950488709513,20,60,1,20,windows-rtx4060,0,0,grid_2x2,true,84,2605299bece47cbdc665c2e2d57eb6301e6ac71d700776b764e6b903e40d0fdc,89d531ccb56448ddbc56df7c9f440912802204cb,data/raw/step7-t84/formal-v1/formal-v1__profile__space_rescue__gpu_compute__p000__r01,"{""space_rescue"":""games/pyxel/apps-src/space_rescue/space_rescue.py""}","{""space_rescue"":""f3b0ab6784ae558e64f06a3f0a704e53f107a130aa3d43357659d0850131e461""}",60ba869fedb1b9b2d415a1b2fac9fcfca08ed98e21f7c36f704c7f397523596c
1,270,formal-v1__profile__pyxel_bubbles__gpu_memory__p025__r01,formal-v1,profile,not_applicable,pressure_profile,"[""pyxel_bubbles""]",pyxel_bubbles,[],,,gpu_memory,0.25,1,3010822687310012633,20,60,1,20,windows-rtx4060,0,0,grid_2x2,true,84,2605299bece47cbdc665c2e2d57eb6301e6ac71d700776b764e6b903e40d0fdc,89d531ccb56448ddbc56df7c9f440912802204cb,data/raw/step7-t84/formal-v1/formal-v1__profile__pyxel_bubbles__gpu_memory__p025__r01,"{""pyxel_bubbles"":""games/pyxel/06_click_game.py""}","{""pyxel_bubbles"":""54c101e90bdaed839ac4c4284494530d5df37a5819a35f1e41eebb0b3da5d900""}",006299335d80d44f13f76894e6c2796532eb8ebbf66ded5e24ed2d91654499ef
1,271,formal-v1__profile__mega_wing__gpu_compute__p075__r03,formal-v1,profile,not_applicable,pressure_profile,"[""mega_wing""]",mega_wing,[],,,gpu_compute,0.75,3,2671436739460950027,20,60,1,20,windows-rtx4060,0,0,grid_2x2,true,84,2605299bece47cbdc665c2e2d57eb6301e6ac71d700776b764e6b903e40d0fdc,89d531ccb56448ddbc56df7c9f440912802204cb,data/raw/step7-t84/formal-v1/formal-v1__profile__mega_wing__gpu_compute__p075__r03,"{""mega_wing"":""games/pyxel/apps-src/mega_wing/mega_wing.py""}","{""mega_wing"":""86bad6c02a303806c58137503739241dc6b1e86695f7c0dbf672b5e1a1464e9f""}",11717b7d2eba58b448132160e2092d8f48b1b15505ca1a62caa9c656d910a9ea
1,272,formal-v1__profile__pyxel_platformer__memory_bandwidth__p100__r01,formal-v1,profile,not_applicable,pressure_profile,"[""pyxel_platformer""]",pyxel_platformer,[],,,memory_bandwidth,1,1,5382222049259964063,20,60,1,20,windows-rtx4060,0,0,grid_2x2,true,84,2605299bece47cbdc665c2e2d57eb6301e6ac71d700776b764e6b903e40d0fdc,89d531ccb56448ddbc56df7c9f440912802204cb,data/raw/step7-t84/formal-v1/formal-v1__profile__pyxel_platformer__memory_bandwidth__p100__r01,"{""pyxel_platformer"":""games/pyxel/10_platformer.py""}","{""pyxel_platformer"":""1b2c75b49dc9ab0254fb4b724682a4787868814a38d2f08920720dc5b6007ac5""}",def5ff09233fcfe23c1dc8aab6f179ebc02c120e3a07808f9846869aabcb5d96
1,273,formal-v1__profile__daylight__memory_bandwidth__p025__r01,formal-v1,profile,not_applicable,pressure_profile,"[""daylight""]",daylight,[],,,memory_bandwidth,0.25,1,7747888158563655536,20,60,1,20,windows-rtx4060,0,0,grid_2x2,true,84,2605299bece47cbdc665c2e2d57eb6301e6ac71d700776b764e6b903e40d0fdc,89d531ccb56448ddbc56df7c9f440912802204cb,data/raw/step7-t84/formal-v1/formal-v1__profile__daylight__memory_bandwidth__p025__r01,"{""daylight"":""games/pyxel/apps-src/30SecondsOfDaylight/src/main.py""}","{""daylight"":""21a365375249e9d7ea05e78dcfe040f09cc1f0c66bd410bae084190c743a028f""}",10ac2c867215f437ef7f13f18f707feb2083fdea6fb3b6b6ebcd619add62de71
1,274,formal-v1__profile__pyxel_platformer__memory_bandwidth__p075__r03,formal-v1,profile,not_applicable,pressure_profile,"[""pyxel_platformer""]",pyxel_platformer,[],,,memory_bandwidth,0.75,3,1857958510345146456,20,60,1,20,windows-rtx4060,0,0,grid_2x2,true,84,2605299bece47cbdc665c2e2d57eb6301e6ac71d700776b764e6b903e40d0fdc,89d531ccb56448ddbc56df7c9f440912802204cb,data/raw/step7-t84/formal-v1/formal-v1__profile__pyxel_platformer__memory_bandwidth__p075__r03,"{""pyxel_platformer"":""games/pyxel/10_platformer.py""}","{""pyxel_platformer"":""1b2c75b49dc9ab0254fb4b724682a4787868814a38d2f08920720dc5b6007ac5""}",577f9850cef5b8f916ed7e30d73a4e825e91df7f366615d8cda781f9efd04bf6
1,275,formal-v1__profile__daylight__memory_bandwidth__p050__r03,formal-v1,profile,not_applicable,pressure_profile,"[""daylight""]",daylight,[],,,memory_bandwidth,0.5,3,11504194784090778569,20,60,1,20,windows-rtx4060,0,0,grid_2x2,true,84,2605299bece47cbdc665c2e2d57eb6301e6ac71d700776b764e6b903e40d0fdc,89d531ccb56448ddbc56df7c9f440912802204cb,data/raw/step7-t84/formal-v1/formal-v1__profile__daylight__memory_bandwidth__p050__r03,"{""daylight"":""games/pyxel/apps-src/30SecondsOfDaylight/src/main.py""}","{""daylight"":""21a365375249e9d7ea05e78dcfe040f09cc1f0c66bd410bae084190c743a028f""}",58a74392c38bbd8b15600e0666f6f5aa1ac52485f76b4e98b5d78fdedb120a00
1,276,formal-v1__profile__pyxel_platformer__cpu_compute__p050__r02,formal-v1,profile,not_applicable,pressure_profile,"[""pyxel_platformer""]",pyxel_platformer,[],,,cpu_compute,0.5,2,3524156227081131149,20,60,1,20,windows-rtx4060,0,0,grid_2x2,true,84,2605299bece47cbdc665c2e2d57eb6301e6ac71d700776b764e6b903e40d0fdc,89d531ccb56448ddbc56df7c9f440912802204cb,data/raw/step7-t84/formal-v1/formal-v1__profile__pyxel_platformer__cpu_compute__p050__r02,"{""pyxel_platformer"":""games/pyxel/10_platformer.py""}","{""pyxel_platformer"":""1b2c75b49dc9ab0254fb4b724682a4787868814a38d2f08920720dc5b6007ac5""}",e38dbcdc1cc21ca1268501ab6581aa39067220df5febcf57a12177b7b820e425
1,277,formal-v1__profile__pyxel_shooter__memory_bandwidth__p050__r03,formal-v1,profile,not_applicable,pressure_profile,"[""pyxel_shooter""]",pyxel_shooter,[],,,memory_bandwidth,0.5,3,3504418742781066102,20,60,1,20,windows-rtx4060,0,0,grid_2x2,true,84,2605299bece47cbdc665c2e2d57eb6301e6ac71d700776b764e6b903e40d0fdc,89d531ccb56448ddbc56df7c9f440912802204cb,data/raw/step7-t84/formal-v1/formal-v1__profile__pyxel_shooter__memory_bandwidth__p050__r03,"{""pyxel_shooter"":""games/pyxel/09_shooter.py""}","{""pyxel_shooter"":""0f53e4156907eac41080a8f289e22c89365b3239517c754cf59a51af201d5563""}",236a54061f6d9dd7def33a3a8d716ca73390ffaec0769c69ba1d472cb711ca60
1,278,formal-v1__profile__pyxel_snake__gpu_memory__p075__r01,formal-v1,profile,not_applicable,pressure_profile,"[""pyxel_snake""]",pyxel_snake,[],,,gpu_memory,0.75,1,805019496743078356,20,60,1,20,windows-rtx4060,0,0,grid_2x2,true,84,2605299bece47cbdc665c2e2d57eb6301e6ac71d700776b764e6b903e40d0fdc,89d531ccb56448ddbc56df7c9f440912802204cb,data/raw/step7-t84/formal-v1/formal-v1__profile__pyxel_snake__gpu_memory__p075__r01,"{""pyxel_snake"":""games/pyxel/07_snake.py""}","{""pyxel_snake"":""bc533fef92d1d358e570f69d979919fe5c1cd8c4da49841104b49a1e661a5ac3""}",68575c3f447abcc627f09de4999448d9959808f3b7c4e3f07607a9d3954b1247
1,279,formal-v1__profile__pyxel_snake__gpu_compute__p025__r01,formal-v1,profile,not_applicable,pressure_profile,"[""pyxel_snake""]",pyxel_snake,[],,,gpu_compute,0.25,1,10330658816690249995,20,60,1,20,windows-rtx4060,0,0,grid_2x2,true,84,2605299bece47cbdc665c2e2d57eb6301e6ac71d700776b764e6b903e40d0fdc,89d531ccb56448ddbc56df7c9f440912802204cb,data/raw/step7-t84/formal-v1/formal-v1__profile__pyxel_snake__gpu_compute__p025__r01,"{""pyxel_snake"":""games/pyxel/07_snake.py""}","{""pyxel_snake"":""bc533fef92d1d358e570f69d979919fe5c1cd8c4da49841104b49a1e661a5ac3""}",129b5aa92dd3fff3fee32e0e79a030ac7fab7105cbfc822eee61c32dcc799267
1,280,formal-v1__profile__mega_wing__memory_bandwidth__p000__r02,formal-v1,profile,not_applicable,pressure_profile,"[""mega_wing""]",mega_wing,[],,,memory_bandwidth,0,2,16748466695473203100,20,60,1,20,windows-rtx4060,0,0,grid_2x2,true,84,2605299bece47cbdc665c2e2d57eb6301e6ac71d700776b764e6b903e40d0fdc,89d531ccb56448ddbc56df7c9f440912802204cb,data/raw/step7-t84/formal-v1/formal-v1__profile__mega_wing__memory_bandwidth__p000__r02,"{""mega_wing"":""games/pyxel/apps-src/mega_wing/mega_wing.py""}","{""mega_wing"":""86bad6c02a303806c58137503739241dc6b1e86695f7c0dbf672b5e1a1464e9f""}",434821f6d476156fa51b7a1316f3ab3285a7ab9dc7f661f84789389431c9e6c1
1,281,formal-v1__profile__pyxel_jump__gpu_memory__p075__r03,formal-v1,profile,not_applicable,pressure_profile,"[""pyxel_jump""]",pyxel_jump,[],,,gpu_memory,0.75,3,16428684141305639129,20,60,1,20,windows-rtx4060,0,0,grid_2x2,true,84,2605299bece47cbdc665c2e2d57eb6301e6ac71d700776b764e6b903e40d0fdc,89d531ccb56448ddbc56df7c9f440912802204cb,data/raw/step7-t84/formal-v1/formal-v1__profile__pyxel_jump__gpu_memory__p075__r03,"{""pyxel_jump"":""games/pyxel/02_jump_game.py""}","{""pyxel_jump"":""4743a825f1c9cae7e049ac52115f4ecf83350db546c00745a54af187d7bc2e46""}",1aeb104bb11e9f19961d00f5ff2adc679381f07a1586841e6b6adc9871d2b645
1,282,formal-v1__profile__pyxel_shooter__memory_bandwidth__p100__r03,formal-v1,profile,not_applicable,pressure_profile,"[""pyxel_shooter""]",pyxel_shooter,[],,,memory_bandwidth,1,3,11724890538461242049,20,60,1,20,windows-rtx4060,0,0,grid_2x2,true,84,2605299bece47cbdc665c2e2d57eb6301e6ac71d700776b764e6b903e40d0fdc,89d531ccb56448ddbc56df7c9f440912802204cb,data/raw/step7-t84/formal-v1/formal-v1__profile__pyxel_shooter__memory_bandwidth__p100__r03,"{""pyxel_shooter"":""games/pyxel/09_shooter.py""}","{""pyxel_shooter"":""0f53e4156907eac41080a8f289e22c89365b3239517c754cf59a51af201d5563""}",07b535242346bf68acb88ad72a86c009388310e5d00b6f7226cdc2fc3773dbb7
1,283,formal-v1__profile__pyxel_shooter__cpu_compute__p075__r02,formal-v1,profile,not_applicable,pressure_profile,"[""pyxel_shooter""]",pyxel_shooter,[],,,cpu_compute,0.75,2,10339157325362401709,20,60,1,20,windows-rtx4060,0,0,grid_2x2,true,84,2605299bece47cbdc665c2e2d57eb6301e6ac71d700776b764e6b903e40d0fdc,89d531ccb56448ddbc56df7c9f440912802204cb,data/raw/step7-t84/formal-v1/formal-v1__profile__pyxel_shooter__cpu_compute__p075__r02,"{""pyxel_shooter"":""games/pyxel/09_shooter.py""}","{""pyxel_shooter"":""0f53e4156907eac41080a8f289e22c89365b3239517c754cf59a51af201d5563""}",84d8d0b996b53849ebdb6246b5298a5bdbc571211647c65af96a050f309d6a39
1,284,formal-v1__profile__daylight__memory_bandwidth__p000__r02,formal-v1,profile,not_applicable,pressure_profile,"[""daylight""]",daylight,[],,,memory_bandwidth,0,2,15795562366377471980,20,60,1,20,windows-rtx4060,0,0,grid_2x2,true,84,2605299bece47cbdc665c2e2d57eb6301e6ac71d700776b764e6b903e40d0fdc,89d531ccb56448ddbc56df7c9f440912802204cb,data/raw/step7-t84/formal-v1/formal-v1__profile__daylight__memory_bandwidth__p000__r02,"{""daylight"":""games/pyxel/apps-src/30SecondsOfDaylight/src/main.py""}","{""daylight"":""21a365375249e9d7ea05e78dcfe040f09cc1f0c66bd410bae084190c743a028f""}",e98dcc611e43b9932d9808b7ac26e8f77209429206d5c88677d552f704fe8945
1,285,formal-v1__profile__pyxel_jump__gpu_memory__p075__r02,formal-v1,profile,not_applicable,pressure_profile,"[""pyxel_jump""]",pyxel_jump,[],,,gpu_memory,0.75,2,16687842723697422139,20,60,1,20,windows-rtx4060,0,0,grid_2x2,true,84,2605299bece47cbdc665c2e2d57eb6301e6ac71d700776b764e6b903e40d0fdc,89d531ccb56448ddbc56df7c9f440912802204cb,data/raw/step7-t84/formal-v1/formal-v1__profile__pyxel_jump__gpu_memory__p075__r02,"{""pyxel_jump"":""games/pyxel/02_jump_game.py""}","{""pyxel_jump"":""4743a825f1c9cae7e049ac52115f4ecf83350db546c00745a54af187d7bc2e46""}",c1b1c46fc1f140914d4909d4d87b1413dd27c9009951cc2156d3ca0c34fb8fdc
1,286,formal-v1__profile__space_rescue__gpu_compute__p075__r01,formal-v1,profile,not_applicable,pressure_profile,"[""space_rescue""]",space_rescue,[],,,gpu_compute,0.75,1,7279084081483763361,20,60,1,20,windows-rtx4060,0,0,grid_2x2,true,84,2605299bece47cbdc665c2e2d57eb6301e6ac71d700776b764e6b903e40d0fdc,89d531ccb56448ddbc56df7c9f440912802204cb,data/raw/step7-t84/formal-v1/formal-v1__profile__space_rescue__gpu_compute__p075__r01,"{""space_rescue"":""games/pyxel/apps-src/space_rescue/space_rescue.py""}","{""space_rescue"":""f3b0ab6784ae558e64f06a3f0a704e53f107a130aa3d43357659d0850131e461""}",cc1dc8c98e4190be44eb3a6a1b86d191f9b5bafee02b0ae7c8a20f006d789fc5
1,287,formal-v1__profile__pyxel_snake__gpu_memory__p100__r03,formal-v1,profile,not_applicable,pressure_profile,"[""pyxel_snake""]",pyxel_snake,[],,,gpu_memory,1,3,10059704514546187109,20,60,1,20,windows-rtx4060,0,0,grid_2x2,true,84,2605299bece47cbdc665c2e2d57eb6301e6ac71d700776b764e6b903e40d0fdc,89d531ccb56448ddbc56df7c9f440912802204cb,data/raw/step7-t84/formal-v1/formal-v1__profile__pyxel_snake__gpu_memory__p100__r03,"{""pyxel_snake"":""games/pyxel/07_snake.py""}","{""pyxel_snake"":""bc533fef92d1d358e570f69d979919fe5c1cd8c4da49841104b49a1e661a5ac3""}",227846892e1d7f1aad301a75998cf7d98854ca8cf7ba721d521523cb3e779534
1,288,formal-v1__profile__daylight__gpu_memory__p050__r03,formal-v1,profile,not_applicable,pressure_profile,"[""daylight""]",daylight,[],,,gpu_memory,0.5,3,12782030619821350609,20,60,1,20,windows-rtx4060,0,0,grid_2x2,true,84,2605299bece47cbdc665c2e2d57eb6301e6ac71d700776b764e6b903e40d0fdc,89d531ccb56448ddbc56df7c9f440912802204cb,data/raw/step7-t84/formal-v1/formal-v1__profile__daylight__gpu_memory__p050__r03,"{""daylight"":""games/pyxel/apps-src/30SecondsOfDaylight/src/main.py""}","{""daylight"":""21a365375249e9d7ea05e78dcfe040f09cc1f0c66bd410bae084190c743a028f""}",ab624b022eb9a3ab0def2e6855766b09e718a051eb9fdcdda9cb29f467baeecc
1,289,formal-v1__profile__pyxel_shooter__gpu_compute__p050__r03,formal-v1,profile,not_applicable,pressure_profile,"[""pyxel_shooter""]",pyxel_shooter,[],,,gpu_compute,0.5,3,5534066133043590469,20,60,1,20,windows-rtx4060,0,0,grid_2x2,true,84,2605299bece47cbdc665c2e2d57eb6301e6ac71d700776b764e6b903e40d0fdc,89d531ccb56448ddbc56df7c9f440912802204cb,data/raw/step7-t84/formal-v1/formal-v1__profile__pyxel_shooter__gpu_compute__p050__r03,"{""pyxel_shooter"":""games/pyxel/09_shooter.py""}","{""pyxel_shooter"":""0f53e4156907eac41080a8f289e22c89365b3239517c754cf59a51af201d5563""}",b17726f7cd2070d99cfded60e0577abc5b9ba27748100f66b639ee28eeb281be
1,290,formal-v1__profile__daylight__gpu_memory__p025__r01,formal-v1,profile,not_applicable,pressure_profile,"[""daylight""]",daylight,[],,,gpu_memory,0.25,1,18181047094377291399,20,60,1,20,windows-rtx4060,0,0,grid_2x2,true,84,2605299bece47cbdc665c2e2d57eb6301e6ac71d700776b764e6b903e40d0fdc,89d531ccb56448ddbc56df7c9f440912802204cb,data/raw/step7-t84/formal-v1/formal-v1__profile__daylight__gpu_memory__p025__r01,"{""daylight"":""games/pyxel/apps-src/30SecondsOfDaylight/src/main.py""}","{""daylight"":""21a365375249e9d7ea05e78dcfe040f09cc1f0c66bd410bae084190c743a028f""}",50b5fe6c43866f2ab8bf99322c8a93b6984232eb486236bd305df133849b5336
1,291,formal-v1__profile__pyxel_jump__memory_bandwidth__p100__r01,formal-v1,profile,not_applicable,pressure_profile,"[""pyxel_jump""]",pyxel_jump,[],,,memory_bandwidth,1,1,9875989086911078753,20,60,1,20,windows-rtx4060,0,0,grid_2x2,true,84,2605299bece47cbdc665c2e2d57eb6301e6ac71d700776b764e6b903e40d0fdc,89d531ccb56448ddbc56df7c9f440912802204cb,data/raw/step7-t84/formal-v1/formal-v1__profile__pyxel_jump__memory_bandwidth__p100__r01,"{""pyxel_jump"":""games/pyxel/02_jump_game.py""}","{""pyxel_jump"":""4743a825f1c9cae7e049ac52115f4ecf83350db546c00745a54af187d7bc2e46""}",b25928aa3e74779f95dcfd7590b6344011460edfb97451579d39f42f9e47bafa
1,292,formal-v1__profile__pyxel_jump__cpu_compute__p000__r03,formal-v1,profile,not_applicable,pressure_profile,"[""pyxel_jump""]",pyxel_jump,[],,,cpu_compute,0,3,14285936815535495419,20,60,1,20,windows-rtx4060,0,0,grid_2x2,true,84,2605299bece47cbdc665c2e2d57eb6301e6ac71d700776b764e6b903e40d0fdc,89d531ccb56448ddbc56df7c9f440912802204cb,data/raw/step7-t84/formal-v1/formal-v1__profile__pyxel_jump__cpu_compute__p000__r03,"{""pyxel_jump"":""games/pyxel/02_jump_game.py""}","{""pyxel_jump"":""4743a825f1c9cae7e049ac52115f4ecf83350db546c00745a54af187d7bc2e46""}",c62054a06d4a18db0a667b26ad4dbba5c51c4d322cf8d519a7700862efe0c3a0
1,293,formal-v1__profile__space_rescue__gpu_memory__p100__r01,formal-v1,profile,not_applicable,pressure_profile,"[""space_rescue""]",space_rescue,[],,,gpu_memory,1,1,13172641782876040840,20,60,1,20,windows-rtx4060,0,0,grid_2x2,true,84,2605299bece47cbdc665c2e2d57eb6301e6ac71d700776b764e6b903e40d0fdc,89d531ccb56448ddbc56df7c9f440912802204cb,data/raw/step7-t84/formal-v1/formal-v1__profile__space_rescue__gpu_memory__p100__r01,"{""space_rescue"":""games/pyxel/apps-src/space_rescue/space_rescue.py""}","{""space_rescue"":""f3b0ab6784ae558e64f06a3f0a704e53f107a130aa3d43357659d0850131e461""}",03f286cf178a7a845084f98b4302bd86fcda7c036e3c9f4b78aef9c61eb90839
1,294,formal-v1__profile__pyxel_jump__gpu_memory__p050__r02,formal-v1,profile,not_applicable,pressure_profile,"[""pyxel_jump""]",pyxel_jump,[],,,gpu_memory,0.5,2,6754845160849666377,20,60,1,20,windows-rtx4060,0,0,grid_2x2,true,84,2605299bece47cbdc665c2e2d57eb6301e6ac71d700776b764e6b903e40d0fdc,89d531ccb56448ddbc56df7c9f440912802204cb,data/raw/step7-t84/formal-v1/formal-v1__profile__pyxel_jump__gpu_memory__p050__r02,"{""pyxel_jump"":""games/pyxel/02_jump_game.py""}","{""pyxel_jump"":""4743a825f1c9cae7e049ac52115f4ecf83350db546c00745a54af187d7bc2e46""}",c84da89865f022e9c68589053afa5da44845cf024fe59e4919a72b41ff799c93
1,295,formal-v1__profile__pyxel_bubbles__cpu_compute__p075__r03,formal-v1,profile,not_applicable,pressure_profile,"[""pyxel_bubbles""]",pyxel_bubbles,[],,,cpu_compute,0.75,3,889363053334683799,20,60,1,20,windows-rtx4060,0,0,grid_2x2,true,84,2605299bece47cbdc665c2e2d57eb6301e6ac71d700776b764e6b903e40d0fdc,89d531ccb56448ddbc56df7c9f440912802204cb,data/raw/step7-t84/formal-v1/formal-v1__profile__pyxel_bubbles__cpu_compute__p075__r03,"{""pyxel_bubbles"":""games/pyxel/06_click_game.py""}","{""pyxel_bubbles"":""54c101e90bdaed839ac4c4284494530d5df37a5819a35f1e41eebb0b3da5d900""}",1a89a69ab72b2801818d1254dc6c529281451668681d90479f043207f7795d87
1,296,formal-v1__profile__pyxel_shooter__cpu_compute__p100__r02,formal-v1,profile,not_applicable,pressure_profile,"[""pyxel_shooter""]",pyxel_shooter,[],,,cpu_compute,1,2,1964262705927271843,20,60,1,20,windows-rtx4060,0,0,grid_2x2,true,84,2605299bece47cbdc665c2e2d57eb6301e6ac71d700776b764e6b903e40d0fdc,89d531ccb56448ddbc56df7c9f440912802204cb,data/raw/step7-t84/formal-v1/formal-v1__profile__pyxel_shooter__cpu_compute__p100__r02,"{""pyxel_shooter"":""games/pyxel/09_shooter.py""}","{""pyxel_shooter"":""0f53e4156907eac41080a8f289e22c89365b3239517c754cf59a51af201d5563""}",22cc6e78fda28de4f35c8fb0e3aab63bf5f4c8fcae15ab028838c3b0e0f69055
1,297,formal-v1__profile__pyxel_platformer__gpu_compute__p025__r02,formal-v1,profile,not_applicable,pressure_profile,"[""pyxel_platformer""]",pyxel_platformer,[],,,gpu_compute,0.25,2,3839963175841785373,20,60,1,20,windows-rtx4060,0,0,grid_2x2,true,84,2605299bece47cbdc665c2e2d57eb6301e6ac71d700776b764e6b903e40d0fdc,89d531ccb56448ddbc56df7c9f440912802204cb,data/raw/step7-t84/formal-v1/formal-v1__profile__pyxel_platformer__gpu_compute__p025__r02,"{""pyxel_platformer"":""games/pyxel/10_platformer.py""}","{""pyxel_platformer"":""1b2c75b49dc9ab0254fb4b724682a4787868814a38d2f08920720dc5b6007ac5""}",4b36368019fc99d0f14cd8c8f523eac826bd0b4fe9302b58c357dc566180c43c
1,298,formal-v1__profile__mega_wing__gpu_memory__p050__r02,formal-v1,profile,not_applicable,pressure_profile,"[""mega_wing""]",mega_wing,[],,,gpu_memory,0.5,2,12784461153044148819,20,60,1,20,windows-rtx4060,0,0,grid_2x2,true,84,2605299bece47cbdc665c2e2d57eb6301e6ac71d700776b764e6b903e40d0fdc,89d531ccb56448ddbc56df7c9f440912802204cb,data/raw/step7-t84/formal-v1/formal-v1__profile__mega_wing__gpu_memory__p050__r02,"{""mega_wing"":""games/pyxel/apps-src/mega_wing/mega_wing.py""}","{""mega_wing"":""86bad6c02a303806c58137503739241dc6b1e86695f7c0dbf672b5e1a1464e9f""}",b4af8bd548dd277969daca8df944aa8cac3bbfceb4ec175770c48bbc20d27e48
1,299,formal-v1__profile__pyxel_platformer__memory_bandwidth__p050__r02,formal-v1,profile,not_applicable,pressure_profile,"[""pyxel_platformer""]",pyxel_platformer,[],,,memory_bandwidth,0.5,2,16022214708714483823,20,60,1,20,windows-rtx4060,0,0,grid_2x2,true,84,2605299bece47cbdc665c2e2d57eb6301e6ac71d700776b764e6b903e40d0fdc,89d531ccb56448ddbc56df7c9f440912802204cb,data/raw/step7-t84/formal-v1/formal-v1__profile__pyxel_platformer__memory_bandwidth__p050__r02,"{""pyxel_platformer"":""games/pyxel/10_platformer.py""}","{""pyxel_platformer"":""1b2c75b49dc9ab0254fb4b724682a4787868814a38d2f08920720dc5b6007ac5""}",d9f3b04ba78573eb76d8b5705a7cd27197c06605a36409e0143ce41bb4b8922e
1,300,formal-v1__profile__mega_wing__memory_bandwidth__p075__r02,formal-v1,profile,not_applicable,pressure_profile,"[""mega_wing""]",mega_wing,[],,,memory_bandwidth,0.75,2,7750196177197928989,20,60,1,20,windows-rtx4060,0,0,grid_2x2,true,84,2605299bece47cbdc665c2e2d57eb6301e6ac71d700776b764e6b903e40d0fdc,89d531ccb56448ddbc56df7c9f440912802204cb,data/raw/step7-t84/formal-v1/formal-v1__profile__mega_wing__memory_bandwidth__p075__r02,"{""mega_wing"":""games/pyxel/apps-src/mega_wing/mega_wing.py""}","{""mega_wing"":""86bad6c02a303806c58137503739241dc6b1e86695f7c0dbf672b5e1a1464e9f""}",57bcdcfca73028539ef5ddd6cb82cc9641e91619d837b186d605f5d50da34456
1,301,formal-v1__profile__pyxel_snake__memory_bandwidth__p025__r03,formal-v1,profile,not_applicable,pressure_profile,"[""pyxel_snake""]",pyxel_snake,[],,,memory_bandwidth,0.25,3,1918439723937799694,20,60,1,20,windows-rtx4060,0,0,grid_2x2,true,84,2605299bece47cbdc665c2e2d57eb6301e6ac71d700776b764e6b903e40d0fdc,89d531ccb56448ddbc56df7c9f440912802204cb,data/raw/step7-t84/formal-v1/formal-v1__profile__pyxel_snake__memory_bandwidth__p025__r03,"{""pyxel_snake"":""games/pyxel/07_snake.py""}","{""pyxel_snake"":""bc533fef92d1d358e570f69d979919fe5c1cd8c4da49841104b49a1e661a5ac3""}",8574a8159ec8752741edf5d2b3028d5720b5dccffa550f6136c2496b782a716a
1,302,formal-v1__profile__pyxel_shooter__gpu_compute__p075__r01,formal-v1,profile,not_applicable,pressure_profile,"[""pyxel_shooter""]",pyxel_shooter,[],,,gpu_compute,0.75,1,6732974421733216668,20,60,1,20,windows-rtx4060,0,0,grid_2x2,true,84,2605299bece47cbdc665c2e2d57eb6301e6ac71d700776b764e6b903e40d0fdc,89d531ccb56448ddbc56df7c9f440912802204cb,data/raw/step7-t84/formal-v1/formal-v1__profile__pyxel_shooter__gpu_compute__p075__r01,"{""pyxel_shooter"":""games/pyxel/09_shooter.py""}","{""pyxel_shooter"":""0f53e4156907eac41080a8f289e22c89365b3239517c754cf59a51af201d5563""}",d72797d56253bc2e06536594cbfe8e2da4ca1aaf0e40b7281dc7b451833cc809
1,303,formal-v1__profile__pyxel_shooter__gpu_memory__p075__r01,formal-v1,profile,not_applicable,pressure_profile,"[""pyxel_shooter""]",pyxel_shooter,[],,,gpu_memory,0.75,1,514561153268668884,20,60,1,20,windows-rtx4060,0,0,grid_2x2,true,84,2605299bece47cbdc665c2e2d57eb6301e6ac71d700776b764e6b903e40d0fdc,89d531ccb56448ddbc56df7c9f440912802204cb,data/raw/step7-t84/formal-v1/formal-v1__profile__pyxel_shooter__gpu_memory__p075__r01,"{""pyxel_shooter"":""games/pyxel/09_shooter.py""}","{""pyxel_shooter"":""0f53e4156907eac41080a8f289e22c89365b3239517c754cf59a51af201d5563""}",7c856a166049cb929dc793216cff39d0c338435c10837b67806db7448bd40ed4
1,304,formal-v1__profile__mega_wing__gpu_memory__p100__r02,formal-v1,profile,not_applicable,pressure_profile,"[""mega_wing""]",mega_wing,[],,,gpu_memory,1,2,4689226427240351128,20,60,1,20,windows-rtx4060,0,0,grid_2x2,true,84,2605299bece47cbdc665c2e2d57eb6301e6ac71d700776b764e6b903e40d0fdc,89d531ccb56448ddbc56df7c9f440912802204cb,data/raw/step7-t84/formal-v1/formal-v1__profile__mega_wing__gpu_memory__p100__r02,"{""mega_wing"":""games/pyxel/apps-src/mega_wing/mega_wing.py""}","{""mega_wing"":""86bad6c02a303806c58137503739241dc6b1e86695f7c0dbf672b5e1a1464e9f""}",b12ec29a5138b03c60836cc3cddddb193bbf3f584675c5aae6c0e7722f3ab38c
1,305,formal-v1__profile__space_rescue__gpu_memory__p050__r01,formal-v1,profile,not_applicable,pressure_profile,"[""space_rescue""]",space_rescue,[],,,gpu_memory,0.5,1,8264407182300005763,20,60,1,20,windows-rtx4060,0,0,grid_2x2,true,84,2605299bece47cbdc665c2e2d57eb6301e6ac71d700776b764e6b903e40d0fdc,89d531ccb56448ddbc56df7c9f440912802204cb,data/raw/step7-t84/formal-v1/formal-v1__profile__space_rescue__gpu_memory__p050__r01,"{""space_rescue"":""games/pyxel/apps-src/space_rescue/space_rescue.py""}","{""space_rescue"":""f3b0ab6784ae558e64f06a3f0a704e53f107a130aa3d43357659d0850131e461""}",8c91ed5ad200329b90884eb3e0defccf644b97024759ac1b9eb68c5ce787d2ee
1,306,formal-v1__profile__pyxel_bubbles__gpu_memory__p075__r02,formal-v1,profile,not_applicable,pressure_profile,"[""pyxel_bubbles""]",pyxel_bubbles,[],,,gpu_memory,0.75,2,1255275793115030458,20,60,1,20,windows-rtx4060,0,0,grid_2x2,true,84,2605299bece47cbdc665c2e2d57eb6301e6ac71d700776b764e6b903e40d0fdc,89d531ccb56448ddbc56df7c9f440912802204cb,data/raw/step7-t84/formal-v1/formal-v1__profile__pyxel_bubbles__gpu_memory__p075__r02,"{""pyxel_bubbles"":""games/pyxel/06_click_game.py""}","{""pyxel_bubbles"":""54c101e90bdaed839ac4c4284494530d5df37a5819a35f1e41eebb0b3da5d900""}",9a0f2e10f67922e0315d47262a4c90ad845ac61680893f055e8a8eb3693d2fea
1,307,formal-v1__profile__daylight__gpu_memory__p025__r03,formal-v1,profile,not_applicable,pressure_profile,"[""daylight""]",daylight,[],,,gpu_memory,0.25,3,12781802666410310296,20,60,1,20,windows-rtx4060,0,0,grid_2x2,true,84,2605299bece47cbdc665c2e2d57eb6301e6ac71d700776b764e6b903e40d0fdc,89d531ccb56448ddbc56df7c9f440912802204cb,data/raw/step7-t84/formal-v1/formal-v1__profile__daylight__gpu_memory__p025__r03,"{""daylight"":""games/pyxel/apps-src/30SecondsOfDaylight/src/main.py""}","{""daylight"":""21a365375249e9d7ea05e78dcfe040f09cc1f0c66bd410bae084190c743a028f""}",7fdbf8e98b6c1f388e7d08bf80b7d5f9e84dc8d37bee9c2f06e5f5e4ca546988
1,308,formal-v1__profile__space_rescue__gpu_compute__p075__r02,formal-v1,profile,not_applicable,pressure_profile,"[""space_rescue""]",space_rescue,[],,,gpu_compute,0.75,2,11480756502642916406,20,60,1,20,windows-rtx4060,0,0,grid_2x2,true,84,2605299bece47cbdc665c2e2d57eb6301e6ac71d700776b764e6b903e40d0fdc,89d531ccb56448ddbc56df7c9f440912802204cb,data/raw/step7-t84/formal-v1/formal-v1__profile__space_rescue__gpu_compute__p075__r02,"{""space_rescue"":""games/pyxel/apps-src/space_rescue/space_rescue.py""}","{""space_rescue"":""f3b0ab6784ae558e64f06a3f0a704e53f107a130aa3d43357659d0850131e461""}",dee41455286287568f5012a1ec29e3d7347dffdb14e098d4b224913943299786
1,309,formal-v1__profile__pyxel_platformer__cpu_compute__p075__r03,formal-v1,profile,not_applicable,pressure_profile,"[""pyxel_platformer""]",pyxel_platformer,[],,,cpu_compute,0.75,3,15993045595473113112,20,60,1,20,windows-rtx4060,0,0,grid_2x2,true,84,2605299bece47cbdc665c2e2d57eb6301e6ac71d700776b764e6b903e40d0fdc,89d531ccb56448ddbc56df7c9f440912802204cb,data/raw/step7-t84/formal-v1/formal-v1__profile__pyxel_platformer__cpu_compute__p075__r03,"{""pyxel_platformer"":""games/pyxel/10_platformer.py""}","{""pyxel_platformer"":""1b2c75b49dc9ab0254fb4b724682a4787868814a38d2f08920720dc5b6007ac5""}",31f19b44faafd9729301415b1a3e0ef8e92d16179231e571aae3a683035bf54a
1,310,formal-v1__profile__pyxel_platformer__memory_bandwidth__p025__r03,formal-v1,profile,not_applicable,pressure_profile,"[""pyxel_platformer""]",pyxel_platformer,[],,,memory_bandwidth,0.25,3,6407012450131811621,20,60,1,20,windows-rtx4060,0,0,grid_2x2,true,84,2605299bece47cbdc665c2e2d57eb6301e6ac71d700776b764e6b903e40d0fdc,89d531ccb56448ddbc56df7c9f440912802204cb,data/raw/step7-t84/formal-v1/formal-v1__profile__pyxel_platformer__memory_bandwidth__p025__r03,"{""pyxel_platformer"":""games/pyxel/10_platformer.py""}","{""pyxel_platformer"":""1b2c75b49dc9ab0254fb4b724682a4787868814a38d2f08920720dc5b6007ac5""}",f17c868be43fa41bc5c5d992e1e7406b84ba3325201dfd0e0a9087938c4cb322
1,311,formal-v1__profile__pyxel_snake__gpu_memory__p050__r02,formal-v1,profile,not_applicable,pressure_profile,"[""pyxel_snake""]",pyxel_snake,[],,,gpu_memory,0.5,2,13839995820513001035,20,60,1,20,windows-rtx4060,0,0,grid_2x2,true,84,2605299bece47cbdc665c2e2d57eb6301e6ac71d700776b764e6b903e40d0fdc,89d531ccb56448ddbc56df7c9f440912802204cb,data/raw/step7-t84/formal-v1/formal-v1__profile__pyxel_snake__gpu_memory__p050__r02,"{""pyxel_snake"":""games/pyxel/07_snake.py""}","{""pyxel_snake"":""bc533fef92d1d358e570f69d979919fe5c1cd8c4da49841104b49a1e661a5ac3""}",75055cd51d24b08a8a6371abcaac80c0e87de2687b840dbe5b0c0d8d5e1d50bf
1,312,formal-v1__profile__mega_wing__cpu_compute__p100__r02,formal-v1,profile,not_applicable,pressure_profile,"[""mega_wing""]",mega_wing,[],,,cpu_compute,1,2,13879960688413478979,20,60,1,20,windows-rtx4060,0,0,grid_2x2,true,84,2605299bece47cbdc665c2e2d57eb6301e6ac71d700776b764e6b903e40d0fdc,89d531ccb56448ddbc56df7c9f440912802204cb,data/raw/step7-t84/formal-v1/formal-v1__profile__mega_wing__cpu_compute__p100__r02,"{""mega_wing"":""games/pyxel/apps-src/mega_wing/mega_wing.py""}","{""mega_wing"":""86bad6c02a303806c58137503739241dc6b1e86695f7c0dbf672b5e1a1464e9f""}",9463d1adc64560ba21c574d1f71e0ee84292b568b0a24ded760bb8e57a8d1409
1,313,formal-v1__profile__pyxel_shooter__gpu_memory__p000__r03,formal-v1,profile,not_applicable,pressure_profile,"[""pyxel_shooter""]",pyxel_shooter,[],,,gpu_memory,0,3,3924502167562023824,20,60,1,20,windows-rtx4060,0,0,grid_2x2,true,84,2605299bece47cbdc665c2e2d57eb6301e6ac71d700776b764e6b903e40d0fdc,89d531ccb56448ddbc56df7c9f440912802204cb,data/raw/step7-t84/formal-v1/formal-v1__profile__pyxel_shooter__gpu_memory__p000__r03,"{""pyxel_shooter"":""games/pyxel/09_shooter.py""}","{""pyxel_shooter"":""0f53e4156907eac41080a8f289e22c89365b3239517c754cf59a51af201d5563""}",e399dcff51df73854c7c105e1d2a97df605ceca399c9c5b755d38e39c1b5a004
1,314,formal-v1__profile__space_rescue__gpu_memory__p050__r03,formal-v1,profile,not_applicable,pressure_profile,"[""space_rescue""]",space_rescue,[],,,gpu_memory,0.5,3,9289223112394258126,20,60,1,20,windows-rtx4060,0,0,grid_2x2,true,84,2605299bece47cbdc665c2e2d57eb6301e6ac71d700776b764e6b903e40d0fdc,89d531ccb56448ddbc56df7c9f440912802204cb,data/raw/step7-t84/formal-v1/formal-v1__profile__space_rescue__gpu_memory__p050__r03,"{""space_rescue"":""games/pyxel/apps-src/space_rescue/space_rescue.py""}","{""space_rescue"":""f3b0ab6784ae558e64f06a3f0a704e53f107a130aa3d43357659d0850131e461""}",6d7a89012ea055169e9d1feb53b51f456cde6e0d9f15fba7c1295931529eb174
1,315,formal-v1__profile__pyxel_shooter__gpu_compute__p025__r02,formal-v1,profile,not_applicable,pressure_profile,"[""pyxel_shooter""]",pyxel_shooter,[],,,gpu_compute,0.25,2,7563723685063049290,20,60,1,20,windows-rtx4060,0,0,grid_2x2,true,84,2605299bece47cbdc665c2e2d57eb6301e6ac71d700776b764e6b903e40d0fdc,89d531ccb56448ddbc56df7c9f440912802204cb,data/raw/step7-t84/formal-v1/formal-v1__profile__pyxel_shooter__gpu_compute__p025__r02,"{""pyxel_shooter"":""games/pyxel/09_shooter.py""}","{""pyxel_shooter"":""0f53e4156907eac41080a8f289e22c89365b3239517c754cf59a51af201d5563""}",0abd47e1cfdeedda3586d45372c29683da089be2696e289a47b92d98cb2916c1
1,316,formal-v1__profile__pyxel_shooter__memory_bandwidth__p075__r02,formal-v1,profile,not_applicable,pressure_profile,"[""pyxel_shooter""]",pyxel_shooter,[],,,memory_bandwidth,0.75,2,12222865531616824191,20,60,1,20,windows-rtx4060,0,0,grid_2x2,true,84,2605299bece47cbdc665c2e2d57eb6301e6ac71d700776b764e6b903e40d0fdc,89d531ccb56448ddbc56df7c9f440912802204cb,data/raw/step7-t84/formal-v1/formal-v1__profile__pyxel_shooter__memory_bandwidth__p075__r02,"{""pyxel_shooter"":""games/pyxel/09_shooter.py""}","{""pyxel_shooter"":""0f53e4156907eac41080a8f289e22c89365b3239517c754cf59a51af201d5563""}",15698bfbb4fa8931554f11868679ebc1adcd0803e776acdf4fa665f0644ed341
1,317,formal-v1__profile__pyxel_snake__memory_bandwidth__p000__r02,formal-v1,profile,not_applicable,pressure_profile,"[""pyxel_snake""]",pyxel_snake,[],,,memory_bandwidth,0,2,7869016819422928092,20,60,1,20,windows-rtx4060,0,0,grid_2x2,true,84,2605299bece47cbdc665c2e2d57eb6301e6ac71d700776b764e6b903e40d0fdc,89d531ccb56448ddbc56df7c9f440912802204cb,data/raw/step7-t84/formal-v1/formal-v1__profile__pyxel_snake__memory_bandwidth__p000__r02,"{""pyxel_snake"":""games/pyxel/07_snake.py""}","{""pyxel_snake"":""bc533fef92d1d358e570f69d979919fe5c1cd8c4da49841104b49a1e661a5ac3""}",8afa68d5cdd3957b39da1b5d1124bd14ed967a47a241ee9f3c809f5e6c771afb
1,318,formal-v1__profile__pyxel_bubbles__memory_bandwidth__p050__r01,formal-v1,profile,not_applicable,pressure_profile,"[""pyxel_bubbles""]",pyxel_bubbles,[],,,memory_bandwidth,0.5,1,17768249687107614157,20,60,1,20,windows-rtx4060,0,0,grid_2x2,true,84,2605299bece47cbdc665c2e2d57eb6301e6ac71d700776b764e6b903e40d0fdc,89d531ccb56448ddbc56df7c9f440912802204cb,data/raw/step7-t84/formal-v1/formal-v1__profile__pyxel_bubbles__memory_bandwidth__p050__r01,"{""pyxel_bubbles"":""games/pyxel/06_click_game.py""}","{""pyxel_bubbles"":""54c101e90bdaed839ac4c4284494530d5df37a5819a35f1e41eebb0b3da5d900""}",1d21b9fb39ff3001d40650970ba4dd4b99204cb32233c7228d247e2a22d2ebeb
1,319,formal-v1__profile__pyxel_bubbles__gpu_memory__p000__r03,formal-v1,profile,not_applicable,pressure_profile,"[""pyxel_bubbles""]",pyxel_bubbles,[],,,gpu_memory,0,3,7908895358817579506,20,60,1,20,windows-rtx4060,0,0,grid_2x2,true,84,2605299bece47cbdc665c2e2d57eb6301e6ac71d700776b764e6b903e40d0fdc,89d531ccb56448ddbc56df7c9f440912802204cb,data/raw/step7-t84/formal-v1/formal-v1__profile__pyxel_bubbles__gpu_memory__p000__r03,"{""pyxel_bubbles"":""games/pyxel/06_click_game.py""}","{""pyxel_bubbles"":""54c101e90bdaed839ac4c4284494530d5df37a5819a35f1e41eebb0b3da5d900""}",741248f14532a2af8ca2ed78d6c6b739023031e7632f77edd5efdc18dfa1a607
1,320,formal-v1__profile__pyxel_bubbles__cpu_compute__p025__r01,formal-v1,profile,not_applicable,pressure_profile,"[""pyxel_bubbles""]",pyxel_bubbles,[],,,cpu_compute,0.25,1,5327162511182968226,20,60,1,20,windows-rtx4060,0,0,grid_2x2,true,84,2605299bece47cbdc665c2e2d57eb6301e6ac71d700776b764e6b903e40d0fdc,89d531ccb56448ddbc56df7c9f440912802204cb,data/raw/step7-t84/formal-v1/formal-v1__profile__pyxel_bubbles__cpu_compute__p025__r01,"{""pyxel_bubbles"":""games/pyxel/06_click_game.py""}","{""pyxel_bubbles"":""54c101e90bdaed839ac4c4284494530d5df37a5819a35f1e41eebb0b3da5d900""}",16303380b3a9a89860330c0ff155086edf4a370fa5140deaffd7e86aa129d75c
1,321,formal-v1__profile__pyxel_shooter__cpu_compute__p050__r01,formal-v1,profile,not_applicable,pressure_profile,"[""pyxel_shooter""]",pyxel_shooter,[],,,cpu_compute,0.5,1,9540729588012271024,20,60,1,20,windows-rtx4060,0,0,grid_2x2,true,84,2605299bece47cbdc665c2e2d57eb6301e6ac71d700776b764e6b903e40d0fdc,89d531ccb56448ddbc56df7c9f440912802204cb,data/raw/step7-t84/formal-v1/formal-v1__profile__pyxel_shooter__cpu_compute__p050__r01,"{""pyxel_shooter"":""games/pyxel/09_shooter.py""}","{""pyxel_shooter"":""0f53e4156907eac41080a8f289e22c89365b3239517c754cf59a51af201d5563""}",9a7ec3f9ca76b57cea8eded5f9551097bdec093bfc35626754cc3a443f19051a
1,322,formal-v1__profile__pyxel_bubbles__cpu_compute__p075__r01,formal-v1,profile,not_applicable,pressure_profile,"[""pyxel_bubbles""]",pyxel_bubbles,[],,,cpu_compute,0.75,1,13718657940489101153,20,60,1,20,windows-rtx4060,0,0,grid_2x2,true,84,2605299bece47cbdc665c2e2d57eb6301e6ac71d700776b764e6b903e40d0fdc,89d531ccb56448ddbc56df7c9f440912802204cb,data/raw/step7-t84/formal-v1/formal-v1__profile__pyxel_bubbles__cpu_compute__p075__r01,"{""pyxel_bubbles"":""games/pyxel/06_click_game.py""}","{""pyxel_bubbles"":""54c101e90bdaed839ac4c4284494530d5df37a5819a35f1e41eebb0b3da5d900""}",a613ed8704dd3c8ef736c9354f6f813c1526989ce142381cccae1747661f056c
1,323,formal-v1__profile__pyxel_platformer__gpu_compute__p025__r01,formal-v1,profile,not_applicable,pressure_profile,"[""pyxel_platformer""]",pyxel_platformer,[],,,gpu_compute,0.25,1,7844644472696467463,20,60,1,20,windows-rtx4060,0,0,grid_2x2,true,84,2605299bece47cbdc665c2e2d57eb6301e6ac71d700776b764e6b903e40d0fdc,89d531ccb56448ddbc56df7c9f440912802204cb,data/raw/step7-t84/formal-v1/formal-v1__profile__pyxel_platformer__gpu_compute__p025__r01,"{""pyxel_platformer"":""games/pyxel/10_platformer.py""}","{""pyxel_platformer"":""1b2c75b49dc9ab0254fb4b724682a4787868814a38d2f08920720dc5b6007ac5""}",86e7559b12ab0fb84cf3d4f760fa4ed5fe79194f6b24beef5879378cdd3c912c
1,324,formal-v1__profile__pyxel_bubbles__gpu_memory__p075__r01,formal-v1,profile,not_applicable,pressure_profile,"[""pyxel_bubbles""]",pyxel_bubbles,[],,,gpu_memory,0.75,1,7646623815991951186,20,60,1,20,windows-rtx4060,0,0,grid_2x2,true,84,2605299bece47cbdc665c2e2d57eb6301e6ac71d700776b764e6b903e40d0fdc,89d531ccb56448ddbc56df7c9f440912802204cb,data/raw/step7-t84/formal-v1/formal-v1__profile__pyxel_bubbles__gpu_memory__p075__r01,"{""pyxel_bubbles"":""games/pyxel/06_click_game.py""}","{""pyxel_bubbles"":""54c101e90bdaed839ac4c4284494530d5df37a5819a35f1e41eebb0b3da5d900""}",df676f59c55a52e10b24a20f53ca1db2c65d7e2dec345c845721abe12ff1fa89
1,325,formal-v1__profile__pyxel_shooter__cpu_compute__p025__r01,formal-v1,profile,not_applicable,pressure_profile,"[""pyxel_shooter""]",pyxel_shooter,[],,,cpu_compute,0.25,1,9574682471250340492,20,60,1,20,windows-rtx4060,0,0,grid_2x2,true,84,2605299bece47cbdc665c2e2d57eb6301e6ac71d700776b764e6b903e40d0fdc,89d531ccb56448ddbc56df7c9f440912802204cb,data/raw/step7-t84/formal-v1/formal-v1__profile__pyxel_shooter__cpu_compute__p025__r01,"{""pyxel_shooter"":""games/pyxel/09_shooter.py""}","{""pyxel_shooter"":""0f53e4156907eac41080a8f289e22c89365b3239517c754cf59a51af201d5563""}",affc95953653f270e65f0d88702fbe2d10ba6e788ce750f1dd7af608124111aa
1,326,formal-v1__profile__pyxel_shooter__cpu_compute__p025__r03,formal-v1,profile,not_applicable,pressure_profile,"[""pyxel_shooter""]",pyxel_shooter,[],,,cpu_compute,0.25,3,17660117363831700035,20,60,1,20,windows-rtx4060,0,0,grid_2x2,true,84,2605299bece47cbdc665c2e2d57eb6301e6ac71d700776b764e6b903e40d0fdc,89d531ccb56448ddbc56df7c9f440912802204cb,data/raw/step7-t84/formal-v1/formal-v1__profile__pyxel_shooter__cpu_compute__p025__r03,"{""pyxel_shooter"":""games/pyxel/09_shooter.py""}","{""pyxel_shooter"":""0f53e4156907eac41080a8f289e22c89365b3239517c754cf59a51af201d5563""}",2bbea82d4dc9685583cd86424358bf3487536d551e5d1e57dfadcb72199e5e3f
1,327,formal-v1__profile__pyxel_platformer__cpu_compute__p025__r01,formal-v1,profile,not_applicable,pressure_profile,"[""pyxel_platformer""]",pyxel_platformer,[],,,cpu_compute,0.25,1,3921572364177749984,20,60,1,20,windows-rtx4060,0,0,grid_2x2,true,84,2605299bece47cbdc665c2e2d57eb6301e6ac71d700776b764e6b903e40d0fdc,89d531ccb56448ddbc56df7c9f440912802204cb,data/raw/step7-t84/formal-v1/formal-v1__profile__pyxel_platformer__cpu_compute__p025__r01,"{""pyxel_platformer"":""games/pyxel/10_platformer.py""}","{""pyxel_platformer"":""1b2c75b49dc9ab0254fb4b724682a4787868814a38d2f08920720dc5b6007ac5""}",25e751ddd6e38793fea8de7d1b1675d396388ae13ed35afe82667a39656aba63
1,328,formal-v1__profile__pyxel_shooter__memory_bandwidth__p050__r02,formal-v1,profile,not_applicable,pressure_profile,"[""pyxel_shooter""]",pyxel_shooter,[],,,memory_bandwidth,0.5,2,5186168733706402717,20,60,1,20,windows-rtx4060,0,0,grid_2x2,true,84,2605299bece47cbdc665c2e2d57eb6301e6ac71d700776b764e6b903e40d0fdc,89d531ccb56448ddbc56df7c9f440912802204cb,data/raw/step7-t84/formal-v1/formal-v1__profile__pyxel_shooter__memory_bandwidth__p050__r02,"{""pyxel_shooter"":""games/pyxel/09_shooter.py""}","{""pyxel_shooter"":""0f53e4156907eac41080a8f289e22c89365b3239517c754cf59a51af201d5563""}",5e9245f27e2c52d6e573f2b0af30ea7513863509a731ea4490ae39d473a62cd0
1,329,formal-v1__profile__pyxel_platformer__cpu_compute__p000__r03,formal-v1,profile,not_applicable,pressure_profile,"[""pyxel_platformer""]",pyxel_platformer,[],,,cpu_compute,0,3,17679836067172318764,20,60,1,20,windows-rtx4060,0,0,grid_2x2,true,84,2605299bece47cbdc665c2e2d57eb6301e6ac71d700776b764e6b903e40d0fdc,89d531ccb56448ddbc56df7c9f440912802204cb,data/raw/step7-t84/formal-v1/formal-v1__profile__pyxel_platformer__cpu_compute__p000__r03,"{""pyxel_platformer"":""games/pyxel/10_platformer.py""}","{""pyxel_platformer"":""1b2c75b49dc9ab0254fb4b724682a4787868814a38d2f08920720dc5b6007ac5""}",667856399be4402f8f71b01ecb0a813b4bbc87cb121e56215d5ebd9d418c9b7d
1,330,formal-v1__profile__pyxel_bubbles__memory_bandwidth__p100__r01,formal-v1,profile,not_applicable,pressure_profile,"[""pyxel_bubbles""]",pyxel_bubbles,[],,,memory_bandwidth,1,1,11602898221305286257,20,60,1,20,windows-rtx4060,0,0,grid_2x2,true,84,2605299bece47cbdc665c2e2d57eb6301e6ac71d700776b764e6b903e40d0fdc,89d531ccb56448ddbc56df7c9f440912802204cb,data/raw/step7-t84/formal-v1/formal-v1__profile__pyxel_bubbles__memory_bandwidth__p100__r01,"{""pyxel_bubbles"":""games/pyxel/06_click_game.py""}","{""pyxel_bubbles"":""54c101e90bdaed839ac4c4284494530d5df37a5819a35f1e41eebb0b3da5d900""}",b610892891c050acc89e972fb4f3165b0e67ce15592bf1ef7ef406f21ef06e5f
1,331,formal-v1__profile__pyxel_jump__gpu_memory__p000__r01,formal-v1,profile,not_applicable,pressure_profile,"[""pyxel_jump""]",pyxel_jump,[],,,gpu_memory,0,1,6647778361192104066,20,60,1,20,windows-rtx4060,0,0,grid_2x2,true,84,2605299bece47cbdc665c2e2d57eb6301e6ac71d700776b764e6b903e40d0fdc,89d531ccb56448ddbc56df7c9f440912802204cb,data/raw/step7-t84/formal-v1/formal-v1__profile__pyxel_jump__gpu_memory__p000__r01,"{""pyxel_jump"":""games/pyxel/02_jump_game.py""}","{""pyxel_jump"":""4743a825f1c9cae7e049ac52115f4ecf83350db546c00745a54af187d7bc2e46""}",5f19ed7435c5daa84af7743b90629fc7e06678df10f0b0df4ebc97e01d44e648
1,332,formal-v1__profile__pyxel_bubbles__gpu_memory__p100__r02,formal-v1,profile,not_applicable,pressure_profile,"[""pyxel_bubbles""]",pyxel_bubbles,[],,,gpu_memory,1,2,16358609386470069171,20,60,1,20,windows-rtx4060,0,0,grid_2x2,true,84,2605299bece47cbdc665c2e2d57eb6301e6ac71d700776b764e6b903e40d0fdc,89d531ccb56448ddbc56df7c9f440912802204cb,data/raw/step7-t84/formal-v1/formal-v1__profile__pyxel_bubbles__gpu_memory__p100__r02,"{""pyxel_bubbles"":""games/pyxel/06_click_game.py""}","{""pyxel_bubbles"":""54c101e90bdaed839ac4c4284494530d5df37a5819a35f1e41eebb0b3da5d900""}",5878c22540103efa2289f3928b115be4e8fb4970d2ad0a6c3c5a615b9e1e5264
1,333,formal-v1__profile__mega_wing__cpu_compute__p075__r01,formal-v1,profile,not_applicable,pressure_profile,"[""mega_wing""]",mega_wing,[],,,cpu_compute,0.75,1,10901376405546973285,20,60,1,20,windows-rtx4060,0,0,grid_2x2,true,84,2605299bece47cbdc665c2e2d57eb6301e6ac71d700776b764e6b903e40d0fdc,89d531ccb56448ddbc56df7c9f440912802204cb,data/raw/step7-t84/formal-v1/formal-v1__profile__mega_wing__cpu_compute__p075__r01,"{""mega_wing"":""games/pyxel/apps-src/mega_wing/mega_wing.py""}","{""mega_wing"":""86bad6c02a303806c58137503739241dc6b1e86695f7c0dbf672b5e1a1464e9f""}",611a2724558ea9679b00158543b0ffa93f65ec1fcd7bb49a474466115ed24228
1,334,formal-v1__profile__daylight__gpu_compute__p000__r01,formal-v1,profile,not_applicable,pressure_profile,"[""daylight""]",daylight,[],,,gpu_compute,0,1,842912029377813173,20,60,1,20,windows-rtx4060,0,0,grid_2x2,true,84,2605299bece47cbdc665c2e2d57eb6301e6ac71d700776b764e6b903e40d0fdc,89d531ccb56448ddbc56df7c9f440912802204cb,data/raw/step7-t84/formal-v1/formal-v1__profile__daylight__gpu_compute__p000__r01,"{""daylight"":""games/pyxel/apps-src/30SecondsOfDaylight/src/main.py""}","{""daylight"":""21a365375249e9d7ea05e78dcfe040f09cc1f0c66bd410bae084190c743a028f""}",f9810b95afb05e7becc63dc41f5a87ad710b6e29ec649712cc504263d101de2c
1,335,formal-v1__profile__mega_wing__gpu_compute__p100__r02,formal-v1,profile,not_applicable,pressure_profile,"[""mega_wing""]",mega_wing,[],,,gpu_compute,1,2,7358260585065794855,20,60,1,20,windows-rtx4060,0,0,grid_2x2,true,84,2605299bece47cbdc665c2e2d57eb6301e6ac71d700776b764e6b903e40d0fdc,89d531ccb56448ddbc56df7c9f440912802204cb,data/raw/step7-t84/formal-v1/formal-v1__profile__mega_wing__gpu_compute__p100__r02,"{""mega_wing"":""games/pyxel/apps-src/mega_wing/mega_wing.py""}","{""mega_wing"":""86bad6c02a303806c58137503739241dc6b1e86695f7c0dbf672b5e1a1464e9f""}",931ed8e0394b7d4ed3ab40928835777c308df5de29e95ff1cb48b9f6c46f6757
1,336,formal-v1__profile__daylight__gpu_memory__p100__r01,formal-v1,profile,not_applicable,pressure_profile,"[""daylight""]",daylight,[],,,gpu_memory,1,1,2312560201869519983,20,60,1,20,windows-rtx4060,0,0,grid_2x2,true,84,2605299bece47cbdc665c2e2d57eb6301e6ac71d700776b764e6b903e40d0fdc,89d531ccb56448ddbc56df7c9f440912802204cb,data/raw/step7-t84/formal-v1/formal-v1__profile__daylight__gpu_memory__p100__r01,"{""daylight"":""games/pyxel/apps-src/30SecondsOfDaylight/src/main.py""}","{""daylight"":""21a365375249e9d7ea05e78dcfe040f09cc1f0c66bd410bae084190c743a028f""}",6d3776a9e54663f555a5c4cf91fd99b59508ebe43e1c3e2e06b11e673147dc97
1,337,formal-v1__profile__pyxel_bubbles__memory_bandwidth__p000__r03,formal-v1,profile,not_applicable,pressure_profile,"[""pyxel_bubbles""]",pyxel_bubbles,[],,,memory_bandwidth,0,3,13959344448604691916,20,60,1,20,windows-rtx4060,0,0,grid_2x2,true,84,2605299bece47cbdc665c2e2d57eb6301e6ac71d700776b764e6b903e40d0fdc,89d531ccb56448ddbc56df7c9f440912802204cb,data/raw/step7-t84/formal-v1/formal-v1__profile__pyxel_bubbles__memory_bandwidth__p000__r03,"{""pyxel_bubbles"":""games/pyxel/06_click_game.py""}","{""pyxel_bubbles"":""54c101e90bdaed839ac4c4284494530d5df37a5819a35f1e41eebb0b3da5d900""}",6b3c02e9ce169b4dfac4d91b51589ccd6cc3c57a8bd031af739025c70e71983c
1,338,formal-v1__profile__pyxel_jump__gpu_memory__p075__r01,formal-v1,profile,not_applicable,pressure_profile,"[""pyxel_jump""]",pyxel_jump,[],,,gpu_memory,0.75,1,3173274254080950911,20,60,1,20,windows-rtx4060,0,0,grid_2x2,true,84,2605299bece47cbdc665c2e2d57eb6301e6ac71d700776b764e6b903e40d0fdc,89d531ccb56448ddbc56df7c9f440912802204cb,data/raw/step7-t84/formal-v1/formal-v1__profile__pyxel_jump__gpu_memory__p075__r01,"{""pyxel_jump"":""games/pyxel/02_jump_game.py""}","{""pyxel_jump"":""4743a825f1c9cae7e049ac52115f4ecf83350db546c00745a54af187d7bc2e46""}",67ed3d9e210b3eddc259ed19d5f0e908a01d7d204b4e4c30392bb8b02d845b5d
1,339,formal-v1__profile__pyxel_platformer__gpu_memory__p025__r02,formal-v1,profile,not_applicable,pressure_profile,"[""pyxel_platformer""]",pyxel_platformer,[],,,gpu_memory,0.25,2,10984619630531829785,20,60,1,20,windows-rtx4060,0,0,grid_2x2,true,84,2605299bece47cbdc665c2e2d57eb6301e6ac71d700776b764e6b903e40d0fdc,89d531ccb56448ddbc56df7c9f440912802204cb,data/raw/step7-t84/formal-v1/formal-v1__profile__pyxel_platformer__gpu_memory__p025__r02,"{""pyxel_platformer"":""games/pyxel/10_platformer.py""}","{""pyxel_platformer"":""1b2c75b49dc9ab0254fb4b724682a4787868814a38d2f08920720dc5b6007ac5""}",7243f7ba169e19a8405ec0d4d1d53824afe18451756faa38ce2c72dad6f242df
1,340,formal-v1__profile__space_rescue__gpu_compute__p075__r03,formal-v1,profile,not_applicable,pressure_profile,"[""space_rescue""]",space_rescue,[],,,gpu_compute,0.75,3,359646506878485151,20,60,1,20,windows-rtx4060,0,0,grid_2x2,true,84,2605299bece47cbdc665c2e2d57eb6301e6ac71d700776b764e6b903e40d0fdc,89d531ccb56448ddbc56df7c9f440912802204cb,data/raw/step7-t84/formal-v1/formal-v1__profile__space_rescue__gpu_compute__p075__r03,"{""space_rescue"":""games/pyxel/apps-src/space_rescue/space_rescue.py""}","{""space_rescue"":""f3b0ab6784ae558e64f06a3f0a704e53f107a130aa3d43357659d0850131e461""}",22cdd27fa12c5c4bc122926e350e33b8363e58dc066db48ecca2a5cef8d2a915
1,341,formal-v1__profile__pyxel_jump__gpu_memory__p000__r02,formal-v1,profile,not_applicable,pressure_profile,"[""pyxel_jump""]",pyxel_jump,[],,,gpu_memory,0,2,16773997778953179508,20,60,1,20,windows-rtx4060,0,0,grid_2x2,true,84,2605299bece47cbdc665c2e2d57eb6301e6ac71d700776b764e6b903e40d0fdc,89d531ccb56448ddbc56df7c9f440912802204cb,data/raw/step7-t84/formal-v1/formal-v1__profile__pyxel_jump__gpu_memory__p000__r02,"{""pyxel_jump"":""games/pyxel/02_jump_game.py""}","{""pyxel_jump"":""4743a825f1c9cae7e049ac52115f4ecf83350db546c00745a54af187d7bc2e46""}",130d32d3f6cfb31ef8b84fcfd0dca3e47b12c488d3709bdff22c6df955dce856
1,342,formal-v1__profile__mega_wing__cpu_compute__p050__r02,formal-v1,profile,not_applicable,pressure_profile,"[""mega_wing""]",mega_wing,[],,,cpu_compute,0.5,2,5504486109273190666,20,60,1,20,windows-rtx4060,0,0,grid_2x2,true,84,2605299bece47cbdc665c2e2d57eb6301e6ac71d700776b764e6b903e40d0fdc,89d531ccb56448ddbc56df7c9f440912802204cb,data/raw/step7-t84/formal-v1/formal-v1__profile__mega_wing__cpu_compute__p050__r02,"{""mega_wing"":""games/pyxel/apps-src/mega_wing/mega_wing.py""}","{""mega_wing"":""86bad6c02a303806c58137503739241dc6b1e86695f7c0dbf672b5e1a1464e9f""}",142c75957555d365a47edede8c30dddce3289747052e20df8889542ac99b80b2
1,343,formal-v1__profile__pyxel_jump__cpu_compute__p000__r01,formal-v1,profile,not_applicable,pressure_profile,"[""pyxel_jump""]",pyxel_jump,[],,,cpu_compute,0,1,15781960136777645112,20,60,1,20,windows-rtx4060,0,0,grid_2x2,true,84,2605299bece47cbdc665c2e2d57eb6301e6ac71d700776b764e6b903e40d0fdc,89d531ccb56448ddbc56df7c9f440912802204cb,data/raw/step7-t84/formal-v1/formal-v1__profile__pyxel_jump__cpu_compute__p000__r01,"{""pyxel_jump"":""games/pyxel/02_jump_game.py""}","{""pyxel_jump"":""4743a825f1c9cae7e049ac52115f4ecf83350db546c00745a54af187d7bc2e46""}",0ffeee1ca50267b4a025179c315025fcd64ab60cc79ef0f879a13e925597b9a4
1,344,formal-v1__profile__daylight__gpu_compute__p050__r01,formal-v1,profile,not_applicable,pressure_profile,"[""daylight""]",daylight,[],,,gpu_compute,0.5,1,11915590524522641334,20,60,1,20,windows-rtx4060,0,0,grid_2x2,true,84,2605299bece47cbdc665c2e2d57eb6301e6ac71d700776b764e6b903e40d0fdc,89d531ccb56448ddbc56df7c9f440912802204cb,data/raw/step7-t84/formal-v1/formal-v1__profile__daylight__gpu_compute__p050__r01,"{""daylight"":""games/pyxel/apps-src/30SecondsOfDaylight/src/main.py""}","{""daylight"":""21a365375249e9d7ea05e78dcfe040f09cc1f0c66bd410bae084190c743a028f""}",54c0f44f22900a6901673bc29bb423a4b37abcba60342ca30abc4a5caf1337a7
1,345,formal-v1__profile__pyxel_shooter__cpu_compute__p000__r01,formal-v1,profile,not_applicable,pressure_profile,"[""pyxel_shooter""]",pyxel_shooter,[],,,cpu_compute,0,1,1773463543124425560,20,60,1,20,windows-rtx4060,0,0,grid_2x2,true,84,2605299bece47cbdc665c2e2d57eb6301e6ac71d700776b764e6b903e40d0fdc,89d531ccb56448ddbc56df7c9f440912802204cb,data/raw/step7-t84/formal-v1/formal-v1__profile__pyxel_shooter__cpu_compute__p000__r01,"{""pyxel_shooter"":""games/pyxel/09_shooter.py""}","{""pyxel_shooter"":""0f53e4156907eac41080a8f289e22c89365b3239517c754cf59a51af201d5563""}",407a5880a684de26e264d302427eab0e12350e571680cb90aa270baf8934b269
1,346,formal-v1__profile__daylight__gpu_compute__p025__r02,formal-v1,profile,not_applicable,pressure_profile,"[""daylight""]",daylight,[],,,gpu_compute,0.25,2,2200622297103729097,20,60,1,20,windows-rtx4060,0,0,grid_2x2,true,84,2605299bece47cbdc665c2e2d57eb6301e6ac71d700776b764e6b903e40d0fdc,89d531ccb56448ddbc56df7c9f440912802204cb,data/raw/step7-t84/formal-v1/formal-v1__profile__daylight__gpu_compute__p025__r02,"{""daylight"":""games/pyxel/apps-src/30SecondsOfDaylight/src/main.py""}","{""daylight"":""21a365375249e9d7ea05e78dcfe040f09cc1f0c66bd410bae084190c743a028f""}",5d032f901cfd16197f1295494628d1b09a64ce2bc57480800ea8e2f18d3eead6
1,347,formal-v1__profile__pyxel_platformer__gpu_compute__p075__r02,formal-v1,profile,not_applicable,pressure_profile,"[""pyxel_platformer""]",pyxel_platformer,[],,,gpu_compute,0.75,2,8589541531438178169,20,60,1,20,windows-rtx4060,0,0,grid_2x2,true,84,2605299bece47cbdc665c2e2d57eb6301e6ac71d700776b764e6b903e40d0fdc,89d531ccb56448ddbc56df7c9f440912802204cb,data/raw/step7-t84/formal-v1/formal-v1__profile__pyxel_platformer__gpu_compute__p075__r02,"{""pyxel_platformer"":""games/pyxel/10_platformer.py""}","{""pyxel_platformer"":""1b2c75b49dc9ab0254fb4b724682a4787868814a38d2f08920720dc5b6007ac5""}",f8474172c132e39cbb1b74115454e5d771f250e8ad3a810dfa275bca691be947
1,348,formal-v1__profile__pyxel_platformer__memory_bandwidth__p100__r03,formal-v1,profile,not_applicable,pressure_profile,"[""pyxel_platformer""]",pyxel_platformer,[],,,memory_bandwidth,1,3,3804307406830801512,20,60,1,20,windows-rtx4060,0,0,grid_2x2,true,84,2605299bece47cbdc665c2e2d57eb6301e6ac71d700776b764e6b903e40d0fdc,89d531ccb56448ddbc56df7c9f440912802204cb,data/raw/step7-t84/formal-v1/formal-v1__profile__pyxel_platformer__memory_bandwidth__p100__r03,"{""pyxel_platformer"":""games/pyxel/10_platformer.py""}","{""pyxel_platformer"":""1b2c75b49dc9ab0254fb4b724682a4787868814a38d2f08920720dc5b6007ac5""}",5583ea274041ef7e334da08e40a4499e814d651f579dc6f099f0d9a755633469
1,349,formal-v1__profile__pyxel_platformer__gpu_compute__p075__r03,formal-v1,profile,not_applicable,pressure_profile,"[""pyxel_platformer""]",pyxel_platformer,[],,,gpu_compute,0.75,3,5296151128470667095,20,60,1,20,windows-rtx4060,0,0,grid_2x2,true,84,2605299bece47cbdc665c2e2d57eb6301e6ac71d700776b764e6b903e40d0fdc,89d531ccb56448ddbc56df7c9f440912802204cb,data/raw/step7-t84/formal-v1/formal-v1__profile__pyxel_platformer__gpu_compute__p075__r03,"{""pyxel_platformer"":""games/pyxel/10_platformer.py""}","{""pyxel_platformer"":""1b2c75b49dc9ab0254fb4b724682a4787868814a38d2f08920720dc5b6007ac5""}",7dc50d56a157a7c7efce8e8038f78a0623e378139420d5178fce992bfc3ae36b
1,350,formal-v1__profile__daylight__memory_bandwidth__p050__r02,formal-v1,profile,not_applicable,pressure_profile,"[""daylight""]",daylight,[],,,memory_bandwidth,0.5,2,8138192367504666085,20,60,1,20,windows-rtx4060,0,0,grid_2x2,true,84,2605299bece47cbdc665c2e2d57eb6301e6ac71d700776b764e6b903e40d0fdc,89d531ccb56448ddbc56df7c9f440912802204cb,data/raw/step7-t84/formal-v1/formal-v1__profile__daylight__memory_bandwidth__p050__r02,"{""daylight"":""games/pyxel/apps-src/30SecondsOfDaylight/src/main.py""}","{""daylight"":""21a365375249e9d7ea05e78dcfe040f09cc1f0c66bd410bae084190c743a028f""}",a3515168f790d0705e39c5375fbd9e93434eceaca969bbee6d4292f27d32f8a6
1,351,formal-v1__profile__pyxel_shooter__memory_bandwidth__p075__r03,formal-v1,profile,not_applicable,pressure_profile,"[""pyxel_shooter""]",pyxel_shooter,[],,,memory_bandwidth,0.75,3,15603957209511924457,20,60,1,20,windows-rtx4060,0,0,grid_2x2,true,84,2605299bece47cbdc665c2e2d57eb6301e6ac71d700776b764e6b903e40d0fdc,89d531ccb56448ddbc56df7c9f440912802204cb,data/raw/step7-t84/formal-v1/formal-v1__profile__pyxel_shooter__memory_bandwidth__p075__r03,"{""pyxel_shooter"":""games/pyxel/09_shooter.py""}","{""pyxel_shooter"":""0f53e4156907eac41080a8f289e22c89365b3239517c754cf59a51af201d5563""}",2a368258f58cb4d6a337e4a4e42541c92e396c48991744e913b8a8c0f202e5a2
1,352,formal-v1__profile__daylight__memory_bandwidth__p100__r03,formal-v1,profile,not_applicable,pressure_profile,"[""daylight""]",daylight,[],,,memory_bandwidth,1,3,11673905426024593872,20,60,1,20,windows-rtx4060,0,0,grid_2x2,true,84,2605299bece47cbdc665c2e2d57eb6301e6ac71d700776b764e6b903e40d0fdc,89d531ccb56448ddbc56df7c9f440912802204cb,data/raw/step7-t84/formal-v1/formal-v1__profile__daylight__memory_bandwidth__p100__r03,"{""daylight"":""games/pyxel/apps-src/30SecondsOfDaylight/src/main.py""}","{""daylight"":""21a365375249e9d7ea05e78dcfe040f09cc1f0c66bd410bae084190c743a028f""}",db44c41b2d9aaf4d1925cc35bdc3f3de0b900ac70b1b34c7b88a68d7dcc0ce06
1,353,formal-v1__profile__pyxel_snake__gpu_compute__p000__r03,formal-v1,profile,not_applicable,pressure_profile,"[""pyxel_snake""]",pyxel_snake,[],,,gpu_compute,0,3,9517669181605721885,20,60,1,20,windows-rtx4060,0,0,grid_2x2,true,84,2605299bece47cbdc665c2e2d57eb6301e6ac71d700776b764e6b903e40d0fdc,89d531ccb56448ddbc56df7c9f440912802204cb,data/raw/step7-t84/formal-v1/formal-v1__profile__pyxel_snake__gpu_compute__p000__r03,"{""pyxel_snake"":""games/pyxel/07_snake.py""}","{""pyxel_snake"":""bc533fef92d1d358e570f69d979919fe5c1cd8c4da49841104b49a1e661a5ac3""}",a75d48c1aafc3c0369b0f8c8ea352335d49ea67d730b871231ed924bb8167f73
1,354,formal-v1__profile__pyxel_snake__memory_bandwidth__p050__r02,formal-v1,profile,not_applicable,pressure_profile,"[""pyxel_snake""]",pyxel_snake,[],,,memory_bandwidth,0.5,2,7551854635602566980,20,60,1,20,windows-rtx4060,0,0,grid_2x2,true,84,2605299bece47cbdc665c2e2d57eb6301e6ac71d700776b764e6b903e40d0fdc,89d531ccb56448ddbc56df7c9f440912802204cb,data/raw/step7-t84/formal-v1/formal-v1__profile__pyxel_snake__memory_bandwidth__p050__r02,"{""pyxel_snake"":""games/pyxel/07_snake.py""}","{""pyxel_snake"":""bc533fef92d1d358e570f69d979919fe5c1cd8c4da49841104b49a1e661a5ac3""}",a5132d516b10c517c381c84619611ad473fe6103f6a8722ce244326584dcece4
1,355,formal-v1__profile__pyxel_shooter__memory_bandwidth__p000__r01,formal-v1,profile,not_applicable,pressure_profile,"[""pyxel_shooter""]",pyxel_shooter,[],,,memory_bandwidth,0,1,11467345446776780061,20,60,1,20,windows-rtx4060,0,0,grid_2x2,true,84,2605299bece47cbdc665c2e2d57eb6301e6ac71d700776b764e6b903e40d0fdc,89d531ccb56448ddbc56df7c9f440912802204cb,data/raw/step7-t84/formal-v1/formal-v1__profile__pyxel_shooter__memory_bandwidth__p000__r01,"{""pyxel_shooter"":""games/pyxel/09_shooter.py""}","{""pyxel_shooter"":""0f53e4156907eac41080a8f289e22c89365b3239517c754cf59a51af201d5563""}",d0be52296fbeca32c80665f31f089c6653909682e7a7792e03b682bfa29cbe79
1,356,formal-v1__profile__mega_wing__gpu_memory__p025__r03,formal-v1,profile,not_applicable,pressure_profile,"[""mega_wing""]",mega_wing,[],,,gpu_memory,0.25,3,4276273525197974134,20,60,1,20,windows-rtx4060,0,0,grid_2x2,true,84,2605299bece47cbdc665c2e2d57eb6301e6ac71d700776b764e6b903e40d0fdc,89d531ccb56448ddbc56df7c9f440912802204cb,data/raw/step7-t84/formal-v1/formal-v1__profile__mega_wing__gpu_memory__p025__r03,"{""mega_wing"":""games/pyxel/apps-src/mega_wing/mega_wing.py""}","{""mega_wing"":""86bad6c02a303806c58137503739241dc6b1e86695f7c0dbf672b5e1a1464e9f""}",70a7a5fbf4c36d9d936a31bc69dc58236560ea1d3693d924bee67de3f5c85f12
1,357,formal-v1__profile__space_rescue__memory_bandwidth__p000__r02,formal-v1,profile,not_applicable,pressure_profile,"[""space_rescue""]",space_rescue,[],,,memory_bandwidth,0,2,12283526450698234265,20,60,1,20,windows-rtx4060,0,0,grid_2x2,true,84,2605299bece47cbdc665c2e2d57eb6301e6ac71d700776b764e6b903e40d0fdc,89d531ccb56448ddbc56df7c9f440912802204cb,data/raw/step7-t84/formal-v1/formal-v1__profile__space_rescue__memory_bandwidth__p000__r02,"{""space_rescue"":""games/pyxel/apps-src/space_rescue/space_rescue.py""}","{""space_rescue"":""f3b0ab6784ae558e64f06a3f0a704e53f107a130aa3d43357659d0850131e461""}",cad8ac4dc2975b4bc3a51ac77155ccf96eb7d1ae250463b567dcc47f19b0490c
1,358,formal-v1__profile__space_rescue__memory_bandwidth__p050__r02,formal-v1,profile,not_applicable,pressure_profile,"[""space_rescue""]",space_rescue,[],,,memory_bandwidth,0.5,2,1784150047241568090,20,60,1,20,windows-rtx4060,0,0,grid_2x2,true,84,2605299bece47cbdc665c2e2d57eb6301e6ac71d700776b764e6b903e40d0fdc,89d531ccb56448ddbc56df7c9f440912802204cb,data/raw/step7-t84/formal-v1/formal-v1__profile__space_rescue__memory_bandwidth__p050__r02,"{""space_rescue"":""games/pyxel/apps-src/space_rescue/space_rescue.py""}","{""space_rescue"":""f3b0ab6784ae558e64f06a3f0a704e53f107a130aa3d43357659d0850131e461""}",abf6cc4d61362b0c70abb4e485606332f4c225b938beb54be22fdcaed7475a79
1,359,formal-v1__profile__space_rescue__memory_bandwidth__p000__r03,formal-v1,profile,not_applicable,pressure_profile,"[""space_rescue""]",space_rescue,[],,,memory_bandwidth,0,3,16680801273799023032,20,60,1,20,windows-rtx4060,0,0,grid_2x2,true,84,2605299bece47cbdc665c2e2d57eb6301e6ac71d700776b764e6b903e40d0fdc,89d531ccb56448ddbc56df7c9f440912802204cb,data/raw/step7-t84/formal-v1/formal-v1__profile__space_rescue__memory_bandwidth__p000__r03,"{""space_rescue"":""games/pyxel/apps-src/space_rescue/space_rescue.py""}","{""space_rescue"":""f3b0ab6784ae558e64f06a3f0a704e53f107a130aa3d43357659d0850131e461""}",965efeb17aa9ebd3b6ca0d72c249ff6f479e12f5010abe9f92896d52b0822060
1,360,formal-v1__profile__mega_wing__gpu_compute__p100__r01,formal-v1,profile,not_applicable,pressure_profile,"[""mega_wing""]",mega_wing,[],,,gpu_compute,1,1,158638717560255275,20,60,1,20,windows-rtx4060,0,0,grid_2x2,true,84,2605299bece47cbdc665c2e2d57eb6301e6ac71d700776b764e6b903e40d0fdc,89d531ccb56448ddbc56df7c9f440912802204cb,data/raw/step7-t84/formal-v1/formal-v1__profile__mega_wing__gpu_compute__p100__r01,"{""mega_wing"":""games/pyxel/apps-src/mega_wing/mega_wing.py""}","{""mega_wing"":""86bad6c02a303806c58137503739241dc6b1e86695f7c0dbf672b5e1a1464e9f""}",1846fff81ae9b5bbe9a89ad40e27ab5a72d338f3fcc173231c04b70438e9d216
1,361,formal-v1__profile__pyxel_shooter__gpu_compute__p100__r01,formal-v1,profile,not_applicable,pressure_profile,"[""pyxel_shooter""]",pyxel_shooter,[],,,gpu_compute,1,1,12285315866866753686,20,60,1,20,windows-rtx4060,0,0,grid_2x2,true,84,2605299bece47cbdc665c2e2d57eb6301e6ac71d700776b764e6b903e40d0fdc,89d531ccb56448ddbc56df7c9f440912802204cb,data/raw/step7-t84/formal-v1/formal-v1__profile__pyxel_shooter__gpu_compute__p100__r01,"{""pyxel_shooter"":""games/pyxel/09_shooter.py""}","{""pyxel_shooter"":""0f53e4156907eac41080a8f289e22c89365b3239517c754cf59a51af201d5563""}",1fe317421d534066f8723539f2e76ff3480ae224f870c81c64842a0d53ebf090
1,362,formal-v1__profile__pyxel_bubbles__memory_bandwidth__p075__r01,formal-v1,profile,not_applicable,pressure_profile,"[""pyxel_bubbles""]",pyxel_bubbles,[],,,memory_bandwidth,0.75,1,4651631075876217109,20,60,1,20,windows-rtx4060,0,0,grid_2x2,true,84,2605299bece47cbdc665c2e2d57eb6301e6ac71d700776b764e6b903e40d0fdc,89d531ccb56448ddbc56df7c9f440912802204cb,data/raw/step7-t84/formal-v1/formal-v1__profile__pyxel_bubbles__memory_bandwidth__p075__r01,"{""pyxel_bubbles"":""games/pyxel/06_click_game.py""}","{""pyxel_bubbles"":""54c101e90bdaed839ac4c4284494530d5df37a5819a35f1e41eebb0b3da5d900""}",aaf9c93d08ffdcdd63ef69e6f082d0297df8f07381bccd973356b4a621e1976f
1,363,formal-v1__profile__space_rescue__gpu_memory__p000__r03,formal-v1,profile,not_applicable,pressure_profile,"[""space_rescue""]",space_rescue,[],,,gpu_memory,0,3,18044713557505367142,20,60,1,20,windows-rtx4060,0,0,grid_2x2,true,84,2605299bece47cbdc665c2e2d57eb6301e6ac71d700776b764e6b903e40d0fdc,89d531ccb56448ddbc56df7c9f440912802204cb,data/raw/step7-t84/formal-v1/formal-v1__profile__space_rescue__gpu_memory__p000__r03,"{""space_rescue"":""games/pyxel/apps-src/space_rescue/space_rescue.py""}","{""space_rescue"":""f3b0ab6784ae558e64f06a3f0a704e53f107a130aa3d43357659d0850131e461""}",b02671268e23eeff60db9de9c1b7355b4cb79335425f2229b294d02593d84e60
1,364,formal-v1__profile__pyxel_jump__gpu_compute__p050__r03,formal-v1,profile,not_applicable,pressure_profile,"[""pyxel_jump""]",pyxel_jump,[],,,gpu_compute,0.5,3,15791422067870909130,20,60,1,20,windows-rtx4060,0,0,grid_2x2,true,84,2605299bece47cbdc665c2e2d57eb6301e6ac71d700776b764e6b903e40d0fdc,89d531ccb56448ddbc56df7c9f440912802204cb,data/raw/step7-t84/formal-v1/formal-v1__profile__pyxel_jump__gpu_compute__p050__r03,"{""pyxel_jump"":""games/pyxel/02_jump_game.py""}","{""pyxel_jump"":""4743a825f1c9cae7e049ac52115f4ecf83350db546c00745a54af187d7bc2e46""}",5cb512be370bc0f2a950ac9b6467d997544ffb0e931f3aae6561a67371fdf1ab
1,365,formal-v1__profile__pyxel_platformer__memory_bandwidth__p050__r01,formal-v1,profile,not_applicable,pressure_profile,"[""pyxel_platformer""]",pyxel_platformer,[],,,memory_bandwidth,0.5,1,15303875295670984061,20,60,1,20,windows-rtx4060,0,0,grid_2x2,true,84,2605299bece47cbdc665c2e2d57eb6301e6ac71d700776b764e6b903e40d0fdc,89d531ccb56448ddbc56df7c9f440912802204cb,data/raw/step7-t84/formal-v1/formal-v1__profile__pyxel_platformer__memory_bandwidth__p050__r01,"{""pyxel_platformer"":""games/pyxel/10_platformer.py""}","{""pyxel_platformer"":""1b2c75b49dc9ab0254fb4b724682a4787868814a38d2f08920720dc5b6007ac5""}",fd7a12230dc35a471f9d061a1c69f32f46b3b5758628ca64b6ef281f318b1aa7
1,366,formal-v1__profile__daylight__cpu_compute__p050__r01,formal-v1,profile,not_applicable,pressure_profile,"[""daylight""]",daylight,[],,,cpu_compute,0.5,1,8456575979892902049,20,60,1,20,windows-rtx4060,0,0,grid_2x2,true,84,2605299bece47cbdc665c2e2d57eb6301e6ac71d700776b764e6b903e40d0fdc,89d531ccb56448ddbc56df7c9f440912802204cb,data/raw/step7-t84/formal-v1/formal-v1__profile__daylight__cpu_compute__p050__r01,"{""daylight"":""games/pyxel/apps-src/30SecondsOfDaylight/src/main.py""}","{""daylight"":""21a365375249e9d7ea05e78dcfe040f09cc1f0c66bd410bae084190c743a028f""}",586e011b62b8b5cc8123c75ecf57fe5869bd0c40f71a1908d789496824d8cfd4
1,367,formal-v1__profile__pyxel_bubbles__gpu_compute__p100__r01,formal-v1,profile,not_applicable,pressure_profile,"[""pyxel_bubbles""]",pyxel_bubbles,[],,,gpu_compute,1,1,16725971839783058247,20,60,1,20,windows-rtx4060,0,0,grid_2x2,true,84,2605299bece47cbdc665c2e2d57eb6301e6ac71d700776b764e6b903e40d0fdc,89d531ccb56448ddbc56df7c9f440912802204cb,data/raw/step7-t84/formal-v1/formal-v1__profile__pyxel_bubbles__gpu_compute__p100__r01,"{""pyxel_bubbles"":""games/pyxel/06_click_game.py""}","{""pyxel_bubbles"":""54c101e90bdaed839ac4c4284494530d5df37a5819a35f1e41eebb0b3da5d900""}",44068b7bd3bf200d819d00f4912f0b19c353d34a1d8273cfe14ca9a1fc23e890
1,368,formal-v1__profile__pyxel_snake__memory_bandwidth__p100__r03,formal-v1,profile,not_applicable,pressure_profile,"[""pyxel_snake""]",pyxel_snake,[],,,memory_bandwidth,1,3,17218695474744518647,20,60,1,20,windows-rtx4060,0,0,grid_2x2,true,84,2605299bece47cbdc665c2e2d57eb6301e6ac71d700776b764e6b903e40d0fdc,89d531ccb56448ddbc56df7c9f440912802204cb,data/raw/step7-t84/formal-v1/formal-v1__profile__pyxel_snake__memory_bandwidth__p100__r03,"{""pyxel_snake"":""games/pyxel/07_snake.py""}","{""pyxel_snake"":""bc533fef92d1d358e570f69d979919fe5c1cd8c4da49841104b49a1e661a5ac3""}",ea09f4244009a9804e60bb76f99856f3c0b1db9bb25797a9a2146121d9ed973a
1,369,formal-v1__profile__pyxel_snake__cpu_compute__p025__r03,formal-v1,profile,not_applicable,pressure_profile,"[""pyxel_snake""]",pyxel_snake,[],,,cpu_compute,0.25,3,2175508777902779970,20,60,1,20,windows-rtx4060,0,0,grid_2x2,true,84,2605299bece47cbdc665c2e2d57eb6301e6ac71d700776b764e6b903e40d0fdc,89d531ccb56448ddbc56df7c9f440912802204cb,data/raw/step7-t84/formal-v1/formal-v1__profile__pyxel_snake__cpu_compute__p025__r03,"{""pyxel_snake"":""games/pyxel/07_snake.py""}","{""pyxel_snake"":""bc533fef92d1d358e570f69d979919fe5c1cd8c4da49841104b49a1e661a5ac3""}",3c55c60c7ea6ef25e3fa5d3907db1db3780ffef56f8f3f61678abe92413bd067
1,370,formal-v1__profile__pyxel_snake__gpu_memory__p025__r03,formal-v1,profile,not_applicable,pressure_profile,"[""pyxel_snake""]",pyxel_snake,[],,,gpu_memory,0.25,3,12371074906794683208,20,60,1,20,windows-rtx4060,0,0,grid_2x2,true,84,2605299bece47cbdc665c2e2d57eb6301e6ac71d700776b764e6b903e40d0fdc,89d531ccb56448ddbc56df7c9f440912802204cb,data/raw/step7-t84/formal-v1/formal-v1__profile__pyxel_snake__gpu_memory__p025__r03,"{""pyxel_snake"":""games/pyxel/07_snake.py""}","{""pyxel_snake"":""bc533fef92d1d358e570f69d979919fe5c1cd8c4da49841104b49a1e661a5ac3""}",b71eb3e0867c111cc9a33ac2d5c4d6523e9a30f69e34260a92fd99a192b6c80d
1,371,formal-v1__profile__pyxel_snake__cpu_compute__p050__r02,formal-v1,profile,not_applicable,pressure_profile,"[""pyxel_snake""]",pyxel_snake,[],,,cpu_compute,0.5,2,2320957124972599974,20,60,1,20,windows-rtx4060,0,0,grid_2x2,true,84,2605299bece47cbdc665c2e2d57eb6301e6ac71d700776b764e6b903e40d0fdc,89d531ccb56448ddbc56df7c9f440912802204cb,data/raw/step7-t84/formal-v1/formal-v1__profile__pyxel_snake__cpu_compute__p050__r02,"{""pyxel_snake"":""games/pyxel/07_snake.py""}","{""pyxel_snake"":""bc533fef92d1d358e570f69d979919fe5c1cd8c4da49841104b49a1e661a5ac3""}",7956d72edf6b5ab0d341a178dcf285129b605e54277b3116f08afa29e6ab92db
1,372,formal-v1__profile__space_rescue__gpu_memory__p025__r01,formal-v1,profile,not_applicable,pressure_profile,"[""space_rescue""]",space_rescue,[],,,gpu_memory,0.25,1,17784417464054324209,20,60,1,20,windows-rtx4060,0,0,grid_2x2,true,84,2605299bece47cbdc665c2e2d57eb6301e6ac71d700776b764e6b903e40d0fdc,89d531ccb56448ddbc56df7c9f440912802204cb,data/raw/step7-t84/formal-v1/formal-v1__profile__space_rescue__gpu_memory__p025__r01,"{""space_rescue"":""games/pyxel/apps-src/space_rescue/space_rescue.py""}","{""space_rescue"":""f3b0ab6784ae558e64f06a3f0a704e53f107a130aa3d43357659d0850131e461""}",be188fa67dfbbe5fb35e4b5ecc5ad6ee6a1beb8905afdb07cf6b66a09567ff70
1,373,formal-v1__profile__mega_wing__cpu_compute__p025__r02,formal-v1,profile,not_applicable,pressure_profile,"[""mega_wing""]",mega_wing,[],,,cpu_compute,0.25,2,3130259094706830718,20,60,1,20,windows-rtx4060,0,0,grid_2x2,true,84,2605299bece47cbdc665c2e2d57eb6301e6ac71d700776b764e6b903e40d0fdc,89d531ccb56448ddbc56df7c9f440912802204cb,data/raw/step7-t84/formal-v1/formal-v1__profile__mega_wing__cpu_compute__p025__r02,"{""mega_wing"":""games/pyxel/apps-src/mega_wing/mega_wing.py""}","{""mega_wing"":""86bad6c02a303806c58137503739241dc6b1e86695f7c0dbf672b5e1a1464e9f""}",b6975b6f10328252884a8cc35cb9c33d9843411c26fee8218670c83a9f3448b3
1,374,formal-v1__profile__pyxel_jump__memory_bandwidth__p000__r03,formal-v1,profile,not_applicable,pressure_profile,"[""pyxel_jump""]",pyxel_jump,[],,,memory_bandwidth,0,3,664385054857864666,20,60,1,20,windows-rtx4060,0,0,grid_2x2,true,84,2605299bece47cbdc665c2e2d57eb6301e6ac71d700776b764e6b903e40d0fdc,89d531ccb56448ddbc56df7c9f440912802204cb,data/raw/step7-t84/formal-v1/formal-v1__profile__pyxel_jump__memory_bandwidth__p000__r03,"{""pyxel_jump"":""games/pyxel/02_jump_game.py""}","{""pyxel_jump"":""4743a825f1c9cae7e049ac52115f4ecf83350db546c00745a54af187d7bc2e46""}",0addba9d4dec6bb1d064944a0dc9b06cf0df0a3472c51d3c15573c6c30e3038c
1,375,formal-v1__profile__daylight__gpu_compute__p100__r01,formal-v1,profile,not_applicable,pressure_profile,"[""daylight""]",daylight,[],,,gpu_compute,1,1,8205843974768035655,20,60,1,20,windows-rtx4060,0,0,grid_2x2,true,84,2605299bece47cbdc665c2e2d57eb6301e6ac71d700776b764e6b903e40d0fdc,89d531ccb56448ddbc56df7c9f440912802204cb,data/raw/step7-t84/formal-v1/formal-v1__profile__daylight__gpu_compute__p100__r01,"{""daylight"":""games/pyxel/apps-src/30SecondsOfDaylight/src/main.py""}","{""daylight"":""21a365375249e9d7ea05e78dcfe040f09cc1f0c66bd410bae084190c743a028f""}",6c759eba1e82691a208247172c01c1bdea7448b01605b9d81c22003ebfe06f00
1,376,formal-v1__profile__pyxel_snake__gpu_memory__p075__r02,formal-v1,profile,not_applicable,pressure_profile,"[""pyxel_snake""]",pyxel_snake,[],,,gpu_memory,0.75,2,7038884185157057215,20,60,1,20,windows-rtx4060,0,0,grid_2x2,true,84,2605299bece47cbdc665c2e2d57eb6301e6ac71d700776b764e6b903e40d0fdc,89d531ccb56448ddbc56df7c9f440912802204cb,data/raw/step7-t84/formal-v1/formal-v1__profile__pyxel_snake__gpu_memory__p075__r02,"{""pyxel_snake"":""games/pyxel/07_snake.py""}","{""pyxel_snake"":""bc533fef92d1d358e570f69d979919fe5c1cd8c4da49841104b49a1e661a5ac3""}",96db27d0c97cb24fb0f37825de02285e726b588e65577313040446b46f5e31f1
1,377,formal-v1__profile__pyxel_platformer__memory_bandwidth__p025__r02,formal-v1,profile,not_applicable,pressure_profile,"[""pyxel_platformer""]",pyxel_platformer,[],,,memory_bandwidth,0.25,2,4607241080836934453,20,60,1,20,windows-rtx4060,0,0,grid_2x2,true,84,2605299bece47cbdc665c2e2d57eb6301e6ac71d700776b764e6b903e40d0fdc,89d531ccb56448ddbc56df7c9f440912802204cb,data/raw/step7-t84/formal-v1/formal-v1__profile__pyxel_platformer__memory_bandwidth__p025__r02,"{""pyxel_platformer"":""games/pyxel/10_platformer.py""}","{""pyxel_platformer"":""1b2c75b49dc9ab0254fb4b724682a4787868814a38d2f08920720dc5b6007ac5""}",bd2711f6567252ebf8292784332b3ad113ba5bcd2f5be9343bf8ca6456e325fb
1,378,formal-v1__profile__pyxel_bubbles__gpu_memory__p025__r02,formal-v1,profile,not_applicable,pressure_profile,"[""pyxel_bubbles""]",pyxel_bubbles,[],,,gpu_memory,0.25,2,12445883933783709333,20,60,1,20,windows-rtx4060,0,0,grid_2x2,true,84,2605299bece47cbdc665c2e2d57eb6301e6ac71d700776b764e6b903e40d0fdc,89d531ccb56448ddbc56df7c9f440912802204cb,data/raw/step7-t84/formal-v1/formal-v1__profile__pyxel_bubbles__gpu_memory__p025__r02,"{""pyxel_bubbles"":""games/pyxel/06_click_game.py""}","{""pyxel_bubbles"":""54c101e90bdaed839ac4c4284494530d5df37a5819a35f1e41eebb0b3da5d900""}",65ff14a225a433a0d00986a84f586f7e16a18b2b52a254ebe7fe0d46f946edb9
1,379,formal-v1__profile__pyxel_jump__gpu_compute__p075__r02,formal-v1,profile,not_applicable,pressure_profile,"[""pyxel_jump""]",pyxel_jump,[],,,gpu_compute,0.75,2,3015892812821809057,20,60,1,20,windows-rtx4060,0,0,grid_2x2,true,84,2605299bece47cbdc665c2e2d57eb6301e6ac71d700776b764e6b903e40d0fdc,89d531ccb56448ddbc56df7c9f440912802204cb,data/raw/step7-t84/formal-v1/formal-v1__profile__pyxel_jump__gpu_compute__p075__r02,"{""pyxel_jump"":""games/pyxel/02_jump_game.py""}","{""pyxel_jump"":""4743a825f1c9cae7e049ac52115f4ecf83350db546c00745a54af187d7bc2e46""}",2844addd01a696087fadcd59acd519527e3db957dbdc4e01f1df9c8c8f0153f2
1,380,formal-v1__profile__daylight__gpu_memory__p100__r03,formal-v1,profile,not_applicable,pressure_profile,"[""daylight""]",daylight,[],,,gpu_memory,1,3,5071430004035607435,20,60,1,20,windows-rtx4060,0,0,grid_2x2,true,84,2605299bece47cbdc665c2e2d57eb6301e6ac71d700776b764e6b903e40d0fdc,89d531ccb56448ddbc56df7c9f440912802204cb,data/raw/step7-t84/formal-v1/formal-v1__profile__daylight__gpu_memory__p100__r03,"{""daylight"":""games/pyxel/apps-src/30SecondsOfDaylight/src/main.py""}","{""daylight"":""21a365375249e9d7ea05e78dcfe040f09cc1f0c66bd410bae084190c743a028f""}",8fb68254f90136a509b2a85f4e9721b72bd776498e7476887c18180bdb4e0852
1,381,formal-v1__profile__pyxel_platformer__gpu_memory__p050__r03,formal-v1,profile,not_applicable,pressure_profile,"[""pyxel_platformer""]",pyxel_platformer,[],,,gpu_memory,0.5,3,3778911740303501403,20,60,1,20,windows-rtx4060,0,0,grid_2x2,true,84,2605299bece47cbdc665c2e2d57eb6301e6ac71d700776b764e6b903e40d0fdc,89d531ccb56448ddbc56df7c9f440912802204cb,data/raw/step7-t84/formal-v1/formal-v1__profile__pyxel_platformer__gpu_memory__p050__r03,"{""pyxel_platformer"":""games/pyxel/10_platformer.py""}","{""pyxel_platformer"":""1b2c75b49dc9ab0254fb4b724682a4787868814a38d2f08920720dc5b6007ac5""}",90c146c595994b1691bbb5a37dd2e6b5d00e4eb5a41e374d060ca9a06e8b7c2d
1,382,formal-v1__profile__mega_wing__memory_bandwidth__p100__r01,formal-v1,profile,not_applicable,pressure_profile,"[""mega_wing""]",mega_wing,[],,,memory_bandwidth,1,1,9205440224266935408,20,60,1,20,windows-rtx4060,0,0,grid_2x2,true,84,2605299bece47cbdc665c2e2d57eb6301e6ac71d700776b764e6b903e40d0fdc,89d531ccb56448ddbc56df7c9f440912802204cb,data/raw/step7-t84/formal-v1/formal-v1__profile__mega_wing__memory_bandwidth__p100__r01,"{""mega_wing"":""games/pyxel/apps-src/mega_wing/mega_wing.py""}","{""mega_wing"":""86bad6c02a303806c58137503739241dc6b1e86695f7c0dbf672b5e1a1464e9f""}",5dca809d3c4a73cee0b23d0ac99291c59d2ab0369386442c6fc424024d1b598a
1,383,formal-v1__profile__mega_wing__gpu_memory__p050__r03,formal-v1,profile,not_applicable,pressure_profile,"[""mega_wing""]",mega_wing,[],,,gpu_memory,0.5,3,10059944171346308046,20,60,1,20,windows-rtx4060,0,0,grid_2x2,true,84,2605299bece47cbdc665c2e2d57eb6301e6ac71d700776b764e6b903e40d0fdc,89d531ccb56448ddbc56df7c9f440912802204cb,data/raw/step7-t84/formal-v1/formal-v1__profile__mega_wing__gpu_memory__p050__r03,"{""mega_wing"":""games/pyxel/apps-src/mega_wing/mega_wing.py""}","{""mega_wing"":""86bad6c02a303806c58137503739241dc6b1e86695f7c0dbf672b5e1a1464e9f""}",c2f04ca985d4dc4180371d508426194507789acf337517848cb93596748a928d
1,384,formal-v1__profile__daylight__gpu_memory__p100__r02,formal-v1,profile,not_applicable,pressure_profile,"[""daylight""]",daylight,[],,,gpu_memory,1,2,16244050539297616070,20,60,1,20,windows-rtx4060,0,0,grid_2x2,true,84,2605299bece47cbdc665c2e2d57eb6301e6ac71d700776b764e6b903e40d0fdc,89d531ccb56448ddbc56df7c9f440912802204cb,data/raw/step7-t84/formal-v1/formal-v1__profile__daylight__gpu_memory__p100__r02,"{""daylight"":""games/pyxel/apps-src/30SecondsOfDaylight/src/main.py""}","{""daylight"":""21a365375249e9d7ea05e78dcfe040f09cc1f0c66bd410bae084190c743a028f""}",a4d749d42f6bdb074ceebb7ff4760dd045c8d38ebae51a13310e93892d82805a
1,385,formal-v1__profile__pyxel_jump__gpu_compute__p050__r01,formal-v1,profile,not_applicable,pressure_profile,"[""pyxel_jump""]",pyxel_jump,[],,,gpu_compute,0.5,1,12555753442691066136,20,60,1,20,windows-rtx4060,0,0,grid_2x2,true,84,2605299bece47cbdc665c2e2d57eb6301e6ac71d700776b764e6b903e40d0fdc,89d531ccb56448ddbc56df7c9f440912802204cb,data/raw/step7-t84/formal-v1/formal-v1__profile__pyxel_jump__gpu_compute__p050__r01,"{""pyxel_jump"":""games/pyxel/02_jump_game.py""}","{""pyxel_jump"":""4743a825f1c9cae7e049ac52115f4ecf83350db546c00745a54af187d7bc2e46""}",4f052be886078869e4db006f30f3fc8e4356858fb9a664e1d81feb010bb74d54
1,386,formal-v1__profile__pyxel_snake__memory_bandwidth__p100__r01,formal-v1,profile,not_applicable,pressure_profile,"[""pyxel_snake""]",pyxel_snake,[],,,memory_bandwidth,1,1,8100797593952122667,20,60,1,20,windows-rtx4060,0,0,grid_2x2,true,84,2605299bece47cbdc665c2e2d57eb6301e6ac71d700776b764e6b903e40d0fdc,89d531ccb56448ddbc56df7c9f440912802204cb,data/raw/step7-t84/formal-v1/formal-v1__profile__pyxel_snake__memory_bandwidth__p100__r01,"{""pyxel_snake"":""games/pyxel/07_snake.py""}","{""pyxel_snake"":""bc533fef92d1d358e570f69d979919fe5c1cd8c4da49841104b49a1e661a5ac3""}",94a77d008e2f28f04de18b2be552064392901f2a886ef27f76dafcb58865de3c
1,387,formal-v1__profile__pyxel_shooter__gpu_memory__p025__r01,formal-v1,profile,not_applicable,pressure_profile,"[""pyxel_shooter""]",pyxel_shooter,[],,,gpu_memory,0.25,1,4091941439442868672,20,60,1,20,windows-rtx4060,0,0,grid_2x2,true,84,2605299bece47cbdc665c2e2d57eb6301e6ac71d700776b764e6b903e40d0fdc,89d531ccb56448ddbc56df7c9f440912802204cb,data/raw/step7-t84/formal-v1/formal-v1__profile__pyxel_shooter__gpu_memory__p025__r01,"{""pyxel_shooter"":""games/pyxel/09_shooter.py""}","{""pyxel_shooter"":""0f53e4156907eac41080a8f289e22c89365b3239517c754cf59a51af201d5563""}",e89a9ffaad0908e8b64d4121e7f361d56affd06667fb0b79f46aa301aeaf4003
1,388,formal-v1__profile__mega_wing__gpu_compute__p100__r03,formal-v1,profile,not_applicable,pressure_profile,"[""mega_wing""]",mega_wing,[],,,gpu_compute,1,3,15435174182738009245,20,60,1,20,windows-rtx4060,0,0,grid_2x2,true,84,2605299bece47cbdc665c2e2d57eb6301e6ac71d700776b764e6b903e40d0fdc,89d531ccb56448ddbc56df7c9f440912802204cb,data/raw/step7-t84/formal-v1/formal-v1__profile__mega_wing__gpu_compute__p100__r03,"{""mega_wing"":""games/pyxel/apps-src/mega_wing/mega_wing.py""}","{""mega_wing"":""86bad6c02a303806c58137503739241dc6b1e86695f7c0dbf672b5e1a1464e9f""}",4d66e37c45cc8dfd31c0bc4f4f25e3fe00aaff09b9eb87b977bdc67e9ab58369
1,389,formal-v1__profile__pyxel_jump__gpu_compute__p000__r03,formal-v1,profile,not_applicable,pressure_profile,"[""pyxel_jump""]",pyxel_jump,[],,,gpu_compute,0,3,13311761209541628143,20,60,1,20,windows-rtx4060,0,0,grid_2x2,true,84,2605299bece47cbdc665c2e2d57eb6301e6ac71d700776b764e6b903e40d0fdc,89d531ccb56448ddbc56df7c9f440912802204cb,data/raw/step7-t84/formal-v1/formal-v1__profile__pyxel_jump__gpu_compute__p000__r03,"{""pyxel_jump"":""games/pyxel/02_jump_game.py""}","{""pyxel_jump"":""4743a825f1c9cae7e049ac52115f4ecf83350db546c00745a54af187d7bc2e46""}",8d9d5f71c6aae660dd0950659b1b05700094dd694b6fe9b09b0ea5400011218e
1,390,formal-v1__profile__pyxel_snake__memory_bandwidth__p000__r03,formal-v1,profile,not_applicable,pressure_profile,"[""pyxel_snake""]",pyxel_snake,[],,,memory_bandwidth,0,3,2310337829688302160,20,60,1,20,windows-rtx4060,0,0,grid_2x2,true,84,2605299bece47cbdc665c2e2d57eb6301e6ac71d700776b764e6b903e40d0fdc,89d531ccb56448ddbc56df7c9f440912802204cb,data/raw/step7-t84/formal-v1/formal-v1__profile__pyxel_snake__memory_bandwidth__p000__r03,"{""pyxel_snake"":""games/pyxel/07_snake.py""}","{""pyxel_snake"":""bc533fef92d1d358e570f69d979919fe5c1cd8c4da49841104b49a1e661a5ac3""}",d5c6a87812e2956dc9bf5a61535c4230155697ad7f0d5b762d3e83e937675d0f
1,391,formal-v1__profile__daylight__memory_bandwidth__p100__r01,formal-v1,profile,not_applicable,pressure_profile,"[""daylight""]",daylight,[],,,memory_bandwidth,1,1,11010954221285247488,20,60,1,20,windows-rtx4060,0,0,grid_2x2,true,84,2605299bece47cbdc665c2e2d57eb6301e6ac71d700776b764e6b903e40d0fdc,89d531ccb56448ddbc56df7c9f440912802204cb,data/raw/step7-t84/formal-v1/formal-v1__profile__daylight__memory_bandwidth__p100__r01,"{""daylight"":""games/pyxel/apps-src/30SecondsOfDaylight/src/main.py""}","{""daylight"":""21a365375249e9d7ea05e78dcfe040f09cc1f0c66bd410bae084190c743a028f""}",a13e4b1b823c42e53a6ebf9f3c375ef5935d709c632b807b7aceb56b702fb77f
1,392,formal-v1__profile__pyxel_bubbles__cpu_compute__p050__r03,formal-v1,profile,not_applicable,pressure_profile,"[""pyxel_bubbles""]",pyxel_bubbles,[],,,cpu_compute,0.5,3,8097135385450377352,20,60,1,20,windows-rtx4060,0,0,grid_2x2,true,84,2605299bece47cbdc665c2e2d57eb6301e6ac71d700776b764e6b903e40d0fdc,89d531ccb56448ddbc56df7c9f440912802204cb,data/raw/step7-t84/formal-v1/formal-v1__profile__pyxel_bubbles__cpu_compute__p050__r03,"{""pyxel_bubbles"":""games/pyxel/06_click_game.py""}","{""pyxel_bubbles"":""54c101e90bdaed839ac4c4284494530d5df37a5819a35f1e41eebb0b3da5d900""}",a498d5c66f15a7feb50dbdc2f562168d816ab52f5843fff8cd764685b66f2744
1,393,formal-v1__profile__pyxel_bubbles__cpu_compute__p075__r02,formal-v1,profile,not_applicable,pressure_profile,"[""pyxel_bubbles""]",pyxel_bubbles,[],,,cpu_compute,0.75,2,13748643829131777805,20,60,1,20,windows-rtx4060,0,0,grid_2x2,true,84,2605299bece47cbdc665c2e2d57eb6301e6ac71d700776b764e6b903e40d0fdc,89d531ccb56448ddbc56df7c9f440912802204cb,data/raw/step7-t84/formal-v1/formal-v1__profile__pyxel_bubbles__cpu_compute__p075__r02,"{""pyxel_bubbles"":""games/pyxel/06_click_game.py""}","{""pyxel_bubbles"":""54c101e90bdaed839ac4c4284494530d5df37a5819a35f1e41eebb0b3da5d900""}",4248b1e22833bdc740751a7a264683799b39b60478715cf7fed988f16b6de2bc
1,394,formal-v1__profile__pyxel_bubbles__gpu_compute__p000__r03,formal-v1,profile,not_applicable,pressure_profile,"[""pyxel_bubbles""]",pyxel_bubbles,[],,,gpu_compute,0,3,3197609736822577904,20,60,1,20,windows-rtx4060,0,0,grid_2x2,true,84,2605299bece47cbdc665c2e2d57eb6301e6ac71d700776b764e6b903e40d0fdc,89d531ccb56448ddbc56df7c9f440912802204cb,data/raw/step7-t84/formal-v1/formal-v1__profile__pyxel_bubbles__gpu_compute__p000__r03,"{""pyxel_bubbles"":""games/pyxel/06_click_game.py""}","{""pyxel_bubbles"":""54c101e90bdaed839ac4c4284494530d5df37a5819a35f1e41eebb0b3da5d900""}",8f849698de4e9aef21ee152d6c3af206a9ce6e40ce33e33b95defe4867a97fc4
1,395,formal-v1__profile__pyxel_shooter__gpu_compute__p050__r01,formal-v1,profile,not_applicable,pressure_profile,"[""pyxel_shooter""]",pyxel_shooter,[],,,gpu_compute,0.5,1,6895750260803978302,20,60,1,20,windows-rtx4060,0,0,grid_2x2,true,84,2605299bece47cbdc665c2e2d57eb6301e6ac71d700776b764e6b903e40d0fdc,89d531ccb56448ddbc56df7c9f440912802204cb,data/raw/step7-t84/formal-v1/formal-v1__profile__pyxel_shooter__gpu_compute__p050__r01,"{""pyxel_shooter"":""games/pyxel/09_shooter.py""}","{""pyxel_shooter"":""0f53e4156907eac41080a8f289e22c89365b3239517c754cf59a51af201d5563""}",9165c14ad3a1d8f5e48ab35a3dfc049e3db3f656a632f65fe99e89197294f9b2
1,396,formal-v1__profile__pyxel_bubbles__memory_bandwidth__p100__r03,formal-v1,profile,not_applicable,pressure_profile,"[""pyxel_bubbles""]",pyxel_bubbles,[],,,memory_bandwidth,1,3,5543711080399385332,20,60,1,20,windows-rtx4060,0,0,grid_2x2,true,84,2605299bece47cbdc665c2e2d57eb6301e6ac71d700776b764e6b903e40d0fdc,89d531ccb56448ddbc56df7c9f440912802204cb,data/raw/step7-t84/formal-v1/formal-v1__profile__pyxel_bubbles__memory_bandwidth__p100__r03,"{""pyxel_bubbles"":""games/pyxel/06_click_game.py""}","{""pyxel_bubbles"":""54c101e90bdaed839ac4c4284494530d5df37a5819a35f1e41eebb0b3da5d900""}",04a7e0251b24628de829fc9308e785a7f5a6377787bbbf052306d9178907ab94
1,397,formal-v1__profile__pyxel_platformer__memory_bandwidth__p000__r01,formal-v1,profile,not_applicable,pressure_profile,"[""pyxel_platformer""]",pyxel_platformer,[],,,memory_bandwidth,0,1,5530499916137772771,20,60,1,20,windows-rtx4060,0,0,grid_2x2,true,84,2605299bece47cbdc665c2e2d57eb6301e6ac71d700776b764e6b903e40d0fdc,89d531ccb56448ddbc56df7c9f440912802204cb,data/raw/step7-t84/formal-v1/formal-v1__profile__pyxel_platformer__memory_bandwidth__p000__r01,"{""pyxel_platformer"":""games/pyxel/10_platformer.py""}","{""pyxel_platformer"":""1b2c75b49dc9ab0254fb4b724682a4787868814a38d2f08920720dc5b6007ac5""}",a07eb9aef610aeac14dba9603a823bbb2fee151953176dfeb106b086f3cb40d5
1,398,formal-v1__profile__space_rescue__cpu_compute__p000__r03,formal-v1,profile,not_applicable,pressure_profile,"[""space_rescue""]",space_rescue,[],,,cpu_compute,0,3,16445950695555674728,20,60,1,20,windows-rtx4060,0,0,grid_2x2,true,84,2605299bece47cbdc665c2e2d57eb6301e6ac71d700776b764e6b903e40d0fdc,89d531ccb56448ddbc56df7c9f440912802204cb,data/raw/step7-t84/formal-v1/formal-v1__profile__space_rescue__cpu_compute__p000__r03,"{""space_rescue"":""games/pyxel/apps-src/space_rescue/space_rescue.py""}","{""space_rescue"":""f3b0ab6784ae558e64f06a3f0a704e53f107a130aa3d43357659d0850131e461""}",c36b6b958b6b1dfcd2f1e376793b1876532bc6e5f49e7c6c76779c9f1b2c243e
1,399,formal-v1__profile__space_rescue__cpu_compute__p100__r03,formal-v1,profile,not_applicable,pressure_profile,"[""space_rescue""]",space_rescue,[],,,cpu_compute,1,3,14293589899628780498,20,60,1,20,windows-rtx4060,0,0,grid_2x2,true,84,2605299bece47cbdc665c2e2d57eb6301e6ac71d700776b764e6b903e40d0fdc,89d531ccb56448ddbc56df7c9f440912802204cb,data/raw/step7-t84/formal-v1/formal-v1__profile__space_rescue__cpu_compute__p100__r03,"{""space_rescue"":""games/pyxel/apps-src/space_rescue/space_rescue.py""}","{""space_rescue"":""f3b0ab6784ae558e64f06a3f0a704e53f107a130aa3d43357659d0850131e461""}",194eff569ce5e3a3651f97a338c887fa4d6be998b5691edccbffda865cd9d98f
1,400,formal-v1__profile__mega_wing__cpu_compute__p100__r03,formal-v1,profile,not_applicable,pressure_profile,"[""mega_wing""]",mega_wing,[],,,cpu_compute,1,3,1670053174466730882,20,60,1,20,windows-rtx4060,0,0,grid_2x2,true,84,2605299bece47cbdc665c2e2d57eb6301e6ac71d700776b764e6b903e40d0fdc,89d531ccb56448ddbc56df7c9f440912802204cb,data/raw/step7-t84/formal-v1/formal-v1__profile__mega_wing__cpu_compute__p100__r03,"{""mega_wing"":""games/pyxel/apps-src/mega_wing/mega_wing.py""}","{""mega_wing"":""86bad6c02a303806c58137503739241dc6b1e86695f7c0dbf672b5e1a1464e9f""}",00f4189e292b26793439d1bc7c1b4b21fcc43b18d3b017d93b33408083e17887
1,401,formal-v1__profile__mega_wing__memory_bandwidth__p100__r03,formal-v1,profile,not_applicable,pressure_profile,"[""mega_wing""]",mega_wing,[],,,memory_bandwidth,1,3,1426504974660849699,20,60,1,20,windows-rtx4060,0,0,grid_2x2,true,84,2605299bece47cbdc665c2e2d57eb6301e6ac71d700776b764e6b903e40d0fdc,89d531ccb56448ddbc56df7c9f440912802204cb,data/raw/step7-t84/formal-v1/formal-v1__profile__mega_wing__memory_bandwidth__p100__r03,"{""mega_wing"":""games/pyxel/apps-src/mega_wing/mega_wing.py""}","{""mega_wing"":""86bad6c02a303806c58137503739241dc6b1e86695f7c0dbf672b5e1a1464e9f""}",709a34cce47d55c053384082b46b2983cb15550eda446e6aa643395107ac68fc
1,402,formal-v1__profile__pyxel_jump__gpu_compute__p025__r02,formal-v1,profile,not_applicable,pressure_profile,"[""pyxel_jump""]",pyxel_jump,[],,,gpu_compute,0.25,2,233017035973942983,20,60,1,20,windows-rtx4060,0,0,grid_2x2,true,84,2605299bece47cbdc665c2e2d57eb6301e6ac71d700776b764e6b903e40d0fdc,89d531ccb56448ddbc56df7c9f440912802204cb,data/raw/step7-t84/formal-v1/formal-v1__profile__pyxel_jump__gpu_compute__p025__r02,"{""pyxel_jump"":""games/pyxel/02_jump_game.py""}","{""pyxel_jump"":""4743a825f1c9cae7e049ac52115f4ecf83350db546c00745a54af187d7bc2e46""}",2b642b1fb398a4bc3e18e3192df9e28532cf1356f821f757e952a005620c803b
1,403,formal-v1__profile__pyxel_jump__memory_bandwidth__p075__r01,formal-v1,profile,not_applicable,pressure_profile,"[""pyxel_jump""]",pyxel_jump,[],,,memory_bandwidth,0.75,1,9999797276740716982,20,60,1,20,windows-rtx4060,0,0,grid_2x2,true,84,2605299bece47cbdc665c2e2d57eb6301e6ac71d700776b764e6b903e40d0fdc,89d531ccb56448ddbc56df7c9f440912802204cb,data/raw/step7-t84/formal-v1/formal-v1__profile__pyxel_jump__memory_bandwidth__p075__r01,"{""pyxel_jump"":""games/pyxel/02_jump_game.py""}","{""pyxel_jump"":""4743a825f1c9cae7e049ac52115f4ecf83350db546c00745a54af187d7bc2e46""}",614e94d7e7f7585b00d1848cb7cbf21b60214ebf348296cf15d599de2f9c1205
1,404,formal-v1__profile__pyxel_platformer__gpu_memory__p050__r01,formal-v1,profile,not_applicable,pressure_profile,"[""pyxel_platformer""]",pyxel_platformer,[],,,gpu_memory,0.5,1,10255546359852823889,20,60,1,20,windows-rtx4060,0,0,grid_2x2,true,84,2605299bece47cbdc665c2e2d57eb6301e6ac71d700776b764e6b903e40d0fdc,89d531ccb56448ddbc56df7c9f440912802204cb,data/raw/step7-t84/formal-v1/formal-v1__profile__pyxel_platformer__gpu_memory__p050__r01,"{""pyxel_platformer"":""games/pyxel/10_platformer.py""}","{""pyxel_platformer"":""1b2c75b49dc9ab0254fb4b724682a4787868814a38d2f08920720dc5b6007ac5""}",93912c0c8a4fc378da2368a8e76fba06e24e3cc214910addc33a071b96d3b94f
1,405,formal-v1__profile__mega_wing__gpu_compute__p025__r03,formal-v1,profile,not_applicable,pressure_profile,"[""mega_wing""]",mega_wing,[],,,gpu_compute,0.25,3,16919740360767898601,20,60,1,20,windows-rtx4060,0,0,grid_2x2,true,84,2605299bece47cbdc665c2e2d57eb6301e6ac71d700776b764e6b903e40d0fdc,89d531ccb56448ddbc56df7c9f440912802204cb,data/raw/step7-t84/formal-v1/formal-v1__profile__mega_wing__gpu_compute__p025__r03,"{""mega_wing"":""games/pyxel/apps-src/mega_wing/mega_wing.py""}","{""mega_wing"":""86bad6c02a303806c58137503739241dc6b1e86695f7c0dbf672b5e1a1464e9f""}",6f9c8ccda9474aaeca7dcdabf8e04d2ab6aff452acdcd3f4ef7cc7c084a06778
1,406,formal-v1__profile__pyxel_platformer__gpu_compute__p025__r03,formal-v1,profile,not_applicable,pressure_profile,"[""pyxel_platformer""]",pyxel_platformer,[],,,gpu_compute,0.25,3,6464914627224340644,20,60,1,20,windows-rtx4060,0,0,grid_2x2,true,84,2605299bece47cbdc665c2e2d57eb6301e6ac71d700776b764e6b903e40d0fdc,89d531ccb56448ddbc56df7c9f440912802204cb,data/raw/step7-t84/formal-v1/formal-v1__profile__pyxel_platformer__gpu_compute__p025__r03,"{""pyxel_platformer"":""games/pyxel/10_platformer.py""}","{""pyxel_platformer"":""1b2c75b49dc9ab0254fb4b724682a4787868814a38d2f08920720dc5b6007ac5""}",b0b767a50525820fc9751abe8b7c8d9dceca1331e00a80e161df5f9a6c3d7fa4
1,407,formal-v1__profile__pyxel_jump__cpu_compute__p050__r02,formal-v1,profile,not_applicable,pressure_profile,"[""pyxel_jump""]",pyxel_jump,[],,,cpu_compute,0.5,2,11814661248046929535,20,60,1,20,windows-rtx4060,0,0,grid_2x2,true,84,2605299bece47cbdc665c2e2d57eb6301e6ac71d700776b764e6b903e40d0fdc,89d531ccb56448ddbc56df7c9f440912802204cb,data/raw/step7-t84/formal-v1/formal-v1__profile__pyxel_jump__cpu_compute__p050__r02,"{""pyxel_jump"":""games/pyxel/02_jump_game.py""}","{""pyxel_jump"":""4743a825f1c9cae7e049ac52115f4ecf83350db546c00745a54af187d7bc2e46""}",3720a873cbde25ae08bdcefc5c702ad6bdadb408b093d0c6bb7bde4ed5a2b477
1,408,formal-v1__profile__mega_wing__memory_bandwidth__p000__r01,formal-v1,profile,not_applicable,pressure_profile,"[""mega_wing""]",mega_wing,[],,,memory_bandwidth,0,1,6962954145758470029,20,60,1,20,windows-rtx4060,0,0,grid_2x2,true,84,2605299bece47cbdc665c2e2d57eb6301e6ac71d700776b764e6b903e40d0fdc,89d531ccb56448ddbc56df7c9f440912802204cb,data/raw/step7-t84/formal-v1/formal-v1__profile__mega_wing__memory_bandwidth__p000__r01,"{""mega_wing"":""games/pyxel/apps-src/mega_wing/mega_wing.py""}","{""mega_wing"":""86bad6c02a303806c58137503739241dc6b1e86695f7c0dbf672b5e1a1464e9f""}",bdfdf77f26439ab4a76f1f0e82d1558818c5ebc01f9d92487ba16ae02eb6aba3
1,409,formal-v1__profile__mega_wing__cpu_compute__p025__r03,formal-v1,profile,not_applicable,pressure_profile,"[""mega_wing""]",mega_wing,[],,,cpu_compute,0.25,3,14923081146202905534,20,60,1,20,windows-rtx4060,0,0,grid_2x2,true,84,2605299bece47cbdc665c2e2d57eb6301e6ac71d700776b764e6b903e40d0fdc,89d531ccb56448ddbc56df7c9f440912802204cb,data/raw/step7-t84/formal-v1/formal-v1__profile__mega_wing__cpu_compute__p025__r03,"{""mega_wing"":""games/pyxel/apps-src/mega_wing/mega_wing.py""}","{""mega_wing"":""86bad6c02a303806c58137503739241dc6b1e86695f7c0dbf672b5e1a1464e9f""}",19e46ae86adbb4f58008e7ccc083767f8b946b71f39146dcd6d909969c6c3854
1,410,formal-v1__profile__pyxel_bubbles__cpu_compute__p000__r02,formal-v1,profile,not_applicable,pressure_profile,"[""pyxel_bubbles""]",pyxel_bubbles,[],,,cpu_compute,0,2,15375276537990914304,20,60,1,20,windows-rtx4060,0,0,grid_2x2,true,84,2605299bece47cbdc665c2e2d57eb6301e6ac71d700776b764e6b903e40d0fdc,89d531ccb56448ddbc56df7c9f440912802204cb,data/raw/step7-t84/formal-v1/formal-v1__profile__pyxel_bubbles__cpu_compute__p000__r02,"{""pyxel_bubbles"":""games/pyxel/06_click_game.py""}","{""pyxel_bubbles"":""54c101e90bdaed839ac4c4284494530d5df37a5819a35f1e41eebb0b3da5d900""}",ae425875134d1b3c2281cd52883733574bb39e3f7d3225c9b21c88a8bbfa30ce
1,411,formal-v1__profile__pyxel_jump__gpu_compute__p025__r03,formal-v1,profile,not_applicable,pressure_profile,"[""pyxel_jump""]",pyxel_jump,[],,,gpu_compute,0.25,3,17104872096298149474,20,60,1,20,windows-rtx4060,0,0,grid_2x2,true,84,2605299bece47cbdc665c2e2d57eb6301e6ac71d700776b764e6b903e40d0fdc,89d531ccb56448ddbc56df7c9f440912802204cb,data/raw/step7-t84/formal-v1/formal-v1__profile__pyxel_jump__gpu_compute__p025__r03,"{""pyxel_jump"":""games/pyxel/02_jump_game.py""}","{""pyxel_jump"":""4743a825f1c9cae7e049ac52115f4ecf83350db546c00745a54af187d7bc2e46""}",420fe4365056febf15392bf2e497f7ef1e5e764bc65604f99e2f03a14f078196
1,412,formal-v1__profile__pyxel_snake__cpu_compute__p025__r02,formal-v1,profile,not_applicable,pressure_profile,"[""pyxel_snake""]",pyxel_snake,[],,,cpu_compute,0.25,2,3094097884560572468,20,60,1,20,windows-rtx4060,0,0,grid_2x2,true,84,2605299bece47cbdc665c2e2d57eb6301e6ac71d700776b764e6b903e40d0fdc,89d531ccb56448ddbc56df7c9f440912802204cb,data/raw/step7-t84/formal-v1/formal-v1__profile__pyxel_snake__cpu_compute__p025__r02,"{""pyxel_snake"":""games/pyxel/07_snake.py""}","{""pyxel_snake"":""bc533fef92d1d358e570f69d979919fe5c1cd8c4da49841104b49a1e661a5ac3""}",e9d4f7592fd5715b939875731ac476a5ad941c2308810fc5502665da0129a07d
1,413,formal-v1__profile__pyxel_shooter__cpu_compute__p075__r03,formal-v1,profile,not_applicable,pressure_profile,"[""pyxel_shooter""]",pyxel_shooter,[],,,cpu_compute,0.75,3,13259531908387383939,20,60,1,20,windows-rtx4060,0,0,grid_2x2,true,84,2605299bece47cbdc665c2e2d57eb6301e6ac71d700776b764e6b903e40d0fdc,89d531ccb56448ddbc56df7c9f440912802204cb,data/raw/step7-t84/formal-v1/formal-v1__profile__pyxel_shooter__cpu_compute__p075__r03,"{""pyxel_shooter"":""games/pyxel/09_shooter.py""}","{""pyxel_shooter"":""0f53e4156907eac41080a8f289e22c89365b3239517c754cf59a51af201d5563""}",f90a59252706be4da4c1cb1a6dc75bf451ff39bd33c983762d0336a98da303b1
1,414,formal-v1__profile__space_rescue__gpu_compute__p100__r01,formal-v1,profile,not_applicable,pressure_profile,"[""space_rescue""]",space_rescue,[],,,gpu_compute,1,1,9402560737268368881,20,60,1,20,windows-rtx4060,0,0,grid_2x2,true,84,2605299bece47cbdc665c2e2d57eb6301e6ac71d700776b764e6b903e40d0fdc,89d531ccb56448ddbc56df7c9f440912802204cb,data/raw/step7-t84/formal-v1/formal-v1__profile__space_rescue__gpu_compute__p100__r01,"{""space_rescue"":""games/pyxel/apps-src/space_rescue/space_rescue.py""}","{""space_rescue"":""f3b0ab6784ae558e64f06a3f0a704e53f107a130aa3d43357659d0850131e461""}",00a9d21fc66413ffc365c20be05b9aed81cf166bab80114fd2fc6acee8e8f08e
1,415,formal-v1__profile__pyxel_platformer__gpu_memory__p075__r01,formal-v1,profile,not_applicable,pressure_profile,"[""pyxel_platformer""]",pyxel_platformer,[],,,gpu_memory,0.75,1,10486814864336015487,20,60,1,20,windows-rtx4060,0,0,grid_2x2,true,84,2605299bece47cbdc665c2e2d57eb6301e6ac71d700776b764e6b903e40d0fdc,89d531ccb56448ddbc56df7c9f440912802204cb,data/raw/step7-t84/formal-v1/formal-v1__profile__pyxel_platformer__gpu_memory__p075__r01,"{""pyxel_platformer"":""games/pyxel/10_platformer.py""}","{""pyxel_platformer"":""1b2c75b49dc9ab0254fb4b724682a4787868814a38d2f08920720dc5b6007ac5""}",52cf7b82c91a13e8318ec2dae1b72de36342a4f400ef14fddc0938e45ee6757b
1,416,formal-v1__profile__pyxel_bubbles__gpu_compute__p100__r03,formal-v1,profile,not_applicable,pressure_profile,"[""pyxel_bubbles""]",pyxel_bubbles,[],,,gpu_compute,1,3,399030813832862700,20,60,1,20,windows-rtx4060,0,0,grid_2x2,true,84,2605299bece47cbdc665c2e2d57eb6301e6ac71d700776b764e6b903e40d0fdc,89d531ccb56448ddbc56df7c9f440912802204cb,data/raw/step7-t84/formal-v1/formal-v1__profile__pyxel_bubbles__gpu_compute__p100__r03,"{""pyxel_bubbles"":""games/pyxel/06_click_game.py""}","{""pyxel_bubbles"":""54c101e90bdaed839ac4c4284494530d5df37a5819a35f1e41eebb0b3da5d900""}",1086b0426941ee3a7479935241e70908bc8c9c4ecf6a14022804f4b8f686ad43
1,417,formal-v1__profile__mega_wing__memory_bandwidth__p075__r01,formal-v1,profile,not_applicable,pressure_profile,"[""mega_wing""]",mega_wing,[],,,memory_bandwidth,0.75,1,1899649906298052157,20,60,1,20,windows-rtx4060,0,0,grid_2x2,true,84,2605299bece47cbdc665c2e2d57eb6301e6ac71d700776b764e6b903e40d0fdc,89d531ccb56448ddbc56df7c9f440912802204cb,data/raw/step7-t84/formal-v1/formal-v1__profile__mega_wing__memory_bandwidth__p075__r01,"{""mega_wing"":""games/pyxel/apps-src/mega_wing/mega_wing.py""}","{""mega_wing"":""86bad6c02a303806c58137503739241dc6b1e86695f7c0dbf672b5e1a1464e9f""}",b0ca31f9a0f0b8b470e5753201fa2334ff704ca9ceac4b7f381d44c075d54380
1,418,formal-v1__profile__space_rescue__gpu_compute__p050__r03,formal-v1,profile,not_applicable,pressure_profile,"[""space_rescue""]",space_rescue,[],,,gpu_compute,0.5,3,16865330936208072458,20,60,1,20,windows-rtx4060,0,0,grid_2x2,true,84,2605299bece47cbdc665c2e2d57eb6301e6ac71d700776b764e6b903e40d0fdc,89d531ccb56448ddbc56df7c9f440912802204cb,data/raw/step7-t84/formal-v1/formal-v1__profile__space_rescue__gpu_compute__p050__r03,"{""space_rescue"":""games/pyxel/apps-src/space_rescue/space_rescue.py""}","{""space_rescue"":""f3b0ab6784ae558e64f06a3f0a704e53f107a130aa3d43357659d0850131e461""}",b1a73ffa7d0bd46c84bd67a844cf24df81290aacb0fb93d67dca9a904df5ec71
1,419,formal-v1__profile__mega_wing__cpu_compute__p075__r02,formal-v1,profile,not_applicable,pressure_profile,"[""mega_wing""]",mega_wing,[],,,cpu_compute,0.75,2,8924812853693858564,20,60,1,20,windows-rtx4060,0,0,grid_2x2,true,84,2605299bece47cbdc665c2e2d57eb6301e6ac71d700776b764e6b903e40d0fdc,89d531ccb56448ddbc56df7c9f440912802204cb,data/raw/step7-t84/formal-v1/formal-v1__profile__mega_wing__cpu_compute__p075__r02,"{""mega_wing"":""games/pyxel/apps-src/mega_wing/mega_wing.py""}","{""mega_wing"":""86bad6c02a303806c58137503739241dc6b1e86695f7c0dbf672b5e1a1464e9f""}",cd67668260e5e47f66ef56b3234d5138c4ee5f0bed694402f2183d0137268228
1,420,formal-v1__profile__pyxel_jump__gpu_compute__p100__r03,formal-v1,profile,not_applicable,pressure_profile,"[""pyxel_jump""]",pyxel_jump,[],,,gpu_compute,1,3,17302054202162447904,20,60,1,20,windows-rtx4060,0,0,grid_2x2,true,84,2605299bece47cbdc665c2e2d57eb6301e6ac71d700776b764e6b903e40d0fdc,89d531ccb56448ddbc56df7c9f440912802204cb,data/raw/step7-t84/formal-v1/formal-v1__profile__pyxel_jump__gpu_compute__p100__r03,"{""pyxel_jump"":""games/pyxel/02_jump_game.py""}","{""pyxel_jump"":""4743a825f1c9cae7e049ac52115f4ecf83350db546c00745a54af187d7bc2e46""}",0dcb95e1509b6afdcea59416256cbe3abcb0b53613a5a893a0f65b05f742ed44
1,421,formal-v1__profile__pyxel_snake__gpu_compute__p050__r01,formal-v1,profile,not_applicable,pressure_profile,"[""pyxel_snake""]",pyxel_snake,[],,,gpu_compute,0.5,1,13682793963391115016,20,60,1,20,windows-rtx4060,0,0,grid_2x2,true,84,2605299bece47cbdc665c2e2d57eb6301e6ac71d700776b764e6b903e40d0fdc,89d531ccb56448ddbc56df7c9f440912802204cb,data/raw/step7-t84/formal-v1/formal-v1__profile__pyxel_snake__gpu_compute__p050__r01,"{""pyxel_snake"":""games/pyxel/07_snake.py""}","{""pyxel_snake"":""bc533fef92d1d358e570f69d979919fe5c1cd8c4da49841104b49a1e661a5ac3""}",a370a5da007d78450eb63f81aba3905fde04f85d4400029b8b32fb5abde5bdb5
1,422,formal-v1__profile__pyxel_snake__cpu_compute__p075__r02,formal-v1,profile,not_applicable,pressure_profile,"[""pyxel_snake""]",pyxel_snake,[],,,cpu_compute,0.75,2,6711901945739001378,20,60,1,20,windows-rtx4060,0,0,grid_2x2,true,84,2605299bece47cbdc665c2e2d57eb6301e6ac71d700776b764e6b903e40d0fdc,89d531ccb56448ddbc56df7c9f440912802204cb,data/raw/step7-t84/formal-v1/formal-v1__profile__pyxel_snake__cpu_compute__p075__r02,"{""pyxel_snake"":""games/pyxel/07_snake.py""}","{""pyxel_snake"":""bc533fef92d1d358e570f69d979919fe5c1cd8c4da49841104b49a1e661a5ac3""}",595a0d6e4f25ad9b46eaabac379c45bdeaf6a7208696d92bd6c7decc8b178dce
1,423,formal-v1__profile__pyxel_platformer__gpu_compute__p050__r03,formal-v1,profile,not_applicable,pressure_profile,"[""pyxel_platformer""]",pyxel_platformer,[],,,gpu_compute,0.5,3,4830467956693630396,20,60,1,20,windows-rtx4060,0,0,grid_2x2,true,84,2605299bece47cbdc665c2e2d57eb6301e6ac71d700776b764e6b903e40d0fdc,89d531ccb56448ddbc56df7c9f440912802204cb,data/raw/step7-t84/formal-v1/formal-v1__profile__pyxel_platformer__gpu_compute__p050__r03,"{""pyxel_platformer"":""games/pyxel/10_platformer.py""}","{""pyxel_platformer"":""1b2c75b49dc9ab0254fb4b724682a4787868814a38d2f08920720dc5b6007ac5""}",944d8814171ecee0abebab58c0efd2f23991646bec53c1250a8351762ea7330c
1,424,formal-v1__profile__pyxel_shooter__gpu_memory__p100__r01,formal-v1,profile,not_applicable,pressure_profile,"[""pyxel_shooter""]",pyxel_shooter,[],,,gpu_memory,1,1,10789056470971891121,20,60,1,20,windows-rtx4060,0,0,grid_2x2,true,84,2605299bece47cbdc665c2e2d57eb6301e6ac71d700776b764e6b903e40d0fdc,89d531ccb56448ddbc56df7c9f440912802204cb,data/raw/step7-t84/formal-v1/formal-v1__profile__pyxel_shooter__gpu_memory__p100__r01,"{""pyxel_shooter"":""games/pyxel/09_shooter.py""}","{""pyxel_shooter"":""0f53e4156907eac41080a8f289e22c89365b3239517c754cf59a51af201d5563""}",a4ed3ec2df2900844e9cdede4bb2b8653de1d10fac331e0f878160cdad768bfa
1,425,formal-v1__profile__mega_wing__gpu_compute__p050__r01,formal-v1,profile,not_applicable,pressure_profile,"[""mega_wing""]",mega_wing,[],,,gpu_compute,0.5,1,15247727687741815888,20,60,1,20,windows-rtx4060,0,0,grid_2x2,true,84,2605299bece47cbdc665c2e2d57eb6301e6ac71d700776b764e6b903e40d0fdc,89d531ccb56448ddbc56df7c9f440912802204cb,data/raw/step7-t84/formal-v1/formal-v1__profile__mega_wing__gpu_compute__p050__r01,"{""mega_wing"":""games/pyxel/apps-src/mega_wing/mega_wing.py""}","{""mega_wing"":""86bad6c02a303806c58137503739241dc6b1e86695f7c0dbf672b5e1a1464e9f""}",f0bb1fb4f74fbcdb69ce418debe12622c84e114de03483f1435745ff54c13a79
1,426,formal-v1__profile__pyxel_shooter__gpu_memory__p100__r02,formal-v1,profile,not_applicable,pressure_profile,"[""pyxel_shooter""]",pyxel_shooter,[],,,gpu_memory,1,2,15985385741595330183,20,60,1,20,windows-rtx4060,0,0,grid_2x2,true,84,2605299bece47cbdc665c2e2d57eb6301e6ac71d700776b764e6b903e40d0fdc,89d531ccb56448ddbc56df7c9f440912802204cb,data/raw/step7-t84/formal-v1/formal-v1__profile__pyxel_shooter__gpu_memory__p100__r02,"{""pyxel_shooter"":""games/pyxel/09_shooter.py""}","{""pyxel_shooter"":""0f53e4156907eac41080a8f289e22c89365b3239517c754cf59a51af201d5563""}",3b0d632e1843e6a9c34c67bf6702d2b2518ec11905cce04b2161f24e1f12322a
1,427,formal-v1__profile__pyxel_jump__cpu_compute__p050__r03,formal-v1,profile,not_applicable,pressure_profile,"[""pyxel_jump""]",pyxel_jump,[],,,cpu_compute,0.5,3,5136358900465955613,20,60,1,20,windows-rtx4060,0,0,grid_2x2,true,84,2605299bece47cbdc665c2e2d57eb6301e6ac71d700776b764e6b903e40d0fdc,89d531ccb56448ddbc56df7c9f440912802204cb,data/raw/step7-t84/formal-v1/formal-v1__profile__pyxel_jump__cpu_compute__p050__r03,"{""pyxel_jump"":""games/pyxel/02_jump_game.py""}","{""pyxel_jump"":""4743a825f1c9cae7e049ac52115f4ecf83350db546c00745a54af187d7bc2e46""}",74cf7475e934db4777443b1e00075f2ae2293c613c075712020927b58b0ec1ea
1,428,formal-v1__profile__daylight__gpu_compute__p000__r03,formal-v1,profile,not_applicable,pressure_profile,"[""daylight""]",daylight,[],,,gpu_compute,0,3,14577273255851705639,20,60,1,20,windows-rtx4060,0,0,grid_2x2,true,84,2605299bece47cbdc665c2e2d57eb6301e6ac71d700776b764e6b903e40d0fdc,89d531ccb56448ddbc56df7c9f440912802204cb,data/raw/step7-t84/formal-v1/formal-v1__profile__daylight__gpu_compute__p000__r03,"{""daylight"":""games/pyxel/apps-src/30SecondsOfDaylight/src/main.py""}","{""daylight"":""21a365375249e9d7ea05e78dcfe040f09cc1f0c66bd410bae084190c743a028f""}",b76a8c71cdffec1c24d3e42af64ed28c32286912f5deee820ae9769bb1f8a86c
1,429,formal-v1__profile__pyxel_platformer__cpu_compute__p100__r02,formal-v1,profile,not_applicable,pressure_profile,"[""pyxel_platformer""]",pyxel_platformer,[],,,cpu_compute,1,2,208523436179563980,20,60,1,20,windows-rtx4060,0,0,grid_2x2,true,84,2605299bece47cbdc665c2e2d57eb6301e6ac71d700776b764e6b903e40d0fdc,89d531ccb56448ddbc56df7c9f440912802204cb,data/raw/step7-t84/formal-v1/formal-v1__profile__pyxel_platformer__cpu_compute__p100__r02,"{""pyxel_platformer"":""games/pyxel/10_platformer.py""}","{""pyxel_platformer"":""1b2c75b49dc9ab0254fb4b724682a4787868814a38d2f08920720dc5b6007ac5""}",c5f8266ab69920b5af689a8a65c894b58dfcd25093c0f395f029999fe44d957f
1,430,formal-v1__profile__space_rescue__cpu_compute__p000__r01,formal-v1,profile,not_applicable,pressure_profile,"[""space_rescue""]",space_rescue,[],,,cpu_compute,0,1,6474875134661485624,20,60,1,20,windows-rtx4060,0,0,grid_2x2,true,84,2605299bece47cbdc665c2e2d57eb6301e6ac71d700776b764e6b903e40d0fdc,89d531ccb56448ddbc56df7c9f440912802204cb,data/raw/step7-t84/formal-v1/formal-v1__profile__space_rescue__cpu_compute__p000__r01,"{""space_rescue"":""games/pyxel/apps-src/space_rescue/space_rescue.py""}","{""space_rescue"":""f3b0ab6784ae558e64f06a3f0a704e53f107a130aa3d43357659d0850131e461""}",2e5efad5442e2dfff3d7e5e909e48b5f13b9741eb3a58e4ccd45e57ddc856686
1,431,formal-v1__profile__pyxel_bubbles__memory_bandwidth__p050__r02,formal-v1,profile,not_applicable,pressure_profile,"[""pyxel_bubbles""]",pyxel_bubbles,[],,,memory_bandwidth,0.5,2,7798065937651469100,20,60,1,20,windows-rtx4060,0,0,grid_2x2,true,84,2605299bece47cbdc665c2e2d57eb6301e6ac71d700776b764e6b903e40d0fdc,89d531ccb56448ddbc56df7c9f440912802204cb,data/raw/step7-t84/formal-v1/formal-v1__profile__pyxel_bubbles__memory_bandwidth__p050__r02,"{""pyxel_bubbles"":""games/pyxel/06_click_game.py""}","{""pyxel_bubbles"":""54c101e90bdaed839ac4c4284494530d5df37a5819a35f1e41eebb0b3da5d900""}",de3b54a06a3e2df2b7c6c48260560b47c23f75978520492037aab45801bbbdd8
1,432,formal-v1__profile__pyxel_shooter__memory_bandwidth__p075__r01,formal-v1,profile,not_applicable,pressure_profile,"[""pyxel_shooter""]",pyxel_shooter,[],,,memory_bandwidth,0.75,1,14253990244335660581,20,60,1,20,windows-rtx4060,0,0,grid_2x2,true,84,2605299bece47cbdc665c2e2d57eb6301e6ac71d700776b764e6b903e40d0fdc,89d531ccb56448ddbc56df7c9f440912802204cb,data/raw/step7-t84/formal-v1/formal-v1__profile__pyxel_shooter__memory_bandwidth__p075__r01,"{""pyxel_shooter"":""games/pyxel/09_shooter.py""}","{""pyxel_shooter"":""0f53e4156907eac41080a8f289e22c89365b3239517c754cf59a51af201d5563""}",e967348a48776c8bffb158fc63eb6943f6aac27c49aad1c6801b5e294ff5ffab
1,433,formal-v1__profile__pyxel_jump__gpu_compute__p100__r02,formal-v1,profile,not_applicable,pressure_profile,"[""pyxel_jump""]",pyxel_jump,[],,,gpu_compute,1,2,3696209096307883987,20,60,1,20,windows-rtx4060,0,0,grid_2x2,true,84,2605299bece47cbdc665c2e2d57eb6301e6ac71d700776b764e6b903e40d0fdc,89d531ccb56448ddbc56df7c9f440912802204cb,data/raw/step7-t84/formal-v1/formal-v1__profile__pyxel_jump__gpu_compute__p100__r02,"{""pyxel_jump"":""games/pyxel/02_jump_game.py""}","{""pyxel_jump"":""4743a825f1c9cae7e049ac52115f4ecf83350db546c00745a54af187d7bc2e46""}",705da5a9377ca5cb676d53ab84e3087100a39e9c43a46a946da2444d44c0c7b8
1,434,formal-v1__profile__daylight__gpu_memory__p075__r03,formal-v1,profile,not_applicable,pressure_profile,"[""daylight""]",daylight,[],,,gpu_memory,0.75,3,383505551550802264,20,60,1,20,windows-rtx4060,0,0,grid_2x2,true,84,2605299bece47cbdc665c2e2d57eb6301e6ac71d700776b764e6b903e40d0fdc,89d531ccb56448ddbc56df7c9f440912802204cb,data/raw/step7-t84/formal-v1/formal-v1__profile__daylight__gpu_memory__p075__r03,"{""daylight"":""games/pyxel/apps-src/30SecondsOfDaylight/src/main.py""}","{""daylight"":""21a365375249e9d7ea05e78dcfe040f09cc1f0c66bd410bae084190c743a028f""}",a0ea486e279cfb93de0d843836afd4bbd43cfa2d678ac258f0a36214ae58a563
1,435,formal-v1__profile__mega_wing__memory_bandwidth__p100__r02,formal-v1,profile,not_applicable,pressure_profile,"[""mega_wing""]",mega_wing,[],,,memory_bandwidth,1,2,12076705729341382433,20,60,1,20,windows-rtx4060,0,0,grid_2x2,true,84,2605299bece47cbdc665c2e2d57eb6301e6ac71d700776b764e6b903e40d0fdc,89d531ccb56448ddbc56df7c9f440912802204cb,data/raw/step7-t84/formal-v1/formal-v1__profile__mega_wing__memory_bandwidth__p100__r02,"{""mega_wing"":""games/pyxel/apps-src/mega_wing/mega_wing.py""}","{""mega_wing"":""86bad6c02a303806c58137503739241dc6b1e86695f7c0dbf672b5e1a1464e9f""}",023e94fec1af42f182315f28ccb8cd3b2246cf72dfeb84b4eb02193e1298822a
1,436,formal-v1__profile__pyxel_snake__gpu_compute__p100__r03,formal-v1,profile,not_applicable,pressure_profile,"[""pyxel_snake""]",pyxel_snake,[],,,gpu_compute,1,3,7682161995550926991,20,60,1,20,windows-rtx4060,0,0,grid_2x2,true,84,2605299bece47cbdc665c2e2d57eb6301e6ac71d700776b764e6b903e40d0fdc,89d531ccb56448ddbc56df7c9f440912802204cb,data/raw/step7-t84/formal-v1/formal-v1__profile__pyxel_snake__gpu_compute__p100__r03,"{""pyxel_snake"":""games/pyxel/07_snake.py""}","{""pyxel_snake"":""bc533fef92d1d358e570f69d979919fe5c1cd8c4da49841104b49a1e661a5ac3""}",6198152af89e5a23ea4342a506c4958159f7ba81e104ff41ff204807127bfe63
1,437,formal-v1__profile__pyxel_snake__memory_bandwidth__p075__r02,formal-v1,profile,not_applicable,pressure_profile,"[""pyxel_snake""]",pyxel_snake,[],,,memory_bandwidth,0.75,2,14084844333666529160,20,60,1,20,windows-rtx4060,0,0,grid_2x2,true,84,2605299bece47cbdc665c2e2d57eb6301e6ac71d700776b764e6b903e40d0fdc,89d531ccb56448ddbc56df7c9f440912802204cb,data/raw/step7-t84/formal-v1/formal-v1__profile__pyxel_snake__memory_bandwidth__p075__r02,"{""pyxel_snake"":""games/pyxel/07_snake.py""}","{""pyxel_snake"":""bc533fef92d1d358e570f69d979919fe5c1cd8c4da49841104b49a1e661a5ac3""}",1bdf86931bedfa474ac10256687ba4cde1f712080499dd06f14f6301c893da70
1,438,formal-v1__profile__pyxel_snake__gpu_memory__p075__r03,formal-v1,profile,not_applicable,pressure_profile,"[""pyxel_snake""]",pyxel_snake,[],,,gpu_memory,0.75,3,1970314320304426401,20,60,1,20,windows-rtx4060,0,0,grid_2x2,true,84,2605299bece47cbdc665c2e2d57eb6301e6ac71d700776b764e6b903e40d0fdc,89d531ccb56448ddbc56df7c9f440912802204cb,data/raw/step7-t84/formal-v1/formal-v1__profile__pyxel_snake__gpu_memory__p075__r03,"{""pyxel_snake"":""games/pyxel/07_snake.py""}","{""pyxel_snake"":""bc533fef92d1d358e570f69d979919fe5c1cd8c4da49841104b49a1e661a5ac3""}",9fe7d55b8104718f04cf4fc76ce6acf24bf7091bf114a35883bfd3c0dab10934
1,439,formal-v1__profile__space_rescue__gpu_compute__p050__r02,formal-v1,profile,not_applicable,pressure_profile,"[""space_rescue""]",space_rescue,[],,,gpu_compute,0.5,2,2831905124637667923,20,60,1,20,windows-rtx4060,0,0,grid_2x2,true,84,2605299bece47cbdc665c2e2d57eb6301e6ac71d700776b764e6b903e40d0fdc,89d531ccb56448ddbc56df7c9f440912802204cb,data/raw/step7-t84/formal-v1/formal-v1__profile__space_rescue__gpu_compute__p050__r02,"{""space_rescue"":""games/pyxel/apps-src/space_rescue/space_rescue.py""}","{""space_rescue"":""f3b0ab6784ae558e64f06a3f0a704e53f107a130aa3d43357659d0850131e461""}",1e023654626aa77ad0691eecd03c9165ce3364de135a82cb6136d590309da575
1,440,formal-v1__profile__daylight__gpu_memory__p075__r02,formal-v1,profile,not_applicable,pressure_profile,"[""daylight""]",daylight,[],,,gpu_memory,0.75,2,9872237876990188323,20,60,1,20,windows-rtx4060,0,0,grid_2x2,true,84,2605299bece47cbdc665c2e2d57eb6301e6ac71d700776b764e6b903e40d0fdc,89d531ccb56448ddbc56df7c9f440912802204cb,data/raw/step7-t84/formal-v1/formal-v1__profile__daylight__gpu_memory__p075__r02,"{""daylight"":""games/pyxel/apps-src/30SecondsOfDaylight/src/main.py""}","{""daylight"":""21a365375249e9d7ea05e78dcfe040f09cc1f0c66bd410bae084190c743a028f""}",3eac497bf2a89e04852c92576fea8a5a7b12b49132e705f3053af1e340aadcf3
1,441,formal-v1__profile__pyxel_snake__cpu_compute__p075__r03,formal-v1,profile,not_applicable,pressure_profile,"[""pyxel_snake""]",pyxel_snake,[],,,cpu_compute,0.75,3,9492456317129204173,20,60,1,20,windows-rtx4060,0,0,grid_2x2,true,84,2605299bece47cbdc665c2e2d57eb6301e6ac71d700776b764e6b903e40d0fdc,89d531ccb56448ddbc56df7c9f440912802204cb,data/raw/step7-t84/formal-v1/formal-v1__profile__pyxel_snake__cpu_compute__p075__r03,"{""pyxel_snake"":""games/pyxel/07_snake.py""}","{""pyxel_snake"":""bc533fef92d1d358e570f69d979919fe5c1cd8c4da49841104b49a1e661a5ac3""}",3f2c380015c3bab3bf6767205c2c9f26f6f99c93fc67caade3790dae5b19f177
1,442,formal-v1__profile__pyxel_jump__memory_bandwidth__p050__r02,formal-v1,profile,not_applicable,pressure_profile,"[""pyxel_jump""]",pyxel_jump,[],,,memory_bandwidth,0.5,2,15404233764431571980,20,60,1,20,windows-rtx4060,0,0,grid_2x2,true,84,2605299bece47cbdc665c2e2d57eb6301e6ac71d700776b764e6b903e40d0fdc,89d531ccb56448ddbc56df7c9f440912802204cb,data/raw/step7-t84/formal-v1/formal-v1__profile__pyxel_jump__memory_bandwidth__p050__r02,"{""pyxel_jump"":""games/pyxel/02_jump_game.py""}","{""pyxel_jump"":""4743a825f1c9cae7e049ac52115f4ecf83350db546c00745a54af187d7bc2e46""}",f478c1d4a85afa845b36a1bd74a90321f7b76c13b90288d1e8b4ace6fd9466f4
1,443,formal-v1__profile__pyxel_snake__memory_bandwidth__p025__r02,formal-v1,profile,not_applicable,pressure_profile,"[""pyxel_snake""]",pyxel_snake,[],,,memory_bandwidth,0.25,2,5009708746039831809,20,60,1,20,windows-rtx4060,0,0,grid_2x2,true,84,2605299bece47cbdc665c2e2d57eb6301e6ac71d700776b764e6b903e40d0fdc,89d531ccb56448ddbc56df7c9f440912802204cb,data/raw/step7-t84/formal-v1/formal-v1__profile__pyxel_snake__memory_bandwidth__p025__r02,"{""pyxel_snake"":""games/pyxel/07_snake.py""}","{""pyxel_snake"":""bc533fef92d1d358e570f69d979919fe5c1cd8c4da49841104b49a1e661a5ac3""}",69090e2ec209032de4cdb0223e3d844b634fd6c279210f7507a87e3f92c12647
1,444,formal-v1__profile__pyxel_shooter__gpu_compute__p000__r02,formal-v1,profile,not_applicable,pressure_profile,"[""pyxel_shooter""]",pyxel_shooter,[],,,gpu_compute,0,2,11458271528172579681,20,60,1,20,windows-rtx4060,0,0,grid_2x2,true,84,2605299bece47cbdc665c2e2d57eb6301e6ac71d700776b764e6b903e40d0fdc,89d531ccb56448ddbc56df7c9f440912802204cb,data/raw/step7-t84/formal-v1/formal-v1__profile__pyxel_shooter__gpu_compute__p000__r02,"{""pyxel_shooter"":""games/pyxel/09_shooter.py""}","{""pyxel_shooter"":""0f53e4156907eac41080a8f289e22c89365b3239517c754cf59a51af201d5563""}",a884f3a0db26325120a8893af740fb97eea605a5d4baec54ff9a00118c88074f
1,445,formal-v1__profile__daylight__gpu_compute__p050__r02,formal-v1,profile,not_applicable,pressure_profile,"[""daylight""]",daylight,[],,,gpu_compute,0.5,2,7491987814824651995,20,60,1,20,windows-rtx4060,0,0,grid_2x2,true,84,2605299bece47cbdc665c2e2d57eb6301e6ac71d700776b764e6b903e40d0fdc,89d531ccb56448ddbc56df7c9f440912802204cb,data/raw/step7-t84/formal-v1/formal-v1__profile__daylight__gpu_compute__p050__r02,"{""daylight"":""games/pyxel/apps-src/30SecondsOfDaylight/src/main.py""}","{""daylight"":""21a365375249e9d7ea05e78dcfe040f09cc1f0c66bd410bae084190c743a028f""}",4df59a68c440a68eccd37724908253702a8478071a777b23b5a9a6952129858e
1,446,formal-v1__profile__daylight__gpu_memory__p000__r01,formal-v1,profile,not_applicable,pressure_profile,"[""daylight""]",daylight,[],,,gpu_memory,0,1,11678635010054922399,20,60,1,20,windows-rtx4060,0,0,grid_2x2,true,84,2605299bece47cbdc665c2e2d57eb6301e6ac71d700776b764e6b903e40d0fdc,89d531ccb56448ddbc56df7c9f440912802204cb,data/raw/step7-t84/formal-v1/formal-v1__profile__daylight__gpu_memory__p000__r01,"{""daylight"":""games/pyxel/apps-src/30SecondsOfDaylight/src/main.py""}","{""daylight"":""21a365375249e9d7ea05e78dcfe040f09cc1f0c66bd410bae084190c743a028f""}",5551771f6453694a82f9f423d12159509781709cc8b6e8805215bc3a783767c0
1,447,formal-v1__profile__mega_wing__gpu_compute__p025__r02,formal-v1,profile,not_applicable,pressure_profile,"[""mega_wing""]",mega_wing,[],,,gpu_compute,0.25,2,4840432919940231483,20,60,1,20,windows-rtx4060,0,0,grid_2x2,true,84,2605299bece47cbdc665c2e2d57eb6301e6ac71d700776b764e6b903e40d0fdc,89d531ccb56448ddbc56df7c9f440912802204cb,data/raw/step7-t84/formal-v1/formal-v1__profile__mega_wing__gpu_compute__p025__r02,"{""mega_wing"":""games/pyxel/apps-src/mega_wing/mega_wing.py""}","{""mega_wing"":""86bad6c02a303806c58137503739241dc6b1e86695f7c0dbf672b5e1a1464e9f""}",c810e12c1912446e0f2ba2706940c428922391adbc14e29f157193d6190fc588
1,448,formal-v1__profile__mega_wing__gpu_compute__p075__r01,formal-v1,profile,not_applicable,pressure_profile,"[""mega_wing""]",mega_wing,[],,,gpu_compute,0.75,1,5779947581129877519,20,60,1,20,windows-rtx4060,0,0,grid_2x2,true,84,2605299bece47cbdc665c2e2d57eb6301e6ac71d700776b764e6b903e40d0fdc,89d531ccb56448ddbc56df7c9f440912802204cb,data/raw/step7-t84/formal-v1/formal-v1__profile__mega_wing__gpu_compute__p075__r01,"{""mega_wing"":""games/pyxel/apps-src/mega_wing/mega_wing.py""}","{""mega_wing"":""86bad6c02a303806c58137503739241dc6b1e86695f7c0dbf672b5e1a1464e9f""}",ecd243729f329c24a659a0d274078792394c203710bbbf05df561867be09b89c
1,449,formal-v1__profile__pyxel_shooter__gpu_memory__p050__r01,formal-v1,profile,not_applicable,pressure_profile,"[""pyxel_shooter""]",pyxel_shooter,[],,,gpu_memory,0.5,1,4331096482645805544,20,60,1,20,windows-rtx4060,0,0,grid_2x2,true,84,2605299bece47cbdc665c2e2d57eb6301e6ac71d700776b764e6b903e40d0fdc,89d531ccb56448ddbc56df7c9f440912802204cb,data/raw/step7-t84/formal-v1/formal-v1__profile__pyxel_shooter__gpu_memory__p050__r01,"{""pyxel_shooter"":""games/pyxel/09_shooter.py""}","{""pyxel_shooter"":""0f53e4156907eac41080a8f289e22c89365b3239517c754cf59a51af201d5563""}",fa78ffbd8fa7c0a3dfa78b6f2c70d35953d80698d05c1d0e3ac803562656aac4
1,450,formal-v1__profile__pyxel_jump__memory_bandwidth__p100__r03,formal-v1,profile,not_applicable,pressure_profile,"[""pyxel_jump""]",pyxel_jump,[],,,memory_bandwidth,1,3,17102201205914119896,20,60,1,20,windows-rtx4060,0,0,grid_2x2,true,84,2605299bece47cbdc665c2e2d57eb6301e6ac71d700776b764e6b903e40d0fdc,89d531ccb56448ddbc56df7c9f440912802204cb,data/raw/step7-t84/formal-v1/formal-v1__profile__pyxel_jump__memory_bandwidth__p100__r03,"{""pyxel_jump"":""games/pyxel/02_jump_game.py""}","{""pyxel_jump"":""4743a825f1c9cae7e049ac52115f4ecf83350db546c00745a54af187d7bc2e46""}",4686acb9ead3aa5bc78b2c8c7a24ab95cdbf6a4f81c6c1a02e3cb003b5409d71
1,451,formal-v1__profile__pyxel_jump__cpu_compute__p100__r02,formal-v1,profile,not_applicable,pressure_profile,"[""pyxel_jump""]",pyxel_jump,[],,,cpu_compute,1,2,14087211046482751672,20,60,1,20,windows-rtx4060,0,0,grid_2x2,true,84,2605299bece47cbdc665c2e2d57eb6301e6ac71d700776b764e6b903e40d0fdc,89d531ccb56448ddbc56df7c9f440912802204cb,data/raw/step7-t84/formal-v1/formal-v1__profile__pyxel_jump__cpu_compute__p100__r02,"{""pyxel_jump"":""games/pyxel/02_jump_game.py""}","{""pyxel_jump"":""4743a825f1c9cae7e049ac52115f4ecf83350db546c00745a54af187d7bc2e46""}",9a36322b5f36de63b00fdd4a4af00ac41cfb77b293f6407ed21f0c7f1188444a
1,452,formal-v1__profile__pyxel_snake__memory_bandwidth__p025__r01,formal-v1,profile,not_applicable,pressure_profile,"[""pyxel_snake""]",pyxel_snake,[],,,memory_bandwidth,0.25,1,12823400516448632836,20,60,1,20,windows-rtx4060,0,0,grid_2x2,true,84,2605299bece47cbdc665c2e2d57eb6301e6ac71d700776b764e6b903e40d0fdc,89d531ccb56448ddbc56df7c9f440912802204cb,data/raw/step7-t84/formal-v1/formal-v1__profile__pyxel_snake__memory_bandwidth__p025__r01,"{""pyxel_snake"":""games/pyxel/07_snake.py""}","{""pyxel_snake"":""bc533fef92d1d358e570f69d979919fe5c1cd8c4da49841104b49a1e661a5ac3""}",4c37f9e4caabdcb5f08f719317769f08b5d8bc7cb59e4f59978270bdec5d9cb0
1,453,formal-v1__profile__pyxel_platformer__gpu_compute__p100__r01,formal-v1,profile,not_applicable,pressure_profile,"[""pyxel_platformer""]",pyxel_platformer,[],,,gpu_compute,1,1,7264210698707032514,20,60,1,20,windows-rtx4060,0,0,grid_2x2,true,84,2605299bece47cbdc665c2e2d57eb6301e6ac71d700776b764e6b903e40d0fdc,89d531ccb56448ddbc56df7c9f440912802204cb,data/raw/step7-t84/formal-v1/formal-v1__profile__pyxel_platformer__gpu_compute__p100__r01,"{""pyxel_platformer"":""games/pyxel/10_platformer.py""}","{""pyxel_platformer"":""1b2c75b49dc9ab0254fb4b724682a4787868814a38d2f08920720dc5b6007ac5""}",ac4b0584e3070626b6f49d1361139b137a0f7af2d18929f9c570a092023e874f
1,454,formal-v1__profile__pyxel_shooter__gpu_compute__p075__r03,formal-v1,profile,not_applicable,pressure_profile,"[""pyxel_shooter""]",pyxel_shooter,[],,,gpu_compute,0.75,3,17635168907212643046,20,60,1,20,windows-rtx4060,0,0,grid_2x2,true,84,2605299bece47cbdc665c2e2d57eb6301e6ac71d700776b764e6b903e40d0fdc,89d531ccb56448ddbc56df7c9f440912802204cb,data/raw/step7-t84/formal-v1/formal-v1__profile__pyxel_shooter__gpu_compute__p075__r03,"{""pyxel_shooter"":""games/pyxel/09_shooter.py""}","{""pyxel_shooter"":""0f53e4156907eac41080a8f289e22c89365b3239517c754cf59a51af201d5563""}",ca37ce5ad5d044293f9e987c9a422c513269b397277d349517556191f199e14a
1,455,formal-v1__profile__space_rescue__memory_bandwidth__p100__r01,formal-v1,profile,not_applicable,pressure_profile,"[""space_rescue""]",space_rescue,[],,,memory_bandwidth,1,1,11811356062193943186,20,60,1,20,windows-rtx4060,0,0,grid_2x2,true,84,2605299bece47cbdc665c2e2d57eb6301e6ac71d700776b764e6b903e40d0fdc,89d531ccb56448ddbc56df7c9f440912802204cb,data/raw/step7-t84/formal-v1/formal-v1__profile__space_rescue__memory_bandwidth__p100__r01,"{""space_rescue"":""games/pyxel/apps-src/space_rescue/space_rescue.py""}","{""space_rescue"":""f3b0ab6784ae558e64f06a3f0a704e53f107a130aa3d43357659d0850131e461""}",bab67f0e2e321680edfa53146b0c1d27f8bf573ab9aab045e3f81ad7bb493a1f
1,456,formal-v1__profile__pyxel_jump__gpu_memory__p100__r03,formal-v1,profile,not_applicable,pressure_profile,"[""pyxel_jump""]",pyxel_jump,[],,,gpu_memory,1,3,10550415607703999974,20,60,1,20,windows-rtx4060,0,0,grid_2x2,true,84,2605299bece47cbdc665c2e2d57eb6301e6ac71d700776b764e6b903e40d0fdc,89d531ccb56448ddbc56df7c9f440912802204cb,data/raw/step7-t84/formal-v1/formal-v1__profile__pyxel_jump__gpu_memory__p100__r03,"{""pyxel_jump"":""games/pyxel/02_jump_game.py""}","{""pyxel_jump"":""4743a825f1c9cae7e049ac52115f4ecf83350db546c00745a54af187d7bc2e46""}",1b3bff339e4a05c2c6ac817b192722ef2f1b60581e6c51e8b70b505eb761f3d7
1,457,formal-v1__profile__pyxel_snake__gpu_compute__p100__r02,formal-v1,profile,not_applicable,pressure_profile,"[""pyxel_snake""]",pyxel_snake,[],,,gpu_compute,1,2,14083140115922923076,20,60,1,20,windows-rtx4060,0,0,grid_2x2,true,84,2605299bece47cbdc665c2e2d57eb6301e6ac71d700776b764e6b903e40d0fdc,89d531ccb56448ddbc56df7c9f440912802204cb,data/raw/step7-t84/formal-v1/formal-v1__profile__pyxel_snake__gpu_compute__p100__r02,"{""pyxel_snake"":""games/pyxel/07_snake.py""}","{""pyxel_snake"":""bc533fef92d1d358e570f69d979919fe5c1cd8c4da49841104b49a1e661a5ac3""}",701072ab2c06f2e0e054e1a7bcc63fa3d0fc4fa643f2253a5ee03b46074f15b0
1,458,formal-v1__profile__pyxel_shooter__gpu_compute__p100__r02,formal-v1,profile,not_applicable,pressure_profile,"[""pyxel_shooter""]",pyxel_shooter,[],,,gpu_compute,1,2,8216147765885794096,20,60,1,20,windows-rtx4060,0,0,grid_2x2,true,84,2605299bece47cbdc665c2e2d57eb6301e6ac71d700776b764e6b903e40d0fdc,89d531ccb56448ddbc56df7c9f440912802204cb,data/raw/step7-t84/formal-v1/formal-v1__profile__pyxel_shooter__gpu_compute__p100__r02,"{""pyxel_shooter"":""games/pyxel/09_shooter.py""}","{""pyxel_shooter"":""0f53e4156907eac41080a8f289e22c89365b3239517c754cf59a51af201d5563""}",5e143f3df8916fb6662b3446e2cc9fe1437271c87b947f6d65d02eab742cea8c
1,459,formal-v1__profile__daylight__cpu_compute__p025__r01,formal-v1,profile,not_applicable,pressure_profile,"[""daylight""]",daylight,[],,,cpu_compute,0.25,1,8546134627183824773,20,60,1,20,windows-rtx4060,0,0,grid_2x2,true,84,2605299bece47cbdc665c2e2d57eb6301e6ac71d700776b764e6b903e40d0fdc,89d531ccb56448ddbc56df7c9f440912802204cb,data/raw/step7-t84/formal-v1/formal-v1__profile__daylight__cpu_compute__p025__r01,"{""daylight"":""games/pyxel/apps-src/30SecondsOfDaylight/src/main.py""}","{""daylight"":""21a365375249e9d7ea05e78dcfe040f09cc1f0c66bd410bae084190c743a028f""}",d78d1bfcc7437c5bec925191f5780bea6790deab649ad517ee7117f47c24f0a5
1,460,formal-v1__profile__pyxel_jump__gpu_memory__p050__r01,formal-v1,profile,not_applicable,pressure_profile,"[""pyxel_jump""]",pyxel_jump,[],,,gpu_memory,0.5,1,7116178765233895399,20,60,1,20,windows-rtx4060,0,0,grid_2x2,true,84,2605299bece47cbdc665c2e2d57eb6301e6ac71d700776b764e6b903e40d0fdc,89d531ccb56448ddbc56df7c9f440912802204cb,data/raw/step7-t84/formal-v1/formal-v1__profile__pyxel_jump__gpu_memory__p050__r01,"{""pyxel_jump"":""games/pyxel/02_jump_game.py""}","{""pyxel_jump"":""4743a825f1c9cae7e049ac52115f4ecf83350db546c00745a54af187d7bc2e46""}",ac56f9d0750198c075eceb5d75eab32c393c0ba4f236ac74532e718d2de245fe
1,461,formal-v1__profile__pyxel_bubbles__gpu_memory__p025__r03,formal-v1,profile,not_applicable,pressure_profile,"[""pyxel_bubbles""]",pyxel_bubbles,[],,,gpu_memory,0.25,3,11477786045026242425,20,60,1,20,windows-rtx4060,0,0,grid_2x2,true,84,2605299bece47cbdc665c2e2d57eb6301e6ac71d700776b764e6b903e40d0fdc,89d531ccb56448ddbc56df7c9f440912802204cb,data/raw/step7-t84/formal-v1/formal-v1__profile__pyxel_bubbles__gpu_memory__p025__r03,"{""pyxel_bubbles"":""games/pyxel/06_click_game.py""}","{""pyxel_bubbles"":""54c101e90bdaed839ac4c4284494530d5df37a5819a35f1e41eebb0b3da5d900""}",04a16472cbaced0f8953290c0e36636b62ce91f87eca9ca3f272a8e3f8f35a92
1,462,formal-v1__profile__mega_wing__memory_bandwidth__p050__r03,formal-v1,profile,not_applicable,pressure_profile,"[""mega_wing""]",mega_wing,[],,,memory_bandwidth,0.5,3,4039119329878322077,20,60,1,20,windows-rtx4060,0,0,grid_2x2,true,84,2605299bece47cbdc665c2e2d57eb6301e6ac71d700776b764e6b903e40d0fdc,89d531ccb56448ddbc56df7c9f440912802204cb,data/raw/step7-t84/formal-v1/formal-v1__profile__mega_wing__memory_bandwidth__p050__r03,"{""mega_wing"":""games/pyxel/apps-src/mega_wing/mega_wing.py""}","{""mega_wing"":""86bad6c02a303806c58137503739241dc6b1e86695f7c0dbf672b5e1a1464e9f""}",8709da9af9fb611dba9ed1d33145b761b54e8bbb701894e54e0d07e51087b155
1,463,formal-v1__profile__pyxel_jump__gpu_compute__p000__r01,formal-v1,profile,not_applicable,pressure_profile,"[""pyxel_jump""]",pyxel_jump,[],,,gpu_compute,0,1,16045919972083546316,20,60,1,20,windows-rtx4060,0,0,grid_2x2,true,84,2605299bece47cbdc665c2e2d57eb6301e6ac71d700776b764e6b903e40d0fdc,89d531ccb56448ddbc56df7c9f440912802204cb,data/raw/step7-t84/formal-v1/formal-v1__profile__pyxel_jump__gpu_compute__p000__r01,"{""pyxel_jump"":""games/pyxel/02_jump_game.py""}","{""pyxel_jump"":""4743a825f1c9cae7e049ac52115f4ecf83350db546c00745a54af187d7bc2e46""}",7d23a20477ac78c3c11f0c27ee3aad9a1914e4cd410bc30019e3fdd808b88ee4
1,464,formal-v1__profile__pyxel_snake__cpu_compute__p075__r01,formal-v1,profile,not_applicable,pressure_profile,"[""pyxel_snake""]",pyxel_snake,[],,,cpu_compute,0.75,1,11125643496581567022,20,60,1,20,windows-rtx4060,0,0,grid_2x2,true,84,2605299bece47cbdc665c2e2d57eb6301e6ac71d700776b764e6b903e40d0fdc,89d531ccb56448ddbc56df7c9f440912802204cb,data/raw/step7-t84/formal-v1/formal-v1__profile__pyxel_snake__cpu_compute__p075__r01,"{""pyxel_snake"":""games/pyxel/07_snake.py""}","{""pyxel_snake"":""bc533fef92d1d358e570f69d979919fe5c1cd8c4da49841104b49a1e661a5ac3""}",ab336262f6cbcd8cba6ea08bc3f3fde0aca7f01204d687c7a88c144b29b59338
1,465,formal-v1__profile__pyxel_platformer__gpu_memory__p050__r02,formal-v1,profile,not_applicable,pressure_profile,"[""pyxel_platformer""]",pyxel_platformer,[],,,gpu_memory,0.5,2,13683777296560864320,20,60,1,20,windows-rtx4060,0,0,grid_2x2,true,84,2605299bece47cbdc665c2e2d57eb6301e6ac71d700776b764e6b903e40d0fdc,89d531ccb56448ddbc56df7c9f440912802204cb,data/raw/step7-t84/formal-v1/formal-v1__profile__pyxel_platformer__gpu_memory__p050__r02,"{""pyxel_platformer"":""games/pyxel/10_platformer.py""}","{""pyxel_platformer"":""1b2c75b49dc9ab0254fb4b724682a4787868814a38d2f08920720dc5b6007ac5""}",7991a3f020e399ad7fa008a279e8522556aa033b50d52e2954027ac08d674860
1,466,formal-v1__profile__pyxel_snake__gpu_compute__p075__r03,formal-v1,profile,not_applicable,pressure_profile,"[""pyxel_snake""]",pyxel_snake,[],,,gpu_compute,0.75,3,11042220355785710688,20,60,1,20,windows-rtx4060,0,0,grid_2x2,true,84,2605299bece47cbdc665c2e2d57eb6301e6ac71d700776b764e6b903e40d0fdc,89d531ccb56448ddbc56df7c9f440912802204cb,data/raw/step7-t84/formal-v1/formal-v1__profile__pyxel_snake__gpu_compute__p075__r03,"{""pyxel_snake"":""games/pyxel/07_snake.py""}","{""pyxel_snake"":""bc533fef92d1d358e570f69d979919fe5c1cd8c4da49841104b49a1e661a5ac3""}",af9dcb11eca96d76f499c22939ed0045e8f9f94f87f2f88c1e0f986ea88d01fa
1,467,formal-v1__profile__daylight__cpu_compute__p050__r02,formal-v1,profile,not_applicable,pressure_profile,"[""daylight""]",daylight,[],,,cpu_compute,0.5,2,3838096314104336505,20,60,1,20,windows-rtx4060,0,0,grid_2x2,true,84,2605299bece47cbdc665c2e2d57eb6301e6ac71d700776b764e6b903e40d0fdc,89d531ccb56448ddbc56df7c9f440912802204cb,data/raw/step7-t84/formal-v1/formal-v1__profile__daylight__cpu_compute__p050__r02,"{""daylight"":""games/pyxel/apps-src/30SecondsOfDaylight/src/main.py""}","{""daylight"":""21a365375249e9d7ea05e78dcfe040f09cc1f0c66bd410bae084190c743a028f""}",761073b667ab0496471468cd7878593ea665b6d6bcc7350c81acbdf735bcefa0
1,468,formal-v1__profile__space_rescue__gpu_memory__p100__r02,formal-v1,profile,not_applicable,pressure_profile,"[""space_rescue""]",space_rescue,[],,,gpu_memory,1,2,14880685727358387163,20,60,1,20,windows-rtx4060,0,0,grid_2x2,true,84,2605299bece47cbdc665c2e2d57eb6301e6ac71d700776b764e6b903e40d0fdc,89d531ccb56448ddbc56df7c9f440912802204cb,data/raw/step7-t84/formal-v1/formal-v1__profile__space_rescue__gpu_memory__p100__r02,"{""space_rescue"":""games/pyxel/apps-src/space_rescue/space_rescue.py""}","{""space_rescue"":""f3b0ab6784ae558e64f06a3f0a704e53f107a130aa3d43357659d0850131e461""}",b6e4af62fd32241cab9790a197be11b731c93ee3c5d880c54d0248199a809673
1,469,formal-v1__profile__pyxel_snake__gpu_memory__p100__r01,formal-v1,profile,not_applicable,pressure_profile,"[""pyxel_snake""]",pyxel_snake,[],,,gpu_memory,1,1,2048519632776316076,20,60,1,20,windows-rtx4060,0,0,grid_2x2,true,84,2605299bece47cbdc665c2e2d57eb6301e6ac71d700776b764e6b903e40d0fdc,89d531ccb56448ddbc56df7c9f440912802204cb,data/raw/step7-t84/formal-v1/formal-v1__profile__pyxel_snake__gpu_memory__p100__r01,"{""pyxel_snake"":""games/pyxel/07_snake.py""}","{""pyxel_snake"":""bc533fef92d1d358e570f69d979919fe5c1cd8c4da49841104b49a1e661a5ac3""}",0370b2922b3313ae6a37562c873979f9d6da435513685b6b95d0c7a9b8346072
1,470,formal-v1__profile__pyxel_shooter__gpu_memory__p000__r01,formal-v1,profile,not_applicable,pressure_profile,"[""pyxel_shooter""]",pyxel_shooter,[],,,gpu_memory,0,1,13128955997156162672,20,60,1,20,windows-rtx4060,0,0,grid_2x2,true,84,2605299bece47cbdc665c2e2d57eb6301e6ac71d700776b764e6b903e40d0fdc,89d531ccb56448ddbc56df7c9f440912802204cb,data/raw/step7-t84/formal-v1/formal-v1__profile__pyxel_shooter__gpu_memory__p000__r01,"{""pyxel_shooter"":""games/pyxel/09_shooter.py""}","{""pyxel_shooter"":""0f53e4156907eac41080a8f289e22c89365b3239517c754cf59a51af201d5563""}",f1201d200d396d7380f09d7ccf68ea75eb5a7ee55b1217e9abc363170244ed84
1,471,formal-v1__profile__pyxel_jump__gpu_compute__p100__r01,formal-v1,profile,not_applicable,pressure_profile,"[""pyxel_jump""]",pyxel_jump,[],,,gpu_compute,1,1,3371735578744062347,20,60,1,20,windows-rtx4060,0,0,grid_2x2,true,84,2605299bece47cbdc665c2e2d57eb6301e6ac71d700776b764e6b903e40d0fdc,89d531ccb56448ddbc56df7c9f440912802204cb,data/raw/step7-t84/formal-v1/formal-v1__profile__pyxel_jump__gpu_compute__p100__r01,"{""pyxel_jump"":""games/pyxel/02_jump_game.py""}","{""pyxel_jump"":""4743a825f1c9cae7e049ac52115f4ecf83350db546c00745a54af187d7bc2e46""}",347f15fc977815cb28a7b018447ea8db1db985888542eb2633668a02dcada861
1,472,formal-v1__profile__daylight__gpu_compute__p075__r02,formal-v1,profile,not_applicable,pressure_profile,"[""daylight""]",daylight,[],,,gpu_compute,0.75,2,16482551770301428842,20,60,1,20,windows-rtx4060,0,0,grid_2x2,true,84,2605299bece47cbdc665c2e2d57eb6301e6ac71d700776b764e6b903e40d0fdc,89d531ccb56448ddbc56df7c9f440912802204cb,data/raw/step7-t84/formal-v1/formal-v1__profile__daylight__gpu_compute__p075__r02,"{""daylight"":""games/pyxel/apps-src/30SecondsOfDaylight/src/main.py""}","{""daylight"":""21a365375249e9d7ea05e78dcfe040f09cc1f0c66bd410bae084190c743a028f""}",a51e2d3dfa6effee7e515c5614e883864d3acc57ac4ab63c9df30f069839d908
1,473,formal-v1__profile__pyxel_snake__memory_bandwidth__p050__r01,formal-v1,profile,not_applicable,pressure_profile,"[""pyxel_snake""]",pyxel_snake,[],,,memory_bandwidth,0.5,1,12904724028316273076,20,60,1,20,windows-rtx4060,0,0,grid_2x2,true,84,2605299bece47cbdc665c2e2d57eb6301e6ac71d700776b764e6b903e40d0fdc,89d531ccb56448ddbc56df7c9f440912802204cb,data/raw/step7-t84/formal-v1/formal-v1__profile__pyxel_snake__memory_bandwidth__p050__r01,"{""pyxel_snake"":""games/pyxel/07_snake.py""}","{""pyxel_snake"":""bc533fef92d1d358e570f69d979919fe5c1cd8c4da49841104b49a1e661a5ac3""}",22cfb79d85c21591ff55abf5d341cd8e7080dd4173ad7419be0029196e0dc0d8
1,474,formal-v1__profile__mega_wing__memory_bandwidth__p000__r03,formal-v1,profile,not_applicable,pressure_profile,"[""mega_wing""]",mega_wing,[],,,memory_bandwidth,0,3,16041027278042840818,20,60,1,20,windows-rtx4060,0,0,grid_2x2,true,84,2605299bece47cbdc665c2e2d57eb6301e6ac71d700776b764e6b903e40d0fdc,89d531ccb56448ddbc56df7c9f440912802204cb,data/raw/step7-t84/formal-v1/formal-v1__profile__mega_wing__memory_bandwidth__p000__r03,"{""mega_wing"":""games/pyxel/apps-src/mega_wing/mega_wing.py""}","{""mega_wing"":""86bad6c02a303806c58137503739241dc6b1e86695f7c0dbf672b5e1a1464e9f""}",72de600ef32c44a797a4d1e31587dea0d7c8472cf17d5ba9977f0d4d60da561b
1,475,formal-v1__profile__pyxel_snake__gpu_compute__p050__r02,formal-v1,profile,not_applicable,pressure_profile,"[""pyxel_snake""]",pyxel_snake,[],,,gpu_compute,0.5,2,9860099447219610463,20,60,1,20,windows-rtx4060,0,0,grid_2x2,true,84,2605299bece47cbdc665c2e2d57eb6301e6ac71d700776b764e6b903e40d0fdc,89d531ccb56448ddbc56df7c9f440912802204cb,data/raw/step7-t84/formal-v1/formal-v1__profile__pyxel_snake__gpu_compute__p050__r02,"{""pyxel_snake"":""games/pyxel/07_snake.py""}","{""pyxel_snake"":""bc533fef92d1d358e570f69d979919fe5c1cd8c4da49841104b49a1e661a5ac3""}",8d82b058489f4c6de2fedebdc0ba66ac6e6234d4e47edf5bc226b1ffef3ada20
1,476,formal-v1__profile__daylight__memory_bandwidth__p075__r03,formal-v1,profile,not_applicable,pressure_profile,"[""daylight""]",daylight,[],,,memory_bandwidth,0.75,3,8749102145442139478,20,60,1,20,windows-rtx4060,0,0,grid_2x2,true,84,2605299bece47cbdc665c2e2d57eb6301e6ac71d700776b764e6b903e40d0fdc,89d531ccb56448ddbc56df7c9f440912802204cb,data/raw/step7-t84/formal-v1/formal-v1__profile__daylight__memory_bandwidth__p075__r03,"{""daylight"":""games/pyxel/apps-src/30SecondsOfDaylight/src/main.py""}","{""daylight"":""21a365375249e9d7ea05e78dcfe040f09cc1f0c66bd410bae084190c743a028f""}",9bfe0bd14fdae9f8fd8e82ed628e6108d5894bcf584965a7f3b85e228871f17c
1,477,formal-v1__profile__pyxel_bubbles__memory_bandwidth__p025__r03,formal-v1,profile,not_applicable,pressure_profile,"[""pyxel_bubbles""]",pyxel_bubbles,[],,,memory_bandwidth,0.25,3,9085066560137111869,20,60,1,20,windows-rtx4060,0,0,grid_2x2,true,84,2605299bece47cbdc665c2e2d57eb6301e6ac71d700776b764e6b903e40d0fdc,89d531ccb56448ddbc56df7c9f440912802204cb,data/raw/step7-t84/formal-v1/formal-v1__profile__pyxel_bubbles__memory_bandwidth__p025__r03,"{""pyxel_bubbles"":""games/pyxel/06_click_game.py""}","{""pyxel_bubbles"":""54c101e90bdaed839ac4c4284494530d5df37a5819a35f1e41eebb0b3da5d900""}",b0f3f077ebdab92fab9f3b56e053f351391049f5060e5361e075cf73164bd815
1,478,formal-v1__profile__pyxel_snake__gpu_memory__p025__r01,formal-v1,profile,not_applicable,pressure_profile,"[""pyxel_snake""]",pyxel_snake,[],,,gpu_memory,0.25,1,18316953053906885181,20,60,1,20,windows-rtx4060,0,0,grid_2x2,true,84,2605299bece47cbdc665c2e2d57eb6301e6ac71d700776b764e6b903e40d0fdc,89d531ccb56448ddbc56df7c9f440912802204cb,data/raw/step7-t84/formal-v1/formal-v1__profile__pyxel_snake__gpu_memory__p025__r01,"{""pyxel_snake"":""games/pyxel/07_snake.py""}","{""pyxel_snake"":""bc533fef92d1d358e570f69d979919fe5c1cd8c4da49841104b49a1e661a5ac3""}",03aa40b1332e95e8ef43cb5dc41830590c319da3284e09c25ba29f036c554ff5
1,479,formal-v1__profile__pyxel_jump__gpu_memory__p100__r01,formal-v1,profile,not_applicable,pressure_profile,"[""pyxel_jump""]",pyxel_jump,[],,,gpu_memory,1,1,10486563380304995357,20,60,1,20,windows-rtx4060,0,0,grid_2x2,true,84,2605299bece47cbdc665c2e2d57eb6301e6ac71d700776b764e6b903e40d0fdc,89d531ccb56448ddbc56df7c9f440912802204cb,data/raw/step7-t84/formal-v1/formal-v1__profile__pyxel_jump__gpu_memory__p100__r01,"{""pyxel_jump"":""games/pyxel/02_jump_game.py""}","{""pyxel_jump"":""4743a825f1c9cae7e049ac52115f4ecf83350db546c00745a54af187d7bc2e46""}",5410826fc83ddf354738b6af6f1e63cecfe08eeb7bd8022c65cf1878d5b52b90
1,480,formal-v1__profile__pyxel_jump__memory_bandwidth__p025__r01,formal-v1,profile,not_applicable,pressure_profile,"[""pyxel_jump""]",pyxel_jump,[],,,memory_bandwidth,0.25,1,626281593546063449,20,60,1,20,windows-rtx4060,0,0,grid_2x2,true,84,2605299bece47cbdc665c2e2d57eb6301e6ac71d700776b764e6b903e40d0fdc,89d531ccb56448ddbc56df7c9f440912802204cb,data/raw/step7-t84/formal-v1/formal-v1__profile__pyxel_jump__memory_bandwidth__p025__r01,"{""pyxel_jump"":""games/pyxel/02_jump_game.py""}","{""pyxel_jump"":""4743a825f1c9cae7e049ac52115f4ecf83350db546c00745a54af187d7bc2e46""}",6506ef64e0c18154b209f8feba334bf7adb403fda125d1a815e9f929615af521
