schema_version,execution_index,run_id,experiment_id,stage,split,mode,workload_ids,target_id,neighbor_ids,combination_key,colocation_id,resource,pressure_requested,pressure_applied,repeat,seed,warmup_s,duration_s,sample_interval_s,cooldown_s,host_id,gpu_index,display_index,window_layout,require_visible_windows,max_gpu_temp_c,config_sha256,root_commit,run_directory,game_entrypoints,game_sha256s,row_sha256
2,1,formal-highfps-affinity-v1__colocation__pyxel_jump+pyxel_platformer__r02,formal-highfps-affinity-v1,colocation-main,train,colocation,"[""pyxel_jump"",""pyxel_platformer""]",pyxel_jump,"[""pyxel_platformer""]",pyxel_jump+pyxel_platformer,pyxel_jump+pyxel_platformer__r02,,,,2,539541111971655804,10,30,1,10,windows-rtx4060,0,0,grid_2x2,true,80,5930e8a2f36dfdbf730e9b1c45870f1d5e83007b60ca0adf3f18f46bd5fc6d94,d294a5d8602837dbe32307d6c70879f62902956d,data/raw/formal-highfps-affinity-v1/formal-highfps-affinity-v1__colocation__pyxel_jump+pyxel_platformer__r02,"{""pyxel_jump"":""games/pyxel/02_jump_game.py"",""pyxel_platformer"":""games/pyxel/10_platformer.py""}","{""pyxel_jump"":""4743a825f1c9cae7e049ac52115f4ecf83350db546c00745a54af187d7bc2e46"",""pyxel_platformer"":""1b2c75b49dc9ab0254fb4b724682a4787868814a38d2f08920720dc5b6007ac5""}",3b578447f2a50d585db260a07f54880fc86b060563c63449ea93c7bc817dbba9
2,2,formal-highfps-affinity-v1__extra__pyxel_bubbles+pyxel_jump+pyxel_shooter+pyxel_snake__r01,formal-highfps-affinity-v1,colocation-extra-test,extra_test,extra_test,"[""pyxel_bubbles"",""pyxel_jump"",""pyxel_shooter"",""pyxel_snake""]",pyxel_bubbles,"[""pyxel_jump"",""pyxel_shooter"",""pyxel_snake""]",pyxel_bubbles+pyxel_jump+pyxel_shooter+pyxel_snake,pyxel_bubbles+pyxel_jump+pyxel_shooter+pyxel_snake__r01,,,,1,2588038058385549033,10,30,1,10,windows-rtx4060,0,0,grid_2x2,true,80,5930e8a2f36dfdbf730e9b1c45870f1d5e83007b60ca0adf3f18f46bd5fc6d94,d294a5d8602837dbe32307d6c70879f62902956d,data/raw/formal-highfps-affinity-v1/formal-highfps-affinity-v1__extra__pyxel_bubbles+pyxel_jump+pyxel_shooter+pyxel_snake__r01,"{""pyxel_bubbles"":""games/pyxel/06_click_game.py"",""pyxel_jump"":""games/pyxel/02_jump_game.py"",""pyxel_shooter"":""games/pyxel/09_shooter.py"",""pyxel_snake"":""games/pyxel/07_snake.py""}","{""pyxel_bubbles"":""54c101e90bdaed839ac4c4284494530d5df37a5819a35f1e41eebb0b3da5d900"",""pyxel_jump"":""4743a825f1c9cae7e049ac52115f4ecf83350db546c00745a54af187d7bc2e46"",""pyxel_shooter"":""0f53e4156907eac41080a8f289e22c89365b3239517c754cf59a51af201d5563"",""pyxel_snake"":""bc533fef92d1d358e570f69d979919fe5c1cd8c4da49841104b49a1e661a5ac3""}",81786d3c5fce650e1ec00b0d37f66dbf6909661a11aa632a05a061d52f4b4049
2,3,formal-highfps-affinity-v1__colocation__pyxel_shooter+pyxel_snake+space_rescue__r02,formal-highfps-affinity-v1,colocation-main,validation,colocation,"[""pyxel_shooter"",""pyxel_snake"",""space_rescue""]",pyxel_shooter,"[""pyxel_snake"",""space_rescue""]",pyxel_shooter+pyxel_snake+space_rescue,pyxel_shooter+pyxel_snake+space_rescue__r02,,,,2,11797324761857393826,10,30,1,10,windows-rtx4060,0,0,grid_2x2,true,80,5930e8a2f36dfdbf730e9b1c45870f1d5e83007b60ca0adf3f18f46bd5fc6d94,d294a5d8602837dbe32307d6c70879f62902956d,data/raw/formal-highfps-affinity-v1/formal-highfps-affinity-v1__colocation__pyxel_shooter+pyxel_snake+space_rescue__r02,"{""pyxel_shooter"":""games/pyxel/09_shooter.py"",""pyxel_snake"":""games/pyxel/07_snake.py"",""space_rescue"":""games/pyxel/apps-src/space_rescue/space_rescue.py""}","{""pyxel_shooter"":""0f53e4156907eac41080a8f289e22c89365b3239517c754cf59a51af201d5563"",""pyxel_snake"":""bc533fef92d1d358e570f69d979919fe5c1cd8c4da49841104b49a1e661a5ac3"",""space_rescue"":""f3b0ab6784ae558e64f06a3f0a704e53f107a130aa3d43357659d0850131e461""}",9af98389a4de47b844bec97cc91af6457364d35824903af9477e507857ea747c
2,4,formal-highfps-affinity-v1__extra__daylight+pyxel_bubbles+pyxel_shooter+space_rescue__r03,formal-highfps-affinity-v1,colocation-extra-test,extra_test,extra_test,"[""daylight"",""pyxel_bubbles"",""pyxel_shooter"",""space_rescue""]",daylight,"[""pyxel_bubbles"",""pyxel_shooter"",""space_rescue""]",daylight+pyxel_bubbles+pyxel_shooter+space_rescue,daylight+pyxel_bubbles+pyxel_shooter+space_rescue__r03,,,,3,15073077576397670072,10,30,1,10,windows-rtx4060,0,0,grid_2x2,true,80,5930e8a2f36dfdbf730e9b1c45870f1d5e83007b60ca0adf3f18f46bd5fc6d94,d294a5d8602837dbe32307d6c70879f62902956d,data/raw/formal-highfps-affinity-v1/formal-highfps-affinity-v1__extra__daylight+pyxel_bubbles+pyxel_shooter+space_rescue__r03,"{""daylight"":""games/pyxel/apps-src/30SecondsOfDaylight/src/main.py"",""pyxel_bubbles"":""games/pyxel/06_click_game.py"",""pyxel_shooter"":""games/pyxel/09_shooter.py"",""space_rescue"":""games/pyxel/apps-src/space_rescue/space_rescue.py""}","{""daylight"":""21a365375249e9d7ea05e78dcfe040f09cc1f0c66bd410bae084190c743a028f"",""pyxel_bubbles"":""54c101e90bdaed839ac4c4284494530d5df37a5819a35f1e41eebb0b3da5d900"",""pyxel_shooter"":""0f53e4156907eac41080a8f289e22c89365b3239517c754cf59a51af201d5563"",""space_rescue"":""f3b0ab6784ae558e64f06a3f0a704e53f107a130aa3d43357659d0850131e461""}",58ce73e4fab1d8177387597090b9e1b8841a5fe8adb0a6af8e38838fb5d71e94
2,5,formal-highfps-affinity-v1__extra__mega_wing+pyxel_shooter+pyxel_snake+space_rescue__r01,formal-highfps-affinity-v1,colocation-extra-test,extra_test,extra_test,"[""mega_wing"",""pyxel_shooter"",""pyxel_snake"",""space_rescue""]",mega_wing,"[""pyxel_shooter"",""pyxel_snake"",""space_rescue""]",mega_wing+pyxel_shooter+pyxel_snake+space_rescue,mega_wing+pyxel_shooter+pyxel_snake+space_rescue__r01,,,,1,6250839922291618935,10,30,1,10,windows-rtx4060,0,0,grid_2x2,true,80,5930e8a2f36dfdbf730e9b1c45870f1d5e83007b60ca0adf3f18f46bd5fc6d94,d294a5d8602837dbe32307d6c70879f62902956d,data/raw/formal-highfps-affinity-v1/formal-highfps-affinity-v1__extra__mega_wing+pyxel_shooter+pyxel_snake+space_rescue__r01,"{""mega_wing"":""games/pyxel/apps-src/mega_wing/mega_wing.py"",""pyxel_shooter"":""games/pyxel/09_shooter.py"",""pyxel_snake"":""games/pyxel/07_snake.py"",""space_rescue"":""games/pyxel/apps-src/space_rescue/space_rescue.py""}","{""mega_wing"":""86bad6c02a303806c58137503739241dc6b1e86695f7c0dbf672b5e1a1464e9f"",""pyxel_shooter"":""0f53e4156907eac41080a8f289e22c89365b3239517c754cf59a51af201d5563"",""pyxel_snake"":""bc533fef92d1d358e570f69d979919fe5c1cd8c4da49841104b49a1e661a5ac3"",""space_rescue"":""f3b0ab6784ae558e64f06a3f0a704e53f107a130aa3d43357659d0850131e461""}",375b43e6b712f36cdacb1ce26250ef520a36cfafe880ecbef2a1e75a7a6a56e9
2,6,formal-highfps-affinity-v1__solo__daylight__r01,formal-highfps-affinity-v1,solo,not_applicable,solo,"[""daylight""]",daylight,[],,,,,,1,44879349506408657,10,30,1,10,windows-rtx4060,0,0,grid_2x2,true,80,5930e8a2f36dfdbf730e9b1c45870f1d5e83007b60ca0adf3f18f46bd5fc6d94,d294a5d8602837dbe32307d6c70879f62902956d,data/raw/formal-highfps-affinity-v1/formal-highfps-affinity-v1__solo__daylight__r01,"{""daylight"":""games/pyxel/apps-src/30SecondsOfDaylight/src/main.py""}","{""daylight"":""21a365375249e9d7ea05e78dcfe040f09cc1f0c66bd410bae084190c743a028f""}",3ec2614c7b8198204634f403cab9718e2746974f7f02c4d7e3cfa3b9130e5845
2,7,formal-highfps-affinity-v1__solo__mega_wing__r03,formal-highfps-affinity-v1,solo,not_applicable,solo,"[""mega_wing""]",mega_wing,[],,,,,,3,4598453964554603727,10,30,1,10,windows-rtx4060,0,0,grid_2x2,true,80,5930e8a2f36dfdbf730e9b1c45870f1d5e83007b60ca0adf3f18f46bd5fc6d94,d294a5d8602837dbe32307d6c70879f62902956d,data/raw/formal-highfps-affinity-v1/formal-highfps-affinity-v1__solo__mega_wing__r03,"{""mega_wing"":""games/pyxel/apps-src/mega_wing/mega_wing.py""}","{""mega_wing"":""86bad6c02a303806c58137503739241dc6b1e86695f7c0dbf672b5e1a1464e9f""}",2547ed975a72938a62d2bbf041586cf7888fa0168031e089354045369c97444c
2,8,formal-highfps-affinity-v1__colocation__mega_wing+pyxel_snake+space_rescue__r03,formal-highfps-affinity-v1,colocation-main,train,colocation,"[""mega_wing"",""pyxel_snake"",""space_rescue""]",mega_wing,"[""pyxel_snake"",""space_rescue""]",mega_wing+pyxel_snake+space_rescue,mega_wing+pyxel_snake+space_rescue__r03,,,,3,8142017781895895066,10,30,1,10,windows-rtx4060,0,0,grid_2x2,true,80,5930e8a2f36dfdbf730e9b1c45870f1d5e83007b60ca0adf3f18f46bd5fc6d94,d294a5d8602837dbe32307d6c70879f62902956d,data/raw/formal-highfps-affinity-v1/formal-highfps-affinity-v1__colocation__mega_wing+pyxel_snake+space_rescue__r03,"{""mega_wing"":""games/pyxel/apps-src/mega_wing/mega_wing.py"",""pyxel_snake"":""games/pyxel/07_snake.py"",""space_rescue"":""games/pyxel/apps-src/space_rescue/space_rescue.py""}","{""mega_wing"":""86bad6c02a303806c58137503739241dc6b1e86695f7c0dbf672b5e1a1464e9f"",""pyxel_snake"":""bc533fef92d1d358e570f69d979919fe5c1cd8c4da49841104b49a1e661a5ac3"",""space_rescue"":""f3b0ab6784ae558e64f06a3f0a704e53f107a130aa3d43357659d0850131e461""}",34996e8d337b4998a55be02dda598ab3c177119582296365331e6c1d435c8a99
2,9,formal-highfps-affinity-v1__solo__pyxel_bubbles__r03,formal-highfps-affinity-v1,solo,not_applicable,solo,"[""pyxel_bubbles""]",pyxel_bubbles,[],,,,,,3,13166571500155742058,10,30,1,10,windows-rtx4060,0,0,grid_2x2,true,80,5930e8a2f36dfdbf730e9b1c45870f1d5e83007b60ca0adf3f18f46bd5fc6d94,d294a5d8602837dbe32307d6c70879f62902956d,data/raw/formal-highfps-affinity-v1/formal-highfps-affinity-v1__solo__pyxel_bubbles__r03,"{""pyxel_bubbles"":""games/pyxel/06_click_game.py""}","{""pyxel_bubbles"":""54c101e90bdaed839ac4c4284494530d5df37a5819a35f1e41eebb0b3da5d900""}",c0c69096ba0bafbcef0d4a7148e811b0eb83ed9ca87b59cd462dd475a57acf44
2,10,formal-highfps-affinity-v1__colocation__daylight+pyxel_bubbles+pyxel_platformer__r02,formal-highfps-affinity-v1,colocation-main,test,colocation,"[""daylight"",""pyxel_bubbles"",""pyxel_platformer""]",daylight,"[""pyxel_bubbles"",""pyxel_platformer""]",daylight+pyxel_bubbles+pyxel_platformer,daylight+pyxel_bubbles+pyxel_platformer__r02,,,,2,3256605726736093810,10,30,1,10,windows-rtx4060,0,0,grid_2x2,true,80,5930e8a2f36dfdbf730e9b1c45870f1d5e83007b60ca0adf3f18f46bd5fc6d94,d294a5d8602837dbe32307d6c70879f62902956d,data/raw/formal-highfps-affinity-v1/formal-highfps-affinity-v1__colocation__daylight+pyxel_bubbles+pyxel_platformer__r02,"{""daylight"":""games/pyxel/apps-src/30SecondsOfDaylight/src/main.py"",""pyxel_bubbles"":""games/pyxel/06_click_game.py"",""pyxel_platformer"":""games/pyxel/10_platformer.py""}","{""daylight"":""21a365375249e9d7ea05e78dcfe040f09cc1f0c66bd410bae084190c743a028f"",""pyxel_bubbles"":""54c101e90bdaed839ac4c4284494530d5df37a5819a35f1e41eebb0b3da5d900"",""pyxel_platformer"":""1b2c75b49dc9ab0254fb4b724682a4787868814a38d2f08920720dc5b6007ac5""}",b5822730c3c47f77054d85d8b83134f77408c8fc62d5e878195426269a46b569
2,11,formal-highfps-affinity-v1__colocation__daylight+mega_wing__r01,formal-highfps-affinity-v1,colocation-main,test,colocation,"[""daylight"",""mega_wing""]",daylight,"[""mega_wing""]",daylight+mega_wing,daylight+mega_wing__r01,,,,1,10943283578462191745,10,30,1,10,windows-rtx4060,0,0,grid_2x2,true,80,5930e8a2f36dfdbf730e9b1c45870f1d5e83007b60ca0adf3f18f46bd5fc6d94,d294a5d8602837dbe32307d6c70879f62902956d,data/raw/formal-highfps-affinity-v1/formal-highfps-affinity-v1__colocation__daylight+mega_wing__r01,"{""daylight"":""games/pyxel/apps-src/30SecondsOfDaylight/src/main.py"",""mega_wing"":""games/pyxel/apps-src/mega_wing/mega_wing.py""}","{""daylight"":""21a365375249e9d7ea05e78dcfe040f09cc1f0c66bd410bae084190c743a028f"",""mega_wing"":""86bad6c02a303806c58137503739241dc6b1e86695f7c0dbf672b5e1a1464e9f""}",2cec9a23354b49bb81c1d14f348ab1455edf3a4d329612cd56b41f87a861f030
2,12,formal-highfps-affinity-v1__colocation__mega_wing+pyxel_platformer+pyxel_shooter__r02,formal-highfps-affinity-v1,colocation-main,test,colocation,"[""mega_wing"",""pyxel_platformer"",""pyxel_shooter""]",mega_wing,"[""pyxel_platformer"",""pyxel_shooter""]",mega_wing+pyxel_platformer+pyxel_shooter,mega_wing+pyxel_platformer+pyxel_shooter__r02,,,,2,13682341556401358875,10,30,1,10,windows-rtx4060,0,0,grid_2x2,true,80,5930e8a2f36dfdbf730e9b1c45870f1d5e83007b60ca0adf3f18f46bd5fc6d94,d294a5d8602837dbe32307d6c70879f62902956d,data/raw/formal-highfps-affinity-v1/formal-highfps-affinity-v1__colocation__mega_wing+pyxel_platformer+pyxel_shooter__r02,"{""mega_wing"":""games/pyxel/apps-src/mega_wing/mega_wing.py"",""pyxel_platformer"":""games/pyxel/10_platformer.py"",""pyxel_shooter"":""games/pyxel/09_shooter.py""}","{""mega_wing"":""86bad6c02a303806c58137503739241dc6b1e86695f7c0dbf672b5e1a1464e9f"",""pyxel_platformer"":""1b2c75b49dc9ab0254fb4b724682a4787868814a38d2f08920720dc5b6007ac5"",""pyxel_shooter"":""0f53e4156907eac41080a8f289e22c89365b3239517c754cf59a51af201d5563""}",39eaa6abe2ea9f1b384d85279bf8bf5c5fab19c17669e10a4bd4b6470189ff52
2,13,formal-highfps-affinity-v1__extra__daylight+pyxel_bubbles+pyxel_shooter+space_rescue__r02,formal-highfps-affinity-v1,colocation-extra-test,extra_test,extra_test,"[""daylight"",""pyxel_bubbles"",""pyxel_shooter"",""space_rescue""]",daylight,"[""pyxel_bubbles"",""pyxel_shooter"",""space_rescue""]",daylight+pyxel_bubbles+pyxel_shooter+space_rescue,daylight+pyxel_bubbles+pyxel_shooter+space_rescue__r02,,,,2,1072938454727186155,10,30,1,10,windows-rtx4060,0,0,grid_2x2,true,80,5930e8a2f36dfdbf730e9b1c45870f1d5e83007b60ca0adf3f18f46bd5fc6d94,d294a5d8602837dbe32307d6c70879f62902956d,data/raw/formal-highfps-affinity-v1/formal-highfps-affinity-v1__extra__daylight+pyxel_bubbles+pyxel_shooter+space_rescue__r02,"{""daylight"":""games/pyxel/apps-src/30SecondsOfDaylight/src/main.py"",""pyxel_bubbles"":""games/pyxel/06_click_game.py"",""pyxel_shooter"":""games/pyxel/09_shooter.py"",""space_rescue"":""games/pyxel/apps-src/space_rescue/space_rescue.py""}","{""daylight"":""21a365375249e9d7ea05e78dcfe040f09cc1f0c66bd410bae084190c743a028f"",""pyxel_bubbles"":""54c101e90bdaed839ac4c4284494530d5df37a5819a35f1e41eebb0b3da5d900"",""pyxel_shooter"":""0f53e4156907eac41080a8f289e22c89365b3239517c754cf59a51af201d5563"",""space_rescue"":""f3b0ab6784ae558e64f06a3f0a704e53f107a130aa3d43357659d0850131e461""}",d73e8f00533664f72052356c51c3e98605514907dde87c5f360da78cf81a3a47
2,14,formal-highfps-affinity-v1__colocation__pyxel_bubbles+pyxel_jump+pyxel_platformer__r03,formal-highfps-affinity-v1,colocation-main,train,colocation,"[""pyxel_bubbles"",""pyxel_jump"",""pyxel_platformer""]",pyxel_bubbles,"[""pyxel_jump"",""pyxel_platformer""]",pyxel_bubbles+pyxel_jump+pyxel_platformer,pyxel_bubbles+pyxel_jump+pyxel_platformer__r03,,,,3,14613532575322629756,10,30,1,10,windows-rtx4060,0,0,grid_2x2,true,80,5930e8a2f36dfdbf730e9b1c45870f1d5e83007b60ca0adf3f18f46bd5fc6d94,d294a5d8602837dbe32307d6c70879f62902956d,data/raw/formal-highfps-affinity-v1/formal-highfps-affinity-v1__colocation__pyxel_bubbles+pyxel_jump+pyxel_platformer__r03,"{""pyxel_bubbles"":""games/pyxel/06_click_game.py"",""pyxel_jump"":""games/pyxel/02_jump_game.py"",""pyxel_platformer"":""games/pyxel/10_platformer.py""}","{""pyxel_bubbles"":""54c101e90bdaed839ac4c4284494530d5df37a5819a35f1e41eebb0b3da5d900"",""pyxel_jump"":""4743a825f1c9cae7e049ac52115f4ecf83350db546c00745a54af187d7bc2e46"",""pyxel_platformer"":""1b2c75b49dc9ab0254fb4b724682a4787868814a38d2f08920720dc5b6007ac5""}",b15d71af5dd94ef917e7e39ef9683bcc4e694c928c9dc80646a352ee4ca5f9ba
2,15,formal-highfps-affinity-v1__colocation__mega_wing+pyxel_jump+pyxel_platformer__r03,formal-highfps-affinity-v1,colocation-main,train,colocation,"[""mega_wing"",""pyxel_jump"",""pyxel_platformer""]",mega_wing,"[""pyxel_jump"",""pyxel_platformer""]",mega_wing+pyxel_jump+pyxel_platformer,mega_wing+pyxel_jump+pyxel_platformer__r03,,,,3,8971933576963466641,10,30,1,10,windows-rtx4060,0,0,grid_2x2,true,80,5930e8a2f36dfdbf730e9b1c45870f1d5e83007b60ca0adf3f18f46bd5fc6d94,d294a5d8602837dbe32307d6c70879f62902956d,data/raw/formal-highfps-affinity-v1/formal-highfps-affinity-v1__colocation__mega_wing+pyxel_jump+pyxel_platformer__r03,"{""mega_wing"":""games/pyxel/apps-src/mega_wing/mega_wing.py"",""pyxel_jump"":""games/pyxel/02_jump_game.py"",""pyxel_platformer"":""games/pyxel/10_platformer.py""}","{""mega_wing"":""86bad6c02a303806c58137503739241dc6b1e86695f7c0dbf672b5e1a1464e9f"",""pyxel_jump"":""4743a825f1c9cae7e049ac52115f4ecf83350db546c00745a54af187d7bc2e46"",""pyxel_platformer"":""1b2c75b49dc9ab0254fb4b724682a4787868814a38d2f08920720dc5b6007ac5""}",e23798f6e7934264eb531e387b01ef49b32fede3afa6fc3216c3d2a821e35512
2,16,formal-highfps-affinity-v1__colocation__pyxel_platformer+pyxel_shooter+space_rescue__r03,formal-highfps-affinity-v1,colocation-main,validation,colocation,"[""pyxel_platformer"",""pyxel_shooter"",""space_rescue""]",pyxel_platformer,"[""pyxel_shooter"",""space_rescue""]",pyxel_platformer+pyxel_shooter+space_rescue,pyxel_platformer+pyxel_shooter+space_rescue__r03,,,,3,2378095048118436956,10,30,1,10,windows-rtx4060,0,0,grid_2x2,true,80,5930e8a2f36dfdbf730e9b1c45870f1d5e83007b60ca0adf3f18f46bd5fc6d94,d294a5d8602837dbe32307d6c70879f62902956d,data/raw/formal-highfps-affinity-v1/formal-highfps-affinity-v1__colocation__pyxel_platformer+pyxel_shooter+space_rescue__r03,"{""pyxel_platformer"":""games/pyxel/10_platformer.py"",""pyxel_shooter"":""games/pyxel/09_shooter.py"",""space_rescue"":""games/pyxel/apps-src/space_rescue/space_rescue.py""}","{""pyxel_platformer"":""1b2c75b49dc9ab0254fb4b724682a4787868814a38d2f08920720dc5b6007ac5"",""pyxel_shooter"":""0f53e4156907eac41080a8f289e22c89365b3239517c754cf59a51af201d5563"",""space_rescue"":""f3b0ab6784ae558e64f06a3f0a704e53f107a130aa3d43357659d0850131e461""}",28b2bd6aaff956d4504120cc21c0383ec488eb35a1a321157829c1b6543da6ec
2,17,formal-highfps-affinity-v1__colocation__daylight+pyxel_bubbles__r03,formal-highfps-affinity-v1,colocation-main,validation,colocation,"[""daylight"",""pyxel_bubbles""]",daylight,"[""pyxel_bubbles""]",daylight+pyxel_bubbles,daylight+pyxel_bubbles__r03,,,,3,6488750937728922443,10,30,1,10,windows-rtx4060,0,0,grid_2x2,true,80,5930e8a2f36dfdbf730e9b1c45870f1d5e83007b60ca0adf3f18f46bd5fc6d94,d294a5d8602837dbe32307d6c70879f62902956d,data/raw/formal-highfps-affinity-v1/formal-highfps-affinity-v1__colocation__daylight+pyxel_bubbles__r03,"{""daylight"":""games/pyxel/apps-src/30SecondsOfDaylight/src/main.py"",""pyxel_bubbles"":""games/pyxel/06_click_game.py""}","{""daylight"":""21a365375249e9d7ea05e78dcfe040f09cc1f0c66bd410bae084190c743a028f"",""pyxel_bubbles"":""54c101e90bdaed839ac4c4284494530d5df37a5819a35f1e41eebb0b3da5d900""}",65f260ad9686a5473f135ced4b4a59ae67c4922a90d7006dc05385786e877cc6
2,18,formal-highfps-affinity-v1__colocation__daylight+pyxel_bubbles+space_rescue__r03,formal-highfps-affinity-v1,colocation-main,train,colocation,"[""daylight"",""pyxel_bubbles"",""space_rescue""]",daylight,"[""pyxel_bubbles"",""space_rescue""]",daylight+pyxel_bubbles+space_rescue,daylight+pyxel_bubbles+space_rescue__r03,,,,3,5061490885627023538,10,30,1,10,windows-rtx4060,0,0,grid_2x2,true,80,5930e8a2f36dfdbf730e9b1c45870f1d5e83007b60ca0adf3f18f46bd5fc6d94,d294a5d8602837dbe32307d6c70879f62902956d,data/raw/formal-highfps-affinity-v1/formal-highfps-affinity-v1__colocation__daylight+pyxel_bubbles+space_rescue__r03,"{""daylight"":""games/pyxel/apps-src/30SecondsOfDaylight/src/main.py"",""pyxel_bubbles"":""games/pyxel/06_click_game.py"",""space_rescue"":""games/pyxel/apps-src/space_rescue/space_rescue.py""}","{""daylight"":""21a365375249e9d7ea05e78dcfe040f09cc1f0c66bd410bae084190c743a028f"",""pyxel_bubbles"":""54c101e90bdaed839ac4c4284494530d5df37a5819a35f1e41eebb0b3da5d900"",""space_rescue"":""f3b0ab6784ae558e64f06a3f0a704e53f107a130aa3d43357659d0850131e461""}",c9f94321b429b8cd325acfa67de654978aaacd02ed925de4190df4452472dbb3
2,19,formal-highfps-affinity-v1__solo__space_rescue__r03,formal-highfps-affinity-v1,solo,not_applicable,solo,"[""space_rescue""]",space_rescue,[],,,,,,3,4399632551700385762,10,30,1,10,windows-rtx4060,0,0,grid_2x2,true,80,5930e8a2f36dfdbf730e9b1c45870f1d5e83007b60ca0adf3f18f46bd5fc6d94,d294a5d8602837dbe32307d6c70879f62902956d,data/raw/formal-highfps-affinity-v1/formal-highfps-affinity-v1__solo__space_rescue__r03,"{""space_rescue"":""games/pyxel/apps-src/space_rescue/space_rescue.py""}","{""space_rescue"":""f3b0ab6784ae558e64f06a3f0a704e53f107a130aa3d43357659d0850131e461""}",969e2b783340c04e120d66591f8555563d0b36d5c2b74c6ac37bc737bf29d1ea
2,20,formal-highfps-affinity-v1__extra__mega_wing+pyxel_bubbles+pyxel_jump+space_rescue__r01,formal-highfps-affinity-v1,colocation-extra-test,extra_test,extra_test,"[""mega_wing"",""pyxel_bubbles"",""pyxel_jump"",""space_rescue""]",mega_wing,"[""pyxel_bubbles"",""pyxel_jump"",""space_rescue""]",mega_wing+pyxel_bubbles+pyxel_jump+space_rescue,mega_wing+pyxel_bubbles+pyxel_jump+space_rescue__r01,,,,1,16989947642046775293,10,30,1,10,windows-rtx4060,0,0,grid_2x2,true,80,5930e8a2f36dfdbf730e9b1c45870f1d5e83007b60ca0adf3f18f46bd5fc6d94,d294a5d8602837dbe32307d6c70879f62902956d,data/raw/formal-highfps-affinity-v1/formal-highfps-affinity-v1__extra__mega_wing+pyxel_bubbles+pyxel_jump+space_rescue__r01,"{""mega_wing"":""games/pyxel/apps-src/mega_wing/mega_wing.py"",""pyxel_bubbles"":""games/pyxel/06_click_game.py"",""pyxel_jump"":""games/pyxel/02_jump_game.py"",""space_rescue"":""games/pyxel/apps-src/space_rescue/space_rescue.py""}","{""mega_wing"":""86bad6c02a303806c58137503739241dc6b1e86695f7c0dbf672b5e1a1464e9f"",""pyxel_bubbles"":""54c101e90bdaed839ac4c4284494530d5df37a5819a35f1e41eebb0b3da5d900"",""pyxel_jump"":""4743a825f1c9cae7e049ac52115f4ecf83350db546c00745a54af187d7bc2e46"",""space_rescue"":""f3b0ab6784ae558e64f06a3f0a704e53f107a130aa3d43357659d0850131e461""}",58d08e64bc0452909de2be7393006abd47190d1b1aef543d51c041913b2cbe14
2,21,formal-highfps-affinity-v1__colocation__pyxel_bubbles+pyxel_platformer+pyxel_shooter__r03,formal-highfps-affinity-v1,colocation-main,validation,colocation,"[""pyxel_bubbles"",""pyxel_platformer"",""pyxel_shooter""]",pyxel_bubbles,"[""pyxel_platformer"",""pyxel_shooter""]",pyxel_bubbles+pyxel_platformer+pyxel_shooter,pyxel_bubbles+pyxel_platformer+pyxel_shooter__r03,,,,3,8498269675985014006,10,30,1,10,windows-rtx4060,0,0,grid_2x2,true,80,5930e8a2f36dfdbf730e9b1c45870f1d5e83007b60ca0adf3f18f46bd5fc6d94,d294a5d8602837dbe32307d6c70879f62902956d,data/raw/formal-highfps-affinity-v1/formal-highfps-affinity-v1__colocation__pyxel_bubbles+pyxel_platformer+pyxel_shooter__r03,"{""pyxel_bubbles"":""games/pyxel/06_click_game.py"",""pyxel_platformer"":""games/pyxel/10_platformer.py"",""pyxel_shooter"":""games/pyxel/09_shooter.py""}","{""pyxel_bubbles"":""54c101e90bdaed839ac4c4284494530d5df37a5819a35f1e41eebb0b3da5d900"",""pyxel_platformer"":""1b2c75b49dc9ab0254fb4b724682a4787868814a38d2f08920720dc5b6007ac5"",""pyxel_shooter"":""0f53e4156907eac41080a8f289e22c89365b3239517c754cf59a51af201d5563""}",021957f5663b47d8d08a77575211776c42089b1fe6ea64eef685fc2cba90d361
2,22,formal-highfps-affinity-v1__colocation__pyxel_jump+pyxel_platformer+space_rescue__r03,formal-highfps-affinity-v1,colocation-main,train,colocation,"[""pyxel_jump"",""pyxel_platformer"",""space_rescue""]",pyxel_jump,"[""pyxel_platformer"",""space_rescue""]",pyxel_jump+pyxel_platformer+space_rescue,pyxel_jump+pyxel_platformer+space_rescue__r03,,,,3,11073372992232688367,10,30,1,10,windows-rtx4060,0,0,grid_2x2,true,80,5930e8a2f36dfdbf730e9b1c45870f1d5e83007b60ca0adf3f18f46bd5fc6d94,d294a5d8602837dbe32307d6c70879f62902956d,data/raw/formal-highfps-affinity-v1/formal-highfps-affinity-v1__colocation__pyxel_jump+pyxel_platformer+space_rescue__r03,"{""pyxel_jump"":""games/pyxel/02_jump_game.py"",""pyxel_platformer"":""games/pyxel/10_platformer.py"",""space_rescue"":""games/pyxel/apps-src/space_rescue/space_rescue.py""}","{""pyxel_jump"":""4743a825f1c9cae7e049ac52115f4ecf83350db546c00745a54af187d7bc2e46"",""pyxel_platformer"":""1b2c75b49dc9ab0254fb4b724682a4787868814a38d2f08920720dc5b6007ac5"",""space_rescue"":""f3b0ab6784ae558e64f06a3f0a704e53f107a130aa3d43357659d0850131e461""}",e6941eec109b5eb86275dd899454295f4c21195b9980c39a015bdb891b156bf6
2,23,formal-highfps-affinity-v1__colocation__mega_wing+pyxel_snake__r01,formal-highfps-affinity-v1,colocation-main,train,colocation,"[""mega_wing"",""pyxel_snake""]",mega_wing,"[""pyxel_snake""]",mega_wing+pyxel_snake,mega_wing+pyxel_snake__r01,,,,1,1304870235819937978,10,30,1,10,windows-rtx4060,0,0,grid_2x2,true,80,5930e8a2f36dfdbf730e9b1c45870f1d5e83007b60ca0adf3f18f46bd5fc6d94,d294a5d8602837dbe32307d6c70879f62902956d,data/raw/formal-highfps-affinity-v1/formal-highfps-affinity-v1__colocation__mega_wing+pyxel_snake__r01,"{""mega_wing"":""games/pyxel/apps-src/mega_wing/mega_wing.py"",""pyxel_snake"":""games/pyxel/07_snake.py""}","{""mega_wing"":""86bad6c02a303806c58137503739241dc6b1e86695f7c0dbf672b5e1a1464e9f"",""pyxel_snake"":""bc533fef92d1d358e570f69d979919fe5c1cd8c4da49841104b49a1e661a5ac3""}",ccd35cedf6c015d34325d5fe4abaf59693a11828cbeb165d76268278c7260545
2,24,formal-highfps-affinity-v1__colocation__daylight+pyxel_platformer+pyxel_shooter__r01,formal-highfps-affinity-v1,colocation-main,validation,colocation,"[""daylight"",""pyxel_platformer"",""pyxel_shooter""]",daylight,"[""pyxel_platformer"",""pyxel_shooter""]",daylight+pyxel_platformer+pyxel_shooter,daylight+pyxel_platformer+pyxel_shooter__r01,,,,1,4715957220980102501,10,30,1,10,windows-rtx4060,0,0,grid_2x2,true,80,5930e8a2f36dfdbf730e9b1c45870f1d5e83007b60ca0adf3f18f46bd5fc6d94,d294a5d8602837dbe32307d6c70879f62902956d,data/raw/formal-highfps-affinity-v1/formal-highfps-affinity-v1__colocation__daylight+pyxel_platformer+pyxel_shooter__r01,"{""daylight"":""games/pyxel/apps-src/30SecondsOfDaylight/src/main.py"",""pyxel_platformer"":""games/pyxel/10_platformer.py"",""pyxel_shooter"":""games/pyxel/09_shooter.py""}","{""daylight"":""21a365375249e9d7ea05e78dcfe040f09cc1f0c66bd410bae084190c743a028f"",""pyxel_platformer"":""1b2c75b49dc9ab0254fb4b724682a4787868814a38d2f08920720dc5b6007ac5"",""pyxel_shooter"":""0f53e4156907eac41080a8f289e22c89365b3239517c754cf59a51af201d5563""}",5956a6df959fd84094dbb9b562c288886f4ced97c054983cdddaff56a7d4e65c
2,25,formal-highfps-affinity-v1__colocation__pyxel_jump+pyxel_snake__r01,formal-highfps-affinity-v1,colocation-main,validation,colocation,"[""pyxel_jump"",""pyxel_snake""]",pyxel_jump,"[""pyxel_snake""]",pyxel_jump+pyxel_snake,pyxel_jump+pyxel_snake__r01,,,,1,595837154992754466,10,30,1,10,windows-rtx4060,0,0,grid_2x2,true,80,5930e8a2f36dfdbf730e9b1c45870f1d5e83007b60ca0adf3f18f46bd5fc6d94,d294a5d8602837dbe32307d6c70879f62902956d,data/raw/formal-highfps-affinity-v1/formal-highfps-affinity-v1__colocation__pyxel_jump+pyxel_snake__r01,"{""pyxel_jump"":""games/pyxel/02_jump_game.py"",""pyxel_snake"":""games/pyxel/07_snake.py""}","{""pyxel_jump"":""4743a825f1c9cae7e049ac52115f4ecf83350db546c00745a54af187d7bc2e46"",""pyxel_snake"":""bc533fef92d1d358e570f69d979919fe5c1cd8c4da49841104b49a1e661a5ac3""}",62855f6b9792b9b04a9870298e8c3cfbe26886a5e7b6ad56ce33dcff37ff3c1e
2,26,formal-highfps-affinity-v1__colocation__mega_wing+pyxel_jump__r03,formal-highfps-affinity-v1,colocation-main,test,colocation,"[""mega_wing"",""pyxel_jump""]",mega_wing,"[""pyxel_jump""]",mega_wing+pyxel_jump,mega_wing+pyxel_jump__r03,,,,3,193343621440929961,10,30,1,10,windows-rtx4060,0,0,grid_2x2,true,80,5930e8a2f36dfdbf730e9b1c45870f1d5e83007b60ca0adf3f18f46bd5fc6d94,d294a5d8602837dbe32307d6c70879f62902956d,data/raw/formal-highfps-affinity-v1/formal-highfps-affinity-v1__colocation__mega_wing+pyxel_jump__r03,"{""mega_wing"":""games/pyxel/apps-src/mega_wing/mega_wing.py"",""pyxel_jump"":""games/pyxel/02_jump_game.py""}","{""mega_wing"":""86bad6c02a303806c58137503739241dc6b1e86695f7c0dbf672b5e1a1464e9f"",""pyxel_jump"":""4743a825f1c9cae7e049ac52115f4ecf83350db546c00745a54af187d7bc2e46""}",efed520b20b4903048b7e8d6c95c859ecf9a447b47d9ba9320fcf88f44e8afc4
2,27,formal-highfps-affinity-v1__extra__daylight+pyxel_bubbles+pyxel_jump+pyxel_platformer__r01,formal-highfps-affinity-v1,colocation-extra-test,extra_test,extra_test,"[""daylight"",""pyxel_bubbles"",""pyxel_jump"",""pyxel_platformer""]",daylight,"[""pyxel_bubbles"",""pyxel_jump"",""pyxel_platformer""]",daylight+pyxel_bubbles+pyxel_jump+pyxel_platformer,daylight+pyxel_bubbles+pyxel_jump+pyxel_platformer__r01,,,,1,5737806892131697747,10,30,1,10,windows-rtx4060,0,0,grid_2x2,true,80,5930e8a2f36dfdbf730e9b1c45870f1d5e83007b60ca0adf3f18f46bd5fc6d94,d294a5d8602837dbe32307d6c70879f62902956d,data/raw/formal-highfps-affinity-v1/formal-highfps-affinity-v1__extra__daylight+pyxel_bubbles+pyxel_jump+pyxel_platformer__r01,"{""daylight"":""games/pyxel/apps-src/30SecondsOfDaylight/src/main.py"",""pyxel_bubbles"":""games/pyxel/06_click_game.py"",""pyxel_jump"":""games/pyxel/02_jump_game.py"",""pyxel_platformer"":""games/pyxel/10_platformer.py""}","{""daylight"":""21a365375249e9d7ea05e78dcfe040f09cc1f0c66bd410bae084190c743a028f"",""pyxel_bubbles"":""54c101e90bdaed839ac4c4284494530d5df37a5819a35f1e41eebb0b3da5d900"",""pyxel_jump"":""4743a825f1c9cae7e049ac52115f4ecf83350db546c00745a54af187d7bc2e46"",""pyxel_platformer"":""1b2c75b49dc9ab0254fb4b724682a4787868814a38d2f08920720dc5b6007ac5""}",25aa554f611223653bee9dc91fa97dce9645542369cd96f3070473e58a9f943a
2,28,formal-highfps-affinity-v1__colocation__pyxel_platformer+pyxel_snake+space_rescue__r02,formal-highfps-affinity-v1,colocation-main,validation,colocation,"[""pyxel_platformer"",""pyxel_snake"",""space_rescue""]",pyxel_platformer,"[""pyxel_snake"",""space_rescue""]",pyxel_platformer+pyxel_snake+space_rescue,pyxel_platformer+pyxel_snake+space_rescue__r02,,,,2,1690107461402874264,10,30,1,10,windows-rtx4060,0,0,grid_2x2,true,80,5930e8a2f36dfdbf730e9b1c45870f1d5e83007b60ca0adf3f18f46bd5fc6d94,d294a5d8602837dbe32307d6c70879f62902956d,data/raw/formal-highfps-affinity-v1/formal-highfps-affinity-v1__colocation__pyxel_platformer+pyxel_snake+space_rescue__r02,"{""pyxel_platformer"":""games/pyxel/10_platformer.py"",""pyxel_snake"":""games/pyxel/07_snake.py"",""space_rescue"":""games/pyxel/apps-src/space_rescue/space_rescue.py""}","{""pyxel_platformer"":""1b2c75b49dc9ab0254fb4b724682a4787868814a38d2f08920720dc5b6007ac5"",""pyxel_snake"":""bc533fef92d1d358e570f69d979919fe5c1cd8c4da49841104b49a1e661a5ac3"",""space_rescue"":""f3b0ab6784ae558e64f06a3f0a704e53f107a130aa3d43357659d0850131e461""}",d21235415c385bb03fc13afc587afce7be93f37e42fd51fcef6832707aa42ffa
2,29,formal-highfps-affinity-v1__colocation__daylight+pyxel_jump__r03,formal-highfps-affinity-v1,colocation-main,test,colocation,"[""daylight"",""pyxel_jump""]",daylight,"[""pyxel_jump""]",daylight+pyxel_jump,daylight+pyxel_jump__r03,,,,3,4442143163570228282,10,30,1,10,windows-rtx4060,0,0,grid_2x2,true,80,5930e8a2f36dfdbf730e9b1c45870f1d5e83007b60ca0adf3f18f46bd5fc6d94,d294a5d8602837dbe32307d6c70879f62902956d,data/raw/formal-highfps-affinity-v1/formal-highfps-affinity-v1__colocation__daylight+pyxel_jump__r03,"{""daylight"":""games/pyxel/apps-src/30SecondsOfDaylight/src/main.py"",""pyxel_jump"":""games/pyxel/02_jump_game.py""}","{""daylight"":""21a365375249e9d7ea05e78dcfe040f09cc1f0c66bd410bae084190c743a028f"",""pyxel_jump"":""4743a825f1c9cae7e049ac52115f4ecf83350db546c00745a54af187d7bc2e46""}",20a6415da7eefcd52180f0711791153ad3218ee1a8620317bbb34329a6b18a8c
2,30,formal-highfps-affinity-v1__colocation__daylight+pyxel_shooter+pyxel_snake__r03,formal-highfps-affinity-v1,colocation-main,train,colocation,"[""daylight"",""pyxel_shooter"",""pyxel_snake""]",daylight,"[""pyxel_shooter"",""pyxel_snake""]",daylight+pyxel_shooter+pyxel_snake,daylight+pyxel_shooter+pyxel_snake__r03,,,,3,3275937800275558484,10,30,1,10,windows-rtx4060,0,0,grid_2x2,true,80,5930e8a2f36dfdbf730e9b1c45870f1d5e83007b60ca0adf3f18f46bd5fc6d94,d294a5d8602837dbe32307d6c70879f62902956d,data/raw/formal-highfps-affinity-v1/formal-highfps-affinity-v1__colocation__daylight+pyxel_shooter+pyxel_snake__r03,"{""daylight"":""games/pyxel/apps-src/30SecondsOfDaylight/src/main.py"",""pyxel_shooter"":""games/pyxel/09_shooter.py"",""pyxel_snake"":""games/pyxel/07_snake.py""}","{""daylight"":""21a365375249e9d7ea05e78dcfe040f09cc1f0c66bd410bae084190c743a028f"",""pyxel_shooter"":""0f53e4156907eac41080a8f289e22c89365b3239517c754cf59a51af201d5563"",""pyxel_snake"":""bc533fef92d1d358e570f69d979919fe5c1cd8c4da49841104b49a1e661a5ac3""}",3e77b48454ab235239b062cd4198412463cc9b1312a513e98fcfe0036a2cf567
2,31,formal-highfps-affinity-v1__colocation__pyxel_bubbles+pyxel_platformer+pyxel_shooter__r02,formal-highfps-affinity-v1,colocation-main,validation,colocation,"[""pyxel_bubbles"",""pyxel_platformer"",""pyxel_shooter""]",pyxel_bubbles,"[""pyxel_platformer"",""pyxel_shooter""]",pyxel_bubbles+pyxel_platformer+pyxel_shooter,pyxel_bubbles+pyxel_platformer+pyxel_shooter__r02,,,,2,7247971371436558227,10,30,1,10,windows-rtx4060,0,0,grid_2x2,true,80,5930e8a2f36dfdbf730e9b1c45870f1d5e83007b60ca0adf3f18f46bd5fc6d94,d294a5d8602837dbe32307d6c70879f62902956d,data/raw/formal-highfps-affinity-v1/formal-highfps-affinity-v1__colocation__pyxel_bubbles+pyxel_platformer+pyxel_shooter__r02,"{""pyxel_bubbles"":""games/pyxel/06_click_game.py"",""pyxel_platformer"":""games/pyxel/10_platformer.py"",""pyxel_shooter"":""games/pyxel/09_shooter.py""}","{""pyxel_bubbles"":""54c101e90bdaed839ac4c4284494530d5df37a5819a35f1e41eebb0b3da5d900"",""pyxel_platformer"":""1b2c75b49dc9ab0254fb4b724682a4787868814a38d2f08920720dc5b6007ac5"",""pyxel_shooter"":""0f53e4156907eac41080a8f289e22c89365b3239517c754cf59a51af201d5563""}",563f94041689addb7c4e572dcadfe6460b1f10f14f9a816d487fb0ba7d8a8b58
2,32,formal-highfps-affinity-v1__colocation__pyxel_jump+pyxel_snake__r03,formal-highfps-affinity-v1,colocation-main,validation,colocation,"[""pyxel_jump"",""pyxel_snake""]",pyxel_jump,"[""pyxel_snake""]",pyxel_jump+pyxel_snake,pyxel_jump+pyxel_snake__r03,,,,3,669151184381926978,10,30,1,10,windows-rtx4060,0,0,grid_2x2,true,80,5930e8a2f36dfdbf730e9b1c45870f1d5e83007b60ca0adf3f18f46bd5fc6d94,d294a5d8602837dbe32307d6c70879f62902956d,data/raw/formal-highfps-affinity-v1/formal-highfps-affinity-v1__colocation__pyxel_jump+pyxel_snake__r03,"{""pyxel_jump"":""games/pyxel/02_jump_game.py"",""pyxel_snake"":""games/pyxel/07_snake.py""}","{""pyxel_jump"":""4743a825f1c9cae7e049ac52115f4ecf83350db546c00745a54af187d7bc2e46"",""pyxel_snake"":""bc533fef92d1d358e570f69d979919fe5c1cd8c4da49841104b49a1e661a5ac3""}",fcae1b223460445a03cb294818eed5c0ae943d3c90b59d5995df1499ab9d2492
2,33,formal-highfps-affinity-v1__colocation__mega_wing+pyxel_platformer+pyxel_shooter__r03,formal-highfps-affinity-v1,colocation-main,test,colocation,"[""mega_wing"",""pyxel_platformer"",""pyxel_shooter""]",mega_wing,"[""pyxel_platformer"",""pyxel_shooter""]",mega_wing+pyxel_platformer+pyxel_shooter,mega_wing+pyxel_platformer+pyxel_shooter__r03,,,,3,12612950904275602089,10,30,1,10,windows-rtx4060,0,0,grid_2x2,true,80,5930e8a2f36dfdbf730e9b1c45870f1d5e83007b60ca0adf3f18f46bd5fc6d94,d294a5d8602837dbe32307d6c70879f62902956d,data/raw/formal-highfps-affinity-v1/formal-highfps-affinity-v1__colocation__mega_wing+pyxel_platformer+pyxel_shooter__r03,"{""mega_wing"":""games/pyxel/apps-src/mega_wing/mega_wing.py"",""pyxel_platformer"":""games/pyxel/10_platformer.py"",""pyxel_shooter"":""games/pyxel/09_shooter.py""}","{""mega_wing"":""86bad6c02a303806c58137503739241dc6b1e86695f7c0dbf672b5e1a1464e9f"",""pyxel_platformer"":""1b2c75b49dc9ab0254fb4b724682a4787868814a38d2f08920720dc5b6007ac5"",""pyxel_shooter"":""0f53e4156907eac41080a8f289e22c89365b3239517c754cf59a51af201d5563""}",a3e4664c3a4cd597a27d02fccf7e45108d653fa04175e52fd0587c5efbb191ef
2,34,formal-highfps-affinity-v1__colocation__pyxel_jump+pyxel_shooter+pyxel_snake__r03,formal-highfps-affinity-v1,colocation-main,train,colocation,"[""pyxel_jump"",""pyxel_shooter"",""pyxel_snake""]",pyxel_jump,"[""pyxel_shooter"",""pyxel_snake""]",pyxel_jump+pyxel_shooter+pyxel_snake,pyxel_jump+pyxel_shooter+pyxel_snake__r03,,,,3,2843541963674284268,10,30,1,10,windows-rtx4060,0,0,grid_2x2,true,80,5930e8a2f36dfdbf730e9b1c45870f1d5e83007b60ca0adf3f18f46bd5fc6d94,d294a5d8602837dbe32307d6c70879f62902956d,data/raw/formal-highfps-affinity-v1/formal-highfps-affinity-v1__colocation__pyxel_jump+pyxel_shooter+pyxel_snake__r03,"{""pyxel_jump"":""games/pyxel/02_jump_game.py"",""pyxel_shooter"":""games/pyxel/09_shooter.py"",""pyxel_snake"":""games/pyxel/07_snake.py""}","{""pyxel_jump"":""4743a825f1c9cae7e049ac52115f4ecf83350db546c00745a54af187d7bc2e46"",""pyxel_shooter"":""0f53e4156907eac41080a8f289e22c89365b3239517c754cf59a51af201d5563"",""pyxel_snake"":""bc533fef92d1d358e570f69d979919fe5c1cd8c4da49841104b49a1e661a5ac3""}",925c6319ae3958a78fe8d34854b76c657451152d0ba190c714d8bbe000885565
2,35,formal-highfps-affinity-v1__colocation__daylight+mega_wing+pyxel_shooter__r03,formal-highfps-affinity-v1,colocation-main,validation,colocation,"[""daylight"",""mega_wing"",""pyxel_shooter""]",daylight,"[""mega_wing"",""pyxel_shooter""]",daylight+mega_wing+pyxel_shooter,daylight+mega_wing+pyxel_shooter__r03,,,,3,13312590361058943931,10,30,1,10,windows-rtx4060,0,0,grid_2x2,true,80,5930e8a2f36dfdbf730e9b1c45870f1d5e83007b60ca0adf3f18f46bd5fc6d94,d294a5d8602837dbe32307d6c70879f62902956d,data/raw/formal-highfps-affinity-v1/formal-highfps-affinity-v1__colocation__daylight+mega_wing+pyxel_shooter__r03,"{""daylight"":""games/pyxel/apps-src/30SecondsOfDaylight/src/main.py"",""mega_wing"":""games/pyxel/apps-src/mega_wing/mega_wing.py"",""pyxel_shooter"":""games/pyxel/09_shooter.py""}","{""daylight"":""21a365375249e9d7ea05e78dcfe040f09cc1f0c66bd410bae084190c743a028f"",""mega_wing"":""86bad6c02a303806c58137503739241dc6b1e86695f7c0dbf672b5e1a1464e9f"",""pyxel_shooter"":""0f53e4156907eac41080a8f289e22c89365b3239517c754cf59a51af201d5563""}",7750a5b64389189bd4df7904817a5f43fb1adb37c89421eca3c7dd5343f5980c
2,36,formal-highfps-affinity-v1__extra__mega_wing+pyxel_bubbles+pyxel_platformer+pyxel_shooter__r02,formal-highfps-affinity-v1,colocation-extra-test,extra_test,extra_test,"[""mega_wing"",""pyxel_bubbles"",""pyxel_platformer"",""pyxel_shooter""]",mega_wing,"[""pyxel_bubbles"",""pyxel_platformer"",""pyxel_shooter""]",mega_wing+pyxel_bubbles+pyxel_platformer+pyxel_shooter,mega_wing+pyxel_bubbles+pyxel_platformer+pyxel_shooter__r02,,,,2,704646156157745153,10,30,1,10,windows-rtx4060,0,0,grid_2x2,true,80,5930e8a2f36dfdbf730e9b1c45870f1d5e83007b60ca0adf3f18f46bd5fc6d94,d294a5d8602837dbe32307d6c70879f62902956d,data/raw/formal-highfps-affinity-v1/formal-highfps-affinity-v1__extra__mega_wing+pyxel_bubbles+pyxel_platformer+pyxel_shooter__r02,"{""mega_wing"":""games/pyxel/apps-src/mega_wing/mega_wing.py"",""pyxel_bubbles"":""games/pyxel/06_click_game.py"",""pyxel_platformer"":""games/pyxel/10_platformer.py"",""pyxel_shooter"":""games/pyxel/09_shooter.py""}","{""mega_wing"":""86bad6c02a303806c58137503739241dc6b1e86695f7c0dbf672b5e1a1464e9f"",""pyxel_bubbles"":""54c101e90bdaed839ac4c4284494530d5df37a5819a35f1e41eebb0b3da5d900"",""pyxel_platformer"":""1b2c75b49dc9ab0254fb4b724682a4787868814a38d2f08920720dc5b6007ac5"",""pyxel_shooter"":""0f53e4156907eac41080a8f289e22c89365b3239517c754cf59a51af201d5563""}",c4fc40bc944164c0883fbef548efe3ef4c228eaf67b3f80384ef55ce4a826f5c
2,37,formal-highfps-affinity-v1__colocation__daylight+pyxel_jump+pyxel_shooter__r01,formal-highfps-affinity-v1,colocation-main,train,colocation,"[""daylight"",""pyxel_jump"",""pyxel_shooter""]",daylight,"[""pyxel_jump"",""pyxel_shooter""]",daylight+pyxel_jump+pyxel_shooter,daylight+pyxel_jump+pyxel_shooter__r01,,,,1,1241517636271496513,10,30,1,10,windows-rtx4060,0,0,grid_2x2,true,80,5930e8a2f36dfdbf730e9b1c45870f1d5e83007b60ca0adf3f18f46bd5fc6d94,d294a5d8602837dbe32307d6c70879f62902956d,data/raw/formal-highfps-affinity-v1/formal-highfps-affinity-v1__colocation__daylight+pyxel_jump+pyxel_shooter__r01,"{""daylight"":""games/pyxel/apps-src/30SecondsOfDaylight/src/main.py"",""pyxel_jump"":""games/pyxel/02_jump_game.py"",""pyxel_shooter"":""games/pyxel/09_shooter.py""}","{""daylight"":""21a365375249e9d7ea05e78dcfe040f09cc1f0c66bd410bae084190c743a028f"",""pyxel_jump"":""4743a825f1c9cae7e049ac52115f4ecf83350db546c00745a54af187d7bc2e46"",""pyxel_shooter"":""0f53e4156907eac41080a8f289e22c89365b3239517c754cf59a51af201d5563""}",c90e12d722a40a3e955d4668c29867357d52727d4ebbc75eee1abab96e1439c9
2,38,formal-highfps-affinity-v1__colocation__pyxel_bubbles+pyxel_snake+space_rescue__r02,formal-highfps-affinity-v1,colocation-main,train,colocation,"[""pyxel_bubbles"",""pyxel_snake"",""space_rescue""]",pyxel_bubbles,"[""pyxel_snake"",""space_rescue""]",pyxel_bubbles+pyxel_snake+space_rescue,pyxel_bubbles+pyxel_snake+space_rescue__r02,,,,2,843203424084328921,10,30,1,10,windows-rtx4060,0,0,grid_2x2,true,80,5930e8a2f36dfdbf730e9b1c45870f1d5e83007b60ca0adf3f18f46bd5fc6d94,d294a5d8602837dbe32307d6c70879f62902956d,data/raw/formal-highfps-affinity-v1/formal-highfps-affinity-v1__colocation__pyxel_bubbles+pyxel_snake+space_rescue__r02,"{""pyxel_bubbles"":""games/pyxel/06_click_game.py"",""pyxel_snake"":""games/pyxel/07_snake.py"",""space_rescue"":""games/pyxel/apps-src/space_rescue/space_rescue.py""}","{""pyxel_bubbles"":""54c101e90bdaed839ac4c4284494530d5df37a5819a35f1e41eebb0b3da5d900"",""pyxel_snake"":""bc533fef92d1d358e570f69d979919fe5c1cd8c4da49841104b49a1e661a5ac3"",""space_rescue"":""f3b0ab6784ae558e64f06a3f0a704e53f107a130aa3d43357659d0850131e461""}",d98ee85ca86d30712ba9f65f53619a71c8d4437bee9847059698c4215206d9fa
2,39,formal-highfps-affinity-v1__solo__daylight__r02,formal-highfps-affinity-v1,solo,not_applicable,solo,"[""daylight""]",daylight,[],,,,,,2,16533069033604845672,10,30,1,10,windows-rtx4060,0,0,grid_2x2,true,80,5930e8a2f36dfdbf730e9b1c45870f1d5e83007b60ca0adf3f18f46bd5fc6d94,d294a5d8602837dbe32307d6c70879f62902956d,data/raw/formal-highfps-affinity-v1/formal-highfps-affinity-v1__solo__daylight__r02,"{""daylight"":""games/pyxel/apps-src/30SecondsOfDaylight/src/main.py""}","{""daylight"":""21a365375249e9d7ea05e78dcfe040f09cc1f0c66bd410bae084190c743a028f""}",179e2cb51bfaf592dc79ec81481d3d0f74ee5580468c02e909aef378ec2acbee
2,40,formal-highfps-affinity-v1__colocation__daylight+pyxel_jump+pyxel_shooter__r03,formal-highfps-affinity-v1,colocation-main,train,colocation,"[""daylight"",""pyxel_jump"",""pyxel_shooter""]",daylight,"[""pyxel_jump"",""pyxel_shooter""]",daylight+pyxel_jump+pyxel_shooter,daylight+pyxel_jump+pyxel_shooter__r03,,,,3,9575953382854801708,10,30,1,10,windows-rtx4060,0,0,grid_2x2,true,80,5930e8a2f36dfdbf730e9b1c45870f1d5e83007b60ca0adf3f18f46bd5fc6d94,d294a5d8602837dbe32307d6c70879f62902956d,data/raw/formal-highfps-affinity-v1/formal-highfps-affinity-v1__colocation__daylight+pyxel_jump+pyxel_shooter__r03,"{""daylight"":""games/pyxel/apps-src/30SecondsOfDaylight/src/main.py"",""pyxel_jump"":""games/pyxel/02_jump_game.py"",""pyxel_shooter"":""games/pyxel/09_shooter.py""}","{""daylight"":""21a365375249e9d7ea05e78dcfe040f09cc1f0c66bd410bae084190c743a028f"",""pyxel_jump"":""4743a825f1c9cae7e049ac52115f4ecf83350db546c00745a54af187d7bc2e46"",""pyxel_shooter"":""0f53e4156907eac41080a8f289e22c89365b3239517c754cf59a51af201d5563""}",df5dc8666062fc3f34f4335234068ca4540888d5fd0cab2a144e41253ffc4d1d
2,41,formal-highfps-affinity-v1__extra__pyxel_bubbles+pyxel_jump+pyxel_shooter+pyxel_snake__r03,formal-highfps-affinity-v1,colocation-extra-test,extra_test,extra_test,"[""pyxel_bubbles"",""pyxel_jump"",""pyxel_shooter"",""pyxel_snake""]",pyxel_bubbles,"[""pyxel_jump"",""pyxel_shooter"",""pyxel_snake""]",pyxel_bubbles+pyxel_jump+pyxel_shooter+pyxel_snake,pyxel_bubbles+pyxel_jump+pyxel_shooter+pyxel_snake__r03,,,,3,9007439181799404875,10,30,1,10,windows-rtx4060,0,0,grid_2x2,true,80,5930e8a2f36dfdbf730e9b1c45870f1d5e83007b60ca0adf3f18f46bd5fc6d94,d294a5d8602837dbe32307d6c70879f62902956d,data/raw/formal-highfps-affinity-v1/formal-highfps-affinity-v1__extra__pyxel_bubbles+pyxel_jump+pyxel_shooter+pyxel_snake__r03,"{""pyxel_bubbles"":""games/pyxel/06_click_game.py"",""pyxel_jump"":""games/pyxel/02_jump_game.py"",""pyxel_shooter"":""games/pyxel/09_shooter.py"",""pyxel_snake"":""games/pyxel/07_snake.py""}","{""pyxel_bubbles"":""54c101e90bdaed839ac4c4284494530d5df37a5819a35f1e41eebb0b3da5d900"",""pyxel_jump"":""4743a825f1c9cae7e049ac52115f4ecf83350db546c00745a54af187d7bc2e46"",""pyxel_shooter"":""0f53e4156907eac41080a8f289e22c89365b3239517c754cf59a51af201d5563"",""pyxel_snake"":""bc533fef92d1d358e570f69d979919fe5c1cd8c4da49841104b49a1e661a5ac3""}",d4f9fdcc8ae71d386f2adce77788d0c2c6cc6700a66ede28e08ac920928981fc
2,42,formal-highfps-affinity-v1__extra__daylight+mega_wing+pyxel_bubbles+pyxel_snake__r03,formal-highfps-affinity-v1,colocation-extra-test,extra_test,extra_test,"[""daylight"",""mega_wing"",""pyxel_bubbles"",""pyxel_snake""]",daylight,"[""mega_wing"",""pyxel_bubbles"",""pyxel_snake""]",daylight+mega_wing+pyxel_bubbles+pyxel_snake,daylight+mega_wing+pyxel_bubbles+pyxel_snake__r03,,,,3,8849750027729184624,10,30,1,10,windows-rtx4060,0,0,grid_2x2,true,80,5930e8a2f36dfdbf730e9b1c45870f1d5e83007b60ca0adf3f18f46bd5fc6d94,d294a5d8602837dbe32307d6c70879f62902956d,data/raw/formal-highfps-affinity-v1/formal-highfps-affinity-v1__extra__daylight+mega_wing+pyxel_bubbles+pyxel_snake__r03,"{""daylight"":""games/pyxel/apps-src/30SecondsOfDaylight/src/main.py"",""mega_wing"":""games/pyxel/apps-src/mega_wing/mega_wing.py"",""pyxel_bubbles"":""games/pyxel/06_click_game.py"",""pyxel_snake"":""games/pyxel/07_snake.py""}","{""daylight"":""21a365375249e9d7ea05e78dcfe040f09cc1f0c66bd410bae084190c743a028f"",""mega_wing"":""86bad6c02a303806c58137503739241dc6b1e86695f7c0dbf672b5e1a1464e9f"",""pyxel_bubbles"":""54c101e90bdaed839ac4c4284494530d5df37a5819a35f1e41eebb0b3da5d900"",""pyxel_snake"":""bc533fef92d1d358e570f69d979919fe5c1cd8c4da49841104b49a1e661a5ac3""}",9ae500b532cdd0f07a2133fc0e4e33c863fcb7d450aa9c7e78d729385485acaf
2,43,formal-highfps-affinity-v1__colocation__pyxel_bubbles+pyxel_jump__r03,formal-highfps-affinity-v1,colocation-main,train,colocation,"[""pyxel_bubbles"",""pyxel_jump""]",pyxel_bubbles,"[""pyxel_jump""]",pyxel_bubbles+pyxel_jump,pyxel_bubbles+pyxel_jump__r03,,,,3,15951009516146925294,10,30,1,10,windows-rtx4060,0,0,grid_2x2,true,80,5930e8a2f36dfdbf730e9b1c45870f1d5e83007b60ca0adf3f18f46bd5fc6d94,d294a5d8602837dbe32307d6c70879f62902956d,data/raw/formal-highfps-affinity-v1/formal-highfps-affinity-v1__colocation__pyxel_bubbles+pyxel_jump__r03,"{""pyxel_bubbles"":""games/pyxel/06_click_game.py"",""pyxel_jump"":""games/pyxel/02_jump_game.py""}","{""pyxel_bubbles"":""54c101e90bdaed839ac4c4284494530d5df37a5819a35f1e41eebb0b3da5d900"",""pyxel_jump"":""4743a825f1c9cae7e049ac52115f4ecf83350db546c00745a54af187d7bc2e46""}",4a01a84da4d1482c90ae1466d19462b6f4db2ee6fa3e6d71e36a11cce455f181
2,44,formal-highfps-affinity-v1__colocation__pyxel_shooter+pyxel_snake__r02,formal-highfps-affinity-v1,colocation-main,train,colocation,"[""pyxel_shooter"",""pyxel_snake""]",pyxel_shooter,"[""pyxel_snake""]",pyxel_shooter+pyxel_snake,pyxel_shooter+pyxel_snake__r02,,,,2,10785529920502355013,10,30,1,10,windows-rtx4060,0,0,grid_2x2,true,80,5930e8a2f36dfdbf730e9b1c45870f1d5e83007b60ca0adf3f18f46bd5fc6d94,d294a5d8602837dbe32307d6c70879f62902956d,data/raw/formal-highfps-affinity-v1/formal-highfps-affinity-v1__colocation__pyxel_shooter+pyxel_snake__r02,"{""pyxel_shooter"":""games/pyxel/09_shooter.py"",""pyxel_snake"":""games/pyxel/07_snake.py""}","{""pyxel_shooter"":""0f53e4156907eac41080a8f289e22c89365b3239517c754cf59a51af201d5563"",""pyxel_snake"":""bc533fef92d1d358e570f69d979919fe5c1cd8c4da49841104b49a1e661a5ac3""}",5b81618d1f778fc2571d130a81cc243c22cb1dc150d0b823108b5379aa8d99c8
2,45,formal-highfps-affinity-v1__colocation__daylight+space_rescue__r01,formal-highfps-affinity-v1,colocation-main,test,colocation,"[""daylight"",""space_rescue""]",daylight,"[""space_rescue""]",daylight+space_rescue,daylight+space_rescue__r01,,,,1,17465217366096432256,10,30,1,10,windows-rtx4060,0,0,grid_2x2,true,80,5930e8a2f36dfdbf730e9b1c45870f1d5e83007b60ca0adf3f18f46bd5fc6d94,d294a5d8602837dbe32307d6c70879f62902956d,data/raw/formal-highfps-affinity-v1/formal-highfps-affinity-v1__colocation__daylight+space_rescue__r01,"{""daylight"":""games/pyxel/apps-src/30SecondsOfDaylight/src/main.py"",""space_rescue"":""games/pyxel/apps-src/space_rescue/space_rescue.py""}","{""daylight"":""21a365375249e9d7ea05e78dcfe040f09cc1f0c66bd410bae084190c743a028f"",""space_rescue"":""f3b0ab6784ae558e64f06a3f0a704e53f107a130aa3d43357659d0850131e461""}",eb9d52e46362eb5cb5037743e0ece55b5c6a48f84b58f24b7ce826fe83e44f19
2,46,formal-highfps-affinity-v1__colocation__mega_wing+pyxel_jump+pyxel_platformer__r02,formal-highfps-affinity-v1,colocation-main,train,colocation,"[""mega_wing"",""pyxel_jump"",""pyxel_platformer""]",mega_wing,"[""pyxel_jump"",""pyxel_platformer""]",mega_wing+pyxel_jump+pyxel_platformer,mega_wing+pyxel_jump+pyxel_platformer__r02,,,,2,7103667109493370920,10,30,1,10,windows-rtx4060,0,0,grid_2x2,true,80,5930e8a2f36dfdbf730e9b1c45870f1d5e83007b60ca0adf3f18f46bd5fc6d94,d294a5d8602837dbe32307d6c70879f62902956d,data/raw/formal-highfps-affinity-v1/formal-highfps-affinity-v1__colocation__mega_wing+pyxel_jump+pyxel_platformer__r02,"{""mega_wing"":""games/pyxel/apps-src/mega_wing/mega_wing.py"",""pyxel_jump"":""games/pyxel/02_jump_game.py"",""pyxel_platformer"":""games/pyxel/10_platformer.py""}","{""mega_wing"":""86bad6c02a303806c58137503739241dc6b1e86695f7c0dbf672b5e1a1464e9f"",""pyxel_jump"":""4743a825f1c9cae7e049ac52115f4ecf83350db546c00745a54af187d7bc2e46"",""pyxel_platformer"":""1b2c75b49dc9ab0254fb4b724682a4787868814a38d2f08920720dc5b6007ac5""}",57c88591ec63cf0ac5eef87b6335c954743a8afebe1e999ac5b79ef57094795c
2,47,formal-highfps-affinity-v1__colocation__daylight+pyxel_bubbles__r02,formal-highfps-affinity-v1,colocation-main,validation,colocation,"[""daylight"",""pyxel_bubbles""]",daylight,"[""pyxel_bubbles""]",daylight+pyxel_bubbles,daylight+pyxel_bubbles__r02,,,,2,10777077298818543837,10,30,1,10,windows-rtx4060,0,0,grid_2x2,true,80,5930e8a2f36dfdbf730e9b1c45870f1d5e83007b60ca0adf3f18f46bd5fc6d94,d294a5d8602837dbe32307d6c70879f62902956d,data/raw/formal-highfps-affinity-v1/formal-highfps-affinity-v1__colocation__daylight+pyxel_bubbles__r02,"{""daylight"":""games/pyxel/apps-src/30SecondsOfDaylight/src/main.py"",""pyxel_bubbles"":""games/pyxel/06_click_game.py""}","{""daylight"":""21a365375249e9d7ea05e78dcfe040f09cc1f0c66bd410bae084190c743a028f"",""pyxel_bubbles"":""54c101e90bdaed839ac4c4284494530d5df37a5819a35f1e41eebb0b3da5d900""}",69f8781f598fda64c8c79c55914a0889d04cf06df4a4f9050afe12597c75264f
2,48,formal-highfps-affinity-v1__colocation__daylight+mega_wing__r03,formal-highfps-affinity-v1,colocation-main,test,colocation,"[""daylight"",""mega_wing""]",daylight,"[""mega_wing""]",daylight+mega_wing,daylight+mega_wing__r03,,,,3,5803397515155226020,10,30,1,10,windows-rtx4060,0,0,grid_2x2,true,80,5930e8a2f36dfdbf730e9b1c45870f1d5e83007b60ca0adf3f18f46bd5fc6d94,d294a5d8602837dbe32307d6c70879f62902956d,data/raw/formal-highfps-affinity-v1/formal-highfps-affinity-v1__colocation__daylight+mega_wing__r03,"{""daylight"":""games/pyxel/apps-src/30SecondsOfDaylight/src/main.py"",""mega_wing"":""games/pyxel/apps-src/mega_wing/mega_wing.py""}","{""daylight"":""21a365375249e9d7ea05e78dcfe040f09cc1f0c66bd410bae084190c743a028f"",""mega_wing"":""86bad6c02a303806c58137503739241dc6b1e86695f7c0dbf672b5e1a1464e9f""}",486961eef764faf494948d610ef2f4b4689ce5c790c786ae538088e1a4f3680b
2,49,formal-highfps-affinity-v1__extra__daylight+pyxel_bubbles+pyxel_jump+pyxel_platformer__r03,formal-highfps-affinity-v1,colocation-extra-test,extra_test,extra_test,"[""daylight"",""pyxel_bubbles"",""pyxel_jump"",""pyxel_platformer""]",daylight,"[""pyxel_bubbles"",""pyxel_jump"",""pyxel_platformer""]",daylight+pyxel_bubbles+pyxel_jump+pyxel_platformer,daylight+pyxel_bubbles+pyxel_jump+pyxel_platformer__r03,,,,3,11592946096852787606,10,30,1,10,windows-rtx4060,0,0,grid_2x2,true,80,5930e8a2f36dfdbf730e9b1c45870f1d5e83007b60ca0adf3f18f46bd5fc6d94,d294a5d8602837dbe32307d6c70879f62902956d,data/raw/formal-highfps-affinity-v1/formal-highfps-affinity-v1__extra__daylight+pyxel_bubbles+pyxel_jump+pyxel_platformer__r03,"{""daylight"":""games/pyxel/apps-src/30SecondsOfDaylight/src/main.py"",""pyxel_bubbles"":""games/pyxel/06_click_game.py"",""pyxel_jump"":""games/pyxel/02_jump_game.py"",""pyxel_platformer"":""games/pyxel/10_platformer.py""}","{""daylight"":""21a365375249e9d7ea05e78dcfe040f09cc1f0c66bd410bae084190c743a028f"",""pyxel_bubbles"":""54c101e90bdaed839ac4c4284494530d5df37a5819a35f1e41eebb0b3da5d900"",""pyxel_jump"":""4743a825f1c9cae7e049ac52115f4ecf83350db546c00745a54af187d7bc2e46"",""pyxel_platformer"":""1b2c75b49dc9ab0254fb4b724682a4787868814a38d2f08920720dc5b6007ac5""}",d9a8d3509e1b2a8cb0483d448f6b582271aae1d81c8f00bb75f6b4e5030ed947
2,50,formal-highfps-affinity-v1__colocation__pyxel_bubbles+pyxel_shooter__r02,formal-highfps-affinity-v1,colocation-main,train,colocation,"[""pyxel_bubbles"",""pyxel_shooter""]",pyxel_bubbles,"[""pyxel_shooter""]",pyxel_bubbles+pyxel_shooter,pyxel_bubbles+pyxel_shooter__r02,,,,2,9170896173043008947,10,30,1,10,windows-rtx4060,0,0,grid_2x2,true,80,5930e8a2f36dfdbf730e9b1c45870f1d5e83007b60ca0adf3f18f46bd5fc6d94,d294a5d8602837dbe32307d6c70879f62902956d,data/raw/formal-highfps-affinity-v1/formal-highfps-affinity-v1__colocation__pyxel_bubbles+pyxel_shooter__r02,"{""pyxel_bubbles"":""games/pyxel/06_click_game.py"",""pyxel_shooter"":""games/pyxel/09_shooter.py""}","{""pyxel_bubbles"":""54c101e90bdaed839ac4c4284494530d5df37a5819a35f1e41eebb0b3da5d900"",""pyxel_shooter"":""0f53e4156907eac41080a8f289e22c89365b3239517c754cf59a51af201d5563""}",8e9f86fbc40f5e6632f7d5f2e21cbfe01fc3ed5d479ffb3c28d49a5389b1900d
2,51,formal-highfps-affinity-v1__colocation__pyxel_bubbles+pyxel_jump+pyxel_platformer__r02,formal-highfps-affinity-v1,colocation-main,train,colocation,"[""pyxel_bubbles"",""pyxel_jump"",""pyxel_platformer""]",pyxel_bubbles,"[""pyxel_jump"",""pyxel_platformer""]",pyxel_bubbles+pyxel_jump+pyxel_platformer,pyxel_bubbles+pyxel_jump+pyxel_platformer__r02,,,,2,13936887509654102309,10,30,1,10,windows-rtx4060,0,0,grid_2x2,true,80,5930e8a2f36dfdbf730e9b1c45870f1d5e83007b60ca0adf3f18f46bd5fc6d94,d294a5d8602837dbe32307d6c70879f62902956d,data/raw/formal-highfps-affinity-v1/formal-highfps-affinity-v1__colocation__pyxel_bubbles+pyxel_jump+pyxel_platformer__r02,"{""pyxel_bubbles"":""games/pyxel/06_click_game.py"",""pyxel_jump"":""games/pyxel/02_jump_game.py"",""pyxel_platformer"":""games/pyxel/10_platformer.py""}","{""pyxel_bubbles"":""54c101e90bdaed839ac4c4284494530d5df37a5819a35f1e41eebb0b3da5d900"",""pyxel_jump"":""4743a825f1c9cae7e049ac52115f4ecf83350db546c00745a54af187d7bc2e46"",""pyxel_platformer"":""1b2c75b49dc9ab0254fb4b724682a4787868814a38d2f08920720dc5b6007ac5""}",1c23c75e419ff9f360b196ae63aee7749c9d07e2ba073cb8deb864e0c36c3251
2,52,formal-highfps-affinity-v1__colocation__mega_wing+pyxel_snake__r03,formal-highfps-affinity-v1,colocation-main,train,colocation,"[""mega_wing"",""pyxel_snake""]",mega_wing,"[""pyxel_snake""]",mega_wing+pyxel_snake,mega_wing+pyxel_snake__r03,,,,3,16135326234349536714,10,30,1,10,windows-rtx4060,0,0,grid_2x2,true,80,5930e8a2f36dfdbf730e9b1c45870f1d5e83007b60ca0adf3f18f46bd5fc6d94,d294a5d8602837dbe32307d6c70879f62902956d,data/raw/formal-highfps-affinity-v1/formal-highfps-affinity-v1__colocation__mega_wing+pyxel_snake__r03,"{""mega_wing"":""games/pyxel/apps-src/mega_wing/mega_wing.py"",""pyxel_snake"":""games/pyxel/07_snake.py""}","{""mega_wing"":""86bad6c02a303806c58137503739241dc6b1e86695f7c0dbf672b5e1a1464e9f"",""pyxel_snake"":""bc533fef92d1d358e570f69d979919fe5c1cd8c4da49841104b49a1e661a5ac3""}",691352cea2732604b3188fdad82987d342b59325447860e1165f7416eeab585a
2,53,formal-highfps-affinity-v1__colocation__pyxel_bubbles+pyxel_jump__r01,formal-highfps-affinity-v1,colocation-main,train,colocation,"[""pyxel_bubbles"",""pyxel_jump""]",pyxel_bubbles,"[""pyxel_jump""]",pyxel_bubbles+pyxel_jump,pyxel_bubbles+pyxel_jump__r01,,,,1,15330020178810135891,10,30,1,10,windows-rtx4060,0,0,grid_2x2,true,80,5930e8a2f36dfdbf730e9b1c45870f1d5e83007b60ca0adf3f18f46bd5fc6d94,d294a5d8602837dbe32307d6c70879f62902956d,data/raw/formal-highfps-affinity-v1/formal-highfps-affinity-v1__colocation__pyxel_bubbles+pyxel_jump__r01,"{""pyxel_bubbles"":""games/pyxel/06_click_game.py"",""pyxel_jump"":""games/pyxel/02_jump_game.py""}","{""pyxel_bubbles"":""54c101e90bdaed839ac4c4284494530d5df37a5819a35f1e41eebb0b3da5d900"",""pyxel_jump"":""4743a825f1c9cae7e049ac52115f4ecf83350db546c00745a54af187d7bc2e46""}",a715fb9849012be82aa3bd6f7767a75990e3cedccb7f3129053b689fbd7adb88
2,54,formal-highfps-affinity-v1__colocation__mega_wing+pyxel_jump__r02,formal-highfps-affinity-v1,colocation-main,test,colocation,"[""mega_wing"",""pyxel_jump""]",mega_wing,"[""pyxel_jump""]",mega_wing+pyxel_jump,mega_wing+pyxel_jump__r02,,,,2,7124216624875434605,10,30,1,10,windows-rtx4060,0,0,grid_2x2,true,80,5930e8a2f36dfdbf730e9b1c45870f1d5e83007b60ca0adf3f18f46bd5fc6d94,d294a5d8602837dbe32307d6c70879f62902956d,data/raw/formal-highfps-affinity-v1/formal-highfps-affinity-v1__colocation__mega_wing+pyxel_jump__r02,"{""mega_wing"":""games/pyxel/apps-src/mega_wing/mega_wing.py"",""pyxel_jump"":""games/pyxel/02_jump_game.py""}","{""mega_wing"":""86bad6c02a303806c58137503739241dc6b1e86695f7c0dbf672b5e1a1464e9f"",""pyxel_jump"":""4743a825f1c9cae7e049ac52115f4ecf83350db546c00745a54af187d7bc2e46""}",c7e3c9849ffb2104c825dac02076f944442ff153a7d735b592cb4671c4a40335
2,55,formal-highfps-affinity-v1__extra__daylight+pyxel_platformer+pyxel_shooter+pyxel_snake__r02,formal-highfps-affinity-v1,colocation-extra-test,extra_test,extra_test,"[""daylight"",""pyxel_platformer"",""pyxel_shooter"",""pyxel_snake""]",daylight,"[""pyxel_platformer"",""pyxel_shooter"",""pyxel_snake""]",daylight+pyxel_platformer+pyxel_shooter+pyxel_snake,daylight+pyxel_platformer+pyxel_shooter+pyxel_snake__r02,,,,2,3906944403983349564,10,30,1,10,windows-rtx4060,0,0,grid_2x2,true,80,5930e8a2f36dfdbf730e9b1c45870f1d5e83007b60ca0adf3f18f46bd5fc6d94,d294a5d8602837dbe32307d6c70879f62902956d,data/raw/formal-highfps-affinity-v1/formal-highfps-affinity-v1__extra__daylight+pyxel_platformer+pyxel_shooter+pyxel_snake__r02,"{""daylight"":""games/pyxel/apps-src/30SecondsOfDaylight/src/main.py"",""pyxel_platformer"":""games/pyxel/10_platformer.py"",""pyxel_shooter"":""games/pyxel/09_shooter.py"",""pyxel_snake"":""games/pyxel/07_snake.py""}","{""daylight"":""21a365375249e9d7ea05e78dcfe040f09cc1f0c66bd410bae084190c743a028f"",""pyxel_platformer"":""1b2c75b49dc9ab0254fb4b724682a4787868814a38d2f08920720dc5b6007ac5"",""pyxel_shooter"":""0f53e4156907eac41080a8f289e22c89365b3239517c754cf59a51af201d5563"",""pyxel_snake"":""bc533fef92d1d358e570f69d979919fe5c1cd8c4da49841104b49a1e661a5ac3""}",f046f51a536f7fc1633f73ca8d1ac31e2b10ab006719778eaf40f55d8c2ab89b
2,56,formal-highfps-affinity-v1__solo__space_rescue__r01,formal-highfps-affinity-v1,solo,not_applicable,solo,"[""space_rescue""]",space_rescue,[],,,,,,1,9627262142379762492,10,30,1,10,windows-rtx4060,0,0,grid_2x2,true,80,5930e8a2f36dfdbf730e9b1c45870f1d5e83007b60ca0adf3f18f46bd5fc6d94,d294a5d8602837dbe32307d6c70879f62902956d,data/raw/formal-highfps-affinity-v1/formal-highfps-affinity-v1__solo__space_rescue__r01,"{""space_rescue"":""games/pyxel/apps-src/space_rescue/space_rescue.py""}","{""space_rescue"":""f3b0ab6784ae558e64f06a3f0a704e53f107a130aa3d43357659d0850131e461""}",5bbc5b1a15834d33d0073cfe12f77516e04d15786aa3f61e854a5c99757e0798
2,57,formal-highfps-affinity-v1__colocation__mega_wing+pyxel_platformer+space_rescue__r01,formal-highfps-affinity-v1,colocation-main,train,colocation,"[""mega_wing"",""pyxel_platformer"",""space_rescue""]",mega_wing,"[""pyxel_platformer"",""space_rescue""]",mega_wing+pyxel_platformer+space_rescue,mega_wing+pyxel_platformer+space_rescue__r01,,,,1,14177532899396249871,10,30,1,10,windows-rtx4060,0,0,grid_2x2,true,80,5930e8a2f36dfdbf730e9b1c45870f1d5e83007b60ca0adf3f18f46bd5fc6d94,d294a5d8602837dbe32307d6c70879f62902956d,data/raw/formal-highfps-affinity-v1/formal-highfps-affinity-v1__colocation__mega_wing+pyxel_platformer+space_rescue__r01,"{""mega_wing"":""games/pyxel/apps-src/mega_wing/mega_wing.py"",""pyxel_platformer"":""games/pyxel/10_platformer.py"",""space_rescue"":""games/pyxel/apps-src/space_rescue/space_rescue.py""}","{""mega_wing"":""86bad6c02a303806c58137503739241dc6b1e86695f7c0dbf672b5e1a1464e9f"",""pyxel_platformer"":""1b2c75b49dc9ab0254fb4b724682a4787868814a38d2f08920720dc5b6007ac5"",""space_rescue"":""f3b0ab6784ae558e64f06a3f0a704e53f107a130aa3d43357659d0850131e461""}",689581c6d3bfe68f40c74b2532b49655b6f220275298ebbe19536c18568dc00c
2,58,formal-highfps-affinity-v1__colocation__pyxel_bubbles+pyxel_jump__r02,formal-highfps-affinity-v1,colocation-main,train,colocation,"[""pyxel_bubbles"",""pyxel_jump""]",pyxel_bubbles,"[""pyxel_jump""]",pyxel_bubbles+pyxel_jump,pyxel_bubbles+pyxel_jump__r02,,,,2,4855025473587185934,10,30,1,10,windows-rtx4060,0,0,grid_2x2,true,80,5930e8a2f36dfdbf730e9b1c45870f1d5e83007b60ca0adf3f18f46bd5fc6d94,d294a5d8602837dbe32307d6c70879f62902956d,data/raw/formal-highfps-affinity-v1/formal-highfps-affinity-v1__colocation__pyxel_bubbles+pyxel_jump__r02,"{""pyxel_bubbles"":""games/pyxel/06_click_game.py"",""pyxel_jump"":""games/pyxel/02_jump_game.py""}","{""pyxel_bubbles"":""54c101e90bdaed839ac4c4284494530d5df37a5819a35f1e41eebb0b3da5d900"",""pyxel_jump"":""4743a825f1c9cae7e049ac52115f4ecf83350db546c00745a54af187d7bc2e46""}",73eebca8533f878ba86ed300a74c5e139d883393974a8c5250c098c6830b9c93
2,59,formal-highfps-affinity-v1__colocation__pyxel_shooter+pyxel_snake__r03,formal-highfps-affinity-v1,colocation-main,train,colocation,"[""pyxel_shooter"",""pyxel_snake""]",pyxel_shooter,"[""pyxel_snake""]",pyxel_shooter+pyxel_snake,pyxel_shooter+pyxel_snake__r03,,,,3,5833663211782969573,10,30,1,10,windows-rtx4060,0,0,grid_2x2,true,80,5930e8a2f36dfdbf730e9b1c45870f1d5e83007b60ca0adf3f18f46bd5fc6d94,d294a5d8602837dbe32307d6c70879f62902956d,data/raw/formal-highfps-affinity-v1/formal-highfps-affinity-v1__colocation__pyxel_shooter+pyxel_snake__r03,"{""pyxel_shooter"":""games/pyxel/09_shooter.py"",""pyxel_snake"":""games/pyxel/07_snake.py""}","{""pyxel_shooter"":""0f53e4156907eac41080a8f289e22c89365b3239517c754cf59a51af201d5563"",""pyxel_snake"":""bc533fef92d1d358e570f69d979919fe5c1cd8c4da49841104b49a1e661a5ac3""}",5818bbac3068211b0baf37cd8a766f92b1741aa196f8815069d48fde45fc4f52
2,60,formal-highfps-affinity-v1__colocation__mega_wing+pyxel_bubbles+pyxel_shooter__r02,formal-highfps-affinity-v1,colocation-main,train,colocation,"[""mega_wing"",""pyxel_bubbles"",""pyxel_shooter""]",mega_wing,"[""pyxel_bubbles"",""pyxel_shooter""]",mega_wing+pyxel_bubbles+pyxel_shooter,mega_wing+pyxel_bubbles+pyxel_shooter__r02,,,,2,17145521271227757646,10,30,1,10,windows-rtx4060,0,0,grid_2x2,true,80,5930e8a2f36dfdbf730e9b1c45870f1d5e83007b60ca0adf3f18f46bd5fc6d94,d294a5d8602837dbe32307d6c70879f62902956d,data/raw/formal-highfps-affinity-v1/formal-highfps-affinity-v1__colocation__mega_wing+pyxel_bubbles+pyxel_shooter__r02,"{""mega_wing"":""games/pyxel/apps-src/mega_wing/mega_wing.py"",""pyxel_bubbles"":""games/pyxel/06_click_game.py"",""pyxel_shooter"":""games/pyxel/09_shooter.py""}","{""mega_wing"":""86bad6c02a303806c58137503739241dc6b1e86695f7c0dbf672b5e1a1464e9f"",""pyxel_bubbles"":""54c101e90bdaed839ac4c4284494530d5df37a5819a35f1e41eebb0b3da5d900"",""pyxel_shooter"":""0f53e4156907eac41080a8f289e22c89365b3239517c754cf59a51af201d5563""}",c956a671076e04946a3201253d3194ce2fa90cba6cd2a13e859d8d3bcf1e79c7
2,61,formal-highfps-affinity-v1__colocation__mega_wing+pyxel_platformer+space_rescue__r03,formal-highfps-affinity-v1,colocation-main,train,colocation,"[""mega_wing"",""pyxel_platformer"",""space_rescue""]",mega_wing,"[""pyxel_platformer"",""space_rescue""]",mega_wing+pyxel_platformer+space_rescue,mega_wing+pyxel_platformer+space_rescue__r03,,,,3,7256825349866931314,10,30,1,10,windows-rtx4060,0,0,grid_2x2,true,80,5930e8a2f36dfdbf730e9b1c45870f1d5e83007b60ca0adf3f18f46bd5fc6d94,d294a5d8602837dbe32307d6c70879f62902956d,data/raw/formal-highfps-affinity-v1/formal-highfps-affinity-v1__colocation__mega_wing+pyxel_platformer+space_rescue__r03,"{""mega_wing"":""games/pyxel/apps-src/mega_wing/mega_wing.py"",""pyxel_platformer"":""games/pyxel/10_platformer.py"",""space_rescue"":""games/pyxel/apps-src/space_rescue/space_rescue.py""}","{""mega_wing"":""86bad6c02a303806c58137503739241dc6b1e86695f7c0dbf672b5e1a1464e9f"",""pyxel_platformer"":""1b2c75b49dc9ab0254fb4b724682a4787868814a38d2f08920720dc5b6007ac5"",""space_rescue"":""f3b0ab6784ae558e64f06a3f0a704e53f107a130aa3d43357659d0850131e461""}",e1a31d91203c8e247783ca49f12b110b7c4a8c239c44296d2b939f009dbeb6e8
2,62,formal-highfps-affinity-v1__colocation__daylight+mega_wing+pyxel_snake__r01,formal-highfps-affinity-v1,colocation-main,train,colocation,"[""daylight"",""mega_wing"",""pyxel_snake""]",daylight,"[""mega_wing"",""pyxel_snake""]",daylight+mega_wing+pyxel_snake,daylight+mega_wing+pyxel_snake__r01,,,,1,3683215363547589313,10,30,1,10,windows-rtx4060,0,0,grid_2x2,true,80,5930e8a2f36dfdbf730e9b1c45870f1d5e83007b60ca0adf3f18f46bd5fc6d94,d294a5d8602837dbe32307d6c70879f62902956d,data/raw/formal-highfps-affinity-v1/formal-highfps-affinity-v1__colocation__daylight+mega_wing+pyxel_snake__r01,"{""daylight"":""games/pyxel/apps-src/30SecondsOfDaylight/src/main.py"",""mega_wing"":""games/pyxel/apps-src/mega_wing/mega_wing.py"",""pyxel_snake"":""games/pyxel/07_snake.py""}","{""daylight"":""21a365375249e9d7ea05e78dcfe040f09cc1f0c66bd410bae084190c743a028f"",""mega_wing"":""86bad6c02a303806c58137503739241dc6b1e86695f7c0dbf672b5e1a1464e9f"",""pyxel_snake"":""bc533fef92d1d358e570f69d979919fe5c1cd8c4da49841104b49a1e661a5ac3""}",4964d55a0d7f4197d0fcea7ac04e9a2e16fa982f97e5f605d3d14f3af5c2f3b8
2,63,formal-highfps-affinity-v1__colocation__mega_wing+pyxel_bubbles+pyxel_shooter__r03,formal-highfps-affinity-v1,colocation-main,train,colocation,"[""mega_wing"",""pyxel_bubbles"",""pyxel_shooter""]",mega_wing,"[""pyxel_bubbles"",""pyxel_shooter""]",mega_wing+pyxel_bubbles+pyxel_shooter,mega_wing+pyxel_bubbles+pyxel_shooter__r03,,,,3,1046086840173876320,10,30,1,10,windows-rtx4060,0,0,grid_2x2,true,80,5930e8a2f36dfdbf730e9b1c45870f1d5e83007b60ca0adf3f18f46bd5fc6d94,d294a5d8602837dbe32307d6c70879f62902956d,data/raw/formal-highfps-affinity-v1/formal-highfps-affinity-v1__colocation__mega_wing+pyxel_bubbles+pyxel_shooter__r03,"{""mega_wing"":""games/pyxel/apps-src/mega_wing/mega_wing.py"",""pyxel_bubbles"":""games/pyxel/06_click_game.py"",""pyxel_shooter"":""games/pyxel/09_shooter.py""}","{""mega_wing"":""86bad6c02a303806c58137503739241dc6b1e86695f7c0dbf672b5e1a1464e9f"",""pyxel_bubbles"":""54c101e90bdaed839ac4c4284494530d5df37a5819a35f1e41eebb0b3da5d900"",""pyxel_shooter"":""0f53e4156907eac41080a8f289e22c89365b3239517c754cf59a51af201d5563""}",d6b2fd81444f981da20eb2cc19a7aaa4e627183025ab38354f68ecd3dffb4e17
2,64,formal-highfps-affinity-v1__colocation__daylight+space_rescue__r03,formal-highfps-affinity-v1,colocation-main,test,colocation,"[""daylight"",""space_rescue""]",daylight,"[""space_rescue""]",daylight+space_rescue,daylight+space_rescue__r03,,,,3,6596288018360110466,10,30,1,10,windows-rtx4060,0,0,grid_2x2,true,80,5930e8a2f36dfdbf730e9b1c45870f1d5e83007b60ca0adf3f18f46bd5fc6d94,d294a5d8602837dbe32307d6c70879f62902956d,data/raw/formal-highfps-affinity-v1/formal-highfps-affinity-v1__colocation__daylight+space_rescue__r03,"{""daylight"":""games/pyxel/apps-src/30SecondsOfDaylight/src/main.py"",""space_rescue"":""games/pyxel/apps-src/space_rescue/space_rescue.py""}","{""daylight"":""21a365375249e9d7ea05e78dcfe040f09cc1f0c66bd410bae084190c743a028f"",""space_rescue"":""f3b0ab6784ae558e64f06a3f0a704e53f107a130aa3d43357659d0850131e461""}",c0e2e705bc5e4e05d39d0074e2542ae8b4be798cbd019ed4e943611fde9d3f42
2,65,formal-highfps-affinity-v1__colocation__pyxel_jump+space_rescue__r01,formal-highfps-affinity-v1,colocation-main,train,colocation,"[""pyxel_jump"",""space_rescue""]",pyxel_jump,"[""space_rescue""]",pyxel_jump+space_rescue,pyxel_jump+space_rescue__r01,,,,1,6392386723247648102,10,30,1,10,windows-rtx4060,0,0,grid_2x2,true,80,5930e8a2f36dfdbf730e9b1c45870f1d5e83007b60ca0adf3f18f46bd5fc6d94,d294a5d8602837dbe32307d6c70879f62902956d,data/raw/formal-highfps-affinity-v1/formal-highfps-affinity-v1__colocation__pyxel_jump+space_rescue__r01,"{""pyxel_jump"":""games/pyxel/02_jump_game.py"",""space_rescue"":""games/pyxel/apps-src/space_rescue/space_rescue.py""}","{""pyxel_jump"":""4743a825f1c9cae7e049ac52115f4ecf83350db546c00745a54af187d7bc2e46"",""space_rescue"":""f3b0ab6784ae558e64f06a3f0a704e53f107a130aa3d43357659d0850131e461""}",fa7f5051ecc01140fa976fb668831c516e77808a4d7ecbaa2e81c454ff690e8d
2,66,formal-highfps-affinity-v1__colocation__pyxel_jump+space_rescue__r03,formal-highfps-affinity-v1,colocation-main,train,colocation,"[""pyxel_jump"",""space_rescue""]",pyxel_jump,"[""space_rescue""]",pyxel_jump+space_rescue,pyxel_jump+space_rescue__r03,,,,3,15646512563815329766,10,30,1,10,windows-rtx4060,0,0,grid_2x2,true,80,5930e8a2f36dfdbf730e9b1c45870f1d5e83007b60ca0adf3f18f46bd5fc6d94,d294a5d8602837dbe32307d6c70879f62902956d,data/raw/formal-highfps-affinity-v1/formal-highfps-affinity-v1__colocation__pyxel_jump+space_rescue__r03,"{""pyxel_jump"":""games/pyxel/02_jump_game.py"",""space_rescue"":""games/pyxel/apps-src/space_rescue/space_rescue.py""}","{""pyxel_jump"":""4743a825f1c9cae7e049ac52115f4ecf83350db546c00745a54af187d7bc2e46"",""space_rescue"":""f3b0ab6784ae558e64f06a3f0a704e53f107a130aa3d43357659d0850131e461""}",7dbdf43d49d506e69be4599392fd7a8343d48193f1687217df6914f3889cb9af
2,67,formal-highfps-affinity-v1__colocation__pyxel_bubbles+space_rescue__r01,formal-highfps-affinity-v1,colocation-main,train,colocation,"[""pyxel_bubbles"",""space_rescue""]",pyxel_bubbles,"[""space_rescue""]",pyxel_bubbles+space_rescue,pyxel_bubbles+space_rescue__r01,,,,1,16246424883467677436,10,30,1,10,windows-rtx4060,0,0,grid_2x2,true,80,5930e8a2f36dfdbf730e9b1c45870f1d5e83007b60ca0adf3f18f46bd5fc6d94,d294a5d8602837dbe32307d6c70879f62902956d,data/raw/formal-highfps-affinity-v1/formal-highfps-affinity-v1__colocation__pyxel_bubbles+space_rescue__r01,"{""pyxel_bubbles"":""games/pyxel/06_click_game.py"",""space_rescue"":""games/pyxel/apps-src/space_rescue/space_rescue.py""}","{""pyxel_bubbles"":""54c101e90bdaed839ac4c4284494530d5df37a5819a35f1e41eebb0b3da5d900"",""space_rescue"":""f3b0ab6784ae558e64f06a3f0a704e53f107a130aa3d43357659d0850131e461""}",7489d8c20763a0428f2530ee8c3b057e97e1209fef5d536eac3487631da67314
2,68,formal-highfps-affinity-v1__colocation__pyxel_bubbles+pyxel_jump+pyxel_snake__r01,formal-highfps-affinity-v1,colocation-main,train,colocation,"[""pyxel_bubbles"",""pyxel_jump"",""pyxel_snake""]",pyxel_bubbles,"[""pyxel_jump"",""pyxel_snake""]",pyxel_bubbles+pyxel_jump+pyxel_snake,pyxel_bubbles+pyxel_jump+pyxel_snake__r01,,,,1,10652256037132298761,10,30,1,10,windows-rtx4060,0,0,grid_2x2,true,80,5930e8a2f36dfdbf730e9b1c45870f1d5e83007b60ca0adf3f18f46bd5fc6d94,d294a5d8602837dbe32307d6c70879f62902956d,data/raw/formal-highfps-affinity-v1/formal-highfps-affinity-v1__colocation__pyxel_bubbles+pyxel_jump+pyxel_snake__r01,"{""pyxel_bubbles"":""games/pyxel/06_click_game.py"",""pyxel_jump"":""games/pyxel/02_jump_game.py"",""pyxel_snake"":""games/pyxel/07_snake.py""}","{""pyxel_bubbles"":""54c101e90bdaed839ac4c4284494530d5df37a5819a35f1e41eebb0b3da5d900"",""pyxel_jump"":""4743a825f1c9cae7e049ac52115f4ecf83350db546c00745a54af187d7bc2e46"",""pyxel_snake"":""bc533fef92d1d358e570f69d979919fe5c1cd8c4da49841104b49a1e661a5ac3""}",60fd704168ba85f448385281c4f9fdf4558ca78dea9689fdc2e87f22eee2f65a
2,69,formal-highfps-affinity-v1__solo__pyxel_snake__r01,formal-highfps-affinity-v1,solo,not_applicable,solo,"[""pyxel_snake""]",pyxel_snake,[],,,,,,1,13632667971943617081,10,30,1,10,windows-rtx4060,0,0,grid_2x2,true,80,5930e8a2f36dfdbf730e9b1c45870f1d5e83007b60ca0adf3f18f46bd5fc6d94,d294a5d8602837dbe32307d6c70879f62902956d,data/raw/formal-highfps-affinity-v1/formal-highfps-affinity-v1__solo__pyxel_snake__r01,"{""pyxel_snake"":""games/pyxel/07_snake.py""}","{""pyxel_snake"":""bc533fef92d1d358e570f69d979919fe5c1cd8c4da49841104b49a1e661a5ac3""}",0b424b456414997df6eabd69ce1e75c63f11aacb8f1e630ef9672e375eea3ed2
2,70,formal-highfps-affinity-v1__colocation__pyxel_bubbles+pyxel_snake__r02,formal-highfps-affinity-v1,colocation-main,test,colocation,"[""pyxel_bubbles"",""pyxel_snake""]",pyxel_bubbles,"[""pyxel_snake""]",pyxel_bubbles+pyxel_snake,pyxel_bubbles+pyxel_snake__r02,,,,2,16014323964850878645,10,30,1,10,windows-rtx4060,0,0,grid_2x2,true,80,5930e8a2f36dfdbf730e9b1c45870f1d5e83007b60ca0adf3f18f46bd5fc6d94,d294a5d8602837dbe32307d6c70879f62902956d,data/raw/formal-highfps-affinity-v1/formal-highfps-affinity-v1__colocation__pyxel_bubbles+pyxel_snake__r02,"{""pyxel_bubbles"":""games/pyxel/06_click_game.py"",""pyxel_snake"":""games/pyxel/07_snake.py""}","{""pyxel_bubbles"":""54c101e90bdaed839ac4c4284494530d5df37a5819a35f1e41eebb0b3da5d900"",""pyxel_snake"":""bc533fef92d1d358e570f69d979919fe5c1cd8c4da49841104b49a1e661a5ac3""}",4482a5155169d499d862e27a90f0af3560e2b51d5e8f23876db58c1df4afbe56
2,71,formal-highfps-affinity-v1__colocation__daylight+pyxel_shooter+pyxel_snake__r02,formal-highfps-affinity-v1,colocation-main,train,colocation,"[""daylight"",""pyxel_shooter"",""pyxel_snake""]",daylight,"[""pyxel_shooter"",""pyxel_snake""]",daylight+pyxel_shooter+pyxel_snake,daylight+pyxel_shooter+pyxel_snake__r02,,,,2,16060450979115828123,10,30,1,10,windows-rtx4060,0,0,grid_2x2,true,80,5930e8a2f36dfdbf730e9b1c45870f1d5e83007b60ca0adf3f18f46bd5fc6d94,d294a5d8602837dbe32307d6c70879f62902956d,data/raw/formal-highfps-affinity-v1/formal-highfps-affinity-v1__colocation__daylight+pyxel_shooter+pyxel_snake__r02,"{""daylight"":""games/pyxel/apps-src/30SecondsOfDaylight/src/main.py"",""pyxel_shooter"":""games/pyxel/09_shooter.py"",""pyxel_snake"":""games/pyxel/07_snake.py""}","{""daylight"":""21a365375249e9d7ea05e78dcfe040f09cc1f0c66bd410bae084190c743a028f"",""pyxel_shooter"":""0f53e4156907eac41080a8f289e22c89365b3239517c754cf59a51af201d5563"",""pyxel_snake"":""bc533fef92d1d358e570f69d979919fe5c1cd8c4da49841104b49a1e661a5ac3""}",4ced3f7074cd4952a2bf9837e5c9f99cc86cc3fa2d51ea69cca2a04dfa1b28e7
2,72,formal-highfps-affinity-v1__solo__pyxel_bubbles__r01,formal-highfps-affinity-v1,solo,not_applicable,solo,"[""pyxel_bubbles""]",pyxel_bubbles,[],,,,,,1,17111230279661221694,10,30,1,10,windows-rtx4060,0,0,grid_2x2,true,80,5930e8a2f36dfdbf730e9b1c45870f1d5e83007b60ca0adf3f18f46bd5fc6d94,d294a5d8602837dbe32307d6c70879f62902956d,data/raw/formal-highfps-affinity-v1/formal-highfps-affinity-v1__solo__pyxel_bubbles__r01,"{""pyxel_bubbles"":""games/pyxel/06_click_game.py""}","{""pyxel_bubbles"":""54c101e90bdaed839ac4c4284494530d5df37a5819a35f1e41eebb0b3da5d900""}",e519fb4055968e11658bef28d4281011eb52efef492a6b28fd1fa08d2581adaf
2,73,formal-highfps-affinity-v1__colocation__pyxel_bubbles+pyxel_snake__r01,formal-highfps-affinity-v1,colocation-main,test,colocation,"[""pyxel_bubbles"",""pyxel_snake""]",pyxel_bubbles,"[""pyxel_snake""]",pyxel_bubbles+pyxel_snake,pyxel_bubbles+pyxel_snake__r01,,,,1,4272144397152138260,10,30,1,10,windows-rtx4060,0,0,grid_2x2,true,80,5930e8a2f36dfdbf730e9b1c45870f1d5e83007b60ca0adf3f18f46bd5fc6d94,d294a5d8602837dbe32307d6c70879f62902956d,data/raw/formal-highfps-affinity-v1/formal-highfps-affinity-v1__colocation__pyxel_bubbles+pyxel_snake__r01,"{""pyxel_bubbles"":""games/pyxel/06_click_game.py"",""pyxel_snake"":""games/pyxel/07_snake.py""}","{""pyxel_bubbles"":""54c101e90bdaed839ac4c4284494530d5df37a5819a35f1e41eebb0b3da5d900"",""pyxel_snake"":""bc533fef92d1d358e570f69d979919fe5c1cd8c4da49841104b49a1e661a5ac3""}",7a888c15a892668e4f45adb82f0b45f39773ff3a2069195ceb43fcd5055240cf
2,74,formal-highfps-affinity-v1__solo__pyxel_snake__r03,formal-highfps-affinity-v1,solo,not_applicable,solo,"[""pyxel_snake""]",pyxel_snake,[],,,,,,3,11244710782208348410,10,30,1,10,windows-rtx4060,0,0,grid_2x2,true,80,5930e8a2f36dfdbf730e9b1c45870f1d5e83007b60ca0adf3f18f46bd5fc6d94,d294a5d8602837dbe32307d6c70879f62902956d,data/raw/formal-highfps-affinity-v1/formal-highfps-affinity-v1__solo__pyxel_snake__r03,"{""pyxel_snake"":""games/pyxel/07_snake.py""}","{""pyxel_snake"":""bc533fef92d1d358e570f69d979919fe5c1cd8c4da49841104b49a1e661a5ac3""}",76bc74fa000c2401e2ca562edacefc23c9ae35db9b70e67f58e1b4a9fe02dbfe
2,75,formal-highfps-affinity-v1__extra__daylight+pyxel_platformer+pyxel_shooter+pyxel_snake__r01,formal-highfps-affinity-v1,colocation-extra-test,extra_test,extra_test,"[""daylight"",""pyxel_platformer"",""pyxel_shooter"",""pyxel_snake""]",daylight,"[""pyxel_platformer"",""pyxel_shooter"",""pyxel_snake""]",daylight+pyxel_platformer+pyxel_shooter+pyxel_snake,daylight+pyxel_platformer+pyxel_shooter+pyxel_snake__r01,,,,1,16076299598703602005,10,30,1,10,windows-rtx4060,0,0,grid_2x2,true,80,5930e8a2f36dfdbf730e9b1c45870f1d5e83007b60ca0adf3f18f46bd5fc6d94,d294a5d8602837dbe32307d6c70879f62902956d,data/raw/formal-highfps-affinity-v1/formal-highfps-affinity-v1__extra__daylight+pyxel_platformer+pyxel_shooter+pyxel_snake__r01,"{""daylight"":""games/pyxel/apps-src/30SecondsOfDaylight/src/main.py"",""pyxel_platformer"":""games/pyxel/10_platformer.py"",""pyxel_shooter"":""games/pyxel/09_shooter.py"",""pyxel_snake"":""games/pyxel/07_snake.py""}","{""daylight"":""21a365375249e9d7ea05e78dcfe040f09cc1f0c66bd410bae084190c743a028f"",""pyxel_platformer"":""1b2c75b49dc9ab0254fb4b724682a4787868814a38d2f08920720dc5b6007ac5"",""pyxel_shooter"":""0f53e4156907eac41080a8f289e22c89365b3239517c754cf59a51af201d5563"",""pyxel_snake"":""bc533fef92d1d358e570f69d979919fe5c1cd8c4da49841104b49a1e661a5ac3""}",75077e5a5358ebaa0417bd70f4d3a9ad2106ffdc53eb2df1bbb52c6b24ea1fdc
2,76,formal-highfps-affinity-v1__colocation__daylight+pyxel_bubbles+pyxel_platformer__r01,formal-highfps-affinity-v1,colocation-main,test,colocation,"[""daylight"",""pyxel_bubbles"",""pyxel_platformer""]",daylight,"[""pyxel_bubbles"",""pyxel_platformer""]",daylight+pyxel_bubbles+pyxel_platformer,daylight+pyxel_bubbles+pyxel_platformer__r01,,,,1,12478490643540389889,10,30,1,10,windows-rtx4060,0,0,grid_2x2,true,80,5930e8a2f36dfdbf730e9b1c45870f1d5e83007b60ca0adf3f18f46bd5fc6d94,d294a5d8602837dbe32307d6c70879f62902956d,data/raw/formal-highfps-affinity-v1/formal-highfps-affinity-v1__colocation__daylight+pyxel_bubbles+pyxel_platformer__r01,"{""daylight"":""games/pyxel/apps-src/30SecondsOfDaylight/src/main.py"",""pyxel_bubbles"":""games/pyxel/06_click_game.py"",""pyxel_platformer"":""games/pyxel/10_platformer.py""}","{""daylight"":""21a365375249e9d7ea05e78dcfe040f09cc1f0c66bd410bae084190c743a028f"",""pyxel_bubbles"":""54c101e90bdaed839ac4c4284494530d5df37a5819a35f1e41eebb0b3da5d900"",""pyxel_platformer"":""1b2c75b49dc9ab0254fb4b724682a4787868814a38d2f08920720dc5b6007ac5""}",915e43f87f5189966e3c34288dae563fc3a99303e9b7ebbc3357e6b855518ec7
2,77,formal-highfps-affinity-v1__colocation__daylight+pyxel_shooter__r02,formal-highfps-affinity-v1,colocation-main,test,colocation,"[""daylight"",""pyxel_shooter""]",daylight,"[""pyxel_shooter""]",daylight+pyxel_shooter,daylight+pyxel_shooter__r02,,,,2,6307768475063823143,10,30,1,10,windows-rtx4060,0,0,grid_2x2,true,80,5930e8a2f36dfdbf730e9b1c45870f1d5e83007b60ca0adf3f18f46bd5fc6d94,d294a5d8602837dbe32307d6c70879f62902956d,data/raw/formal-highfps-affinity-v1/formal-highfps-affinity-v1__colocation__daylight+pyxel_shooter__r02,"{""daylight"":""games/pyxel/apps-src/30SecondsOfDaylight/src/main.py"",""pyxel_shooter"":""games/pyxel/09_shooter.py""}","{""daylight"":""21a365375249e9d7ea05e78dcfe040f09cc1f0c66bd410bae084190c743a028f"",""pyxel_shooter"":""0f53e4156907eac41080a8f289e22c89365b3239517c754cf59a51af201d5563""}",46dc7bb8de5810124f8a36e134a0bf252b682465b00307eb8e978a68bdbf0ebe
2,78,formal-highfps-affinity-v1__colocation__pyxel_jump+pyxel_shooter+pyxel_snake__r01,formal-highfps-affinity-v1,colocation-main,train,colocation,"[""pyxel_jump"",""pyxel_shooter"",""pyxel_snake""]",pyxel_jump,"[""pyxel_shooter"",""pyxel_snake""]",pyxel_jump+pyxel_shooter+pyxel_snake,pyxel_jump+pyxel_shooter+pyxel_snake__r01,,,,1,13404442039301235090,10,30,1,10,windows-rtx4060,0,0,grid_2x2,true,80,5930e8a2f36dfdbf730e9b1c45870f1d5e83007b60ca0adf3f18f46bd5fc6d94,d294a5d8602837dbe32307d6c70879f62902956d,data/raw/formal-highfps-affinity-v1/formal-highfps-affinity-v1__colocation__pyxel_jump+pyxel_shooter+pyxel_snake__r01,"{""pyxel_jump"":""games/pyxel/02_jump_game.py"",""pyxel_shooter"":""games/pyxel/09_shooter.py"",""pyxel_snake"":""games/pyxel/07_snake.py""}","{""pyxel_jump"":""4743a825f1c9cae7e049ac52115f4ecf83350db546c00745a54af187d7bc2e46"",""pyxel_shooter"":""0f53e4156907eac41080a8f289e22c89365b3239517c754cf59a51af201d5563"",""pyxel_snake"":""bc533fef92d1d358e570f69d979919fe5c1cd8c4da49841104b49a1e661a5ac3""}",c9358c9ca89c5d35b6734734ad76bd9cf721e414893b26ba24bb8569c3208298
2,79,formal-highfps-affinity-v1__colocation__mega_wing+pyxel_snake+space_rescue__r02,formal-highfps-affinity-v1,colocation-main,train,colocation,"[""mega_wing"",""pyxel_snake"",""space_rescue""]",mega_wing,"[""pyxel_snake"",""space_rescue""]",mega_wing+pyxel_snake+space_rescue,mega_wing+pyxel_snake+space_rescue__r02,,,,2,10501798218637475275,10,30,1,10,windows-rtx4060,0,0,grid_2x2,true,80,5930e8a2f36dfdbf730e9b1c45870f1d5e83007b60ca0adf3f18f46bd5fc6d94,d294a5d8602837dbe32307d6c70879f62902956d,data/raw/formal-highfps-affinity-v1/formal-highfps-affinity-v1__colocation__mega_wing+pyxel_snake+space_rescue__r02,"{""mega_wing"":""games/pyxel/apps-src/mega_wing/mega_wing.py"",""pyxel_snake"":""games/pyxel/07_snake.py"",""space_rescue"":""games/pyxel/apps-src/space_rescue/space_rescue.py""}","{""mega_wing"":""86bad6c02a303806c58137503739241dc6b1e86695f7c0dbf672b5e1a1464e9f"",""pyxel_snake"":""bc533fef92d1d358e570f69d979919fe5c1cd8c4da49841104b49a1e661a5ac3"",""space_rescue"":""f3b0ab6784ae558e64f06a3f0a704e53f107a130aa3d43357659d0850131e461""}",6f44f2ef9cdab03bede13942ad5edd774d8586835e795f678fab42445b220d7e
2,80,formal-highfps-affinity-v1__colocation__pyxel_jump+pyxel_shooter__r02,formal-highfps-affinity-v1,colocation-main,train,colocation,"[""pyxel_jump"",""pyxel_shooter""]",pyxel_jump,"[""pyxel_shooter""]",pyxel_jump+pyxel_shooter,pyxel_jump+pyxel_shooter__r02,,,,2,3021531922104725446,10,30,1,10,windows-rtx4060,0,0,grid_2x2,true,80,5930e8a2f36dfdbf730e9b1c45870f1d5e83007b60ca0adf3f18f46bd5fc6d94,d294a5d8602837dbe32307d6c70879f62902956d,data/raw/formal-highfps-affinity-v1/formal-highfps-affinity-v1__colocation__pyxel_jump+pyxel_shooter__r02,"{""pyxel_jump"":""games/pyxel/02_jump_game.py"",""pyxel_shooter"":""games/pyxel/09_shooter.py""}","{""pyxel_jump"":""4743a825f1c9cae7e049ac52115f4ecf83350db546c00745a54af187d7bc2e46"",""pyxel_shooter"":""0f53e4156907eac41080a8f289e22c89365b3239517c754cf59a51af201d5563""}",6e85f86e21d1fe32da63d7a6cfa3879b8ceeb8986819f9049b8c3a2de3dd9088
2,81,formal-highfps-affinity-v1__solo__pyxel_snake__r02,formal-highfps-affinity-v1,solo,not_applicable,solo,"[""pyxel_snake""]",pyxel_snake,[],,,,,,2,11464821163851428927,10,30,1,10,windows-rtx4060,0,0,grid_2x2,true,80,5930e8a2f36dfdbf730e9b1c45870f1d5e83007b60ca0adf3f18f46bd5fc6d94,d294a5d8602837dbe32307d6c70879f62902956d,data/raw/formal-highfps-affinity-v1/formal-highfps-affinity-v1__solo__pyxel_snake__r02,"{""pyxel_snake"":""games/pyxel/07_snake.py""}","{""pyxel_snake"":""bc533fef92d1d358e570f69d979919fe5c1cd8c4da49841104b49a1e661a5ac3""}",573330c7e1c8ed739c71e5b0970df7cddbd0664d25f2f37b4869dfca0d422659
2,82,formal-highfps-affinity-v1__solo__pyxel_jump__r03,formal-highfps-affinity-v1,solo,not_applicable,solo,"[""pyxel_jump""]",pyxel_jump,[],,,,,,3,796735531785357142,10,30,1,10,windows-rtx4060,0,0,grid_2x2,true,80,5930e8a2f36dfdbf730e9b1c45870f1d5e83007b60ca0adf3f18f46bd5fc6d94,d294a5d8602837dbe32307d6c70879f62902956d,data/raw/formal-highfps-affinity-v1/formal-highfps-affinity-v1__solo__pyxel_jump__r03,"{""pyxel_jump"":""games/pyxel/02_jump_game.py""}","{""pyxel_jump"":""4743a825f1c9cae7e049ac52115f4ecf83350db546c00745a54af187d7bc2e46""}",29e54b506953796686e5fc64c0b5bc1f48c057afe683c29c78a18c1426e392a5
2,83,formal-highfps-affinity-v1__extra__mega_wing+pyxel_jump+pyxel_platformer+pyxel_snake__r03,formal-highfps-affinity-v1,colocation-extra-test,extra_test,extra_test,"[""mega_wing"",""pyxel_jump"",""pyxel_platformer"",""pyxel_snake""]",mega_wing,"[""pyxel_jump"",""pyxel_platformer"",""pyxel_snake""]",mega_wing+pyxel_jump+pyxel_platformer+pyxel_snake,mega_wing+pyxel_jump+pyxel_platformer+pyxel_snake__r03,,,,3,13832200803943975500,10,30,1,10,windows-rtx4060,0,0,grid_2x2,true,80,5930e8a2f36dfdbf730e9b1c45870f1d5e83007b60ca0adf3f18f46bd5fc6d94,d294a5d8602837dbe32307d6c70879f62902956d,data/raw/formal-highfps-affinity-v1/formal-highfps-affinity-v1__extra__mega_wing+pyxel_jump+pyxel_platformer+pyxel_snake__r03,"{""mega_wing"":""games/pyxel/apps-src/mega_wing/mega_wing.py"",""pyxel_jump"":""games/pyxel/02_jump_game.py"",""pyxel_platformer"":""games/pyxel/10_platformer.py"",""pyxel_snake"":""games/pyxel/07_snake.py""}","{""mega_wing"":""86bad6c02a303806c58137503739241dc6b1e86695f7c0dbf672b5e1a1464e9f"",""pyxel_jump"":""4743a825f1c9cae7e049ac52115f4ecf83350db546c00745a54af187d7bc2e46"",""pyxel_platformer"":""1b2c75b49dc9ab0254fb4b724682a4787868814a38d2f08920720dc5b6007ac5"",""pyxel_snake"":""bc533fef92d1d358e570f69d979919fe5c1cd8c4da49841104b49a1e661a5ac3""}",e419205b7ea296d5dea16d4692240636b202e05577725362e16a685dd681d9c0
2,84,formal-highfps-affinity-v1__colocation__mega_wing+pyxel_snake+space_rescue__r01,formal-highfps-affinity-v1,colocation-main,train,colocation,"[""mega_wing"",""pyxel_snake"",""space_rescue""]",mega_wing,"[""pyxel_snake"",""space_rescue""]",mega_wing+pyxel_snake+space_rescue,mega_wing+pyxel_snake+space_rescue__r01,,,,1,2211813992741978679,10,30,1,10,windows-rtx4060,0,0,grid_2x2,true,80,5930e8a2f36dfdbf730e9b1c45870f1d5e83007b60ca0adf3f18f46bd5fc6d94,d294a5d8602837dbe32307d6c70879f62902956d,data/raw/formal-highfps-affinity-v1/formal-highfps-affinity-v1__colocation__mega_wing+pyxel_snake+space_rescue__r01,"{""mega_wing"":""games/pyxel/apps-src/mega_wing/mega_wing.py"",""pyxel_snake"":""games/pyxel/07_snake.py"",""space_rescue"":""games/pyxel/apps-src/space_rescue/space_rescue.py""}","{""mega_wing"":""86bad6c02a303806c58137503739241dc6b1e86695f7c0dbf672b5e1a1464e9f"",""pyxel_snake"":""bc533fef92d1d358e570f69d979919fe5c1cd8c4da49841104b49a1e661a5ac3"",""space_rescue"":""f3b0ab6784ae558e64f06a3f0a704e53f107a130aa3d43357659d0850131e461""}",f0384b988a3bd9290426dd6f59d7dedc6cfbeb1a9aa7b714293fd10acf24b133
2,85,formal-highfps-affinity-v1__solo__pyxel_platformer__r01,formal-highfps-affinity-v1,solo,not_applicable,solo,"[""pyxel_platformer""]",pyxel_platformer,[],,,,,,1,7297784855627931527,10,30,1,10,windows-rtx4060,0,0,grid_2x2,true,80,5930e8a2f36dfdbf730e9b1c45870f1d5e83007b60ca0adf3f18f46bd5fc6d94,d294a5d8602837dbe32307d6c70879f62902956d,data/raw/formal-highfps-affinity-v1/formal-highfps-affinity-v1__solo__pyxel_platformer__r01,"{""pyxel_platformer"":""games/pyxel/10_platformer.py""}","{""pyxel_platformer"":""1b2c75b49dc9ab0254fb4b724682a4787868814a38d2f08920720dc5b6007ac5""}",404c5f616496bc0c3d5e7aacdb3739723c0c2255121eaf72422face3e6c2b61c
2,86,formal-highfps-affinity-v1__colocation__mega_wing+space_rescue__r01,formal-highfps-affinity-v1,colocation-main,validation,colocation,"[""mega_wing"",""space_rescue""]",mega_wing,"[""space_rescue""]",mega_wing+space_rescue,mega_wing+space_rescue__r01,,,,1,10325571706049029634,10,30,1,10,windows-rtx4060,0,0,grid_2x2,true,80,5930e8a2f36dfdbf730e9b1c45870f1d5e83007b60ca0adf3f18f46bd5fc6d94,d294a5d8602837dbe32307d6c70879f62902956d,data/raw/formal-highfps-affinity-v1/formal-highfps-affinity-v1__colocation__mega_wing+space_rescue__r01,"{""mega_wing"":""games/pyxel/apps-src/mega_wing/mega_wing.py"",""space_rescue"":""games/pyxel/apps-src/space_rescue/space_rescue.py""}","{""mega_wing"":""86bad6c02a303806c58137503739241dc6b1e86695f7c0dbf672b5e1a1464e9f"",""space_rescue"":""f3b0ab6784ae558e64f06a3f0a704e53f107a130aa3d43357659d0850131e461""}",13c09dfc7249fe922986f156ff8dc9cfb19751642e5d00d9b8441fc58c3afc80
2,87,formal-highfps-affinity-v1__colocation__mega_wing+pyxel_jump__r01,formal-highfps-affinity-v1,colocation-main,test,colocation,"[""mega_wing"",""pyxel_jump""]",mega_wing,"[""pyxel_jump""]",mega_wing+pyxel_jump,mega_wing+pyxel_jump__r01,,,,1,10951231338318609641,10,30,1,10,windows-rtx4060,0,0,grid_2x2,true,80,5930e8a2f36dfdbf730e9b1c45870f1d5e83007b60ca0adf3f18f46bd5fc6d94,d294a5d8602837dbe32307d6c70879f62902956d,data/raw/formal-highfps-affinity-v1/formal-highfps-affinity-v1__colocation__mega_wing+pyxel_jump__r01,"{""mega_wing"":""games/pyxel/apps-src/mega_wing/mega_wing.py"",""pyxel_jump"":""games/pyxel/02_jump_game.py""}","{""mega_wing"":""86bad6c02a303806c58137503739241dc6b1e86695f7c0dbf672b5e1a1464e9f"",""pyxel_jump"":""4743a825f1c9cae7e049ac52115f4ecf83350db546c00745a54af187d7bc2e46""}",0e2fdbff5a855872eeaddc76859e065297637caf15306b802da0ed9c4da02b0f
2,88,formal-highfps-affinity-v1__colocation__pyxel_platformer+pyxel_snake__r01,formal-highfps-affinity-v1,colocation-main,test,colocation,"[""pyxel_platformer"",""pyxel_snake""]",pyxel_platformer,"[""pyxel_snake""]",pyxel_platformer+pyxel_snake,pyxel_platformer+pyxel_snake__r01,,,,1,1696166496034655509,10,30,1,10,windows-rtx4060,0,0,grid_2x2,true,80,5930e8a2f36dfdbf730e9b1c45870f1d5e83007b60ca0adf3f18f46bd5fc6d94,d294a5d8602837dbe32307d6c70879f62902956d,data/raw/formal-highfps-affinity-v1/formal-highfps-affinity-v1__colocation__pyxel_platformer+pyxel_snake__r01,"{""pyxel_platformer"":""games/pyxel/10_platformer.py"",""pyxel_snake"":""games/pyxel/07_snake.py""}","{""pyxel_platformer"":""1b2c75b49dc9ab0254fb4b724682a4787868814a38d2f08920720dc5b6007ac5"",""pyxel_snake"":""bc533fef92d1d358e570f69d979919fe5c1cd8c4da49841104b49a1e661a5ac3""}",371df8708a539456c95a3c7dcc2fab7347227b9989ea9b4be319e6032c95a35a
2,89,formal-highfps-affinity-v1__colocation__pyxel_platformer+pyxel_shooter+space_rescue__r01,formal-highfps-affinity-v1,colocation-main,validation,colocation,"[""pyxel_platformer"",""pyxel_shooter"",""space_rescue""]",pyxel_platformer,"[""pyxel_shooter"",""space_rescue""]",pyxel_platformer+pyxel_shooter+space_rescue,pyxel_platformer+pyxel_shooter+space_rescue__r01,,,,1,530035123137566220,10,30,1,10,windows-rtx4060,0,0,grid_2x2,true,80,5930e8a2f36dfdbf730e9b1c45870f1d5e83007b60ca0adf3f18f46bd5fc6d94,d294a5d8602837dbe32307d6c70879f62902956d,data/raw/formal-highfps-affinity-v1/formal-highfps-affinity-v1__colocation__pyxel_platformer+pyxel_shooter+space_rescue__r01,"{""pyxel_platformer"":""games/pyxel/10_platformer.py"",""pyxel_shooter"":""games/pyxel/09_shooter.py"",""space_rescue"":""games/pyxel/apps-src/space_rescue/space_rescue.py""}","{""pyxel_platformer"":""1b2c75b49dc9ab0254fb4b724682a4787868814a38d2f08920720dc5b6007ac5"",""pyxel_shooter"":""0f53e4156907eac41080a8f289e22c89365b3239517c754cf59a51af201d5563"",""space_rescue"":""f3b0ab6784ae558e64f06a3f0a704e53f107a130aa3d43357659d0850131e461""}",a54d39f145579eba5b51a7d1e5471a9273452a5f5cbd053af02ee606e704e2a8
2,90,formal-highfps-affinity-v1__colocation__pyxel_bubbles+pyxel_platformer__r01,formal-highfps-affinity-v1,colocation-main,train,colocation,"[""pyxel_bubbles"",""pyxel_platformer""]",pyxel_bubbles,"[""pyxel_platformer""]",pyxel_bubbles+pyxel_platformer,pyxel_bubbles+pyxel_platformer__r01,,,,1,15902120588225086509,10,30,1,10,windows-rtx4060,0,0,grid_2x2,true,80,5930e8a2f36dfdbf730e9b1c45870f1d5e83007b60ca0adf3f18f46bd5fc6d94,d294a5d8602837dbe32307d6c70879f62902956d,data/raw/formal-highfps-affinity-v1/formal-highfps-affinity-v1__colocation__pyxel_bubbles+pyxel_platformer__r01,"{""pyxel_bubbles"":""games/pyxel/06_click_game.py"",""pyxel_platformer"":""games/pyxel/10_platformer.py""}","{""pyxel_bubbles"":""54c101e90bdaed839ac4c4284494530d5df37a5819a35f1e41eebb0b3da5d900"",""pyxel_platformer"":""1b2c75b49dc9ab0254fb4b724682a4787868814a38d2f08920720dc5b6007ac5""}",4cf1ab5c966657d8743263e8433c3b26bea120c6445d390992bb1fe2591824ce
2,91,formal-highfps-affinity-v1__colocation__pyxel_platformer+pyxel_shooter__r02,formal-highfps-affinity-v1,colocation-main,train,colocation,"[""pyxel_platformer"",""pyxel_shooter""]",pyxel_platformer,"[""pyxel_shooter""]",pyxel_platformer+pyxel_shooter,pyxel_platformer+pyxel_shooter__r02,,,,2,13951401537072748805,10,30,1,10,windows-rtx4060,0,0,grid_2x2,true,80,5930e8a2f36dfdbf730e9b1c45870f1d5e83007b60ca0adf3f18f46bd5fc6d94,d294a5d8602837dbe32307d6c70879f62902956d,data/raw/formal-highfps-affinity-v1/formal-highfps-affinity-v1__colocation__pyxel_platformer+pyxel_shooter__r02,"{""pyxel_platformer"":""games/pyxel/10_platformer.py"",""pyxel_shooter"":""games/pyxel/09_shooter.py""}","{""pyxel_platformer"":""1b2c75b49dc9ab0254fb4b724682a4787868814a38d2f08920720dc5b6007ac5"",""pyxel_shooter"":""0f53e4156907eac41080a8f289e22c89365b3239517c754cf59a51af201d5563""}",dbe602794cfab877c9049b00b6eda1c86c40eb3e9cc3dddd02d6d18e9fbe1077
2,92,formal-highfps-affinity-v1__colocation__mega_wing+pyxel_bubbles+space_rescue__r03,formal-highfps-affinity-v1,colocation-main,train,colocation,"[""mega_wing"",""pyxel_bubbles"",""space_rescue""]",mega_wing,"[""pyxel_bubbles"",""space_rescue""]",mega_wing+pyxel_bubbles+space_rescue,mega_wing+pyxel_bubbles+space_rescue__r03,,,,3,10978761875731769058,10,30,1,10,windows-rtx4060,0,0,grid_2x2,true,80,5930e8a2f36dfdbf730e9b1c45870f1d5e83007b60ca0adf3f18f46bd5fc6d94,d294a5d8602837dbe32307d6c70879f62902956d,data/raw/formal-highfps-affinity-v1/formal-highfps-affinity-v1__colocation__mega_wing+pyxel_bubbles+space_rescue__r03,"{""mega_wing"":""games/pyxel/apps-src/mega_wing/mega_wing.py"",""pyxel_bubbles"":""games/pyxel/06_click_game.py"",""space_rescue"":""games/pyxel/apps-src/space_rescue/space_rescue.py""}","{""mega_wing"":""86bad6c02a303806c58137503739241dc6b1e86695f7c0dbf672b5e1a1464e9f"",""pyxel_bubbles"":""54c101e90bdaed839ac4c4284494530d5df37a5819a35f1e41eebb0b3da5d900"",""space_rescue"":""f3b0ab6784ae558e64f06a3f0a704e53f107a130aa3d43357659d0850131e461""}",baf630a3a78b85971b6567b3455165affb4e6b9046167d1ee879e999e9df88f7
2,93,formal-highfps-affinity-v1__colocation__mega_wing+pyxel_bubbles+pyxel_snake__r01,formal-highfps-affinity-v1,colocation-main,train,colocation,"[""mega_wing"",""pyxel_bubbles"",""pyxel_snake""]",mega_wing,"[""pyxel_bubbles"",""pyxel_snake""]",mega_wing+pyxel_bubbles+pyxel_snake,mega_wing+pyxel_bubbles+pyxel_snake__r01,,,,1,5213251114307413380,10,30,1,10,windows-rtx4060,0,0,grid_2x2,true,80,5930e8a2f36dfdbf730e9b1c45870f1d5e83007b60ca0adf3f18f46bd5fc6d94,d294a5d8602837dbe32307d6c70879f62902956d,data/raw/formal-highfps-affinity-v1/formal-highfps-affinity-v1__colocation__mega_wing+pyxel_bubbles+pyxel_snake__r01,"{""mega_wing"":""games/pyxel/apps-src/mega_wing/mega_wing.py"",""pyxel_bubbles"":""games/pyxel/06_click_game.py"",""pyxel_snake"":""games/pyxel/07_snake.py""}","{""mega_wing"":""86bad6c02a303806c58137503739241dc6b1e86695f7c0dbf672b5e1a1464e9f"",""pyxel_bubbles"":""54c101e90bdaed839ac4c4284494530d5df37a5819a35f1e41eebb0b3da5d900"",""pyxel_snake"":""bc533fef92d1d358e570f69d979919fe5c1cd8c4da49841104b49a1e661a5ac3""}",55ec49d992a3d6c6aec5bfc575d2d1f27f1004f8b28f5f501f4f9a516e34e8d6
2,94,formal-highfps-affinity-v1__solo__pyxel_platformer__r02,formal-highfps-affinity-v1,solo,not_applicable,solo,"[""pyxel_platformer""]",pyxel_platformer,[],,,,,,2,13166478515344074274,10,30,1,10,windows-rtx4060,0,0,grid_2x2,true,80,5930e8a2f36dfdbf730e9b1c45870f1d5e83007b60ca0adf3f18f46bd5fc6d94,d294a5d8602837dbe32307d6c70879f62902956d,data/raw/formal-highfps-affinity-v1/formal-highfps-affinity-v1__solo__pyxel_platformer__r02,"{""pyxel_platformer"":""games/pyxel/10_platformer.py""}","{""pyxel_platformer"":""1b2c75b49dc9ab0254fb4b724682a4787868814a38d2f08920720dc5b6007ac5""}",86d6c6633a2642c6a45ced14ef6afb8914968a25d353bba3fb62ee1e676097de
2,95,formal-highfps-affinity-v1__colocation__daylight+pyxel_platformer__r03,formal-highfps-affinity-v1,colocation-main,validation,colocation,"[""daylight"",""pyxel_platformer""]",daylight,"[""pyxel_platformer""]",daylight+pyxel_platformer,daylight+pyxel_platformer__r03,,,,3,17641492199377615183,10,30,1,10,windows-rtx4060,0,0,grid_2x2,true,80,5930e8a2f36dfdbf730e9b1c45870f1d5e83007b60ca0adf3f18f46bd5fc6d94,d294a5d8602837dbe32307d6c70879f62902956d,data/raw/formal-highfps-affinity-v1/formal-highfps-affinity-v1__colocation__daylight+pyxel_platformer__r03,"{""daylight"":""games/pyxel/apps-src/30SecondsOfDaylight/src/main.py"",""pyxel_platformer"":""games/pyxel/10_platformer.py""}","{""daylight"":""21a365375249e9d7ea05e78dcfe040f09cc1f0c66bd410bae084190c743a028f"",""pyxel_platformer"":""1b2c75b49dc9ab0254fb4b724682a4787868814a38d2f08920720dc5b6007ac5""}",fccb603e40863b89b89dcfe97e47ebc8c98f27cdba8123033492a249957b0217
2,96,formal-highfps-affinity-v1__colocation__pyxel_platformer+pyxel_shooter+space_rescue__r02,formal-highfps-affinity-v1,colocation-main,validation,colocation,"[""pyxel_platformer"",""pyxel_shooter"",""space_rescue""]",pyxel_platformer,"[""pyxel_shooter"",""space_rescue""]",pyxel_platformer+pyxel_shooter+space_rescue,pyxel_platformer+pyxel_shooter+space_rescue__r02,,,,2,9920325526379105926,10,30,1,10,windows-rtx4060,0,0,grid_2x2,true,80,5930e8a2f36dfdbf730e9b1c45870f1d5e83007b60ca0adf3f18f46bd5fc6d94,d294a5d8602837dbe32307d6c70879f62902956d,data/raw/formal-highfps-affinity-v1/formal-highfps-affinity-v1__colocation__pyxel_platformer+pyxel_shooter+space_rescue__r02,"{""pyxel_platformer"":""games/pyxel/10_platformer.py"",""pyxel_shooter"":""games/pyxel/09_shooter.py"",""space_rescue"":""games/pyxel/apps-src/space_rescue/space_rescue.py""}","{""pyxel_platformer"":""1b2c75b49dc9ab0254fb4b724682a4787868814a38d2f08920720dc5b6007ac5"",""pyxel_shooter"":""0f53e4156907eac41080a8f289e22c89365b3239517c754cf59a51af201d5563"",""space_rescue"":""f3b0ab6784ae558e64f06a3f0a704e53f107a130aa3d43357659d0850131e461""}",27a079a7690f6716b4677f76ec13df7e9a14253bc7db265b364452e265061337
2,97,formal-highfps-affinity-v1__colocation__daylight+pyxel_platformer+pyxel_snake__r01,formal-highfps-affinity-v1,colocation-main,validation,colocation,"[""daylight"",""pyxel_platformer"",""pyxel_snake""]",daylight,"[""pyxel_platformer"",""pyxel_snake""]",daylight+pyxel_platformer+pyxel_snake,daylight+pyxel_platformer+pyxel_snake__r01,,,,1,2315718514598189427,10,30,1,10,windows-rtx4060,0,0,grid_2x2,true,80,5930e8a2f36dfdbf730e9b1c45870f1d5e83007b60ca0adf3f18f46bd5fc6d94,d294a5d8602837dbe32307d6c70879f62902956d,data/raw/formal-highfps-affinity-v1/formal-highfps-affinity-v1__colocation__daylight+pyxel_platformer+pyxel_snake__r01,"{""daylight"":""games/pyxel/apps-src/30SecondsOfDaylight/src/main.py"",""pyxel_platformer"":""games/pyxel/10_platformer.py"",""pyxel_snake"":""games/pyxel/07_snake.py""}","{""daylight"":""21a365375249e9d7ea05e78dcfe040f09cc1f0c66bd410bae084190c743a028f"",""pyxel_platformer"":""1b2c75b49dc9ab0254fb4b724682a4787868814a38d2f08920720dc5b6007ac5"",""pyxel_snake"":""bc533fef92d1d358e570f69d979919fe5c1cd8c4da49841104b49a1e661a5ac3""}",ccca4f2203c99d80ec1361585e560c6af940114c2124db28c694b2a2c77747c1
2,98,formal-highfps-affinity-v1__colocation__daylight+pyxel_bubbles+pyxel_jump__r03,formal-highfps-affinity-v1,colocation-main,test,colocation,"[""daylight"",""pyxel_bubbles"",""pyxel_jump""]",daylight,"[""pyxel_bubbles"",""pyxel_jump""]",daylight+pyxel_bubbles+pyxel_jump,daylight+pyxel_bubbles+pyxel_jump__r03,,,,3,16335151718453586146,10,30,1,10,windows-rtx4060,0,0,grid_2x2,true,80,5930e8a2f36dfdbf730e9b1c45870f1d5e83007b60ca0adf3f18f46bd5fc6d94,d294a5d8602837dbe32307d6c70879f62902956d,data/raw/formal-highfps-affinity-v1/formal-highfps-affinity-v1__colocation__daylight+pyxel_bubbles+pyxel_jump__r03,"{""daylight"":""games/pyxel/apps-src/30SecondsOfDaylight/src/main.py"",""pyxel_bubbles"":""games/pyxel/06_click_game.py"",""pyxel_jump"":""games/pyxel/02_jump_game.py""}","{""daylight"":""21a365375249e9d7ea05e78dcfe040f09cc1f0c66bd410bae084190c743a028f"",""pyxel_bubbles"":""54c101e90bdaed839ac4c4284494530d5df37a5819a35f1e41eebb0b3da5d900"",""pyxel_jump"":""4743a825f1c9cae7e049ac52115f4ecf83350db546c00745a54af187d7bc2e46""}",0cadd6c9c1945ac00e0dd1b33667bc043554fed9d98acd537d80ba09d4092cfb
2,99,formal-highfps-affinity-v1__extra__daylight+pyxel_jump+pyxel_snake+space_rescue__r02,formal-highfps-affinity-v1,colocation-extra-test,extra_test,extra_test,"[""daylight"",""pyxel_jump"",""pyxel_snake"",""space_rescue""]",daylight,"[""pyxel_jump"",""pyxel_snake"",""space_rescue""]",daylight+pyxel_jump+pyxel_snake+space_rescue,daylight+pyxel_jump+pyxel_snake+space_rescue__r02,,,,2,12588195661761314844,10,30,1,10,windows-rtx4060,0,0,grid_2x2,true,80,5930e8a2f36dfdbf730e9b1c45870f1d5e83007b60ca0adf3f18f46bd5fc6d94,d294a5d8602837dbe32307d6c70879f62902956d,data/raw/formal-highfps-affinity-v1/formal-highfps-affinity-v1__extra__daylight+pyxel_jump+pyxel_snake+space_rescue__r02,"{""daylight"":""games/pyxel/apps-src/30SecondsOfDaylight/src/main.py"",""pyxel_jump"":""games/pyxel/02_jump_game.py"",""pyxel_snake"":""games/pyxel/07_snake.py"",""space_rescue"":""games/pyxel/apps-src/space_rescue/space_rescue.py""}","{""daylight"":""21a365375249e9d7ea05e78dcfe040f09cc1f0c66bd410bae084190c743a028f"",""pyxel_jump"":""4743a825f1c9cae7e049ac52115f4ecf83350db546c00745a54af187d7bc2e46"",""pyxel_snake"":""bc533fef92d1d358e570f69d979919fe5c1cd8c4da49841104b49a1e661a5ac3"",""space_rescue"":""f3b0ab6784ae558e64f06a3f0a704e53f107a130aa3d43357659d0850131e461""}",d0f289534ebffff3411d04259a55558e61f40c3511a5573baa4c6dbaa5c29713
2,100,formal-highfps-affinity-v1__solo__space_rescue__r02,formal-highfps-affinity-v1,solo,not_applicable,solo,"[""space_rescue""]",space_rescue,[],,,,,,2,17469599324371223650,10,30,1,10,windows-rtx4060,0,0,grid_2x2,true,80,5930e8a2f36dfdbf730e9b1c45870f1d5e83007b60ca0adf3f18f46bd5fc6d94,d294a5d8602837dbe32307d6c70879f62902956d,data/raw/formal-highfps-affinity-v1/formal-highfps-affinity-v1__solo__space_rescue__r02,"{""space_rescue"":""games/pyxel/apps-src/space_rescue/space_rescue.py""}","{""space_rescue"":""f3b0ab6784ae558e64f06a3f0a704e53f107a130aa3d43357659d0850131e461""}",f23bb6bb103c90238ae7d5e4485a065d24e839f88f5deb46bbac5f9307b2857f
2,101,formal-highfps-affinity-v1__colocation__daylight+mega_wing+pyxel_snake__r03,formal-highfps-affinity-v1,colocation-main,train,colocation,"[""daylight"",""mega_wing"",""pyxel_snake""]",daylight,"[""mega_wing"",""pyxel_snake""]",daylight+mega_wing+pyxel_snake,daylight+mega_wing+pyxel_snake__r03,,,,3,12724699600798452488,10,30,1,10,windows-rtx4060,0,0,grid_2x2,true,80,5930e8a2f36dfdbf730e9b1c45870f1d5e83007b60ca0adf3f18f46bd5fc6d94,d294a5d8602837dbe32307d6c70879f62902956d,data/raw/formal-highfps-affinity-v1/formal-highfps-affinity-v1__colocation__daylight+mega_wing+pyxel_snake__r03,"{""daylight"":""games/pyxel/apps-src/30SecondsOfDaylight/src/main.py"",""mega_wing"":""games/pyxel/apps-src/mega_wing/mega_wing.py"",""pyxel_snake"":""games/pyxel/07_snake.py""}","{""daylight"":""21a365375249e9d7ea05e78dcfe040f09cc1f0c66bd410bae084190c743a028f"",""mega_wing"":""86bad6c02a303806c58137503739241dc6b1e86695f7c0dbf672b5e1a1464e9f"",""pyxel_snake"":""bc533fef92d1d358e570f69d979919fe5c1cd8c4da49841104b49a1e661a5ac3""}",1545fcedd3596cbcea68d92487068d96ae93c9204d2c12fcfd239f6fee5b6d72
2,102,formal-highfps-affinity-v1__colocation__pyxel_bubbles+pyxel_snake+space_rescue__r01,formal-highfps-affinity-v1,colocation-main,train,colocation,"[""pyxel_bubbles"",""pyxel_snake"",""space_rescue""]",pyxel_bubbles,"[""pyxel_snake"",""space_rescue""]",pyxel_bubbles+pyxel_snake+space_rescue,pyxel_bubbles+pyxel_snake+space_rescue__r01,,,,1,10895786778204655259,10,30,1,10,windows-rtx4060,0,0,grid_2x2,true,80,5930e8a2f36dfdbf730e9b1c45870f1d5e83007b60ca0adf3f18f46bd5fc6d94,d294a5d8602837dbe32307d6c70879f62902956d,data/raw/formal-highfps-affinity-v1/formal-highfps-affinity-v1__colocation__pyxel_bubbles+pyxel_snake+space_rescue__r01,"{""pyxel_bubbles"":""games/pyxel/06_click_game.py"",""pyxel_snake"":""games/pyxel/07_snake.py"",""space_rescue"":""games/pyxel/apps-src/space_rescue/space_rescue.py""}","{""pyxel_bubbles"":""54c101e90bdaed839ac4c4284494530d5df37a5819a35f1e41eebb0b3da5d900"",""pyxel_snake"":""bc533fef92d1d358e570f69d979919fe5c1cd8c4da49841104b49a1e661a5ac3"",""space_rescue"":""f3b0ab6784ae558e64f06a3f0a704e53f107a130aa3d43357659d0850131e461""}",246ab54bdf1986c4efcf6b4f8deea03c58b3e73fd9086a4e20294db841aaddcb
2,103,formal-highfps-affinity-v1__extra__pyxel_bubbles+pyxel_jump+pyxel_shooter+pyxel_snake__r02,formal-highfps-affinity-v1,colocation-extra-test,extra_test,extra_test,"[""pyxel_bubbles"",""pyxel_jump"",""pyxel_shooter"",""pyxel_snake""]",pyxel_bubbles,"[""pyxel_jump"",""pyxel_shooter"",""pyxel_snake""]",pyxel_bubbles+pyxel_jump+pyxel_shooter+pyxel_snake,pyxel_bubbles+pyxel_jump+pyxel_shooter+pyxel_snake__r02,,,,2,9400649919561552429,10,30,1,10,windows-rtx4060,0,0,grid_2x2,true,80,5930e8a2f36dfdbf730e9b1c45870f1d5e83007b60ca0adf3f18f46bd5fc6d94,d294a5d8602837dbe32307d6c70879f62902956d,data/raw/formal-highfps-affinity-v1/formal-highfps-affinity-v1__extra__pyxel_bubbles+pyxel_jump+pyxel_shooter+pyxel_snake__r02,"{""pyxel_bubbles"":""games/pyxel/06_click_game.py"",""pyxel_jump"":""games/pyxel/02_jump_game.py"",""pyxel_shooter"":""games/pyxel/09_shooter.py"",""pyxel_snake"":""games/pyxel/07_snake.py""}","{""pyxel_bubbles"":""54c101e90bdaed839ac4c4284494530d5df37a5819a35f1e41eebb0b3da5d900"",""pyxel_jump"":""4743a825f1c9cae7e049ac52115f4ecf83350db546c00745a54af187d7bc2e46"",""pyxel_shooter"":""0f53e4156907eac41080a8f289e22c89365b3239517c754cf59a51af201d5563"",""pyxel_snake"":""bc533fef92d1d358e570f69d979919fe5c1cd8c4da49841104b49a1e661a5ac3""}",65fce1142afe86a4688e4b5555b7d514884b57bbf13382abf25392ee48e73b13
2,104,formal-highfps-affinity-v1__colocation__daylight+pyxel_platformer+pyxel_snake__r02,formal-highfps-affinity-v1,colocation-main,validation,colocation,"[""daylight"",""pyxel_platformer"",""pyxel_snake""]",daylight,"[""pyxel_platformer"",""pyxel_snake""]",daylight+pyxel_platformer+pyxel_snake,daylight+pyxel_platformer+pyxel_snake__r02,,,,2,13348702882007050725,10,30,1,10,windows-rtx4060,0,0,grid_2x2,true,80,5930e8a2f36dfdbf730e9b1c45870f1d5e83007b60ca0adf3f18f46bd5fc6d94,d294a5d8602837dbe32307d6c70879f62902956d,data/raw/formal-highfps-affinity-v1/formal-highfps-affinity-v1__colocation__daylight+pyxel_platformer+pyxel_snake__r02,"{""daylight"":""games/pyxel/apps-src/30SecondsOfDaylight/src/main.py"",""pyxel_platformer"":""games/pyxel/10_platformer.py"",""pyxel_snake"":""games/pyxel/07_snake.py""}","{""daylight"":""21a365375249e9d7ea05e78dcfe040f09cc1f0c66bd410bae084190c743a028f"",""pyxel_platformer"":""1b2c75b49dc9ab0254fb4b724682a4787868814a38d2f08920720dc5b6007ac5"",""pyxel_snake"":""bc533fef92d1d358e570f69d979919fe5c1cd8c4da49841104b49a1e661a5ac3""}",64cf7b1c4d2bb21394ddbaf0f1232f3d981019b7d7b48a1f87c8c4becbe48f3d
2,105,formal-highfps-affinity-v1__colocation__mega_wing+pyxel_bubbles+pyxel_shooter__r01,formal-highfps-affinity-v1,colocation-main,train,colocation,"[""mega_wing"",""pyxel_bubbles"",""pyxel_shooter""]",mega_wing,"[""pyxel_bubbles"",""pyxel_shooter""]",mega_wing+pyxel_bubbles+pyxel_shooter,mega_wing+pyxel_bubbles+pyxel_shooter__r01,,,,1,13660992632416912501,10,30,1,10,windows-rtx4060,0,0,grid_2x2,true,80,5930e8a2f36dfdbf730e9b1c45870f1d5e83007b60ca0adf3f18f46bd5fc6d94,d294a5d8602837dbe32307d6c70879f62902956d,data/raw/formal-highfps-affinity-v1/formal-highfps-affinity-v1__colocation__mega_wing+pyxel_bubbles+pyxel_shooter__r01,"{""mega_wing"":""games/pyxel/apps-src/mega_wing/mega_wing.py"",""pyxel_bubbles"":""games/pyxel/06_click_game.py"",""pyxel_shooter"":""games/pyxel/09_shooter.py""}","{""mega_wing"":""86bad6c02a303806c58137503739241dc6b1e86695f7c0dbf672b5e1a1464e9f"",""pyxel_bubbles"":""54c101e90bdaed839ac4c4284494530d5df37a5819a35f1e41eebb0b3da5d900"",""pyxel_shooter"":""0f53e4156907eac41080a8f289e22c89365b3239517c754cf59a51af201d5563""}",f3296a820ae64c19eb80a1efd901f85b0a1bf8a4f6a646d9ab244388f4faed63
2,106,formal-highfps-affinity-v1__extra__mega_wing+pyxel_shooter+pyxel_snake+space_rescue__r03,formal-highfps-affinity-v1,colocation-extra-test,extra_test,extra_test,"[""mega_wing"",""pyxel_shooter"",""pyxel_snake"",""space_rescue""]",mega_wing,"[""pyxel_shooter"",""pyxel_snake"",""space_rescue""]",mega_wing+pyxel_shooter+pyxel_snake+space_rescue,mega_wing+pyxel_shooter+pyxel_snake+space_rescue__r03,,,,3,17426353318728662774,10,30,1,10,windows-rtx4060,0,0,grid_2x2,true,80,5930e8a2f36dfdbf730e9b1c45870f1d5e83007b60ca0adf3f18f46bd5fc6d94,d294a5d8602837dbe32307d6c70879f62902956d,data/raw/formal-highfps-affinity-v1/formal-highfps-affinity-v1__extra__mega_wing+pyxel_shooter+pyxel_snake+space_rescue__r03,"{""mega_wing"":""games/pyxel/apps-src/mega_wing/mega_wing.py"",""pyxel_shooter"":""games/pyxel/09_shooter.py"",""pyxel_snake"":""games/pyxel/07_snake.py"",""space_rescue"":""games/pyxel/apps-src/space_rescue/space_rescue.py""}","{""mega_wing"":""86bad6c02a303806c58137503739241dc6b1e86695f7c0dbf672b5e1a1464e9f"",""pyxel_shooter"":""0f53e4156907eac41080a8f289e22c89365b3239517c754cf59a51af201d5563"",""pyxel_snake"":""bc533fef92d1d358e570f69d979919fe5c1cd8c4da49841104b49a1e661a5ac3"",""space_rescue"":""f3b0ab6784ae558e64f06a3f0a704e53f107a130aa3d43357659d0850131e461""}",d229da6e279b15028a665ca27eb7e1e1d9e5774a1ea6f93e067dd431bf412c6b
2,107,formal-highfps-affinity-v1__colocation__mega_wing+pyxel_shooter__r03,formal-highfps-affinity-v1,colocation-main,train,colocation,"[""mega_wing"",""pyxel_shooter""]",mega_wing,"[""pyxel_shooter""]",mega_wing+pyxel_shooter,mega_wing+pyxel_shooter__r03,,,,3,6293622523290271236,10,30,1,10,windows-rtx4060,0,0,grid_2x2,true,80,5930e8a2f36dfdbf730e9b1c45870f1d5e83007b60ca0adf3f18f46bd5fc6d94,d294a5d8602837dbe32307d6c70879f62902956d,data/raw/formal-highfps-affinity-v1/formal-highfps-affinity-v1__colocation__mega_wing+pyxel_shooter__r03,"{""mega_wing"":""games/pyxel/apps-src/mega_wing/mega_wing.py"",""pyxel_shooter"":""games/pyxel/09_shooter.py""}","{""mega_wing"":""86bad6c02a303806c58137503739241dc6b1e86695f7c0dbf672b5e1a1464e9f"",""pyxel_shooter"":""0f53e4156907eac41080a8f289e22c89365b3239517c754cf59a51af201d5563""}",b9872f7428876b8886c268c1f61fb8575319052530e84c0b3df5f727e022fabe
2,108,formal-highfps-affinity-v1__colocation__pyxel_platformer+pyxel_snake__r02,formal-highfps-affinity-v1,colocation-main,test,colocation,"[""pyxel_platformer"",""pyxel_snake""]",pyxel_platformer,"[""pyxel_snake""]",pyxel_platformer+pyxel_snake,pyxel_platformer+pyxel_snake__r02,,,,2,7514933475297872201,10,30,1,10,windows-rtx4060,0,0,grid_2x2,true,80,5930e8a2f36dfdbf730e9b1c45870f1d5e83007b60ca0adf3f18f46bd5fc6d94,d294a5d8602837dbe32307d6c70879f62902956d,data/raw/formal-highfps-affinity-v1/formal-highfps-affinity-v1__colocation__pyxel_platformer+pyxel_snake__r02,"{""pyxel_platformer"":""games/pyxel/10_platformer.py"",""pyxel_snake"":""games/pyxel/07_snake.py""}","{""pyxel_platformer"":""1b2c75b49dc9ab0254fb4b724682a4787868814a38d2f08920720dc5b6007ac5"",""pyxel_snake"":""bc533fef92d1d358e570f69d979919fe5c1cd8c4da49841104b49a1e661a5ac3""}",99a77fd20aa4fea0d9ae874e26e271e60d4a4f001031052aa33ef6d4f8bc14cf
2,109,formal-highfps-affinity-v1__colocation__pyxel_platformer+pyxel_shooter__r01,formal-highfps-affinity-v1,colocation-main,train,colocation,"[""pyxel_platformer"",""pyxel_shooter""]",pyxel_platformer,"[""pyxel_shooter""]",pyxel_platformer+pyxel_shooter,pyxel_platformer+pyxel_shooter__r01,,,,1,8933751458129542535,10,30,1,10,windows-rtx4060,0,0,grid_2x2,true,80,5930e8a2f36dfdbf730e9b1c45870f1d5e83007b60ca0adf3f18f46bd5fc6d94,d294a5d8602837dbe32307d6c70879f62902956d,data/raw/formal-highfps-affinity-v1/formal-highfps-affinity-v1__colocation__pyxel_platformer+pyxel_shooter__r01,"{""pyxel_platformer"":""games/pyxel/10_platformer.py"",""pyxel_shooter"":""games/pyxel/09_shooter.py""}","{""pyxel_platformer"":""1b2c75b49dc9ab0254fb4b724682a4787868814a38d2f08920720dc5b6007ac5"",""pyxel_shooter"":""0f53e4156907eac41080a8f289e22c89365b3239517c754cf59a51af201d5563""}",75b6eb3b50d8846a069fb114279da538c8f6e39684f82bbc2a2d4b3b797d6668
2,110,formal-highfps-affinity-v1__colocation__daylight+pyxel_platformer+pyxel_shooter__r03,formal-highfps-affinity-v1,colocation-main,validation,colocation,"[""daylight"",""pyxel_platformer"",""pyxel_shooter""]",daylight,"[""pyxel_platformer"",""pyxel_shooter""]",daylight+pyxel_platformer+pyxel_shooter,daylight+pyxel_platformer+pyxel_shooter__r03,,,,3,16822868372042291631,10,30,1,10,windows-rtx4060,0,0,grid_2x2,true,80,5930e8a2f36dfdbf730e9b1c45870f1d5e83007b60ca0adf3f18f46bd5fc6d94,d294a5d8602837dbe32307d6c70879f62902956d,data/raw/formal-highfps-affinity-v1/formal-highfps-affinity-v1__colocation__daylight+pyxel_platformer+pyxel_shooter__r03,"{""daylight"":""games/pyxel/apps-src/30SecondsOfDaylight/src/main.py"",""pyxel_platformer"":""games/pyxel/10_platformer.py"",""pyxel_shooter"":""games/pyxel/09_shooter.py""}","{""daylight"":""21a365375249e9d7ea05e78dcfe040f09cc1f0c66bd410bae084190c743a028f"",""pyxel_platformer"":""1b2c75b49dc9ab0254fb4b724682a4787868814a38d2f08920720dc5b6007ac5"",""pyxel_shooter"":""0f53e4156907eac41080a8f289e22c89365b3239517c754cf59a51af201d5563""}",077b9305226a9efe3846367645e55f195748114707b1b9959d7fb06f42baaf62
2,111,formal-highfps-affinity-v1__extra__mega_wing+pyxel_bubbles+pyxel_platformer+pyxel_shooter__r03,formal-highfps-affinity-v1,colocation-extra-test,extra_test,extra_test,"[""mega_wing"",""pyxel_bubbles"",""pyxel_platformer"",""pyxel_shooter""]",mega_wing,"[""pyxel_bubbles"",""pyxel_platformer"",""pyxel_shooter""]",mega_wing+pyxel_bubbles+pyxel_platformer+pyxel_shooter,mega_wing+pyxel_bubbles+pyxel_platformer+pyxel_shooter__r03,,,,3,15157778988543986875,10,30,1,10,windows-rtx4060,0,0,grid_2x2,true,80,5930e8a2f36dfdbf730e9b1c45870f1d5e83007b60ca0adf3f18f46bd5fc6d94,d294a5d8602837dbe32307d6c70879f62902956d,data/raw/formal-highfps-affinity-v1/formal-highfps-affinity-v1__extra__mega_wing+pyxel_bubbles+pyxel_platformer+pyxel_shooter__r03,"{""mega_wing"":""games/pyxel/apps-src/mega_wing/mega_wing.py"",""pyxel_bubbles"":""games/pyxel/06_click_game.py"",""pyxel_platformer"":""games/pyxel/10_platformer.py"",""pyxel_shooter"":""games/pyxel/09_shooter.py""}","{""mega_wing"":""86bad6c02a303806c58137503739241dc6b1e86695f7c0dbf672b5e1a1464e9f"",""pyxel_bubbles"":""54c101e90bdaed839ac4c4284494530d5df37a5819a35f1e41eebb0b3da5d900"",""pyxel_platformer"":""1b2c75b49dc9ab0254fb4b724682a4787868814a38d2f08920720dc5b6007ac5"",""pyxel_shooter"":""0f53e4156907eac41080a8f289e22c89365b3239517c754cf59a51af201d5563""}",be401e9b8b4c8160949f69ceb1f43aef3c8fb2b92c52872da6c33925dea76d20
2,112,formal-highfps-affinity-v1__extra__daylight+pyxel_bubbles+pyxel_shooter+space_rescue__r01,formal-highfps-affinity-v1,colocation-extra-test,extra_test,extra_test,"[""daylight"",""pyxel_bubbles"",""pyxel_shooter"",""space_rescue""]",daylight,"[""pyxel_bubbles"",""pyxel_shooter"",""space_rescue""]",daylight+pyxel_bubbles+pyxel_shooter+space_rescue,daylight+pyxel_bubbles+pyxel_shooter+space_rescue__r01,,,,1,9290543302165654706,10,30,1,10,windows-rtx4060,0,0,grid_2x2,true,80,5930e8a2f36dfdbf730e9b1c45870f1d5e83007b60ca0adf3f18f46bd5fc6d94,d294a5d8602837dbe32307d6c70879f62902956d,data/raw/formal-highfps-affinity-v1/formal-highfps-affinity-v1__extra__daylight+pyxel_bubbles+pyxel_shooter+space_rescue__r01,"{""daylight"":""games/pyxel/apps-src/30SecondsOfDaylight/src/main.py"",""pyxel_bubbles"":""games/pyxel/06_click_game.py"",""pyxel_shooter"":""games/pyxel/09_shooter.py"",""space_rescue"":""games/pyxel/apps-src/space_rescue/space_rescue.py""}","{""daylight"":""21a365375249e9d7ea05e78dcfe040f09cc1f0c66bd410bae084190c743a028f"",""pyxel_bubbles"":""54c101e90bdaed839ac4c4284494530d5df37a5819a35f1e41eebb0b3da5d900"",""pyxel_shooter"":""0f53e4156907eac41080a8f289e22c89365b3239517c754cf59a51af201d5563"",""space_rescue"":""f3b0ab6784ae558e64f06a3f0a704e53f107a130aa3d43357659d0850131e461""}",8f389d794ad081f8a0ea813e6f113f326e80915a5984d05ec49b77233bbedf0d
2,113,formal-highfps-affinity-v1__colocation__pyxel_shooter+space_rescue__r01,formal-highfps-affinity-v1,colocation-main,train,colocation,"[""pyxel_shooter"",""space_rescue""]",pyxel_shooter,"[""space_rescue""]",pyxel_shooter+space_rescue,pyxel_shooter+space_rescue__r01,,,,1,3409492940256028323,10,30,1,10,windows-rtx4060,0,0,grid_2x2,true,80,5930e8a2f36dfdbf730e9b1c45870f1d5e83007b60ca0adf3f18f46bd5fc6d94,d294a5d8602837dbe32307d6c70879f62902956d,data/raw/formal-highfps-affinity-v1/formal-highfps-affinity-v1__colocation__pyxel_shooter+space_rescue__r01,"{""pyxel_shooter"":""games/pyxel/09_shooter.py"",""space_rescue"":""games/pyxel/apps-src/space_rescue/space_rescue.py""}","{""pyxel_shooter"":""0f53e4156907eac41080a8f289e22c89365b3239517c754cf59a51af201d5563"",""space_rescue"":""f3b0ab6784ae558e64f06a3f0a704e53f107a130aa3d43357659d0850131e461""}",bf13ac8a321b51a3067efc69b5c59b3d7ba54947b4c4c23371f73de0ecaf5a2a
2,114,formal-highfps-affinity-v1__colocation__pyxel_jump+pyxel_platformer+space_rescue__r01,formal-highfps-affinity-v1,colocation-main,train,colocation,"[""pyxel_jump"",""pyxel_platformer"",""space_rescue""]",pyxel_jump,"[""pyxel_platformer"",""space_rescue""]",pyxel_jump+pyxel_platformer+space_rescue,pyxel_jump+pyxel_platformer+space_rescue__r01,,,,1,15477863439223556564,10,30,1,10,windows-rtx4060,0,0,grid_2x2,true,80,5930e8a2f36dfdbf730e9b1c45870f1d5e83007b60ca0adf3f18f46bd5fc6d94,d294a5d8602837dbe32307d6c70879f62902956d,data/raw/formal-highfps-affinity-v1/formal-highfps-affinity-v1__colocation__pyxel_jump+pyxel_platformer+space_rescue__r01,"{""pyxel_jump"":""games/pyxel/02_jump_game.py"",""pyxel_platformer"":""games/pyxel/10_platformer.py"",""space_rescue"":""games/pyxel/apps-src/space_rescue/space_rescue.py""}","{""pyxel_jump"":""4743a825f1c9cae7e049ac52115f4ecf83350db546c00745a54af187d7bc2e46"",""pyxel_platformer"":""1b2c75b49dc9ab0254fb4b724682a4787868814a38d2f08920720dc5b6007ac5"",""space_rescue"":""f3b0ab6784ae558e64f06a3f0a704e53f107a130aa3d43357659d0850131e461""}",baed36feebeb09e1d0eb117bb2e066b13057927e5f41966212d630964d078911
2,115,formal-highfps-affinity-v1__extra__mega_wing+pyxel_shooter+pyxel_snake+space_rescue__r02,formal-highfps-affinity-v1,colocation-extra-test,extra_test,extra_test,"[""mega_wing"",""pyxel_shooter"",""pyxel_snake"",""space_rescue""]",mega_wing,"[""pyxel_shooter"",""pyxel_snake"",""space_rescue""]",mega_wing+pyxel_shooter+pyxel_snake+space_rescue,mega_wing+pyxel_shooter+pyxel_snake+space_rescue__r02,,,,2,2237034306085882399,10,30,1,10,windows-rtx4060,0,0,grid_2x2,true,80,5930e8a2f36dfdbf730e9b1c45870f1d5e83007b60ca0adf3f18f46bd5fc6d94,d294a5d8602837dbe32307d6c70879f62902956d,data/raw/formal-highfps-affinity-v1/formal-highfps-affinity-v1__extra__mega_wing+pyxel_shooter+pyxel_snake+space_rescue__r02,"{""mega_wing"":""games/pyxel/apps-src/mega_wing/mega_wing.py"",""pyxel_shooter"":""games/pyxel/09_shooter.py"",""pyxel_snake"":""games/pyxel/07_snake.py"",""space_rescue"":""games/pyxel/apps-src/space_rescue/space_rescue.py""}","{""mega_wing"":""86bad6c02a303806c58137503739241dc6b1e86695f7c0dbf672b5e1a1464e9f"",""pyxel_shooter"":""0f53e4156907eac41080a8f289e22c89365b3239517c754cf59a51af201d5563"",""pyxel_snake"":""bc533fef92d1d358e570f69d979919fe5c1cd8c4da49841104b49a1e661a5ac3"",""space_rescue"":""f3b0ab6784ae558e64f06a3f0a704e53f107a130aa3d43357659d0850131e461""}",762f391341005f67a027b1cc1c34a146562194d2275cac93f46df223493cb4e7
2,116,formal-highfps-affinity-v1__solo__mega_wing__r01,formal-highfps-affinity-v1,solo,not_applicable,solo,"[""mega_wing""]",mega_wing,[],,,,,,1,1500800984451425268,10,30,1,10,windows-rtx4060,0,0,grid_2x2,true,80,5930e8a2f36dfdbf730e9b1c45870f1d5e83007b60ca0adf3f18f46bd5fc6d94,d294a5d8602837dbe32307d6c70879f62902956d,data/raw/formal-highfps-affinity-v1/formal-highfps-affinity-v1__solo__mega_wing__r01,"{""mega_wing"":""games/pyxel/apps-src/mega_wing/mega_wing.py""}","{""mega_wing"":""86bad6c02a303806c58137503739241dc6b1e86695f7c0dbf672b5e1a1464e9f""}",cf9087664bfdf8b6f48f51a8ee642407e07b393ca4200d24929a216187cd70c0
2,117,formal-highfps-affinity-v1__colocation__daylight+mega_wing+pyxel_jump__r02,formal-highfps-affinity-v1,colocation-main,train,colocation,"[""daylight"",""mega_wing"",""pyxel_jump""]",daylight,"[""mega_wing"",""pyxel_jump""]",daylight+mega_wing+pyxel_jump,daylight+mega_wing+pyxel_jump__r02,,,,2,7222004332748656175,10,30,1,10,windows-rtx4060,0,0,grid_2x2,true,80,5930e8a2f36dfdbf730e9b1c45870f1d5e83007b60ca0adf3f18f46bd5fc6d94,d294a5d8602837dbe32307d6c70879f62902956d,data/raw/formal-highfps-affinity-v1/formal-highfps-affinity-v1__colocation__daylight+mega_wing+pyxel_jump__r02,"{""daylight"":""games/pyxel/apps-src/30SecondsOfDaylight/src/main.py"",""mega_wing"":""games/pyxel/apps-src/mega_wing/mega_wing.py"",""pyxel_jump"":""games/pyxel/02_jump_game.py""}","{""daylight"":""21a365375249e9d7ea05e78dcfe040f09cc1f0c66bd410bae084190c743a028f"",""mega_wing"":""86bad6c02a303806c58137503739241dc6b1e86695f7c0dbf672b5e1a1464e9f"",""pyxel_jump"":""4743a825f1c9cae7e049ac52115f4ecf83350db546c00745a54af187d7bc2e46""}",97b5e0e370f6964fdb25cdeaced4ee01a413f036913c605454d808f76597f274
2,118,formal-highfps-affinity-v1__colocation__daylight+mega_wing+pyxel_snake__r02,formal-highfps-affinity-v1,colocation-main,train,colocation,"[""daylight"",""mega_wing"",""pyxel_snake""]",daylight,"[""mega_wing"",""pyxel_snake""]",daylight+mega_wing+pyxel_snake,daylight+mega_wing+pyxel_snake__r02,,,,2,16449235478986671915,10,30,1,10,windows-rtx4060,0,0,grid_2x2,true,80,5930e8a2f36dfdbf730e9b1c45870f1d5e83007b60ca0adf3f18f46bd5fc6d94,d294a5d8602837dbe32307d6c70879f62902956d,data/raw/formal-highfps-affinity-v1/formal-highfps-affinity-v1__colocation__daylight+mega_wing+pyxel_snake__r02,"{""daylight"":""games/pyxel/apps-src/30SecondsOfDaylight/src/main.py"",""mega_wing"":""games/pyxel/apps-src/mega_wing/mega_wing.py"",""pyxel_snake"":""games/pyxel/07_snake.py""}","{""daylight"":""21a365375249e9d7ea05e78dcfe040f09cc1f0c66bd410bae084190c743a028f"",""mega_wing"":""86bad6c02a303806c58137503739241dc6b1e86695f7c0dbf672b5e1a1464e9f"",""pyxel_snake"":""bc533fef92d1d358e570f69d979919fe5c1cd8c4da49841104b49a1e661a5ac3""}",6b80bf9ea7dc474bc2dbd90091e976ac9f942dc370d466473095bf06492f8ba4
2,119,formal-highfps-affinity-v1__colocation__mega_wing+pyxel_bubbles__r03,formal-highfps-affinity-v1,colocation-main,test,colocation,"[""mega_wing"",""pyxel_bubbles""]",mega_wing,"[""pyxel_bubbles""]",mega_wing+pyxel_bubbles,mega_wing+pyxel_bubbles__r03,,,,3,3866551881507876657,10,30,1,10,windows-rtx4060,0,0,grid_2x2,true,80,5930e8a2f36dfdbf730e9b1c45870f1d5e83007b60ca0adf3f18f46bd5fc6d94,d294a5d8602837dbe32307d6c70879f62902956d,data/raw/formal-highfps-affinity-v1/formal-highfps-affinity-v1__colocation__mega_wing+pyxel_bubbles__r03,"{""mega_wing"":""games/pyxel/apps-src/mega_wing/mega_wing.py"",""pyxel_bubbles"":""games/pyxel/06_click_game.py""}","{""mega_wing"":""86bad6c02a303806c58137503739241dc6b1e86695f7c0dbf672b5e1a1464e9f"",""pyxel_bubbles"":""54c101e90bdaed839ac4c4284494530d5df37a5819a35f1e41eebb0b3da5d900""}",9530430435b9d242dd0e563f3a95e9f7da20322107ad6126ad308695e4fe5d51
2,120,formal-highfps-affinity-v1__colocation__pyxel_jump+pyxel_platformer__r01,formal-highfps-affinity-v1,colocation-main,train,colocation,"[""pyxel_jump"",""pyxel_platformer""]",pyxel_jump,"[""pyxel_platformer""]",pyxel_jump+pyxel_platformer,pyxel_jump+pyxel_platformer__r01,,,,1,2222832000482788960,10,30,1,10,windows-rtx4060,0,0,grid_2x2,true,80,5930e8a2f36dfdbf730e9b1c45870f1d5e83007b60ca0adf3f18f46bd5fc6d94,d294a5d8602837dbe32307d6c70879f62902956d,data/raw/formal-highfps-affinity-v1/formal-highfps-affinity-v1__colocation__pyxel_jump+pyxel_platformer__r01,"{""pyxel_jump"":""games/pyxel/02_jump_game.py"",""pyxel_platformer"":""games/pyxel/10_platformer.py""}","{""pyxel_jump"":""4743a825f1c9cae7e049ac52115f4ecf83350db546c00745a54af187d7bc2e46"",""pyxel_platformer"":""1b2c75b49dc9ab0254fb4b724682a4787868814a38d2f08920720dc5b6007ac5""}",0e947e48b2cc397791a13271174b2ffeda8d542e13be640c1c214438973075b6
2,121,formal-highfps-affinity-v1__colocation__daylight+mega_wing+space_rescue__r01,formal-highfps-affinity-v1,colocation-main,train,colocation,"[""daylight"",""mega_wing"",""space_rescue""]",daylight,"[""mega_wing"",""space_rescue""]",daylight+mega_wing+space_rescue,daylight+mega_wing+space_rescue__r01,,,,1,15957915614535664156,10,30,1,10,windows-rtx4060,0,0,grid_2x2,true,80,5930e8a2f36dfdbf730e9b1c45870f1d5e83007b60ca0adf3f18f46bd5fc6d94,d294a5d8602837dbe32307d6c70879f62902956d,data/raw/formal-highfps-affinity-v1/formal-highfps-affinity-v1__colocation__daylight+mega_wing+space_rescue__r01,"{""daylight"":""games/pyxel/apps-src/30SecondsOfDaylight/src/main.py"",""mega_wing"":""games/pyxel/apps-src/mega_wing/mega_wing.py"",""space_rescue"":""games/pyxel/apps-src/space_rescue/space_rescue.py""}","{""daylight"":""21a365375249e9d7ea05e78dcfe040f09cc1f0c66bd410bae084190c743a028f"",""mega_wing"":""86bad6c02a303806c58137503739241dc6b1e86695f7c0dbf672b5e1a1464e9f"",""space_rescue"":""f3b0ab6784ae558e64f06a3f0a704e53f107a130aa3d43357659d0850131e461""}",4c68e4e527389f0b92f47e487dd8e69ecdcd19655c20db51dfbdfa5e2fb0065c
2,122,formal-highfps-affinity-v1__colocation__pyxel_jump+pyxel_shooter+space_rescue__r01,formal-highfps-affinity-v1,colocation-main,validation,colocation,"[""pyxel_jump"",""pyxel_shooter"",""space_rescue""]",pyxel_jump,"[""pyxel_shooter"",""space_rescue""]",pyxel_jump+pyxel_shooter+space_rescue,pyxel_jump+pyxel_shooter+space_rescue__r01,,,,1,10585855373280229993,10,30,1,10,windows-rtx4060,0,0,grid_2x2,true,80,5930e8a2f36dfdbf730e9b1c45870f1d5e83007b60ca0adf3f18f46bd5fc6d94,d294a5d8602837dbe32307d6c70879f62902956d,data/raw/formal-highfps-affinity-v1/formal-highfps-affinity-v1__colocation__pyxel_jump+pyxel_shooter+space_rescue__r01,"{""pyxel_jump"":""games/pyxel/02_jump_game.py"",""pyxel_shooter"":""games/pyxel/09_shooter.py"",""space_rescue"":""games/pyxel/apps-src/space_rescue/space_rescue.py""}","{""pyxel_jump"":""4743a825f1c9cae7e049ac52115f4ecf83350db546c00745a54af187d7bc2e46"",""pyxel_shooter"":""0f53e4156907eac41080a8f289e22c89365b3239517c754cf59a51af201d5563"",""space_rescue"":""f3b0ab6784ae558e64f06a3f0a704e53f107a130aa3d43357659d0850131e461""}",17e282cbac0cf43521c74f63b383699d0afe248da2c6a8dc03678b0b74d9f48d
2,123,formal-highfps-affinity-v1__colocation__daylight+pyxel_snake__r03,formal-highfps-affinity-v1,colocation-main,train,colocation,"[""daylight"",""pyxel_snake""]",daylight,"[""pyxel_snake""]",daylight+pyxel_snake,daylight+pyxel_snake__r03,,,,3,7978178955031978726,10,30,1,10,windows-rtx4060,0,0,grid_2x2,true,80,5930e8a2f36dfdbf730e9b1c45870f1d5e83007b60ca0adf3f18f46bd5fc6d94,d294a5d8602837dbe32307d6c70879f62902956d,data/raw/formal-highfps-affinity-v1/formal-highfps-affinity-v1__colocation__daylight+pyxel_snake__r03,"{""daylight"":""games/pyxel/apps-src/30SecondsOfDaylight/src/main.py"",""pyxel_snake"":""games/pyxel/07_snake.py""}","{""daylight"":""21a365375249e9d7ea05e78dcfe040f09cc1f0c66bd410bae084190c743a028f"",""pyxel_snake"":""bc533fef92d1d358e570f69d979919fe5c1cd8c4da49841104b49a1e661a5ac3""}",51ebffe2d4d8565bd8984371be6d8391e5de7b8c41f78c80189b7dcab928f911
2,124,formal-highfps-affinity-v1__colocation__mega_wing+pyxel_platformer__r01,formal-highfps-affinity-v1,colocation-main,test,colocation,"[""mega_wing"",""pyxel_platformer""]",mega_wing,"[""pyxel_platformer""]",mega_wing+pyxel_platformer,mega_wing+pyxel_platformer__r01,,,,1,9144383866124476024,10,30,1,10,windows-rtx4060,0,0,grid_2x2,true,80,5930e8a2f36dfdbf730e9b1c45870f1d5e83007b60ca0adf3f18f46bd5fc6d94,d294a5d8602837dbe32307d6c70879f62902956d,data/raw/formal-highfps-affinity-v1/formal-highfps-affinity-v1__colocation__mega_wing+pyxel_platformer__r01,"{""mega_wing"":""games/pyxel/apps-src/mega_wing/mega_wing.py"",""pyxel_platformer"":""games/pyxel/10_platformer.py""}","{""mega_wing"":""86bad6c02a303806c58137503739241dc6b1e86695f7c0dbf672b5e1a1464e9f"",""pyxel_platformer"":""1b2c75b49dc9ab0254fb4b724682a4787868814a38d2f08920720dc5b6007ac5""}",4ebed751cc9b703a9658541e91e1c2ed9a7f4dce131621bd2d95cb7272233209
2,125,formal-highfps-affinity-v1__colocation__mega_wing+pyxel_bubbles+pyxel_jump__r01,formal-highfps-affinity-v1,colocation-main,train,colocation,"[""mega_wing"",""pyxel_bubbles"",""pyxel_jump""]",mega_wing,"[""pyxel_bubbles"",""pyxel_jump""]",mega_wing+pyxel_bubbles+pyxel_jump,mega_wing+pyxel_bubbles+pyxel_jump__r01,,,,1,12568386172004482002,10,30,1,10,windows-rtx4060,0,0,grid_2x2,true,80,5930e8a2f36dfdbf730e9b1c45870f1d5e83007b60ca0adf3f18f46bd5fc6d94,d294a5d8602837dbe32307d6c70879f62902956d,data/raw/formal-highfps-affinity-v1/formal-highfps-affinity-v1__colocation__mega_wing+pyxel_bubbles+pyxel_jump__r01,"{""mega_wing"":""games/pyxel/apps-src/mega_wing/mega_wing.py"",""pyxel_bubbles"":""games/pyxel/06_click_game.py"",""pyxel_jump"":""games/pyxel/02_jump_game.py""}","{""mega_wing"":""86bad6c02a303806c58137503739241dc6b1e86695f7c0dbf672b5e1a1464e9f"",""pyxel_bubbles"":""54c101e90bdaed839ac4c4284494530d5df37a5819a35f1e41eebb0b3da5d900"",""pyxel_jump"":""4743a825f1c9cae7e049ac52115f4ecf83350db546c00745a54af187d7bc2e46""}",a4e9dfdc07a716977e5cecf901d8bc98e71c5ffa4bf388d30c608ae64c23a5ab
2,126,formal-highfps-affinity-v1__colocation__pyxel_platformer+space_rescue__r03,formal-highfps-affinity-v1,colocation-main,train,colocation,"[""pyxel_platformer"",""space_rescue""]",pyxel_platformer,"[""space_rescue""]",pyxel_platformer+space_rescue,pyxel_platformer+space_rescue__r03,,,,3,12216575843737977223,10,30,1,10,windows-rtx4060,0,0,grid_2x2,true,80,5930e8a2f36dfdbf730e9b1c45870f1d5e83007b60ca0adf3f18f46bd5fc6d94,d294a5d8602837dbe32307d6c70879f62902956d,data/raw/formal-highfps-affinity-v1/formal-highfps-affinity-v1__colocation__pyxel_platformer+space_rescue__r03,"{""pyxel_platformer"":""games/pyxel/10_platformer.py"",""space_rescue"":""games/pyxel/apps-src/space_rescue/space_rescue.py""}","{""pyxel_platformer"":""1b2c75b49dc9ab0254fb4b724682a4787868814a38d2f08920720dc5b6007ac5"",""space_rescue"":""f3b0ab6784ae558e64f06a3f0a704e53f107a130aa3d43357659d0850131e461""}",8c565c6dcb5d1501a12519ff43c075998c8367c7c426da475263ddc6edf341e5
2,127,formal-highfps-affinity-v1__colocation__pyxel_platformer+pyxel_snake+space_rescue__r01,formal-highfps-affinity-v1,colocation-main,validation,colocation,"[""pyxel_platformer"",""pyxel_snake"",""space_rescue""]",pyxel_platformer,"[""pyxel_snake"",""space_rescue""]",pyxel_platformer+pyxel_snake+space_rescue,pyxel_platformer+pyxel_snake+space_rescue__r01,,,,1,166779263219510929,10,30,1,10,windows-rtx4060,0,0,grid_2x2,true,80,5930e8a2f36dfdbf730e9b1c45870f1d5e83007b60ca0adf3f18f46bd5fc6d94,d294a5d8602837dbe32307d6c70879f62902956d,data/raw/formal-highfps-affinity-v1/formal-highfps-affinity-v1__colocation__pyxel_platformer+pyxel_snake+space_rescue__r01,"{""pyxel_platformer"":""games/pyxel/10_platformer.py"",""pyxel_snake"":""games/pyxel/07_snake.py"",""space_rescue"":""games/pyxel/apps-src/space_rescue/space_rescue.py""}","{""pyxel_platformer"":""1b2c75b49dc9ab0254fb4b724682a4787868814a38d2f08920720dc5b6007ac5"",""pyxel_snake"":""bc533fef92d1d358e570f69d979919fe5c1cd8c4da49841104b49a1e661a5ac3"",""space_rescue"":""f3b0ab6784ae558e64f06a3f0a704e53f107a130aa3d43357659d0850131e461""}",254e766e0330db4adbe19dd295a28589f89aa707c55c9e22d1989083b5c8bc2b
2,128,formal-highfps-affinity-v1__colocation__pyxel_bubbles+pyxel_jump+pyxel_snake__r02,formal-highfps-affinity-v1,colocation-main,train,colocation,"[""pyxel_bubbles"",""pyxel_jump"",""pyxel_snake""]",pyxel_bubbles,"[""pyxel_jump"",""pyxel_snake""]",pyxel_bubbles+pyxel_jump+pyxel_snake,pyxel_bubbles+pyxel_jump+pyxel_snake__r02,,,,2,18007583804090981825,10,30,1,10,windows-rtx4060,0,0,grid_2x2,true,80,5930e8a2f36dfdbf730e9b1c45870f1d5e83007b60ca0adf3f18f46bd5fc6d94,d294a5d8602837dbe32307d6c70879f62902956d,data/raw/formal-highfps-affinity-v1/formal-highfps-affinity-v1__colocation__pyxel_bubbles+pyxel_jump+pyxel_snake__r02,"{""pyxel_bubbles"":""games/pyxel/06_click_game.py"",""pyxel_jump"":""games/pyxel/02_jump_game.py"",""pyxel_snake"":""games/pyxel/07_snake.py""}","{""pyxel_bubbles"":""54c101e90bdaed839ac4c4284494530d5df37a5819a35f1e41eebb0b3da5d900"",""pyxel_jump"":""4743a825f1c9cae7e049ac52115f4ecf83350db546c00745a54af187d7bc2e46"",""pyxel_snake"":""bc533fef92d1d358e570f69d979919fe5c1cd8c4da49841104b49a1e661a5ac3""}",18d6d09c4a45c2abda28bd3fc6634df761c9e46de03098ac9bd1b09847f39599
2,129,formal-highfps-affinity-v1__colocation__pyxel_shooter+pyxel_snake+space_rescue__r01,formal-highfps-affinity-v1,colocation-main,validation,colocation,"[""pyxel_shooter"",""pyxel_snake"",""space_rescue""]",pyxel_shooter,"[""pyxel_snake"",""space_rescue""]",pyxel_shooter+pyxel_snake+space_rescue,pyxel_shooter+pyxel_snake+space_rescue__r01,,,,1,6654188469517042076,10,30,1,10,windows-rtx4060,0,0,grid_2x2,true,80,5930e8a2f36dfdbf730e9b1c45870f1d5e83007b60ca0adf3f18f46bd5fc6d94,d294a5d8602837dbe32307d6c70879f62902956d,data/raw/formal-highfps-affinity-v1/formal-highfps-affinity-v1__colocation__pyxel_shooter+pyxel_snake+space_rescue__r01,"{""pyxel_shooter"":""games/pyxel/09_shooter.py"",""pyxel_snake"":""games/pyxel/07_snake.py"",""space_rescue"":""games/pyxel/apps-src/space_rescue/space_rescue.py""}","{""pyxel_shooter"":""0f53e4156907eac41080a8f289e22c89365b3239517c754cf59a51af201d5563"",""pyxel_snake"":""bc533fef92d1d358e570f69d979919fe5c1cd8c4da49841104b49a1e661a5ac3"",""space_rescue"":""f3b0ab6784ae558e64f06a3f0a704e53f107a130aa3d43357659d0850131e461""}",c6f90d8a3656b53796ef9c0d107a2a4fbef947d19913044f1c7e335bc17d9fb2
2,130,formal-highfps-affinity-v1__colocation__mega_wing+pyxel_jump+pyxel_platformer__r01,formal-highfps-affinity-v1,colocation-main,train,colocation,"[""mega_wing"",""pyxel_jump"",""pyxel_platformer""]",mega_wing,"[""pyxel_jump"",""pyxel_platformer""]",mega_wing+pyxel_jump+pyxel_platformer,mega_wing+pyxel_jump+pyxel_platformer__r01,,,,1,7191685246271050818,10,30,1,10,windows-rtx4060,0,0,grid_2x2,true,80,5930e8a2f36dfdbf730e9b1c45870f1d5e83007b60ca0adf3f18f46bd5fc6d94,d294a5d8602837dbe32307d6c70879f62902956d,data/raw/formal-highfps-affinity-v1/formal-highfps-affinity-v1__colocation__mega_wing+pyxel_jump+pyxel_platformer__r01,"{""mega_wing"":""games/pyxel/apps-src/mega_wing/mega_wing.py"",""pyxel_jump"":""games/pyxel/02_jump_game.py"",""pyxel_platformer"":""games/pyxel/10_platformer.py""}","{""mega_wing"":""86bad6c02a303806c58137503739241dc6b1e86695f7c0dbf672b5e1a1464e9f"",""pyxel_jump"":""4743a825f1c9cae7e049ac52115f4ecf83350db546c00745a54af187d7bc2e46"",""pyxel_platformer"":""1b2c75b49dc9ab0254fb4b724682a4787868814a38d2f08920720dc5b6007ac5""}",36699d5f97a6bca35e5bf9b74541370d87727553b62e66eafa6d58d571eb3bc1
2,131,formal-highfps-affinity-v1__colocation__daylight+pyxel_jump+pyxel_shooter__r02,formal-highfps-affinity-v1,colocation-main,train,colocation,"[""daylight"",""pyxel_jump"",""pyxel_shooter""]",daylight,"[""pyxel_jump"",""pyxel_shooter""]",daylight+pyxel_jump+pyxel_shooter,daylight+pyxel_jump+pyxel_shooter__r02,,,,2,2064611591229211055,10,30,1,10,windows-rtx4060,0,0,grid_2x2,true,80,5930e8a2f36dfdbf730e9b1c45870f1d5e83007b60ca0adf3f18f46bd5fc6d94,d294a5d8602837dbe32307d6c70879f62902956d,data/raw/formal-highfps-affinity-v1/formal-highfps-affinity-v1__colocation__daylight+pyxel_jump+pyxel_shooter__r02,"{""daylight"":""games/pyxel/apps-src/30SecondsOfDaylight/src/main.py"",""pyxel_jump"":""games/pyxel/02_jump_game.py"",""pyxel_shooter"":""games/pyxel/09_shooter.py""}","{""daylight"":""21a365375249e9d7ea05e78dcfe040f09cc1f0c66bd410bae084190c743a028f"",""pyxel_jump"":""4743a825f1c9cae7e049ac52115f4ecf83350db546c00745a54af187d7bc2e46"",""pyxel_shooter"":""0f53e4156907eac41080a8f289e22c89365b3239517c754cf59a51af201d5563""}",3c5483941aec2e4e2e0d9eb2633c70b266c037ccbaf413abb9f375956e4f0438
2,132,formal-highfps-affinity-v1__colocation__pyxel_jump+pyxel_shooter__r01,formal-highfps-affinity-v1,colocation-main,train,colocation,"[""pyxel_jump"",""pyxel_shooter""]",pyxel_jump,"[""pyxel_shooter""]",pyxel_jump+pyxel_shooter,pyxel_jump+pyxel_shooter__r01,,,,1,11687499499354652478,10,30,1,10,windows-rtx4060,0,0,grid_2x2,true,80,5930e8a2f36dfdbf730e9b1c45870f1d5e83007b60ca0adf3f18f46bd5fc6d94,d294a5d8602837dbe32307d6c70879f62902956d,data/raw/formal-highfps-affinity-v1/formal-highfps-affinity-v1__colocation__pyxel_jump+pyxel_shooter__r01,"{""pyxel_jump"":""games/pyxel/02_jump_game.py"",""pyxel_shooter"":""games/pyxel/09_shooter.py""}","{""pyxel_jump"":""4743a825f1c9cae7e049ac52115f4ecf83350db546c00745a54af187d7bc2e46"",""pyxel_shooter"":""0f53e4156907eac41080a8f289e22c89365b3239517c754cf59a51af201d5563""}",fc1271eaaf37cfafd031dd5bf1535d62206332d99a24357ed97db7ae68fb63fd
2,133,formal-highfps-affinity-v1__colocation__daylight+pyxel_bubbles+pyxel_platformer__r03,formal-highfps-affinity-v1,colocation-main,test,colocation,"[""daylight"",""pyxel_bubbles"",""pyxel_platformer""]",daylight,"[""pyxel_bubbles"",""pyxel_platformer""]",daylight+pyxel_bubbles+pyxel_platformer,daylight+pyxel_bubbles+pyxel_platformer__r03,,,,3,12678075072709660838,10,30,1,10,windows-rtx4060,0,0,grid_2x2,true,80,5930e8a2f36dfdbf730e9b1c45870f1d5e83007b60ca0adf3f18f46bd5fc6d94,d294a5d8602837dbe32307d6c70879f62902956d,data/raw/formal-highfps-affinity-v1/formal-highfps-affinity-v1__colocation__daylight+pyxel_bubbles+pyxel_platformer__r03,"{""daylight"":""games/pyxel/apps-src/30SecondsOfDaylight/src/main.py"",""pyxel_bubbles"":""games/pyxel/06_click_game.py"",""pyxel_platformer"":""games/pyxel/10_platformer.py""}","{""daylight"":""21a365375249e9d7ea05e78dcfe040f09cc1f0c66bd410bae084190c743a028f"",""pyxel_bubbles"":""54c101e90bdaed839ac4c4284494530d5df37a5819a35f1e41eebb0b3da5d900"",""pyxel_platformer"":""1b2c75b49dc9ab0254fb4b724682a4787868814a38d2f08920720dc5b6007ac5""}",7d998d0dda0ccd68b3adaee1bcac39ab64562159bb6c5aacd47409ff5cca2998
2,134,formal-highfps-affinity-v1__colocation__daylight+mega_wing__r02,formal-highfps-affinity-v1,colocation-main,test,colocation,"[""daylight"",""mega_wing""]",daylight,"[""mega_wing""]",daylight+mega_wing,daylight+mega_wing__r02,,,,2,6551194622992065329,10,30,1,10,windows-rtx4060,0,0,grid_2x2,true,80,5930e8a2f36dfdbf730e9b1c45870f1d5e83007b60ca0adf3f18f46bd5fc6d94,d294a5d8602837dbe32307d6c70879f62902956d,data/raw/formal-highfps-affinity-v1/formal-highfps-affinity-v1__colocation__daylight+mega_wing__r02,"{""daylight"":""games/pyxel/apps-src/30SecondsOfDaylight/src/main.py"",""mega_wing"":""games/pyxel/apps-src/mega_wing/mega_wing.py""}","{""daylight"":""21a365375249e9d7ea05e78dcfe040f09cc1f0c66bd410bae084190c743a028f"",""mega_wing"":""86bad6c02a303806c58137503739241dc6b1e86695f7c0dbf672b5e1a1464e9f""}",892a84b84186cb586926de4b23b5f28b4c6fd9e21f2fdd2a00fa337118a9aec1
2,135,formal-highfps-affinity-v1__solo__pyxel_shooter__r01,formal-highfps-affinity-v1,solo,not_applicable,solo,"[""pyxel_shooter""]",pyxel_shooter,[],,,,,,1,3277195567229385787,10,30,1,10,windows-rtx4060,0,0,grid_2x2,true,80,5930e8a2f36dfdbf730e9b1c45870f1d5e83007b60ca0adf3f18f46bd5fc6d94,d294a5d8602837dbe32307d6c70879f62902956d,data/raw/formal-highfps-affinity-v1/formal-highfps-affinity-v1__solo__pyxel_shooter__r01,"{""pyxel_shooter"":""games/pyxel/09_shooter.py""}","{""pyxel_shooter"":""0f53e4156907eac41080a8f289e22c89365b3239517c754cf59a51af201d5563""}",4445216da87c102341d04478add32385b062ba3b725d9367e0daed5df9ec745b
2,136,formal-highfps-affinity-v1__colocation__pyxel_snake+space_rescue__r02,formal-highfps-affinity-v1,colocation-main,train,colocation,"[""pyxel_snake"",""space_rescue""]",pyxel_snake,"[""space_rescue""]",pyxel_snake+space_rescue,pyxel_snake+space_rescue__r02,,,,2,812211289709381654,10,30,1,10,windows-rtx4060,0,0,grid_2x2,true,80,5930e8a2f36dfdbf730e9b1c45870f1d5e83007b60ca0adf3f18f46bd5fc6d94,d294a5d8602837dbe32307d6c70879f62902956d,data/raw/formal-highfps-affinity-v1/formal-highfps-affinity-v1__colocation__pyxel_snake+space_rescue__r02,"{""pyxel_snake"":""games/pyxel/07_snake.py"",""space_rescue"":""games/pyxel/apps-src/space_rescue/space_rescue.py""}","{""pyxel_snake"":""bc533fef92d1d358e570f69d979919fe5c1cd8c4da49841104b49a1e661a5ac3"",""space_rescue"":""f3b0ab6784ae558e64f06a3f0a704e53f107a130aa3d43357659d0850131e461""}",1ce50ca983b09b7d86d66d7f32b7e5577d80a0da47bc13eafa4bdd2acce22eb2
2,137,formal-highfps-affinity-v1__colocation__mega_wing+pyxel_bubbles__r02,formal-highfps-affinity-v1,colocation-main,test,colocation,"[""mega_wing"",""pyxel_bubbles""]",mega_wing,"[""pyxel_bubbles""]",mega_wing+pyxel_bubbles,mega_wing+pyxel_bubbles__r02,,,,2,17747459958470337110,10,30,1,10,windows-rtx4060,0,0,grid_2x2,true,80,5930e8a2f36dfdbf730e9b1c45870f1d5e83007b60ca0adf3f18f46bd5fc6d94,d294a5d8602837dbe32307d6c70879f62902956d,data/raw/formal-highfps-affinity-v1/formal-highfps-affinity-v1__colocation__mega_wing+pyxel_bubbles__r02,"{""mega_wing"":""games/pyxel/apps-src/mega_wing/mega_wing.py"",""pyxel_bubbles"":""games/pyxel/06_click_game.py""}","{""mega_wing"":""86bad6c02a303806c58137503739241dc6b1e86695f7c0dbf672b5e1a1464e9f"",""pyxel_bubbles"":""54c101e90bdaed839ac4c4284494530d5df37a5819a35f1e41eebb0b3da5d900""}",f8a1a5989d46cdc8d20ea1285b1b1214c7241ac2fe410bfbfa65c7901742ec69
2,138,formal-highfps-affinity-v1__colocation__daylight+mega_wing+pyxel_jump__r03,formal-highfps-affinity-v1,colocation-main,train,colocation,"[""daylight"",""mega_wing"",""pyxel_jump""]",daylight,"[""mega_wing"",""pyxel_jump""]",daylight+mega_wing+pyxel_jump,daylight+mega_wing+pyxel_jump__r03,,,,3,7795244758432961513,10,30,1,10,windows-rtx4060,0,0,grid_2x2,true,80,5930e8a2f36dfdbf730e9b1c45870f1d5e83007b60ca0adf3f18f46bd5fc6d94,d294a5d8602837dbe32307d6c70879f62902956d,data/raw/formal-highfps-affinity-v1/formal-highfps-affinity-v1__colocation__daylight+mega_wing+pyxel_jump__r03,"{""daylight"":""games/pyxel/apps-src/30SecondsOfDaylight/src/main.py"",""mega_wing"":""games/pyxel/apps-src/mega_wing/mega_wing.py"",""pyxel_jump"":""games/pyxel/02_jump_game.py""}","{""daylight"":""21a365375249e9d7ea05e78dcfe040f09cc1f0c66bd410bae084190c743a028f"",""mega_wing"":""86bad6c02a303806c58137503739241dc6b1e86695f7c0dbf672b5e1a1464e9f"",""pyxel_jump"":""4743a825f1c9cae7e049ac52115f4ecf83350db546c00745a54af187d7bc2e46""}",359379a9942ea9bdcc18e4d4af22d401be67a6a5f6e4f7899d243d630fba4f4e
2,139,formal-highfps-affinity-v1__extra__mega_wing+pyxel_bubbles+pyxel_jump+space_rescue__r03,formal-highfps-affinity-v1,colocation-extra-test,extra_test,extra_test,"[""mega_wing"",""pyxel_bubbles"",""pyxel_jump"",""space_rescue""]",mega_wing,"[""pyxel_bubbles"",""pyxel_jump"",""space_rescue""]",mega_wing+pyxel_bubbles+pyxel_jump+space_rescue,mega_wing+pyxel_bubbles+pyxel_jump+space_rescue__r03,,,,3,7783474005910821502,10,30,1,10,windows-rtx4060,0,0,grid_2x2,true,80,5930e8a2f36dfdbf730e9b1c45870f1d5e83007b60ca0adf3f18f46bd5fc6d94,d294a5d8602837dbe32307d6c70879f62902956d,data/raw/formal-highfps-affinity-v1/formal-highfps-affinity-v1__extra__mega_wing+pyxel_bubbles+pyxel_jump+space_rescue__r03,"{""mega_wing"":""games/pyxel/apps-src/mega_wing/mega_wing.py"",""pyxel_bubbles"":""games/pyxel/06_click_game.py"",""pyxel_jump"":""games/pyxel/02_jump_game.py"",""space_rescue"":""games/pyxel/apps-src/space_rescue/space_rescue.py""}","{""mega_wing"":""86bad6c02a303806c58137503739241dc6b1e86695f7c0dbf672b5e1a1464e9f"",""pyxel_bubbles"":""54c101e90bdaed839ac4c4284494530d5df37a5819a35f1e41eebb0b3da5d900"",""pyxel_jump"":""4743a825f1c9cae7e049ac52115f4ecf83350db546c00745a54af187d7bc2e46"",""space_rescue"":""f3b0ab6784ae558e64f06a3f0a704e53f107a130aa3d43357659d0850131e461""}",0e49bf205ee25672d2aebda0179fd039ccac41fa7e9d7a5232f3e8a543764e38
2,140,formal-highfps-affinity-v1__colocation__pyxel_platformer+space_rescue__r01,formal-highfps-affinity-v1,colocation-main,train,colocation,"[""pyxel_platformer"",""space_rescue""]",pyxel_platformer,"[""space_rescue""]",pyxel_platformer+space_rescue,pyxel_platformer+space_rescue__r01,,,,1,2131886455317589181,10,30,1,10,windows-rtx4060,0,0,grid_2x2,true,80,5930e8a2f36dfdbf730e9b1c45870f1d5e83007b60ca0adf3f18f46bd5fc6d94,d294a5d8602837dbe32307d6c70879f62902956d,data/raw/formal-highfps-affinity-v1/formal-highfps-affinity-v1__colocation__pyxel_platformer+space_rescue__r01,"{""pyxel_platformer"":""games/pyxel/10_platformer.py"",""space_rescue"":""games/pyxel/apps-src/space_rescue/space_rescue.py""}","{""pyxel_platformer"":""1b2c75b49dc9ab0254fb4b724682a4787868814a38d2f08920720dc5b6007ac5"",""space_rescue"":""f3b0ab6784ae558e64f06a3f0a704e53f107a130aa3d43357659d0850131e461""}",1598be1e3875ac72cac041f4d9720b3039e4c3a54d6a966e8c662c739af2420a
2,141,formal-highfps-affinity-v1__solo__mega_wing__r02,formal-highfps-affinity-v1,solo,not_applicable,solo,"[""mega_wing""]",mega_wing,[],,,,,,2,6782080090585756855,10,30,1,10,windows-rtx4060,0,0,grid_2x2,true,80,5930e8a2f36dfdbf730e9b1c45870f1d5e83007b60ca0adf3f18f46bd5fc6d94,d294a5d8602837dbe32307d6c70879f62902956d,data/raw/formal-highfps-affinity-v1/formal-highfps-affinity-v1__solo__mega_wing__r02,"{""mega_wing"":""games/pyxel/apps-src/mega_wing/mega_wing.py""}","{""mega_wing"":""86bad6c02a303806c58137503739241dc6b1e86695f7c0dbf672b5e1a1464e9f""}",2a411d431e7bf4baaf2db74642168d6a11fc4e7d28f42c500c938239c71db129
2,142,formal-highfps-affinity-v1__colocation__daylight+pyxel_jump__r02,formal-highfps-affinity-v1,colocation-main,test,colocation,"[""daylight"",""pyxel_jump""]",daylight,"[""pyxel_jump""]",daylight+pyxel_jump,daylight+pyxel_jump__r02,,,,2,9029325478432763297,10,30,1,10,windows-rtx4060,0,0,grid_2x2,true,80,5930e8a2f36dfdbf730e9b1c45870f1d5e83007b60ca0adf3f18f46bd5fc6d94,d294a5d8602837dbe32307d6c70879f62902956d,data/raw/formal-highfps-affinity-v1/formal-highfps-affinity-v1__colocation__daylight+pyxel_jump__r02,"{""daylight"":""games/pyxel/apps-src/30SecondsOfDaylight/src/main.py"",""pyxel_jump"":""games/pyxel/02_jump_game.py""}","{""daylight"":""21a365375249e9d7ea05e78dcfe040f09cc1f0c66bd410bae084190c743a028f"",""pyxel_jump"":""4743a825f1c9cae7e049ac52115f4ecf83350db546c00745a54af187d7bc2e46""}",accf033219de262a1c35618acc818a6f87453b32784012a7f5b6562625ac9fa5
2,143,formal-highfps-affinity-v1__colocation__mega_wing+space_rescue__r03,formal-highfps-affinity-v1,colocation-main,validation,colocation,"[""mega_wing"",""space_rescue""]",mega_wing,"[""space_rescue""]",mega_wing+space_rescue,mega_wing+space_rescue__r03,,,,3,11531573012873339119,10,30,1,10,windows-rtx4060,0,0,grid_2x2,true,80,5930e8a2f36dfdbf730e9b1c45870f1d5e83007b60ca0adf3f18f46bd5fc6d94,d294a5d8602837dbe32307d6c70879f62902956d,data/raw/formal-highfps-affinity-v1/formal-highfps-affinity-v1__colocation__mega_wing+space_rescue__r03,"{""mega_wing"":""games/pyxel/apps-src/mega_wing/mega_wing.py"",""space_rescue"":""games/pyxel/apps-src/space_rescue/space_rescue.py""}","{""mega_wing"":""86bad6c02a303806c58137503739241dc6b1e86695f7c0dbf672b5e1a1464e9f"",""space_rescue"":""f3b0ab6784ae558e64f06a3f0a704e53f107a130aa3d43357659d0850131e461""}",c52eeb311734f93734b56110d473b90c6a0d645328f75f563dfb8afacc56b76b
2,144,formal-highfps-affinity-v1__colocation__mega_wing+pyxel_platformer__r02,formal-highfps-affinity-v1,colocation-main,test,colocation,"[""mega_wing"",""pyxel_platformer""]",mega_wing,"[""pyxel_platformer""]",mega_wing+pyxel_platformer,mega_wing+pyxel_platformer__r02,,,,2,1539321592536955873,10,30,1,10,windows-rtx4060,0,0,grid_2x2,true,80,5930e8a2f36dfdbf730e9b1c45870f1d5e83007b60ca0adf3f18f46bd5fc6d94,d294a5d8602837dbe32307d6c70879f62902956d,data/raw/formal-highfps-affinity-v1/formal-highfps-affinity-v1__colocation__mega_wing+pyxel_platformer__r02,"{""mega_wing"":""games/pyxel/apps-src/mega_wing/mega_wing.py"",""pyxel_platformer"":""games/pyxel/10_platformer.py""}","{""mega_wing"":""86bad6c02a303806c58137503739241dc6b1e86695f7c0dbf672b5e1a1464e9f"",""pyxel_platformer"":""1b2c75b49dc9ab0254fb4b724682a4787868814a38d2f08920720dc5b6007ac5""}",8c196bd90282f01d6185f613317c6432c741760a28f3d12060a65611779cf942
2,145,formal-highfps-affinity-v1__extra__daylight+pyxel_jump+pyxel_snake+space_rescue__r01,formal-highfps-affinity-v1,colocation-extra-test,extra_test,extra_test,"[""daylight"",""pyxel_jump"",""pyxel_snake"",""space_rescue""]",daylight,"[""pyxel_jump"",""pyxel_snake"",""space_rescue""]",daylight+pyxel_jump+pyxel_snake+space_rescue,daylight+pyxel_jump+pyxel_snake+space_rescue__r01,,,,1,9777641872591028060,10,30,1,10,windows-rtx4060,0,0,grid_2x2,true,80,5930e8a2f36dfdbf730e9b1c45870f1d5e83007b60ca0adf3f18f46bd5fc6d94,d294a5d8602837dbe32307d6c70879f62902956d,data/raw/formal-highfps-affinity-v1/formal-highfps-affinity-v1__extra__daylight+pyxel_jump+pyxel_snake+space_rescue__r01,"{""daylight"":""games/pyxel/apps-src/30SecondsOfDaylight/src/main.py"",""pyxel_jump"":""games/pyxel/02_jump_game.py"",""pyxel_snake"":""games/pyxel/07_snake.py"",""space_rescue"":""games/pyxel/apps-src/space_rescue/space_rescue.py""}","{""daylight"":""21a365375249e9d7ea05e78dcfe040f09cc1f0c66bd410bae084190c743a028f"",""pyxel_jump"":""4743a825f1c9cae7e049ac52115f4ecf83350db546c00745a54af187d7bc2e46"",""pyxel_snake"":""bc533fef92d1d358e570f69d979919fe5c1cd8c4da49841104b49a1e661a5ac3"",""space_rescue"":""f3b0ab6784ae558e64f06a3f0a704e53f107a130aa3d43357659d0850131e461""}",65a7f90e43e77eb2c4819a3bb070d30ccd7ac7a05285f23e1619a441cd67d89d
2,146,formal-highfps-affinity-v1__colocation__daylight+pyxel_bubbles+pyxel_jump__r01,formal-highfps-affinity-v1,colocation-main,test,colocation,"[""daylight"",""pyxel_bubbles"",""pyxel_jump""]",daylight,"[""pyxel_bubbles"",""pyxel_jump""]",daylight+pyxel_bubbles+pyxel_jump,daylight+pyxel_bubbles+pyxel_jump__r01,,,,1,10034402020970911095,10,30,1,10,windows-rtx4060,0,0,grid_2x2,true,80,5930e8a2f36dfdbf730e9b1c45870f1d5e83007b60ca0adf3f18f46bd5fc6d94,d294a5d8602837dbe32307d6c70879f62902956d,data/raw/formal-highfps-affinity-v1/formal-highfps-affinity-v1__colocation__daylight+pyxel_bubbles+pyxel_jump__r01,"{""daylight"":""games/pyxel/apps-src/30SecondsOfDaylight/src/main.py"",""pyxel_bubbles"":""games/pyxel/06_click_game.py"",""pyxel_jump"":""games/pyxel/02_jump_game.py""}","{""daylight"":""21a365375249e9d7ea05e78dcfe040f09cc1f0c66bd410bae084190c743a028f"",""pyxel_bubbles"":""54c101e90bdaed839ac4c4284494530d5df37a5819a35f1e41eebb0b3da5d900"",""pyxel_jump"":""4743a825f1c9cae7e049ac52115f4ecf83350db546c00745a54af187d7bc2e46""}",255d1618587e97edf6ac66384181387a1c34319cb9261a5624e37527b67d8bd4
2,147,formal-highfps-affinity-v1__colocation__mega_wing+pyxel_bubbles+pyxel_jump__r02,formal-highfps-affinity-v1,colocation-main,train,colocation,"[""mega_wing"",""pyxel_bubbles"",""pyxel_jump""]",mega_wing,"[""pyxel_bubbles"",""pyxel_jump""]",mega_wing+pyxel_bubbles+pyxel_jump,mega_wing+pyxel_bubbles+pyxel_jump__r02,,,,2,2229726004738622377,10,30,1,10,windows-rtx4060,0,0,grid_2x2,true,80,5930e8a2f36dfdbf730e9b1c45870f1d5e83007b60ca0adf3f18f46bd5fc6d94,d294a5d8602837dbe32307d6c70879f62902956d,data/raw/formal-highfps-affinity-v1/formal-highfps-affinity-v1__colocation__mega_wing+pyxel_bubbles+pyxel_jump__r02,"{""mega_wing"":""games/pyxel/apps-src/mega_wing/mega_wing.py"",""pyxel_bubbles"":""games/pyxel/06_click_game.py"",""pyxel_jump"":""games/pyxel/02_jump_game.py""}","{""mega_wing"":""86bad6c02a303806c58137503739241dc6b1e86695f7c0dbf672b5e1a1464e9f"",""pyxel_bubbles"":""54c101e90bdaed839ac4c4284494530d5df37a5819a35f1e41eebb0b3da5d900"",""pyxel_jump"":""4743a825f1c9cae7e049ac52115f4ecf83350db546c00745a54af187d7bc2e46""}",ab752e67c41a5279ed96a957d93681ea4a099fb797967db8ddf5645660d43f73
2,148,formal-highfps-affinity-v1__colocation__pyxel_jump+pyxel_platformer+pyxel_snake__r02,formal-highfps-affinity-v1,colocation-main,train,colocation,"[""pyxel_jump"",""pyxel_platformer"",""pyxel_snake""]",pyxel_jump,"[""pyxel_platformer"",""pyxel_snake""]",pyxel_jump+pyxel_platformer+pyxel_snake,pyxel_jump+pyxel_platformer+pyxel_snake__r02,,,,2,16689545828599394491,10,30,1,10,windows-rtx4060,0,0,grid_2x2,true,80,5930e8a2f36dfdbf730e9b1c45870f1d5e83007b60ca0adf3f18f46bd5fc6d94,d294a5d8602837dbe32307d6c70879f62902956d,data/raw/formal-highfps-affinity-v1/formal-highfps-affinity-v1__colocation__pyxel_jump+pyxel_platformer+pyxel_snake__r02,"{""pyxel_jump"":""games/pyxel/02_jump_game.py"",""pyxel_platformer"":""games/pyxel/10_platformer.py"",""pyxel_snake"":""games/pyxel/07_snake.py""}","{""pyxel_jump"":""4743a825f1c9cae7e049ac52115f4ecf83350db546c00745a54af187d7bc2e46"",""pyxel_platformer"":""1b2c75b49dc9ab0254fb4b724682a4787868814a38d2f08920720dc5b6007ac5"",""pyxel_snake"":""bc533fef92d1d358e570f69d979919fe5c1cd8c4da49841104b49a1e661a5ac3""}",09081eba2d3549f0d9e3080b5986332773bf09e8ceadb8d24fd3b6728060a323
2,149,formal-highfps-affinity-v1__colocation__mega_wing+space_rescue__r02,formal-highfps-affinity-v1,colocation-main,validation,colocation,"[""mega_wing"",""space_rescue""]",mega_wing,"[""space_rescue""]",mega_wing+space_rescue,mega_wing+space_rescue__r02,,,,2,8060724843457176203,10,30,1,10,windows-rtx4060,0,0,grid_2x2,true,80,5930e8a2f36dfdbf730e9b1c45870f1d5e83007b60ca0adf3f18f46bd5fc6d94,d294a5d8602837dbe32307d6c70879f62902956d,data/raw/formal-highfps-affinity-v1/formal-highfps-affinity-v1__colocation__mega_wing+space_rescue__r02,"{""mega_wing"":""games/pyxel/apps-src/mega_wing/mega_wing.py"",""space_rescue"":""games/pyxel/apps-src/space_rescue/space_rescue.py""}","{""mega_wing"":""86bad6c02a303806c58137503739241dc6b1e86695f7c0dbf672b5e1a1464e9f"",""space_rescue"":""f3b0ab6784ae558e64f06a3f0a704e53f107a130aa3d43357659d0850131e461""}",d214e4973a8edcd97c035265c32a5c598843921212988a415cc9ee61ec145945
2,150,formal-highfps-affinity-v1__colocation__pyxel_bubbles+pyxel_jump+pyxel_platformer__r01,formal-highfps-affinity-v1,colocation-main,train,colocation,"[""pyxel_bubbles"",""pyxel_jump"",""pyxel_platformer""]",pyxel_bubbles,"[""pyxel_jump"",""pyxel_platformer""]",pyxel_bubbles+pyxel_jump+pyxel_platformer,pyxel_bubbles+pyxel_jump+pyxel_platformer__r01,,,,1,15472522791530990153,10,30,1,10,windows-rtx4060,0,0,grid_2x2,true,80,5930e8a2f36dfdbf730e9b1c45870f1d5e83007b60ca0adf3f18f46bd5fc6d94,d294a5d8602837dbe32307d6c70879f62902956d,data/raw/formal-highfps-affinity-v1/formal-highfps-affinity-v1__colocation__pyxel_bubbles+pyxel_jump+pyxel_platformer__r01,"{""pyxel_bubbles"":""games/pyxel/06_click_game.py"",""pyxel_jump"":""games/pyxel/02_jump_game.py"",""pyxel_platformer"":""games/pyxel/10_platformer.py""}","{""pyxel_bubbles"":""54c101e90bdaed839ac4c4284494530d5df37a5819a35f1e41eebb0b3da5d900"",""pyxel_jump"":""4743a825f1c9cae7e049ac52115f4ecf83350db546c00745a54af187d7bc2e46"",""pyxel_platformer"":""1b2c75b49dc9ab0254fb4b724682a4787868814a38d2f08920720dc5b6007ac5""}",56e61e3f4c246e3fd351e5a2eba2fd6898e5afb1dafb404d2424293e338893d1
2,151,formal-highfps-affinity-v1__colocation__pyxel_jump+pyxel_platformer+space_rescue__r02,formal-highfps-affinity-v1,colocation-main,train,colocation,"[""pyxel_jump"",""pyxel_platformer"",""space_rescue""]",pyxel_jump,"[""pyxel_platformer"",""space_rescue""]",pyxel_jump+pyxel_platformer+space_rescue,pyxel_jump+pyxel_platformer+space_rescue__r02,,,,2,9238944108849120796,10,30,1,10,windows-rtx4060,0,0,grid_2x2,true,80,5930e8a2f36dfdbf730e9b1c45870f1d5e83007b60ca0adf3f18f46bd5fc6d94,d294a5d8602837dbe32307d6c70879f62902956d,data/raw/formal-highfps-affinity-v1/formal-highfps-affinity-v1__colocation__pyxel_jump+pyxel_platformer+space_rescue__r02,"{""pyxel_jump"":""games/pyxel/02_jump_game.py"",""pyxel_platformer"":""games/pyxel/10_platformer.py"",""space_rescue"":""games/pyxel/apps-src/space_rescue/space_rescue.py""}","{""pyxel_jump"":""4743a825f1c9cae7e049ac52115f4ecf83350db546c00745a54af187d7bc2e46"",""pyxel_platformer"":""1b2c75b49dc9ab0254fb4b724682a4787868814a38d2f08920720dc5b6007ac5"",""space_rescue"":""f3b0ab6784ae558e64f06a3f0a704e53f107a130aa3d43357659d0850131e461""}",b5c8bf6e2db152b9c2d4f5a23a599eff461588f22c088347f1e81acb260c7f6e
2,152,formal-highfps-affinity-v1__extra__pyxel_jump+pyxel_platformer+pyxel_shooter+space_rescue__r01,formal-highfps-affinity-v1,colocation-extra-test,extra_test,extra_test,"[""pyxel_jump"",""pyxel_platformer"",""pyxel_shooter"",""space_rescue""]",pyxel_jump,"[""pyxel_platformer"",""pyxel_shooter"",""space_rescue""]",pyxel_jump+pyxel_platformer+pyxel_shooter+space_rescue,pyxel_jump+pyxel_platformer+pyxel_shooter+space_rescue__r01,,,,1,8773923703025005668,10,30,1,10,windows-rtx4060,0,0,grid_2x2,true,80,5930e8a2f36dfdbf730e9b1c45870f1d5e83007b60ca0adf3f18f46bd5fc6d94,d294a5d8602837dbe32307d6c70879f62902956d,data/raw/formal-highfps-affinity-v1/formal-highfps-affinity-v1__extra__pyxel_jump+pyxel_platformer+pyxel_shooter+space_rescue__r01,"{""pyxel_jump"":""games/pyxel/02_jump_game.py"",""pyxel_platformer"":""games/pyxel/10_platformer.py"",""pyxel_shooter"":""games/pyxel/09_shooter.py"",""space_rescue"":""games/pyxel/apps-src/space_rescue/space_rescue.py""}","{""pyxel_jump"":""4743a825f1c9cae7e049ac52115f4ecf83350db546c00745a54af187d7bc2e46"",""pyxel_platformer"":""1b2c75b49dc9ab0254fb4b724682a4787868814a38d2f08920720dc5b6007ac5"",""pyxel_shooter"":""0f53e4156907eac41080a8f289e22c89365b3239517c754cf59a51af201d5563"",""space_rescue"":""f3b0ab6784ae558e64f06a3f0a704e53f107a130aa3d43357659d0850131e461""}",e9bf07bb5cbab305e48ac2cd3abd6c06ced1f58b76d59ca9e7312869ff98b0d8
2,153,formal-highfps-affinity-v1__colocation__daylight+mega_wing+space_rescue__r02,formal-highfps-affinity-v1,colocation-main,train,colocation,"[""daylight"",""mega_wing"",""space_rescue""]",daylight,"[""mega_wing"",""space_rescue""]",daylight+mega_wing+space_rescue,daylight+mega_wing+space_rescue__r02,,,,2,13201791575080300822,10,30,1,10,windows-rtx4060,0,0,grid_2x2,true,80,5930e8a2f36dfdbf730e9b1c45870f1d5e83007b60ca0adf3f18f46bd5fc6d94,d294a5d8602837dbe32307d6c70879f62902956d,data/raw/formal-highfps-affinity-v1/formal-highfps-affinity-v1__colocation__daylight+mega_wing+space_rescue__r02,"{""daylight"":""games/pyxel/apps-src/30SecondsOfDaylight/src/main.py"",""mega_wing"":""games/pyxel/apps-src/mega_wing/mega_wing.py"",""space_rescue"":""games/pyxel/apps-src/space_rescue/space_rescue.py""}","{""daylight"":""21a365375249e9d7ea05e78dcfe040f09cc1f0c66bd410bae084190c743a028f"",""mega_wing"":""86bad6c02a303806c58137503739241dc6b1e86695f7c0dbf672b5e1a1464e9f"",""space_rescue"":""f3b0ab6784ae558e64f06a3f0a704e53f107a130aa3d43357659d0850131e461""}",84a24d7bbc1049f8be8235a4127e2429339bc3e84038b04c6fe69f8b7d44b26d
2,154,formal-highfps-affinity-v1__colocation__daylight+pyxel_jump+space_rescue__r02,formal-highfps-affinity-v1,colocation-main,train,colocation,"[""daylight"",""pyxel_jump"",""space_rescue""]",daylight,"[""pyxel_jump"",""space_rescue""]",daylight+pyxel_jump+space_rescue,daylight+pyxel_jump+space_rescue__r02,,,,2,18067767290852735786,10,30,1,10,windows-rtx4060,0,0,grid_2x2,true,80,5930e8a2f36dfdbf730e9b1c45870f1d5e83007b60ca0adf3f18f46bd5fc6d94,d294a5d8602837dbe32307d6c70879f62902956d,data/raw/formal-highfps-affinity-v1/formal-highfps-affinity-v1__colocation__daylight+pyxel_jump+space_rescue__r02,"{""daylight"":""games/pyxel/apps-src/30SecondsOfDaylight/src/main.py"",""pyxel_jump"":""games/pyxel/02_jump_game.py"",""space_rescue"":""games/pyxel/apps-src/space_rescue/space_rescue.py""}","{""daylight"":""21a365375249e9d7ea05e78dcfe040f09cc1f0c66bd410bae084190c743a028f"",""pyxel_jump"":""4743a825f1c9cae7e049ac52115f4ecf83350db546c00745a54af187d7bc2e46"",""space_rescue"":""f3b0ab6784ae558e64f06a3f0a704e53f107a130aa3d43357659d0850131e461""}",379a5498ef6542c6f97f337ad3a27c48dcd5b3be5ebef49b44a03d72455caa35
2,155,formal-highfps-affinity-v1__colocation__daylight+mega_wing+pyxel_shooter__r01,formal-highfps-affinity-v1,colocation-main,validation,colocation,"[""daylight"",""mega_wing"",""pyxel_shooter""]",daylight,"[""mega_wing"",""pyxel_shooter""]",daylight+mega_wing+pyxel_shooter,daylight+mega_wing+pyxel_shooter__r01,,,,1,15468395089088265240,10,30,1,10,windows-rtx4060,0,0,grid_2x2,true,80,5930e8a2f36dfdbf730e9b1c45870f1d5e83007b60ca0adf3f18f46bd5fc6d94,d294a5d8602837dbe32307d6c70879f62902956d,data/raw/formal-highfps-affinity-v1/formal-highfps-affinity-v1__colocation__daylight+mega_wing+pyxel_shooter__r01,"{""daylight"":""games/pyxel/apps-src/30SecondsOfDaylight/src/main.py"",""mega_wing"":""games/pyxel/apps-src/mega_wing/mega_wing.py"",""pyxel_shooter"":""games/pyxel/09_shooter.py""}","{""daylight"":""21a365375249e9d7ea05e78dcfe040f09cc1f0c66bd410bae084190c743a028f"",""mega_wing"":""86bad6c02a303806c58137503739241dc6b1e86695f7c0dbf672b5e1a1464e9f"",""pyxel_shooter"":""0f53e4156907eac41080a8f289e22c89365b3239517c754cf59a51af201d5563""}",a65a02da5091ca915f91702934d4e60ef485ba3c32fc6dc38ead8de4f05bfaf7
2,156,formal-highfps-affinity-v1__colocation__pyxel_jump+space_rescue__r02,formal-highfps-affinity-v1,colocation-main,train,colocation,"[""pyxel_jump"",""space_rescue""]",pyxel_jump,"[""space_rescue""]",pyxel_jump+space_rescue,pyxel_jump+space_rescue__r02,,,,2,5232719047817812495,10,30,1,10,windows-rtx4060,0,0,grid_2x2,true,80,5930e8a2f36dfdbf730e9b1c45870f1d5e83007b60ca0adf3f18f46bd5fc6d94,d294a5d8602837dbe32307d6c70879f62902956d,data/raw/formal-highfps-affinity-v1/formal-highfps-affinity-v1__colocation__pyxel_jump+space_rescue__r02,"{""pyxel_jump"":""games/pyxel/02_jump_game.py"",""space_rescue"":""games/pyxel/apps-src/space_rescue/space_rescue.py""}","{""pyxel_jump"":""4743a825f1c9cae7e049ac52115f4ecf83350db546c00745a54af187d7bc2e46"",""space_rescue"":""f3b0ab6784ae558e64f06a3f0a704e53f107a130aa3d43357659d0850131e461""}",34742306c581af73f9b43e0b634bc05b382857a8d19194b107597b49676a9c5d
2,157,formal-highfps-affinity-v1__colocation__daylight+pyxel_platformer__r02,formal-highfps-affinity-v1,colocation-main,validation,colocation,"[""daylight"",""pyxel_platformer""]",daylight,"[""pyxel_platformer""]",daylight+pyxel_platformer,daylight+pyxel_platformer__r02,,,,2,14208229474584862758,10,30,1,10,windows-rtx4060,0,0,grid_2x2,true,80,5930e8a2f36dfdbf730e9b1c45870f1d5e83007b60ca0adf3f18f46bd5fc6d94,d294a5d8602837dbe32307d6c70879f62902956d,data/raw/formal-highfps-affinity-v1/formal-highfps-affinity-v1__colocation__daylight+pyxel_platformer__r02,"{""daylight"":""games/pyxel/apps-src/30SecondsOfDaylight/src/main.py"",""pyxel_platformer"":""games/pyxel/10_platformer.py""}","{""daylight"":""21a365375249e9d7ea05e78dcfe040f09cc1f0c66bd410bae084190c743a028f"",""pyxel_platformer"":""1b2c75b49dc9ab0254fb4b724682a4787868814a38d2f08920720dc5b6007ac5""}",eab1e278c1c3b96d7525f2dc552bd73796b81d3a6f06cf293323fce042a04afb
2,158,formal-highfps-affinity-v1__extra__daylight+pyxel_jump+pyxel_snake+space_rescue__r03,formal-highfps-affinity-v1,colocation-extra-test,extra_test,extra_test,"[""daylight"",""pyxel_jump"",""pyxel_snake"",""space_rescue""]",daylight,"[""pyxel_jump"",""pyxel_snake"",""space_rescue""]",daylight+pyxel_jump+pyxel_snake+space_rescue,daylight+pyxel_jump+pyxel_snake+space_rescue__r03,,,,3,5817121819038531617,10,30,1,10,windows-rtx4060,0,0,grid_2x2,true,80,5930e8a2f36dfdbf730e9b1c45870f1d5e83007b60ca0adf3f18f46bd5fc6d94,d294a5d8602837dbe32307d6c70879f62902956d,data/raw/formal-highfps-affinity-v1/formal-highfps-affinity-v1__extra__daylight+pyxel_jump+pyxel_snake+space_rescue__r03,"{""daylight"":""games/pyxel/apps-src/30SecondsOfDaylight/src/main.py"",""pyxel_jump"":""games/pyxel/02_jump_game.py"",""pyxel_snake"":""games/pyxel/07_snake.py"",""space_rescue"":""games/pyxel/apps-src/space_rescue/space_rescue.py""}","{""daylight"":""21a365375249e9d7ea05e78dcfe040f09cc1f0c66bd410bae084190c743a028f"",""pyxel_jump"":""4743a825f1c9cae7e049ac52115f4ecf83350db546c00745a54af187d7bc2e46"",""pyxel_snake"":""bc533fef92d1d358e570f69d979919fe5c1cd8c4da49841104b49a1e661a5ac3"",""space_rescue"":""f3b0ab6784ae558e64f06a3f0a704e53f107a130aa3d43357659d0850131e461""}",f734a1e95603bb786be25fd00065f97ae58cb1df649bf2e4607cfcb13e6d7d4a
2,159,formal-highfps-affinity-v1__colocation__daylight+mega_wing+space_rescue__r03,formal-highfps-affinity-v1,colocation-main,train,colocation,"[""daylight"",""mega_wing"",""space_rescue""]",daylight,"[""mega_wing"",""space_rescue""]",daylight+mega_wing+space_rescue,daylight+mega_wing+space_rescue__r03,,,,3,3371092001652227661,10,30,1,10,windows-rtx4060,0,0,grid_2x2,true,80,5930e8a2f36dfdbf730e9b1c45870f1d5e83007b60ca0adf3f18f46bd5fc6d94,d294a5d8602837dbe32307d6c70879f62902956d,data/raw/formal-highfps-affinity-v1/formal-highfps-affinity-v1__colocation__daylight+mega_wing+space_rescue__r03,"{""daylight"":""games/pyxel/apps-src/30SecondsOfDaylight/src/main.py"",""mega_wing"":""games/pyxel/apps-src/mega_wing/mega_wing.py"",""space_rescue"":""games/pyxel/apps-src/space_rescue/space_rescue.py""}","{""daylight"":""21a365375249e9d7ea05e78dcfe040f09cc1f0c66bd410bae084190c743a028f"",""mega_wing"":""86bad6c02a303806c58137503739241dc6b1e86695f7c0dbf672b5e1a1464e9f"",""space_rescue"":""f3b0ab6784ae558e64f06a3f0a704e53f107a130aa3d43357659d0850131e461""}",3fd3b5835e1891ae56820b2f1fd96df5d8e7ac1d60dc102fd2f4df57dac1458b
2,160,formal-highfps-affinity-v1__extra__daylight+mega_wing+pyxel_bubbles+pyxel_snake__r02,formal-highfps-affinity-v1,colocation-extra-test,extra_test,extra_test,"[""daylight"",""mega_wing"",""pyxel_bubbles"",""pyxel_snake""]",daylight,"[""mega_wing"",""pyxel_bubbles"",""pyxel_snake""]",daylight+mega_wing+pyxel_bubbles+pyxel_snake,daylight+mega_wing+pyxel_bubbles+pyxel_snake__r02,,,,2,3484541607843470007,10,30,1,10,windows-rtx4060,0,0,grid_2x2,true,80,5930e8a2f36dfdbf730e9b1c45870f1d5e83007b60ca0adf3f18f46bd5fc6d94,d294a5d8602837dbe32307d6c70879f62902956d,data/raw/formal-highfps-affinity-v1/formal-highfps-affinity-v1__extra__daylight+mega_wing+pyxel_bubbles+pyxel_snake__r02,"{""daylight"":""games/pyxel/apps-src/30SecondsOfDaylight/src/main.py"",""mega_wing"":""games/pyxel/apps-src/mega_wing/mega_wing.py"",""pyxel_bubbles"":""games/pyxel/06_click_game.py"",""pyxel_snake"":""games/pyxel/07_snake.py""}","{""daylight"":""21a365375249e9d7ea05e78dcfe040f09cc1f0c66bd410bae084190c743a028f"",""mega_wing"":""86bad6c02a303806c58137503739241dc6b1e86695f7c0dbf672b5e1a1464e9f"",""pyxel_bubbles"":""54c101e90bdaed839ac4c4284494530d5df37a5819a35f1e41eebb0b3da5d900"",""pyxel_snake"":""bc533fef92d1d358e570f69d979919fe5c1cd8c4da49841104b49a1e661a5ac3""}",dec81e7d5c87f2877229f33bbb7b12b915b16feda424ea3690a5e7e816293b64
2,161,formal-highfps-affinity-v1__colocation__mega_wing+pyxel_bubbles+pyxel_jump__r03,formal-highfps-affinity-v1,colocation-main,train,colocation,"[""mega_wing"",""pyxel_bubbles"",""pyxel_jump""]",mega_wing,"[""pyxel_bubbles"",""pyxel_jump""]",mega_wing+pyxel_bubbles+pyxel_jump,mega_wing+pyxel_bubbles+pyxel_jump__r03,,,,3,3317236851309327285,10,30,1,10,windows-rtx4060,0,0,grid_2x2,true,80,5930e8a2f36dfdbf730e9b1c45870f1d5e83007b60ca0adf3f18f46bd5fc6d94,d294a5d8602837dbe32307d6c70879f62902956d,data/raw/formal-highfps-affinity-v1/formal-highfps-affinity-v1__colocation__mega_wing+pyxel_bubbles+pyxel_jump__r03,"{""mega_wing"":""games/pyxel/apps-src/mega_wing/mega_wing.py"",""pyxel_bubbles"":""games/pyxel/06_click_game.py"",""pyxel_jump"":""games/pyxel/02_jump_game.py""}","{""mega_wing"":""86bad6c02a303806c58137503739241dc6b1e86695f7c0dbf672b5e1a1464e9f"",""pyxel_bubbles"":""54c101e90bdaed839ac4c4284494530d5df37a5819a35f1e41eebb0b3da5d900"",""pyxel_jump"":""4743a825f1c9cae7e049ac52115f4ecf83350db546c00745a54af187d7bc2e46""}",7b66dc2ad6af2dfcc8a461822bed1f90822e1b36f1fea0a7b9cd2e1fb15a73ef
2,162,formal-highfps-affinity-v1__colocation__mega_wing+pyxel_platformer+space_rescue__r02,formal-highfps-affinity-v1,colocation-main,train,colocation,"[""mega_wing"",""pyxel_platformer"",""space_rescue""]",mega_wing,"[""pyxel_platformer"",""space_rescue""]",mega_wing+pyxel_platformer+space_rescue,mega_wing+pyxel_platformer+space_rescue__r02,,,,2,6439483011326769169,10,30,1,10,windows-rtx4060,0,0,grid_2x2,true,80,5930e8a2f36dfdbf730e9b1c45870f1d5e83007b60ca0adf3f18f46bd5fc6d94,d294a5d8602837dbe32307d6c70879f62902956d,data/raw/formal-highfps-affinity-v1/formal-highfps-affinity-v1__colocation__mega_wing+pyxel_platformer+space_rescue__r02,"{""mega_wing"":""games/pyxel/apps-src/mega_wing/mega_wing.py"",""pyxel_platformer"":""games/pyxel/10_platformer.py"",""space_rescue"":""games/pyxel/apps-src/space_rescue/space_rescue.py""}","{""mega_wing"":""86bad6c02a303806c58137503739241dc6b1e86695f7c0dbf672b5e1a1464e9f"",""pyxel_platformer"":""1b2c75b49dc9ab0254fb4b724682a4787868814a38d2f08920720dc5b6007ac5"",""space_rescue"":""f3b0ab6784ae558e64f06a3f0a704e53f107a130aa3d43357659d0850131e461""}",1c0582b780e79fc8f542c6d307252395ef878dfba1ebd415acc1a689c194c459
2,163,formal-highfps-affinity-v1__colocation__mega_wing+pyxel_shooter__r01,formal-highfps-affinity-v1,colocation-main,train,colocation,"[""mega_wing"",""pyxel_shooter""]",mega_wing,"[""pyxel_shooter""]",mega_wing+pyxel_shooter,mega_wing+pyxel_shooter__r01,,,,1,15428212448458187375,10,30,1,10,windows-rtx4060,0,0,grid_2x2,true,80,5930e8a2f36dfdbf730e9b1c45870f1d5e83007b60ca0adf3f18f46bd5fc6d94,d294a5d8602837dbe32307d6c70879f62902956d,data/raw/formal-highfps-affinity-v1/formal-highfps-affinity-v1__colocation__mega_wing+pyxel_shooter__r01,"{""mega_wing"":""games/pyxel/apps-src/mega_wing/mega_wing.py"",""pyxel_shooter"":""games/pyxel/09_shooter.py""}","{""mega_wing"":""86bad6c02a303806c58137503739241dc6b1e86695f7c0dbf672b5e1a1464e9f"",""pyxel_shooter"":""0f53e4156907eac41080a8f289e22c89365b3239517c754cf59a51af201d5563""}",1215661dd46cf5e6ff0e9c9acb88dabe526aedace90fa5d3987ad3fce59c35a3
2,164,formal-highfps-affinity-v1__colocation__pyxel_bubbles+pyxel_snake__r03,formal-highfps-affinity-v1,colocation-main,test,colocation,"[""pyxel_bubbles"",""pyxel_snake""]",pyxel_bubbles,"[""pyxel_snake""]",pyxel_bubbles+pyxel_snake,pyxel_bubbles+pyxel_snake__r03,,,,3,15193202307042370391,10,30,1,10,windows-rtx4060,0,0,grid_2x2,true,80,5930e8a2f36dfdbf730e9b1c45870f1d5e83007b60ca0adf3f18f46bd5fc6d94,d294a5d8602837dbe32307d6c70879f62902956d,data/raw/formal-highfps-affinity-v1/formal-highfps-affinity-v1__colocation__pyxel_bubbles+pyxel_snake__r03,"{""pyxel_bubbles"":""games/pyxel/06_click_game.py"",""pyxel_snake"":""games/pyxel/07_snake.py""}","{""pyxel_bubbles"":""54c101e90bdaed839ac4c4284494530d5df37a5819a35f1e41eebb0b3da5d900"",""pyxel_snake"":""bc533fef92d1d358e570f69d979919fe5c1cd8c4da49841104b49a1e661a5ac3""}",81d3ae64e568be019601fab2bedabbb8d1548a87887008e776cd936da75fb715
2,165,formal-highfps-affinity-v1__colocation__pyxel_platformer+space_rescue__r02,formal-highfps-affinity-v1,colocation-main,train,colocation,"[""pyxel_platformer"",""space_rescue""]",pyxel_platformer,"[""space_rescue""]",pyxel_platformer+space_rescue,pyxel_platformer+space_rescue__r02,,,,2,15404733295755424698,10,30,1,10,windows-rtx4060,0,0,grid_2x2,true,80,5930e8a2f36dfdbf730e9b1c45870f1d5e83007b60ca0adf3f18f46bd5fc6d94,d294a5d8602837dbe32307d6c70879f62902956d,data/raw/formal-highfps-affinity-v1/formal-highfps-affinity-v1__colocation__pyxel_platformer+space_rescue__r02,"{""pyxel_platformer"":""games/pyxel/10_platformer.py"",""space_rescue"":""games/pyxel/apps-src/space_rescue/space_rescue.py""}","{""pyxel_platformer"":""1b2c75b49dc9ab0254fb4b724682a4787868814a38d2f08920720dc5b6007ac5"",""space_rescue"":""f3b0ab6784ae558e64f06a3f0a704e53f107a130aa3d43357659d0850131e461""}",4a15b5865a0ac29b1520ebbe5dfebe2da0a07175a4b9e3dc9beb58c86e7a5dbd
2,166,formal-highfps-affinity-v1__extra__mega_wing+pyxel_bubbles+pyxel_platformer+pyxel_shooter__r01,formal-highfps-affinity-v1,colocation-extra-test,extra_test,extra_test,"[""mega_wing"",""pyxel_bubbles"",""pyxel_platformer"",""pyxel_shooter""]",mega_wing,"[""pyxel_bubbles"",""pyxel_platformer"",""pyxel_shooter""]",mega_wing+pyxel_bubbles+pyxel_platformer+pyxel_shooter,mega_wing+pyxel_bubbles+pyxel_platformer+pyxel_shooter__r01,,,,1,16469893538406321818,10,30,1,10,windows-rtx4060,0,0,grid_2x2,true,80,5930e8a2f36dfdbf730e9b1c45870f1d5e83007b60ca0adf3f18f46bd5fc6d94,d294a5d8602837dbe32307d6c70879f62902956d,data/raw/formal-highfps-affinity-v1/formal-highfps-affinity-v1__extra__mega_wing+pyxel_bubbles+pyxel_platformer+pyxel_shooter__r01,"{""mega_wing"":""games/pyxel/apps-src/mega_wing/mega_wing.py"",""pyxel_bubbles"":""games/pyxel/06_click_game.py"",""pyxel_platformer"":""games/pyxel/10_platformer.py"",""pyxel_shooter"":""games/pyxel/09_shooter.py""}","{""mega_wing"":""86bad6c02a303806c58137503739241dc6b1e86695f7c0dbf672b5e1a1464e9f"",""pyxel_bubbles"":""54c101e90bdaed839ac4c4284494530d5df37a5819a35f1e41eebb0b3da5d900"",""pyxel_platformer"":""1b2c75b49dc9ab0254fb4b724682a4787868814a38d2f08920720dc5b6007ac5"",""pyxel_shooter"":""0f53e4156907eac41080a8f289e22c89365b3239517c754cf59a51af201d5563""}",9cb16f8224a77a53b661ce22264bb619e1ab2a1c2a6688c7262586024596ce30
2,167,formal-highfps-affinity-v1__colocation__pyxel_platformer+pyxel_shooter__r03,formal-highfps-affinity-v1,colocation-main,train,colocation,"[""pyxel_platformer"",""pyxel_shooter""]",pyxel_platformer,"[""pyxel_shooter""]",pyxel_platformer+pyxel_shooter,pyxel_platformer+pyxel_shooter__r03,,,,3,7117624119942554937,10,30,1,10,windows-rtx4060,0,0,grid_2x2,true,80,5930e8a2f36dfdbf730e9b1c45870f1d5e83007b60ca0adf3f18f46bd5fc6d94,d294a5d8602837dbe32307d6c70879f62902956d,data/raw/formal-highfps-affinity-v1/formal-highfps-affinity-v1__colocation__pyxel_platformer+pyxel_shooter__r03,"{""pyxel_platformer"":""games/pyxel/10_platformer.py"",""pyxel_shooter"":""games/pyxel/09_shooter.py""}","{""pyxel_platformer"":""1b2c75b49dc9ab0254fb4b724682a4787868814a38d2f08920720dc5b6007ac5"",""pyxel_shooter"":""0f53e4156907eac41080a8f289e22c89365b3239517c754cf59a51af201d5563""}",2d7af9fd66edb5fcabddbdb59066674876864763d0d35cbef30f2ea511c8ea32
2,168,formal-highfps-affinity-v1__extra__daylight+mega_wing+pyxel_platformer+space_rescue__r03,formal-highfps-affinity-v1,colocation-extra-test,extra_test,extra_test,"[""daylight"",""mega_wing"",""pyxel_platformer"",""space_rescue""]",daylight,"[""mega_wing"",""pyxel_platformer"",""space_rescue""]",daylight+mega_wing+pyxel_platformer+space_rescue,daylight+mega_wing+pyxel_platformer+space_rescue__r03,,,,3,11447321451998350184,10,30,1,10,windows-rtx4060,0,0,grid_2x2,true,80,5930e8a2f36dfdbf730e9b1c45870f1d5e83007b60ca0adf3f18f46bd5fc6d94,d294a5d8602837dbe32307d6c70879f62902956d,data/raw/formal-highfps-affinity-v1/formal-highfps-affinity-v1__extra__daylight+mega_wing+pyxel_platformer+space_rescue__r03,"{""daylight"":""games/pyxel/apps-src/30SecondsOfDaylight/src/main.py"",""mega_wing"":""games/pyxel/apps-src/mega_wing/mega_wing.py"",""pyxel_platformer"":""games/pyxel/10_platformer.py"",""space_rescue"":""games/pyxel/apps-src/space_rescue/space_rescue.py""}","{""daylight"":""21a365375249e9d7ea05e78dcfe040f09cc1f0c66bd410bae084190c743a028f"",""mega_wing"":""86bad6c02a303806c58137503739241dc6b1e86695f7c0dbf672b5e1a1464e9f"",""pyxel_platformer"":""1b2c75b49dc9ab0254fb4b724682a4787868814a38d2f08920720dc5b6007ac5"",""space_rescue"":""f3b0ab6784ae558e64f06a3f0a704e53f107a130aa3d43357659d0850131e461""}",74e66d45f4df3c60bfb6b5e5203ee3b0aafd7b40e3de0a945c39c6455453db2b
2,169,formal-highfps-affinity-v1__extra__daylight+pyxel_bubbles+pyxel_jump+pyxel_platformer__r02,formal-highfps-affinity-v1,colocation-extra-test,extra_test,extra_test,"[""daylight"",""pyxel_bubbles"",""pyxel_jump"",""pyxel_platformer""]",daylight,"[""pyxel_bubbles"",""pyxel_jump"",""pyxel_platformer""]",daylight+pyxel_bubbles+pyxel_jump+pyxel_platformer,daylight+pyxel_bubbles+pyxel_jump+pyxel_platformer__r02,,,,2,2825193241993824269,10,30,1,10,windows-rtx4060,0,0,grid_2x2,true,80,5930e8a2f36dfdbf730e9b1c45870f1d5e83007b60ca0adf3f18f46bd5fc6d94,d294a5d8602837dbe32307d6c70879f62902956d,data/raw/formal-highfps-affinity-v1/formal-highfps-affinity-v1__extra__daylight+pyxel_bubbles+pyxel_jump+pyxel_platformer__r02,"{""daylight"":""games/pyxel/apps-src/30SecondsOfDaylight/src/main.py"",""pyxel_bubbles"":""games/pyxel/06_click_game.py"",""pyxel_jump"":""games/pyxel/02_jump_game.py"",""pyxel_platformer"":""games/pyxel/10_platformer.py""}","{""daylight"":""21a365375249e9d7ea05e78dcfe040f09cc1f0c66bd410bae084190c743a028f"",""pyxel_bubbles"":""54c101e90bdaed839ac4c4284494530d5df37a5819a35f1e41eebb0b3da5d900"",""pyxel_jump"":""4743a825f1c9cae7e049ac52115f4ecf83350db546c00745a54af187d7bc2e46"",""pyxel_platformer"":""1b2c75b49dc9ab0254fb4b724682a4787868814a38d2f08920720dc5b6007ac5""}",359d13fd072b97113f7b977b37a72553f84f8ee92716106d3ec3a479c2869ebc
2,170,formal-highfps-affinity-v1__colocation__daylight+pyxel_shooter__r01,formal-highfps-affinity-v1,colocation-main,test,colocation,"[""daylight"",""pyxel_shooter""]",daylight,"[""pyxel_shooter""]",daylight+pyxel_shooter,daylight+pyxel_shooter__r01,,,,1,807166208853376220,10,30,1,10,windows-rtx4060,0,0,grid_2x2,true,80,5930e8a2f36dfdbf730e9b1c45870f1d5e83007b60ca0adf3f18f46bd5fc6d94,d294a5d8602837dbe32307d6c70879f62902956d,data/raw/formal-highfps-affinity-v1/formal-highfps-affinity-v1__colocation__daylight+pyxel_shooter__r01,"{""daylight"":""games/pyxel/apps-src/30SecondsOfDaylight/src/main.py"",""pyxel_shooter"":""games/pyxel/09_shooter.py""}","{""daylight"":""21a365375249e9d7ea05e78dcfe040f09cc1f0c66bd410bae084190c743a028f"",""pyxel_shooter"":""0f53e4156907eac41080a8f289e22c89365b3239517c754cf59a51af201d5563""}",66c83054defad078665623b81c3c7eddadc45bc983498701f3df06ae29e23336
2,171,formal-highfps-affinity-v1__colocation__pyxel_jump+pyxel_shooter+pyxel_snake__r02,formal-highfps-affinity-v1,colocation-main,train,colocation,"[""pyxel_jump"",""pyxel_shooter"",""pyxel_snake""]",pyxel_jump,"[""pyxel_shooter"",""pyxel_snake""]",pyxel_jump+pyxel_shooter+pyxel_snake,pyxel_jump+pyxel_shooter+pyxel_snake__r02,,,,2,350507075886467266,10,30,1,10,windows-rtx4060,0,0,grid_2x2,true,80,5930e8a2f36dfdbf730e9b1c45870f1d5e83007b60ca0adf3f18f46bd5fc6d94,d294a5d8602837dbe32307d6c70879f62902956d,data/raw/formal-highfps-affinity-v1/formal-highfps-affinity-v1__colocation__pyxel_jump+pyxel_shooter+pyxel_snake__r02,"{""pyxel_jump"":""games/pyxel/02_jump_game.py"",""pyxel_shooter"":""games/pyxel/09_shooter.py"",""pyxel_snake"":""games/pyxel/07_snake.py""}","{""pyxel_jump"":""4743a825f1c9cae7e049ac52115f4ecf83350db546c00745a54af187d7bc2e46"",""pyxel_shooter"":""0f53e4156907eac41080a8f289e22c89365b3239517c754cf59a51af201d5563"",""pyxel_snake"":""bc533fef92d1d358e570f69d979919fe5c1cd8c4da49841104b49a1e661a5ac3""}",1759ddd25926261f5307670193acfdfc9b3290b564c57e623bde67793b950eb2
2,172,formal-highfps-affinity-v1__extra__pyxel_jump+pyxel_platformer+pyxel_shooter+space_rescue__r03,formal-highfps-affinity-v1,colocation-extra-test,extra_test,extra_test,"[""pyxel_jump"",""pyxel_platformer"",""pyxel_shooter"",""space_rescue""]",pyxel_jump,"[""pyxel_platformer"",""pyxel_shooter"",""space_rescue""]",pyxel_jump+pyxel_platformer+pyxel_shooter+space_rescue,pyxel_jump+pyxel_platformer+pyxel_shooter+space_rescue__r03,,,,3,17533994871369061609,10,30,1,10,windows-rtx4060,0,0,grid_2x2,true,80,5930e8a2f36dfdbf730e9b1c45870f1d5e83007b60ca0adf3f18f46bd5fc6d94,d294a5d8602837dbe32307d6c70879f62902956d,data/raw/formal-highfps-affinity-v1/formal-highfps-affinity-v1__extra__pyxel_jump+pyxel_platformer+pyxel_shooter+space_rescue__r03,"{""pyxel_jump"":""games/pyxel/02_jump_game.py"",""pyxel_platformer"":""games/pyxel/10_platformer.py"",""pyxel_shooter"":""games/pyxel/09_shooter.py"",""space_rescue"":""games/pyxel/apps-src/space_rescue/space_rescue.py""}","{""pyxel_jump"":""4743a825f1c9cae7e049ac52115f4ecf83350db546c00745a54af187d7bc2e46"",""pyxel_platformer"":""1b2c75b49dc9ab0254fb4b724682a4787868814a38d2f08920720dc5b6007ac5"",""pyxel_shooter"":""0f53e4156907eac41080a8f289e22c89365b3239517c754cf59a51af201d5563"",""space_rescue"":""f3b0ab6784ae558e64f06a3f0a704e53f107a130aa3d43357659d0850131e461""}",2e682596da07c6d3718c3bed7558f088d06100bf93a8e05f4e1637ee58f40171
2,173,formal-highfps-affinity-v1__extra__daylight+mega_wing+pyxel_platformer+space_rescue__r02,formal-highfps-affinity-v1,colocation-extra-test,extra_test,extra_test,"[""daylight"",""mega_wing"",""pyxel_platformer"",""space_rescue""]",daylight,"[""mega_wing"",""pyxel_platformer"",""space_rescue""]",daylight+mega_wing+pyxel_platformer+space_rescue,daylight+mega_wing+pyxel_platformer+space_rescue__r02,,,,2,10031557160750798792,10,30,1,10,windows-rtx4060,0,0,grid_2x2,true,80,5930e8a2f36dfdbf730e9b1c45870f1d5e83007b60ca0adf3f18f46bd5fc6d94,d294a5d8602837dbe32307d6c70879f62902956d,data/raw/formal-highfps-affinity-v1/formal-highfps-affinity-v1__extra__daylight+mega_wing+pyxel_platformer+space_rescue__r02,"{""daylight"":""games/pyxel/apps-src/30SecondsOfDaylight/src/main.py"",""mega_wing"":""games/pyxel/apps-src/mega_wing/mega_wing.py"",""pyxel_platformer"":""games/pyxel/10_platformer.py"",""space_rescue"":""games/pyxel/apps-src/space_rescue/space_rescue.py""}","{""daylight"":""21a365375249e9d7ea05e78dcfe040f09cc1f0c66bd410bae084190c743a028f"",""mega_wing"":""86bad6c02a303806c58137503739241dc6b1e86695f7c0dbf672b5e1a1464e9f"",""pyxel_platformer"":""1b2c75b49dc9ab0254fb4b724682a4787868814a38d2f08920720dc5b6007ac5"",""space_rescue"":""f3b0ab6784ae558e64f06a3f0a704e53f107a130aa3d43357659d0850131e461""}",cd580e1fb6020e98aee888fabf4886feeb0417a06b45e32c9f6b35f02ab9323f
2,174,formal-highfps-affinity-v1__colocation__pyxel_bubbles+pyxel_platformer__r03,formal-highfps-affinity-v1,colocation-main,train,colocation,"[""pyxel_bubbles"",""pyxel_platformer""]",pyxel_bubbles,"[""pyxel_platformer""]",pyxel_bubbles+pyxel_platformer,pyxel_bubbles+pyxel_platformer__r03,,,,3,10013231083899079250,10,30,1,10,windows-rtx4060,0,0,grid_2x2,true,80,5930e8a2f36dfdbf730e9b1c45870f1d5e83007b60ca0adf3f18f46bd5fc6d94,d294a5d8602837dbe32307d6c70879f62902956d,data/raw/formal-highfps-affinity-v1/formal-highfps-affinity-v1__colocation__pyxel_bubbles+pyxel_platformer__r03,"{""pyxel_bubbles"":""games/pyxel/06_click_game.py"",""pyxel_platformer"":""games/pyxel/10_platformer.py""}","{""pyxel_bubbles"":""54c101e90bdaed839ac4c4284494530d5df37a5819a35f1e41eebb0b3da5d900"",""pyxel_platformer"":""1b2c75b49dc9ab0254fb4b724682a4787868814a38d2f08920720dc5b6007ac5""}",d159b58755ca349603d21e242426f949bcc4c321f91f361b851fd0c94d019f95
2,175,formal-highfps-affinity-v1__solo__pyxel_jump__r01,formal-highfps-affinity-v1,solo,not_applicable,solo,"[""pyxel_jump""]",pyxel_jump,[],,,,,,1,4388592058020453810,10,30,1,10,windows-rtx4060,0,0,grid_2x2,true,80,5930e8a2f36dfdbf730e9b1c45870f1d5e83007b60ca0adf3f18f46bd5fc6d94,d294a5d8602837dbe32307d6c70879f62902956d,data/raw/formal-highfps-affinity-v1/formal-highfps-affinity-v1__solo__pyxel_jump__r01,"{""pyxel_jump"":""games/pyxel/02_jump_game.py""}","{""pyxel_jump"":""4743a825f1c9cae7e049ac52115f4ecf83350db546c00745a54af187d7bc2e46""}",b965bb16f3b0af6f8462a448d5228a0524cac264b003a8f00a45ecd103ec5c8b
2,176,formal-highfps-affinity-v1__extra__daylight+mega_wing+pyxel_platformer+space_rescue__r01,formal-highfps-affinity-v1,colocation-extra-test,extra_test,extra_test,"[""daylight"",""mega_wing"",""pyxel_platformer"",""space_rescue""]",daylight,"[""mega_wing"",""pyxel_platformer"",""space_rescue""]",daylight+mega_wing+pyxel_platformer+space_rescue,daylight+mega_wing+pyxel_platformer+space_rescue__r01,,,,1,4170152349691884193,10,30,1,10,windows-rtx4060,0,0,grid_2x2,true,80,5930e8a2f36dfdbf730e9b1c45870f1d5e83007b60ca0adf3f18f46bd5fc6d94,d294a5d8602837dbe32307d6c70879f62902956d,data/raw/formal-highfps-affinity-v1/formal-highfps-affinity-v1__extra__daylight+mega_wing+pyxel_platformer+space_rescue__r01,"{""daylight"":""games/pyxel/apps-src/30SecondsOfDaylight/src/main.py"",""mega_wing"":""games/pyxel/apps-src/mega_wing/mega_wing.py"",""pyxel_platformer"":""games/pyxel/10_platformer.py"",""space_rescue"":""games/pyxel/apps-src/space_rescue/space_rescue.py""}","{""daylight"":""21a365375249e9d7ea05e78dcfe040f09cc1f0c66bd410bae084190c743a028f"",""mega_wing"":""86bad6c02a303806c58137503739241dc6b1e86695f7c0dbf672b5e1a1464e9f"",""pyxel_platformer"":""1b2c75b49dc9ab0254fb4b724682a4787868814a38d2f08920720dc5b6007ac5"",""space_rescue"":""f3b0ab6784ae558e64f06a3f0a704e53f107a130aa3d43357659d0850131e461""}",eb427d50f1eeea2e4ef56b95b1146da14be77784d7b8c7a32e12e9f433d3258b
2,177,formal-highfps-affinity-v1__colocation__pyxel_jump+pyxel_shooter+space_rescue__r02,formal-highfps-affinity-v1,colocation-main,validation,colocation,"[""pyxel_jump"",""pyxel_shooter"",""space_rescue""]",pyxel_jump,"[""pyxel_shooter"",""space_rescue""]",pyxel_jump+pyxel_shooter+space_rescue,pyxel_jump+pyxel_shooter+space_rescue__r02,,,,2,6800746612884511209,10,30,1,10,windows-rtx4060,0,0,grid_2x2,true,80,5930e8a2f36dfdbf730e9b1c45870f1d5e83007b60ca0adf3f18f46bd5fc6d94,d294a5d8602837dbe32307d6c70879f62902956d,data/raw/formal-highfps-affinity-v1/formal-highfps-affinity-v1__colocation__pyxel_jump+pyxel_shooter+space_rescue__r02,"{""pyxel_jump"":""games/pyxel/02_jump_game.py"",""pyxel_shooter"":""games/pyxel/09_shooter.py"",""space_rescue"":""games/pyxel/apps-src/space_rescue/space_rescue.py""}","{""pyxel_jump"":""4743a825f1c9cae7e049ac52115f4ecf83350db546c00745a54af187d7bc2e46"",""pyxel_shooter"":""0f53e4156907eac41080a8f289e22c89365b3239517c754cf59a51af201d5563"",""space_rescue"":""f3b0ab6784ae558e64f06a3f0a704e53f107a130aa3d43357659d0850131e461""}",1bde7a404ad660484c583accc69e8b6189cb64b2d2e3b9cd8fcf5aa4eeeb1698
2,178,formal-highfps-affinity-v1__colocation__daylight+pyxel_platformer__r01,formal-highfps-affinity-v1,colocation-main,validation,colocation,"[""daylight"",""pyxel_platformer""]",daylight,"[""pyxel_platformer""]",daylight+pyxel_platformer,daylight+pyxel_platformer__r01,,,,1,17667804392849421537,10,30,1,10,windows-rtx4060,0,0,grid_2x2,true,80,5930e8a2f36dfdbf730e9b1c45870f1d5e83007b60ca0adf3f18f46bd5fc6d94,d294a5d8602837dbe32307d6c70879f62902956d,data/raw/formal-highfps-affinity-v1/formal-highfps-affinity-v1__colocation__daylight+pyxel_platformer__r01,"{""daylight"":""games/pyxel/apps-src/30SecondsOfDaylight/src/main.py"",""pyxel_platformer"":""games/pyxel/10_platformer.py""}","{""daylight"":""21a365375249e9d7ea05e78dcfe040f09cc1f0c66bd410bae084190c743a028f"",""pyxel_platformer"":""1b2c75b49dc9ab0254fb4b724682a4787868814a38d2f08920720dc5b6007ac5""}",dc0521a8e744ede60b89a644f83669ee3f1f04d6216d178bbc6466d8e6ff8371
2,179,formal-highfps-affinity-v1__colocation__mega_wing+pyxel_bubbles+pyxel_snake__r03,formal-highfps-affinity-v1,colocation-main,train,colocation,"[""mega_wing"",""pyxel_bubbles"",""pyxel_snake""]",mega_wing,"[""pyxel_bubbles"",""pyxel_snake""]",mega_wing+pyxel_bubbles+pyxel_snake,mega_wing+pyxel_bubbles+pyxel_snake__r03,,,,3,3563337720581285518,10,30,1,10,windows-rtx4060,0,0,grid_2x2,true,80,5930e8a2f36dfdbf730e9b1c45870f1d5e83007b60ca0adf3f18f46bd5fc6d94,d294a5d8602837dbe32307d6c70879f62902956d,data/raw/formal-highfps-affinity-v1/formal-highfps-affinity-v1__colocation__mega_wing+pyxel_bubbles+pyxel_snake__r03,"{""mega_wing"":""games/pyxel/apps-src/mega_wing/mega_wing.py"",""pyxel_bubbles"":""games/pyxel/06_click_game.py"",""pyxel_snake"":""games/pyxel/07_snake.py""}","{""mega_wing"":""86bad6c02a303806c58137503739241dc6b1e86695f7c0dbf672b5e1a1464e9f"",""pyxel_bubbles"":""54c101e90bdaed839ac4c4284494530d5df37a5819a35f1e41eebb0b3da5d900"",""pyxel_snake"":""bc533fef92d1d358e570f69d979919fe5c1cd8c4da49841104b49a1e661a5ac3""}",44049e1459384ed887e5d93aeb16beb6a66acb2f5f65d5e4b2106c862556db43
2,180,formal-highfps-affinity-v1__solo__pyxel_shooter__r03,formal-highfps-affinity-v1,solo,not_applicable,solo,"[""pyxel_shooter""]",pyxel_shooter,[],,,,,,3,3475367116711643472,10,30,1,10,windows-rtx4060,0,0,grid_2x2,true,80,5930e8a2f36dfdbf730e9b1c45870f1d5e83007b60ca0adf3f18f46bd5fc6d94,d294a5d8602837dbe32307d6c70879f62902956d,data/raw/formal-highfps-affinity-v1/formal-highfps-affinity-v1__solo__pyxel_shooter__r03,"{""pyxel_shooter"":""games/pyxel/09_shooter.py""}","{""pyxel_shooter"":""0f53e4156907eac41080a8f289e22c89365b3239517c754cf59a51af201d5563""}",cc3cdc40e98ca7f296fd13ae312e2e4fa17d548e663f6ed38386c16c8584c64a
2,181,formal-highfps-affinity-v1__colocation__daylight+pyxel_platformer+pyxel_snake__r03,formal-highfps-affinity-v1,colocation-main,validation,colocation,"[""daylight"",""pyxel_platformer"",""pyxel_snake""]",daylight,"[""pyxel_platformer"",""pyxel_snake""]",daylight+pyxel_platformer+pyxel_snake,daylight+pyxel_platformer+pyxel_snake__r03,,,,3,7488304403953802738,10,30,1,10,windows-rtx4060,0,0,grid_2x2,true,80,5930e8a2f36dfdbf730e9b1c45870f1d5e83007b60ca0adf3f18f46bd5fc6d94,d294a5d8602837dbe32307d6c70879f62902956d,data/raw/formal-highfps-affinity-v1/formal-highfps-affinity-v1__colocation__daylight+pyxel_platformer+pyxel_snake__r03,"{""daylight"":""games/pyxel/apps-src/30SecondsOfDaylight/src/main.py"",""pyxel_platformer"":""games/pyxel/10_platformer.py"",""pyxel_snake"":""games/pyxel/07_snake.py""}","{""daylight"":""21a365375249e9d7ea05e78dcfe040f09cc1f0c66bd410bae084190c743a028f"",""pyxel_platformer"":""1b2c75b49dc9ab0254fb4b724682a4787868814a38d2f08920720dc5b6007ac5"",""pyxel_snake"":""bc533fef92d1d358e570f69d979919fe5c1cd8c4da49841104b49a1e661a5ac3""}",ce06169f688227f168cd9fd98af65e23f2a0ff7e85596575f8f439c7300b4a29
2,182,formal-highfps-affinity-v1__solo__pyxel_shooter__r02,formal-highfps-affinity-v1,solo,not_applicable,solo,"[""pyxel_shooter""]",pyxel_shooter,[],,,,,,2,377228495676953109,10,30,1,10,windows-rtx4060,0,0,grid_2x2,true,80,5930e8a2f36dfdbf730e9b1c45870f1d5e83007b60ca0adf3f18f46bd5fc6d94,d294a5d8602837dbe32307d6c70879f62902956d,data/raw/formal-highfps-affinity-v1/formal-highfps-affinity-v1__solo__pyxel_shooter__r02,"{""pyxel_shooter"":""games/pyxel/09_shooter.py""}","{""pyxel_shooter"":""0f53e4156907eac41080a8f289e22c89365b3239517c754cf59a51af201d5563""}",c777ff30e23877a8484bf3ef5b71cc21deaedc8b42d9bc06c2858d60a4e06f56
2,183,formal-highfps-affinity-v1__colocation__daylight+pyxel_bubbles+pyxel_jump__r02,formal-highfps-affinity-v1,colocation-main,test,colocation,"[""daylight"",""pyxel_bubbles"",""pyxel_jump""]",daylight,"[""pyxel_bubbles"",""pyxel_jump""]",daylight+pyxel_bubbles+pyxel_jump,daylight+pyxel_bubbles+pyxel_jump__r02,,,,2,6972834449024229760,10,30,1,10,windows-rtx4060,0,0,grid_2x2,true,80,5930e8a2f36dfdbf730e9b1c45870f1d5e83007b60ca0adf3f18f46bd5fc6d94,d294a5d8602837dbe32307d6c70879f62902956d,data/raw/formal-highfps-affinity-v1/formal-highfps-affinity-v1__colocation__daylight+pyxel_bubbles+pyxel_jump__r02,"{""daylight"":""games/pyxel/apps-src/30SecondsOfDaylight/src/main.py"",""pyxel_bubbles"":""games/pyxel/06_click_game.py"",""pyxel_jump"":""games/pyxel/02_jump_game.py""}","{""daylight"":""21a365375249e9d7ea05e78dcfe040f09cc1f0c66bd410bae084190c743a028f"",""pyxel_bubbles"":""54c101e90bdaed839ac4c4284494530d5df37a5819a35f1e41eebb0b3da5d900"",""pyxel_jump"":""4743a825f1c9cae7e049ac52115f4ecf83350db546c00745a54af187d7bc2e46""}",378fa51f80c927901a7ec601b38407a93120be86f93bf3f4927b4a541c1be0f7
2,184,formal-highfps-affinity-v1__colocation__daylight+pyxel_platformer+pyxel_shooter__r02,formal-highfps-affinity-v1,colocation-main,validation,colocation,"[""daylight"",""pyxel_platformer"",""pyxel_shooter""]",daylight,"[""pyxel_platformer"",""pyxel_shooter""]",daylight+pyxel_platformer+pyxel_shooter,daylight+pyxel_platformer+pyxel_shooter__r02,,,,2,10176949720502414486,10,30,1,10,windows-rtx4060,0,0,grid_2x2,true,80,5930e8a2f36dfdbf730e9b1c45870f1d5e83007b60ca0adf3f18f46bd5fc6d94,d294a5d8602837dbe32307d6c70879f62902956d,data/raw/formal-highfps-affinity-v1/formal-highfps-affinity-v1__colocation__daylight+pyxel_platformer+pyxel_shooter__r02,"{""daylight"":""games/pyxel/apps-src/30SecondsOfDaylight/src/main.py"",""pyxel_platformer"":""games/pyxel/10_platformer.py"",""pyxel_shooter"":""games/pyxel/09_shooter.py""}","{""daylight"":""21a365375249e9d7ea05e78dcfe040f09cc1f0c66bd410bae084190c743a028f"",""pyxel_platformer"":""1b2c75b49dc9ab0254fb4b724682a4787868814a38d2f08920720dc5b6007ac5"",""pyxel_shooter"":""0f53e4156907eac41080a8f289e22c89365b3239517c754cf59a51af201d5563""}",310afa5a39fea6426462497e62265ec3768bcfe675617b9a4eb8a9efec909baf
2,185,formal-highfps-affinity-v1__colocation__pyxel_platformer+pyxel_snake__r03,formal-highfps-affinity-v1,colocation-main,test,colocation,"[""pyxel_platformer"",""pyxel_snake""]",pyxel_platformer,"[""pyxel_snake""]",pyxel_platformer+pyxel_snake,pyxel_platformer+pyxel_snake__r03,,,,3,17859305433267736836,10,30,1,10,windows-rtx4060,0,0,grid_2x2,true,80,5930e8a2f36dfdbf730e9b1c45870f1d5e83007b60ca0adf3f18f46bd5fc6d94,d294a5d8602837dbe32307d6c70879f62902956d,data/raw/formal-highfps-affinity-v1/formal-highfps-affinity-v1__colocation__pyxel_platformer+pyxel_snake__r03,"{""pyxel_platformer"":""games/pyxel/10_platformer.py"",""pyxel_snake"":""games/pyxel/07_snake.py""}","{""pyxel_platformer"":""1b2c75b49dc9ab0254fb4b724682a4787868814a38d2f08920720dc5b6007ac5"",""pyxel_snake"":""bc533fef92d1d358e570f69d979919fe5c1cd8c4da49841104b49a1e661a5ac3""}",521a6c0441522d25de065f5d1bb20ede021fb5e5e71e03e4ba574741c85bf287
2,186,formal-highfps-affinity-v1__colocation__pyxel_bubbles+pyxel_snake+space_rescue__r03,formal-highfps-affinity-v1,colocation-main,train,colocation,"[""pyxel_bubbles"",""pyxel_snake"",""space_rescue""]",pyxel_bubbles,"[""pyxel_snake"",""space_rescue""]",pyxel_bubbles+pyxel_snake+space_rescue,pyxel_bubbles+pyxel_snake+space_rescue__r03,,,,3,17740235794491381031,10,30,1,10,windows-rtx4060,0,0,grid_2x2,true,80,5930e8a2f36dfdbf730e9b1c45870f1d5e83007b60ca0adf3f18f46bd5fc6d94,d294a5d8602837dbe32307d6c70879f62902956d,data/raw/formal-highfps-affinity-v1/formal-highfps-affinity-v1__colocation__pyxel_bubbles+pyxel_snake+space_rescue__r03,"{""pyxel_bubbles"":""games/pyxel/06_click_game.py"",""pyxel_snake"":""games/pyxel/07_snake.py"",""space_rescue"":""games/pyxel/apps-src/space_rescue/space_rescue.py""}","{""pyxel_bubbles"":""54c101e90bdaed839ac4c4284494530d5df37a5819a35f1e41eebb0b3da5d900"",""pyxel_snake"":""bc533fef92d1d358e570f69d979919fe5c1cd8c4da49841104b49a1e661a5ac3"",""space_rescue"":""f3b0ab6784ae558e64f06a3f0a704e53f107a130aa3d43357659d0850131e461""}",1bc45e18256fed516e3af2e6ec212c405defd3d2b343e4597c0f436ff44f2b02
2,187,formal-highfps-affinity-v1__colocation__pyxel_bubbles+pyxel_shooter+pyxel_snake__r01,formal-highfps-affinity-v1,colocation-main,train,colocation,"[""pyxel_bubbles"",""pyxel_shooter"",""pyxel_snake""]",pyxel_bubbles,"[""pyxel_shooter"",""pyxel_snake""]",pyxel_bubbles+pyxel_shooter+pyxel_snake,pyxel_bubbles+pyxel_shooter+pyxel_snake__r01,,,,1,1737315477552542881,10,30,1,10,windows-rtx4060,0,0,grid_2x2,true,80,5930e8a2f36dfdbf730e9b1c45870f1d5e83007b60ca0adf3f18f46bd5fc6d94,d294a5d8602837dbe32307d6c70879f62902956d,data/raw/formal-highfps-affinity-v1/formal-highfps-affinity-v1__colocation__pyxel_bubbles+pyxel_shooter+pyxel_snake__r01,"{""pyxel_bubbles"":""games/pyxel/06_click_game.py"",""pyxel_shooter"":""games/pyxel/09_shooter.py"",""pyxel_snake"":""games/pyxel/07_snake.py""}","{""pyxel_bubbles"":""54c101e90bdaed839ac4c4284494530d5df37a5819a35f1e41eebb0b3da5d900"",""pyxel_shooter"":""0f53e4156907eac41080a8f289e22c89365b3239517c754cf59a51af201d5563"",""pyxel_snake"":""bc533fef92d1d358e570f69d979919fe5c1cd8c4da49841104b49a1e661a5ac3""}",5efa57018a7a0576b6d789c53264f6c5e7caa704eba1548623ff264ddf34b7c8
2,188,formal-highfps-affinity-v1__colocation__mega_wing+pyxel_shooter__r02,formal-highfps-affinity-v1,colocation-main,train,colocation,"[""mega_wing"",""pyxel_shooter""]",mega_wing,"[""pyxel_shooter""]",mega_wing+pyxel_shooter,mega_wing+pyxel_shooter__r02,,,,2,2819729645822397115,10,30,1,10,windows-rtx4060,0,0,grid_2x2,true,80,5930e8a2f36dfdbf730e9b1c45870f1d5e83007b60ca0adf3f18f46bd5fc6d94,d294a5d8602837dbe32307d6c70879f62902956d,data/raw/formal-highfps-affinity-v1/formal-highfps-affinity-v1__colocation__mega_wing+pyxel_shooter__r02,"{""mega_wing"":""games/pyxel/apps-src/mega_wing/mega_wing.py"",""pyxel_shooter"":""games/pyxel/09_shooter.py""}","{""mega_wing"":""86bad6c02a303806c58137503739241dc6b1e86695f7c0dbf672b5e1a1464e9f"",""pyxel_shooter"":""0f53e4156907eac41080a8f289e22c89365b3239517c754cf59a51af201d5563""}",c002d5171c9fb6826a298df5578450adc8d86d84be786c9d48f9ee935c8e887a
2,189,formal-highfps-affinity-v1__colocation__mega_wing+pyxel_platformer__r03,formal-highfps-affinity-v1,colocation-main,test,colocation,"[""mega_wing"",""pyxel_platformer""]",mega_wing,"[""pyxel_platformer""]",mega_wing+pyxel_platformer,mega_wing+pyxel_platformer__r03,,,,3,15449421436939081751,10,30,1,10,windows-rtx4060,0,0,grid_2x2,true,80,5930e8a2f36dfdbf730e9b1c45870f1d5e83007b60ca0adf3f18f46bd5fc6d94,d294a5d8602837dbe32307d6c70879f62902956d,data/raw/formal-highfps-affinity-v1/formal-highfps-affinity-v1__colocation__mega_wing+pyxel_platformer__r03,"{""mega_wing"":""games/pyxel/apps-src/mega_wing/mega_wing.py"",""pyxel_platformer"":""games/pyxel/10_platformer.py""}","{""mega_wing"":""86bad6c02a303806c58137503739241dc6b1e86695f7c0dbf672b5e1a1464e9f"",""pyxel_platformer"":""1b2c75b49dc9ab0254fb4b724682a4787868814a38d2f08920720dc5b6007ac5""}",03e1f8a982b5e2466dcb31ab2d4ce412397c5b53fa542686b30eeb67af7168bb
2,190,formal-highfps-affinity-v1__colocation__daylight+mega_wing+pyxel_shooter__r02,formal-highfps-affinity-v1,colocation-main,validation,colocation,"[""daylight"",""mega_wing"",""pyxel_shooter""]",daylight,"[""mega_wing"",""pyxel_shooter""]",daylight+mega_wing+pyxel_shooter,daylight+mega_wing+pyxel_shooter__r02,,,,2,10879989153267615226,10,30,1,10,windows-rtx4060,0,0,grid_2x2,true,80,5930e8a2f36dfdbf730e9b1c45870f1d5e83007b60ca0adf3f18f46bd5fc6d94,d294a5d8602837dbe32307d6c70879f62902956d,data/raw/formal-highfps-affinity-v1/formal-highfps-affinity-v1__colocation__daylight+mega_wing+pyxel_shooter__r02,"{""daylight"":""games/pyxel/apps-src/30SecondsOfDaylight/src/main.py"",""mega_wing"":""games/pyxel/apps-src/mega_wing/mega_wing.py"",""pyxel_shooter"":""games/pyxel/09_shooter.py""}","{""daylight"":""21a365375249e9d7ea05e78dcfe040f09cc1f0c66bd410bae084190c743a028f"",""mega_wing"":""86bad6c02a303806c58137503739241dc6b1e86695f7c0dbf672b5e1a1464e9f"",""pyxel_shooter"":""0f53e4156907eac41080a8f289e22c89365b3239517c754cf59a51af201d5563""}",0bd672b55112e0bf8c6d7d9b0127ef5dbc6aee4854e727b2f3501b402739f46a
2,191,formal-highfps-affinity-v1__colocation__daylight+pyxel_snake__r01,formal-highfps-affinity-v1,colocation-main,train,colocation,"[""daylight"",""pyxel_snake""]",daylight,"[""pyxel_snake""]",daylight+pyxel_snake,daylight+pyxel_snake__r01,,,,1,5250172929288085803,10,30,1,10,windows-rtx4060,0,0,grid_2x2,true,80,5930e8a2f36dfdbf730e9b1c45870f1d5e83007b60ca0adf3f18f46bd5fc6d94,d294a5d8602837dbe32307d6c70879f62902956d,data/raw/formal-highfps-affinity-v1/formal-highfps-affinity-v1__colocation__daylight+pyxel_snake__r01,"{""daylight"":""games/pyxel/apps-src/30SecondsOfDaylight/src/main.py"",""pyxel_snake"":""games/pyxel/07_snake.py""}","{""daylight"":""21a365375249e9d7ea05e78dcfe040f09cc1f0c66bd410bae084190c743a028f"",""pyxel_snake"":""bc533fef92d1d358e570f69d979919fe5c1cd8c4da49841104b49a1e661a5ac3""}",f5d27ede9288531594de7ed8f7eb4a01d2819a99366b254f9a1241c0b69676d2
2,192,formal-highfps-affinity-v1__colocation__pyxel_snake+space_rescue__r01,formal-highfps-affinity-v1,colocation-main,train,colocation,"[""pyxel_snake"",""space_rescue""]",pyxel_snake,"[""space_rescue""]",pyxel_snake+space_rescue,pyxel_snake+space_rescue__r01,,,,1,2397847521604434650,10,30,1,10,windows-rtx4060,0,0,grid_2x2,true,80,5930e8a2f36dfdbf730e9b1c45870f1d5e83007b60ca0adf3f18f46bd5fc6d94,d294a5d8602837dbe32307d6c70879f62902956d,data/raw/formal-highfps-affinity-v1/formal-highfps-affinity-v1__colocation__pyxel_snake+space_rescue__r01,"{""pyxel_snake"":""games/pyxel/07_snake.py"",""space_rescue"":""games/pyxel/apps-src/space_rescue/space_rescue.py""}","{""pyxel_snake"":""bc533fef92d1d358e570f69d979919fe5c1cd8c4da49841104b49a1e661a5ac3"",""space_rescue"":""f3b0ab6784ae558e64f06a3f0a704e53f107a130aa3d43357659d0850131e461""}",5d0c27e66890182e8319872608f01a9ecc5abdf40f86c47076c1fc16562426f1
2,193,formal-highfps-affinity-v1__extra__daylight+pyxel_platformer+pyxel_shooter+pyxel_snake__r03,formal-highfps-affinity-v1,colocation-extra-test,extra_test,extra_test,"[""daylight"",""pyxel_platformer"",""pyxel_shooter"",""pyxel_snake""]",daylight,"[""pyxel_platformer"",""pyxel_shooter"",""pyxel_snake""]",daylight+pyxel_platformer+pyxel_shooter+pyxel_snake,daylight+pyxel_platformer+pyxel_shooter+pyxel_snake__r03,,,,3,13328020676611241538,10,30,1,10,windows-rtx4060,0,0,grid_2x2,true,80,5930e8a2f36dfdbf730e9b1c45870f1d5e83007b60ca0adf3f18f46bd5fc6d94,d294a5d8602837dbe32307d6c70879f62902956d,data/raw/formal-highfps-affinity-v1/formal-highfps-affinity-v1__extra__daylight+pyxel_platformer+pyxel_shooter+pyxel_snake__r03,"{""daylight"":""games/pyxel/apps-src/30SecondsOfDaylight/src/main.py"",""pyxel_platformer"":""games/pyxel/10_platformer.py"",""pyxel_shooter"":""games/pyxel/09_shooter.py"",""pyxel_snake"":""games/pyxel/07_snake.py""}","{""daylight"":""21a365375249e9d7ea05e78dcfe040f09cc1f0c66bd410bae084190c743a028f"",""pyxel_platformer"":""1b2c75b49dc9ab0254fb4b724682a4787868814a38d2f08920720dc5b6007ac5"",""pyxel_shooter"":""0f53e4156907eac41080a8f289e22c89365b3239517c754cf59a51af201d5563"",""pyxel_snake"":""bc533fef92d1d358e570f69d979919fe5c1cd8c4da49841104b49a1e661a5ac3""}",83e83694126ed46bc6767ad145ac28e74e02648fc5061877fe2634b6fedf9624
2,194,formal-highfps-affinity-v1__solo__pyxel_bubbles__r02,formal-highfps-affinity-v1,solo,not_applicable,solo,"[""pyxel_bubbles""]",pyxel_bubbles,[],,,,,,2,9258445529914912663,10,30,1,10,windows-rtx4060,0,0,grid_2x2,true,80,5930e8a2f36dfdbf730e9b1c45870f1d5e83007b60ca0adf3f18f46bd5fc6d94,d294a5d8602837dbe32307d6c70879f62902956d,data/raw/formal-highfps-affinity-v1/formal-highfps-affinity-v1__solo__pyxel_bubbles__r02,"{""pyxel_bubbles"":""games/pyxel/06_click_game.py""}","{""pyxel_bubbles"":""54c101e90bdaed839ac4c4284494530d5df37a5819a35f1e41eebb0b3da5d900""}",e43d0a6c16f300dd651a30e09aa86d86abf76849e6204e69abd035f651759443
2,195,formal-highfps-affinity-v1__colocation__pyxel_bubbles+pyxel_shooter__r01,formal-highfps-affinity-v1,colocation-main,train,colocation,"[""pyxel_bubbles"",""pyxel_shooter""]",pyxel_bubbles,"[""pyxel_shooter""]",pyxel_bubbles+pyxel_shooter,pyxel_bubbles+pyxel_shooter__r01,,,,1,18084132692930187695,10,30,1,10,windows-rtx4060,0,0,grid_2x2,true,80,5930e8a2f36dfdbf730e9b1c45870f1d5e83007b60ca0adf3f18f46bd5fc6d94,d294a5d8602837dbe32307d6c70879f62902956d,data/raw/formal-highfps-affinity-v1/formal-highfps-affinity-v1__colocation__pyxel_bubbles+pyxel_shooter__r01,"{""pyxel_bubbles"":""games/pyxel/06_click_game.py"",""pyxel_shooter"":""games/pyxel/09_shooter.py""}","{""pyxel_bubbles"":""54c101e90bdaed839ac4c4284494530d5df37a5819a35f1e41eebb0b3da5d900"",""pyxel_shooter"":""0f53e4156907eac41080a8f289e22c89365b3239517c754cf59a51af201d5563""}",7ff0e07b745b4605cea0b891e3e3bc70a0251fcf1822c736260586814294e0d3
2,196,formal-highfps-affinity-v1__colocation__mega_wing+pyxel_bubbles__r01,formal-highfps-affinity-v1,colocation-main,test,colocation,"[""mega_wing"",""pyxel_bubbles""]",mega_wing,"[""pyxel_bubbles""]",mega_wing+pyxel_bubbles,mega_wing+pyxel_bubbles__r01,,,,1,7664317210654164220,10,30,1,10,windows-rtx4060,0,0,grid_2x2,true,80,5930e8a2f36dfdbf730e9b1c45870f1d5e83007b60ca0adf3f18f46bd5fc6d94,d294a5d8602837dbe32307d6c70879f62902956d,data/raw/formal-highfps-affinity-v1/formal-highfps-affinity-v1__colocation__mega_wing+pyxel_bubbles__r01,"{""mega_wing"":""games/pyxel/apps-src/mega_wing/mega_wing.py"",""pyxel_bubbles"":""games/pyxel/06_click_game.py""}","{""mega_wing"":""86bad6c02a303806c58137503739241dc6b1e86695f7c0dbf672b5e1a1464e9f"",""pyxel_bubbles"":""54c101e90bdaed839ac4c4284494530d5df37a5819a35f1e41eebb0b3da5d900""}",8e1973e0e615c37cf8984f79df3d03c3e8b29c79e35730d459644ff7f3c1515a
2,197,formal-highfps-affinity-v1__colocation__mega_wing+pyxel_bubbles+space_rescue__r02,formal-highfps-affinity-v1,colocation-main,train,colocation,"[""mega_wing"",""pyxel_bubbles"",""space_rescue""]",mega_wing,"[""pyxel_bubbles"",""space_rescue""]",mega_wing+pyxel_bubbles+space_rescue,mega_wing+pyxel_bubbles+space_rescue__r02,,,,2,12421338202025968334,10,30,1,10,windows-rtx4060,0,0,grid_2x2,true,80,5930e8a2f36dfdbf730e9b1c45870f1d5e83007b60ca0adf3f18f46bd5fc6d94,d294a5d8602837dbe32307d6c70879f62902956d,data/raw/formal-highfps-affinity-v1/formal-highfps-affinity-v1__colocation__mega_wing+pyxel_bubbles+space_rescue__r02,"{""mega_wing"":""games/pyxel/apps-src/mega_wing/mega_wing.py"",""pyxel_bubbles"":""games/pyxel/06_click_game.py"",""space_rescue"":""games/pyxel/apps-src/space_rescue/space_rescue.py""}","{""mega_wing"":""86bad6c02a303806c58137503739241dc6b1e86695f7c0dbf672b5e1a1464e9f"",""pyxel_bubbles"":""54c101e90bdaed839ac4c4284494530d5df37a5819a35f1e41eebb0b3da5d900"",""space_rescue"":""f3b0ab6784ae558e64f06a3f0a704e53f107a130aa3d43357659d0850131e461""}",723fc41c85bab65dba20322ba2dc2f2b7cdbe663f4a3a71bb142c78d01f30c3f
2,198,formal-highfps-affinity-v1__colocation__daylight+pyxel_snake__r02,formal-highfps-affinity-v1,colocation-main,train,colocation,"[""daylight"",""pyxel_snake""]",daylight,"[""pyxel_snake""]",daylight+pyxel_snake,daylight+pyxel_snake__r02,,,,2,9318859405188917377,10,30,1,10,windows-rtx4060,0,0,grid_2x2,true,80,5930e8a2f36dfdbf730e9b1c45870f1d5e83007b60ca0adf3f18f46bd5fc6d94,d294a5d8602837dbe32307d6c70879f62902956d,data/raw/formal-highfps-affinity-v1/formal-highfps-affinity-v1__colocation__daylight+pyxel_snake__r02,"{""daylight"":""games/pyxel/apps-src/30SecondsOfDaylight/src/main.py"",""pyxel_snake"":""games/pyxel/07_snake.py""}","{""daylight"":""21a365375249e9d7ea05e78dcfe040f09cc1f0c66bd410bae084190c743a028f"",""pyxel_snake"":""bc533fef92d1d358e570f69d979919fe5c1cd8c4da49841104b49a1e661a5ac3""}",5bd82131ee94f1c4ba6117f3de12035da19515f59aaeb6047018b13d166c0434
2,199,formal-highfps-affinity-v1__colocation__mega_wing+pyxel_platformer+pyxel_shooter__r01,formal-highfps-affinity-v1,colocation-main,test,colocation,"[""mega_wing"",""pyxel_platformer"",""pyxel_shooter""]",mega_wing,"[""pyxel_platformer"",""pyxel_shooter""]",mega_wing+pyxel_platformer+pyxel_shooter,mega_wing+pyxel_platformer+pyxel_shooter__r01,,,,1,16027148539821522231,10,30,1,10,windows-rtx4060,0,0,grid_2x2,true,80,5930e8a2f36dfdbf730e9b1c45870f1d5e83007b60ca0adf3f18f46bd5fc6d94,d294a5d8602837dbe32307d6c70879f62902956d,data/raw/formal-highfps-affinity-v1/formal-highfps-affinity-v1__colocation__mega_wing+pyxel_platformer+pyxel_shooter__r01,"{""mega_wing"":""games/pyxel/apps-src/mega_wing/mega_wing.py"",""pyxel_platformer"":""games/pyxel/10_platformer.py"",""pyxel_shooter"":""games/pyxel/09_shooter.py""}","{""mega_wing"":""86bad6c02a303806c58137503739241dc6b1e86695f7c0dbf672b5e1a1464e9f"",""pyxel_platformer"":""1b2c75b49dc9ab0254fb4b724682a4787868814a38d2f08920720dc5b6007ac5"",""pyxel_shooter"":""0f53e4156907eac41080a8f289e22c89365b3239517c754cf59a51af201d5563""}",98aa026e689da543896da4d8b6fae103e63ffad64930321e287c1f1d3f194355
2,200,formal-highfps-affinity-v1__colocation__pyxel_bubbles+pyxel_platformer__r02,formal-highfps-affinity-v1,colocation-main,train,colocation,"[""pyxel_bubbles"",""pyxel_platformer""]",pyxel_bubbles,"[""pyxel_platformer""]",pyxel_bubbles+pyxel_platformer,pyxel_bubbles+pyxel_platformer__r02,,,,2,12381208389790326575,10,30,1,10,windows-rtx4060,0,0,grid_2x2,true,80,5930e8a2f36dfdbf730e9b1c45870f1d5e83007b60ca0adf3f18f46bd5fc6d94,d294a5d8602837dbe32307d6c70879f62902956d,data/raw/formal-highfps-affinity-v1/formal-highfps-affinity-v1__colocation__pyxel_bubbles+pyxel_platformer__r02,"{""pyxel_bubbles"":""games/pyxel/06_click_game.py"",""pyxel_platformer"":""games/pyxel/10_platformer.py""}","{""pyxel_bubbles"":""54c101e90bdaed839ac4c4284494530d5df37a5819a35f1e41eebb0b3da5d900"",""pyxel_platformer"":""1b2c75b49dc9ab0254fb4b724682a4787868814a38d2f08920720dc5b6007ac5""}",7445d3d81d4a5ce7be5228e528562456975d7d13a77a4f62d31941d94d9536d3
2,201,formal-highfps-affinity-v1__colocation__mega_wing+pyxel_bubbles+space_rescue__r01,formal-highfps-affinity-v1,colocation-main,train,colocation,"[""mega_wing"",""pyxel_bubbles"",""space_rescue""]",mega_wing,"[""pyxel_bubbles"",""space_rescue""]",mega_wing+pyxel_bubbles+space_rescue,mega_wing+pyxel_bubbles+space_rescue__r01,,,,1,7970642093461217183,10,30,1,10,windows-rtx4060,0,0,grid_2x2,true,80,5930e8a2f36dfdbf730e9b1c45870f1d5e83007b60ca0adf3f18f46bd5fc6d94,d294a5d8602837dbe32307d6c70879f62902956d,data/raw/formal-highfps-affinity-v1/formal-highfps-affinity-v1__colocation__mega_wing+pyxel_bubbles+space_rescue__r01,"{""mega_wing"":""games/pyxel/apps-src/mega_wing/mega_wing.py"",""pyxel_bubbles"":""games/pyxel/06_click_game.py"",""space_rescue"":""games/pyxel/apps-src/space_rescue/space_rescue.py""}","{""mega_wing"":""86bad6c02a303806c58137503739241dc6b1e86695f7c0dbf672b5e1a1464e9f"",""pyxel_bubbles"":""54c101e90bdaed839ac4c4284494530d5df37a5819a35f1e41eebb0b3da5d900"",""space_rescue"":""f3b0ab6784ae558e64f06a3f0a704e53f107a130aa3d43357659d0850131e461""}",5eb3f845473b45e7b93cc731c78dbe9756cb813973e79ca2e47f5c8b1683020c
2,202,formal-highfps-affinity-v1__colocation__pyxel_bubbles+pyxel_shooter+pyxel_snake__r03,formal-highfps-affinity-v1,colocation-main,train,colocation,"[""pyxel_bubbles"",""pyxel_shooter"",""pyxel_snake""]",pyxel_bubbles,"[""pyxel_shooter"",""pyxel_snake""]",pyxel_bubbles+pyxel_shooter+pyxel_snake,pyxel_bubbles+pyxel_shooter+pyxel_snake__r03,,,,3,9562112611226621041,10,30,1,10,windows-rtx4060,0,0,grid_2x2,true,80,5930e8a2f36dfdbf730e9b1c45870f1d5e83007b60ca0adf3f18f46bd5fc6d94,d294a5d8602837dbe32307d6c70879f62902956d,data/raw/formal-highfps-affinity-v1/formal-highfps-affinity-v1__colocation__pyxel_bubbles+pyxel_shooter+pyxel_snake__r03,"{""pyxel_bubbles"":""games/pyxel/06_click_game.py"",""pyxel_shooter"":""games/pyxel/09_shooter.py"",""pyxel_snake"":""games/pyxel/07_snake.py""}","{""pyxel_bubbles"":""54c101e90bdaed839ac4c4284494530d5df37a5819a35f1e41eebb0b3da5d900"",""pyxel_shooter"":""0f53e4156907eac41080a8f289e22c89365b3239517c754cf59a51af201d5563"",""pyxel_snake"":""bc533fef92d1d358e570f69d979919fe5c1cd8c4da49841104b49a1e661a5ac3""}",385b946d4b75ad6a456865d8e42d99a7c253e40695e6a6a8e913a3c939af4a17
2,203,formal-highfps-affinity-v1__colocation__daylight+pyxel_shooter+pyxel_snake__r01,formal-highfps-affinity-v1,colocation-main,train,colocation,"[""daylight"",""pyxel_shooter"",""pyxel_snake""]",daylight,"[""pyxel_shooter"",""pyxel_snake""]",daylight+pyxel_shooter+pyxel_snake,daylight+pyxel_shooter+pyxel_snake__r01,,,,1,16835801411798003167,10,30,1,10,windows-rtx4060,0,0,grid_2x2,true,80,5930e8a2f36dfdbf730e9b1c45870f1d5e83007b60ca0adf3f18f46bd5fc6d94,d294a5d8602837dbe32307d6c70879f62902956d,data/raw/formal-highfps-affinity-v1/formal-highfps-affinity-v1__colocation__daylight+pyxel_shooter+pyxel_snake__r01,"{""daylight"":""games/pyxel/apps-src/30SecondsOfDaylight/src/main.py"",""pyxel_shooter"":""games/pyxel/09_shooter.py"",""pyxel_snake"":""games/pyxel/07_snake.py""}","{""daylight"":""21a365375249e9d7ea05e78dcfe040f09cc1f0c66bd410bae084190c743a028f"",""pyxel_shooter"":""0f53e4156907eac41080a8f289e22c89365b3239517c754cf59a51af201d5563"",""pyxel_snake"":""bc533fef92d1d358e570f69d979919fe5c1cd8c4da49841104b49a1e661a5ac3""}",e54e701f7adb009584e9428e190e9d0eb8b0f25cc200a03d5f1b4ac8b9aadff0
2,204,formal-highfps-affinity-v1__colocation__pyxel_shooter+pyxel_snake__r01,formal-highfps-affinity-v1,colocation-main,train,colocation,"[""pyxel_shooter"",""pyxel_snake""]",pyxel_shooter,"[""pyxel_snake""]",pyxel_shooter+pyxel_snake,pyxel_shooter+pyxel_snake__r01,,,,1,15369143439222277393,10,30,1,10,windows-rtx4060,0,0,grid_2x2,true,80,5930e8a2f36dfdbf730e9b1c45870f1d5e83007b60ca0adf3f18f46bd5fc6d94,d294a5d8602837dbe32307d6c70879f62902956d,data/raw/formal-highfps-affinity-v1/formal-highfps-affinity-v1__colocation__pyxel_shooter+pyxel_snake__r01,"{""pyxel_shooter"":""games/pyxel/09_shooter.py"",""pyxel_snake"":""games/pyxel/07_snake.py""}","{""pyxel_shooter"":""0f53e4156907eac41080a8f289e22c89365b3239517c754cf59a51af201d5563"",""pyxel_snake"":""bc533fef92d1d358e570f69d979919fe5c1cd8c4da49841104b49a1e661a5ac3""}",994cc569706fb758d36cd4b67b3465bb554ba7f9d638626251077b87622f6042
2,205,formal-highfps-affinity-v1__colocation__mega_wing+pyxel_bubbles+pyxel_snake__r02,formal-highfps-affinity-v1,colocation-main,train,colocation,"[""mega_wing"",""pyxel_bubbles"",""pyxel_snake""]",mega_wing,"[""pyxel_bubbles"",""pyxel_snake""]",mega_wing+pyxel_bubbles+pyxel_snake,mega_wing+pyxel_bubbles+pyxel_snake__r02,,,,2,1945997934514641319,10,30,1,10,windows-rtx4060,0,0,grid_2x2,true,80,5930e8a2f36dfdbf730e9b1c45870f1d5e83007b60ca0adf3f18f46bd5fc6d94,d294a5d8602837dbe32307d6c70879f62902956d,data/raw/formal-highfps-affinity-v1/formal-highfps-affinity-v1__colocation__mega_wing+pyxel_bubbles+pyxel_snake__r02,"{""mega_wing"":""games/pyxel/apps-src/mega_wing/mega_wing.py"",""pyxel_bubbles"":""games/pyxel/06_click_game.py"",""pyxel_snake"":""games/pyxel/07_snake.py""}","{""mega_wing"":""86bad6c02a303806c58137503739241dc6b1e86695f7c0dbf672b5e1a1464e9f"",""pyxel_bubbles"":""54c101e90bdaed839ac4c4284494530d5df37a5819a35f1e41eebb0b3da5d900"",""pyxel_snake"":""bc533fef92d1d358e570f69d979919fe5c1cd8c4da49841104b49a1e661a5ac3""}",ae6f715bc781e1db7e90e2f6632b6b177dca44ade5c40c737b2146d9fcaec1d2
2,206,formal-highfps-affinity-v1__solo__pyxel_jump__r02,formal-highfps-affinity-v1,solo,not_applicable,solo,"[""pyxel_jump""]",pyxel_jump,[],,,,,,2,10400501753561450736,10,30,1,10,windows-rtx4060,0,0,grid_2x2,true,80,5930e8a2f36dfdbf730e9b1c45870f1d5e83007b60ca0adf3f18f46bd5fc6d94,d294a5d8602837dbe32307d6c70879f62902956d,data/raw/formal-highfps-affinity-v1/formal-highfps-affinity-v1__solo__pyxel_jump__r02,"{""pyxel_jump"":""games/pyxel/02_jump_game.py""}","{""pyxel_jump"":""4743a825f1c9cae7e049ac52115f4ecf83350db546c00745a54af187d7bc2e46""}",73aa302f9ceaa1c72ee1047aa4feb58fca05aa450f0c98216d3026cfc18ee72b
2,207,formal-highfps-affinity-v1__colocation__pyxel_jump+pyxel_platformer__r03,formal-highfps-affinity-v1,colocation-main,train,colocation,"[""pyxel_jump"",""pyxel_platformer""]",pyxel_jump,"[""pyxel_platformer""]",pyxel_jump+pyxel_platformer,pyxel_jump+pyxel_platformer__r03,,,,3,1231325593875672064,10,30,1,10,windows-rtx4060,0,0,grid_2x2,true,80,5930e8a2f36dfdbf730e9b1c45870f1d5e83007b60ca0adf3f18f46bd5fc6d94,d294a5d8602837dbe32307d6c70879f62902956d,data/raw/formal-highfps-affinity-v1/formal-highfps-affinity-v1__colocation__pyxel_jump+pyxel_platformer__r03,"{""pyxel_jump"":""games/pyxel/02_jump_game.py"",""pyxel_platformer"":""games/pyxel/10_platformer.py""}","{""pyxel_jump"":""4743a825f1c9cae7e049ac52115f4ecf83350db546c00745a54af187d7bc2e46"",""pyxel_platformer"":""1b2c75b49dc9ab0254fb4b724682a4787868814a38d2f08920720dc5b6007ac5""}",cb35a92f6663ef8e70b012ac924e3c89632d48e519e708669c9fcea2d6753aaf
2,208,formal-highfps-affinity-v1__colocation__mega_wing+pyxel_snake__r02,formal-highfps-affinity-v1,colocation-main,train,colocation,"[""mega_wing"",""pyxel_snake""]",mega_wing,"[""pyxel_snake""]",mega_wing+pyxel_snake,mega_wing+pyxel_snake__r02,,,,2,17353871402522320280,10,30,1,10,windows-rtx4060,0,0,grid_2x2,true,80,5930e8a2f36dfdbf730e9b1c45870f1d5e83007b60ca0adf3f18f46bd5fc6d94,d294a5d8602837dbe32307d6c70879f62902956d,data/raw/formal-highfps-affinity-v1/formal-highfps-affinity-v1__colocation__mega_wing+pyxel_snake__r02,"{""mega_wing"":""games/pyxel/apps-src/mega_wing/mega_wing.py"",""pyxel_snake"":""games/pyxel/07_snake.py""}","{""mega_wing"":""86bad6c02a303806c58137503739241dc6b1e86695f7c0dbf672b5e1a1464e9f"",""pyxel_snake"":""bc533fef92d1d358e570f69d979919fe5c1cd8c4da49841104b49a1e661a5ac3""}",2ec4a375588d64523d7b4b762765d313cb8b87e2ffc53c8d2897409b6ca824c5
2,209,formal-highfps-affinity-v1__colocation__pyxel_jump+pyxel_shooter__r03,formal-highfps-affinity-v1,colocation-main,train,colocation,"[""pyxel_jump"",""pyxel_shooter""]",pyxel_jump,"[""pyxel_shooter""]",pyxel_jump+pyxel_shooter,pyxel_jump+pyxel_shooter__r03,,,,3,9109420943320906756,10,30,1,10,windows-rtx4060,0,0,grid_2x2,true,80,5930e8a2f36dfdbf730e9b1c45870f1d5e83007b60ca0adf3f18f46bd5fc6d94,d294a5d8602837dbe32307d6c70879f62902956d,data/raw/formal-highfps-affinity-v1/formal-highfps-affinity-v1__colocation__pyxel_jump+pyxel_shooter__r03,"{""pyxel_jump"":""games/pyxel/02_jump_game.py"",""pyxel_shooter"":""games/pyxel/09_shooter.py""}","{""pyxel_jump"":""4743a825f1c9cae7e049ac52115f4ecf83350db546c00745a54af187d7bc2e46"",""pyxel_shooter"":""0f53e4156907eac41080a8f289e22c89365b3239517c754cf59a51af201d5563""}",38c5ded6915b252517b6400989598222f61f205249214b4f79b2cf9c71f728bf
2,210,formal-highfps-affinity-v1__colocation__pyxel_jump+pyxel_platformer+pyxel_snake__r01,formal-highfps-affinity-v1,colocation-main,train,colocation,"[""pyxel_jump"",""pyxel_platformer"",""pyxel_snake""]",pyxel_jump,"[""pyxel_platformer"",""pyxel_snake""]",pyxel_jump+pyxel_platformer+pyxel_snake,pyxel_jump+pyxel_platformer+pyxel_snake__r01,,,,1,11195647565786268137,10,30,1,10,windows-rtx4060,0,0,grid_2x2,true,80,5930e8a2f36dfdbf730e9b1c45870f1d5e83007b60ca0adf3f18f46bd5fc6d94,d294a5d8602837dbe32307d6c70879f62902956d,data/raw/formal-highfps-affinity-v1/formal-highfps-affinity-v1__colocation__pyxel_jump+pyxel_platformer+pyxel_snake__r01,"{""pyxel_jump"":""games/pyxel/02_jump_game.py"",""pyxel_platformer"":""games/pyxel/10_platformer.py"",""pyxel_snake"":""games/pyxel/07_snake.py""}","{""pyxel_jump"":""4743a825f1c9cae7e049ac52115f4ecf83350db546c00745a54af187d7bc2e46"",""pyxel_platformer"":""1b2c75b49dc9ab0254fb4b724682a4787868814a38d2f08920720dc5b6007ac5"",""pyxel_snake"":""bc533fef92d1d358e570f69d979919fe5c1cd8c4da49841104b49a1e661a5ac3""}",465c748964b28bcc10f55e2d57aeed2e4da46bc2d50e1e3c8686f97adebe62c9
2,211,formal-highfps-affinity-v1__colocation__pyxel_shooter+pyxel_snake+space_rescue__r03,formal-highfps-affinity-v1,colocation-main,validation,colocation,"[""pyxel_shooter"",""pyxel_snake"",""space_rescue""]",pyxel_shooter,"[""pyxel_snake"",""space_rescue""]",pyxel_shooter+pyxel_snake+space_rescue,pyxel_shooter+pyxel_snake+space_rescue__r03,,,,3,14775508081036918402,10,30,1,10,windows-rtx4060,0,0,grid_2x2,true,80,5930e8a2f36dfdbf730e9b1c45870f1d5e83007b60ca0adf3f18f46bd5fc6d94,d294a5d8602837dbe32307d6c70879f62902956d,data/raw/formal-highfps-affinity-v1/formal-highfps-affinity-v1__colocation__pyxel_shooter+pyxel_snake+space_rescue__r03,"{""pyxel_shooter"":""games/pyxel/09_shooter.py"",""pyxel_snake"":""games/pyxel/07_snake.py"",""space_rescue"":""games/pyxel/apps-src/space_rescue/space_rescue.py""}","{""pyxel_shooter"":""0f53e4156907eac41080a8f289e22c89365b3239517c754cf59a51af201d5563"",""pyxel_snake"":""bc533fef92d1d358e570f69d979919fe5c1cd8c4da49841104b49a1e661a5ac3"",""space_rescue"":""f3b0ab6784ae558e64f06a3f0a704e53f107a130aa3d43357659d0850131e461""}",e82e5b34f14d01c9cbaaa3952788d87cd7b154fac1c00623e2754cc90a031c59
2,212,formal-highfps-affinity-v1__extra__daylight+mega_wing+pyxel_bubbles+pyxel_snake__r01,formal-highfps-affinity-v1,colocation-extra-test,extra_test,extra_test,"[""daylight"",""mega_wing"",""pyxel_bubbles"",""pyxel_snake""]",daylight,"[""mega_wing"",""pyxel_bubbles"",""pyxel_snake""]",daylight+mega_wing+pyxel_bubbles+pyxel_snake,daylight+mega_wing+pyxel_bubbles+pyxel_snake__r01,,,,1,17927576907099472139,10,30,1,10,windows-rtx4060,0,0,grid_2x2,true,80,5930e8a2f36dfdbf730e9b1c45870f1d5e83007b60ca0adf3f18f46bd5fc6d94,d294a5d8602837dbe32307d6c70879f62902956d,data/raw/formal-highfps-affinity-v1/formal-highfps-affinity-v1__extra__daylight+mega_wing+pyxel_bubbles+pyxel_snake__r01,"{""daylight"":""games/pyxel/apps-src/30SecondsOfDaylight/src/main.py"",""mega_wing"":""games/pyxel/apps-src/mega_wing/mega_wing.py"",""pyxel_bubbles"":""games/pyxel/06_click_game.py"",""pyxel_snake"":""games/pyxel/07_snake.py""}","{""daylight"":""21a365375249e9d7ea05e78dcfe040f09cc1f0c66bd410bae084190c743a028f"",""mega_wing"":""86bad6c02a303806c58137503739241dc6b1e86695f7c0dbf672b5e1a1464e9f"",""pyxel_bubbles"":""54c101e90bdaed839ac4c4284494530d5df37a5819a35f1e41eebb0b3da5d900"",""pyxel_snake"":""bc533fef92d1d358e570f69d979919fe5c1cd8c4da49841104b49a1e661a5ac3""}",bca318ec48d800d9e27f7a487132181967b7d36e34f4342a3a5afdf1a7fb0538
2,213,formal-highfps-affinity-v1__colocation__pyxel_bubbles+pyxel_shooter+pyxel_snake__r02,formal-highfps-affinity-v1,colocation-main,train,colocation,"[""pyxel_bubbles"",""pyxel_shooter"",""pyxel_snake""]",pyxel_bubbles,"[""pyxel_shooter"",""pyxel_snake""]",pyxel_bubbles+pyxel_shooter+pyxel_snake,pyxel_bubbles+pyxel_shooter+pyxel_snake__r02,,,,2,14555748007631107451,10,30,1,10,windows-rtx4060,0,0,grid_2x2,true,80,5930e8a2f36dfdbf730e9b1c45870f1d5e83007b60ca0adf3f18f46bd5fc6d94,d294a5d8602837dbe32307d6c70879f62902956d,data/raw/formal-highfps-affinity-v1/formal-highfps-affinity-v1__colocation__pyxel_bubbles+pyxel_shooter+pyxel_snake__r02,"{""pyxel_bubbles"":""games/pyxel/06_click_game.py"",""pyxel_shooter"":""games/pyxel/09_shooter.py"",""pyxel_snake"":""games/pyxel/07_snake.py""}","{""pyxel_bubbles"":""54c101e90bdaed839ac4c4284494530d5df37a5819a35f1e41eebb0b3da5d900"",""pyxel_shooter"":""0f53e4156907eac41080a8f289e22c89365b3239517c754cf59a51af201d5563"",""pyxel_snake"":""bc533fef92d1d358e570f69d979919fe5c1cd8c4da49841104b49a1e661a5ac3""}",d4430ce26eed24346462eb577cb06ab4d1cbfe4cb087278a0d723b4ba699ab4a
2,214,formal-highfps-affinity-v1__extra__mega_wing+pyxel_jump+pyxel_platformer+pyxel_snake__r01,formal-highfps-affinity-v1,colocation-extra-test,extra_test,extra_test,"[""mega_wing"",""pyxel_jump"",""pyxel_platformer"",""pyxel_snake""]",mega_wing,"[""pyxel_jump"",""pyxel_platformer"",""pyxel_snake""]",mega_wing+pyxel_jump+pyxel_platformer+pyxel_snake,mega_wing+pyxel_jump+pyxel_platformer+pyxel_snake__r01,,,,1,11220244974776969020,10,30,1,10,windows-rtx4060,0,0,grid_2x2,true,80,5930e8a2f36dfdbf730e9b1c45870f1d5e83007b60ca0adf3f18f46bd5fc6d94,d294a5d8602837dbe32307d6c70879f62902956d,data/raw/formal-highfps-affinity-v1/formal-highfps-affinity-v1__extra__mega_wing+pyxel_jump+pyxel_platformer+pyxel_snake__r01,"{""mega_wing"":""games/pyxel/apps-src/mega_wing/mega_wing.py"",""pyxel_jump"":""games/pyxel/02_jump_game.py"",""pyxel_platformer"":""games/pyxel/10_platformer.py"",""pyxel_snake"":""games/pyxel/07_snake.py""}","{""mega_wing"":""86bad6c02a303806c58137503739241dc6b1e86695f7c0dbf672b5e1a1464e9f"",""pyxel_jump"":""4743a825f1c9cae7e049ac52115f4ecf83350db546c00745a54af187d7bc2e46"",""pyxel_platformer"":""1b2c75b49dc9ab0254fb4b724682a4787868814a38d2f08920720dc5b6007ac5"",""pyxel_snake"":""bc533fef92d1d358e570f69d979919fe5c1cd8c4da49841104b49a1e661a5ac3""}",a854e876d12101665338e2d62c337ae8359e9f383247b5f691a7d3770933cf3d
2,215,formal-highfps-affinity-v1__colocation__daylight+space_rescue__r02,formal-highfps-affinity-v1,colocation-main,test,colocation,"[""daylight"",""space_rescue""]",daylight,"[""space_rescue""]",daylight+space_rescue,daylight+space_rescue__r02,,,,2,2343974428120052302,10,30,1,10,windows-rtx4060,0,0,grid_2x2,true,80,5930e8a2f36dfdbf730e9b1c45870f1d5e83007b60ca0adf3f18f46bd5fc6d94,d294a5d8602837dbe32307d6c70879f62902956d,data/raw/formal-highfps-affinity-v1/formal-highfps-affinity-v1__colocation__daylight+space_rescue__r02,"{""daylight"":""games/pyxel/apps-src/30SecondsOfDaylight/src/main.py"",""space_rescue"":""games/pyxel/apps-src/space_rescue/space_rescue.py""}","{""daylight"":""21a365375249e9d7ea05e78dcfe040f09cc1f0c66bd410bae084190c743a028f"",""space_rescue"":""f3b0ab6784ae558e64f06a3f0a704e53f107a130aa3d43357659d0850131e461""}",07acbd86e3ead322aa7bac6d2d330de902e5a006a61d26a690dbc16c50cad054
2,216,formal-highfps-affinity-v1__colocation__daylight+pyxel_jump+space_rescue__r01,formal-highfps-affinity-v1,colocation-main,train,colocation,"[""daylight"",""pyxel_jump"",""space_rescue""]",daylight,"[""pyxel_jump"",""space_rescue""]",daylight+pyxel_jump+space_rescue,daylight+pyxel_jump+space_rescue__r01,,,,1,7581442912106823602,10,30,1,10,windows-rtx4060,0,0,grid_2x2,true,80,5930e8a2f36dfdbf730e9b1c45870f1d5e83007b60ca0adf3f18f46bd5fc6d94,d294a5d8602837dbe32307d6c70879f62902956d,data/raw/formal-highfps-affinity-v1/formal-highfps-affinity-v1__colocation__daylight+pyxel_jump+space_rescue__r01,"{""daylight"":""games/pyxel/apps-src/30SecondsOfDaylight/src/main.py"",""pyxel_jump"":""games/pyxel/02_jump_game.py"",""space_rescue"":""games/pyxel/apps-src/space_rescue/space_rescue.py""}","{""daylight"":""21a365375249e9d7ea05e78dcfe040f09cc1f0c66bd410bae084190c743a028f"",""pyxel_jump"":""4743a825f1c9cae7e049ac52115f4ecf83350db546c00745a54af187d7bc2e46"",""space_rescue"":""f3b0ab6784ae558e64f06a3f0a704e53f107a130aa3d43357659d0850131e461""}",2bf130f40d8cd6884bb823efd3d3826e78a6e778229470750f46534616d0dd0b
2,217,formal-highfps-affinity-v1__extra__mega_wing+pyxel_jump+pyxel_platformer+pyxel_snake__r02,formal-highfps-affinity-v1,colocation-extra-test,extra_test,extra_test,"[""mega_wing"",""pyxel_jump"",""pyxel_platformer"",""pyxel_snake""]",mega_wing,"[""pyxel_jump"",""pyxel_platformer"",""pyxel_snake""]",mega_wing+pyxel_jump+pyxel_platformer+pyxel_snake,mega_wing+pyxel_jump+pyxel_platformer+pyxel_snake__r02,,,,2,5412096916679900861,10,30,1,10,windows-rtx4060,0,0,grid_2x2,true,80,5930e8a2f36dfdbf730e9b1c45870f1d5e83007b60ca0adf3f18f46bd5fc6d94,d294a5d8602837dbe32307d6c70879f62902956d,data/raw/formal-highfps-affinity-v1/formal-highfps-affinity-v1__extra__mega_wing+pyxel_jump+pyxel_platformer+pyxel_snake__r02,"{""mega_wing"":""games/pyxel/apps-src/mega_wing/mega_wing.py"",""pyxel_jump"":""games/pyxel/02_jump_game.py"",""pyxel_platformer"":""games/pyxel/10_platformer.py"",""pyxel_snake"":""games/pyxel/07_snake.py""}","{""mega_wing"":""86bad6c02a303806c58137503739241dc6b1e86695f7c0dbf672b5e1a1464e9f"",""pyxel_jump"":""4743a825f1c9cae7e049ac52115f4ecf83350db546c00745a54af187d7bc2e46"",""pyxel_platformer"":""1b2c75b49dc9ab0254fb4b724682a4787868814a38d2f08920720dc5b6007ac5"",""pyxel_snake"":""bc533fef92d1d358e570f69d979919fe5c1cd8c4da49841104b49a1e661a5ac3""}",5107ec9439952db7595a62ee6af3d070702b86bcd2848d4dcc2c56b3a7e1cd8d
2,218,formal-highfps-affinity-v1__colocation__daylight+pyxel_shooter__r03,formal-highfps-affinity-v1,colocation-main,test,colocation,"[""daylight"",""pyxel_shooter""]",daylight,"[""pyxel_shooter""]",daylight+pyxel_shooter,daylight+pyxel_shooter__r03,,,,3,10033489765748907662,10,30,1,10,windows-rtx4060,0,0,grid_2x2,true,80,5930e8a2f36dfdbf730e9b1c45870f1d5e83007b60ca0adf3f18f46bd5fc6d94,d294a5d8602837dbe32307d6c70879f62902956d,data/raw/formal-highfps-affinity-v1/formal-highfps-affinity-v1__colocation__daylight+pyxel_shooter__r03,"{""daylight"":""games/pyxel/apps-src/30SecondsOfDaylight/src/main.py"",""pyxel_shooter"":""games/pyxel/09_shooter.py""}","{""daylight"":""21a365375249e9d7ea05e78dcfe040f09cc1f0c66bd410bae084190c743a028f"",""pyxel_shooter"":""0f53e4156907eac41080a8f289e22c89365b3239517c754cf59a51af201d5563""}",d6d38eb475c678e5e9e2725ed8f6e2018090138af5a9350f1c2dbcfd38bbb362
2,219,formal-highfps-affinity-v1__colocation__pyxel_snake+space_rescue__r03,formal-highfps-affinity-v1,colocation-main,train,colocation,"[""pyxel_snake"",""space_rescue""]",pyxel_snake,"[""space_rescue""]",pyxel_snake+space_rescue,pyxel_snake+space_rescue__r03,,,,3,14281140852980524376,10,30,1,10,windows-rtx4060,0,0,grid_2x2,true,80,5930e8a2f36dfdbf730e9b1c45870f1d5e83007b60ca0adf3f18f46bd5fc6d94,d294a5d8602837dbe32307d6c70879f62902956d,data/raw/formal-highfps-affinity-v1/formal-highfps-affinity-v1__colocation__pyxel_snake+space_rescue__r03,"{""pyxel_snake"":""games/pyxel/07_snake.py"",""space_rescue"":""games/pyxel/apps-src/space_rescue/space_rescue.py""}","{""pyxel_snake"":""bc533fef92d1d358e570f69d979919fe5c1cd8c4da49841104b49a1e661a5ac3"",""space_rescue"":""f3b0ab6784ae558e64f06a3f0a704e53f107a130aa3d43357659d0850131e461""}",c5728611bfad18ebeb1a2667e17ba9ba120ffe8752dcf499fc8b40205f7ae432
2,220,formal-highfps-affinity-v1__colocation__pyxel_bubbles+pyxel_platformer+pyxel_shooter__r01,formal-highfps-affinity-v1,colocation-main,validation,colocation,"[""pyxel_bubbles"",""pyxel_platformer"",""pyxel_shooter""]",pyxel_bubbles,"[""pyxel_platformer"",""pyxel_shooter""]",pyxel_bubbles+pyxel_platformer+pyxel_shooter,pyxel_bubbles+pyxel_platformer+pyxel_shooter__r01,,,,1,4733635584818572693,10,30,1,10,windows-rtx4060,0,0,grid_2x2,true,80,5930e8a2f36dfdbf730e9b1c45870f1d5e83007b60ca0adf3f18f46bd5fc6d94,d294a5d8602837dbe32307d6c70879f62902956d,data/raw/formal-highfps-affinity-v1/formal-highfps-affinity-v1__colocation__pyxel_bubbles+pyxel_platformer+pyxel_shooter__r01,"{""pyxel_bubbles"":""games/pyxel/06_click_game.py"",""pyxel_platformer"":""games/pyxel/10_platformer.py"",""pyxel_shooter"":""games/pyxel/09_shooter.py""}","{""pyxel_bubbles"":""54c101e90bdaed839ac4c4284494530d5df37a5819a35f1e41eebb0b3da5d900"",""pyxel_platformer"":""1b2c75b49dc9ab0254fb4b724682a4787868814a38d2f08920720dc5b6007ac5"",""pyxel_shooter"":""0f53e4156907eac41080a8f289e22c89365b3239517c754cf59a51af201d5563""}",fdd5ab4b3925712a04765baa3b9f52fbc44ebf69e58d78ad0c99e904dbb0c157
2,221,formal-highfps-affinity-v1__extra__mega_wing+pyxel_bubbles+pyxel_jump+space_rescue__r02,formal-highfps-affinity-v1,colocation-extra-test,extra_test,extra_test,"[""mega_wing"",""pyxel_bubbles"",""pyxel_jump"",""space_rescue""]",mega_wing,"[""pyxel_bubbles"",""pyxel_jump"",""space_rescue""]",mega_wing+pyxel_bubbles+pyxel_jump+space_rescue,mega_wing+pyxel_bubbles+pyxel_jump+space_rescue__r02,,,,2,6164434642108722684,10,30,1,10,windows-rtx4060,0,0,grid_2x2,true,80,5930e8a2f36dfdbf730e9b1c45870f1d5e83007b60ca0adf3f18f46bd5fc6d94,d294a5d8602837dbe32307d6c70879f62902956d,data/raw/formal-highfps-affinity-v1/formal-highfps-affinity-v1__extra__mega_wing+pyxel_bubbles+pyxel_jump+space_rescue__r02,"{""mega_wing"":""games/pyxel/apps-src/mega_wing/mega_wing.py"",""pyxel_bubbles"":""games/pyxel/06_click_game.py"",""pyxel_jump"":""games/pyxel/02_jump_game.py"",""space_rescue"":""games/pyxel/apps-src/space_rescue/space_rescue.py""}","{""mega_wing"":""86bad6c02a303806c58137503739241dc6b1e86695f7c0dbf672b5e1a1464e9f"",""pyxel_bubbles"":""54c101e90bdaed839ac4c4284494530d5df37a5819a35f1e41eebb0b3da5d900"",""pyxel_jump"":""4743a825f1c9cae7e049ac52115f4ecf83350db546c00745a54af187d7bc2e46"",""space_rescue"":""f3b0ab6784ae558e64f06a3f0a704e53f107a130aa3d43357659d0850131e461""}",c74a49d4981a8c2ce696af088437353d6f232ca9e148cb905404ee9ba66ef012
2,222,formal-highfps-affinity-v1__colocation__daylight+pyxel_jump__r01,formal-highfps-affinity-v1,colocation-main,test,colocation,"[""daylight"",""pyxel_jump""]",daylight,"[""pyxel_jump""]",daylight+pyxel_jump,daylight+pyxel_jump__r01,,,,1,1262859870248397632,10,30,1,10,windows-rtx4060,0,0,grid_2x2,true,80,5930e8a2f36dfdbf730e9b1c45870f1d5e83007b60ca0adf3f18f46bd5fc6d94,d294a5d8602837dbe32307d6c70879f62902956d,data/raw/formal-highfps-affinity-v1/formal-highfps-affinity-v1__colocation__daylight+pyxel_jump__r01,"{""daylight"":""games/pyxel/apps-src/30SecondsOfDaylight/src/main.py"",""pyxel_jump"":""games/pyxel/02_jump_game.py""}","{""daylight"":""21a365375249e9d7ea05e78dcfe040f09cc1f0c66bd410bae084190c743a028f"",""pyxel_jump"":""4743a825f1c9cae7e049ac52115f4ecf83350db546c00745a54af187d7bc2e46""}",b3f09b7aefb26d81ba3abba30be08736a26cb110cea3df5b469226e6230edf08
2,223,formal-highfps-affinity-v1__colocation__pyxel_bubbles+space_rescue__r03,formal-highfps-affinity-v1,colocation-main,train,colocation,"[""pyxel_bubbles"",""space_rescue""]",pyxel_bubbles,"[""space_rescue""]",pyxel_bubbles+space_rescue,pyxel_bubbles+space_rescue__r03,,,,3,8057252044865931481,10,30,1,10,windows-rtx4060,0,0,grid_2x2,true,80,5930e8a2f36dfdbf730e9b1c45870f1d5e83007b60ca0adf3f18f46bd5fc6d94,d294a5d8602837dbe32307d6c70879f62902956d,data/raw/formal-highfps-affinity-v1/formal-highfps-affinity-v1__colocation__pyxel_bubbles+space_rescue__r03,"{""pyxel_bubbles"":""games/pyxel/06_click_game.py"",""space_rescue"":""games/pyxel/apps-src/space_rescue/space_rescue.py""}","{""pyxel_bubbles"":""54c101e90bdaed839ac4c4284494530d5df37a5819a35f1e41eebb0b3da5d900"",""space_rescue"":""f3b0ab6784ae558e64f06a3f0a704e53f107a130aa3d43357659d0850131e461""}",171c9b7dd5078beb8104faff3a983c5520577823a76f320bed2af4f3a623b3ec
2,224,formal-highfps-affinity-v1__colocation__pyxel_shooter+space_rescue__r02,formal-highfps-affinity-v1,colocation-main,train,colocation,"[""pyxel_shooter"",""space_rescue""]",pyxel_shooter,"[""space_rescue""]",pyxel_shooter+space_rescue,pyxel_shooter+space_rescue__r02,,,,2,15498335833253296561,10,30,1,10,windows-rtx4060,0,0,grid_2x2,true,80,5930e8a2f36dfdbf730e9b1c45870f1d5e83007b60ca0adf3f18f46bd5fc6d94,d294a5d8602837dbe32307d6c70879f62902956d,data/raw/formal-highfps-affinity-v1/formal-highfps-affinity-v1__colocation__pyxel_shooter+space_rescue__r02,"{""pyxel_shooter"":""games/pyxel/09_shooter.py"",""space_rescue"":""games/pyxel/apps-src/space_rescue/space_rescue.py""}","{""pyxel_shooter"":""0f53e4156907eac41080a8f289e22c89365b3239517c754cf59a51af201d5563"",""space_rescue"":""f3b0ab6784ae558e64f06a3f0a704e53f107a130aa3d43357659d0850131e461""}",4a004670478c449612d32a8bf6aa208619a8eb214cf7b0cde31ce063b73976a3
2,225,formal-highfps-affinity-v1__colocation__pyxel_bubbles+pyxel_shooter__r03,formal-highfps-affinity-v1,colocation-main,train,colocation,"[""pyxel_bubbles"",""pyxel_shooter""]",pyxel_bubbles,"[""pyxel_shooter""]",pyxel_bubbles+pyxel_shooter,pyxel_bubbles+pyxel_shooter__r03,,,,3,7784978273315133933,10,30,1,10,windows-rtx4060,0,0,grid_2x2,true,80,5930e8a2f36dfdbf730e9b1c45870f1d5e83007b60ca0adf3f18f46bd5fc6d94,d294a5d8602837dbe32307d6c70879f62902956d,data/raw/formal-highfps-affinity-v1/formal-highfps-affinity-v1__colocation__pyxel_bubbles+pyxel_shooter__r03,"{""pyxel_bubbles"":""games/pyxel/06_click_game.py"",""pyxel_shooter"":""games/pyxel/09_shooter.py""}","{""pyxel_bubbles"":""54c101e90bdaed839ac4c4284494530d5df37a5819a35f1e41eebb0b3da5d900"",""pyxel_shooter"":""0f53e4156907eac41080a8f289e22c89365b3239517c754cf59a51af201d5563""}",d1fe8d26ef54eda5975c386cd9001b404df3e5f939007e35cef3e63bce5d7bc7
2,226,formal-highfps-affinity-v1__solo__pyxel_platformer__r03,formal-highfps-affinity-v1,solo,not_applicable,solo,"[""pyxel_platformer""]",pyxel_platformer,[],,,,,,3,13258129796867873336,10,30,1,10,windows-rtx4060,0,0,grid_2x2,true,80,5930e8a2f36dfdbf730e9b1c45870f1d5e83007b60ca0adf3f18f46bd5fc6d94,d294a5d8602837dbe32307d6c70879f62902956d,data/raw/formal-highfps-affinity-v1/formal-highfps-affinity-v1__solo__pyxel_platformer__r03,"{""pyxel_platformer"":""games/pyxel/10_platformer.py""}","{""pyxel_platformer"":""1b2c75b49dc9ab0254fb4b724682a4787868814a38d2f08920720dc5b6007ac5""}",54e1f4b56afb5b9283ec31516e6c7be9f418150acb7775ee3fc552d5269abcfc
2,227,formal-highfps-affinity-v1__colocation__daylight+mega_wing+pyxel_jump__r01,formal-highfps-affinity-v1,colocation-main,train,colocation,"[""daylight"",""mega_wing"",""pyxel_jump""]",daylight,"[""mega_wing"",""pyxel_jump""]",daylight+mega_wing+pyxel_jump,daylight+mega_wing+pyxel_jump__r01,,,,1,10667228663385005767,10,30,1,10,windows-rtx4060,0,0,grid_2x2,true,80,5930e8a2f36dfdbf730e9b1c45870f1d5e83007b60ca0adf3f18f46bd5fc6d94,d294a5d8602837dbe32307d6c70879f62902956d,data/raw/formal-highfps-affinity-v1/formal-highfps-affinity-v1__colocation__daylight+mega_wing+pyxel_jump__r01,"{""daylight"":""games/pyxel/apps-src/30SecondsOfDaylight/src/main.py"",""mega_wing"":""games/pyxel/apps-src/mega_wing/mega_wing.py"",""pyxel_jump"":""games/pyxel/02_jump_game.py""}","{""daylight"":""21a365375249e9d7ea05e78dcfe040f09cc1f0c66bd410bae084190c743a028f"",""mega_wing"":""86bad6c02a303806c58137503739241dc6b1e86695f7c0dbf672b5e1a1464e9f"",""pyxel_jump"":""4743a825f1c9cae7e049ac52115f4ecf83350db546c00745a54af187d7bc2e46""}",69b80932f72c6f4190c6748648ae9631ac59d30c4cbe12b59f9d3bd3289853ec
2,228,formal-highfps-affinity-v1__colocation__daylight+pyxel_bubbles+space_rescue__r02,formal-highfps-affinity-v1,colocation-main,train,colocation,"[""daylight"",""pyxel_bubbles"",""space_rescue""]",daylight,"[""pyxel_bubbles"",""space_rescue""]",daylight+pyxel_bubbles+space_rescue,daylight+pyxel_bubbles+space_rescue__r02,,,,2,13076157871158550893,10,30,1,10,windows-rtx4060,0,0,grid_2x2,true,80,5930e8a2f36dfdbf730e9b1c45870f1d5e83007b60ca0adf3f18f46bd5fc6d94,d294a5d8602837dbe32307d6c70879f62902956d,data/raw/formal-highfps-affinity-v1/formal-highfps-affinity-v1__colocation__daylight+pyxel_bubbles+space_rescue__r02,"{""daylight"":""games/pyxel/apps-src/30SecondsOfDaylight/src/main.py"",""pyxel_bubbles"":""games/pyxel/06_click_game.py"",""space_rescue"":""games/pyxel/apps-src/space_rescue/space_rescue.py""}","{""daylight"":""21a365375249e9d7ea05e78dcfe040f09cc1f0c66bd410bae084190c743a028f"",""pyxel_bubbles"":""54c101e90bdaed839ac4c4284494530d5df37a5819a35f1e41eebb0b3da5d900"",""space_rescue"":""f3b0ab6784ae558e64f06a3f0a704e53f107a130aa3d43357659d0850131e461""}",753c40e0ccad319c526f7ff4f4029653b4e7b62a174b064c90fba3c74273319e
2,229,formal-highfps-affinity-v1__colocation__pyxel_bubbles+space_rescue__r02,formal-highfps-affinity-v1,colocation-main,train,colocation,"[""pyxel_bubbles"",""space_rescue""]",pyxel_bubbles,"[""space_rescue""]",pyxel_bubbles+space_rescue,pyxel_bubbles+space_rescue__r02,,,,2,14757913708617749831,10,30,1,10,windows-rtx4060,0,0,grid_2x2,true,80,5930e8a2f36dfdbf730e9b1c45870f1d5e83007b60ca0adf3f18f46bd5fc6d94,d294a5d8602837dbe32307d6c70879f62902956d,data/raw/formal-highfps-affinity-v1/formal-highfps-affinity-v1__colocation__pyxel_bubbles+space_rescue__r02,"{""pyxel_bubbles"":""games/pyxel/06_click_game.py"",""space_rescue"":""games/pyxel/apps-src/space_rescue/space_rescue.py""}","{""pyxel_bubbles"":""54c101e90bdaed839ac4c4284494530d5df37a5819a35f1e41eebb0b3da5d900"",""space_rescue"":""f3b0ab6784ae558e64f06a3f0a704e53f107a130aa3d43357659d0850131e461""}",b204c4336e1c2945b5880a5ba6678576095bb019fec71f633d4844c2026df59d
2,230,formal-highfps-affinity-v1__solo__daylight__r03,formal-highfps-affinity-v1,solo,not_applicable,solo,"[""daylight""]",daylight,[],,,,,,3,9575667836681725899,10,30,1,10,windows-rtx4060,0,0,grid_2x2,true,80,5930e8a2f36dfdbf730e9b1c45870f1d5e83007b60ca0adf3f18f46bd5fc6d94,d294a5d8602837dbe32307d6c70879f62902956d,data/raw/formal-highfps-affinity-v1/formal-highfps-affinity-v1__solo__daylight__r03,"{""daylight"":""games/pyxel/apps-src/30SecondsOfDaylight/src/main.py""}","{""daylight"":""21a365375249e9d7ea05e78dcfe040f09cc1f0c66bd410bae084190c743a028f""}",a0413ccba1e9d7c6738b41ff86d9a13edd74a73056672a1ad959a8624ef418c1
2,231,formal-highfps-affinity-v1__colocation__pyxel_jump+pyxel_platformer+pyxel_snake__r03,formal-highfps-affinity-v1,colocation-main,train,colocation,"[""pyxel_jump"",""pyxel_platformer"",""pyxel_snake""]",pyxel_jump,"[""pyxel_platformer"",""pyxel_snake""]",pyxel_jump+pyxel_platformer+pyxel_snake,pyxel_jump+pyxel_platformer+pyxel_snake__r03,,,,3,16650848774399994307,10,30,1,10,windows-rtx4060,0,0,grid_2x2,true,80,5930e8a2f36dfdbf730e9b1c45870f1d5e83007b60ca0adf3f18f46bd5fc6d94,d294a5d8602837dbe32307d6c70879f62902956d,data/raw/formal-highfps-affinity-v1/formal-highfps-affinity-v1__colocation__pyxel_jump+pyxel_platformer+pyxel_snake__r03,"{""pyxel_jump"":""games/pyxel/02_jump_game.py"",""pyxel_platformer"":""games/pyxel/10_platformer.py"",""pyxel_snake"":""games/pyxel/07_snake.py""}","{""pyxel_jump"":""4743a825f1c9cae7e049ac52115f4ecf83350db546c00745a54af187d7bc2e46"",""pyxel_platformer"":""1b2c75b49dc9ab0254fb4b724682a4787868814a38d2f08920720dc5b6007ac5"",""pyxel_snake"":""bc533fef92d1d358e570f69d979919fe5c1cd8c4da49841104b49a1e661a5ac3""}",c61c715e9bfe362b40c078ba73b497e92007f5e7875eab16aac29cc035e34cc8
2,232,formal-highfps-affinity-v1__colocation__daylight+pyxel_bubbles__r01,formal-highfps-affinity-v1,colocation-main,validation,colocation,"[""daylight"",""pyxel_bubbles""]",daylight,"[""pyxel_bubbles""]",daylight+pyxel_bubbles,daylight+pyxel_bubbles__r01,,,,1,12275198146320755184,10,30,1,10,windows-rtx4060,0,0,grid_2x2,true,80,5930e8a2f36dfdbf730e9b1c45870f1d5e83007b60ca0adf3f18f46bd5fc6d94,d294a5d8602837dbe32307d6c70879f62902956d,data/raw/formal-highfps-affinity-v1/formal-highfps-affinity-v1__colocation__daylight+pyxel_bubbles__r01,"{""daylight"":""games/pyxel/apps-src/30SecondsOfDaylight/src/main.py"",""pyxel_bubbles"":""games/pyxel/06_click_game.py""}","{""daylight"":""21a365375249e9d7ea05e78dcfe040f09cc1f0c66bd410bae084190c743a028f"",""pyxel_bubbles"":""54c101e90bdaed839ac4c4284494530d5df37a5819a35f1e41eebb0b3da5d900""}",fa7f57fed94fc336df29ebb40498caeb9f7e976be716a4d5689220c949431eef
2,233,formal-highfps-affinity-v1__colocation__pyxel_jump+pyxel_shooter+space_rescue__r03,formal-highfps-affinity-v1,colocation-main,validation,colocation,"[""pyxel_jump"",""pyxel_shooter"",""space_rescue""]",pyxel_jump,"[""pyxel_shooter"",""space_rescue""]",pyxel_jump+pyxel_shooter+space_rescue,pyxel_jump+pyxel_shooter+space_rescue__r03,,,,3,18062559485238238903,10,30,1,10,windows-rtx4060,0,0,grid_2x2,true,80,5930e8a2f36dfdbf730e9b1c45870f1d5e83007b60ca0adf3f18f46bd5fc6d94,d294a5d8602837dbe32307d6c70879f62902956d,data/raw/formal-highfps-affinity-v1/formal-highfps-affinity-v1__colocation__pyxel_jump+pyxel_shooter+space_rescue__r03,"{""pyxel_jump"":""games/pyxel/02_jump_game.py"",""pyxel_shooter"":""games/pyxel/09_shooter.py"",""space_rescue"":""games/pyxel/apps-src/space_rescue/space_rescue.py""}","{""pyxel_jump"":""4743a825f1c9cae7e049ac52115f4ecf83350db546c00745a54af187d7bc2e46"",""pyxel_shooter"":""0f53e4156907eac41080a8f289e22c89365b3239517c754cf59a51af201d5563"",""space_rescue"":""f3b0ab6784ae558e64f06a3f0a704e53f107a130aa3d43357659d0850131e461""}",b1c992046282bddf43219b9d01c91b3f66864cc7c4788c6040bbb212ef07e7c8
2,234,formal-highfps-affinity-v1__colocation__pyxel_jump+pyxel_snake__r02,formal-highfps-affinity-v1,colocation-main,validation,colocation,"[""pyxel_jump"",""pyxel_snake""]",pyxel_jump,"[""pyxel_snake""]",pyxel_jump+pyxel_snake,pyxel_jump+pyxel_snake__r02,,,,2,8719686687132582433,10,30,1,10,windows-rtx4060,0,0,grid_2x2,true,80,5930e8a2f36dfdbf730e9b1c45870f1d5e83007b60ca0adf3f18f46bd5fc6d94,d294a5d8602837dbe32307d6c70879f62902956d,data/raw/formal-highfps-affinity-v1/formal-highfps-affinity-v1__colocation__pyxel_jump+pyxel_snake__r02,"{""pyxel_jump"":""games/pyxel/02_jump_game.py"",""pyxel_snake"":""games/pyxel/07_snake.py""}","{""pyxel_jump"":""4743a825f1c9cae7e049ac52115f4ecf83350db546c00745a54af187d7bc2e46"",""pyxel_snake"":""bc533fef92d1d358e570f69d979919fe5c1cd8c4da49841104b49a1e661a5ac3""}",50acda1f46c609273e0e6ba2c5287c892a71784f78c57a165878cb6cfbe57a1a
2,235,formal-highfps-affinity-v1__colocation__daylight+pyxel_bubbles+space_rescue__r01,formal-highfps-affinity-v1,colocation-main,train,colocation,"[""daylight"",""pyxel_bubbles"",""space_rescue""]",daylight,"[""pyxel_bubbles"",""space_rescue""]",daylight+pyxel_bubbles+space_rescue,daylight+pyxel_bubbles+space_rescue__r01,,,,1,423702352028061056,10,30,1,10,windows-rtx4060,0,0,grid_2x2,true,80,5930e8a2f36dfdbf730e9b1c45870f1d5e83007b60ca0adf3f18f46bd5fc6d94,d294a5d8602837dbe32307d6c70879f62902956d,data/raw/formal-highfps-affinity-v1/formal-highfps-affinity-v1__colocation__daylight+pyxel_bubbles+space_rescue__r01,"{""daylight"":""games/pyxel/apps-src/30SecondsOfDaylight/src/main.py"",""pyxel_bubbles"":""games/pyxel/06_click_game.py"",""space_rescue"":""games/pyxel/apps-src/space_rescue/space_rescue.py""}","{""daylight"":""21a365375249e9d7ea05e78dcfe040f09cc1f0c66bd410bae084190c743a028f"",""pyxel_bubbles"":""54c101e90bdaed839ac4c4284494530d5df37a5819a35f1e41eebb0b3da5d900"",""space_rescue"":""f3b0ab6784ae558e64f06a3f0a704e53f107a130aa3d43357659d0850131e461""}",e49c0e9028ae0484e1c9d72ef0b9e916f1dc1785319ff33d5123d8e8fbe29032
2,236,formal-highfps-affinity-v1__colocation__pyxel_shooter+space_rescue__r03,formal-highfps-affinity-v1,colocation-main,train,colocation,"[""pyxel_shooter"",""space_rescue""]",pyxel_shooter,"[""space_rescue""]",pyxel_shooter+space_rescue,pyxel_shooter+space_rescue__r03,,,,3,5935736765789248513,10,30,1,10,windows-rtx4060,0,0,grid_2x2,true,80,5930e8a2f36dfdbf730e9b1c45870f1d5e83007b60ca0adf3f18f46bd5fc6d94,d294a5d8602837dbe32307d6c70879f62902956d,data/raw/formal-highfps-affinity-v1/formal-highfps-affinity-v1__colocation__pyxel_shooter+space_rescue__r03,"{""pyxel_shooter"":""games/pyxel/09_shooter.py"",""space_rescue"":""games/pyxel/apps-src/space_rescue/space_rescue.py""}","{""pyxel_shooter"":""0f53e4156907eac41080a8f289e22c89365b3239517c754cf59a51af201d5563"",""space_rescue"":""f3b0ab6784ae558e64f06a3f0a704e53f107a130aa3d43357659d0850131e461""}",e54344055b54402db87a216b14d8f8291d04916a33e45f691d715d6ff0027674
2,237,formal-highfps-affinity-v1__colocation__daylight+pyxel_jump+space_rescue__r03,formal-highfps-affinity-v1,colocation-main,train,colocation,"[""daylight"",""pyxel_jump"",""space_rescue""]",daylight,"[""pyxel_jump"",""space_rescue""]",daylight+pyxel_jump+space_rescue,daylight+pyxel_jump+space_rescue__r03,,,,3,13707573931073423570,10,30,1,10,windows-rtx4060,0,0,grid_2x2,true,80,5930e8a2f36dfdbf730e9b1c45870f1d5e83007b60ca0adf3f18f46bd5fc6d94,d294a5d8602837dbe32307d6c70879f62902956d,data/raw/formal-highfps-affinity-v1/formal-highfps-affinity-v1__colocation__daylight+pyxel_jump+space_rescue__r03,"{""daylight"":""games/pyxel/apps-src/30SecondsOfDaylight/src/main.py"",""pyxel_jump"":""games/pyxel/02_jump_game.py"",""space_rescue"":""games/pyxel/apps-src/space_rescue/space_rescue.py""}","{""daylight"":""21a365375249e9d7ea05e78dcfe040f09cc1f0c66bd410bae084190c743a028f"",""pyxel_jump"":""4743a825f1c9cae7e049ac52115f4ecf83350db546c00745a54af187d7bc2e46"",""space_rescue"":""f3b0ab6784ae558e64f06a3f0a704e53f107a130aa3d43357659d0850131e461""}",a6d4891816b024f807f76dce31c50d9c0902c942573874ec27c464d465016d44
2,238,formal-highfps-affinity-v1__extra__pyxel_jump+pyxel_platformer+pyxel_shooter+space_rescue__r02,formal-highfps-affinity-v1,colocation-extra-test,extra_test,extra_test,"[""pyxel_jump"",""pyxel_platformer"",""pyxel_shooter"",""space_rescue""]",pyxel_jump,"[""pyxel_platformer"",""pyxel_shooter"",""space_rescue""]",pyxel_jump+pyxel_platformer+pyxel_shooter+space_rescue,pyxel_jump+pyxel_platformer+pyxel_shooter+space_rescue__r02,,,,2,3593831768122101321,10,30,1,10,windows-rtx4060,0,0,grid_2x2,true,80,5930e8a2f36dfdbf730e9b1c45870f1d5e83007b60ca0adf3f18f46bd5fc6d94,d294a5d8602837dbe32307d6c70879f62902956d,data/raw/formal-highfps-affinity-v1/formal-highfps-affinity-v1__extra__pyxel_jump+pyxel_platformer+pyxel_shooter+space_rescue__r02,"{""pyxel_jump"":""games/pyxel/02_jump_game.py"",""pyxel_platformer"":""games/pyxel/10_platformer.py"",""pyxel_shooter"":""games/pyxel/09_shooter.py"",""space_rescue"":""games/pyxel/apps-src/space_rescue/space_rescue.py""}","{""pyxel_jump"":""4743a825f1c9cae7e049ac52115f4ecf83350db546c00745a54af187d7bc2e46"",""pyxel_platformer"":""1b2c75b49dc9ab0254fb4b724682a4787868814a38d2f08920720dc5b6007ac5"",""pyxel_shooter"":""0f53e4156907eac41080a8f289e22c89365b3239517c754cf59a51af201d5563"",""space_rescue"":""f3b0ab6784ae558e64f06a3f0a704e53f107a130aa3d43357659d0850131e461""}",12695458e6fcddcaa51f02276a52190185dc5b2c5654277eb6dff15da7b14d6f
2,239,formal-highfps-affinity-v1__colocation__pyxel_platformer+pyxel_snake+space_rescue__r03,formal-highfps-affinity-v1,colocation-main,validation,colocation,"[""pyxel_platformer"",""pyxel_snake"",""space_rescue""]",pyxel_platformer,"[""pyxel_snake"",""space_rescue""]",pyxel_platformer+pyxel_snake+space_rescue,pyxel_platformer+pyxel_snake+space_rescue__r03,,,,3,17351296107458380326,10,30,1,10,windows-rtx4060,0,0,grid_2x2,true,80,5930e8a2f36dfdbf730e9b1c45870f1d5e83007b60ca0adf3f18f46bd5fc6d94,d294a5d8602837dbe32307d6c70879f62902956d,data/raw/formal-highfps-affinity-v1/formal-highfps-affinity-v1__colocation__pyxel_platformer+pyxel_snake+space_rescue__r03,"{""pyxel_platformer"":""games/pyxel/10_platformer.py"",""pyxel_snake"":""games/pyxel/07_snake.py"",""space_rescue"":""games/pyxel/apps-src/space_rescue/space_rescue.py""}","{""pyxel_platformer"":""1b2c75b49dc9ab0254fb4b724682a4787868814a38d2f08920720dc5b6007ac5"",""pyxel_snake"":""bc533fef92d1d358e570f69d979919fe5c1cd8c4da49841104b49a1e661a5ac3"",""space_rescue"":""f3b0ab6784ae558e64f06a3f0a704e53f107a130aa3d43357659d0850131e461""}",6fbe08e899957c9da3416aaf3e6a1af87c658fe3b1e869034c468797ce900003
2,240,formal-highfps-affinity-v1__colocation__pyxel_bubbles+pyxel_jump+pyxel_snake__r03,formal-highfps-affinity-v1,colocation-main,train,colocation,"[""pyxel_bubbles"",""pyxel_jump"",""pyxel_snake""]",pyxel_bubbles,"[""pyxel_jump"",""pyxel_snake""]",pyxel_bubbles+pyxel_jump+pyxel_snake,pyxel_bubbles+pyxel_jump+pyxel_snake__r03,,,,3,11116689002804186240,10,30,1,10,windows-rtx4060,0,0,grid_2x2,true,80,5930e8a2f36dfdbf730e9b1c45870f1d5e83007b60ca0adf3f18f46bd5fc6d94,d294a5d8602837dbe32307d6c70879f62902956d,data/raw/formal-highfps-affinity-v1/formal-highfps-affinity-v1__colocation__pyxel_bubbles+pyxel_jump+pyxel_snake__r03,"{""pyxel_bubbles"":""games/pyxel/06_click_game.py"",""pyxel_jump"":""games/pyxel/02_jump_game.py"",""pyxel_snake"":""games/pyxel/07_snake.py""}","{""pyxel_bubbles"":""54c101e90bdaed839ac4c4284494530d5df37a5819a35f1e41eebb0b3da5d900"",""pyxel_jump"":""4743a825f1c9cae7e049ac52115f4ecf83350db546c00745a54af187d7bc2e46"",""pyxel_snake"":""bc533fef92d1d358e570f69d979919fe5c1cd8c4da49841104b49a1e661a5ac3""}",5a778e3cf2238d5c7544dc7ae0385cda7c1d2301ff525761f26c25131452521b
