schema_version,execution_index,run_id,experiment_id,stage,split,mode,workload_ids,target_id,neighbor_ids,combination_key,colocation_id,resource,pressure_requested,repeat,seed,warmup_s,duration_s,sample_interval_s,cooldown_s,host_id,gpu_index,display_index,window_layout,require_visible_windows,max_gpu_temp_c,config_sha256,root_commit,run_directory,game_entrypoints,game_sha256s,row_sha256
1,1,formal-v1__colocation__pyxel_jump+pyxel_platformer__r02,formal-v1,colocation-main,train,colocation,"[""pyxel_jump"",""pyxel_platformer""]",pyxel_jump,"[""pyxel_platformer""]",pyxel_jump+pyxel_platformer,pyxel_jump+pyxel_platformer__r02,,,2,539541111971655804,20,60,1,20,windows-rtx4060,0,0,grid_2x2,true,82,1f4e3f3ce1069ad1b142225e539ac838483cf248849a3ee4b2d0608dd6f525bd,71ed4d4e65751a5957c2b1b7954da195b59eb885,data/raw/formal-v1/formal-v1__colocation__pyxel_jump+pyxel_platformer__r02,"{""pyxel_jump"":""games/pyxel/02_jump_game.py"",""pyxel_platformer"":""games/pyxel/10_platformer.py""}","{""pyxel_jump"":""4743a825f1c9cae7e049ac52115f4ecf83350db546c00745a54af187d7bc2e46"",""pyxel_platformer"":""1b2c75b49dc9ab0254fb4b724682a4787868814a38d2f08920720dc5b6007ac5""}",b209447e9c53b14d2ce4542285082db9e34e72ba4203f2a4ae211bc31bb505df
1,2,formal-v1__profile__pyxel_bubbles__gpu_compute__p025__r02,formal-v1,profile,not_applicable,pressure_profile,"[""pyxel_bubbles""]",pyxel_bubbles,[],,,gpu_compute,0.25,2,16621864881322943949,20,60,1,20,windows-rtx4060,0,0,grid_2x2,true,82,1f4e3f3ce1069ad1b142225e539ac838483cf248849a3ee4b2d0608dd6f525bd,71ed4d4e65751a5957c2b1b7954da195b59eb885,data/raw/formal-v1/formal-v1__profile__pyxel_bubbles__gpu_compute__p025__r02,"{""pyxel_bubbles"":""games/pyxel/06_click_game.py""}","{""pyxel_bubbles"":""54c101e90bdaed839ac4c4284494530d5df37a5819a35f1e41eebb0b3da5d900""}",79b365b51af063442f83a4bfe0b67b1b6d205c2b878b8ee3ca0128d164fb7ce8
1,3,formal-v1__profile__pyxel_snake__cpu_compute__p050__r01,formal-v1,profile,not_applicable,pressure_profile,"[""pyxel_snake""]",pyxel_snake,[],,,cpu_compute,0.5,1,9921734542372112850,20,60,1,20,windows-rtx4060,0,0,grid_2x2,true,82,1f4e3f3ce1069ad1b142225e539ac838483cf248849a3ee4b2d0608dd6f525bd,71ed4d4e65751a5957c2b1b7954da195b59eb885,data/raw/formal-v1/formal-v1__profile__pyxel_snake__cpu_compute__p050__r01,"{""pyxel_snake"":""games/pyxel/07_snake.py""}","{""pyxel_snake"":""bc533fef92d1d358e570f69d979919fe5c1cd8c4da49841104b49a1e661a5ac3""}",f60cf2b2895a8e430fa674b1bfc87d37c0b2c693bd45b47e4f072c11d2275c57
1,4,formal-v1__profile__pyxel_bubbles__gpu_compute__p100__r02,formal-v1,profile,not_applicable,pressure_profile,"[""pyxel_bubbles""]",pyxel_bubbles,[],,,gpu_compute,1,2,342507276424832333,20,60,1,20,windows-rtx4060,0,0,grid_2x2,true,82,1f4e3f3ce1069ad1b142225e539ac838483cf248849a3ee4b2d0608dd6f525bd,71ed4d4e65751a5957c2b1b7954da195b59eb885,data/raw/formal-v1/formal-v1__profile__pyxel_bubbles__gpu_compute__p100__r02,"{""pyxel_bubbles"":""games/pyxel/06_click_game.py""}","{""pyxel_bubbles"":""54c101e90bdaed839ac4c4284494530d5df37a5819a35f1e41eebb0b3da5d900""}",32657f63b8ed01e9beb9fe34ef9e2d5fd404ec31bfc19b7bc80b8800bfe83396
1,5,formal-v1__extra__pyxel_bubbles+pyxel_jump+pyxel_shooter+pyxel_snake__r01,formal-v1,colocation-extra-test,extra_test,extra_test,"[""pyxel_bubbles"",""pyxel_jump"",""pyxel_shooter"",""pyxel_snake""]",pyxel_bubbles,"[""pyxel_jump"",""pyxel_shooter"",""pyxel_snake""]",pyxel_bubbles+pyxel_jump+pyxel_shooter+pyxel_snake,pyxel_bubbles+pyxel_jump+pyxel_shooter+pyxel_snake__r01,,,1,2588038058385549033,20,60,1,20,windows-rtx4060,0,0,grid_2x2,true,82,1f4e3f3ce1069ad1b142225e539ac838483cf248849a3ee4b2d0608dd6f525bd,71ed4d4e65751a5957c2b1b7954da195b59eb885,data/raw/formal-v1/formal-v1__extra__pyxel_bubbles+pyxel_jump+pyxel_shooter+pyxel_snake__r01,"{""pyxel_bubbles"":""games/pyxel/06_click_game.py"",""pyxel_jump"":""games/pyxel/02_jump_game.py"",""pyxel_shooter"":""games/pyxel/09_shooter.py"",""pyxel_snake"":""games/pyxel/07_snake.py""}","{""pyxel_bubbles"":""54c101e90bdaed839ac4c4284494530d5df37a5819a35f1e41eebb0b3da5d900"",""pyxel_jump"":""4743a825f1c9cae7e049ac52115f4ecf83350db546c00745a54af187d7bc2e46"",""pyxel_shooter"":""0f53e4156907eac41080a8f289e22c89365b3239517c754cf59a51af201d5563"",""pyxel_snake"":""bc533fef92d1d358e570f69d979919fe5c1cd8c4da49841104b49a1e661a5ac3""}",0a53b97b53d3b7f5e246d2933c763486c0fd4cb6053bb74ff36fcd82f379cba8
1,6,formal-v1__profile__pyxel_shooter__gpu_compute__p000__r02,formal-v1,profile,not_applicable,pressure_profile,"[""pyxel_shooter""]",pyxel_shooter,[],,,gpu_compute,0,2,11458271528172579681,20,60,1,20,windows-rtx4060,0,0,grid_2x2,true,82,1f4e3f3ce1069ad1b142225e539ac838483cf248849a3ee4b2d0608dd6f525bd,71ed4d4e65751a5957c2b1b7954da195b59eb885,data/raw/formal-v1/formal-v1__profile__pyxel_shooter__gpu_compute__p000__r02,"{""pyxel_shooter"":""games/pyxel/09_shooter.py""}","{""pyxel_shooter"":""0f53e4156907eac41080a8f289e22c89365b3239517c754cf59a51af201d5563""}",4627cc207e36a96db13f3bb6157d9f5fe83ea4413b8f26854eefdc7598b1b044
1,7,formal-v1__profile__mega_wing__cpu_compute__p100__r03,formal-v1,profile,not_applicable,pressure_profile,"[""mega_wing""]",mega_wing,[],,,cpu_compute,1,3,1670053174466730882,20,60,1,20,windows-rtx4060,0,0,grid_2x2,true,82,1f4e3f3ce1069ad1b142225e539ac838483cf248849a3ee4b2d0608dd6f525bd,71ed4d4e65751a5957c2b1b7954da195b59eb885,data/raw/formal-v1/formal-v1__profile__mega_wing__cpu_compute__p100__r03,"{""mega_wing"":""games/pyxel/apps-src/mega_wing/mega_wing.py""}","{""mega_wing"":""86bad6c02a303806c58137503739241dc6b1e86695f7c0dbf672b5e1a1464e9f""}",3420745603e8dda1ae48cf681aff9d7eaf8befcc501821a56f9f12ec5095f9c3
1,8,formal-v1__colocation__pyxel_shooter+pyxel_snake+space_rescue__r02,formal-v1,colocation-main,validation,colocation,"[""pyxel_shooter"",""pyxel_snake"",""space_rescue""]",pyxel_shooter,"[""pyxel_snake"",""space_rescue""]",pyxel_shooter+pyxel_snake+space_rescue,pyxel_shooter+pyxel_snake+space_rescue__r02,,,2,11797324761857393826,20,60,1,20,windows-rtx4060,0,0,grid_2x2,true,82,1f4e3f3ce1069ad1b142225e539ac838483cf248849a3ee4b2d0608dd6f525bd,71ed4d4e65751a5957c2b1b7954da195b59eb885,data/raw/formal-v1/formal-v1__colocation__pyxel_shooter+pyxel_snake+space_rescue__r02,"{""pyxel_shooter"":""games/pyxel/09_shooter.py"",""pyxel_snake"":""games/pyxel/07_snake.py"",""space_rescue"":""games/pyxel/apps-src/space_rescue/space_rescue.py""}","{""pyxel_shooter"":""0f53e4156907eac41080a8f289e22c89365b3239517c754cf59a51af201d5563"",""pyxel_snake"":""bc533fef92d1d358e570f69d979919fe5c1cd8c4da49841104b49a1e661a5ac3"",""space_rescue"":""f3b0ab6784ae558e64f06a3f0a704e53f107a130aa3d43357659d0850131e461""}",9896d3df60576fa53df6388a6983fe3cbce6993695b867970836ab10d7f6cb4b
1,9,formal-v1__extra__daylight+pyxel_bubbles+pyxel_shooter+space_rescue__r03,formal-v1,colocation-extra-test,extra_test,extra_test,"[""daylight"",""pyxel_bubbles"",""pyxel_shooter"",""space_rescue""]",daylight,"[""pyxel_bubbles"",""pyxel_shooter"",""space_rescue""]",daylight+pyxel_bubbles+pyxel_shooter+space_rescue,daylight+pyxel_bubbles+pyxel_shooter+space_rescue__r03,,,3,15073077576397670072,20,60,1,20,windows-rtx4060,0,0,grid_2x2,true,82,1f4e3f3ce1069ad1b142225e539ac838483cf248849a3ee4b2d0608dd6f525bd,71ed4d4e65751a5957c2b1b7954da195b59eb885,data/raw/formal-v1/formal-v1__extra__daylight+pyxel_bubbles+pyxel_shooter+space_rescue__r03,"{""daylight"":""games/pyxel/apps-src/30SecondsOfDaylight/src/main.py"",""pyxel_bubbles"":""games/pyxel/06_click_game.py"",""pyxel_shooter"":""games/pyxel/09_shooter.py"",""space_rescue"":""games/pyxel/apps-src/space_rescue/space_rescue.py""}","{""daylight"":""21a365375249e9d7ea05e78dcfe040f09cc1f0c66bd410bae084190c743a028f"",""pyxel_bubbles"":""54c101e90bdaed839ac4c4284494530d5df37a5819a35f1e41eebb0b3da5d900"",""pyxel_shooter"":""0f53e4156907eac41080a8f289e22c89365b3239517c754cf59a51af201d5563"",""space_rescue"":""f3b0ab6784ae558e64f06a3f0a704e53f107a130aa3d43357659d0850131e461""}",e0bef0c973f1e00d347f6bf711b6b643f903ee8cd79b114382bf43c40e5c360c
1,10,formal-v1__extra__mega_wing+pyxel_shooter+pyxel_snake+space_rescue__r01,formal-v1,colocation-extra-test,extra_test,extra_test,"[""mega_wing"",""pyxel_shooter"",""pyxel_snake"",""space_rescue""]",mega_wing,"[""pyxel_shooter"",""pyxel_snake"",""space_rescue""]",mega_wing+pyxel_shooter+pyxel_snake+space_rescue,mega_wing+pyxel_shooter+pyxel_snake+space_rescue__r01,,,1,6250839922291618935,20,60,1,20,windows-rtx4060,0,0,grid_2x2,true,82,1f4e3f3ce1069ad1b142225e539ac838483cf248849a3ee4b2d0608dd6f525bd,71ed4d4e65751a5957c2b1b7954da195b59eb885,data/raw/formal-v1/formal-v1__extra__mega_wing+pyxel_shooter+pyxel_snake+space_rescue__r01,"{""mega_wing"":""games/pyxel/apps-src/mega_wing/mega_wing.py"",""pyxel_shooter"":""games/pyxel/09_shooter.py"",""pyxel_snake"":""games/pyxel/07_snake.py"",""space_rescue"":""games/pyxel/apps-src/space_rescue/space_rescue.py""}","{""mega_wing"":""86bad6c02a303806c58137503739241dc6b1e86695f7c0dbf672b5e1a1464e9f"",""pyxel_shooter"":""0f53e4156907eac41080a8f289e22c89365b3239517c754cf59a51af201d5563"",""pyxel_snake"":""bc533fef92d1d358e570f69d979919fe5c1cd8c4da49841104b49a1e661a5ac3"",""space_rescue"":""f3b0ab6784ae558e64f06a3f0a704e53f107a130aa3d43357659d0850131e461""}",86e4cfc3f3e585fbdbc950e873561d655a53e0866e02bdac9769275113859ad9
1,11,formal-v1__profile__pyxel_shooter__gpu_memory__p050__r03,formal-v1,profile,not_applicable,pressure_profile,"[""pyxel_shooter""]",pyxel_shooter,[],,,gpu_memory,0.5,3,9006778106117681636,20,60,1,20,windows-rtx4060,0,0,grid_2x2,true,82,1f4e3f3ce1069ad1b142225e539ac838483cf248849a3ee4b2d0608dd6f525bd,71ed4d4e65751a5957c2b1b7954da195b59eb885,data/raw/formal-v1/formal-v1__profile__pyxel_shooter__gpu_memory__p050__r03,"{""pyxel_shooter"":""games/pyxel/09_shooter.py""}","{""pyxel_shooter"":""0f53e4156907eac41080a8f289e22c89365b3239517c754cf59a51af201d5563""}",20ed509b6b6dc93104e413ba59975d335e655c17f6e02476b534df416ba75638
1,12,formal-v1__profile__pyxel_snake__cpu_compute__p000__r02,formal-v1,profile,not_applicable,pressure_profile,"[""pyxel_snake""]",pyxel_snake,[],,,cpu_compute,0,2,4020291816614470863,20,60,1,20,windows-rtx4060,0,0,grid_2x2,true,82,1f4e3f3ce1069ad1b142225e539ac838483cf248849a3ee4b2d0608dd6f525bd,71ed4d4e65751a5957c2b1b7954da195b59eb885,data/raw/formal-v1/formal-v1__profile__pyxel_snake__cpu_compute__p000__r02,"{""pyxel_snake"":""games/pyxel/07_snake.py""}","{""pyxel_snake"":""bc533fef92d1d358e570f69d979919fe5c1cd8c4da49841104b49a1e661a5ac3""}",b095ac0dbcd7d01575227e049a39999350bd0332f453e2925e575d9a0d6ba817
1,13,formal-v1__profile__pyxel_bubbles__cpu_compute__p075__r02,formal-v1,profile,not_applicable,pressure_profile,"[""pyxel_bubbles""]",pyxel_bubbles,[],,,cpu_compute,0.75,2,13748643829131777805,20,60,1,20,windows-rtx4060,0,0,grid_2x2,true,82,1f4e3f3ce1069ad1b142225e539ac838483cf248849a3ee4b2d0608dd6f525bd,71ed4d4e65751a5957c2b1b7954da195b59eb885,data/raw/formal-v1/formal-v1__profile__pyxel_bubbles__cpu_compute__p075__r02,"{""pyxel_bubbles"":""games/pyxel/06_click_game.py""}","{""pyxel_bubbles"":""54c101e90bdaed839ac4c4284494530d5df37a5819a35f1e41eebb0b3da5d900""}",37a9dffd19519e857108c3166c4e547b665872a23cc54c36d411e1f2b309c6e3
1,14,formal-v1__solo__daylight__r01,formal-v1,solo,not_applicable,solo,"[""daylight""]",daylight,[],,,,,1,44879349506408657,20,60,1,20,windows-rtx4060,0,0,grid_2x2,true,82,1f4e3f3ce1069ad1b142225e539ac838483cf248849a3ee4b2d0608dd6f525bd,71ed4d4e65751a5957c2b1b7954da195b59eb885,data/raw/formal-v1/formal-v1__solo__daylight__r01,"{""daylight"":""games/pyxel/apps-src/30SecondsOfDaylight/src/main.py""}","{""daylight"":""21a365375249e9d7ea05e78dcfe040f09cc1f0c66bd410bae084190c743a028f""}",595f06096626f62f9ad362e96220140607c373431e91ec7c92f3b8e1688cc147
1,15,formal-v1__profile__pyxel_platformer__gpu_memory__p050__r01,formal-v1,profile,not_applicable,pressure_profile,"[""pyxel_platformer""]",pyxel_platformer,[],,,gpu_memory,0.5,1,10255546359852823889,20,60,1,20,windows-rtx4060,0,0,grid_2x2,true,82,1f4e3f3ce1069ad1b142225e539ac838483cf248849a3ee4b2d0608dd6f525bd,71ed4d4e65751a5957c2b1b7954da195b59eb885,data/raw/formal-v1/formal-v1__profile__pyxel_platformer__gpu_memory__p050__r01,"{""pyxel_platformer"":""games/pyxel/10_platformer.py""}","{""pyxel_platformer"":""1b2c75b49dc9ab0254fb4b724682a4787868814a38d2f08920720dc5b6007ac5""}",84f9b2891d8e42af91beae09fcc523aa0c2236311da96203b74c2a80256fd644
1,16,formal-v1__profile__pyxel_snake__gpu_compute__p100__r03,formal-v1,profile,not_applicable,pressure_profile,"[""pyxel_snake""]",pyxel_snake,[],,,gpu_compute,1,3,7682161995550926991,20,60,1,20,windows-rtx4060,0,0,grid_2x2,true,82,1f4e3f3ce1069ad1b142225e539ac838483cf248849a3ee4b2d0608dd6f525bd,71ed4d4e65751a5957c2b1b7954da195b59eb885,data/raw/formal-v1/formal-v1__profile__pyxel_snake__gpu_compute__p100__r03,"{""pyxel_snake"":""games/pyxel/07_snake.py""}","{""pyxel_snake"":""bc533fef92d1d358e570f69d979919fe5c1cd8c4da49841104b49a1e661a5ac3""}",7eb3f41a9d2ba2c83fb0aabca442aaa873813de73e8132eba1383bfb5ecfcbcc
1,17,formal-v1__profile__space_rescue__cpu_compute__p100__r03,formal-v1,profile,not_applicable,pressure_profile,"[""space_rescue""]",space_rescue,[],,,cpu_compute,1,3,14293589899628780498,20,60,1,20,windows-rtx4060,0,0,grid_2x2,true,82,1f4e3f3ce1069ad1b142225e539ac838483cf248849a3ee4b2d0608dd6f525bd,71ed4d4e65751a5957c2b1b7954da195b59eb885,data/raw/formal-v1/formal-v1__profile__space_rescue__cpu_compute__p100__r03,"{""space_rescue"":""games/pyxel/apps-src/space_rescue/space_rescue.py""}","{""space_rescue"":""f3b0ab6784ae558e64f06a3f0a704e53f107a130aa3d43357659d0850131e461""}",5efbf448449b2b2ddefb94170d7ee1cef5f1032f9f81b6a2132a59113df8fd6c
1,18,formal-v1__solo__mega_wing__r03,formal-v1,solo,not_applicable,solo,"[""mega_wing""]",mega_wing,[],,,,,3,4598453964554603727,20,60,1,20,windows-rtx4060,0,0,grid_2x2,true,82,1f4e3f3ce1069ad1b142225e539ac838483cf248849a3ee4b2d0608dd6f525bd,71ed4d4e65751a5957c2b1b7954da195b59eb885,data/raw/formal-v1/formal-v1__solo__mega_wing__r03,"{""mega_wing"":""games/pyxel/apps-src/mega_wing/mega_wing.py""}","{""mega_wing"":""86bad6c02a303806c58137503739241dc6b1e86695f7c0dbf672b5e1a1464e9f""}",95c330c54872847ff66f3d5fbd69294497a3218fa9f99fc6f232d93619af25d2
1,19,formal-v1__profile__mega_wing__cpu_compute__p100__r01,formal-v1,profile,not_applicable,pressure_profile,"[""mega_wing""]",mega_wing,[],,,cpu_compute,1,1,6673033510959147935,20,60,1,20,windows-rtx4060,0,0,grid_2x2,true,82,1f4e3f3ce1069ad1b142225e539ac838483cf248849a3ee4b2d0608dd6f525bd,71ed4d4e65751a5957c2b1b7954da195b59eb885,data/raw/formal-v1/formal-v1__profile__mega_wing__cpu_compute__p100__r01,"{""mega_wing"":""games/pyxel/apps-src/mega_wing/mega_wing.py""}","{""mega_wing"":""86bad6c02a303806c58137503739241dc6b1e86695f7c0dbf672b5e1a1464e9f""}",e1b851deb18bf87d96c853e95393f14217ae6d4629232d9344afe0ee204cd042
1,20,formal-v1__profile__pyxel_shooter__memory_bandwidth__p050__r03,formal-v1,profile,not_applicable,pressure_profile,"[""pyxel_shooter""]",pyxel_shooter,[],,,memory_bandwidth,0.5,3,3504418742781066102,20,60,1,20,windows-rtx4060,0,0,grid_2x2,true,82,1f4e3f3ce1069ad1b142225e539ac838483cf248849a3ee4b2d0608dd6f525bd,71ed4d4e65751a5957c2b1b7954da195b59eb885,data/raw/formal-v1/formal-v1__profile__pyxel_shooter__memory_bandwidth__p050__r03,"{""pyxel_shooter"":""games/pyxel/09_shooter.py""}","{""pyxel_shooter"":""0f53e4156907eac41080a8f289e22c89365b3239517c754cf59a51af201d5563""}",f9c14a6e854e72640174cc7a60df1df4bb4c06c6911316ed85854772d42dc54b
1,21,formal-v1__colocation__mega_wing+pyxel_snake+space_rescue__r03,formal-v1,colocation-main,train,colocation,"[""mega_wing"",""pyxel_snake"",""space_rescue""]",mega_wing,"[""pyxel_snake"",""space_rescue""]",mega_wing+pyxel_snake+space_rescue,mega_wing+pyxel_snake+space_rescue__r03,,,3,8142017781895895066,20,60,1,20,windows-rtx4060,0,0,grid_2x2,true,82,1f4e3f3ce1069ad1b142225e539ac838483cf248849a3ee4b2d0608dd6f525bd,71ed4d4e65751a5957c2b1b7954da195b59eb885,data/raw/formal-v1/formal-v1__colocation__mega_wing+pyxel_snake+space_rescue__r03,"{""mega_wing"":""games/pyxel/apps-src/mega_wing/mega_wing.py"",""pyxel_snake"":""games/pyxel/07_snake.py"",""space_rescue"":""games/pyxel/apps-src/space_rescue/space_rescue.py""}","{""mega_wing"":""86bad6c02a303806c58137503739241dc6b1e86695f7c0dbf672b5e1a1464e9f"",""pyxel_snake"":""bc533fef92d1d358e570f69d979919fe5c1cd8c4da49841104b49a1e661a5ac3"",""space_rescue"":""f3b0ab6784ae558e64f06a3f0a704e53f107a130aa3d43357659d0850131e461""}",d8bdb063a11725d37625248eebc36c03b6bb5eca5bea2eda71f84dc8199cd786
1,22,formal-v1__profile__pyxel_jump__memory_bandwidth__p050__r01,formal-v1,profile,not_applicable,pressure_profile,"[""pyxel_jump""]",pyxel_jump,[],,,memory_bandwidth,0.5,1,6172709388259186092,20,60,1,20,windows-rtx4060,0,0,grid_2x2,true,82,1f4e3f3ce1069ad1b142225e539ac838483cf248849a3ee4b2d0608dd6f525bd,71ed4d4e65751a5957c2b1b7954da195b59eb885,data/raw/formal-v1/formal-v1__profile__pyxel_jump__memory_bandwidth__p050__r01,"{""pyxel_jump"":""games/pyxel/02_jump_game.py""}","{""pyxel_jump"":""4743a825f1c9cae7e049ac52115f4ecf83350db546c00745a54af187d7bc2e46""}",2312d7a3d31ea6a3ee201e34e684002cd2dd0e3e7066b65fea2fd2a706783ac5
1,23,formal-v1__profile__space_rescue__gpu_memory__p000__r02,formal-v1,profile,not_applicable,pressure_profile,"[""space_rescue""]",space_rescue,[],,,gpu_memory,0,2,3079260081899124766,20,60,1,20,windows-rtx4060,0,0,grid_2x2,true,82,1f4e3f3ce1069ad1b142225e539ac838483cf248849a3ee4b2d0608dd6f525bd,71ed4d4e65751a5957c2b1b7954da195b59eb885,data/raw/formal-v1/formal-v1__profile__space_rescue__gpu_memory__p000__r02,"{""space_rescue"":""games/pyxel/apps-src/space_rescue/space_rescue.py""}","{""space_rescue"":""f3b0ab6784ae558e64f06a3f0a704e53f107a130aa3d43357659d0850131e461""}",cbfd7682918b2fe13fab9a72afb055caf653f76e5475ac49820d43bf25cb3cd4
1,24,formal-v1__profile__pyxel_snake__gpu_compute__p000__r03,formal-v1,profile,not_applicable,pressure_profile,"[""pyxel_snake""]",pyxel_snake,[],,,gpu_compute,0,3,9517669181605721885,20,60,1,20,windows-rtx4060,0,0,grid_2x2,true,82,1f4e3f3ce1069ad1b142225e539ac838483cf248849a3ee4b2d0608dd6f525bd,71ed4d4e65751a5957c2b1b7954da195b59eb885,data/raw/formal-v1/formal-v1__profile__pyxel_snake__gpu_compute__p000__r03,"{""pyxel_snake"":""games/pyxel/07_snake.py""}","{""pyxel_snake"":""bc533fef92d1d358e570f69d979919fe5c1cd8c4da49841104b49a1e661a5ac3""}",741874b60fdabb950e8c92df8c8968906b94cdb5278cab321d580222f916d44d
1,25,formal-v1__profile__pyxel_snake__gpu_memory__p025__r03,formal-v1,profile,not_applicable,pressure_profile,"[""pyxel_snake""]",pyxel_snake,[],,,gpu_memory,0.25,3,12371074906794683208,20,60,1,20,windows-rtx4060,0,0,grid_2x2,true,82,1f4e3f3ce1069ad1b142225e539ac838483cf248849a3ee4b2d0608dd6f525bd,71ed4d4e65751a5957c2b1b7954da195b59eb885,data/raw/formal-v1/formal-v1__profile__pyxel_snake__gpu_memory__p025__r03,"{""pyxel_snake"":""games/pyxel/07_snake.py""}","{""pyxel_snake"":""bc533fef92d1d358e570f69d979919fe5c1cd8c4da49841104b49a1e661a5ac3""}",66d406d37a366bb1d5aebfe5cf11252e217949e60f788063c6e8d3eae7001ed1
1,26,formal-v1__profile__pyxel_jump__gpu_memory__p000__r02,formal-v1,profile,not_applicable,pressure_profile,"[""pyxel_jump""]",pyxel_jump,[],,,gpu_memory,0,2,16773997778953179508,20,60,1,20,windows-rtx4060,0,0,grid_2x2,true,82,1f4e3f3ce1069ad1b142225e539ac838483cf248849a3ee4b2d0608dd6f525bd,71ed4d4e65751a5957c2b1b7954da195b59eb885,data/raw/formal-v1/formal-v1__profile__pyxel_jump__gpu_memory__p000__r02,"{""pyxel_jump"":""games/pyxel/02_jump_game.py""}","{""pyxel_jump"":""4743a825f1c9cae7e049ac52115f4ecf83350db546c00745a54af187d7bc2e46""}",17e134ecd4d316f112d5b9b58478bfdcf0f7061545ff03a6c90428ba4fca84e8
1,27,formal-v1__solo__pyxel_bubbles__r03,formal-v1,solo,not_applicable,solo,"[""pyxel_bubbles""]",pyxel_bubbles,[],,,,,3,13166571500155742058,20,60,1,20,windows-rtx4060,0,0,grid_2x2,true,82,1f4e3f3ce1069ad1b142225e539ac838483cf248849a3ee4b2d0608dd6f525bd,71ed4d4e65751a5957c2b1b7954da195b59eb885,data/raw/formal-v1/formal-v1__solo__pyxel_bubbles__r03,"{""pyxel_bubbles"":""games/pyxel/06_click_game.py""}","{""pyxel_bubbles"":""54c101e90bdaed839ac4c4284494530d5df37a5819a35f1e41eebb0b3da5d900""}",be6ce27746aa38dfd63c4aa7dcf3c0b37a5fdc2ff0ec9456e379aa2f3e7e8fff
1,28,formal-v1__colocation__daylight+pyxel_bubbles+pyxel_platformer__r02,formal-v1,colocation-main,test,colocation,"[""daylight"",""pyxel_bubbles"",""pyxel_platformer""]",daylight,"[""pyxel_bubbles"",""pyxel_platformer""]",daylight+pyxel_bubbles+pyxel_platformer,daylight+pyxel_bubbles+pyxel_platformer__r02,,,2,3256605726736093810,20,60,1,20,windows-rtx4060,0,0,grid_2x2,true,82,1f4e3f3ce1069ad1b142225e539ac838483cf248849a3ee4b2d0608dd6f525bd,71ed4d4e65751a5957c2b1b7954da195b59eb885,data/raw/formal-v1/formal-v1__colocation__daylight+pyxel_bubbles+pyxel_platformer__r02,"{""daylight"":""games/pyxel/apps-src/30SecondsOfDaylight/src/main.py"",""pyxel_bubbles"":""games/pyxel/06_click_game.py"",""pyxel_platformer"":""games/pyxel/10_platformer.py""}","{""daylight"":""21a365375249e9d7ea05e78dcfe040f09cc1f0c66bd410bae084190c743a028f"",""pyxel_bubbles"":""54c101e90bdaed839ac4c4284494530d5df37a5819a35f1e41eebb0b3da5d900"",""pyxel_platformer"":""1b2c75b49dc9ab0254fb4b724682a4787868814a38d2f08920720dc5b6007ac5""}",de71f32b897225e285728abcb08e7a5195d4cf127fa14b154ed62689c255a745
1,29,formal-v1__colocation__daylight+mega_wing__r01,formal-v1,colocation-main,test,colocation,"[""daylight"",""mega_wing""]",daylight,"[""mega_wing""]",daylight+mega_wing,daylight+mega_wing__r01,,,1,10943283578462191745,20,60,1,20,windows-rtx4060,0,0,grid_2x2,true,82,1f4e3f3ce1069ad1b142225e539ac838483cf248849a3ee4b2d0608dd6f525bd,71ed4d4e65751a5957c2b1b7954da195b59eb885,data/raw/formal-v1/formal-v1__colocation__daylight+mega_wing__r01,"{""daylight"":""games/pyxel/apps-src/30SecondsOfDaylight/src/main.py"",""mega_wing"":""games/pyxel/apps-src/mega_wing/mega_wing.py""}","{""daylight"":""21a365375249e9d7ea05e78dcfe040f09cc1f0c66bd410bae084190c743a028f"",""mega_wing"":""86bad6c02a303806c58137503739241dc6b1e86695f7c0dbf672b5e1a1464e9f""}",dcfb6f4d0842da5c8786e3b36b8e802fc0ca385f3080672d5dda7a75b17b4e54
1,30,formal-v1__colocation__mega_wing+pyxel_platformer+pyxel_shooter__r02,formal-v1,colocation-main,test,colocation,"[""mega_wing"",""pyxel_platformer"",""pyxel_shooter""]",mega_wing,"[""pyxel_platformer"",""pyxel_shooter""]",mega_wing+pyxel_platformer+pyxel_shooter,mega_wing+pyxel_platformer+pyxel_shooter__r02,,,2,13682341556401358875,20,60,1,20,windows-rtx4060,0,0,grid_2x2,true,82,1f4e3f3ce1069ad1b142225e539ac838483cf248849a3ee4b2d0608dd6f525bd,71ed4d4e65751a5957c2b1b7954da195b59eb885,data/raw/formal-v1/formal-v1__colocation__mega_wing+pyxel_platformer+pyxel_shooter__r02,"{""mega_wing"":""games/pyxel/apps-src/mega_wing/mega_wing.py"",""pyxel_platformer"":""games/pyxel/10_platformer.py"",""pyxel_shooter"":""games/pyxel/09_shooter.py""}","{""mega_wing"":""86bad6c02a303806c58137503739241dc6b1e86695f7c0dbf672b5e1a1464e9f"",""pyxel_platformer"":""1b2c75b49dc9ab0254fb4b724682a4787868814a38d2f08920720dc5b6007ac5"",""pyxel_shooter"":""0f53e4156907eac41080a8f289e22c89365b3239517c754cf59a51af201d5563""}",4d90fd1bedb9ec0b28db3fd061da0e4065d45de8e16ffd56f2454e7b41a55cfd
1,31,formal-v1__profile__pyxel_snake__gpu_memory__p025__r01,formal-v1,profile,not_applicable,pressure_profile,"[""pyxel_snake""]",pyxel_snake,[],,,gpu_memory,0.25,1,18316953053906885181,20,60,1,20,windows-rtx4060,0,0,grid_2x2,true,82,1f4e3f3ce1069ad1b142225e539ac838483cf248849a3ee4b2d0608dd6f525bd,71ed4d4e65751a5957c2b1b7954da195b59eb885,data/raw/formal-v1/formal-v1__profile__pyxel_snake__gpu_memory__p025__r01,"{""pyxel_snake"":""games/pyxel/07_snake.py""}","{""pyxel_snake"":""bc533fef92d1d358e570f69d979919fe5c1cd8c4da49841104b49a1e661a5ac3""}",c0e1a13de855f3659c8555b023f604a2b29052c6bb60a2bc0ff4cf3a2a9f94cc
1,32,formal-v1__profile__pyxel_snake__cpu_compute__p100__r01,formal-v1,profile,not_applicable,pressure_profile,"[""pyxel_snake""]",pyxel_snake,[],,,cpu_compute,1,1,14566947362152717901,20,60,1,20,windows-rtx4060,0,0,grid_2x2,true,82,1f4e3f3ce1069ad1b142225e539ac838483cf248849a3ee4b2d0608dd6f525bd,71ed4d4e65751a5957c2b1b7954da195b59eb885,data/raw/formal-v1/formal-v1__profile__pyxel_snake__cpu_compute__p100__r01,"{""pyxel_snake"":""games/pyxel/07_snake.py""}","{""pyxel_snake"":""bc533fef92d1d358e570f69d979919fe5c1cd8c4da49841104b49a1e661a5ac3""}",be1dfe0374b39457e047b015be40d56032b7e213ecbae3733a13e6656b7a86aa
1,33,formal-v1__profile__daylight__memory_bandwidth__p050__r01,formal-v1,profile,not_applicable,pressure_profile,"[""daylight""]",daylight,[],,,memory_bandwidth,0.5,1,1630469762645751841,20,60,1,20,windows-rtx4060,0,0,grid_2x2,true,82,1f4e3f3ce1069ad1b142225e539ac838483cf248849a3ee4b2d0608dd6f525bd,71ed4d4e65751a5957c2b1b7954da195b59eb885,data/raw/formal-v1/formal-v1__profile__daylight__memory_bandwidth__p050__r01,"{""daylight"":""games/pyxel/apps-src/30SecondsOfDaylight/src/main.py""}","{""daylight"":""21a365375249e9d7ea05e78dcfe040f09cc1f0c66bd410bae084190c743a028f""}",06da6a3d51a6871e711d209a0804c6d28ac8ab08462b72b726fbc12db278cbe2
1,34,formal-v1__profile__pyxel_snake__gpu_memory__p100__r03,formal-v1,profile,not_applicable,pressure_profile,"[""pyxel_snake""]",pyxel_snake,[],,,gpu_memory,1,3,10059704514546187109,20,60,1,20,windows-rtx4060,0,0,grid_2x2,true,82,1f4e3f3ce1069ad1b142225e539ac838483cf248849a3ee4b2d0608dd6f525bd,71ed4d4e65751a5957c2b1b7954da195b59eb885,data/raw/formal-v1/formal-v1__profile__pyxel_snake__gpu_memory__p100__r03,"{""pyxel_snake"":""games/pyxel/07_snake.py""}","{""pyxel_snake"":""bc533fef92d1d358e570f69d979919fe5c1cd8c4da49841104b49a1e661a5ac3""}",7c6c05058531807bdc298ae6ca7bc237f35defe3803395340e371fc44d094fdc
1,35,formal-v1__extra__daylight+pyxel_bubbles+pyxel_shooter+space_rescue__r02,formal-v1,colocation-extra-test,extra_test,extra_test,"[""daylight"",""pyxel_bubbles"",""pyxel_shooter"",""space_rescue""]",daylight,"[""pyxel_bubbles"",""pyxel_shooter"",""space_rescue""]",daylight+pyxel_bubbles+pyxel_shooter+space_rescue,daylight+pyxel_bubbles+pyxel_shooter+space_rescue__r02,,,2,1072938454727186155,20,60,1,20,windows-rtx4060,0,0,grid_2x2,true,82,1f4e3f3ce1069ad1b142225e539ac838483cf248849a3ee4b2d0608dd6f525bd,71ed4d4e65751a5957c2b1b7954da195b59eb885,data/raw/formal-v1/formal-v1__extra__daylight+pyxel_bubbles+pyxel_shooter+space_rescue__r02,"{""daylight"":""games/pyxel/apps-src/30SecondsOfDaylight/src/main.py"",""pyxel_bubbles"":""games/pyxel/06_click_game.py"",""pyxel_shooter"":""games/pyxel/09_shooter.py"",""space_rescue"":""games/pyxel/apps-src/space_rescue/space_rescue.py""}","{""daylight"":""21a365375249e9d7ea05e78dcfe040f09cc1f0c66bd410bae084190c743a028f"",""pyxel_bubbles"":""54c101e90bdaed839ac4c4284494530d5df37a5819a35f1e41eebb0b3da5d900"",""pyxel_shooter"":""0f53e4156907eac41080a8f289e22c89365b3239517c754cf59a51af201d5563"",""space_rescue"":""f3b0ab6784ae558e64f06a3f0a704e53f107a130aa3d43357659d0850131e461""}",5c61f21c783d0afaf6e39888b3bee192c823d4002892de3f1e7fe9d3f3aed621
1,36,formal-v1__colocation__pyxel_bubbles+pyxel_jump+pyxel_platformer__r03,formal-v1,colocation-main,train,colocation,"[""pyxel_bubbles"",""pyxel_jump"",""pyxel_platformer""]",pyxel_bubbles,"[""pyxel_jump"",""pyxel_platformer""]",pyxel_bubbles+pyxel_jump+pyxel_platformer,pyxel_bubbles+pyxel_jump+pyxel_platformer__r03,,,3,14613532575322629756,20,60,1,20,windows-rtx4060,0,0,grid_2x2,true,82,1f4e3f3ce1069ad1b142225e539ac838483cf248849a3ee4b2d0608dd6f525bd,71ed4d4e65751a5957c2b1b7954da195b59eb885,data/raw/formal-v1/formal-v1__colocation__pyxel_bubbles+pyxel_jump+pyxel_platformer__r03,"{""pyxel_bubbles"":""games/pyxel/06_click_game.py"",""pyxel_jump"":""games/pyxel/02_jump_game.py"",""pyxel_platformer"":""games/pyxel/10_platformer.py""}","{""pyxel_bubbles"":""54c101e90bdaed839ac4c4284494530d5df37a5819a35f1e41eebb0b3da5d900"",""pyxel_jump"":""4743a825f1c9cae7e049ac52115f4ecf83350db546c00745a54af187d7bc2e46"",""pyxel_platformer"":""1b2c75b49dc9ab0254fb4b724682a4787868814a38d2f08920720dc5b6007ac5""}",fe1526e2c851ca38ebfdf75d8d576e0347fcacc7922a9580efed932e140569cd
1,37,formal-v1__colocation__mega_wing+pyxel_jump+pyxel_platformer__r03,formal-v1,colocation-main,train,colocation,"[""mega_wing"",""pyxel_jump"",""pyxel_platformer""]",mega_wing,"[""pyxel_jump"",""pyxel_platformer""]",mega_wing+pyxel_jump+pyxel_platformer,mega_wing+pyxel_jump+pyxel_platformer__r03,,,3,8971933576963466641,20,60,1,20,windows-rtx4060,0,0,grid_2x2,true,82,1f4e3f3ce1069ad1b142225e539ac838483cf248849a3ee4b2d0608dd6f525bd,71ed4d4e65751a5957c2b1b7954da195b59eb885,data/raw/formal-v1/formal-v1__colocation__mega_wing+pyxel_jump+pyxel_platformer__r03,"{""mega_wing"":""games/pyxel/apps-src/mega_wing/mega_wing.py"",""pyxel_jump"":""games/pyxel/02_jump_game.py"",""pyxel_platformer"":""games/pyxel/10_platformer.py""}","{""mega_wing"":""86bad6c02a303806c58137503739241dc6b1e86695f7c0dbf672b5e1a1464e9f"",""pyxel_jump"":""4743a825f1c9cae7e049ac52115f4ecf83350db546c00745a54af187d7bc2e46"",""pyxel_platformer"":""1b2c75b49dc9ab0254fb4b724682a4787868814a38d2f08920720dc5b6007ac5""}",1035d0beb0ba1b1a9d02ca4e86a4db121e055dd3e099e836510508efd9c617ee
1,38,formal-v1__profile__pyxel_platformer__gpu_memory__p075__r03,formal-v1,profile,not_applicable,pressure_profile,"[""pyxel_platformer""]",pyxel_platformer,[],,,gpu_memory,0.75,3,12444815318315987464,20,60,1,20,windows-rtx4060,0,0,grid_2x2,true,82,1f4e3f3ce1069ad1b142225e539ac838483cf248849a3ee4b2d0608dd6f525bd,71ed4d4e65751a5957c2b1b7954da195b59eb885,data/raw/formal-v1/formal-v1__profile__pyxel_platformer__gpu_memory__p075__r03,"{""pyxel_platformer"":""games/pyxel/10_platformer.py""}","{""pyxel_platformer"":""1b2c75b49dc9ab0254fb4b724682a4787868814a38d2f08920720dc5b6007ac5""}",871bde3906610ef2cc136634181cfda3e184945513e49c11d089257cbe158bf7
1,39,formal-v1__profile__mega_wing__gpu_compute__p000__r02,formal-v1,profile,not_applicable,pressure_profile,"[""mega_wing""]",mega_wing,[],,,gpu_compute,0,2,18438309879370389136,20,60,1,20,windows-rtx4060,0,0,grid_2x2,true,82,1f4e3f3ce1069ad1b142225e539ac838483cf248849a3ee4b2d0608dd6f525bd,71ed4d4e65751a5957c2b1b7954da195b59eb885,data/raw/formal-v1/formal-v1__profile__mega_wing__gpu_compute__p000__r02,"{""mega_wing"":""games/pyxel/apps-src/mega_wing/mega_wing.py""}","{""mega_wing"":""86bad6c02a303806c58137503739241dc6b1e86695f7c0dbf672b5e1a1464e9f""}",b089bd939e35a72f17ce7aeff85a7372259a79e94db6c5c58c38dc4b0c9228d1
1,40,formal-v1__profile__pyxel_shooter__memory_bandwidth__p050__r01,formal-v1,profile,not_applicable,pressure_profile,"[""pyxel_shooter""]",pyxel_shooter,[],,,memory_bandwidth,0.5,1,10793905800486606000,20,60,1,20,windows-rtx4060,0,0,grid_2x2,true,82,1f4e3f3ce1069ad1b142225e539ac838483cf248849a3ee4b2d0608dd6f525bd,71ed4d4e65751a5957c2b1b7954da195b59eb885,data/raw/formal-v1/formal-v1__profile__pyxel_shooter__memory_bandwidth__p050__r01,"{""pyxel_shooter"":""games/pyxel/09_shooter.py""}","{""pyxel_shooter"":""0f53e4156907eac41080a8f289e22c89365b3239517c754cf59a51af201d5563""}",be1e1ff796d5e36f97fa3e5b6cccbbeae6ea01b811d5e9196f68d0db1902244b
1,41,formal-v1__colocation__pyxel_platformer+pyxel_shooter+space_rescue__r03,formal-v1,colocation-main,validation,colocation,"[""pyxel_platformer"",""pyxel_shooter"",""space_rescue""]",pyxel_platformer,"[""pyxel_shooter"",""space_rescue""]",pyxel_platformer+pyxel_shooter+space_rescue,pyxel_platformer+pyxel_shooter+space_rescue__r03,,,3,2378095048118436956,20,60,1,20,windows-rtx4060,0,0,grid_2x2,true,82,1f4e3f3ce1069ad1b142225e539ac838483cf248849a3ee4b2d0608dd6f525bd,71ed4d4e65751a5957c2b1b7954da195b59eb885,data/raw/formal-v1/formal-v1__colocation__pyxel_platformer+pyxel_shooter+space_rescue__r03,"{""pyxel_platformer"":""games/pyxel/10_platformer.py"",""pyxel_shooter"":""games/pyxel/09_shooter.py"",""space_rescue"":""games/pyxel/apps-src/space_rescue/space_rescue.py""}","{""pyxel_platformer"":""1b2c75b49dc9ab0254fb4b724682a4787868814a38d2f08920720dc5b6007ac5"",""pyxel_shooter"":""0f53e4156907eac41080a8f289e22c89365b3239517c754cf59a51af201d5563"",""space_rescue"":""f3b0ab6784ae558e64f06a3f0a704e53f107a130aa3d43357659d0850131e461""}",f735fc68fb383239a9870998e9c8f1d3b747cb90672fb245708a8f740796c829
1,42,formal-v1__profile__mega_wing__gpu_memory__p025__r03,formal-v1,profile,not_applicable,pressure_profile,"[""mega_wing""]",mega_wing,[],,,gpu_memory,0.25,3,4276273525197974134,20,60,1,20,windows-rtx4060,0,0,grid_2x2,true,82,1f4e3f3ce1069ad1b142225e539ac838483cf248849a3ee4b2d0608dd6f525bd,71ed4d4e65751a5957c2b1b7954da195b59eb885,data/raw/formal-v1/formal-v1__profile__mega_wing__gpu_memory__p025__r03,"{""mega_wing"":""games/pyxel/apps-src/mega_wing/mega_wing.py""}","{""mega_wing"":""86bad6c02a303806c58137503739241dc6b1e86695f7c0dbf672b5e1a1464e9f""}",d710985006a44e7a2835eae0a09bfd6c85ffb174378df063faabf2ab587038a5
1,43,formal-v1__profile__pyxel_platformer__gpu_compute__p050__r03,formal-v1,profile,not_applicable,pressure_profile,"[""pyxel_platformer""]",pyxel_platformer,[],,,gpu_compute,0.5,3,4830467956693630396,20,60,1,20,windows-rtx4060,0,0,grid_2x2,true,82,1f4e3f3ce1069ad1b142225e539ac838483cf248849a3ee4b2d0608dd6f525bd,71ed4d4e65751a5957c2b1b7954da195b59eb885,data/raw/formal-v1/formal-v1__profile__pyxel_platformer__gpu_compute__p050__r03,"{""pyxel_platformer"":""games/pyxel/10_platformer.py""}","{""pyxel_platformer"":""1b2c75b49dc9ab0254fb4b724682a4787868814a38d2f08920720dc5b6007ac5""}",83012ff49258a53b91f68139bbf54fefdbae96996e2c29eae82305780b5474f0
1,44,formal-v1__profile__pyxel_shooter__gpu_compute__p000__r03,formal-v1,profile,not_applicable,pressure_profile,"[""pyxel_shooter""]",pyxel_shooter,[],,,gpu_compute,0,3,17305474090941391802,20,60,1,20,windows-rtx4060,0,0,grid_2x2,true,82,1f4e3f3ce1069ad1b142225e539ac838483cf248849a3ee4b2d0608dd6f525bd,71ed4d4e65751a5957c2b1b7954da195b59eb885,data/raw/formal-v1/formal-v1__profile__pyxel_shooter__gpu_compute__p000__r03,"{""pyxel_shooter"":""games/pyxel/09_shooter.py""}","{""pyxel_shooter"":""0f53e4156907eac41080a8f289e22c89365b3239517c754cf59a51af201d5563""}",e7c16fae5e866659e8bdab1408325dca7f1d3c90dcbeaf2c4d263059a7a09998
1,45,formal-v1__profile__mega_wing__cpu_compute__p000__r02,formal-v1,profile,not_applicable,pressure_profile,"[""mega_wing""]",mega_wing,[],,,cpu_compute,0,2,2745967971310800797,20,60,1,20,windows-rtx4060,0,0,grid_2x2,true,82,1f4e3f3ce1069ad1b142225e539ac838483cf248849a3ee4b2d0608dd6f525bd,71ed4d4e65751a5957c2b1b7954da195b59eb885,data/raw/formal-v1/formal-v1__profile__mega_wing__cpu_compute__p000__r02,"{""mega_wing"":""games/pyxel/apps-src/mega_wing/mega_wing.py""}","{""mega_wing"":""86bad6c02a303806c58137503739241dc6b1e86695f7c0dbf672b5e1a1464e9f""}",905b850dd02780e7f20082ce11d08deeaf7a346fe475916b6b56afaf98de7861
1,46,formal-v1__colocation__daylight+pyxel_bubbles__r03,formal-v1,colocation-main,validation,colocation,"[""daylight"",""pyxel_bubbles""]",daylight,"[""pyxel_bubbles""]",daylight+pyxel_bubbles,daylight+pyxel_bubbles__r03,,,3,6488750937728922443,20,60,1,20,windows-rtx4060,0,0,grid_2x2,true,82,1f4e3f3ce1069ad1b142225e539ac838483cf248849a3ee4b2d0608dd6f525bd,71ed4d4e65751a5957c2b1b7954da195b59eb885,data/raw/formal-v1/formal-v1__colocation__daylight+pyxel_bubbles__r03,"{""daylight"":""games/pyxel/apps-src/30SecondsOfDaylight/src/main.py"",""pyxel_bubbles"":""games/pyxel/06_click_game.py""}","{""daylight"":""21a365375249e9d7ea05e78dcfe040f09cc1f0c66bd410bae084190c743a028f"",""pyxel_bubbles"":""54c101e90bdaed839ac4c4284494530d5df37a5819a35f1e41eebb0b3da5d900""}",afcb0ba0e98ad4bc1457309fa3a3aae06e22abcbdd1e3e00c59bacd3dec12cb9
1,47,formal-v1__profile__pyxel_platformer__gpu_memory__p075__r02,formal-v1,profile,not_applicable,pressure_profile,"[""pyxel_platformer""]",pyxel_platformer,[],,,gpu_memory,0.75,2,12955620858010274978,20,60,1,20,windows-rtx4060,0,0,grid_2x2,true,82,1f4e3f3ce1069ad1b142225e539ac838483cf248849a3ee4b2d0608dd6f525bd,71ed4d4e65751a5957c2b1b7954da195b59eb885,data/raw/formal-v1/formal-v1__profile__pyxel_platformer__gpu_memory__p075__r02,"{""pyxel_platformer"":""games/pyxel/10_platformer.py""}","{""pyxel_platformer"":""1b2c75b49dc9ab0254fb4b724682a4787868814a38d2f08920720dc5b6007ac5""}",c447a817b9ca868701d699592dbeec5536c6b46f72276f963cfb967306e446a0
1,48,formal-v1__profile__pyxel_bubbles__cpu_compute__p100__r03,formal-v1,profile,not_applicable,pressure_profile,"[""pyxel_bubbles""]",pyxel_bubbles,[],,,cpu_compute,1,3,4417685526597924922,20,60,1,20,windows-rtx4060,0,0,grid_2x2,true,82,1f4e3f3ce1069ad1b142225e539ac838483cf248849a3ee4b2d0608dd6f525bd,71ed4d4e65751a5957c2b1b7954da195b59eb885,data/raw/formal-v1/formal-v1__profile__pyxel_bubbles__cpu_compute__p100__r03,"{""pyxel_bubbles"":""games/pyxel/06_click_game.py""}","{""pyxel_bubbles"":""54c101e90bdaed839ac4c4284494530d5df37a5819a35f1e41eebb0b3da5d900""}",af1b541196850d886b1b67db84d4c7639a061e43763fe14023c56471bd6ee957
1,49,formal-v1__colocation__daylight+pyxel_bubbles+space_rescue__r03,formal-v1,colocation-main,train,colocation,"[""daylight"",""pyxel_bubbles"",""space_rescue""]",daylight,"[""pyxel_bubbles"",""space_rescue""]",daylight+pyxel_bubbles+space_rescue,daylight+pyxel_bubbles+space_rescue__r03,,,3,5061490885627023538,20,60,1,20,windows-rtx4060,0,0,grid_2x2,true,82,1f4e3f3ce1069ad1b142225e539ac838483cf248849a3ee4b2d0608dd6f525bd,71ed4d4e65751a5957c2b1b7954da195b59eb885,data/raw/formal-v1/formal-v1__colocation__daylight+pyxel_bubbles+space_rescue__r03,"{""daylight"":""games/pyxel/apps-src/30SecondsOfDaylight/src/main.py"",""pyxel_bubbles"":""games/pyxel/06_click_game.py"",""space_rescue"":""games/pyxel/apps-src/space_rescue/space_rescue.py""}","{""daylight"":""21a365375249e9d7ea05e78dcfe040f09cc1f0c66bd410bae084190c743a028f"",""pyxel_bubbles"":""54c101e90bdaed839ac4c4284494530d5df37a5819a35f1e41eebb0b3da5d900"",""space_rescue"":""f3b0ab6784ae558e64f06a3f0a704e53f107a130aa3d43357659d0850131e461""}",62fbc7a57fc3e4b90c5cc2470e27ccf12f5f471efb8220c27814ba8526d6d914
1,50,formal-v1__profile__pyxel_bubbles__memory_bandwidth__p000__r03,formal-v1,profile,not_applicable,pressure_profile,"[""pyxel_bubbles""]",pyxel_bubbles,[],,,memory_bandwidth,0,3,13959344448604691916,20,60,1,20,windows-rtx4060,0,0,grid_2x2,true,82,1f4e3f3ce1069ad1b142225e539ac838483cf248849a3ee4b2d0608dd6f525bd,71ed4d4e65751a5957c2b1b7954da195b59eb885,data/raw/formal-v1/formal-v1__profile__pyxel_bubbles__memory_bandwidth__p000__r03,"{""pyxel_bubbles"":""games/pyxel/06_click_game.py""}","{""pyxel_bubbles"":""54c101e90bdaed839ac4c4284494530d5df37a5819a35f1e41eebb0b3da5d900""}",e072de9e6f6489d840560ee526c7b95f071005a60c8cba0638bbf90ba7886013
1,51,formal-v1__solo__space_rescue__r03,formal-v1,solo,not_applicable,solo,"[""space_rescue""]",space_rescue,[],,,,,3,4399632551700385762,20,60,1,20,windows-rtx4060,0,0,grid_2x2,true,82,1f4e3f3ce1069ad1b142225e539ac838483cf248849a3ee4b2d0608dd6f525bd,71ed4d4e65751a5957c2b1b7954da195b59eb885,data/raw/formal-v1/formal-v1__solo__space_rescue__r03,"{""space_rescue"":""games/pyxel/apps-src/space_rescue/space_rescue.py""}","{""space_rescue"":""f3b0ab6784ae558e64f06a3f0a704e53f107a130aa3d43357659d0850131e461""}",2336427762527d29af6e7d8a4b475c0999876bb31d43493e6cfc5c4b10a1e9a9
1,52,formal-v1__profile__pyxel_jump__gpu_compute__p075__r01,formal-v1,profile,not_applicable,pressure_profile,"[""pyxel_jump""]",pyxel_jump,[],,,gpu_compute,0.75,1,18283113210413982946,20,60,1,20,windows-rtx4060,0,0,grid_2x2,true,82,1f4e3f3ce1069ad1b142225e539ac838483cf248849a3ee4b2d0608dd6f525bd,71ed4d4e65751a5957c2b1b7954da195b59eb885,data/raw/formal-v1/formal-v1__profile__pyxel_jump__gpu_compute__p075__r01,"{""pyxel_jump"":""games/pyxel/02_jump_game.py""}","{""pyxel_jump"":""4743a825f1c9cae7e049ac52115f4ecf83350db546c00745a54af187d7bc2e46""}",723b2a335c9ad10471c899ebfc263f6b010a8808c038e921b980924983ea3dbb
1,53,formal-v1__profile__pyxel_snake__gpu_memory__p000__r03,formal-v1,profile,not_applicable,pressure_profile,"[""pyxel_snake""]",pyxel_snake,[],,,gpu_memory,0,3,5919644391129357397,20,60,1,20,windows-rtx4060,0,0,grid_2x2,true,82,1f4e3f3ce1069ad1b142225e539ac838483cf248849a3ee4b2d0608dd6f525bd,71ed4d4e65751a5957c2b1b7954da195b59eb885,data/raw/formal-v1/formal-v1__profile__pyxel_snake__gpu_memory__p000__r03,"{""pyxel_snake"":""games/pyxel/07_snake.py""}","{""pyxel_snake"":""bc533fef92d1d358e570f69d979919fe5c1cd8c4da49841104b49a1e661a5ac3""}",da9aebe08eced12507011d1fec0e403a6295caa9cd307b06d65240266e4652f2
1,54,formal-v1__extra__mega_wing+pyxel_bubbles+pyxel_jump+space_rescue__r01,formal-v1,colocation-extra-test,extra_test,extra_test,"[""mega_wing"",""pyxel_bubbles"",""pyxel_jump"",""space_rescue""]",mega_wing,"[""pyxel_bubbles"",""pyxel_jump"",""space_rescue""]",mega_wing+pyxel_bubbles+pyxel_jump+space_rescue,mega_wing+pyxel_bubbles+pyxel_jump+space_rescue__r01,,,1,16989947642046775293,20,60,1,20,windows-rtx4060,0,0,grid_2x2,true,82,1f4e3f3ce1069ad1b142225e539ac838483cf248849a3ee4b2d0608dd6f525bd,71ed4d4e65751a5957c2b1b7954da195b59eb885,data/raw/formal-v1/formal-v1__extra__mega_wing+pyxel_bubbles+pyxel_jump+space_rescue__r01,"{""mega_wing"":""games/pyxel/apps-src/mega_wing/mega_wing.py"",""pyxel_bubbles"":""games/pyxel/06_click_game.py"",""pyxel_jump"":""games/pyxel/02_jump_game.py"",""space_rescue"":""games/pyxel/apps-src/space_rescue/space_rescue.py""}","{""mega_wing"":""86bad6c02a303806c58137503739241dc6b1e86695f7c0dbf672b5e1a1464e9f"",""pyxel_bubbles"":""54c101e90bdaed839ac4c4284494530d5df37a5819a35f1e41eebb0b3da5d900"",""pyxel_jump"":""4743a825f1c9cae7e049ac52115f4ecf83350db546c00745a54af187d7bc2e46"",""space_rescue"":""f3b0ab6784ae558e64f06a3f0a704e53f107a130aa3d43357659d0850131e461""}",2d40ac991bf22c34aad49a5be82b756f45d34e40be6b8201c2e010fa44bcf4bb
1,55,formal-v1__colocation__pyxel_bubbles+pyxel_platformer+pyxel_shooter__r03,formal-v1,colocation-main,validation,colocation,"[""pyxel_bubbles"",""pyxel_platformer"",""pyxel_shooter""]",pyxel_bubbles,"[""pyxel_platformer"",""pyxel_shooter""]",pyxel_bubbles+pyxel_platformer+pyxel_shooter,pyxel_bubbles+pyxel_platformer+pyxel_shooter__r03,,,3,8498269675985014006,20,60,1,20,windows-rtx4060,0,0,grid_2x2,true,82,1f4e3f3ce1069ad1b142225e539ac838483cf248849a3ee4b2d0608dd6f525bd,71ed4d4e65751a5957c2b1b7954da195b59eb885,data/raw/formal-v1/formal-v1__colocation__pyxel_bubbles+pyxel_platformer+pyxel_shooter__r03,"{""pyxel_bubbles"":""games/pyxel/06_click_game.py"",""pyxel_platformer"":""games/pyxel/10_platformer.py"",""pyxel_shooter"":""games/pyxel/09_shooter.py""}","{""pyxel_bubbles"":""54c101e90bdaed839ac4c4284494530d5df37a5819a35f1e41eebb0b3da5d900"",""pyxel_platformer"":""1b2c75b49dc9ab0254fb4b724682a4787868814a38d2f08920720dc5b6007ac5"",""pyxel_shooter"":""0f53e4156907eac41080a8f289e22c89365b3239517c754cf59a51af201d5563""}",5cd28fa5468e3b1301b9a277768793be49941df043fae6bd5ffc8af4dc367f4a
1,56,formal-v1__profile__pyxel_snake__memory_bandwidth__p050__r02,formal-v1,profile,not_applicable,pressure_profile,"[""pyxel_snake""]",pyxel_snake,[],,,memory_bandwidth,0.5,2,7551854635602566980,20,60,1,20,windows-rtx4060,0,0,grid_2x2,true,82,1f4e3f3ce1069ad1b142225e539ac838483cf248849a3ee4b2d0608dd6f525bd,71ed4d4e65751a5957c2b1b7954da195b59eb885,data/raw/formal-v1/formal-v1__profile__pyxel_snake__memory_bandwidth__p050__r02,"{""pyxel_snake"":""games/pyxel/07_snake.py""}","{""pyxel_snake"":""bc533fef92d1d358e570f69d979919fe5c1cd8c4da49841104b49a1e661a5ac3""}",513a3caa2f15f14b245b35da2a1be10995d8acc7488beaa0d45e952714c63234
1,57,formal-v1__colocation__pyxel_jump+pyxel_platformer+space_rescue__r03,formal-v1,colocation-main,train,colocation,"[""pyxel_jump"",""pyxel_platformer"",""space_rescue""]",pyxel_jump,"[""pyxel_platformer"",""space_rescue""]",pyxel_jump+pyxel_platformer+space_rescue,pyxel_jump+pyxel_platformer+space_rescue__r03,,,3,11073372992232688367,20,60,1,20,windows-rtx4060,0,0,grid_2x2,true,82,1f4e3f3ce1069ad1b142225e539ac838483cf248849a3ee4b2d0608dd6f525bd,71ed4d4e65751a5957c2b1b7954da195b59eb885,data/raw/formal-v1/formal-v1__colocation__pyxel_jump+pyxel_platformer+space_rescue__r03,"{""pyxel_jump"":""games/pyxel/02_jump_game.py"",""pyxel_platformer"":""games/pyxel/10_platformer.py"",""space_rescue"":""games/pyxel/apps-src/space_rescue/space_rescue.py""}","{""pyxel_jump"":""4743a825f1c9cae7e049ac52115f4ecf83350db546c00745a54af187d7bc2e46"",""pyxel_platformer"":""1b2c75b49dc9ab0254fb4b724682a4787868814a38d2f08920720dc5b6007ac5"",""space_rescue"":""f3b0ab6784ae558e64f06a3f0a704e53f107a130aa3d43357659d0850131e461""}",afad2e6a0af7fbbdce6c9c87cadfdd6c5bf741fa2d509a023023745ce070a88c
1,58,formal-v1__colocation__mega_wing+pyxel_snake__r01,formal-v1,colocation-main,train,colocation,"[""mega_wing"",""pyxel_snake""]",mega_wing,"[""pyxel_snake""]",mega_wing+pyxel_snake,mega_wing+pyxel_snake__r01,,,1,1304870235819937978,20,60,1,20,windows-rtx4060,0,0,grid_2x2,true,82,1f4e3f3ce1069ad1b142225e539ac838483cf248849a3ee4b2d0608dd6f525bd,71ed4d4e65751a5957c2b1b7954da195b59eb885,data/raw/formal-v1/formal-v1__colocation__mega_wing+pyxel_snake__r01,"{""mega_wing"":""games/pyxel/apps-src/mega_wing/mega_wing.py"",""pyxel_snake"":""games/pyxel/07_snake.py""}","{""mega_wing"":""86bad6c02a303806c58137503739241dc6b1e86695f7c0dbf672b5e1a1464e9f"",""pyxel_snake"":""bc533fef92d1d358e570f69d979919fe5c1cd8c4da49841104b49a1e661a5ac3""}",ddb7a3f0e70e5c098ccbb2945e7451dfd1e43ded7b7594fea75f2d36ffb60d8a
1,59,formal-v1__profile__daylight__cpu_compute__p075__r03,formal-v1,profile,not_applicable,pressure_profile,"[""daylight""]",daylight,[],,,cpu_compute,0.75,3,16393125486362641367,20,60,1,20,windows-rtx4060,0,0,grid_2x2,true,82,1f4e3f3ce1069ad1b142225e539ac838483cf248849a3ee4b2d0608dd6f525bd,71ed4d4e65751a5957c2b1b7954da195b59eb885,data/raw/formal-v1/formal-v1__profile__daylight__cpu_compute__p075__r03,"{""daylight"":""games/pyxel/apps-src/30SecondsOfDaylight/src/main.py""}","{""daylight"":""21a365375249e9d7ea05e78dcfe040f09cc1f0c66bd410bae084190c743a028f""}",d6def4b3671b0df27ae834ce39a2ae474d4964df2494ee25eca02a8558c90c41
1,60,formal-v1__profile__mega_wing__memory_bandwidth__p100__r01,formal-v1,profile,not_applicable,pressure_profile,"[""mega_wing""]",mega_wing,[],,,memory_bandwidth,1,1,9205440224266935408,20,60,1,20,windows-rtx4060,0,0,grid_2x2,true,82,1f4e3f3ce1069ad1b142225e539ac838483cf248849a3ee4b2d0608dd6f525bd,71ed4d4e65751a5957c2b1b7954da195b59eb885,data/raw/formal-v1/formal-v1__profile__mega_wing__memory_bandwidth__p100__r01,"{""mega_wing"":""games/pyxel/apps-src/mega_wing/mega_wing.py""}","{""mega_wing"":""86bad6c02a303806c58137503739241dc6b1e86695f7c0dbf672b5e1a1464e9f""}",577c851d7d6930883170a6dc3a51ec14781fea5271d9b72ef64faa67e3edaa55
1,61,formal-v1__profile__pyxel_bubbles__gpu_memory__p025__r02,formal-v1,profile,not_applicable,pressure_profile,"[""pyxel_bubbles""]",pyxel_bubbles,[],,,gpu_memory,0.25,2,12445883933783709333,20,60,1,20,windows-rtx4060,0,0,grid_2x2,true,82,1f4e3f3ce1069ad1b142225e539ac838483cf248849a3ee4b2d0608dd6f525bd,71ed4d4e65751a5957c2b1b7954da195b59eb885,data/raw/formal-v1/formal-v1__profile__pyxel_bubbles__gpu_memory__p025__r02,"{""pyxel_bubbles"":""games/pyxel/06_click_game.py""}","{""pyxel_bubbles"":""54c101e90bdaed839ac4c4284494530d5df37a5819a35f1e41eebb0b3da5d900""}",efc5a4db07bf2f161a12d2d8566c55e047b682ab61bb6fd5f7fcd2c137f033c2
1,62,formal-v1__colocation__daylight+pyxel_platformer+pyxel_shooter__r01,formal-v1,colocation-main,validation,colocation,"[""daylight"",""pyxel_platformer"",""pyxel_shooter""]",daylight,"[""pyxel_platformer"",""pyxel_shooter""]",daylight+pyxel_platformer+pyxel_shooter,daylight+pyxel_platformer+pyxel_shooter__r01,,,1,4715957220980102501,20,60,1,20,windows-rtx4060,0,0,grid_2x2,true,82,1f4e3f3ce1069ad1b142225e539ac838483cf248849a3ee4b2d0608dd6f525bd,71ed4d4e65751a5957c2b1b7954da195b59eb885,data/raw/formal-v1/formal-v1__colocation__daylight+pyxel_platformer+pyxel_shooter__r01,"{""daylight"":""games/pyxel/apps-src/30SecondsOfDaylight/src/main.py"",""pyxel_platformer"":""games/pyxel/10_platformer.py"",""pyxel_shooter"":""games/pyxel/09_shooter.py""}","{""daylight"":""21a365375249e9d7ea05e78dcfe040f09cc1f0c66bd410bae084190c743a028f"",""pyxel_platformer"":""1b2c75b49dc9ab0254fb4b724682a4787868814a38d2f08920720dc5b6007ac5"",""pyxel_shooter"":""0f53e4156907eac41080a8f289e22c89365b3239517c754cf59a51af201d5563""}",0a1f59a232e2fc3ba02fcc76dee7bc2556db74e8cebb3c5f41940f4b91d989c4
1,63,formal-v1__colocation__pyxel_jump+pyxel_snake__r01,formal-v1,colocation-main,validation,colocation,"[""pyxel_jump"",""pyxel_snake""]",pyxel_jump,"[""pyxel_snake""]",pyxel_jump+pyxel_snake,pyxel_jump+pyxel_snake__r01,,,1,595837154992754466,20,60,1,20,windows-rtx4060,0,0,grid_2x2,true,82,1f4e3f3ce1069ad1b142225e539ac838483cf248849a3ee4b2d0608dd6f525bd,71ed4d4e65751a5957c2b1b7954da195b59eb885,data/raw/formal-v1/formal-v1__colocation__pyxel_jump+pyxel_snake__r01,"{""pyxel_jump"":""games/pyxel/02_jump_game.py"",""pyxel_snake"":""games/pyxel/07_snake.py""}","{""pyxel_jump"":""4743a825f1c9cae7e049ac52115f4ecf83350db546c00745a54af187d7bc2e46"",""pyxel_snake"":""bc533fef92d1d358e570f69d979919fe5c1cd8c4da49841104b49a1e661a5ac3""}",871263d29e6462a8247e1d243b177f22795db49dfdb78c25d8797707d52f1f62
1,64,formal-v1__profile__pyxel_jump__cpu_compute__p075__r01,formal-v1,profile,not_applicable,pressure_profile,"[""pyxel_jump""]",pyxel_jump,[],,,cpu_compute,0.75,1,9861530536592714182,20,60,1,20,windows-rtx4060,0,0,grid_2x2,true,82,1f4e3f3ce1069ad1b142225e539ac838483cf248849a3ee4b2d0608dd6f525bd,71ed4d4e65751a5957c2b1b7954da195b59eb885,data/raw/formal-v1/formal-v1__profile__pyxel_jump__cpu_compute__p075__r01,"{""pyxel_jump"":""games/pyxel/02_jump_game.py""}","{""pyxel_jump"":""4743a825f1c9cae7e049ac52115f4ecf83350db546c00745a54af187d7bc2e46""}",31b676f2d567a0f5028aff82dfe8039fcb4c9b845a7eaa52c4a0b99946374ed6
1,65,formal-v1__colocation__mega_wing+pyxel_jump__r03,formal-v1,colocation-main,test,colocation,"[""mega_wing"",""pyxel_jump""]",mega_wing,"[""pyxel_jump""]",mega_wing+pyxel_jump,mega_wing+pyxel_jump__r03,,,3,193343621440929961,20,60,1,20,windows-rtx4060,0,0,grid_2x2,true,82,1f4e3f3ce1069ad1b142225e539ac838483cf248849a3ee4b2d0608dd6f525bd,71ed4d4e65751a5957c2b1b7954da195b59eb885,data/raw/formal-v1/formal-v1__colocation__mega_wing+pyxel_jump__r03,"{""mega_wing"":""games/pyxel/apps-src/mega_wing/mega_wing.py"",""pyxel_jump"":""games/pyxel/02_jump_game.py""}","{""mega_wing"":""86bad6c02a303806c58137503739241dc6b1e86695f7c0dbf672b5e1a1464e9f"",""pyxel_jump"":""4743a825f1c9cae7e049ac52115f4ecf83350db546c00745a54af187d7bc2e46""}",fd42fa6c21cc8ff4a839f272adb63c17055ba97637f71dfe115f3192524de7c6
1,66,formal-v1__extra__daylight+pyxel_bubbles+pyxel_jump+pyxel_platformer__r01,formal-v1,colocation-extra-test,extra_test,extra_test,"[""daylight"",""pyxel_bubbles"",""pyxel_jump"",""pyxel_platformer""]",daylight,"[""pyxel_bubbles"",""pyxel_jump"",""pyxel_platformer""]",daylight+pyxel_bubbles+pyxel_jump+pyxel_platformer,daylight+pyxel_bubbles+pyxel_jump+pyxel_platformer__r01,,,1,5737806892131697747,20,60,1,20,windows-rtx4060,0,0,grid_2x2,true,82,1f4e3f3ce1069ad1b142225e539ac838483cf248849a3ee4b2d0608dd6f525bd,71ed4d4e65751a5957c2b1b7954da195b59eb885,data/raw/formal-v1/formal-v1__extra__daylight+pyxel_bubbles+pyxel_jump+pyxel_platformer__r01,"{""daylight"":""games/pyxel/apps-src/30SecondsOfDaylight/src/main.py"",""pyxel_bubbles"":""games/pyxel/06_click_game.py"",""pyxel_jump"":""games/pyxel/02_jump_game.py"",""pyxel_platformer"":""games/pyxel/10_platformer.py""}","{""daylight"":""21a365375249e9d7ea05e78dcfe040f09cc1f0c66bd410bae084190c743a028f"",""pyxel_bubbles"":""54c101e90bdaed839ac4c4284494530d5df37a5819a35f1e41eebb0b3da5d900"",""pyxel_jump"":""4743a825f1c9cae7e049ac52115f4ecf83350db546c00745a54af187d7bc2e46"",""pyxel_platformer"":""1b2c75b49dc9ab0254fb4b724682a4787868814a38d2f08920720dc5b6007ac5""}",26184be5d525d234a7aea1f1007a9c07b7c1a2c990e3058eef598c8a18844f8d
1,67,formal-v1__profile__daylight__cpu_compute__p025__r02,formal-v1,profile,not_applicable,pressure_profile,"[""daylight""]",daylight,[],,,cpu_compute,0.25,2,15725007107643906118,20,60,1,20,windows-rtx4060,0,0,grid_2x2,true,82,1f4e3f3ce1069ad1b142225e539ac838483cf248849a3ee4b2d0608dd6f525bd,71ed4d4e65751a5957c2b1b7954da195b59eb885,data/raw/formal-v1/formal-v1__profile__daylight__cpu_compute__p025__r02,"{""daylight"":""games/pyxel/apps-src/30SecondsOfDaylight/src/main.py""}","{""daylight"":""21a365375249e9d7ea05e78dcfe040f09cc1f0c66bd410bae084190c743a028f""}",c2d0ae2e2df1e390654d48f3e762673746ce571e184f0faf0546047201f7b01c
1,68,formal-v1__profile__mega_wing__gpu_memory__p050__r02,formal-v1,profile,not_applicable,pressure_profile,"[""mega_wing""]",mega_wing,[],,,gpu_memory,0.5,2,12784461153044148819,20,60,1,20,windows-rtx4060,0,0,grid_2x2,true,82,1f4e3f3ce1069ad1b142225e539ac838483cf248849a3ee4b2d0608dd6f525bd,71ed4d4e65751a5957c2b1b7954da195b59eb885,data/raw/formal-v1/formal-v1__profile__mega_wing__gpu_memory__p050__r02,"{""mega_wing"":""games/pyxel/apps-src/mega_wing/mega_wing.py""}","{""mega_wing"":""86bad6c02a303806c58137503739241dc6b1e86695f7c0dbf672b5e1a1464e9f""}",58b2a89928733e5c4be93c9f9ab888d2a576dd15c7d188f6d730f3fbfe4e3139
1,69,formal-v1__profile__mega_wing__gpu_compute__p075__r02,formal-v1,profile,not_applicable,pressure_profile,"[""mega_wing""]",mega_wing,[],,,gpu_compute,0.75,2,9488651286318619516,20,60,1,20,windows-rtx4060,0,0,grid_2x2,true,82,1f4e3f3ce1069ad1b142225e539ac838483cf248849a3ee4b2d0608dd6f525bd,71ed4d4e65751a5957c2b1b7954da195b59eb885,data/raw/formal-v1/formal-v1__profile__mega_wing__gpu_compute__p075__r02,"{""mega_wing"":""games/pyxel/apps-src/mega_wing/mega_wing.py""}","{""mega_wing"":""86bad6c02a303806c58137503739241dc6b1e86695f7c0dbf672b5e1a1464e9f""}",ffe6f88f67edd159f0f5e27e32834519bb6d908d0a4ba4ab955f994e2647202d
1,70,formal-v1__profile__pyxel_jump__memory_bandwidth__p050__r03,formal-v1,profile,not_applicable,pressure_profile,"[""pyxel_jump""]",pyxel_jump,[],,,memory_bandwidth,0.5,3,11021339485252582668,20,60,1,20,windows-rtx4060,0,0,grid_2x2,true,82,1f4e3f3ce1069ad1b142225e539ac838483cf248849a3ee4b2d0608dd6f525bd,71ed4d4e65751a5957c2b1b7954da195b59eb885,data/raw/formal-v1/formal-v1__profile__pyxel_jump__memory_bandwidth__p050__r03,"{""pyxel_jump"":""games/pyxel/02_jump_game.py""}","{""pyxel_jump"":""4743a825f1c9cae7e049ac52115f4ecf83350db546c00745a54af187d7bc2e46""}",8ab3427bd8b02ab9efb9a9eb4b2f600bc3c63b875f25c7a98174b8a66b5a0238
1,71,formal-v1__profile__pyxel_jump__cpu_compute__p000__r01,formal-v1,profile,not_applicable,pressure_profile,"[""pyxel_jump""]",pyxel_jump,[],,,cpu_compute,0,1,15781960136777645112,20,60,1,20,windows-rtx4060,0,0,grid_2x2,true,82,1f4e3f3ce1069ad1b142225e539ac838483cf248849a3ee4b2d0608dd6f525bd,71ed4d4e65751a5957c2b1b7954da195b59eb885,data/raw/formal-v1/formal-v1__profile__pyxel_jump__cpu_compute__p000__r01,"{""pyxel_jump"":""games/pyxel/02_jump_game.py""}","{""pyxel_jump"":""4743a825f1c9cae7e049ac52115f4ecf83350db546c00745a54af187d7bc2e46""}",6676f3c586678351987356e45cda8e277d39f34088dd7c21e9d9b51591173e2a
1,72,formal-v1__profile__daylight__gpu_compute__p050__r01,formal-v1,profile,not_applicable,pressure_profile,"[""daylight""]",daylight,[],,,gpu_compute,0.5,1,11915590524522641334,20,60,1,20,windows-rtx4060,0,0,grid_2x2,true,82,1f4e3f3ce1069ad1b142225e539ac838483cf248849a3ee4b2d0608dd6f525bd,71ed4d4e65751a5957c2b1b7954da195b59eb885,data/raw/formal-v1/formal-v1__profile__daylight__gpu_compute__p050__r01,"{""daylight"":""games/pyxel/apps-src/30SecondsOfDaylight/src/main.py""}","{""daylight"":""21a365375249e9d7ea05e78dcfe040f09cc1f0c66bd410bae084190c743a028f""}",77059e30d4f3eabc5c40a3d6ac476db2e9dcad62c5dcd2b10be1364f1e2c621c
1,73,formal-v1__profile__pyxel_bubbles__gpu_compute__p000__r03,formal-v1,profile,not_applicable,pressure_profile,"[""pyxel_bubbles""]",pyxel_bubbles,[],,,gpu_compute,0,3,3197609736822577904,20,60,1,20,windows-rtx4060,0,0,grid_2x2,true,82,1f4e3f3ce1069ad1b142225e539ac838483cf248849a3ee4b2d0608dd6f525bd,71ed4d4e65751a5957c2b1b7954da195b59eb885,data/raw/formal-v1/formal-v1__profile__pyxel_bubbles__gpu_compute__p000__r03,"{""pyxel_bubbles"":""games/pyxel/06_click_game.py""}","{""pyxel_bubbles"":""54c101e90bdaed839ac4c4284494530d5df37a5819a35f1e41eebb0b3da5d900""}",04f853e6e54ab9ddec3daca272eacaf30ef69059710ab7db3b8ce3476f427440
1,74,formal-v1__colocation__pyxel_platformer+pyxel_snake+space_rescue__r02,formal-v1,colocation-main,validation,colocation,"[""pyxel_platformer"",""pyxel_snake"",""space_rescue""]",pyxel_platformer,"[""pyxel_snake"",""space_rescue""]",pyxel_platformer+pyxel_snake+space_rescue,pyxel_platformer+pyxel_snake+space_rescue__r02,,,2,1690107461402874264,20,60,1,20,windows-rtx4060,0,0,grid_2x2,true,82,1f4e3f3ce1069ad1b142225e539ac838483cf248849a3ee4b2d0608dd6f525bd,71ed4d4e65751a5957c2b1b7954da195b59eb885,data/raw/formal-v1/formal-v1__colocation__pyxel_platformer+pyxel_snake+space_rescue__r02,"{""pyxel_platformer"":""games/pyxel/10_platformer.py"",""pyxel_snake"":""games/pyxel/07_snake.py"",""space_rescue"":""games/pyxel/apps-src/space_rescue/space_rescue.py""}","{""pyxel_platformer"":""1b2c75b49dc9ab0254fb4b724682a4787868814a38d2f08920720dc5b6007ac5"",""pyxel_snake"":""bc533fef92d1d358e570f69d979919fe5c1cd8c4da49841104b49a1e661a5ac3"",""space_rescue"":""f3b0ab6784ae558e64f06a3f0a704e53f107a130aa3d43357659d0850131e461""}",a6de7e743d3232db9331e3e36a4801c0b75dd7686c6f291803ad7cfb081f7881
1,75,formal-v1__colocation__daylight+pyxel_jump__r03,formal-v1,colocation-main,test,colocation,"[""daylight"",""pyxel_jump""]",daylight,"[""pyxel_jump""]",daylight+pyxel_jump,daylight+pyxel_jump__r03,,,3,4442143163570228282,20,60,1,20,windows-rtx4060,0,0,grid_2x2,true,82,1f4e3f3ce1069ad1b142225e539ac838483cf248849a3ee4b2d0608dd6f525bd,71ed4d4e65751a5957c2b1b7954da195b59eb885,data/raw/formal-v1/formal-v1__colocation__daylight+pyxel_jump__r03,"{""daylight"":""games/pyxel/apps-src/30SecondsOfDaylight/src/main.py"",""pyxel_jump"":""games/pyxel/02_jump_game.py""}","{""daylight"":""21a365375249e9d7ea05e78dcfe040f09cc1f0c66bd410bae084190c743a028f"",""pyxel_jump"":""4743a825f1c9cae7e049ac52115f4ecf83350db546c00745a54af187d7bc2e46""}",9510fa5b04623dc0308b9db360568214e9a7153b9118d38ceb50e3dd7912e93d
1,76,formal-v1__profile__pyxel_jump__memory_bandwidth__p025__r02,formal-v1,profile,not_applicable,pressure_profile,"[""pyxel_jump""]",pyxel_jump,[],,,memory_bandwidth,0.25,2,11298813833300652344,20,60,1,20,windows-rtx4060,0,0,grid_2x2,true,82,1f4e3f3ce1069ad1b142225e539ac838483cf248849a3ee4b2d0608dd6f525bd,71ed4d4e65751a5957c2b1b7954da195b59eb885,data/raw/formal-v1/formal-v1__profile__pyxel_jump__memory_bandwidth__p025__r02,"{""pyxel_jump"":""games/pyxel/02_jump_game.py""}","{""pyxel_jump"":""4743a825f1c9cae7e049ac52115f4ecf83350db546c00745a54af187d7bc2e46""}",b04e37cc8013bea82719ebc091e588765c99ebf55e16fa42eb585210ee3499d4
1,77,formal-v1__profile__pyxel_bubbles__cpu_compute__p100__r01,formal-v1,profile,not_applicable,pressure_profile,"[""pyxel_bubbles""]",pyxel_bubbles,[],,,cpu_compute,1,1,11831575209290221946,20,60,1,20,windows-rtx4060,0,0,grid_2x2,true,82,1f4e3f3ce1069ad1b142225e539ac838483cf248849a3ee4b2d0608dd6f525bd,71ed4d4e65751a5957c2b1b7954da195b59eb885,data/raw/formal-v1/formal-v1__profile__pyxel_bubbles__cpu_compute__p100__r01,"{""pyxel_bubbles"":""games/pyxel/06_click_game.py""}","{""pyxel_bubbles"":""54c101e90bdaed839ac4c4284494530d5df37a5819a35f1e41eebb0b3da5d900""}",2286dcb5d7ca856d9b99915a43911e6fc13e8e41b6965c99279fcef2ae5ea8ae
1,78,formal-v1__profile__pyxel_platformer__memory_bandwidth__p075__r02,formal-v1,profile,not_applicable,pressure_profile,"[""pyxel_platformer""]",pyxel_platformer,[],,,memory_bandwidth,0.75,2,2762682700356843623,20,60,1,20,windows-rtx4060,0,0,grid_2x2,true,82,1f4e3f3ce1069ad1b142225e539ac838483cf248849a3ee4b2d0608dd6f525bd,71ed4d4e65751a5957c2b1b7954da195b59eb885,data/raw/formal-v1/formal-v1__profile__pyxel_platformer__memory_bandwidth__p075__r02,"{""pyxel_platformer"":""games/pyxel/10_platformer.py""}","{""pyxel_platformer"":""1b2c75b49dc9ab0254fb4b724682a4787868814a38d2f08920720dc5b6007ac5""}",d9bedb91d27d2d7d3c9d71feca0ce679b381146bbf06478d8c51833da392bdeb
1,79,formal-v1__profile__pyxel_bubbles__gpu_memory__p100__r01,formal-v1,profile,not_applicable,pressure_profile,"[""pyxel_bubbles""]",pyxel_bubbles,[],,,gpu_memory,1,1,13004370286349831699,20,60,1,20,windows-rtx4060,0,0,grid_2x2,true,82,1f4e3f3ce1069ad1b142225e539ac838483cf248849a3ee4b2d0608dd6f525bd,71ed4d4e65751a5957c2b1b7954da195b59eb885,data/raw/formal-v1/formal-v1__profile__pyxel_bubbles__gpu_memory__p100__r01,"{""pyxel_bubbles"":""games/pyxel/06_click_game.py""}","{""pyxel_bubbles"":""54c101e90bdaed839ac4c4284494530d5df37a5819a35f1e41eebb0b3da5d900""}",031d78466a22605a383464c685bb9dc330e4da953e698ff2ce96904d6ed1c552
1,80,formal-v1__profile__pyxel_snake__gpu_memory__p050__r02,formal-v1,profile,not_applicable,pressure_profile,"[""pyxel_snake""]",pyxel_snake,[],,,gpu_memory,0.5,2,13839995820513001035,20,60,1,20,windows-rtx4060,0,0,grid_2x2,true,82,1f4e3f3ce1069ad1b142225e539ac838483cf248849a3ee4b2d0608dd6f525bd,71ed4d4e65751a5957c2b1b7954da195b59eb885,data/raw/formal-v1/formal-v1__profile__pyxel_snake__gpu_memory__p050__r02,"{""pyxel_snake"":""games/pyxel/07_snake.py""}","{""pyxel_snake"":""bc533fef92d1d358e570f69d979919fe5c1cd8c4da49841104b49a1e661a5ac3""}",d8436f0dd4859e2da5170cb40abd56c40ab9223f79398347121b01467d3e6e5e
1,81,formal-v1__profile__space_rescue__gpu_memory__p025__r02,formal-v1,profile,not_applicable,pressure_profile,"[""space_rescue""]",space_rescue,[],,,gpu_memory,0.25,2,4541446456563490709,20,60,1,20,windows-rtx4060,0,0,grid_2x2,true,82,1f4e3f3ce1069ad1b142225e539ac838483cf248849a3ee4b2d0608dd6f525bd,71ed4d4e65751a5957c2b1b7954da195b59eb885,data/raw/formal-v1/formal-v1__profile__space_rescue__gpu_memory__p025__r02,"{""space_rescue"":""games/pyxel/apps-src/space_rescue/space_rescue.py""}","{""space_rescue"":""f3b0ab6784ae558e64f06a3f0a704e53f107a130aa3d43357659d0850131e461""}",a56fd190f12a4c767ef598bd1f8492840d92cf02ffd1236600eff48552b1ae7f
1,82,formal-v1__profile__space_rescue__cpu_compute__p075__r01,formal-v1,profile,not_applicable,pressure_profile,"[""space_rescue""]",space_rescue,[],,,cpu_compute,0.75,1,7748755044565379590,20,60,1,20,windows-rtx4060,0,0,grid_2x2,true,82,1f4e3f3ce1069ad1b142225e539ac838483cf248849a3ee4b2d0608dd6f525bd,71ed4d4e65751a5957c2b1b7954da195b59eb885,data/raw/formal-v1/formal-v1__profile__space_rescue__cpu_compute__p075__r01,"{""space_rescue"":""games/pyxel/apps-src/space_rescue/space_rescue.py""}","{""space_rescue"":""f3b0ab6784ae558e64f06a3f0a704e53f107a130aa3d43357659d0850131e461""}",f745058a1d0b7c68f2d26de1f92fa0e3aebad1986a46e834895825448b723671
1,83,formal-v1__profile__daylight__gpu_compute__p000__r03,formal-v1,profile,not_applicable,pressure_profile,"[""daylight""]",daylight,[],,,gpu_compute,0,3,14577273255851705639,20,60,1,20,windows-rtx4060,0,0,grid_2x2,true,82,1f4e3f3ce1069ad1b142225e539ac838483cf248849a3ee4b2d0608dd6f525bd,71ed4d4e65751a5957c2b1b7954da195b59eb885,data/raw/formal-v1/formal-v1__profile__daylight__gpu_compute__p000__r03,"{""daylight"":""games/pyxel/apps-src/30SecondsOfDaylight/src/main.py""}","{""daylight"":""21a365375249e9d7ea05e78dcfe040f09cc1f0c66bd410bae084190c743a028f""}",70121219389b028f7180deedc5fb2b06a0ea8772b5a308c81eca8821bfe53a01
1,84,formal-v1__profile__daylight__cpu_compute__p000__r02,formal-v1,profile,not_applicable,pressure_profile,"[""daylight""]",daylight,[],,,cpu_compute,0,2,241441947802294358,20,60,1,20,windows-rtx4060,0,0,grid_2x2,true,82,1f4e3f3ce1069ad1b142225e539ac838483cf248849a3ee4b2d0608dd6f525bd,71ed4d4e65751a5957c2b1b7954da195b59eb885,data/raw/formal-v1/formal-v1__profile__daylight__cpu_compute__p000__r02,"{""daylight"":""games/pyxel/apps-src/30SecondsOfDaylight/src/main.py""}","{""daylight"":""21a365375249e9d7ea05e78dcfe040f09cc1f0c66bd410bae084190c743a028f""}",ac912872b07edb5b275253ce6848e1510838a4c2195c5ef93828eb6e0ed2acc0
1,85,formal-v1__profile__mega_wing__cpu_compute__p075__r03,formal-v1,profile,not_applicable,pressure_profile,"[""mega_wing""]",mega_wing,[],,,cpu_compute,0.75,3,12024191461510072258,20,60,1,20,windows-rtx4060,0,0,grid_2x2,true,82,1f4e3f3ce1069ad1b142225e539ac838483cf248849a3ee4b2d0608dd6f525bd,71ed4d4e65751a5957c2b1b7954da195b59eb885,data/raw/formal-v1/formal-v1__profile__mega_wing__cpu_compute__p075__r03,"{""mega_wing"":""games/pyxel/apps-src/mega_wing/mega_wing.py""}","{""mega_wing"":""86bad6c02a303806c58137503739241dc6b1e86695f7c0dbf672b5e1a1464e9f""}",d5f24c1d9f247977aebb7dae4a7184e49f7296e088cfcfa65fe7f6fb21a149fd
1,86,formal-v1__colocation__daylight+pyxel_shooter+pyxel_snake__r03,formal-v1,colocation-main,train,colocation,"[""daylight"",""pyxel_shooter"",""pyxel_snake""]",daylight,"[""pyxel_shooter"",""pyxel_snake""]",daylight+pyxel_shooter+pyxel_snake,daylight+pyxel_shooter+pyxel_snake__r03,,,3,3275937800275558484,20,60,1,20,windows-rtx4060,0,0,grid_2x2,true,82,1f4e3f3ce1069ad1b142225e539ac838483cf248849a3ee4b2d0608dd6f525bd,71ed4d4e65751a5957c2b1b7954da195b59eb885,data/raw/formal-v1/formal-v1__colocation__daylight+pyxel_shooter+pyxel_snake__r03,"{""daylight"":""games/pyxel/apps-src/30SecondsOfDaylight/src/main.py"",""pyxel_shooter"":""games/pyxel/09_shooter.py"",""pyxel_snake"":""games/pyxel/07_snake.py""}","{""daylight"":""21a365375249e9d7ea05e78dcfe040f09cc1f0c66bd410bae084190c743a028f"",""pyxel_shooter"":""0f53e4156907eac41080a8f289e22c89365b3239517c754cf59a51af201d5563"",""pyxel_snake"":""bc533fef92d1d358e570f69d979919fe5c1cd8c4da49841104b49a1e661a5ac3""}",333d6d1d03969114dfe59626271a32290f154fdee7521b87d7a509770f83da2c
1,87,formal-v1__profile__pyxel_bubbles__cpu_compute__p075__r03,formal-v1,profile,not_applicable,pressure_profile,"[""pyxel_bubbles""]",pyxel_bubbles,[],,,cpu_compute,0.75,3,889363053334683799,20,60,1,20,windows-rtx4060,0,0,grid_2x2,true,82,1f4e3f3ce1069ad1b142225e539ac838483cf248849a3ee4b2d0608dd6f525bd,71ed4d4e65751a5957c2b1b7954da195b59eb885,data/raw/formal-v1/formal-v1__profile__pyxel_bubbles__cpu_compute__p075__r03,"{""pyxel_bubbles"":""games/pyxel/06_click_game.py""}","{""pyxel_bubbles"":""54c101e90bdaed839ac4c4284494530d5df37a5819a35f1e41eebb0b3da5d900""}",0fe3f9aa818bff2ab0ed343037706019fa82f30ea4a08ac9d283a17d8af869f3
1,88,formal-v1__colocation__pyxel_bubbles+pyxel_platformer+pyxel_shooter__r02,formal-v1,colocation-main,validation,colocation,"[""pyxel_bubbles"",""pyxel_platformer"",""pyxel_shooter""]",pyxel_bubbles,"[""pyxel_platformer"",""pyxel_shooter""]",pyxel_bubbles+pyxel_platformer+pyxel_shooter,pyxel_bubbles+pyxel_platformer+pyxel_shooter__r02,,,2,7247971371436558227,20,60,1,20,windows-rtx4060,0,0,grid_2x2,true,82,1f4e3f3ce1069ad1b142225e539ac838483cf248849a3ee4b2d0608dd6f525bd,71ed4d4e65751a5957c2b1b7954da195b59eb885,data/raw/formal-v1/formal-v1__colocation__pyxel_bubbles+pyxel_platformer+pyxel_shooter__r02,"{""pyxel_bubbles"":""games/pyxel/06_click_game.py"",""pyxel_platformer"":""games/pyxel/10_platformer.py"",""pyxel_shooter"":""games/pyxel/09_shooter.py""}","{""pyxel_bubbles"":""54c101e90bdaed839ac4c4284494530d5df37a5819a35f1e41eebb0b3da5d900"",""pyxel_platformer"":""1b2c75b49dc9ab0254fb4b724682a4787868814a38d2f08920720dc5b6007ac5"",""pyxel_shooter"":""0f53e4156907eac41080a8f289e22c89365b3239517c754cf59a51af201d5563""}",95115d0ad87db07d0a1ca3b6b7d86026318cdcca5ba6558216c00ba20a5eb117
1,89,formal-v1__profile__pyxel_jump__gpu_compute__p100__r01,formal-v1,profile,not_applicable,pressure_profile,"[""pyxel_jump""]",pyxel_jump,[],,,gpu_compute,1,1,3371735578744062347,20,60,1,20,windows-rtx4060,0,0,grid_2x2,true,82,1f4e3f3ce1069ad1b142225e539ac838483cf248849a3ee4b2d0608dd6f525bd,71ed4d4e65751a5957c2b1b7954da195b59eb885,data/raw/formal-v1/formal-v1__profile__pyxel_jump__gpu_compute__p100__r01,"{""pyxel_jump"":""games/pyxel/02_jump_game.py""}","{""pyxel_jump"":""4743a825f1c9cae7e049ac52115f4ecf83350db546c00745a54af187d7bc2e46""}",e80f12f031a5083db56ed1eef1189a1a64d355e308a97be54b9008bf5ac19158
1,90,formal-v1__colocation__pyxel_jump+pyxel_snake__r03,formal-v1,colocation-main,validation,colocation,"[""pyxel_jump"",""pyxel_snake""]",pyxel_jump,"[""pyxel_snake""]",pyxel_jump+pyxel_snake,pyxel_jump+pyxel_snake__r03,,,3,669151184381926978,20,60,1,20,windows-rtx4060,0,0,grid_2x2,true,82,1f4e3f3ce1069ad1b142225e539ac838483cf248849a3ee4b2d0608dd6f525bd,71ed4d4e65751a5957c2b1b7954da195b59eb885,data/raw/formal-v1/formal-v1__colocation__pyxel_jump+pyxel_snake__r03,"{""pyxel_jump"":""games/pyxel/02_jump_game.py"",""pyxel_snake"":""games/pyxel/07_snake.py""}","{""pyxel_jump"":""4743a825f1c9cae7e049ac52115f4ecf83350db546c00745a54af187d7bc2e46"",""pyxel_snake"":""bc533fef92d1d358e570f69d979919fe5c1cd8c4da49841104b49a1e661a5ac3""}",5809313537c5a5fd77674847084bab9b888815d19753d84acfc85a275704356c
1,91,formal-v1__colocation__mega_wing+pyxel_platformer+pyxel_shooter__r03,formal-v1,colocation-main,test,colocation,"[""mega_wing"",""pyxel_platformer"",""pyxel_shooter""]",mega_wing,"[""pyxel_platformer"",""pyxel_shooter""]",mega_wing+pyxel_platformer+pyxel_shooter,mega_wing+pyxel_platformer+pyxel_shooter__r03,,,3,12612950904275602089,20,60,1,20,windows-rtx4060,0,0,grid_2x2,true,82,1f4e3f3ce1069ad1b142225e539ac838483cf248849a3ee4b2d0608dd6f525bd,71ed4d4e65751a5957c2b1b7954da195b59eb885,data/raw/formal-v1/formal-v1__colocation__mega_wing+pyxel_platformer+pyxel_shooter__r03,"{""mega_wing"":""games/pyxel/apps-src/mega_wing/mega_wing.py"",""pyxel_platformer"":""games/pyxel/10_platformer.py"",""pyxel_shooter"":""games/pyxel/09_shooter.py""}","{""mega_wing"":""86bad6c02a303806c58137503739241dc6b1e86695f7c0dbf672b5e1a1464e9f"",""pyxel_platformer"":""1b2c75b49dc9ab0254fb4b724682a4787868814a38d2f08920720dc5b6007ac5"",""pyxel_shooter"":""0f53e4156907eac41080a8f289e22c89365b3239517c754cf59a51af201d5563""}",31cec88204feec1f2d9975473792ce4ab56cf1c515bde61323769a62e95fd6b0
1,92,formal-v1__colocation__pyxel_jump+pyxel_shooter+pyxel_snake__r03,formal-v1,colocation-main,train,colocation,"[""pyxel_jump"",""pyxel_shooter"",""pyxel_snake""]",pyxel_jump,"[""pyxel_shooter"",""pyxel_snake""]",pyxel_jump+pyxel_shooter+pyxel_snake,pyxel_jump+pyxel_shooter+pyxel_snake__r03,,,3,2843541963674284268,20,60,1,20,windows-rtx4060,0,0,grid_2x2,true,82,1f4e3f3ce1069ad1b142225e539ac838483cf248849a3ee4b2d0608dd6f525bd,71ed4d4e65751a5957c2b1b7954da195b59eb885,data/raw/formal-v1/formal-v1__colocation__pyxel_jump+pyxel_shooter+pyxel_snake__r03,"{""pyxel_jump"":""games/pyxel/02_jump_game.py"",""pyxel_shooter"":""games/pyxel/09_shooter.py"",""pyxel_snake"":""games/pyxel/07_snake.py""}","{""pyxel_jump"":""4743a825f1c9cae7e049ac52115f4ecf83350db546c00745a54af187d7bc2e46"",""pyxel_shooter"":""0f53e4156907eac41080a8f289e22c89365b3239517c754cf59a51af201d5563"",""pyxel_snake"":""bc533fef92d1d358e570f69d979919fe5c1cd8c4da49841104b49a1e661a5ac3""}",ff0e42e8f8cec7d1fee21316bc8a2173d75b865ad76b9fc9d5795f1e8c5bf1f5
1,93,formal-v1__profile__pyxel_bubbles__gpu_memory__p025__r01,formal-v1,profile,not_applicable,pressure_profile,"[""pyxel_bubbles""]",pyxel_bubbles,[],,,gpu_memory,0.25,1,3010822687310012633,20,60,1,20,windows-rtx4060,0,0,grid_2x2,true,82,1f4e3f3ce1069ad1b142225e539ac838483cf248849a3ee4b2d0608dd6f525bd,71ed4d4e65751a5957c2b1b7954da195b59eb885,data/raw/formal-v1/formal-v1__profile__pyxel_bubbles__gpu_memory__p025__r01,"{""pyxel_bubbles"":""games/pyxel/06_click_game.py""}","{""pyxel_bubbles"":""54c101e90bdaed839ac4c4284494530d5df37a5819a35f1e41eebb0b3da5d900""}",9e4931058881c401d234ee235d4443d32c8f5516425879bf22938c22331d0680
1,94,formal-v1__profile__pyxel_platformer__memory_bandwidth__p075__r03,formal-v1,profile,not_applicable,pressure_profile,"[""pyxel_platformer""]",pyxel_platformer,[],,,memory_bandwidth,0.75,3,1857958510345146456,20,60,1,20,windows-rtx4060,0,0,grid_2x2,true,82,1f4e3f3ce1069ad1b142225e539ac838483cf248849a3ee4b2d0608dd6f525bd,71ed4d4e65751a5957c2b1b7954da195b59eb885,data/raw/formal-v1/formal-v1__profile__pyxel_platformer__memory_bandwidth__p075__r03,"{""pyxel_platformer"":""games/pyxel/10_platformer.py""}","{""pyxel_platformer"":""1b2c75b49dc9ab0254fb4b724682a4787868814a38d2f08920720dc5b6007ac5""}",1183816c1c43c42ff1f3324f7c78846d341bb8ac88b1729421e4ea71fe2e9319
1,95,formal-v1__profile__mega_wing__memory_bandwidth__p000__r02,formal-v1,profile,not_applicable,pressure_profile,"[""mega_wing""]",mega_wing,[],,,memory_bandwidth,0,2,16748466695473203100,20,60,1,20,windows-rtx4060,0,0,grid_2x2,true,82,1f4e3f3ce1069ad1b142225e539ac838483cf248849a3ee4b2d0608dd6f525bd,71ed4d4e65751a5957c2b1b7954da195b59eb885,data/raw/formal-v1/formal-v1__profile__mega_wing__memory_bandwidth__p000__r02,"{""mega_wing"":""games/pyxel/apps-src/mega_wing/mega_wing.py""}","{""mega_wing"":""86bad6c02a303806c58137503739241dc6b1e86695f7c0dbf672b5e1a1464e9f""}",c6dd8fa226814ad7f868d37ee5e11702bc668ebfe74f63a64457bc22055b0b65
1,96,formal-v1__profile__pyxel_bubbles__gpu_memory__p000__r02,formal-v1,profile,not_applicable,pressure_profile,"[""pyxel_bubbles""]",pyxel_bubbles,[],,,gpu_memory,0,2,8216479269195245272,20,60,1,20,windows-rtx4060,0,0,grid_2x2,true,82,1f4e3f3ce1069ad1b142225e539ac838483cf248849a3ee4b2d0608dd6f525bd,71ed4d4e65751a5957c2b1b7954da195b59eb885,data/raw/formal-v1/formal-v1__profile__pyxel_bubbles__gpu_memory__p000__r02,"{""pyxel_bubbles"":""games/pyxel/06_click_game.py""}","{""pyxel_bubbles"":""54c101e90bdaed839ac4c4284494530d5df37a5819a35f1e41eebb0b3da5d900""}",5b1e5b4c6e9b73c6e95202f8210f55a3fb9bd2d96f89da35d2220baa288ae262
1,97,formal-v1__profile__daylight__gpu_compute__p025__r01,formal-v1,profile,not_applicable,pressure_profile,"[""daylight""]",daylight,[],,,gpu_compute,0.25,1,7727057560543586817,20,60,1,20,windows-rtx4060,0,0,grid_2x2,true,82,1f4e3f3ce1069ad1b142225e539ac838483cf248849a3ee4b2d0608dd6f525bd,71ed4d4e65751a5957c2b1b7954da195b59eb885,data/raw/formal-v1/formal-v1__profile__daylight__gpu_compute__p025__r01,"{""daylight"":""games/pyxel/apps-src/30SecondsOfDaylight/src/main.py""}","{""daylight"":""21a365375249e9d7ea05e78dcfe040f09cc1f0c66bd410bae084190c743a028f""}",b064b6c6b6916555d5da648beaaba83f193f7761f515f488f3eb532106eda199
1,98,formal-v1__profile__pyxel_snake__gpu_memory__p050__r01,formal-v1,profile,not_applicable,pressure_profile,"[""pyxel_snake""]",pyxel_snake,[],,,gpu_memory,0.5,1,7472862090844957153,20,60,1,20,windows-rtx4060,0,0,grid_2x2,true,82,1f4e3f3ce1069ad1b142225e539ac838483cf248849a3ee4b2d0608dd6f525bd,71ed4d4e65751a5957c2b1b7954da195b59eb885,data/raw/formal-v1/formal-v1__profile__pyxel_snake__gpu_memory__p050__r01,"{""pyxel_snake"":""games/pyxel/07_snake.py""}","{""pyxel_snake"":""bc533fef92d1d358e570f69d979919fe5c1cd8c4da49841104b49a1e661a5ac3""}",94c39a23f0c7e073e8b3ca74e25ced257d05a5c7ed14f8fd6aeec161b60358cd
1,99,formal-v1__profile__daylight__gpu_memory__p025__r01,formal-v1,profile,not_applicable,pressure_profile,"[""daylight""]",daylight,[],,,gpu_memory,0.25,1,18181047094377291399,20,60,1,20,windows-rtx4060,0,0,grid_2x2,true,82,1f4e3f3ce1069ad1b142225e539ac838483cf248849a3ee4b2d0608dd6f525bd,71ed4d4e65751a5957c2b1b7954da195b59eb885,data/raw/formal-v1/formal-v1__profile__daylight__gpu_memory__p025__r01,"{""daylight"":""games/pyxel/apps-src/30SecondsOfDaylight/src/main.py""}","{""daylight"":""21a365375249e9d7ea05e78dcfe040f09cc1f0c66bd410bae084190c743a028f""}",3894a78aee65a6301efc1a0b566ec4b334088a5ad70dde250ad6dd364e940387
1,100,formal-v1__profile__space_rescue__memory_bandwidth__p050__r01,formal-v1,profile,not_applicable,pressure_profile,"[""space_rescue""]",space_rescue,[],,,memory_bandwidth,0.5,1,15915214356916952255,20,60,1,20,windows-rtx4060,0,0,grid_2x2,true,82,1f4e3f3ce1069ad1b142225e539ac838483cf248849a3ee4b2d0608dd6f525bd,71ed4d4e65751a5957c2b1b7954da195b59eb885,data/raw/formal-v1/formal-v1__profile__space_rescue__memory_bandwidth__p050__r01,"{""space_rescue"":""games/pyxel/apps-src/space_rescue/space_rescue.py""}","{""space_rescue"":""f3b0ab6784ae558e64f06a3f0a704e53f107a130aa3d43357659d0850131e461""}",dfc83302ad8fa0d015dc7083eb6383d928315ebe2fd77e84d40115314c3f93c0
1,101,formal-v1__profile__pyxel_bubbles__gpu_compute__p075__r02,formal-v1,profile,not_applicable,pressure_profile,"[""pyxel_bubbles""]",pyxel_bubbles,[],,,gpu_compute,0.75,2,2080732550627211984,20,60,1,20,windows-rtx4060,0,0,grid_2x2,true,82,1f4e3f3ce1069ad1b142225e539ac838483cf248849a3ee4b2d0608dd6f525bd,71ed4d4e65751a5957c2b1b7954da195b59eb885,data/raw/formal-v1/formal-v1__profile__pyxel_bubbles__gpu_compute__p075__r02,"{""pyxel_bubbles"":""games/pyxel/06_click_game.py""}","{""pyxel_bubbles"":""54c101e90bdaed839ac4c4284494530d5df37a5819a35f1e41eebb0b3da5d900""}",802a868de4175912f88e76cb3178c248a0cc4764ddbc4da27d6d9c6cadb612d8
1,102,formal-v1__profile__space_rescue__gpu_compute__p025__r02,formal-v1,profile,not_applicable,pressure_profile,"[""space_rescue""]",space_rescue,[],,,gpu_compute,0.25,2,5193477929200372882,20,60,1,20,windows-rtx4060,0,0,grid_2x2,true,82,1f4e3f3ce1069ad1b142225e539ac838483cf248849a3ee4b2d0608dd6f525bd,71ed4d4e65751a5957c2b1b7954da195b59eb885,data/raw/formal-v1/formal-v1__profile__space_rescue__gpu_compute__p025__r02,"{""space_rescue"":""games/pyxel/apps-src/space_rescue/space_rescue.py""}","{""space_rescue"":""f3b0ab6784ae558e64f06a3f0a704e53f107a130aa3d43357659d0850131e461""}",97d383bc3b029df4fb02bb2d9d7c22b6d2187231aeb2427f870f16bf9a78f7ba
1,103,formal-v1__profile__pyxel_platformer__cpu_compute__p000__r03,formal-v1,profile,not_applicable,pressure_profile,"[""pyxel_platformer""]",pyxel_platformer,[],,,cpu_compute,0,3,17679836067172318764,20,60,1,20,windows-rtx4060,0,0,grid_2x2,true,82,1f4e3f3ce1069ad1b142225e539ac838483cf248849a3ee4b2d0608dd6f525bd,71ed4d4e65751a5957c2b1b7954da195b59eb885,data/raw/formal-v1/formal-v1__profile__pyxel_platformer__cpu_compute__p000__r03,"{""pyxel_platformer"":""games/pyxel/10_platformer.py""}","{""pyxel_platformer"":""1b2c75b49dc9ab0254fb4b724682a4787868814a38d2f08920720dc5b6007ac5""}",ba310bf23c33f24cde0c3341770d16d738a4233381670720b663d45681a614ac
1,104,formal-v1__profile__pyxel_platformer__memory_bandwidth__p100__r03,formal-v1,profile,not_applicable,pressure_profile,"[""pyxel_platformer""]",pyxel_platformer,[],,,memory_bandwidth,1,3,3804307406830801512,20,60,1,20,windows-rtx4060,0,0,grid_2x2,true,82,1f4e3f3ce1069ad1b142225e539ac838483cf248849a3ee4b2d0608dd6f525bd,71ed4d4e65751a5957c2b1b7954da195b59eb885,data/raw/formal-v1/formal-v1__profile__pyxel_platformer__memory_bandwidth__p100__r03,"{""pyxel_platformer"":""games/pyxel/10_platformer.py""}","{""pyxel_platformer"":""1b2c75b49dc9ab0254fb4b724682a4787868814a38d2f08920720dc5b6007ac5""}",f33ad97cccac84c599db533454ad6c5cf10b089c899af6053226632e3a9b674c
1,105,formal-v1__profile__pyxel_bubbles__cpu_compute__p100__r02,formal-v1,profile,not_applicable,pressure_profile,"[""pyxel_bubbles""]",pyxel_bubbles,[],,,cpu_compute,1,2,2171011691386828063,20,60,1,20,windows-rtx4060,0,0,grid_2x2,true,82,1f4e3f3ce1069ad1b142225e539ac838483cf248849a3ee4b2d0608dd6f525bd,71ed4d4e65751a5957c2b1b7954da195b59eb885,data/raw/formal-v1/formal-v1__profile__pyxel_bubbles__cpu_compute__p100__r02,"{""pyxel_bubbles"":""games/pyxel/06_click_game.py""}","{""pyxel_bubbles"":""54c101e90bdaed839ac4c4284494530d5df37a5819a35f1e41eebb0b3da5d900""}",1ee9bdfd55ae411750f283dfd84f2d872c3f0748c2783bb9724c6b3ce18af7db
1,106,formal-v1__profile__pyxel_jump__memory_bandwidth__p100__r02,formal-v1,profile,not_applicable,pressure_profile,"[""pyxel_jump""]",pyxel_jump,[],,,memory_bandwidth,1,2,4526841369643719515,20,60,1,20,windows-rtx4060,0,0,grid_2x2,true,82,1f4e3f3ce1069ad1b142225e539ac838483cf248849a3ee4b2d0608dd6f525bd,71ed4d4e65751a5957c2b1b7954da195b59eb885,data/raw/formal-v1/formal-v1__profile__pyxel_jump__memory_bandwidth__p100__r02,"{""pyxel_jump"":""games/pyxel/02_jump_game.py""}","{""pyxel_jump"":""4743a825f1c9cae7e049ac52115f4ecf83350db546c00745a54af187d7bc2e46""}",c7481ce378d234ffcd6170a92fa981d17db3f26241684e7aa79151a7c2c9cb61
1,107,formal-v1__profile__pyxel_jump__gpu_memory__p100__r03,formal-v1,profile,not_applicable,pressure_profile,"[""pyxel_jump""]",pyxel_jump,[],,,gpu_memory,1,3,10550415607703999974,20,60,1,20,windows-rtx4060,0,0,grid_2x2,true,82,1f4e3f3ce1069ad1b142225e539ac838483cf248849a3ee4b2d0608dd6f525bd,71ed4d4e65751a5957c2b1b7954da195b59eb885,data/raw/formal-v1/formal-v1__profile__pyxel_jump__gpu_memory__p100__r03,"{""pyxel_jump"":""games/pyxel/02_jump_game.py""}","{""pyxel_jump"":""4743a825f1c9cae7e049ac52115f4ecf83350db546c00745a54af187d7bc2e46""}",fa3ee63f587df656f8aec4f8f20bf263ff5729ba7709dbcd754569be233cf617
1,108,formal-v1__profile__pyxel_platformer__gpu_memory__p100__r03,formal-v1,profile,not_applicable,pressure_profile,"[""pyxel_platformer""]",pyxel_platformer,[],,,gpu_memory,1,3,7696464540062108993,20,60,1,20,windows-rtx4060,0,0,grid_2x2,true,82,1f4e3f3ce1069ad1b142225e539ac838483cf248849a3ee4b2d0608dd6f525bd,71ed4d4e65751a5957c2b1b7954da195b59eb885,data/raw/formal-v1/formal-v1__profile__pyxel_platformer__gpu_memory__p100__r03,"{""pyxel_platformer"":""games/pyxel/10_platformer.py""}","{""pyxel_platformer"":""1b2c75b49dc9ab0254fb4b724682a4787868814a38d2f08920720dc5b6007ac5""}",3c2ae175f5e6dbd12144dc935217f114f27112237bd8c9f5b6f49c7c333c9ade
1,109,formal-v1__colocation__daylight+mega_wing+pyxel_shooter__r03,formal-v1,colocation-main,validation,colocation,"[""daylight"",""mega_wing"",""pyxel_shooter""]",daylight,"[""mega_wing"",""pyxel_shooter""]",daylight+mega_wing+pyxel_shooter,daylight+mega_wing+pyxel_shooter__r03,,,3,13312590361058943931,20,60,1,20,windows-rtx4060,0,0,grid_2x2,true,82,1f4e3f3ce1069ad1b142225e539ac838483cf248849a3ee4b2d0608dd6f525bd,71ed4d4e65751a5957c2b1b7954da195b59eb885,data/raw/formal-v1/formal-v1__colocation__daylight+mega_wing+pyxel_shooter__r03,"{""daylight"":""games/pyxel/apps-src/30SecondsOfDaylight/src/main.py"",""mega_wing"":""games/pyxel/apps-src/mega_wing/mega_wing.py"",""pyxel_shooter"":""games/pyxel/09_shooter.py""}","{""daylight"":""21a365375249e9d7ea05e78dcfe040f09cc1f0c66bd410bae084190c743a028f"",""mega_wing"":""86bad6c02a303806c58137503739241dc6b1e86695f7c0dbf672b5e1a1464e9f"",""pyxel_shooter"":""0f53e4156907eac41080a8f289e22c89365b3239517c754cf59a51af201d5563""}",c0077bbfbcc75fa21ba6bf27b4029e3f78a7f1525c3eb1259cae8e7b3637863a
1,110,formal-v1__profile__space_rescue__memory_bandwidth__p100__r03,formal-v1,profile,not_applicable,pressure_profile,"[""space_rescue""]",space_rescue,[],,,memory_bandwidth,1,3,17181506969833333179,20,60,1,20,windows-rtx4060,0,0,grid_2x2,true,82,1f4e3f3ce1069ad1b142225e539ac838483cf248849a3ee4b2d0608dd6f525bd,71ed4d4e65751a5957c2b1b7954da195b59eb885,data/raw/formal-v1/formal-v1__profile__space_rescue__memory_bandwidth__p100__r03,"{""space_rescue"":""games/pyxel/apps-src/space_rescue/space_rescue.py""}","{""space_rescue"":""f3b0ab6784ae558e64f06a3f0a704e53f107a130aa3d43357659d0850131e461""}",b433d3f889d7bbdca5579a68df06d5dc2328afac63ea610bf1fa6acc8b75ae6d
1,111,formal-v1__profile__pyxel_snake__gpu_memory__p075__r01,formal-v1,profile,not_applicable,pressure_profile,"[""pyxel_snake""]",pyxel_snake,[],,,gpu_memory,0.75,1,805019496743078356,20,60,1,20,windows-rtx4060,0,0,grid_2x2,true,82,1f4e3f3ce1069ad1b142225e539ac838483cf248849a3ee4b2d0608dd6f525bd,71ed4d4e65751a5957c2b1b7954da195b59eb885,data/raw/formal-v1/formal-v1__profile__pyxel_snake__gpu_memory__p075__r01,"{""pyxel_snake"":""games/pyxel/07_snake.py""}","{""pyxel_snake"":""bc533fef92d1d358e570f69d979919fe5c1cd8c4da49841104b49a1e661a5ac3""}",8c81e1eeb76a22865df5957873fc47ce7a23e503c50f7d0dba2d97c83da30395
1,112,formal-v1__profile__pyxel_shooter__gpu_compute__p050__r02,formal-v1,profile,not_applicable,pressure_profile,"[""pyxel_shooter""]",pyxel_shooter,[],,,gpu_compute,0.5,2,419416930386546301,20,60,1,20,windows-rtx4060,0,0,grid_2x2,true,82,1f4e3f3ce1069ad1b142225e539ac838483cf248849a3ee4b2d0608dd6f525bd,71ed4d4e65751a5957c2b1b7954da195b59eb885,data/raw/formal-v1/formal-v1__profile__pyxel_shooter__gpu_compute__p050__r02,"{""pyxel_shooter"":""games/pyxel/09_shooter.py""}","{""pyxel_shooter"":""0f53e4156907eac41080a8f289e22c89365b3239517c754cf59a51af201d5563""}",9269f58d1d81456b9926c81009eca124469b729ed06dd161996554162065206a
1,113,formal-v1__profile__pyxel_shooter__cpu_compute__p075__r01,formal-v1,profile,not_applicable,pressure_profile,"[""pyxel_shooter""]",pyxel_shooter,[],,,cpu_compute,0.75,1,9849218443461692718,20,60,1,20,windows-rtx4060,0,0,grid_2x2,true,82,1f4e3f3ce1069ad1b142225e539ac838483cf248849a3ee4b2d0608dd6f525bd,71ed4d4e65751a5957c2b1b7954da195b59eb885,data/raw/formal-v1/formal-v1__profile__pyxel_shooter__cpu_compute__p075__r01,"{""pyxel_shooter"":""games/pyxel/09_shooter.py""}","{""pyxel_shooter"":""0f53e4156907eac41080a8f289e22c89365b3239517c754cf59a51af201d5563""}",34a48212e278b3da43903bcc41ee0e4977bc399167a630cb871fdd4a63fbfda3
1,114,formal-v1__profile__pyxel_jump__gpu_compute__p000__r03,formal-v1,profile,not_applicable,pressure_profile,"[""pyxel_jump""]",pyxel_jump,[],,,gpu_compute,0,3,13311761209541628143,20,60,1,20,windows-rtx4060,0,0,grid_2x2,true,82,1f4e3f3ce1069ad1b142225e539ac838483cf248849a3ee4b2d0608dd6f525bd,71ed4d4e65751a5957c2b1b7954da195b59eb885,data/raw/formal-v1/formal-v1__profile__pyxel_jump__gpu_compute__p000__r03,"{""pyxel_jump"":""games/pyxel/02_jump_game.py""}","{""pyxel_jump"":""4743a825f1c9cae7e049ac52115f4ecf83350db546c00745a54af187d7bc2e46""}",ab60ba452536e3587789ff0f290475cf76e3300d617faf04a8fcacb3ba94fd8f
1,115,formal-v1__extra__mega_wing+pyxel_bubbles+pyxel_platformer+pyxel_shooter__r02,formal-v1,colocation-extra-test,extra_test,extra_test,"[""mega_wing"",""pyxel_bubbles"",""pyxel_platformer"",""pyxel_shooter""]",mega_wing,"[""pyxel_bubbles"",""pyxel_platformer"",""pyxel_shooter""]",mega_wing+pyxel_bubbles+pyxel_platformer+pyxel_shooter,mega_wing+pyxel_bubbles+pyxel_platformer+pyxel_shooter__r02,,,2,704646156157745153,20,60,1,20,windows-rtx4060,0,0,grid_2x2,true,82,1f4e3f3ce1069ad1b142225e539ac838483cf248849a3ee4b2d0608dd6f525bd,71ed4d4e65751a5957c2b1b7954da195b59eb885,data/raw/formal-v1/formal-v1__extra__mega_wing+pyxel_bubbles+pyxel_platformer+pyxel_shooter__r02,"{""mega_wing"":""games/pyxel/apps-src/mega_wing/mega_wing.py"",""pyxel_bubbles"":""games/pyxel/06_click_game.py"",""pyxel_platformer"":""games/pyxel/10_platformer.py"",""pyxel_shooter"":""games/pyxel/09_shooter.py""}","{""mega_wing"":""86bad6c02a303806c58137503739241dc6b1e86695f7c0dbf672b5e1a1464e9f"",""pyxel_bubbles"":""54c101e90bdaed839ac4c4284494530d5df37a5819a35f1e41eebb0b3da5d900"",""pyxel_platformer"":""1b2c75b49dc9ab0254fb4b724682a4787868814a38d2f08920720dc5b6007ac5"",""pyxel_shooter"":""0f53e4156907eac41080a8f289e22c89365b3239517c754cf59a51af201d5563""}",f9106e2b7185f1ba022d82b92732e7cb2a94f798d1ff972995974b9f1c62c6b5
1,116,formal-v1__profile__mega_wing__cpu_compute__p000__r03,formal-v1,profile,not_applicable,pressure_profile,"[""mega_wing""]",mega_wing,[],,,cpu_compute,0,3,10489553234839483832,20,60,1,20,windows-rtx4060,0,0,grid_2x2,true,82,1f4e3f3ce1069ad1b142225e539ac838483cf248849a3ee4b2d0608dd6f525bd,71ed4d4e65751a5957c2b1b7954da195b59eb885,data/raw/formal-v1/formal-v1__profile__mega_wing__cpu_compute__p000__r03,"{""mega_wing"":""games/pyxel/apps-src/mega_wing/mega_wing.py""}","{""mega_wing"":""86bad6c02a303806c58137503739241dc6b1e86695f7c0dbf672b5e1a1464e9f""}",44c141e8c35bb877839ec5896fcff98212222ad64ba31835d32244a3a54e98c1
1,117,formal-v1__profile__mega_wing__memory_bandwidth__p000__r01,formal-v1,profile,not_applicable,pressure_profile,"[""mega_wing""]",mega_wing,[],,,memory_bandwidth,0,1,6962954145758470029,20,60,1,20,windows-rtx4060,0,0,grid_2x2,true,82,1f4e3f3ce1069ad1b142225e539ac838483cf248849a3ee4b2d0608dd6f525bd,71ed4d4e65751a5957c2b1b7954da195b59eb885,data/raw/formal-v1/formal-v1__profile__mega_wing__memory_bandwidth__p000__r01,"{""mega_wing"":""games/pyxel/apps-src/mega_wing/mega_wing.py""}","{""mega_wing"":""86bad6c02a303806c58137503739241dc6b1e86695f7c0dbf672b5e1a1464e9f""}",268b0968924fa5a300046a437c1f136d1ca28f05cc7c51a2ed3f6c605aef9248
1,118,formal-v1__profile__pyxel_shooter__cpu_compute__p100__r02,formal-v1,profile,not_applicable,pressure_profile,"[""pyxel_shooter""]",pyxel_shooter,[],,,cpu_compute,1,2,1964262705927271843,20,60,1,20,windows-rtx4060,0,0,grid_2x2,true,82,1f4e3f3ce1069ad1b142225e539ac838483cf248849a3ee4b2d0608dd6f525bd,71ed4d4e65751a5957c2b1b7954da195b59eb885,data/raw/formal-v1/formal-v1__profile__pyxel_shooter__cpu_compute__p100__r02,"{""pyxel_shooter"":""games/pyxel/09_shooter.py""}","{""pyxel_shooter"":""0f53e4156907eac41080a8f289e22c89365b3239517c754cf59a51af201d5563""}",c98c0902948ff3fc9a2fb57f3520d55dc724ffc3d29f688cfe4bb9fb6b3f346d
1,119,formal-v1__profile__pyxel_snake__gpu_memory__p000__r01,formal-v1,profile,not_applicable,pressure_profile,"[""pyxel_snake""]",pyxel_snake,[],,,gpu_memory,0,1,419180579882746016,20,60,1,20,windows-rtx4060,0,0,grid_2x2,true,82,1f4e3f3ce1069ad1b142225e539ac838483cf248849a3ee4b2d0608dd6f525bd,71ed4d4e65751a5957c2b1b7954da195b59eb885,data/raw/formal-v1/formal-v1__profile__pyxel_snake__gpu_memory__p000__r01,"{""pyxel_snake"":""games/pyxel/07_snake.py""}","{""pyxel_snake"":""bc533fef92d1d358e570f69d979919fe5c1cd8c4da49841104b49a1e661a5ac3""}",257591ae5f1df53e5b8222bb3b11c1fdaa598de7c2ca26f873fc5a2e73ab69c1
1,120,formal-v1__colocation__daylight+pyxel_jump+pyxel_shooter__r01,formal-v1,colocation-main,train,colocation,"[""daylight"",""pyxel_jump"",""pyxel_shooter""]",daylight,"[""pyxel_jump"",""pyxel_shooter""]",daylight+pyxel_jump+pyxel_shooter,daylight+pyxel_jump+pyxel_shooter__r01,,,1,1241517636271496513,20,60,1,20,windows-rtx4060,0,0,grid_2x2,true,82,1f4e3f3ce1069ad1b142225e539ac838483cf248849a3ee4b2d0608dd6f525bd,71ed4d4e65751a5957c2b1b7954da195b59eb885,data/raw/formal-v1/formal-v1__colocation__daylight+pyxel_jump+pyxel_shooter__r01,"{""daylight"":""games/pyxel/apps-src/30SecondsOfDaylight/src/main.py"",""pyxel_jump"":""games/pyxel/02_jump_game.py"",""pyxel_shooter"":""games/pyxel/09_shooter.py""}","{""daylight"":""21a365375249e9d7ea05e78dcfe040f09cc1f0c66bd410bae084190c743a028f"",""pyxel_jump"":""4743a825f1c9cae7e049ac52115f4ecf83350db546c00745a54af187d7bc2e46"",""pyxel_shooter"":""0f53e4156907eac41080a8f289e22c89365b3239517c754cf59a51af201d5563""}",8731cdb105ff64e448ab64e2deb412fe88b4a98fc2813d8409b144c1a32d02a8
1,121,formal-v1__profile__space_rescue__gpu_compute__p050__r03,formal-v1,profile,not_applicable,pressure_profile,"[""space_rescue""]",space_rescue,[],,,gpu_compute,0.5,3,16865330936208072458,20,60,1,20,windows-rtx4060,0,0,grid_2x2,true,82,1f4e3f3ce1069ad1b142225e539ac838483cf248849a3ee4b2d0608dd6f525bd,71ed4d4e65751a5957c2b1b7954da195b59eb885,data/raw/formal-v1/formal-v1__profile__space_rescue__gpu_compute__p050__r03,"{""space_rescue"":""games/pyxel/apps-src/space_rescue/space_rescue.py""}","{""space_rescue"":""f3b0ab6784ae558e64f06a3f0a704e53f107a130aa3d43357659d0850131e461""}",9b4c0564bd7b7576d129ece7aeca1659cfb28c55679a71228249263ad857f470
1,122,formal-v1__profile__pyxel_bubbles__memory_bandwidth__p075__r03,formal-v1,profile,not_applicable,pressure_profile,"[""pyxel_bubbles""]",pyxel_bubbles,[],,,memory_bandwidth,0.75,3,15355475552925496380,20,60,1,20,windows-rtx4060,0,0,grid_2x2,true,82,1f4e3f3ce1069ad1b142225e539ac838483cf248849a3ee4b2d0608dd6f525bd,71ed4d4e65751a5957c2b1b7954da195b59eb885,data/raw/formal-v1/formal-v1__profile__pyxel_bubbles__memory_bandwidth__p075__r03,"{""pyxel_bubbles"":""games/pyxel/06_click_game.py""}","{""pyxel_bubbles"":""54c101e90bdaed839ac4c4284494530d5df37a5819a35f1e41eebb0b3da5d900""}",469cec1203e8f80d437cb9bfa80ac65d80b2777980b4ee9dfb64d6007f9fc7f1
1,123,formal-v1__profile__mega_wing__cpu_compute__p050__r03,formal-v1,profile,not_applicable,pressure_profile,"[""mega_wing""]",mega_wing,[],,,cpu_compute,0.5,3,6312199918978094460,20,60,1,20,windows-rtx4060,0,0,grid_2x2,true,82,1f4e3f3ce1069ad1b142225e539ac838483cf248849a3ee4b2d0608dd6f525bd,71ed4d4e65751a5957c2b1b7954da195b59eb885,data/raw/formal-v1/formal-v1__profile__mega_wing__cpu_compute__p050__r03,"{""mega_wing"":""games/pyxel/apps-src/mega_wing/mega_wing.py""}","{""mega_wing"":""86bad6c02a303806c58137503739241dc6b1e86695f7c0dbf672b5e1a1464e9f""}",1ac5487799bcd9bb51b986c7cc336539ee39ece3de277f591ee409b77daba552
1,124,formal-v1__colocation__pyxel_bubbles+pyxel_snake+space_rescue__r02,formal-v1,colocation-main,train,colocation,"[""pyxel_bubbles"",""pyxel_snake"",""space_rescue""]",pyxel_bubbles,"[""pyxel_snake"",""space_rescue""]",pyxel_bubbles+pyxel_snake+space_rescue,pyxel_bubbles+pyxel_snake+space_rescue__r02,,,2,843203424084328921,20,60,1,20,windows-rtx4060,0,0,grid_2x2,true,82,1f4e3f3ce1069ad1b142225e539ac838483cf248849a3ee4b2d0608dd6f525bd,71ed4d4e65751a5957c2b1b7954da195b59eb885,data/raw/formal-v1/formal-v1__colocation__pyxel_bubbles+pyxel_snake+space_rescue__r02,"{""pyxel_bubbles"":""games/pyxel/06_click_game.py"",""pyxel_snake"":""games/pyxel/07_snake.py"",""space_rescue"":""games/pyxel/apps-src/space_rescue/space_rescue.py""}","{""pyxel_bubbles"":""54c101e90bdaed839ac4c4284494530d5df37a5819a35f1e41eebb0b3da5d900"",""pyxel_snake"":""bc533fef92d1d358e570f69d979919fe5c1cd8c4da49841104b49a1e661a5ac3"",""space_rescue"":""f3b0ab6784ae558e64f06a3f0a704e53f107a130aa3d43357659d0850131e461""}",cbc6de7472ed110fce4636f2019f1d424735f8cc07651408d6611c3efbe681cc
1,125,formal-v1__profile__pyxel_shooter__cpu_compute__p100__r03,formal-v1,profile,not_applicable,pressure_profile,"[""pyxel_shooter""]",pyxel_shooter,[],,,cpu_compute,1,3,9759321866444182268,20,60,1,20,windows-rtx4060,0,0,grid_2x2,true,82,1f4e3f3ce1069ad1b142225e539ac838483cf248849a3ee4b2d0608dd6f525bd,71ed4d4e65751a5957c2b1b7954da195b59eb885,data/raw/formal-v1/formal-v1__profile__pyxel_shooter__cpu_compute__p100__r03,"{""pyxel_shooter"":""games/pyxel/09_shooter.py""}","{""pyxel_shooter"":""0f53e4156907eac41080a8f289e22c89365b3239517c754cf59a51af201d5563""}",edee5078da457b87a86fdd5d73b926d3820f5e86acf03f2f24f301cbf6d19a37
1,126,formal-v1__profile__pyxel_snake__gpu_memory__p075__r03,formal-v1,profile,not_applicable,pressure_profile,"[""pyxel_snake""]",pyxel_snake,[],,,gpu_memory,0.75,3,1970314320304426401,20,60,1,20,windows-rtx4060,0,0,grid_2x2,true,82,1f4e3f3ce1069ad1b142225e539ac838483cf248849a3ee4b2d0608dd6f525bd,71ed4d4e65751a5957c2b1b7954da195b59eb885,data/raw/formal-v1/formal-v1__profile__pyxel_snake__gpu_memory__p075__r03,"{""pyxel_snake"":""games/pyxel/07_snake.py""}","{""pyxel_snake"":""bc533fef92d1d358e570f69d979919fe5c1cd8c4da49841104b49a1e661a5ac3""}",a8f802ac251a3cb108e484491672320abd3129dd9e81addc116d7a2acafb39d4
1,127,formal-v1__profile__pyxel_snake__cpu_compute__p000__r03,formal-v1,profile,not_applicable,pressure_profile,"[""pyxel_snake""]",pyxel_snake,[],,,cpu_compute,0,3,3712196662749753045,20,60,1,20,windows-rtx4060,0,0,grid_2x2,true,82,1f4e3f3ce1069ad1b142225e539ac838483cf248849a3ee4b2d0608dd6f525bd,71ed4d4e65751a5957c2b1b7954da195b59eb885,data/raw/formal-v1/formal-v1__profile__pyxel_snake__cpu_compute__p000__r03,"{""pyxel_snake"":""games/pyxel/07_snake.py""}","{""pyxel_snake"":""bc533fef92d1d358e570f69d979919fe5c1cd8c4da49841104b49a1e661a5ac3""}",d8971706f3ba3ed9a0184388c1eb5ccaf194807e0cebb557adbb2e7518865124
1,128,formal-v1__profile__daylight__cpu_compute__p075__r01,formal-v1,profile,not_applicable,pressure_profile,"[""daylight""]",daylight,[],,,cpu_compute,0.75,1,8631041996973619436,20,60,1,20,windows-rtx4060,0,0,grid_2x2,true,82,1f4e3f3ce1069ad1b142225e539ac838483cf248849a3ee4b2d0608dd6f525bd,71ed4d4e65751a5957c2b1b7954da195b59eb885,data/raw/formal-v1/formal-v1__profile__daylight__cpu_compute__p075__r01,"{""daylight"":""games/pyxel/apps-src/30SecondsOfDaylight/src/main.py""}","{""daylight"":""21a365375249e9d7ea05e78dcfe040f09cc1f0c66bd410bae084190c743a028f""}",e9a581a07384b811891f8d954624294795c758ec9f8bd3f7dbb232258275d593
1,129,formal-v1__profile__pyxel_platformer__gpu_compute__p025__r01,formal-v1,profile,not_applicable,pressure_profile,"[""pyxel_platformer""]",pyxel_platformer,[],,,gpu_compute,0.25,1,7844644472696467463,20,60,1,20,windows-rtx4060,0,0,grid_2x2,true,82,1f4e3f3ce1069ad1b142225e539ac838483cf248849a3ee4b2d0608dd6f525bd,71ed4d4e65751a5957c2b1b7954da195b59eb885,data/raw/formal-v1/formal-v1__profile__pyxel_platformer__gpu_compute__p025__r01,"{""pyxel_platformer"":""games/pyxel/10_platformer.py""}","{""pyxel_platformer"":""1b2c75b49dc9ab0254fb4b724682a4787868814a38d2f08920720dc5b6007ac5""}",d2d1f80ddde3ac267d49e23a47546e0a6767b7535e38332958e335dcec4ecdf5
1,130,formal-v1__solo__daylight__r02,formal-v1,solo,not_applicable,solo,"[""daylight""]",daylight,[],,,,,2,16533069033604845672,20,60,1,20,windows-rtx4060,0,0,grid_2x2,true,82,1f4e3f3ce1069ad1b142225e539ac838483cf248849a3ee4b2d0608dd6f525bd,71ed4d4e65751a5957c2b1b7954da195b59eb885,data/raw/formal-v1/formal-v1__solo__daylight__r02,"{""daylight"":""games/pyxel/apps-src/30SecondsOfDaylight/src/main.py""}","{""daylight"":""21a365375249e9d7ea05e78dcfe040f09cc1f0c66bd410bae084190c743a028f""}",2e64fc0369c9fc8c83a7b7001720f5360694d45b78e1fddf717cac4f8822fa6f
1,131,formal-v1__profile__space_rescue__gpu_compute__p100__r03,formal-v1,profile,not_applicable,pressure_profile,"[""space_rescue""]",space_rescue,[],,,gpu_compute,1,3,5457333279299760245,20,60,1,20,windows-rtx4060,0,0,grid_2x2,true,82,1f4e3f3ce1069ad1b142225e539ac838483cf248849a3ee4b2d0608dd6f525bd,71ed4d4e65751a5957c2b1b7954da195b59eb885,data/raw/formal-v1/formal-v1__profile__space_rescue__gpu_compute__p100__r03,"{""space_rescue"":""games/pyxel/apps-src/space_rescue/space_rescue.py""}","{""space_rescue"":""f3b0ab6784ae558e64f06a3f0a704e53f107a130aa3d43357659d0850131e461""}",0f295a7874a17d416587cc33ea7bc914fa25b2880aa3352f7024835e308ab5e2
1,132,formal-v1__colocation__daylight+pyxel_jump+pyxel_shooter__r03,formal-v1,colocation-main,train,colocation,"[""daylight"",""pyxel_jump"",""pyxel_shooter""]",daylight,"[""pyxel_jump"",""pyxel_shooter""]",daylight+pyxel_jump+pyxel_shooter,daylight+pyxel_jump+pyxel_shooter__r03,,,3,9575953382854801708,20,60,1,20,windows-rtx4060,0,0,grid_2x2,true,82,1f4e3f3ce1069ad1b142225e539ac838483cf248849a3ee4b2d0608dd6f525bd,71ed4d4e65751a5957c2b1b7954da195b59eb885,data/raw/formal-v1/formal-v1__colocation__daylight+pyxel_jump+pyxel_shooter__r03,"{""daylight"":""games/pyxel/apps-src/30SecondsOfDaylight/src/main.py"",""pyxel_jump"":""games/pyxel/02_jump_game.py"",""pyxel_shooter"":""games/pyxel/09_shooter.py""}","{""daylight"":""21a365375249e9d7ea05e78dcfe040f09cc1f0c66bd410bae084190c743a028f"",""pyxel_jump"":""4743a825f1c9cae7e049ac52115f4ecf83350db546c00745a54af187d7bc2e46"",""pyxel_shooter"":""0f53e4156907eac41080a8f289e22c89365b3239517c754cf59a51af201d5563""}",141f553a2a439443f58cb1b2be409c3675e7843e4c9b2823c8b102537012d9f7
1,133,formal-v1__profile__pyxel_snake__gpu_memory__p100__r02,formal-v1,profile,not_applicable,pressure_profile,"[""pyxel_snake""]",pyxel_snake,[],,,gpu_memory,1,2,9382385406287346408,20,60,1,20,windows-rtx4060,0,0,grid_2x2,true,82,1f4e3f3ce1069ad1b142225e539ac838483cf248849a3ee4b2d0608dd6f525bd,71ed4d4e65751a5957c2b1b7954da195b59eb885,data/raw/formal-v1/formal-v1__profile__pyxel_snake__gpu_memory__p100__r02,"{""pyxel_snake"":""games/pyxel/07_snake.py""}","{""pyxel_snake"":""bc533fef92d1d358e570f69d979919fe5c1cd8c4da49841104b49a1e661a5ac3""}",5e460726505d786038513e0f46e325766abff1bb0f875fe65d375ead8e43b99d
1,134,formal-v1__extra__pyxel_bubbles+pyxel_jump+pyxel_shooter+pyxel_snake__r03,formal-v1,colocation-extra-test,extra_test,extra_test,"[""pyxel_bubbles"",""pyxel_jump"",""pyxel_shooter"",""pyxel_snake""]",pyxel_bubbles,"[""pyxel_jump"",""pyxel_shooter"",""pyxel_snake""]",pyxel_bubbles+pyxel_jump+pyxel_shooter+pyxel_snake,pyxel_bubbles+pyxel_jump+pyxel_shooter+pyxel_snake__r03,,,3,9007439181799404875,20,60,1,20,windows-rtx4060,0,0,grid_2x2,true,82,1f4e3f3ce1069ad1b142225e539ac838483cf248849a3ee4b2d0608dd6f525bd,71ed4d4e65751a5957c2b1b7954da195b59eb885,data/raw/formal-v1/formal-v1__extra__pyxel_bubbles+pyxel_jump+pyxel_shooter+pyxel_snake__r03,"{""pyxel_bubbles"":""games/pyxel/06_click_game.py"",""pyxel_jump"":""games/pyxel/02_jump_game.py"",""pyxel_shooter"":""games/pyxel/09_shooter.py"",""pyxel_snake"":""games/pyxel/07_snake.py""}","{""pyxel_bubbles"":""54c101e90bdaed839ac4c4284494530d5df37a5819a35f1e41eebb0b3da5d900"",""pyxel_jump"":""4743a825f1c9cae7e049ac52115f4ecf83350db546c00745a54af187d7bc2e46"",""pyxel_shooter"":""0f53e4156907eac41080a8f289e22c89365b3239517c754cf59a51af201d5563"",""pyxel_snake"":""bc533fef92d1d358e570f69d979919fe5c1cd8c4da49841104b49a1e661a5ac3""}",6ca8680bc3eb5d0f1f513b0323c59e3cce427f051f82a8210357f7c722058dd4
1,135,formal-v1__profile__space_rescue__gpu_memory__p075__r02,formal-v1,profile,not_applicable,pressure_profile,"[""space_rescue""]",space_rescue,[],,,gpu_memory,0.75,2,15603051225617913125,20,60,1,20,windows-rtx4060,0,0,grid_2x2,true,82,1f4e3f3ce1069ad1b142225e539ac838483cf248849a3ee4b2d0608dd6f525bd,71ed4d4e65751a5957c2b1b7954da195b59eb885,data/raw/formal-v1/formal-v1__profile__space_rescue__gpu_memory__p075__r02,"{""space_rescue"":""games/pyxel/apps-src/space_rescue/space_rescue.py""}","{""space_rescue"":""f3b0ab6784ae558e64f06a3f0a704e53f107a130aa3d43357659d0850131e461""}",caa10c81f81464d516c5d8bd55365efd7aefdf48a5af0900f8f2468a800ee15d
1,136,formal-v1__extra__daylight+mega_wing+pyxel_bubbles+pyxel_snake__r03,formal-v1,colocation-extra-test,extra_test,extra_test,"[""daylight"",""mega_wing"",""pyxel_bubbles"",""pyxel_snake""]",daylight,"[""mega_wing"",""pyxel_bubbles"",""pyxel_snake""]",daylight+mega_wing+pyxel_bubbles+pyxel_snake,daylight+mega_wing+pyxel_bubbles+pyxel_snake__r03,,,3,8849750027729184624,20,60,1,20,windows-rtx4060,0,0,grid_2x2,true,82,1f4e3f3ce1069ad1b142225e539ac838483cf248849a3ee4b2d0608dd6f525bd,71ed4d4e65751a5957c2b1b7954da195b59eb885,data/raw/formal-v1/formal-v1__extra__daylight+mega_wing+pyxel_bubbles+pyxel_snake__r03,"{""daylight"":""games/pyxel/apps-src/30SecondsOfDaylight/src/main.py"",""mega_wing"":""games/pyxel/apps-src/mega_wing/mega_wing.py"",""pyxel_bubbles"":""games/pyxel/06_click_game.py"",""pyxel_snake"":""games/pyxel/07_snake.py""}","{""daylight"":""21a365375249e9d7ea05e78dcfe040f09cc1f0c66bd410bae084190c743a028f"",""mega_wing"":""86bad6c02a303806c58137503739241dc6b1e86695f7c0dbf672b5e1a1464e9f"",""pyxel_bubbles"":""54c101e90bdaed839ac4c4284494530d5df37a5819a35f1e41eebb0b3da5d900"",""pyxel_snake"":""bc533fef92d1d358e570f69d979919fe5c1cd8c4da49841104b49a1e661a5ac3""}",eab534a599bf77afacffecb44df000bc4b5eb48860d058c7b0fd17675af21c0c
1,137,formal-v1__colocation__pyxel_bubbles+pyxel_jump__r03,formal-v1,colocation-main,train,colocation,"[""pyxel_bubbles"",""pyxel_jump""]",pyxel_bubbles,"[""pyxel_jump""]",pyxel_bubbles+pyxel_jump,pyxel_bubbles+pyxel_jump__r03,,,3,15951009516146925294,20,60,1,20,windows-rtx4060,0,0,grid_2x2,true,82,1f4e3f3ce1069ad1b142225e539ac838483cf248849a3ee4b2d0608dd6f525bd,71ed4d4e65751a5957c2b1b7954da195b59eb885,data/raw/formal-v1/formal-v1__colocation__pyxel_bubbles+pyxel_jump__r03,"{""pyxel_bubbles"":""games/pyxel/06_click_game.py"",""pyxel_jump"":""games/pyxel/02_jump_game.py""}","{""pyxel_bubbles"":""54c101e90bdaed839ac4c4284494530d5df37a5819a35f1e41eebb0b3da5d900"",""pyxel_jump"":""4743a825f1c9cae7e049ac52115f4ecf83350db546c00745a54af187d7bc2e46""}",9fe8bf1c43aa528056c1af837b39daf2b71cddf17d5155d8e25a6b75c2e28265
1,138,formal-v1__profile__pyxel_snake__cpu_compute__p000__r01,formal-v1,profile,not_applicable,pressure_profile,"[""pyxel_snake""]",pyxel_snake,[],,,cpu_compute,0,1,11082123514019382106,20,60,1,20,windows-rtx4060,0,0,grid_2x2,true,82,1f4e3f3ce1069ad1b142225e539ac838483cf248849a3ee4b2d0608dd6f525bd,71ed4d4e65751a5957c2b1b7954da195b59eb885,data/raw/formal-v1/formal-v1__profile__pyxel_snake__cpu_compute__p000__r01,"{""pyxel_snake"":""games/pyxel/07_snake.py""}","{""pyxel_snake"":""bc533fef92d1d358e570f69d979919fe5c1cd8c4da49841104b49a1e661a5ac3""}",97360a3165aa469faa06514e4a11eea09c5cf3bdabb949cfceff8fb0fb59c7bf
1,139,formal-v1__colocation__pyxel_shooter+pyxel_snake__r02,formal-v1,colocation-main,train,colocation,"[""pyxel_shooter"",""pyxel_snake""]",pyxel_shooter,"[""pyxel_snake""]",pyxel_shooter+pyxel_snake,pyxel_shooter+pyxel_snake__r02,,,2,10785529920502355013,20,60,1,20,windows-rtx4060,0,0,grid_2x2,true,82,1f4e3f3ce1069ad1b142225e539ac838483cf248849a3ee4b2d0608dd6f525bd,71ed4d4e65751a5957c2b1b7954da195b59eb885,data/raw/formal-v1/formal-v1__colocation__pyxel_shooter+pyxel_snake__r02,"{""pyxel_shooter"":""games/pyxel/09_shooter.py"",""pyxel_snake"":""games/pyxel/07_snake.py""}","{""pyxel_shooter"":""0f53e4156907eac41080a8f289e22c89365b3239517c754cf59a51af201d5563"",""pyxel_snake"":""bc533fef92d1d358e570f69d979919fe5c1cd8c4da49841104b49a1e661a5ac3""}",c2ab5cb3ab1c3eb40e1ce84895d734b3c5026616f5bfa720150265f6171d0d0c
1,140,formal-v1__profile__space_rescue__gpu_compute__p100__r02,formal-v1,profile,not_applicable,pressure_profile,"[""space_rescue""]",space_rescue,[],,,gpu_compute,1,2,16244701784464542081,20,60,1,20,windows-rtx4060,0,0,grid_2x2,true,82,1f4e3f3ce1069ad1b142225e539ac838483cf248849a3ee4b2d0608dd6f525bd,71ed4d4e65751a5957c2b1b7954da195b59eb885,data/raw/formal-v1/formal-v1__profile__space_rescue__gpu_compute__p100__r02,"{""space_rescue"":""games/pyxel/apps-src/space_rescue/space_rescue.py""}","{""space_rescue"":""f3b0ab6784ae558e64f06a3f0a704e53f107a130aa3d43357659d0850131e461""}",26cad1c86ad20e638195f78d8792922f07c162b8d63e6cbd10543fca7d088344
1,141,formal-v1__profile__space_rescue__memory_bandwidth__p000__r01,formal-v1,profile,not_applicable,pressure_profile,"[""space_rescue""]",space_rescue,[],,,memory_bandwidth,0,1,12755157107996082770,20,60,1,20,windows-rtx4060,0,0,grid_2x2,true,82,1f4e3f3ce1069ad1b142225e539ac838483cf248849a3ee4b2d0608dd6f525bd,71ed4d4e65751a5957c2b1b7954da195b59eb885,data/raw/formal-v1/formal-v1__profile__space_rescue__memory_bandwidth__p000__r01,"{""space_rescue"":""games/pyxel/apps-src/space_rescue/space_rescue.py""}","{""space_rescue"":""f3b0ab6784ae558e64f06a3f0a704e53f107a130aa3d43357659d0850131e461""}",99e0079be70470c139a2f845959de9854c19bb475cf84973117aecd2485ee332
1,142,formal-v1__colocation__daylight+space_rescue__r01,formal-v1,colocation-main,test,colocation,"[""daylight"",""space_rescue""]",daylight,"[""space_rescue""]",daylight+space_rescue,daylight+space_rescue__r01,,,1,17465217366096432256,20,60,1,20,windows-rtx4060,0,0,grid_2x2,true,82,1f4e3f3ce1069ad1b142225e539ac838483cf248849a3ee4b2d0608dd6f525bd,71ed4d4e65751a5957c2b1b7954da195b59eb885,data/raw/formal-v1/formal-v1__colocation__daylight+space_rescue__r01,"{""daylight"":""games/pyxel/apps-src/30SecondsOfDaylight/src/main.py"",""space_rescue"":""games/pyxel/apps-src/space_rescue/space_rescue.py""}","{""daylight"":""21a365375249e9d7ea05e78dcfe040f09cc1f0c66bd410bae084190c743a028f"",""space_rescue"":""f3b0ab6784ae558e64f06a3f0a704e53f107a130aa3d43357659d0850131e461""}",803d98c8b5ec943b8ac94971751990b52a9974c10e67c8e1472b31d828b3f642
1,143,formal-v1__colocation__mega_wing+pyxel_jump+pyxel_platformer__r02,formal-v1,colocation-main,train,colocation,"[""mega_wing"",""pyxel_jump"",""pyxel_platformer""]",mega_wing,"[""pyxel_jump"",""pyxel_platformer""]",mega_wing+pyxel_jump+pyxel_platformer,mega_wing+pyxel_jump+pyxel_platformer__r02,,,2,7103667109493370920,20,60,1,20,windows-rtx4060,0,0,grid_2x2,true,82,1f4e3f3ce1069ad1b142225e539ac838483cf248849a3ee4b2d0608dd6f525bd,71ed4d4e65751a5957c2b1b7954da195b59eb885,data/raw/formal-v1/formal-v1__colocation__mega_wing+pyxel_jump+pyxel_platformer__r02,"{""mega_wing"":""games/pyxel/apps-src/mega_wing/mega_wing.py"",""pyxel_jump"":""games/pyxel/02_jump_game.py"",""pyxel_platformer"":""games/pyxel/10_platformer.py""}","{""mega_wing"":""86bad6c02a303806c58137503739241dc6b1e86695f7c0dbf672b5e1a1464e9f"",""pyxel_jump"":""4743a825f1c9cae7e049ac52115f4ecf83350db546c00745a54af187d7bc2e46"",""pyxel_platformer"":""1b2c75b49dc9ab0254fb4b724682a4787868814a38d2f08920720dc5b6007ac5""}",6c6ab04ff95724cf4343b26e808946312affc0eee30fff75361214dab850a8f0
1,144,formal-v1__colocation__daylight+pyxel_bubbles__r02,formal-v1,colocation-main,validation,colocation,"[""daylight"",""pyxel_bubbles""]",daylight,"[""pyxel_bubbles""]",daylight+pyxel_bubbles,daylight+pyxel_bubbles__r02,,,2,10777077298818543837,20,60,1,20,windows-rtx4060,0,0,grid_2x2,true,82,1f4e3f3ce1069ad1b142225e539ac838483cf248849a3ee4b2d0608dd6f525bd,71ed4d4e65751a5957c2b1b7954da195b59eb885,data/raw/formal-v1/formal-v1__colocation__daylight+pyxel_bubbles__r02,"{""daylight"":""games/pyxel/apps-src/30SecondsOfDaylight/src/main.py"",""pyxel_bubbles"":""games/pyxel/06_click_game.py""}","{""daylight"":""21a365375249e9d7ea05e78dcfe040f09cc1f0c66bd410bae084190c743a028f"",""pyxel_bubbles"":""54c101e90bdaed839ac4c4284494530d5df37a5819a35f1e41eebb0b3da5d900""}",72f4b42736ab453d5530b6285af72dc3a5212ff48f5b8efe4ad517e580f30c78
1,145,formal-v1__colocation__daylight+mega_wing__r03,formal-v1,colocation-main,test,colocation,"[""daylight"",""mega_wing""]",daylight,"[""mega_wing""]",daylight+mega_wing,daylight+mega_wing__r03,,,3,5803397515155226020,20,60,1,20,windows-rtx4060,0,0,grid_2x2,true,82,1f4e3f3ce1069ad1b142225e539ac838483cf248849a3ee4b2d0608dd6f525bd,71ed4d4e65751a5957c2b1b7954da195b59eb885,data/raw/formal-v1/formal-v1__colocation__daylight+mega_wing__r03,"{""daylight"":""games/pyxel/apps-src/30SecondsOfDaylight/src/main.py"",""mega_wing"":""games/pyxel/apps-src/mega_wing/mega_wing.py""}","{""daylight"":""21a365375249e9d7ea05e78dcfe040f09cc1f0c66bd410bae084190c743a028f"",""mega_wing"":""86bad6c02a303806c58137503739241dc6b1e86695f7c0dbf672b5e1a1464e9f""}",b8a0b077811791d65d49ea9ef427c78384ab7eb518bcccb5c96967f2c384c1fd
1,146,formal-v1__profile__pyxel_platformer__memory_bandwidth__p050__r03,formal-v1,profile,not_applicable,pressure_profile,"[""pyxel_platformer""]",pyxel_platformer,[],,,memory_bandwidth,0.5,3,16595770546475230684,20,60,1,20,windows-rtx4060,0,0,grid_2x2,true,82,1f4e3f3ce1069ad1b142225e539ac838483cf248849a3ee4b2d0608dd6f525bd,71ed4d4e65751a5957c2b1b7954da195b59eb885,data/raw/formal-v1/formal-v1__profile__pyxel_platformer__memory_bandwidth__p050__r03,"{""pyxel_platformer"":""games/pyxel/10_platformer.py""}","{""pyxel_platformer"":""1b2c75b49dc9ab0254fb4b724682a4787868814a38d2f08920720dc5b6007ac5""}",0bda9aaa4cbdc962a93e444edb484733a155f9358d3c01f9cd106e24c6e3fa66
1,147,formal-v1__profile__mega_wing__cpu_compute__p075__r01,formal-v1,profile,not_applicable,pressure_profile,"[""mega_wing""]",mega_wing,[],,,cpu_compute,0.75,1,10901376405546973285,20,60,1,20,windows-rtx4060,0,0,grid_2x2,true,82,1f4e3f3ce1069ad1b142225e539ac838483cf248849a3ee4b2d0608dd6f525bd,71ed4d4e65751a5957c2b1b7954da195b59eb885,data/raw/formal-v1/formal-v1__profile__mega_wing__cpu_compute__p075__r01,"{""mega_wing"":""games/pyxel/apps-src/mega_wing/mega_wing.py""}","{""mega_wing"":""86bad6c02a303806c58137503739241dc6b1e86695f7c0dbf672b5e1a1464e9f""}",f3b4256b88ce66ad9b5a1764f552dfe206c9f06a0d7fe1c95ddba7bc117888ea
1,148,formal-v1__profile__pyxel_jump__gpu_compute__p025__r01,formal-v1,profile,not_applicable,pressure_profile,"[""pyxel_jump""]",pyxel_jump,[],,,gpu_compute,0.25,1,1988451417430468348,20,60,1,20,windows-rtx4060,0,0,grid_2x2,true,82,1f4e3f3ce1069ad1b142225e539ac838483cf248849a3ee4b2d0608dd6f525bd,71ed4d4e65751a5957c2b1b7954da195b59eb885,data/raw/formal-v1/formal-v1__profile__pyxel_jump__gpu_compute__p025__r01,"{""pyxel_jump"":""games/pyxel/02_jump_game.py""}","{""pyxel_jump"":""4743a825f1c9cae7e049ac52115f4ecf83350db546c00745a54af187d7bc2e46""}",f2ed192520c6b38e86a90d10dda4d50c5820196fa4d851a7dcaa4b7642523a1b
1,149,formal-v1__extra__daylight+pyxel_bubbles+pyxel_jump+pyxel_platformer__r03,formal-v1,colocation-extra-test,extra_test,extra_test,"[""daylight"",""pyxel_bubbles"",""pyxel_jump"",""pyxel_platformer""]",daylight,"[""pyxel_bubbles"",""pyxel_jump"",""pyxel_platformer""]",daylight+pyxel_bubbles+pyxel_jump+pyxel_platformer,daylight+pyxel_bubbles+pyxel_jump+pyxel_platformer__r03,,,3,11592946096852787606,20,60,1,20,windows-rtx4060,0,0,grid_2x2,true,82,1f4e3f3ce1069ad1b142225e539ac838483cf248849a3ee4b2d0608dd6f525bd,71ed4d4e65751a5957c2b1b7954da195b59eb885,data/raw/formal-v1/formal-v1__extra__daylight+pyxel_bubbles+pyxel_jump+pyxel_platformer__r03,"{""daylight"":""games/pyxel/apps-src/30SecondsOfDaylight/src/main.py"",""pyxel_bubbles"":""games/pyxel/06_click_game.py"",""pyxel_jump"":""games/pyxel/02_jump_game.py"",""pyxel_platformer"":""games/pyxel/10_platformer.py""}","{""daylight"":""21a365375249e9d7ea05e78dcfe040f09cc1f0c66bd410bae084190c743a028f"",""pyxel_bubbles"":""54c101e90bdaed839ac4c4284494530d5df37a5819a35f1e41eebb0b3da5d900"",""pyxel_jump"":""4743a825f1c9cae7e049ac52115f4ecf83350db546c00745a54af187d7bc2e46"",""pyxel_platformer"":""1b2c75b49dc9ab0254fb4b724682a4787868814a38d2f08920720dc5b6007ac5""}",dd4b51685a0cb9527ddbaea4fd46202ea24fd65f8cac993f432d1378442d824f
1,150,formal-v1__profile__daylight__cpu_compute__p050__r03,formal-v1,profile,not_applicable,pressure_profile,"[""daylight""]",daylight,[],,,cpu_compute,0.5,3,12387562896495085073,20,60,1,20,windows-rtx4060,0,0,grid_2x2,true,82,1f4e3f3ce1069ad1b142225e539ac838483cf248849a3ee4b2d0608dd6f525bd,71ed4d4e65751a5957c2b1b7954da195b59eb885,data/raw/formal-v1/formal-v1__profile__daylight__cpu_compute__p050__r03,"{""daylight"":""games/pyxel/apps-src/30SecondsOfDaylight/src/main.py""}","{""daylight"":""21a365375249e9d7ea05e78dcfe040f09cc1f0c66bd410bae084190c743a028f""}",6d29bab13fcbafa6ea304a2bfe65b80ef393ed78e39e59ba45648b3849963bb1
1,151,formal-v1__profile__daylight__memory_bandwidth__p075__r02,formal-v1,profile,not_applicable,pressure_profile,"[""daylight""]",daylight,[],,,memory_bandwidth,0.75,2,18177208471183568816,20,60,1,20,windows-rtx4060,0,0,grid_2x2,true,82,1f4e3f3ce1069ad1b142225e539ac838483cf248849a3ee4b2d0608dd6f525bd,71ed4d4e65751a5957c2b1b7954da195b59eb885,data/raw/formal-v1/formal-v1__profile__daylight__memory_bandwidth__p075__r02,"{""daylight"":""games/pyxel/apps-src/30SecondsOfDaylight/src/main.py""}","{""daylight"":""21a365375249e9d7ea05e78dcfe040f09cc1f0c66bd410bae084190c743a028f""}",07ca6a07f7e94498b1e71c73def81111876989ccb8746fb3fb705bcc7da6eb01
1,152,formal-v1__colocation__pyxel_bubbles+pyxel_shooter__r02,formal-v1,colocation-main,train,colocation,"[""pyxel_bubbles"",""pyxel_shooter""]",pyxel_bubbles,"[""pyxel_shooter""]",pyxel_bubbles+pyxel_shooter,pyxel_bubbles+pyxel_shooter__r02,,,2,9170896173043008947,20,60,1,20,windows-rtx4060,0,0,grid_2x2,true,82,1f4e3f3ce1069ad1b142225e539ac838483cf248849a3ee4b2d0608dd6f525bd,71ed4d4e65751a5957c2b1b7954da195b59eb885,data/raw/formal-v1/formal-v1__colocation__pyxel_bubbles+pyxel_shooter__r02,"{""pyxel_bubbles"":""games/pyxel/06_click_game.py"",""pyxel_shooter"":""games/pyxel/09_shooter.py""}","{""pyxel_bubbles"":""54c101e90bdaed839ac4c4284494530d5df37a5819a35f1e41eebb0b3da5d900"",""pyxel_shooter"":""0f53e4156907eac41080a8f289e22c89365b3239517c754cf59a51af201d5563""}",b06cc01bcee81505834819dcdc08d03f119bcab20f2dba555e433d235519e4ca
1,153,formal-v1__colocation__pyxel_bubbles+pyxel_jump+pyxel_platformer__r02,formal-v1,colocation-main,train,colocation,"[""pyxel_bubbles"",""pyxel_jump"",""pyxel_platformer""]",pyxel_bubbles,"[""pyxel_jump"",""pyxel_platformer""]",pyxel_bubbles+pyxel_jump+pyxel_platformer,pyxel_bubbles+pyxel_jump+pyxel_platformer__r02,,,2,13936887509654102309,20,60,1,20,windows-rtx4060,0,0,grid_2x2,true,82,1f4e3f3ce1069ad1b142225e539ac838483cf248849a3ee4b2d0608dd6f525bd,71ed4d4e65751a5957c2b1b7954da195b59eb885,data/raw/formal-v1/formal-v1__colocation__pyxel_bubbles+pyxel_jump+pyxel_platformer__r02,"{""pyxel_bubbles"":""games/pyxel/06_click_game.py"",""pyxel_jump"":""games/pyxel/02_jump_game.py"",""pyxel_platformer"":""games/pyxel/10_platformer.py""}","{""pyxel_bubbles"":""54c101e90bdaed839ac4c4284494530d5df37a5819a35f1e41eebb0b3da5d900"",""pyxel_jump"":""4743a825f1c9cae7e049ac52115f4ecf83350db546c00745a54af187d7bc2e46"",""pyxel_platformer"":""1b2c75b49dc9ab0254fb4b724682a4787868814a38d2f08920720dc5b6007ac5""}",b0aa387df58e2c62766e4b2683181bcf86d646897764b79588d65c85fa168fac
1,154,formal-v1__profile__pyxel_shooter__memory_bandwidth__p025__r03,formal-v1,profile,not_applicable,pressure_profile,"[""pyxel_shooter""]",pyxel_shooter,[],,,memory_bandwidth,0.25,3,10914938351648052910,20,60,1,20,windows-rtx4060,0,0,grid_2x2,true,82,1f4e3f3ce1069ad1b142225e539ac838483cf248849a3ee4b2d0608dd6f525bd,71ed4d4e65751a5957c2b1b7954da195b59eb885,data/raw/formal-v1/formal-v1__profile__pyxel_shooter__memory_bandwidth__p025__r03,"{""pyxel_shooter"":""games/pyxel/09_shooter.py""}","{""pyxel_shooter"":""0f53e4156907eac41080a8f289e22c89365b3239517c754cf59a51af201d5563""}",a085d2b4a9371684d2e8db139c1446c1b82f64cbaeb1a8325583e5591b2ec3cd
1,155,formal-v1__profile__pyxel_shooter__cpu_compute__p050__r01,formal-v1,profile,not_applicable,pressure_profile,"[""pyxel_shooter""]",pyxel_shooter,[],,,cpu_compute,0.5,1,9540729588012271024,20,60,1,20,windows-rtx4060,0,0,grid_2x2,true,82,1f4e3f3ce1069ad1b142225e539ac838483cf248849a3ee4b2d0608dd6f525bd,71ed4d4e65751a5957c2b1b7954da195b59eb885,data/raw/formal-v1/formal-v1__profile__pyxel_shooter__cpu_compute__p050__r01,"{""pyxel_shooter"":""games/pyxel/09_shooter.py""}","{""pyxel_shooter"":""0f53e4156907eac41080a8f289e22c89365b3239517c754cf59a51af201d5563""}",9186d5ded6ad7ba902ddb6f1965ed3c1338ba143d361fbc7d0576e3a7dfd3a19
1,156,formal-v1__colocation__mega_wing+pyxel_snake__r03,formal-v1,colocation-main,train,colocation,"[""mega_wing"",""pyxel_snake""]",mega_wing,"[""pyxel_snake""]",mega_wing+pyxel_snake,mega_wing+pyxel_snake__r03,,,3,16135326234349536714,20,60,1,20,windows-rtx4060,0,0,grid_2x2,true,82,1f4e3f3ce1069ad1b142225e539ac838483cf248849a3ee4b2d0608dd6f525bd,71ed4d4e65751a5957c2b1b7954da195b59eb885,data/raw/formal-v1/formal-v1__colocation__mega_wing+pyxel_snake__r03,"{""mega_wing"":""games/pyxel/apps-src/mega_wing/mega_wing.py"",""pyxel_snake"":""games/pyxel/07_snake.py""}","{""mega_wing"":""86bad6c02a303806c58137503739241dc6b1e86695f7c0dbf672b5e1a1464e9f"",""pyxel_snake"":""bc533fef92d1d358e570f69d979919fe5c1cd8c4da49841104b49a1e661a5ac3""}",06fee239c4f4dc90e98c325150c6d4df485807495a7020108ef52a8c341f159d
1,157,formal-v1__profile__pyxel_jump__gpu_memory__p075__r01,formal-v1,profile,not_applicable,pressure_profile,"[""pyxel_jump""]",pyxel_jump,[],,,gpu_memory,0.75,1,3173274254080950911,20,60,1,20,windows-rtx4060,0,0,grid_2x2,true,82,1f4e3f3ce1069ad1b142225e539ac838483cf248849a3ee4b2d0608dd6f525bd,71ed4d4e65751a5957c2b1b7954da195b59eb885,data/raw/formal-v1/formal-v1__profile__pyxel_jump__gpu_memory__p075__r01,"{""pyxel_jump"":""games/pyxel/02_jump_game.py""}","{""pyxel_jump"":""4743a825f1c9cae7e049ac52115f4ecf83350db546c00745a54af187d7bc2e46""}",1605f4f7472de76586922cfb1ad45bf95eb35226a2cb528dbaee97cec3d62b4d
1,158,formal-v1__profile__pyxel_jump__memory_bandwidth__p100__r03,formal-v1,profile,not_applicable,pressure_profile,"[""pyxel_jump""]",pyxel_jump,[],,,memory_bandwidth,1,3,17102201205914119896,20,60,1,20,windows-rtx4060,0,0,grid_2x2,true,82,1f4e3f3ce1069ad1b142225e539ac838483cf248849a3ee4b2d0608dd6f525bd,71ed4d4e65751a5957c2b1b7954da195b59eb885,data/raw/formal-v1/formal-v1__profile__pyxel_jump__memory_bandwidth__p100__r03,"{""pyxel_jump"":""games/pyxel/02_jump_game.py""}","{""pyxel_jump"":""4743a825f1c9cae7e049ac52115f4ecf83350db546c00745a54af187d7bc2e46""}",7f422715f3dbdb519f1fefba9fba39900204904ebb16bb2ffabc0e3a8686dd2d
1,159,formal-v1__profile__pyxel_bubbles__gpu_memory__p000__r03,formal-v1,profile,not_applicable,pressure_profile,"[""pyxel_bubbles""]",pyxel_bubbles,[],,,gpu_memory,0,3,7908895358817579506,20,60,1,20,windows-rtx4060,0,0,grid_2x2,true,82,1f4e3f3ce1069ad1b142225e539ac838483cf248849a3ee4b2d0608dd6f525bd,71ed4d4e65751a5957c2b1b7954da195b59eb885,data/raw/formal-v1/formal-v1__profile__pyxel_bubbles__gpu_memory__p000__r03,"{""pyxel_bubbles"":""games/pyxel/06_click_game.py""}","{""pyxel_bubbles"":""54c101e90bdaed839ac4c4284494530d5df37a5819a35f1e41eebb0b3da5d900""}",75eb5da090338250cc646bb5c8952fc1f1794306fd5718de92bc36be482f2572
1,160,formal-v1__colocation__pyxel_bubbles+pyxel_jump__r01,formal-v1,colocation-main,train,colocation,"[""pyxel_bubbles"",""pyxel_jump""]",pyxel_bubbles,"[""pyxel_jump""]",pyxel_bubbles+pyxel_jump,pyxel_bubbles+pyxel_jump__r01,,,1,15330020178810135891,20,60,1,20,windows-rtx4060,0,0,grid_2x2,true,82,1f4e3f3ce1069ad1b142225e539ac838483cf248849a3ee4b2d0608dd6f525bd,71ed4d4e65751a5957c2b1b7954da195b59eb885,data/raw/formal-v1/formal-v1__colocation__pyxel_bubbles+pyxel_jump__r01,"{""pyxel_bubbles"":""games/pyxel/06_click_game.py"",""pyxel_jump"":""games/pyxel/02_jump_game.py""}","{""pyxel_bubbles"":""54c101e90bdaed839ac4c4284494530d5df37a5819a35f1e41eebb0b3da5d900"",""pyxel_jump"":""4743a825f1c9cae7e049ac52115f4ecf83350db546c00745a54af187d7bc2e46""}",1aa52ef044ef2d77a1e40ea527a1b428f458e18bee67f1c780520f6415842150
1,161,formal-v1__colocation__mega_wing+pyxel_jump__r02,formal-v1,colocation-main,test,colocation,"[""mega_wing"",""pyxel_jump""]",mega_wing,"[""pyxel_jump""]",mega_wing+pyxel_jump,mega_wing+pyxel_jump__r02,,,2,7124216624875434605,20,60,1,20,windows-rtx4060,0,0,grid_2x2,true,82,1f4e3f3ce1069ad1b142225e539ac838483cf248849a3ee4b2d0608dd6f525bd,71ed4d4e65751a5957c2b1b7954da195b59eb885,data/raw/formal-v1/formal-v1__colocation__mega_wing+pyxel_jump__r02,"{""mega_wing"":""games/pyxel/apps-src/mega_wing/mega_wing.py"",""pyxel_jump"":""games/pyxel/02_jump_game.py""}","{""mega_wing"":""86bad6c02a303806c58137503739241dc6b1e86695f7c0dbf672b5e1a1464e9f"",""pyxel_jump"":""4743a825f1c9cae7e049ac52115f4ecf83350db546c00745a54af187d7bc2e46""}",3b7be872441e3fd9a9230b5d17b8e9bdf58ff2653de9613fe4887674bc048cdf
1,162,formal-v1__profile__space_rescue__gpu_compute__p025__r01,formal-v1,profile,not_applicable,pressure_profile,"[""space_rescue""]",space_rescue,[],,,gpu_compute,0.25,1,10899986719269573177,20,60,1,20,windows-rtx4060,0,0,grid_2x2,true,82,1f4e3f3ce1069ad1b142225e539ac838483cf248849a3ee4b2d0608dd6f525bd,71ed4d4e65751a5957c2b1b7954da195b59eb885,data/raw/formal-v1/formal-v1__profile__space_rescue__gpu_compute__p025__r01,"{""space_rescue"":""games/pyxel/apps-src/space_rescue/space_rescue.py""}","{""space_rescue"":""f3b0ab6784ae558e64f06a3f0a704e53f107a130aa3d43357659d0850131e461""}",c2c62e7f60296836be2c826258e712492bb3ab7aa2d16c5c4d93dd322132bd51
1,163,formal-v1__extra__daylight+pyxel_platformer+pyxel_shooter+pyxel_snake__r02,formal-v1,colocation-extra-test,extra_test,extra_test,"[""daylight"",""pyxel_platformer"",""pyxel_shooter"",""pyxel_snake""]",daylight,"[""pyxel_platformer"",""pyxel_shooter"",""pyxel_snake""]",daylight+pyxel_platformer+pyxel_shooter+pyxel_snake,daylight+pyxel_platformer+pyxel_shooter+pyxel_snake__r02,,,2,3906944403983349564,20,60,1,20,windows-rtx4060,0,0,grid_2x2,true,82,1f4e3f3ce1069ad1b142225e539ac838483cf248849a3ee4b2d0608dd6f525bd,71ed4d4e65751a5957c2b1b7954da195b59eb885,data/raw/formal-v1/formal-v1__extra__daylight+pyxel_platformer+pyxel_shooter+pyxel_snake__r02,"{""daylight"":""games/pyxel/apps-src/30SecondsOfDaylight/src/main.py"",""pyxel_platformer"":""games/pyxel/10_platformer.py"",""pyxel_shooter"":""games/pyxel/09_shooter.py"",""pyxel_snake"":""games/pyxel/07_snake.py""}","{""daylight"":""21a365375249e9d7ea05e78dcfe040f09cc1f0c66bd410bae084190c743a028f"",""pyxel_platformer"":""1b2c75b49dc9ab0254fb4b724682a4787868814a38d2f08920720dc5b6007ac5"",""pyxel_shooter"":""0f53e4156907eac41080a8f289e22c89365b3239517c754cf59a51af201d5563"",""pyxel_snake"":""bc533fef92d1d358e570f69d979919fe5c1cd8c4da49841104b49a1e661a5ac3""}",135fdcc4dfbf33bdfdda4ad4a147e3e472c39ed8fdda4544d778640602e9d54a
1,164,formal-v1__profile__pyxel_snake__cpu_compute__p100__r02,formal-v1,profile,not_applicable,pressure_profile,"[""pyxel_snake""]",pyxel_snake,[],,,cpu_compute,1,2,1006221223388191099,20,60,1,20,windows-rtx4060,0,0,grid_2x2,true,82,1f4e3f3ce1069ad1b142225e539ac838483cf248849a3ee4b2d0608dd6f525bd,71ed4d4e65751a5957c2b1b7954da195b59eb885,data/raw/formal-v1/formal-v1__profile__pyxel_snake__cpu_compute__p100__r02,"{""pyxel_snake"":""games/pyxel/07_snake.py""}","{""pyxel_snake"":""bc533fef92d1d358e570f69d979919fe5c1cd8c4da49841104b49a1e661a5ac3""}",36936875fc6f8aae9629db82cc260f0f525b1c10698282c1a7dead07533c8b54
1,165,formal-v1__solo__space_rescue__r01,formal-v1,solo,not_applicable,solo,"[""space_rescue""]",space_rescue,[],,,,,1,9627262142379762492,20,60,1,20,windows-rtx4060,0,0,grid_2x2,true,82,1f4e3f3ce1069ad1b142225e539ac838483cf248849a3ee4b2d0608dd6f525bd,71ed4d4e65751a5957c2b1b7954da195b59eb885,data/raw/formal-v1/formal-v1__solo__space_rescue__r01,"{""space_rescue"":""games/pyxel/apps-src/space_rescue/space_rescue.py""}","{""space_rescue"":""f3b0ab6784ae558e64f06a3f0a704e53f107a130aa3d43357659d0850131e461""}",11b7d29da57da0d0488bd894c0bb1e77b0b54d063c054f90e13c4caecdb40c65
1,166,formal-v1__profile__mega_wing__gpu_memory__p000__r02,formal-v1,profile,not_applicable,pressure_profile,"[""mega_wing""]",mega_wing,[],,,gpu_memory,0,2,10152017411217384541,20,60,1,20,windows-rtx4060,0,0,grid_2x2,true,82,1f4e3f3ce1069ad1b142225e539ac838483cf248849a3ee4b2d0608dd6f525bd,71ed4d4e65751a5957c2b1b7954da195b59eb885,data/raw/formal-v1/formal-v1__profile__mega_wing__gpu_memory__p000__r02,"{""mega_wing"":""games/pyxel/apps-src/mega_wing/mega_wing.py""}","{""mega_wing"":""86bad6c02a303806c58137503739241dc6b1e86695f7c0dbf672b5e1a1464e9f""}",5acdd9e8dc5481e11c6be337a026b253757c082633764befbf0082344e1f6482
1,167,formal-v1__profile__mega_wing__gpu_memory__p075__r02,formal-v1,profile,not_applicable,pressure_profile,"[""mega_wing""]",mega_wing,[],,,gpu_memory,0.75,2,4689379826498242451,20,60,1,20,windows-rtx4060,0,0,grid_2x2,true,82,1f4e3f3ce1069ad1b142225e539ac838483cf248849a3ee4b2d0608dd6f525bd,71ed4d4e65751a5957c2b1b7954da195b59eb885,data/raw/formal-v1/formal-v1__profile__mega_wing__gpu_memory__p075__r02,"{""mega_wing"":""games/pyxel/apps-src/mega_wing/mega_wing.py""}","{""mega_wing"":""86bad6c02a303806c58137503739241dc6b1e86695f7c0dbf672b5e1a1464e9f""}",7f7d2965c0c62068bd3ba5dd51ab610a34c5a61d56c95b89994b580b1e8b2cb0
1,168,formal-v1__profile__pyxel_snake__gpu_memory__p100__r01,formal-v1,profile,not_applicable,pressure_profile,"[""pyxel_snake""]",pyxel_snake,[],,,gpu_memory,1,1,2048519632776316076,20,60,1,20,windows-rtx4060,0,0,grid_2x2,true,82,1f4e3f3ce1069ad1b142225e539ac838483cf248849a3ee4b2d0608dd6f525bd,71ed4d4e65751a5957c2b1b7954da195b59eb885,data/raw/formal-v1/formal-v1__profile__pyxel_snake__gpu_memory__p100__r01,"{""pyxel_snake"":""games/pyxel/07_snake.py""}","{""pyxel_snake"":""bc533fef92d1d358e570f69d979919fe5c1cd8c4da49841104b49a1e661a5ac3""}",4a03e8e2fb2e487abd2febd83c382557ca934166dfed2bc7509e407250614515
1,169,formal-v1__profile__pyxel_snake__memory_bandwidth__p000__r03,formal-v1,profile,not_applicable,pressure_profile,"[""pyxel_snake""]",pyxel_snake,[],,,memory_bandwidth,0,3,2310337829688302160,20,60,1,20,windows-rtx4060,0,0,grid_2x2,true,82,1f4e3f3ce1069ad1b142225e539ac838483cf248849a3ee4b2d0608dd6f525bd,71ed4d4e65751a5957c2b1b7954da195b59eb885,data/raw/formal-v1/formal-v1__profile__pyxel_snake__memory_bandwidth__p000__r03,"{""pyxel_snake"":""games/pyxel/07_snake.py""}","{""pyxel_snake"":""bc533fef92d1d358e570f69d979919fe5c1cd8c4da49841104b49a1e661a5ac3""}",215b64e87e1917c56b8eb2596a57957c98138e691f9e866759d1e5b258a028b0
1,170,formal-v1__profile__daylight__gpu_memory__p050__r03,formal-v1,profile,not_applicable,pressure_profile,"[""daylight""]",daylight,[],,,gpu_memory,0.5,3,12782030619821350609,20,60,1,20,windows-rtx4060,0,0,grid_2x2,true,82,1f4e3f3ce1069ad1b142225e539ac838483cf248849a3ee4b2d0608dd6f525bd,71ed4d4e65751a5957c2b1b7954da195b59eb885,data/raw/formal-v1/formal-v1__profile__daylight__gpu_memory__p050__r03,"{""daylight"":""games/pyxel/apps-src/30SecondsOfDaylight/src/main.py""}","{""daylight"":""21a365375249e9d7ea05e78dcfe040f09cc1f0c66bd410bae084190c743a028f""}",95cbe7ec38797b390913149ac918167355418f95ada127d4945583f1c1403777
1,171,formal-v1__colocation__mega_wing+pyxel_platformer+space_rescue__r01,formal-v1,colocation-main,train,colocation,"[""mega_wing"",""pyxel_platformer"",""space_rescue""]",mega_wing,"[""pyxel_platformer"",""space_rescue""]",mega_wing+pyxel_platformer+space_rescue,mega_wing+pyxel_platformer+space_rescue__r01,,,1,14177532899396249871,20,60,1,20,windows-rtx4060,0,0,grid_2x2,true,82,1f4e3f3ce1069ad1b142225e539ac838483cf248849a3ee4b2d0608dd6f525bd,71ed4d4e65751a5957c2b1b7954da195b59eb885,data/raw/formal-v1/formal-v1__colocation__mega_wing+pyxel_platformer+space_rescue__r01,"{""mega_wing"":""games/pyxel/apps-src/mega_wing/mega_wing.py"",""pyxel_platformer"":""games/pyxel/10_platformer.py"",""space_rescue"":""games/pyxel/apps-src/space_rescue/space_rescue.py""}","{""mega_wing"":""86bad6c02a303806c58137503739241dc6b1e86695f7c0dbf672b5e1a1464e9f"",""pyxel_platformer"":""1b2c75b49dc9ab0254fb4b724682a4787868814a38d2f08920720dc5b6007ac5"",""space_rescue"":""f3b0ab6784ae558e64f06a3f0a704e53f107a130aa3d43357659d0850131e461""}",1ccbfcdbbd52dab3052bdee28fdc142d80d4dd55484b42e97f3f0f0008255a7a
1,172,formal-v1__profile__pyxel_shooter__cpu_compute__p025__r01,formal-v1,profile,not_applicable,pressure_profile,"[""pyxel_shooter""]",pyxel_shooter,[],,,cpu_compute,0.25,1,9574682471250340492,20,60,1,20,windows-rtx4060,0,0,grid_2x2,true,82,1f4e3f3ce1069ad1b142225e539ac838483cf248849a3ee4b2d0608dd6f525bd,71ed4d4e65751a5957c2b1b7954da195b59eb885,data/raw/formal-v1/formal-v1__profile__pyxel_shooter__cpu_compute__p025__r01,"{""pyxel_shooter"":""games/pyxel/09_shooter.py""}","{""pyxel_shooter"":""0f53e4156907eac41080a8f289e22c89365b3239517c754cf59a51af201d5563""}",2abfffb4342cfc64eac6716648dafdb43a6486e36abc0c07523e848ff27996e1
1,173,formal-v1__profile__pyxel_bubbles__gpu_compute__p050__r01,formal-v1,profile,not_applicable,pressure_profile,"[""pyxel_bubbles""]",pyxel_bubbles,[],,,gpu_compute,0.5,1,5139342075278313235,20,60,1,20,windows-rtx4060,0,0,grid_2x2,true,82,1f4e3f3ce1069ad1b142225e539ac838483cf248849a3ee4b2d0608dd6f525bd,71ed4d4e65751a5957c2b1b7954da195b59eb885,data/raw/formal-v1/formal-v1__profile__pyxel_bubbles__gpu_compute__p050__r01,"{""pyxel_bubbles"":""games/pyxel/06_click_game.py""}","{""pyxel_bubbles"":""54c101e90bdaed839ac4c4284494530d5df37a5819a35f1e41eebb0b3da5d900""}",ef31226363bfcfd58bea1ea895040d064554dac0e9f1dcda0451c9d4b69c7a3e
1,174,formal-v1__profile__pyxel_jump__cpu_compute__p100__r02,formal-v1,profile,not_applicable,pressure_profile,"[""pyxel_jump""]",pyxel_jump,[],,,cpu_compute,1,2,14087211046482751672,20,60,1,20,windows-rtx4060,0,0,grid_2x2,true,82,1f4e3f3ce1069ad1b142225e539ac838483cf248849a3ee4b2d0608dd6f525bd,71ed4d4e65751a5957c2b1b7954da195b59eb885,data/raw/formal-v1/formal-v1__profile__pyxel_jump__cpu_compute__p100__r02,"{""pyxel_jump"":""games/pyxel/02_jump_game.py""}","{""pyxel_jump"":""4743a825f1c9cae7e049ac52115f4ecf83350db546c00745a54af187d7bc2e46""}",685045f85676c1eecde4232a18853db9dd27930e26a48c5a826660ddfaa891fe
1,175,formal-v1__colocation__pyxel_bubbles+pyxel_jump__r02,formal-v1,colocation-main,train,colocation,"[""pyxel_bubbles"",""pyxel_jump""]",pyxel_bubbles,"[""pyxel_jump""]",pyxel_bubbles+pyxel_jump,pyxel_bubbles+pyxel_jump__r02,,,2,4855025473587185934,20,60,1,20,windows-rtx4060,0,0,grid_2x2,true,82,1f4e3f3ce1069ad1b142225e539ac838483cf248849a3ee4b2d0608dd6f525bd,71ed4d4e65751a5957c2b1b7954da195b59eb885,data/raw/formal-v1/formal-v1__colocation__pyxel_bubbles+pyxel_jump__r02,"{""pyxel_bubbles"":""games/pyxel/06_click_game.py"",""pyxel_jump"":""games/pyxel/02_jump_game.py""}","{""pyxel_bubbles"":""54c101e90bdaed839ac4c4284494530d5df37a5819a35f1e41eebb0b3da5d900"",""pyxel_jump"":""4743a825f1c9cae7e049ac52115f4ecf83350db546c00745a54af187d7bc2e46""}",ad8eddf2c767be945b795b22febad30a00dc657bc0982323840213870c008bac
1,176,formal-v1__profile__pyxel_platformer__gpu_compute__p075__r01,formal-v1,profile,not_applicable,pressure_profile,"[""pyxel_platformer""]",pyxel_platformer,[],,,gpu_compute,0.75,1,13607664509007610844,20,60,1,20,windows-rtx4060,0,0,grid_2x2,true,82,1f4e3f3ce1069ad1b142225e539ac838483cf248849a3ee4b2d0608dd6f525bd,71ed4d4e65751a5957c2b1b7954da195b59eb885,data/raw/formal-v1/formal-v1__profile__pyxel_platformer__gpu_compute__p075__r01,"{""pyxel_platformer"":""games/pyxel/10_platformer.py""}","{""pyxel_platformer"":""1b2c75b49dc9ab0254fb4b724682a4787868814a38d2f08920720dc5b6007ac5""}",0a4ff7d21764f42a5ed9579f7c92278510bbf0f78622587c0abd57e8b4ce8a3a
1,177,formal-v1__profile__space_rescue__gpu_memory__p000__r03,formal-v1,profile,not_applicable,pressure_profile,"[""space_rescue""]",space_rescue,[],,,gpu_memory,0,3,18044713557505367142,20,60,1,20,windows-rtx4060,0,0,grid_2x2,true,82,1f4e3f3ce1069ad1b142225e539ac838483cf248849a3ee4b2d0608dd6f525bd,71ed4d4e65751a5957c2b1b7954da195b59eb885,data/raw/formal-v1/formal-v1__profile__space_rescue__gpu_memory__p000__r03,"{""space_rescue"":""games/pyxel/apps-src/space_rescue/space_rescue.py""}","{""space_rescue"":""f3b0ab6784ae558e64f06a3f0a704e53f107a130aa3d43357659d0850131e461""}",e2fc13e9e3b95742246641d666844aa6b08b4cf811e6375e74bf90dd4a36354f
1,178,formal-v1__profile__pyxel_jump__cpu_compute__p000__r02,formal-v1,profile,not_applicable,pressure_profile,"[""pyxel_jump""]",pyxel_jump,[],,,cpu_compute,0,2,9978833903598729017,20,60,1,20,windows-rtx4060,0,0,grid_2x2,true,82,1f4e3f3ce1069ad1b142225e539ac838483cf248849a3ee4b2d0608dd6f525bd,71ed4d4e65751a5957c2b1b7954da195b59eb885,data/raw/formal-v1/formal-v1__profile__pyxel_jump__cpu_compute__p000__r02,"{""pyxel_jump"":""games/pyxel/02_jump_game.py""}","{""pyxel_jump"":""4743a825f1c9cae7e049ac52115f4ecf83350db546c00745a54af187d7bc2e46""}",9229e047ec9b826a8cf3d0d8674e2a413a2dd0d0aebca7cd10db6b04316ed1e2
1,179,formal-v1__profile__pyxel_shooter__gpu_compute__p025__r03,formal-v1,profile,not_applicable,pressure_profile,"[""pyxel_shooter""]",pyxel_shooter,[],,,gpu_compute,0.25,3,2902515438736464585,20,60,1,20,windows-rtx4060,0,0,grid_2x2,true,82,1f4e3f3ce1069ad1b142225e539ac838483cf248849a3ee4b2d0608dd6f525bd,71ed4d4e65751a5957c2b1b7954da195b59eb885,data/raw/formal-v1/formal-v1__profile__pyxel_shooter__gpu_compute__p025__r03,"{""pyxel_shooter"":""games/pyxel/09_shooter.py""}","{""pyxel_shooter"":""0f53e4156907eac41080a8f289e22c89365b3239517c754cf59a51af201d5563""}",7bd1ec9945a61282552414bcc4609470c521d7bb229f0ac25aecd3daa82c35d0
1,180,formal-v1__profile__space_rescue__gpu_memory__p025__r01,formal-v1,profile,not_applicable,pressure_profile,"[""space_rescue""]",space_rescue,[],,,gpu_memory,0.25,1,17784417464054324209,20,60,1,20,windows-rtx4060,0,0,grid_2x2,true,82,1f4e3f3ce1069ad1b142225e539ac838483cf248849a3ee4b2d0608dd6f525bd,71ed4d4e65751a5957c2b1b7954da195b59eb885,data/raw/formal-v1/formal-v1__profile__space_rescue__gpu_memory__p025__r01,"{""space_rescue"":""games/pyxel/apps-src/space_rescue/space_rescue.py""}","{""space_rescue"":""f3b0ab6784ae558e64f06a3f0a704e53f107a130aa3d43357659d0850131e461""}",e3c28ab3a9feddc40e3f35730efae8e9f2c6615af225f42b44fb4ac45207240f
1,181,formal-v1__profile__mega_wing__memory_bandwidth__p050__r02,formal-v1,profile,not_applicable,pressure_profile,"[""mega_wing""]",mega_wing,[],,,memory_bandwidth,0.5,2,5735824969658018071,20,60,1,20,windows-rtx4060,0,0,grid_2x2,true,82,1f4e3f3ce1069ad1b142225e539ac838483cf248849a3ee4b2d0608dd6f525bd,71ed4d4e65751a5957c2b1b7954da195b59eb885,data/raw/formal-v1/formal-v1__profile__mega_wing__memory_bandwidth__p050__r02,"{""mega_wing"":""games/pyxel/apps-src/mega_wing/mega_wing.py""}","{""mega_wing"":""86bad6c02a303806c58137503739241dc6b1e86695f7c0dbf672b5e1a1464e9f""}",8322aea4e2e154de08763ae327775e7de9daf3aec4a5ff7a4fe4b0ea56836b2d
1,182,formal-v1__profile__pyxel_jump__gpu_compute__p000__r02,formal-v1,profile,not_applicable,pressure_profile,"[""pyxel_jump""]",pyxel_jump,[],,,gpu_compute,0,2,12926119996995319003,20,60,1,20,windows-rtx4060,0,0,grid_2x2,true,82,1f4e3f3ce1069ad1b142225e539ac838483cf248849a3ee4b2d0608dd6f525bd,71ed4d4e65751a5957c2b1b7954da195b59eb885,data/raw/formal-v1/formal-v1__profile__pyxel_jump__gpu_compute__p000__r02,"{""pyxel_jump"":""games/pyxel/02_jump_game.py""}","{""pyxel_jump"":""4743a825f1c9cae7e049ac52115f4ecf83350db546c00745a54af187d7bc2e46""}",b48715e9ade7401f63092f792974a7c63bdc396b37493614bdc266bfb29b3f66
1,183,formal-v1__colocation__pyxel_shooter+pyxel_snake__r03,formal-v1,colocation-main,train,colocation,"[""pyxel_shooter"",""pyxel_snake""]",pyxel_shooter,"[""pyxel_snake""]",pyxel_shooter+pyxel_snake,pyxel_shooter+pyxel_snake__r03,,,3,5833663211782969573,20,60,1,20,windows-rtx4060,0,0,grid_2x2,true,82,1f4e3f3ce1069ad1b142225e539ac838483cf248849a3ee4b2d0608dd6f525bd,71ed4d4e65751a5957c2b1b7954da195b59eb885,data/raw/formal-v1/formal-v1__colocation__pyxel_shooter+pyxel_snake__r03,"{""pyxel_shooter"":""games/pyxel/09_shooter.py"",""pyxel_snake"":""games/pyxel/07_snake.py""}","{""pyxel_shooter"":""0f53e4156907eac41080a8f289e22c89365b3239517c754cf59a51af201d5563"",""pyxel_snake"":""bc533fef92d1d358e570f69d979919fe5c1cd8c4da49841104b49a1e661a5ac3""}",bd750c8f1de83272b2475641a21c25db0c76c82016464a77aab1d3479475679e
1,184,formal-v1__profile__pyxel_jump__cpu_compute__p050__r03,formal-v1,profile,not_applicable,pressure_profile,"[""pyxel_jump""]",pyxel_jump,[],,,cpu_compute,0.5,3,5136358900465955613,20,60,1,20,windows-rtx4060,0,0,grid_2x2,true,82,1f4e3f3ce1069ad1b142225e539ac838483cf248849a3ee4b2d0608dd6f525bd,71ed4d4e65751a5957c2b1b7954da195b59eb885,data/raw/formal-v1/formal-v1__profile__pyxel_jump__cpu_compute__p050__r03,"{""pyxel_jump"":""games/pyxel/02_jump_game.py""}","{""pyxel_jump"":""4743a825f1c9cae7e049ac52115f4ecf83350db546c00745a54af187d7bc2e46""}",ad618ec39326ffe4dc36112b840756263b0af5ff4a25f63e53c31e09159aa2f3
1,185,formal-v1__colocation__mega_wing+pyxel_bubbles+pyxel_shooter__r02,formal-v1,colocation-main,train,colocation,"[""mega_wing"",""pyxel_bubbles"",""pyxel_shooter""]",mega_wing,"[""pyxel_bubbles"",""pyxel_shooter""]",mega_wing+pyxel_bubbles+pyxel_shooter,mega_wing+pyxel_bubbles+pyxel_shooter__r02,,,2,17145521271227757646,20,60,1,20,windows-rtx4060,0,0,grid_2x2,true,82,1f4e3f3ce1069ad1b142225e539ac838483cf248849a3ee4b2d0608dd6f525bd,71ed4d4e65751a5957c2b1b7954da195b59eb885,data/raw/formal-v1/formal-v1__colocation__mega_wing+pyxel_bubbles+pyxel_shooter__r02,"{""mega_wing"":""games/pyxel/apps-src/mega_wing/mega_wing.py"",""pyxel_bubbles"":""games/pyxel/06_click_game.py"",""pyxel_shooter"":""games/pyxel/09_shooter.py""}","{""mega_wing"":""86bad6c02a303806c58137503739241dc6b1e86695f7c0dbf672b5e1a1464e9f"",""pyxel_bubbles"":""54c101e90bdaed839ac4c4284494530d5df37a5819a35f1e41eebb0b3da5d900"",""pyxel_shooter"":""0f53e4156907eac41080a8f289e22c89365b3239517c754cf59a51af201d5563""}",5f815c1cdf1a4ede2682b03b9ece9a3b2c36f4d25325c7d9e5a4ccfcf0ca623e
1,186,formal-v1__profile__daylight__gpu_memory__p050__r02,formal-v1,profile,not_applicable,pressure_profile,"[""daylight""]",daylight,[],,,gpu_memory,0.5,2,10827519359314299953,20,60,1,20,windows-rtx4060,0,0,grid_2x2,true,82,1f4e3f3ce1069ad1b142225e539ac838483cf248849a3ee4b2d0608dd6f525bd,71ed4d4e65751a5957c2b1b7954da195b59eb885,data/raw/formal-v1/formal-v1__profile__daylight__gpu_memory__p050__r02,"{""daylight"":""games/pyxel/apps-src/30SecondsOfDaylight/src/main.py""}","{""daylight"":""21a365375249e9d7ea05e78dcfe040f09cc1f0c66bd410bae084190c743a028f""}",bddbd6300bdf924b3d2bdf463c186a61ce200a5f8223b8fc0852a0b4584bef82
1,187,formal-v1__profile__pyxel_snake__gpu_compute__p100__r02,formal-v1,profile,not_applicable,pressure_profile,"[""pyxel_snake""]",pyxel_snake,[],,,gpu_compute,1,2,14083140115922923076,20,60,1,20,windows-rtx4060,0,0,grid_2x2,true,82,1f4e3f3ce1069ad1b142225e539ac838483cf248849a3ee4b2d0608dd6f525bd,71ed4d4e65751a5957c2b1b7954da195b59eb885,data/raw/formal-v1/formal-v1__profile__pyxel_snake__gpu_compute__p100__r02,"{""pyxel_snake"":""games/pyxel/07_snake.py""}","{""pyxel_snake"":""bc533fef92d1d358e570f69d979919fe5c1cd8c4da49841104b49a1e661a5ac3""}",106d50d48494f79a4248999368879851845532322e4526c2f341c77a76dd8bef
1,188,formal-v1__colocation__mega_wing+pyxel_platformer+space_rescue__r03,formal-v1,colocation-main,train,colocation,"[""mega_wing"",""pyxel_platformer"",""space_rescue""]",mega_wing,"[""pyxel_platformer"",""space_rescue""]",mega_wing+pyxel_platformer+space_rescue,mega_wing+pyxel_platformer+space_rescue__r03,,,3,7256825349866931314,20,60,1,20,windows-rtx4060,0,0,grid_2x2,true,82,1f4e3f3ce1069ad1b142225e539ac838483cf248849a3ee4b2d0608dd6f525bd,71ed4d4e65751a5957c2b1b7954da195b59eb885,data/raw/formal-v1/formal-v1__colocation__mega_wing+pyxel_platformer+space_rescue__r03,"{""mega_wing"":""games/pyxel/apps-src/mega_wing/mega_wing.py"",""pyxel_platformer"":""games/pyxel/10_platformer.py"",""space_rescue"":""games/pyxel/apps-src/space_rescue/space_rescue.py""}","{""mega_wing"":""86bad6c02a303806c58137503739241dc6b1e86695f7c0dbf672b5e1a1464e9f"",""pyxel_platformer"":""1b2c75b49dc9ab0254fb4b724682a4787868814a38d2f08920720dc5b6007ac5"",""space_rescue"":""f3b0ab6784ae558e64f06a3f0a704e53f107a130aa3d43357659d0850131e461""}",daddd98bb73b076acd1cb7279379be138d799c5dadd864a77e39d6bccec64017
1,189,formal-v1__profile__pyxel_platformer__memory_bandwidth__p000__r03,formal-v1,profile,not_applicable,pressure_profile,"[""pyxel_platformer""]",pyxel_platformer,[],,,memory_bandwidth,0,3,6322913326508209738,20,60,1,20,windows-rtx4060,0,0,grid_2x2,true,82,1f4e3f3ce1069ad1b142225e539ac838483cf248849a3ee4b2d0608dd6f525bd,71ed4d4e65751a5957c2b1b7954da195b59eb885,data/raw/formal-v1/formal-v1__profile__pyxel_platformer__memory_bandwidth__p000__r03,"{""pyxel_platformer"":""games/pyxel/10_platformer.py""}","{""pyxel_platformer"":""1b2c75b49dc9ab0254fb4b724682a4787868814a38d2f08920720dc5b6007ac5""}",bb6aea37bd377c70fcce35beaa0546b71d276292883310d6534381b8395c154c
1,190,formal-v1__profile__space_rescue__gpu_memory__p050__r02,formal-v1,profile,not_applicable,pressure_profile,"[""space_rescue""]",space_rescue,[],,,gpu_memory,0.5,2,15557360799199876318,20,60,1,20,windows-rtx4060,0,0,grid_2x2,true,82,1f4e3f3ce1069ad1b142225e539ac838483cf248849a3ee4b2d0608dd6f525bd,71ed4d4e65751a5957c2b1b7954da195b59eb885,data/raw/formal-v1/formal-v1__profile__space_rescue__gpu_memory__p050__r02,"{""space_rescue"":""games/pyxel/apps-src/space_rescue/space_rescue.py""}","{""space_rescue"":""f3b0ab6784ae558e64f06a3f0a704e53f107a130aa3d43357659d0850131e461""}",63410b1f761e09c80686d703ecad040756db4103ab01d60f96514c59694899a1
1,191,formal-v1__profile__pyxel_bubbles__cpu_compute__p000__r01,formal-v1,profile,not_applicable,pressure_profile,"[""pyxel_bubbles""]",pyxel_bubbles,[],,,cpu_compute,0,1,8923090128249884865,20,60,1,20,windows-rtx4060,0,0,grid_2x2,true,82,1f4e3f3ce1069ad1b142225e539ac838483cf248849a3ee4b2d0608dd6f525bd,71ed4d4e65751a5957c2b1b7954da195b59eb885,data/raw/formal-v1/formal-v1__profile__pyxel_bubbles__cpu_compute__p000__r01,"{""pyxel_bubbles"":""games/pyxel/06_click_game.py""}","{""pyxel_bubbles"":""54c101e90bdaed839ac4c4284494530d5df37a5819a35f1e41eebb0b3da5d900""}",cf03fdd988ceab1836b02a6dc34e47bd441c3ea2b8ada9cbe36740f327833fa1
1,192,formal-v1__profile__pyxel_snake__memory_bandwidth__p025__r02,formal-v1,profile,not_applicable,pressure_profile,"[""pyxel_snake""]",pyxel_snake,[],,,memory_bandwidth,0.25,2,5009708746039831809,20,60,1,20,windows-rtx4060,0,0,grid_2x2,true,82,1f4e3f3ce1069ad1b142225e539ac838483cf248849a3ee4b2d0608dd6f525bd,71ed4d4e65751a5957c2b1b7954da195b59eb885,data/raw/formal-v1/formal-v1__profile__pyxel_snake__memory_bandwidth__p025__r02,"{""pyxel_snake"":""games/pyxel/07_snake.py""}","{""pyxel_snake"":""bc533fef92d1d358e570f69d979919fe5c1cd8c4da49841104b49a1e661a5ac3""}",aa88829b8e25ac5be973639a92b0cbd5dd50a3102e574bb9fb3fa24666219bd7
1,193,formal-v1__profile__pyxel_snake__cpu_compute__p100__r03,formal-v1,profile,not_applicable,pressure_profile,"[""pyxel_snake""]",pyxel_snake,[],,,cpu_compute,1,3,17696118596037803281,20,60,1,20,windows-rtx4060,0,0,grid_2x2,true,82,1f4e3f3ce1069ad1b142225e539ac838483cf248849a3ee4b2d0608dd6f525bd,71ed4d4e65751a5957c2b1b7954da195b59eb885,data/raw/formal-v1/formal-v1__profile__pyxel_snake__cpu_compute__p100__r03,"{""pyxel_snake"":""games/pyxel/07_snake.py""}","{""pyxel_snake"":""bc533fef92d1d358e570f69d979919fe5c1cd8c4da49841104b49a1e661a5ac3""}",f74dfa08c134af5720333bf2558180f0dcf173e256d3cbf4b56a8225b9ae5381
1,194,formal-v1__colocation__daylight+mega_wing+pyxel_snake__r01,formal-v1,colocation-main,train,colocation,"[""daylight"",""mega_wing"",""pyxel_snake""]",daylight,"[""mega_wing"",""pyxel_snake""]",daylight+mega_wing+pyxel_snake,daylight+mega_wing+pyxel_snake__r01,,,1,3683215363547589313,20,60,1,20,windows-rtx4060,0,0,grid_2x2,true,82,1f4e3f3ce1069ad1b142225e539ac838483cf248849a3ee4b2d0608dd6f525bd,71ed4d4e65751a5957c2b1b7954da195b59eb885,data/raw/formal-v1/formal-v1__colocation__daylight+mega_wing+pyxel_snake__r01,"{""daylight"":""games/pyxel/apps-src/30SecondsOfDaylight/src/main.py"",""mega_wing"":""games/pyxel/apps-src/mega_wing/mega_wing.py"",""pyxel_snake"":""games/pyxel/07_snake.py""}","{""daylight"":""21a365375249e9d7ea05e78dcfe040f09cc1f0c66bd410bae084190c743a028f"",""mega_wing"":""86bad6c02a303806c58137503739241dc6b1e86695f7c0dbf672b5e1a1464e9f"",""pyxel_snake"":""bc533fef92d1d358e570f69d979919fe5c1cd8c4da49841104b49a1e661a5ac3""}",425c14fd8dd400819a5b390e30052a9d65ace357b5f5012094cf45105bc24d67
1,195,formal-v1__colocation__mega_wing+pyxel_bubbles+pyxel_shooter__r03,formal-v1,colocation-main,train,colocation,"[""mega_wing"",""pyxel_bubbles"",""pyxel_shooter""]",mega_wing,"[""pyxel_bubbles"",""pyxel_shooter""]",mega_wing+pyxel_bubbles+pyxel_shooter,mega_wing+pyxel_bubbles+pyxel_shooter__r03,,,3,1046086840173876320,20,60,1,20,windows-rtx4060,0,0,grid_2x2,true,82,1f4e3f3ce1069ad1b142225e539ac838483cf248849a3ee4b2d0608dd6f525bd,71ed4d4e65751a5957c2b1b7954da195b59eb885,data/raw/formal-v1/formal-v1__colocation__mega_wing+pyxel_bubbles+pyxel_shooter__r03,"{""mega_wing"":""games/pyxel/apps-src/mega_wing/mega_wing.py"",""pyxel_bubbles"":""games/pyxel/06_click_game.py"",""pyxel_shooter"":""games/pyxel/09_shooter.py""}","{""mega_wing"":""86bad6c02a303806c58137503739241dc6b1e86695f7c0dbf672b5e1a1464e9f"",""pyxel_bubbles"":""54c101e90bdaed839ac4c4284494530d5df37a5819a35f1e41eebb0b3da5d900"",""pyxel_shooter"":""0f53e4156907eac41080a8f289e22c89365b3239517c754cf59a51af201d5563""}",bfe20a7937ad679dc0725efa14c31063de5bd7b2adf8790680de3998a4744dfa
1,196,formal-v1__profile__pyxel_bubbles__gpu_memory__p100__r02,formal-v1,profile,not_applicable,pressure_profile,"[""pyxel_bubbles""]",pyxel_bubbles,[],,,gpu_memory,1,2,16358609386470069171,20,60,1,20,windows-rtx4060,0,0,grid_2x2,true,82,1f4e3f3ce1069ad1b142225e539ac838483cf248849a3ee4b2d0608dd6f525bd,71ed4d4e65751a5957c2b1b7954da195b59eb885,data/raw/formal-v1/formal-v1__profile__pyxel_bubbles__gpu_memory__p100__r02,"{""pyxel_bubbles"":""games/pyxel/06_click_game.py""}","{""pyxel_bubbles"":""54c101e90bdaed839ac4c4284494530d5df37a5819a35f1e41eebb0b3da5d900""}",ef3d7ecf1e9a87d0a3622541d4631237d34aaf9e6a100bd0b450b795b9f7dc92
1,197,formal-v1__profile__pyxel_snake__gpu_memory__p075__r02,formal-v1,profile,not_applicable,pressure_profile,"[""pyxel_snake""]",pyxel_snake,[],,,gpu_memory,0.75,2,7038884185157057215,20,60,1,20,windows-rtx4060,0,0,grid_2x2,true,82,1f4e3f3ce1069ad1b142225e539ac838483cf248849a3ee4b2d0608dd6f525bd,71ed4d4e65751a5957c2b1b7954da195b59eb885,data/raw/formal-v1/formal-v1__profile__pyxel_snake__gpu_memory__p075__r02,"{""pyxel_snake"":""games/pyxel/07_snake.py""}","{""pyxel_snake"":""bc533fef92d1d358e570f69d979919fe5c1cd8c4da49841104b49a1e661a5ac3""}",33e22fd6798b3c65e51f004073d46d1ce3cf752b3938f7ef06c248ea14a400fc
1,198,formal-v1__profile__pyxel_bubbles__memory_bandwidth__p075__r02,formal-v1,profile,not_applicable,pressure_profile,"[""pyxel_bubbles""]",pyxel_bubbles,[],,,memory_bandwidth,0.75,2,18365959350671161203,20,60,1,20,windows-rtx4060,0,0,grid_2x2,true,82,1f4e3f3ce1069ad1b142225e539ac838483cf248849a3ee4b2d0608dd6f525bd,71ed4d4e65751a5957c2b1b7954da195b59eb885,data/raw/formal-v1/formal-v1__profile__pyxel_bubbles__memory_bandwidth__p075__r02,"{""pyxel_bubbles"":""games/pyxel/06_click_game.py""}","{""pyxel_bubbles"":""54c101e90bdaed839ac4c4284494530d5df37a5819a35f1e41eebb0b3da5d900""}",b3bc306d0db5f87042504ef87c9493bd84ec062167706c00ab536facdc02349b
1,199,formal-v1__profile__space_rescue__memory_bandwidth__p025__r01,formal-v1,profile,not_applicable,pressure_profile,"[""space_rescue""]",space_rescue,[],,,memory_bandwidth,0.25,1,9674058341181178622,20,60,1,20,windows-rtx4060,0,0,grid_2x2,true,82,1f4e3f3ce1069ad1b142225e539ac838483cf248849a3ee4b2d0608dd6f525bd,71ed4d4e65751a5957c2b1b7954da195b59eb885,data/raw/formal-v1/formal-v1__profile__space_rescue__memory_bandwidth__p025__r01,"{""space_rescue"":""games/pyxel/apps-src/space_rescue/space_rescue.py""}","{""space_rescue"":""f3b0ab6784ae558e64f06a3f0a704e53f107a130aa3d43357659d0850131e461""}",a180ab2c7141c42ff47e82cd5a73460004d2e5b4951831688b543358fa22cc78
1,200,formal-v1__colocation__daylight+space_rescue__r03,formal-v1,colocation-main,test,colocation,"[""daylight"",""space_rescue""]",daylight,"[""space_rescue""]",daylight+space_rescue,daylight+space_rescue__r03,,,3,6596288018360110466,20,60,1,20,windows-rtx4060,0,0,grid_2x2,true,82,1f4e3f3ce1069ad1b142225e539ac838483cf248849a3ee4b2d0608dd6f525bd,71ed4d4e65751a5957c2b1b7954da195b59eb885,data/raw/formal-v1/formal-v1__colocation__daylight+space_rescue__r03,"{""daylight"":""games/pyxel/apps-src/30SecondsOfDaylight/src/main.py"",""space_rescue"":""games/pyxel/apps-src/space_rescue/space_rescue.py""}","{""daylight"":""21a365375249e9d7ea05e78dcfe040f09cc1f0c66bd410bae084190c743a028f"",""space_rescue"":""f3b0ab6784ae558e64f06a3f0a704e53f107a130aa3d43357659d0850131e461""}",cc60febaf6106f2068bf0da37983d88aed46b79d7732875a391060fccc93c81a
1,201,formal-v1__profile__mega_wing__cpu_compute__p075__r02,formal-v1,profile,not_applicable,pressure_profile,"[""mega_wing""]",mega_wing,[],,,cpu_compute,0.75,2,8924812853693858564,20,60,1,20,windows-rtx4060,0,0,grid_2x2,true,82,1f4e3f3ce1069ad1b142225e539ac838483cf248849a3ee4b2d0608dd6f525bd,71ed4d4e65751a5957c2b1b7954da195b59eb885,data/raw/formal-v1/formal-v1__profile__mega_wing__cpu_compute__p075__r02,"{""mega_wing"":""games/pyxel/apps-src/mega_wing/mega_wing.py""}","{""mega_wing"":""86bad6c02a303806c58137503739241dc6b1e86695f7c0dbf672b5e1a1464e9f""}",393a768eb734db6727ec758ce36dcd1be13bff478d978d8b6791d3c30a817e9c
1,202,formal-v1__profile__mega_wing__gpu_memory__p025__r02,formal-v1,profile,not_applicable,pressure_profile,"[""mega_wing""]",mega_wing,[],,,gpu_memory,0.25,2,15286201795705039773,20,60,1,20,windows-rtx4060,0,0,grid_2x2,true,82,1f4e3f3ce1069ad1b142225e539ac838483cf248849a3ee4b2d0608dd6f525bd,71ed4d4e65751a5957c2b1b7954da195b59eb885,data/raw/formal-v1/formal-v1__profile__mega_wing__gpu_memory__p025__r02,"{""mega_wing"":""games/pyxel/apps-src/mega_wing/mega_wing.py""}","{""mega_wing"":""86bad6c02a303806c58137503739241dc6b1e86695f7c0dbf672b5e1a1464e9f""}",81c07ca511d5d8634b653ad65b7b013c2c9f26f560152536fb4e97f05119e8cc
1,203,formal-v1__profile__daylight__cpu_compute__p050__r01,formal-v1,profile,not_applicable,pressure_profile,"[""daylight""]",daylight,[],,,cpu_compute,0.5,1,8456575979892902049,20,60,1,20,windows-rtx4060,0,0,grid_2x2,true,82,1f4e3f3ce1069ad1b142225e539ac838483cf248849a3ee4b2d0608dd6f525bd,71ed4d4e65751a5957c2b1b7954da195b59eb885,data/raw/formal-v1/formal-v1__profile__daylight__cpu_compute__p050__r01,"{""daylight"":""games/pyxel/apps-src/30SecondsOfDaylight/src/main.py""}","{""daylight"":""21a365375249e9d7ea05e78dcfe040f09cc1f0c66bd410bae084190c743a028f""}",2357d82b8f6fa5c51d1fa0cd006a61a87f9e701629e0f98f951c3e1d9d71982f
1,204,formal-v1__profile__pyxel_shooter__gpu_compute__p100__r02,formal-v1,profile,not_applicable,pressure_profile,"[""pyxel_shooter""]",pyxel_shooter,[],,,gpu_compute,1,2,8216147765885794096,20,60,1,20,windows-rtx4060,0,0,grid_2x2,true,82,1f4e3f3ce1069ad1b142225e539ac838483cf248849a3ee4b2d0608dd6f525bd,71ed4d4e65751a5957c2b1b7954da195b59eb885,data/raw/formal-v1/formal-v1__profile__pyxel_shooter__gpu_compute__p100__r02,"{""pyxel_shooter"":""games/pyxel/09_shooter.py""}","{""pyxel_shooter"":""0f53e4156907eac41080a8f289e22c89365b3239517c754cf59a51af201d5563""}",d67ab00dcee8404a722c6182d920bede440659ae47040bc4ba92d6916758886c
1,205,formal-v1__colocation__pyxel_jump+space_rescue__r01,formal-v1,colocation-main,train,colocation,"[""pyxel_jump"",""space_rescue""]",pyxel_jump,"[""space_rescue""]",pyxel_jump+space_rescue,pyxel_jump+space_rescue__r01,,,1,6392386723247648102,20,60,1,20,windows-rtx4060,0,0,grid_2x2,true,82,1f4e3f3ce1069ad1b142225e539ac838483cf248849a3ee4b2d0608dd6f525bd,71ed4d4e65751a5957c2b1b7954da195b59eb885,data/raw/formal-v1/formal-v1__colocation__pyxel_jump+space_rescue__r01,"{""pyxel_jump"":""games/pyxel/02_jump_game.py"",""space_rescue"":""games/pyxel/apps-src/space_rescue/space_rescue.py""}","{""pyxel_jump"":""4743a825f1c9cae7e049ac52115f4ecf83350db546c00745a54af187d7bc2e46"",""space_rescue"":""f3b0ab6784ae558e64f06a3f0a704e53f107a130aa3d43357659d0850131e461""}",765c0f7caca067007dc1bd3cbec88afa8de3c55665a4b52473595b1b4916b49a
1,206,formal-v1__colocation__pyxel_jump+space_rescue__r03,formal-v1,colocation-main,train,colocation,"[""pyxel_jump"",""space_rescue""]",pyxel_jump,"[""space_rescue""]",pyxel_jump+space_rescue,pyxel_jump+space_rescue__r03,,,3,15646512563815329766,20,60,1,20,windows-rtx4060,0,0,grid_2x2,true,82,1f4e3f3ce1069ad1b142225e539ac838483cf248849a3ee4b2d0608dd6f525bd,71ed4d4e65751a5957c2b1b7954da195b59eb885,data/raw/formal-v1/formal-v1__colocation__pyxel_jump+space_rescue__r03,"{""pyxel_jump"":""games/pyxel/02_jump_game.py"",""space_rescue"":""games/pyxel/apps-src/space_rescue/space_rescue.py""}","{""pyxel_jump"":""4743a825f1c9cae7e049ac52115f4ecf83350db546c00745a54af187d7bc2e46"",""space_rescue"":""f3b0ab6784ae558e64f06a3f0a704e53f107a130aa3d43357659d0850131e461""}",f30183fcf52461c0c197881669edec00a7f6f0cb6c95d9cd2348052f32030e63
1,207,formal-v1__profile__space_rescue__gpu_compute__p050__r01,formal-v1,profile,not_applicable,pressure_profile,"[""space_rescue""]",space_rescue,[],,,gpu_compute,0.5,1,5411410955068556850,20,60,1,20,windows-rtx4060,0,0,grid_2x2,true,82,1f4e3f3ce1069ad1b142225e539ac838483cf248849a3ee4b2d0608dd6f525bd,71ed4d4e65751a5957c2b1b7954da195b59eb885,data/raw/formal-v1/formal-v1__profile__space_rescue__gpu_compute__p050__r01,"{""space_rescue"":""games/pyxel/apps-src/space_rescue/space_rescue.py""}","{""space_rescue"":""f3b0ab6784ae558e64f06a3f0a704e53f107a130aa3d43357659d0850131e461""}",0ee6d658d4abafb20df577fa394a686930b777ad0735cfaf715e626709ff7f41
1,208,formal-v1__profile__space_rescue__cpu_compute__p025__r02,formal-v1,profile,not_applicable,pressure_profile,"[""space_rescue""]",space_rescue,[],,,cpu_compute,0.25,2,7374626246074993586,20,60,1,20,windows-rtx4060,0,0,grid_2x2,true,82,1f4e3f3ce1069ad1b142225e539ac838483cf248849a3ee4b2d0608dd6f525bd,71ed4d4e65751a5957c2b1b7954da195b59eb885,data/raw/formal-v1/formal-v1__profile__space_rescue__cpu_compute__p025__r02,"{""space_rescue"":""games/pyxel/apps-src/space_rescue/space_rescue.py""}","{""space_rescue"":""f3b0ab6784ae558e64f06a3f0a704e53f107a130aa3d43357659d0850131e461""}",f606ae138d90b83197f52cd58ad535a6f0a48180c1a71533ff541f582c6f1f28
1,209,formal-v1__colocation__pyxel_bubbles+space_rescue__r01,formal-v1,colocation-main,train,colocation,"[""pyxel_bubbles"",""space_rescue""]",pyxel_bubbles,"[""space_rescue""]",pyxel_bubbles+space_rescue,pyxel_bubbles+space_rescue__r01,,,1,16246424883467677436,20,60,1,20,windows-rtx4060,0,0,grid_2x2,true,82,1f4e3f3ce1069ad1b142225e539ac838483cf248849a3ee4b2d0608dd6f525bd,71ed4d4e65751a5957c2b1b7954da195b59eb885,data/raw/formal-v1/formal-v1__colocation__pyxel_bubbles+space_rescue__r01,"{""pyxel_bubbles"":""games/pyxel/06_click_game.py"",""space_rescue"":""games/pyxel/apps-src/space_rescue/space_rescue.py""}","{""pyxel_bubbles"":""54c101e90bdaed839ac4c4284494530d5df37a5819a35f1e41eebb0b3da5d900"",""space_rescue"":""f3b0ab6784ae558e64f06a3f0a704e53f107a130aa3d43357659d0850131e461""}",bcf94ed49710dbad096c9b4507302ad6368bba19bacf17ed59d097382c08d95f
1,210,formal-v1__profile__pyxel_bubbles__memory_bandwidth__p050__r01,formal-v1,profile,not_applicable,pressure_profile,"[""pyxel_bubbles""]",pyxel_bubbles,[],,,memory_bandwidth,0.5,1,17768249687107614157,20,60,1,20,windows-rtx4060,0,0,grid_2x2,true,82,1f4e3f3ce1069ad1b142225e539ac838483cf248849a3ee4b2d0608dd6f525bd,71ed4d4e65751a5957c2b1b7954da195b59eb885,data/raw/formal-v1/formal-v1__profile__pyxel_bubbles__memory_bandwidth__p050__r01,"{""pyxel_bubbles"":""games/pyxel/06_click_game.py""}","{""pyxel_bubbles"":""54c101e90bdaed839ac4c4284494530d5df37a5819a35f1e41eebb0b3da5d900""}",7d481a82ca29f6096503a42a53ed0fb07ed7e4cb67f5fbf86edf734972dadca1
1,211,formal-v1__profile__mega_wing__memory_bandwidth__p025__r01,formal-v1,profile,not_applicable,pressure_profile,"[""mega_wing""]",mega_wing,[],,,memory_bandwidth,0.25,1,13211999645521036726,20,60,1,20,windows-rtx4060,0,0,grid_2x2,true,82,1f4e3f3ce1069ad1b142225e539ac838483cf248849a3ee4b2d0608dd6f525bd,71ed4d4e65751a5957c2b1b7954da195b59eb885,data/raw/formal-v1/formal-v1__profile__mega_wing__memory_bandwidth__p025__r01,"{""mega_wing"":""games/pyxel/apps-src/mega_wing/mega_wing.py""}","{""mega_wing"":""86bad6c02a303806c58137503739241dc6b1e86695f7c0dbf672b5e1a1464e9f""}",77c8fc9edbff7f1d4e15e9040956f99731d044c4ef2b983de2d296e922e91c58
1,212,formal-v1__colocation__pyxel_bubbles+pyxel_jump+pyxel_snake__r01,formal-v1,colocation-main,train,colocation,"[""pyxel_bubbles"",""pyxel_jump"",""pyxel_snake""]",pyxel_bubbles,"[""pyxel_jump"",""pyxel_snake""]",pyxel_bubbles+pyxel_jump+pyxel_snake,pyxel_bubbles+pyxel_jump+pyxel_snake__r01,,,1,10652256037132298761,20,60,1,20,windows-rtx4060,0,0,grid_2x2,true,82,1f4e3f3ce1069ad1b142225e539ac838483cf248849a3ee4b2d0608dd6f525bd,71ed4d4e65751a5957c2b1b7954da195b59eb885,data/raw/formal-v1/formal-v1__colocation__pyxel_bubbles+pyxel_jump+pyxel_snake__r01,"{""pyxel_bubbles"":""games/pyxel/06_click_game.py"",""pyxel_jump"":""games/pyxel/02_jump_game.py"",""pyxel_snake"":""games/pyxel/07_snake.py""}","{""pyxel_bubbles"":""54c101e90bdaed839ac4c4284494530d5df37a5819a35f1e41eebb0b3da5d900"",""pyxel_jump"":""4743a825f1c9cae7e049ac52115f4ecf83350db546c00745a54af187d7bc2e46"",""pyxel_snake"":""bc533fef92d1d358e570f69d979919fe5c1cd8c4da49841104b49a1e661a5ac3""}",9d2b443c69169d1ffb1dc6cba42af2ecf11e6e8751a8e5048eef2d2f9bac476e
1,213,formal-v1__profile__pyxel_snake__memory_bandwidth__p100__r02,formal-v1,profile,not_applicable,pressure_profile,"[""pyxel_snake""]",pyxel_snake,[],,,memory_bandwidth,1,2,12887450220985787540,20,60,1,20,windows-rtx4060,0,0,grid_2x2,true,82,1f4e3f3ce1069ad1b142225e539ac838483cf248849a3ee4b2d0608dd6f525bd,71ed4d4e65751a5957c2b1b7954da195b59eb885,data/raw/formal-v1/formal-v1__profile__pyxel_snake__memory_bandwidth__p100__r02,"{""pyxel_snake"":""games/pyxel/07_snake.py""}","{""pyxel_snake"":""bc533fef92d1d358e570f69d979919fe5c1cd8c4da49841104b49a1e661a5ac3""}",042ffab062540de652de1751f679c135b193916b3de0a1060e71dc51fbf92202
1,214,formal-v1__profile__pyxel_platformer__gpu_memory__p050__r02,formal-v1,profile,not_applicable,pressure_profile,"[""pyxel_platformer""]",pyxel_platformer,[],,,gpu_memory,0.5,2,13683777296560864320,20,60,1,20,windows-rtx4060,0,0,grid_2x2,true,82,1f4e3f3ce1069ad1b142225e539ac838483cf248849a3ee4b2d0608dd6f525bd,71ed4d4e65751a5957c2b1b7954da195b59eb885,data/raw/formal-v1/formal-v1__profile__pyxel_platformer__gpu_memory__p050__r02,"{""pyxel_platformer"":""games/pyxel/10_platformer.py""}","{""pyxel_platformer"":""1b2c75b49dc9ab0254fb4b724682a4787868814a38d2f08920720dc5b6007ac5""}",4f58a965de65e8fe47cf06837b16a66b942793282e8b722cd9334501104c80eb
1,215,formal-v1__solo__pyxel_snake__r01,formal-v1,solo,not_applicable,solo,"[""pyxel_snake""]",pyxel_snake,[],,,,,1,13632667971943617081,20,60,1,20,windows-rtx4060,0,0,grid_2x2,true,82,1f4e3f3ce1069ad1b142225e539ac838483cf248849a3ee4b2d0608dd6f525bd,71ed4d4e65751a5957c2b1b7954da195b59eb885,data/raw/formal-v1/formal-v1__solo__pyxel_snake__r01,"{""pyxel_snake"":""games/pyxel/07_snake.py""}","{""pyxel_snake"":""bc533fef92d1d358e570f69d979919fe5c1cd8c4da49841104b49a1e661a5ac3""}",7c4ad8cfb731aead7b761b012e6bbe276953a43fccc338a752e3e645a8d0517b
1,216,formal-v1__profile__pyxel_bubbles__gpu_compute__p050__r02,formal-v1,profile,not_applicable,pressure_profile,"[""pyxel_bubbles""]",pyxel_bubbles,[],,,gpu_compute,0.5,2,6978072715969981528,20,60,1,20,windows-rtx4060,0,0,grid_2x2,true,82,1f4e3f3ce1069ad1b142225e539ac838483cf248849a3ee4b2d0608dd6f525bd,71ed4d4e65751a5957c2b1b7954da195b59eb885,data/raw/formal-v1/formal-v1__profile__pyxel_bubbles__gpu_compute__p050__r02,"{""pyxel_bubbles"":""games/pyxel/06_click_game.py""}","{""pyxel_bubbles"":""54c101e90bdaed839ac4c4284494530d5df37a5819a35f1e41eebb0b3da5d900""}",e66f4a27c54ed95fdd6a26e1c709ffba4cabfc16831df6b70ceeae2d98519f1f
1,217,formal-v1__colocation__pyxel_bubbles+pyxel_snake__r02,formal-v1,colocation-main,test,colocation,"[""pyxel_bubbles"",""pyxel_snake""]",pyxel_bubbles,"[""pyxel_snake""]",pyxel_bubbles+pyxel_snake,pyxel_bubbles+pyxel_snake__r02,,,2,16014323964850878645,20,60,1,20,windows-rtx4060,0,0,grid_2x2,true,82,1f4e3f3ce1069ad1b142225e539ac838483cf248849a3ee4b2d0608dd6f525bd,71ed4d4e65751a5957c2b1b7954da195b59eb885,data/raw/formal-v1/formal-v1__colocation__pyxel_bubbles+pyxel_snake__r02,"{""pyxel_bubbles"":""games/pyxel/06_click_game.py"",""pyxel_snake"":""games/pyxel/07_snake.py""}","{""pyxel_bubbles"":""54c101e90bdaed839ac4c4284494530d5df37a5819a35f1e41eebb0b3da5d900"",""pyxel_snake"":""bc533fef92d1d358e570f69d979919fe5c1cd8c4da49841104b49a1e661a5ac3""}",6379e04b779add4fe8870e4945d78c7409f76f48e8bb51ef7512de5add6bfdbb
1,218,formal-v1__profile__pyxel_jump__cpu_compute__p050__r01,formal-v1,profile,not_applicable,pressure_profile,"[""pyxel_jump""]",pyxel_jump,[],,,cpu_compute,0.5,1,6104497215014559967,20,60,1,20,windows-rtx4060,0,0,grid_2x2,true,82,1f4e3f3ce1069ad1b142225e539ac838483cf248849a3ee4b2d0608dd6f525bd,71ed4d4e65751a5957c2b1b7954da195b59eb885,data/raw/formal-v1/formal-v1__profile__pyxel_jump__cpu_compute__p050__r01,"{""pyxel_jump"":""games/pyxel/02_jump_game.py""}","{""pyxel_jump"":""4743a825f1c9cae7e049ac52115f4ecf83350db546c00745a54af187d7bc2e46""}",057482333f6ea925c387f9158b41bb8f87bd26577ce9ffbd02a5d4a372749c58
1,219,formal-v1__colocation__daylight+pyxel_shooter+pyxel_snake__r02,formal-v1,colocation-main,train,colocation,"[""daylight"",""pyxel_shooter"",""pyxel_snake""]",daylight,"[""pyxel_shooter"",""pyxel_snake""]",daylight+pyxel_shooter+pyxel_snake,daylight+pyxel_shooter+pyxel_snake__r02,,,2,16060450979115828123,20,60,1,20,windows-rtx4060,0,0,grid_2x2,true,82,1f4e3f3ce1069ad1b142225e539ac838483cf248849a3ee4b2d0608dd6f525bd,71ed4d4e65751a5957c2b1b7954da195b59eb885,data/raw/formal-v1/formal-v1__colocation__daylight+pyxel_shooter+pyxel_snake__r02,"{""daylight"":""games/pyxel/apps-src/30SecondsOfDaylight/src/main.py"",""pyxel_shooter"":""games/pyxel/09_shooter.py"",""pyxel_snake"":""games/pyxel/07_snake.py""}","{""daylight"":""21a365375249e9d7ea05e78dcfe040f09cc1f0c66bd410bae084190c743a028f"",""pyxel_shooter"":""0f53e4156907eac41080a8f289e22c89365b3239517c754cf59a51af201d5563"",""pyxel_snake"":""bc533fef92d1d358e570f69d979919fe5c1cd8c4da49841104b49a1e661a5ac3""}",683e4fd252de37bd7489f2e96a7519f7e0f64a5e19a7511bde83b7146480bffd
1,220,formal-v1__solo__pyxel_bubbles__r01,formal-v1,solo,not_applicable,solo,"[""pyxel_bubbles""]",pyxel_bubbles,[],,,,,1,17111230279661221694,20,60,1,20,windows-rtx4060,0,0,grid_2x2,true,82,1f4e3f3ce1069ad1b142225e539ac838483cf248849a3ee4b2d0608dd6f525bd,71ed4d4e65751a5957c2b1b7954da195b59eb885,data/raw/formal-v1/formal-v1__solo__pyxel_bubbles__r01,"{""pyxel_bubbles"":""games/pyxel/06_click_game.py""}","{""pyxel_bubbles"":""54c101e90bdaed839ac4c4284494530d5df37a5819a35f1e41eebb0b3da5d900""}",609773f40668ae3150103aec9c7ae66d708dfc86969ea5fffdd3dd0fa86f7d3e
1,221,formal-v1__profile__space_rescue__memory_bandwidth__p025__r03,formal-v1,profile,not_applicable,pressure_profile,"[""space_rescue""]",space_rescue,[],,,memory_bandwidth,0.25,3,974195991618032637,20,60,1,20,windows-rtx4060,0,0,grid_2x2,true,82,1f4e3f3ce1069ad1b142225e539ac838483cf248849a3ee4b2d0608dd6f525bd,71ed4d4e65751a5957c2b1b7954da195b59eb885,data/raw/formal-v1/formal-v1__profile__space_rescue__memory_bandwidth__p025__r03,"{""space_rescue"":""games/pyxel/apps-src/space_rescue/space_rescue.py""}","{""space_rescue"":""f3b0ab6784ae558e64f06a3f0a704e53f107a130aa3d43357659d0850131e461""}",9bdaa91f64dcb406c8f02d1d745daeda5d3d7d203e5a80e18a38ec2d71ebbeb8
1,222,formal-v1__profile__pyxel_jump__gpu_compute__p075__r02,formal-v1,profile,not_applicable,pressure_profile,"[""pyxel_jump""]",pyxel_jump,[],,,gpu_compute,0.75,2,3015892812821809057,20,60,1,20,windows-rtx4060,0,0,grid_2x2,true,82,1f4e3f3ce1069ad1b142225e539ac838483cf248849a3ee4b2d0608dd6f525bd,71ed4d4e65751a5957c2b1b7954da195b59eb885,data/raw/formal-v1/formal-v1__profile__pyxel_jump__gpu_compute__p075__r02,"{""pyxel_jump"":""games/pyxel/02_jump_game.py""}","{""pyxel_jump"":""4743a825f1c9cae7e049ac52115f4ecf83350db546c00745a54af187d7bc2e46""}",118068547717d1c052b1397a44b6d7ef738844a68f04d52e04c33fe423ca134b
1,223,formal-v1__colocation__pyxel_bubbles+pyxel_snake__r01,formal-v1,colocation-main,test,colocation,"[""pyxel_bubbles"",""pyxel_snake""]",pyxel_bubbles,"[""pyxel_snake""]",pyxel_bubbles+pyxel_snake,pyxel_bubbles+pyxel_snake__r01,,,1,4272144397152138260,20,60,1,20,windows-rtx4060,0,0,grid_2x2,true,82,1f4e3f3ce1069ad1b142225e539ac838483cf248849a3ee4b2d0608dd6f525bd,71ed4d4e65751a5957c2b1b7954da195b59eb885,data/raw/formal-v1/formal-v1__colocation__pyxel_bubbles+pyxel_snake__r01,"{""pyxel_bubbles"":""games/pyxel/06_click_game.py"",""pyxel_snake"":""games/pyxel/07_snake.py""}","{""pyxel_bubbles"":""54c101e90bdaed839ac4c4284494530d5df37a5819a35f1e41eebb0b3da5d900"",""pyxel_snake"":""bc533fef92d1d358e570f69d979919fe5c1cd8c4da49841104b49a1e661a5ac3""}",0f9e7c04f45c6acf327b7c2980dd82c2d10747a25f8a61002bf56221fab85ed8
1,224,formal-v1__profile__mega_wing__cpu_compute__p100__r02,formal-v1,profile,not_applicable,pressure_profile,"[""mega_wing""]",mega_wing,[],,,cpu_compute,1,2,13879960688413478979,20,60,1,20,windows-rtx4060,0,0,grid_2x2,true,82,1f4e3f3ce1069ad1b142225e539ac838483cf248849a3ee4b2d0608dd6f525bd,71ed4d4e65751a5957c2b1b7954da195b59eb885,data/raw/formal-v1/formal-v1__profile__mega_wing__cpu_compute__p100__r02,"{""mega_wing"":""games/pyxel/apps-src/mega_wing/mega_wing.py""}","{""mega_wing"":""86bad6c02a303806c58137503739241dc6b1e86695f7c0dbf672b5e1a1464e9f""}",6e687b3bc5480f4e9884693258cd9c7e818ce69c9a66f0262bb80cc4f587352f
1,225,formal-v1__profile__daylight__memory_bandwidth__p050__r02,formal-v1,profile,not_applicable,pressure_profile,"[""daylight""]",daylight,[],,,memory_bandwidth,0.5,2,8138192367504666085,20,60,1,20,windows-rtx4060,0,0,grid_2x2,true,82,1f4e3f3ce1069ad1b142225e539ac838483cf248849a3ee4b2d0608dd6f525bd,71ed4d4e65751a5957c2b1b7954da195b59eb885,data/raw/formal-v1/formal-v1__profile__daylight__memory_bandwidth__p050__r02,"{""daylight"":""games/pyxel/apps-src/30SecondsOfDaylight/src/main.py""}","{""daylight"":""21a365375249e9d7ea05e78dcfe040f09cc1f0c66bd410bae084190c743a028f""}",c868e0de5399c633da8a895974992e77a955d385bac9126d1f3527e26f0edbe5
1,226,formal-v1__profile__pyxel_snake__cpu_compute__p050__r02,formal-v1,profile,not_applicable,pressure_profile,"[""pyxel_snake""]",pyxel_snake,[],,,cpu_compute,0.5,2,2320957124972599974,20,60,1,20,windows-rtx4060,0,0,grid_2x2,true,82,1f4e3f3ce1069ad1b142225e539ac838483cf248849a3ee4b2d0608dd6f525bd,71ed4d4e65751a5957c2b1b7954da195b59eb885,data/raw/formal-v1/formal-v1__profile__pyxel_snake__cpu_compute__p050__r02,"{""pyxel_snake"":""games/pyxel/07_snake.py""}","{""pyxel_snake"":""bc533fef92d1d358e570f69d979919fe5c1cd8c4da49841104b49a1e661a5ac3""}",bb4a24c3cdfca8518d2e090d20e56cb32a2675a688ba6eeacdd910f81fda5fb9
1,227,formal-v1__profile__daylight__gpu_compute__p050__r03,formal-v1,profile,not_applicable,pressure_profile,"[""daylight""]",daylight,[],,,gpu_compute,0.5,3,8172916671657072093,20,60,1,20,windows-rtx4060,0,0,grid_2x2,true,82,1f4e3f3ce1069ad1b142225e539ac838483cf248849a3ee4b2d0608dd6f525bd,71ed4d4e65751a5957c2b1b7954da195b59eb885,data/raw/formal-v1/formal-v1__profile__daylight__gpu_compute__p050__r03,"{""daylight"":""games/pyxel/apps-src/30SecondsOfDaylight/src/main.py""}","{""daylight"":""21a365375249e9d7ea05e78dcfe040f09cc1f0c66bd410bae084190c743a028f""}",5e95d8d88d1dd22bcf0c1005d5ec0b462182852c7ffc21aefbe598d6d13d323a
1,228,formal-v1__solo__pyxel_snake__r03,formal-v1,solo,not_applicable,solo,"[""pyxel_snake""]",pyxel_snake,[],,,,,3,11244710782208348410,20,60,1,20,windows-rtx4060,0,0,grid_2x2,true,82,1f4e3f3ce1069ad1b142225e539ac838483cf248849a3ee4b2d0608dd6f525bd,71ed4d4e65751a5957c2b1b7954da195b59eb885,data/raw/formal-v1/formal-v1__solo__pyxel_snake__r03,"{""pyxel_snake"":""games/pyxel/07_snake.py""}","{""pyxel_snake"":""bc533fef92d1d358e570f69d979919fe5c1cd8c4da49841104b49a1e661a5ac3""}",855c0c4cc9e2a0e601f016008310709783d7ebfdde28fde92b441c6dfd2ff2d5
1,229,formal-v1__profile__daylight__cpu_compute__p025__r01,formal-v1,profile,not_applicable,pressure_profile,"[""daylight""]",daylight,[],,,cpu_compute,0.25,1,8546134627183824773,20,60,1,20,windows-rtx4060,0,0,grid_2x2,true,82,1f4e3f3ce1069ad1b142225e539ac838483cf248849a3ee4b2d0608dd6f525bd,71ed4d4e65751a5957c2b1b7954da195b59eb885,data/raw/formal-v1/formal-v1__profile__daylight__cpu_compute__p025__r01,"{""daylight"":""games/pyxel/apps-src/30SecondsOfDaylight/src/main.py""}","{""daylight"":""21a365375249e9d7ea05e78dcfe040f09cc1f0c66bd410bae084190c743a028f""}",b667e23ce9b5f200359c2e04740c9f6eca8eee7e11d12f59f5b720ccc8da8573
1,230,formal-v1__profile__mega_wing__cpu_compute__p000__r01,formal-v1,profile,not_applicable,pressure_profile,"[""mega_wing""]",mega_wing,[],,,cpu_compute,0,1,3386378885876565655,20,60,1,20,windows-rtx4060,0,0,grid_2x2,true,82,1f4e3f3ce1069ad1b142225e539ac838483cf248849a3ee4b2d0608dd6f525bd,71ed4d4e65751a5957c2b1b7954da195b59eb885,data/raw/formal-v1/formal-v1__profile__mega_wing__cpu_compute__p000__r01,"{""mega_wing"":""games/pyxel/apps-src/mega_wing/mega_wing.py""}","{""mega_wing"":""86bad6c02a303806c58137503739241dc6b1e86695f7c0dbf672b5e1a1464e9f""}",1961c3a814fe7bba2aa99f88a883a8a741cdd1ef993ddc0d55b221dfb0194ebd
1,231,formal-v1__profile__pyxel_bubbles__gpu_compute__p100__r03,formal-v1,profile,not_applicable,pressure_profile,"[""pyxel_bubbles""]",pyxel_bubbles,[],,,gpu_compute,1,3,399030813832862700,20,60,1,20,windows-rtx4060,0,0,grid_2x2,true,82,1f4e3f3ce1069ad1b142225e539ac838483cf248849a3ee4b2d0608dd6f525bd,71ed4d4e65751a5957c2b1b7954da195b59eb885,data/raw/formal-v1/formal-v1__profile__pyxel_bubbles__gpu_compute__p100__r03,"{""pyxel_bubbles"":""games/pyxel/06_click_game.py""}","{""pyxel_bubbles"":""54c101e90bdaed839ac4c4284494530d5df37a5819a35f1e41eebb0b3da5d900""}",caf011c419dd7f40bd57ab6bc27baa1fefe16500391d818d78ce13480e341c28
1,232,formal-v1__profile__pyxel_platformer__cpu_compute__p000__r01,formal-v1,profile,not_applicable,pressure_profile,"[""pyxel_platformer""]",pyxel_platformer,[],,,cpu_compute,0,1,10964048351124160320,20,60,1,20,windows-rtx4060,0,0,grid_2x2,true,82,1f4e3f3ce1069ad1b142225e539ac838483cf248849a3ee4b2d0608dd6f525bd,71ed4d4e65751a5957c2b1b7954da195b59eb885,data/raw/formal-v1/formal-v1__profile__pyxel_platformer__cpu_compute__p000__r01,"{""pyxel_platformer"":""games/pyxel/10_platformer.py""}","{""pyxel_platformer"":""1b2c75b49dc9ab0254fb4b724682a4787868814a38d2f08920720dc5b6007ac5""}",04406339f39ea6fc027189534ab1ef0bb1be2b883430242d97a629240ec3b798
1,233,formal-v1__extra__daylight+pyxel_platformer+pyxel_shooter+pyxel_snake__r01,formal-v1,colocation-extra-test,extra_test,extra_test,"[""daylight"",""pyxel_platformer"",""pyxel_shooter"",""pyxel_snake""]",daylight,"[""pyxel_platformer"",""pyxel_shooter"",""pyxel_snake""]",daylight+pyxel_platformer+pyxel_shooter+pyxel_snake,daylight+pyxel_platformer+pyxel_shooter+pyxel_snake__r01,,,1,16076299598703602005,20,60,1,20,windows-rtx4060,0,0,grid_2x2,true,82,1f4e3f3ce1069ad1b142225e539ac838483cf248849a3ee4b2d0608dd6f525bd,71ed4d4e65751a5957c2b1b7954da195b59eb885,data/raw/formal-v1/formal-v1__extra__daylight+pyxel_platformer+pyxel_shooter+pyxel_snake__r01,"{""daylight"":""games/pyxel/apps-src/30SecondsOfDaylight/src/main.py"",""pyxel_platformer"":""games/pyxel/10_platformer.py"",""pyxel_shooter"":""games/pyxel/09_shooter.py"",""pyxel_snake"":""games/pyxel/07_snake.py""}","{""daylight"":""21a365375249e9d7ea05e78dcfe040f09cc1f0c66bd410bae084190c743a028f"",""pyxel_platformer"":""1b2c75b49dc9ab0254fb4b724682a4787868814a38d2f08920720dc5b6007ac5"",""pyxel_shooter"":""0f53e4156907eac41080a8f289e22c89365b3239517c754cf59a51af201d5563"",""pyxel_snake"":""bc533fef92d1d358e570f69d979919fe5c1cd8c4da49841104b49a1e661a5ac3""}",c10b2f6b602e5fa94f7d39707c0d3045fe0ad97730f94aabe80b62e2be16fe07
1,234,formal-v1__profile__daylight__gpu_compute__p075__r02,formal-v1,profile,not_applicable,pressure_profile,"[""daylight""]",daylight,[],,,gpu_compute,0.75,2,16482551770301428842,20,60,1,20,windows-rtx4060,0,0,grid_2x2,true,82,1f4e3f3ce1069ad1b142225e539ac838483cf248849a3ee4b2d0608dd6f525bd,71ed4d4e65751a5957c2b1b7954da195b59eb885,data/raw/formal-v1/formal-v1__profile__daylight__gpu_compute__p075__r02,"{""daylight"":""games/pyxel/apps-src/30SecondsOfDaylight/src/main.py""}","{""daylight"":""21a365375249e9d7ea05e78dcfe040f09cc1f0c66bd410bae084190c743a028f""}",1c7d4d7dea9cb0fc215c2a8d946fbcbd20a4bf3352d7bb64e5744fb7be0121e6
1,235,formal-v1__profile__pyxel_shooter__gpu_memory__p025__r02,formal-v1,profile,not_applicable,pressure_profile,"[""pyxel_shooter""]",pyxel_shooter,[],,,gpu_memory,0.25,2,8646546913955020733,20,60,1,20,windows-rtx4060,0,0,grid_2x2,true,82,1f4e3f3ce1069ad1b142225e539ac838483cf248849a3ee4b2d0608dd6f525bd,71ed4d4e65751a5957c2b1b7954da195b59eb885,data/raw/formal-v1/formal-v1__profile__pyxel_shooter__gpu_memory__p025__r02,"{""pyxel_shooter"":""games/pyxel/09_shooter.py""}","{""pyxel_shooter"":""0f53e4156907eac41080a8f289e22c89365b3239517c754cf59a51af201d5563""}",37d27824499d4e43790787817abf36f256e8648bce44cd0f7646831f7c9ba277
1,236,formal-v1__profile__pyxel_snake__gpu_compute__p050__r01,formal-v1,profile,not_applicable,pressure_profile,"[""pyxel_snake""]",pyxel_snake,[],,,gpu_compute,0.5,1,13682793963391115016,20,60,1,20,windows-rtx4060,0,0,grid_2x2,true,82,1f4e3f3ce1069ad1b142225e539ac838483cf248849a3ee4b2d0608dd6f525bd,71ed4d4e65751a5957c2b1b7954da195b59eb885,data/raw/formal-v1/formal-v1__profile__pyxel_snake__gpu_compute__p050__r01,"{""pyxel_snake"":""games/pyxel/07_snake.py""}","{""pyxel_snake"":""bc533fef92d1d358e570f69d979919fe5c1cd8c4da49841104b49a1e661a5ac3""}",7580ecc25bd2ede7c4ad3b41be8d71628921ac20d7fb4551f56439b38f251e8c
1,237,formal-v1__colocation__daylight+pyxel_bubbles+pyxel_platformer__r01,formal-v1,colocation-main,test,colocation,"[""daylight"",""pyxel_bubbles"",""pyxel_platformer""]",daylight,"[""pyxel_bubbles"",""pyxel_platformer""]",daylight+pyxel_bubbles+pyxel_platformer,daylight+pyxel_bubbles+pyxel_platformer__r01,,,1,12478490643540389889,20,60,1,20,windows-rtx4060,0,0,grid_2x2,true,82,1f4e3f3ce1069ad1b142225e539ac838483cf248849a3ee4b2d0608dd6f525bd,71ed4d4e65751a5957c2b1b7954da195b59eb885,data/raw/formal-v1/formal-v1__colocation__daylight+pyxel_bubbles+pyxel_platformer__r01,"{""daylight"":""games/pyxel/apps-src/30SecondsOfDaylight/src/main.py"",""pyxel_bubbles"":""games/pyxel/06_click_game.py"",""pyxel_platformer"":""games/pyxel/10_platformer.py""}","{""daylight"":""21a365375249e9d7ea05e78dcfe040f09cc1f0c66bd410bae084190c743a028f"",""pyxel_bubbles"":""54c101e90bdaed839ac4c4284494530d5df37a5819a35f1e41eebb0b3da5d900"",""pyxel_platformer"":""1b2c75b49dc9ab0254fb4b724682a4787868814a38d2f08920720dc5b6007ac5""}",08fa4a89a9b1898674fc5873c334a717d6de0ab8839035a9006e85c94efb40bd
1,238,formal-v1__profile__pyxel_snake__memory_bandwidth__p075__r03,formal-v1,profile,not_applicable,pressure_profile,"[""pyxel_snake""]",pyxel_snake,[],,,memory_bandwidth,0.75,3,11339435162131692225,20,60,1,20,windows-rtx4060,0,0,grid_2x2,true,82,1f4e3f3ce1069ad1b142225e539ac838483cf248849a3ee4b2d0608dd6f525bd,71ed4d4e65751a5957c2b1b7954da195b59eb885,data/raw/formal-v1/formal-v1__profile__pyxel_snake__memory_bandwidth__p075__r03,"{""pyxel_snake"":""games/pyxel/07_snake.py""}","{""pyxel_snake"":""bc533fef92d1d358e570f69d979919fe5c1cd8c4da49841104b49a1e661a5ac3""}",c3f1eab9c6ff844e5332ddd5dbfd6e82ec654842973c476aa9dde1dc69738188
1,239,formal-v1__profile__daylight__cpu_compute__p050__r02,formal-v1,profile,not_applicable,pressure_profile,"[""daylight""]",daylight,[],,,cpu_compute,0.5,2,3838096314104336505,20,60,1,20,windows-rtx4060,0,0,grid_2x2,true,82,1f4e3f3ce1069ad1b142225e539ac838483cf248849a3ee4b2d0608dd6f525bd,71ed4d4e65751a5957c2b1b7954da195b59eb885,data/raw/formal-v1/formal-v1__profile__daylight__cpu_compute__p050__r02,"{""daylight"":""games/pyxel/apps-src/30SecondsOfDaylight/src/main.py""}","{""daylight"":""21a365375249e9d7ea05e78dcfe040f09cc1f0c66bd410bae084190c743a028f""}",4a9105db86410e0a633de810ec5438ec08fa0ace6c724dac04b37ac49fee6aba
1,240,formal-v1__profile__pyxel_bubbles__gpu_memory__p050__r03,formal-v1,profile,not_applicable,pressure_profile,"[""pyxel_bubbles""]",pyxel_bubbles,[],,,gpu_memory,0.5,3,18351449568058031569,20,60,1,20,windows-rtx4060,0,0,grid_2x2,true,82,1f4e3f3ce1069ad1b142225e539ac838483cf248849a3ee4b2d0608dd6f525bd,71ed4d4e65751a5957c2b1b7954da195b59eb885,data/raw/formal-v1/formal-v1__profile__pyxel_bubbles__gpu_memory__p050__r03,"{""pyxel_bubbles"":""games/pyxel/06_click_game.py""}","{""pyxel_bubbles"":""54c101e90bdaed839ac4c4284494530d5df37a5819a35f1e41eebb0b3da5d900""}",6f5503d23ddf5b79a7aa4d06eb291fce7800348e771d619c2937f430f7b948cf
1,241,formal-v1__colocation__daylight+pyxel_shooter__r02,formal-v1,colocation-main,test,colocation,"[""daylight"",""pyxel_shooter""]",daylight,"[""pyxel_shooter""]",daylight+pyxel_shooter,daylight+pyxel_shooter__r02,,,2,6307768475063823143,20,60,1,20,windows-rtx4060,0,0,grid_2x2,true,82,1f4e3f3ce1069ad1b142225e539ac838483cf248849a3ee4b2d0608dd6f525bd,71ed4d4e65751a5957c2b1b7954da195b59eb885,data/raw/formal-v1/formal-v1__colocation__daylight+pyxel_shooter__r02,"{""daylight"":""games/pyxel/apps-src/30SecondsOfDaylight/src/main.py"",""pyxel_shooter"":""games/pyxel/09_shooter.py""}","{""daylight"":""21a365375249e9d7ea05e78dcfe040f09cc1f0c66bd410bae084190c743a028f"",""pyxel_shooter"":""0f53e4156907eac41080a8f289e22c89365b3239517c754cf59a51af201d5563""}",8a218bc52ea6011aa51596f1692934e79ef9f60b2a8370a6e1f77d5dee4b2c24
1,242,formal-v1__profile__pyxel_platformer__cpu_compute__p000__r02,formal-v1,profile,not_applicable,pressure_profile,"[""pyxel_platformer""]",pyxel_platformer,[],,,cpu_compute,0,2,14258000445704572170,20,60,1,20,windows-rtx4060,0,0,grid_2x2,true,82,1f4e3f3ce1069ad1b142225e539ac838483cf248849a3ee4b2d0608dd6f525bd,71ed4d4e65751a5957c2b1b7954da195b59eb885,data/raw/formal-v1/formal-v1__profile__pyxel_platformer__cpu_compute__p000__r02,"{""pyxel_platformer"":""games/pyxel/10_platformer.py""}","{""pyxel_platformer"":""1b2c75b49dc9ab0254fb4b724682a4787868814a38d2f08920720dc5b6007ac5""}",04254a42fb1be6285c4a651ca20025a373a7854dd738b893de2451b6e769536b
1,243,formal-v1__colocation__pyxel_jump+pyxel_shooter+pyxel_snake__r01,formal-v1,colocation-main,train,colocation,"[""pyxel_jump"",""pyxel_shooter"",""pyxel_snake""]",pyxel_jump,"[""pyxel_shooter"",""pyxel_snake""]",pyxel_jump+pyxel_shooter+pyxel_snake,pyxel_jump+pyxel_shooter+pyxel_snake__r01,,,1,13404442039301235090,20,60,1,20,windows-rtx4060,0,0,grid_2x2,true,82,1f4e3f3ce1069ad1b142225e539ac838483cf248849a3ee4b2d0608dd6f525bd,71ed4d4e65751a5957c2b1b7954da195b59eb885,data/raw/formal-v1/formal-v1__colocation__pyxel_jump+pyxel_shooter+pyxel_snake__r01,"{""pyxel_jump"":""games/pyxel/02_jump_game.py"",""pyxel_shooter"":""games/pyxel/09_shooter.py"",""pyxel_snake"":""games/pyxel/07_snake.py""}","{""pyxel_jump"":""4743a825f1c9cae7e049ac52115f4ecf83350db546c00745a54af187d7bc2e46"",""pyxel_shooter"":""0f53e4156907eac41080a8f289e22c89365b3239517c754cf59a51af201d5563"",""pyxel_snake"":""bc533fef92d1d358e570f69d979919fe5c1cd8c4da49841104b49a1e661a5ac3""}",abd9a8c33749fc72ca1d5ed2bf2c01463a7d97e9aff7134fe50d90341dda3456
1,244,formal-v1__profile__pyxel_jump__gpu_memory__p075__r03,formal-v1,profile,not_applicable,pressure_profile,"[""pyxel_jump""]",pyxel_jump,[],,,gpu_memory,0.75,3,16428684141305639129,20,60,1,20,windows-rtx4060,0,0,grid_2x2,true,82,1f4e3f3ce1069ad1b142225e539ac838483cf248849a3ee4b2d0608dd6f525bd,71ed4d4e65751a5957c2b1b7954da195b59eb885,data/raw/formal-v1/formal-v1__profile__pyxel_jump__gpu_memory__p075__r03,"{""pyxel_jump"":""games/pyxel/02_jump_game.py""}","{""pyxel_jump"":""4743a825f1c9cae7e049ac52115f4ecf83350db546c00745a54af187d7bc2e46""}",0f4232d3008e0518f25736360a9829fc60ec185f2f6805b69e314cac6626dceb
1,245,formal-v1__colocation__mega_wing+pyxel_snake+space_rescue__r02,formal-v1,colocation-main,train,colocation,"[""mega_wing"",""pyxel_snake"",""space_rescue""]",mega_wing,"[""pyxel_snake"",""space_rescue""]",mega_wing+pyxel_snake+space_rescue,mega_wing+pyxel_snake+space_rescue__r02,,,2,10501798218637475275,20,60,1,20,windows-rtx4060,0,0,grid_2x2,true,82,1f4e3f3ce1069ad1b142225e539ac838483cf248849a3ee4b2d0608dd6f525bd,71ed4d4e65751a5957c2b1b7954da195b59eb885,data/raw/formal-v1/formal-v1__colocation__mega_wing+pyxel_snake+space_rescue__r02,"{""mega_wing"":""games/pyxel/apps-src/mega_wing/mega_wing.py"",""pyxel_snake"":""games/pyxel/07_snake.py"",""space_rescue"":""games/pyxel/apps-src/space_rescue/space_rescue.py""}","{""mega_wing"":""86bad6c02a303806c58137503739241dc6b1e86695f7c0dbf672b5e1a1464e9f"",""pyxel_snake"":""bc533fef92d1d358e570f69d979919fe5c1cd8c4da49841104b49a1e661a5ac3"",""space_rescue"":""f3b0ab6784ae558e64f06a3f0a704e53f107a130aa3d43357659d0850131e461""}",3734dfeed6b056dc8acf9c884d1cc55290473115a181568e7ddafe1c6d5aaa10
1,246,formal-v1__profile__mega_wing__gpu_compute__p000__r01,formal-v1,profile,not_applicable,pressure_profile,"[""mega_wing""]",mega_wing,[],,,gpu_compute,0,1,15245046965239891073,20,60,1,20,windows-rtx4060,0,0,grid_2x2,true,82,1f4e3f3ce1069ad1b142225e539ac838483cf248849a3ee4b2d0608dd6f525bd,71ed4d4e65751a5957c2b1b7954da195b59eb885,data/raw/formal-v1/formal-v1__profile__mega_wing__gpu_compute__p000__r01,"{""mega_wing"":""games/pyxel/apps-src/mega_wing/mega_wing.py""}","{""mega_wing"":""86bad6c02a303806c58137503739241dc6b1e86695f7c0dbf672b5e1a1464e9f""}",cfd83043b00fb5179b4b526413d3c28db8add6bcbd8a0f810278a299195df5c8
1,247,formal-v1__colocation__pyxel_jump+pyxel_shooter__r02,formal-v1,colocation-main,train,colocation,"[""pyxel_jump"",""pyxel_shooter""]",pyxel_jump,"[""pyxel_shooter""]",pyxel_jump+pyxel_shooter,pyxel_jump+pyxel_shooter__r02,,,2,3021531922104725446,20,60,1,20,windows-rtx4060,0,0,grid_2x2,true,82,1f4e3f3ce1069ad1b142225e539ac838483cf248849a3ee4b2d0608dd6f525bd,71ed4d4e65751a5957c2b1b7954da195b59eb885,data/raw/formal-v1/formal-v1__colocation__pyxel_jump+pyxel_shooter__r02,"{""pyxel_jump"":""games/pyxel/02_jump_game.py"",""pyxel_shooter"":""games/pyxel/09_shooter.py""}","{""pyxel_jump"":""4743a825f1c9cae7e049ac52115f4ecf83350db546c00745a54af187d7bc2e46"",""pyxel_shooter"":""0f53e4156907eac41080a8f289e22c89365b3239517c754cf59a51af201d5563""}",9396392d9b3ed46f8b12c1270d0521b8114efe610f29887938f4262c17bf41f3
1,248,formal-v1__profile__mega_wing__gpu_compute__p100__r02,formal-v1,profile,not_applicable,pressure_profile,"[""mega_wing""]",mega_wing,[],,,gpu_compute,1,2,7358260585065794855,20,60,1,20,windows-rtx4060,0,0,grid_2x2,true,82,1f4e3f3ce1069ad1b142225e539ac838483cf248849a3ee4b2d0608dd6f525bd,71ed4d4e65751a5957c2b1b7954da195b59eb885,data/raw/formal-v1/formal-v1__profile__mega_wing__gpu_compute__p100__r02,"{""mega_wing"":""games/pyxel/apps-src/mega_wing/mega_wing.py""}","{""mega_wing"":""86bad6c02a303806c58137503739241dc6b1e86695f7c0dbf672b5e1a1464e9f""}",23b744a0cbcf51a4a5388ebe808e52d490c675babbfebd1fc5fa03e8bf553022
1,249,formal-v1__profile__pyxel_snake__memory_bandwidth__p075__r01,formal-v1,profile,not_applicable,pressure_profile,"[""pyxel_snake""]",pyxel_snake,[],,,memory_bandwidth,0.75,1,7094114291409562001,20,60,1,20,windows-rtx4060,0,0,grid_2x2,true,82,1f4e3f3ce1069ad1b142225e539ac838483cf248849a3ee4b2d0608dd6f525bd,71ed4d4e65751a5957c2b1b7954da195b59eb885,data/raw/formal-v1/formal-v1__profile__pyxel_snake__memory_bandwidth__p075__r01,"{""pyxel_snake"":""games/pyxel/07_snake.py""}","{""pyxel_snake"":""bc533fef92d1d358e570f69d979919fe5c1cd8c4da49841104b49a1e661a5ac3""}",f862ad7557f608cbdfe54b85cbe114f9b5dddf789d3c8652f18cf18813fd860d
1,250,formal-v1__profile__mega_wing__gpu_memory__p100__r01,formal-v1,profile,not_applicable,pressure_profile,"[""mega_wing""]",mega_wing,[],,,gpu_memory,1,1,387244886282678473,20,60,1,20,windows-rtx4060,0,0,grid_2x2,true,82,1f4e3f3ce1069ad1b142225e539ac838483cf248849a3ee4b2d0608dd6f525bd,71ed4d4e65751a5957c2b1b7954da195b59eb885,data/raw/formal-v1/formal-v1__profile__mega_wing__gpu_memory__p100__r01,"{""mega_wing"":""games/pyxel/apps-src/mega_wing/mega_wing.py""}","{""mega_wing"":""86bad6c02a303806c58137503739241dc6b1e86695f7c0dbf672b5e1a1464e9f""}",a67652aac686d81074c6b693bb0dcc143a139d1c8911d82fb457dba848b8ace0
1,251,formal-v1__profile__mega_wing__memory_bandwidth__p025__r02,formal-v1,profile,not_applicable,pressure_profile,"[""mega_wing""]",mega_wing,[],,,memory_bandwidth,0.25,2,8650441938824622028,20,60,1,20,windows-rtx4060,0,0,grid_2x2,true,82,1f4e3f3ce1069ad1b142225e539ac838483cf248849a3ee4b2d0608dd6f525bd,71ed4d4e65751a5957c2b1b7954da195b59eb885,data/raw/formal-v1/formal-v1__profile__mega_wing__memory_bandwidth__p025__r02,"{""mega_wing"":""games/pyxel/apps-src/mega_wing/mega_wing.py""}","{""mega_wing"":""86bad6c02a303806c58137503739241dc6b1e86695f7c0dbf672b5e1a1464e9f""}",0e27db879a543a9a7539aefe22fe19f2bd4215fba6bda527e0d9d4544b3d51c5
1,252,formal-v1__profile__mega_wing__gpu_compute__p025__r02,formal-v1,profile,not_applicable,pressure_profile,"[""mega_wing""]",mega_wing,[],,,gpu_compute,0.25,2,4840432919940231483,20,60,1,20,windows-rtx4060,0,0,grid_2x2,true,82,1f4e3f3ce1069ad1b142225e539ac838483cf248849a3ee4b2d0608dd6f525bd,71ed4d4e65751a5957c2b1b7954da195b59eb885,data/raw/formal-v1/formal-v1__profile__mega_wing__gpu_compute__p025__r02,"{""mega_wing"":""games/pyxel/apps-src/mega_wing/mega_wing.py""}","{""mega_wing"":""86bad6c02a303806c58137503739241dc6b1e86695f7c0dbf672b5e1a1464e9f""}",16e1016bc287508d60f55d4aa6e7e9bd5697a8f9186f367a786cacf8b7923155
1,253,formal-v1__solo__pyxel_snake__r02,formal-v1,solo,not_applicable,solo,"[""pyxel_snake""]",pyxel_snake,[],,,,,2,11464821163851428927,20,60,1,20,windows-rtx4060,0,0,grid_2x2,true,82,1f4e3f3ce1069ad1b142225e539ac838483cf248849a3ee4b2d0608dd6f525bd,71ed4d4e65751a5957c2b1b7954da195b59eb885,data/raw/formal-v1/formal-v1__solo__pyxel_snake__r02,"{""pyxel_snake"":""games/pyxel/07_snake.py""}","{""pyxel_snake"":""bc533fef92d1d358e570f69d979919fe5c1cd8c4da49841104b49a1e661a5ac3""}",6b025370a39a3991794eda84157ba535d18dd390322ec4ae32d3341879d408f8
1,254,formal-v1__solo__pyxel_jump__r03,formal-v1,solo,not_applicable,solo,"[""pyxel_jump""]",pyxel_jump,[],,,,,3,796735531785357142,20,60,1,20,windows-rtx4060,0,0,grid_2x2,true,82,1f4e3f3ce1069ad1b142225e539ac838483cf248849a3ee4b2d0608dd6f525bd,71ed4d4e65751a5957c2b1b7954da195b59eb885,data/raw/formal-v1/formal-v1__solo__pyxel_jump__r03,"{""pyxel_jump"":""games/pyxel/02_jump_game.py""}","{""pyxel_jump"":""4743a825f1c9cae7e049ac52115f4ecf83350db546c00745a54af187d7bc2e46""}",08b1ba657a4fd53480936065a9779208ec56021bb69b29b68d7452dc84243e6b
1,255,formal-v1__profile__pyxel_bubbles__cpu_compute__p000__r03,formal-v1,profile,not_applicable,pressure_profile,"[""pyxel_bubbles""]",pyxel_bubbles,[],,,cpu_compute,0,3,1641150706676410786,20,60,1,20,windows-rtx4060,0,0,grid_2x2,true,82,1f4e3f3ce1069ad1b142225e539ac838483cf248849a3ee4b2d0608dd6f525bd,71ed4d4e65751a5957c2b1b7954da195b59eb885,data/raw/formal-v1/formal-v1__profile__pyxel_bubbles__cpu_compute__p000__r03,"{""pyxel_bubbles"":""games/pyxel/06_click_game.py""}","{""pyxel_bubbles"":""54c101e90bdaed839ac4c4284494530d5df37a5819a35f1e41eebb0b3da5d900""}",59e5dd981079bf21770f9abbec471b883033cb846b6952665d3d384f6b72808c
1,256,formal-v1__profile__pyxel_bubbles__gpu_memory__p050__r01,formal-v1,profile,not_applicable,pressure_profile,"[""pyxel_bubbles""]",pyxel_bubbles,[],,,gpu_memory,0.5,1,8149412449238893867,20,60,1,20,windows-rtx4060,0,0,grid_2x2,true,82,1f4e3f3ce1069ad1b142225e539ac838483cf248849a3ee4b2d0608dd6f525bd,71ed4d4e65751a5957c2b1b7954da195b59eb885,data/raw/formal-v1/formal-v1__profile__pyxel_bubbles__gpu_memory__p050__r01,"{""pyxel_bubbles"":""games/pyxel/06_click_game.py""}","{""pyxel_bubbles"":""54c101e90bdaed839ac4c4284494530d5df37a5819a35f1e41eebb0b3da5d900""}",3c5bf132c2ea1797d8a5a5d1e30089ae035da322c173f48730d210668d3fcdd1
1,257,formal-v1__profile__pyxel_shooter__gpu_memory__p025__r01,formal-v1,profile,not_applicable,pressure_profile,"[""pyxel_shooter""]",pyxel_shooter,[],,,gpu_memory,0.25,1,4091941439442868672,20,60,1,20,windows-rtx4060,0,0,grid_2x2,true,82,1f4e3f3ce1069ad1b142225e539ac838483cf248849a3ee4b2d0608dd6f525bd,71ed4d4e65751a5957c2b1b7954da195b59eb885,data/raw/formal-v1/formal-v1__profile__pyxel_shooter__gpu_memory__p025__r01,"{""pyxel_shooter"":""games/pyxel/09_shooter.py""}","{""pyxel_shooter"":""0f53e4156907eac41080a8f289e22c89365b3239517c754cf59a51af201d5563""}",c834bc2abc5a14d0b59c3ab3c6e941bf52141cc1a73b69106cf379dcab7d32d0
1,258,formal-v1__profile__pyxel_snake__memory_bandwidth__p025__r03,formal-v1,profile,not_applicable,pressure_profile,"[""pyxel_snake""]",pyxel_snake,[],,,memory_bandwidth,0.25,3,1918439723937799694,20,60,1,20,windows-rtx4060,0,0,grid_2x2,true,82,1f4e3f3ce1069ad1b142225e539ac838483cf248849a3ee4b2d0608dd6f525bd,71ed4d4e65751a5957c2b1b7954da195b59eb885,data/raw/formal-v1/formal-v1__profile__pyxel_snake__memory_bandwidth__p025__r03,"{""pyxel_snake"":""games/pyxel/07_snake.py""}","{""pyxel_snake"":""bc533fef92d1d358e570f69d979919fe5c1cd8c4da49841104b49a1e661a5ac3""}",213e23eb2ff7fdb61aab7930fcf55663521fa0ee2e58122eef625bcae32c7766
1,259,formal-v1__profile__pyxel_bubbles__gpu_memory__p025__r03,formal-v1,profile,not_applicable,pressure_profile,"[""pyxel_bubbles""]",pyxel_bubbles,[],,,gpu_memory,0.25,3,11477786045026242425,20,60,1,20,windows-rtx4060,0,0,grid_2x2,true,82,1f4e3f3ce1069ad1b142225e539ac838483cf248849a3ee4b2d0608dd6f525bd,71ed4d4e65751a5957c2b1b7954da195b59eb885,data/raw/formal-v1/formal-v1__profile__pyxel_bubbles__gpu_memory__p025__r03,"{""pyxel_bubbles"":""games/pyxel/06_click_game.py""}","{""pyxel_bubbles"":""54c101e90bdaed839ac4c4284494530d5df37a5819a35f1e41eebb0b3da5d900""}",335d56e4f16f9f5c3add4abc9b70d767ac741b8d897c706189d9db6047ff97f3
1,260,formal-v1__extra__mega_wing+pyxel_jump+pyxel_platformer+pyxel_snake__r03,formal-v1,colocation-extra-test,extra_test,extra_test,"[""mega_wing"",""pyxel_jump"",""pyxel_platformer"",""pyxel_snake""]",mega_wing,"[""pyxel_jump"",""pyxel_platformer"",""pyxel_snake""]",mega_wing+pyxel_jump+pyxel_platformer+pyxel_snake,mega_wing+pyxel_jump+pyxel_platformer+pyxel_snake__r03,,,3,13832200803943975500,20,60,1,20,windows-rtx4060,0,0,grid_2x2,true,82,1f4e3f3ce1069ad1b142225e539ac838483cf248849a3ee4b2d0608dd6f525bd,71ed4d4e65751a5957c2b1b7954da195b59eb885,data/raw/formal-v1/formal-v1__extra__mega_wing+pyxel_jump+pyxel_platformer+pyxel_snake__r03,"{""mega_wing"":""games/pyxel/apps-src/mega_wing/mega_wing.py"",""pyxel_jump"":""games/pyxel/02_jump_game.py"",""pyxel_platformer"":""games/pyxel/10_platformer.py"",""pyxel_snake"":""games/pyxel/07_snake.py""}","{""mega_wing"":""86bad6c02a303806c58137503739241dc6b1e86695f7c0dbf672b5e1a1464e9f"",""pyxel_jump"":""4743a825f1c9cae7e049ac52115f4ecf83350db546c00745a54af187d7bc2e46"",""pyxel_platformer"":""1b2c75b49dc9ab0254fb4b724682a4787868814a38d2f08920720dc5b6007ac5"",""pyxel_snake"":""bc533fef92d1d358e570f69d979919fe5c1cd8c4da49841104b49a1e661a5ac3""}",7e3eb1c655ed13d869194eab2380bea9a1b93f14f00319871f2539270adfc537
1,261,formal-v1__colocation__mega_wing+pyxel_snake+space_rescue__r01,formal-v1,colocation-main,train,colocation,"[""mega_wing"",""pyxel_snake"",""space_rescue""]",mega_wing,"[""pyxel_snake"",""space_rescue""]",mega_wing+pyxel_snake+space_rescue,mega_wing+pyxel_snake+space_rescue__r01,,,1,2211813992741978679,20,60,1,20,windows-rtx4060,0,0,grid_2x2,true,82,1f4e3f3ce1069ad1b142225e539ac838483cf248849a3ee4b2d0608dd6f525bd,71ed4d4e65751a5957c2b1b7954da195b59eb885,data/raw/formal-v1/formal-v1__colocation__mega_wing+pyxel_snake+space_rescue__r01,"{""mega_wing"":""games/pyxel/apps-src/mega_wing/mega_wing.py"",""pyxel_snake"":""games/pyxel/07_snake.py"",""space_rescue"":""games/pyxel/apps-src/space_rescue/space_rescue.py""}","{""mega_wing"":""86bad6c02a303806c58137503739241dc6b1e86695f7c0dbf672b5e1a1464e9f"",""pyxel_snake"":""bc533fef92d1d358e570f69d979919fe5c1cd8c4da49841104b49a1e661a5ac3"",""space_rescue"":""f3b0ab6784ae558e64f06a3f0a704e53f107a130aa3d43357659d0850131e461""}",17b4e391337353bedd72cfb8f6543b471913e2717a36e047e5c7ee0413c623a5
1,262,formal-v1__profile__pyxel_shooter__cpu_compute__p050__r02,formal-v1,profile,not_applicable,pressure_profile,"[""pyxel_shooter""]",pyxel_shooter,[],,,cpu_compute,0.5,2,5870398365522407540,20,60,1,20,windows-rtx4060,0,0,grid_2x2,true,82,1f4e3f3ce1069ad1b142225e539ac838483cf248849a3ee4b2d0608dd6f525bd,71ed4d4e65751a5957c2b1b7954da195b59eb885,data/raw/formal-v1/formal-v1__profile__pyxel_shooter__cpu_compute__p050__r02,"{""pyxel_shooter"":""games/pyxel/09_shooter.py""}","{""pyxel_shooter"":""0f53e4156907eac41080a8f289e22c89365b3239517c754cf59a51af201d5563""}",a0c584d350f6bd1101ac602450008d933ba071a2783f4e6f8375561af63b1f77
1,263,formal-v1__profile__pyxel_platformer__memory_bandwidth__p100__r02,formal-v1,profile,not_applicable,pressure_profile,"[""pyxel_platformer""]",pyxel_platformer,[],,,memory_bandwidth,1,2,5442683325064413520,20,60,1,20,windows-rtx4060,0,0,grid_2x2,true,82,1f4e3f3ce1069ad1b142225e539ac838483cf248849a3ee4b2d0608dd6f525bd,71ed4d4e65751a5957c2b1b7954da195b59eb885,data/raw/formal-v1/formal-v1__profile__pyxel_platformer__memory_bandwidth__p100__r02,"{""pyxel_platformer"":""games/pyxel/10_platformer.py""}","{""pyxel_platformer"":""1b2c75b49dc9ab0254fb4b724682a4787868814a38d2f08920720dc5b6007ac5""}",6adb63c836514536ff17767275a627bb99b96a863e51f11c84cbf33d5be303b0
1,264,formal-v1__profile__mega_wing__gpu_compute__p075__r03,formal-v1,profile,not_applicable,pressure_profile,"[""mega_wing""]",mega_wing,[],,,gpu_compute,0.75,3,2671436739460950027,20,60,1,20,windows-rtx4060,0,0,grid_2x2,true,82,1f4e3f3ce1069ad1b142225e539ac838483cf248849a3ee4b2d0608dd6f525bd,71ed4d4e65751a5957c2b1b7954da195b59eb885,data/raw/formal-v1/formal-v1__profile__mega_wing__gpu_compute__p075__r03,"{""mega_wing"":""games/pyxel/apps-src/mega_wing/mega_wing.py""}","{""mega_wing"":""86bad6c02a303806c58137503739241dc6b1e86695f7c0dbf672b5e1a1464e9f""}",50fa23feb7425c38e092c6c4a5136b4f4adbf7bc5c2ee1280c5485adfad4ecf0
1,265,formal-v1__profile__pyxel_platformer__gpu_compute__p050__r02,formal-v1,profile,not_applicable,pressure_profile,"[""pyxel_platformer""]",pyxel_platformer,[],,,gpu_compute,0.5,2,6515300256652268807,20,60,1,20,windows-rtx4060,0,0,grid_2x2,true,82,1f4e3f3ce1069ad1b142225e539ac838483cf248849a3ee4b2d0608dd6f525bd,71ed4d4e65751a5957c2b1b7954da195b59eb885,data/raw/formal-v1/formal-v1__profile__pyxel_platformer__gpu_compute__p050__r02,"{""pyxel_platformer"":""games/pyxel/10_platformer.py""}","{""pyxel_platformer"":""1b2c75b49dc9ab0254fb4b724682a4787868814a38d2f08920720dc5b6007ac5""}",5055b94c667dc299fbfaf5ab20628d74277976b70e66c275108aee46118d76a5
1,266,formal-v1__profile__daylight__memory_bandwidth__p025__r01,formal-v1,profile,not_applicable,pressure_profile,"[""daylight""]",daylight,[],,,memory_bandwidth,0.25,1,7747888158563655536,20,60,1,20,windows-rtx4060,0,0,grid_2x2,true,82,1f4e3f3ce1069ad1b142225e539ac838483cf248849a3ee4b2d0608dd6f525bd,71ed4d4e65751a5957c2b1b7954da195b59eb885,data/raw/formal-v1/formal-v1__profile__daylight__memory_bandwidth__p025__r01,"{""daylight"":""games/pyxel/apps-src/30SecondsOfDaylight/src/main.py""}","{""daylight"":""21a365375249e9d7ea05e78dcfe040f09cc1f0c66bd410bae084190c743a028f""}",1b9c36bb6432c77ba75c964a421c99428660c33e8c1ce8b88e7662638fe6bfc6
1,267,formal-v1__solo__pyxel_platformer__r01,formal-v1,solo,not_applicable,solo,"[""pyxel_platformer""]",pyxel_platformer,[],,,,,1,7297784855627931527,20,60,1,20,windows-rtx4060,0,0,grid_2x2,true,82,1f4e3f3ce1069ad1b142225e539ac838483cf248849a3ee4b2d0608dd6f525bd,71ed4d4e65751a5957c2b1b7954da195b59eb885,data/raw/formal-v1/formal-v1__solo__pyxel_platformer__r01,"{""pyxel_platformer"":""games/pyxel/10_platformer.py""}","{""pyxel_platformer"":""1b2c75b49dc9ab0254fb4b724682a4787868814a38d2f08920720dc5b6007ac5""}",1db7f3f2ed1fd67d1aad5ab5b4f20081a0de2fbdd0aa9eb1329f032b3d1d629c
1,268,formal-v1__profile__pyxel_platformer__cpu_compute__p050__r03,formal-v1,profile,not_applicable,pressure_profile,"[""pyxel_platformer""]",pyxel_platformer,[],,,cpu_compute,0.5,3,6501657283848366909,20,60,1,20,windows-rtx4060,0,0,grid_2x2,true,82,1f4e3f3ce1069ad1b142225e539ac838483cf248849a3ee4b2d0608dd6f525bd,71ed4d4e65751a5957c2b1b7954da195b59eb885,data/raw/formal-v1/formal-v1__profile__pyxel_platformer__cpu_compute__p050__r03,"{""pyxel_platformer"":""games/pyxel/10_platformer.py""}","{""pyxel_platformer"":""1b2c75b49dc9ab0254fb4b724682a4787868814a38d2f08920720dc5b6007ac5""}",1b7de3aa6d88788cd93ff82c4a13a9af05cc6642f62b0730323f786830519e9a
1,269,formal-v1__profile__pyxel_shooter__gpu_memory__p075__r02,formal-v1,profile,not_applicable,pressure_profile,"[""pyxel_shooter""]",pyxel_shooter,[],,,gpu_memory,0.75,2,6772415803742537827,20,60,1,20,windows-rtx4060,0,0,grid_2x2,true,82,1f4e3f3ce1069ad1b142225e539ac838483cf248849a3ee4b2d0608dd6f525bd,71ed4d4e65751a5957c2b1b7954da195b59eb885,data/raw/formal-v1/formal-v1__profile__pyxel_shooter__gpu_memory__p075__r02,"{""pyxel_shooter"":""games/pyxel/09_shooter.py""}","{""pyxel_shooter"":""0f53e4156907eac41080a8f289e22c89365b3239517c754cf59a51af201d5563""}",ba32698545c0b23a807b86b8cccbb54515b5fbdbf3bf7263a11728350a68e81e
1,270,formal-v1__profile__pyxel_platformer__cpu_compute__p025__r02,formal-v1,profile,not_applicable,pressure_profile,"[""pyxel_platformer""]",pyxel_platformer,[],,,cpu_compute,0.25,2,3526225747872201171,20,60,1,20,windows-rtx4060,0,0,grid_2x2,true,82,1f4e3f3ce1069ad1b142225e539ac838483cf248849a3ee4b2d0608dd6f525bd,71ed4d4e65751a5957c2b1b7954da195b59eb885,data/raw/formal-v1/formal-v1__profile__pyxel_platformer__cpu_compute__p025__r02,"{""pyxel_platformer"":""games/pyxel/10_platformer.py""}","{""pyxel_platformer"":""1b2c75b49dc9ab0254fb4b724682a4787868814a38d2f08920720dc5b6007ac5""}",99af4844442f7cbfcf3bb2607bb782f5d966ef0e26b45ed683e4164269024dbe
1,271,formal-v1__colocation__mega_wing+space_rescue__r01,formal-v1,colocation-main,validation,colocation,"[""mega_wing"",""space_rescue""]",mega_wing,"[""space_rescue""]",mega_wing+space_rescue,mega_wing+space_rescue__r01,,,1,10325571706049029634,20,60,1,20,windows-rtx4060,0,0,grid_2x2,true,82,1f4e3f3ce1069ad1b142225e539ac838483cf248849a3ee4b2d0608dd6f525bd,71ed4d4e65751a5957c2b1b7954da195b59eb885,data/raw/formal-v1/formal-v1__colocation__mega_wing+space_rescue__r01,"{""mega_wing"":""games/pyxel/apps-src/mega_wing/mega_wing.py"",""space_rescue"":""games/pyxel/apps-src/space_rescue/space_rescue.py""}","{""mega_wing"":""86bad6c02a303806c58137503739241dc6b1e86695f7c0dbf672b5e1a1464e9f"",""space_rescue"":""f3b0ab6784ae558e64f06a3f0a704e53f107a130aa3d43357659d0850131e461""}",9926066d71f666869486e027d25a1c59c3869b3f888c0d9af574308ab9b1c105
1,272,formal-v1__profile__mega_wing__gpu_compute__p025__r01,formal-v1,profile,not_applicable,pressure_profile,"[""mega_wing""]",mega_wing,[],,,gpu_compute,0.25,1,10716810241101879638,20,60,1,20,windows-rtx4060,0,0,grid_2x2,true,82,1f4e3f3ce1069ad1b142225e539ac838483cf248849a3ee4b2d0608dd6f525bd,71ed4d4e65751a5957c2b1b7954da195b59eb885,data/raw/formal-v1/formal-v1__profile__mega_wing__gpu_compute__p025__r01,"{""mega_wing"":""games/pyxel/apps-src/mega_wing/mega_wing.py""}","{""mega_wing"":""86bad6c02a303806c58137503739241dc6b1e86695f7c0dbf672b5e1a1464e9f""}",3e4fc5523b7629b2b39ac72002f1f2c074d2cec4b6154a9f93c6738c8d2f2766
1,273,formal-v1__profile__pyxel_platformer__gpu_compute__p100__r03,formal-v1,profile,not_applicable,pressure_profile,"[""pyxel_platformer""]",pyxel_platformer,[],,,gpu_compute,1,3,12894936110315758230,20,60,1,20,windows-rtx4060,0,0,grid_2x2,true,82,1f4e3f3ce1069ad1b142225e539ac838483cf248849a3ee4b2d0608dd6f525bd,71ed4d4e65751a5957c2b1b7954da195b59eb885,data/raw/formal-v1/formal-v1__profile__pyxel_platformer__gpu_compute__p100__r03,"{""pyxel_platformer"":""games/pyxel/10_platformer.py""}","{""pyxel_platformer"":""1b2c75b49dc9ab0254fb4b724682a4787868814a38d2f08920720dc5b6007ac5""}",17dfe2a1c884f1633f8cfcad70d75875699fd4ba4cca4c56ca646acc374bd317
1,274,formal-v1__profile__pyxel_snake__memory_bandwidth__p100__r01,formal-v1,profile,not_applicable,pressure_profile,"[""pyxel_snake""]",pyxel_snake,[],,,memory_bandwidth,1,1,8100797593952122667,20,60,1,20,windows-rtx4060,0,0,grid_2x2,true,82,1f4e3f3ce1069ad1b142225e539ac838483cf248849a3ee4b2d0608dd6f525bd,71ed4d4e65751a5957c2b1b7954da195b59eb885,data/raw/formal-v1/formal-v1__profile__pyxel_snake__memory_bandwidth__p100__r01,"{""pyxel_snake"":""games/pyxel/07_snake.py""}","{""pyxel_snake"":""bc533fef92d1d358e570f69d979919fe5c1cd8c4da49841104b49a1e661a5ac3""}",3f8867ca4f5f4bea8801eb5a47b68d19fe79c88baccde63f23969ecec911f6c9
1,275,formal-v1__colocation__mega_wing+pyxel_jump__r01,formal-v1,colocation-main,test,colocation,"[""mega_wing"",""pyxel_jump""]",mega_wing,"[""pyxel_jump""]",mega_wing+pyxel_jump,mega_wing+pyxel_jump__r01,,,1,10951231338318609641,20,60,1,20,windows-rtx4060,0,0,grid_2x2,true,82,1f4e3f3ce1069ad1b142225e539ac838483cf248849a3ee4b2d0608dd6f525bd,71ed4d4e65751a5957c2b1b7954da195b59eb885,data/raw/formal-v1/formal-v1__colocation__mega_wing+pyxel_jump__r01,"{""mega_wing"":""games/pyxel/apps-src/mega_wing/mega_wing.py"",""pyxel_jump"":""games/pyxel/02_jump_game.py""}","{""mega_wing"":""86bad6c02a303806c58137503739241dc6b1e86695f7c0dbf672b5e1a1464e9f"",""pyxel_jump"":""4743a825f1c9cae7e049ac52115f4ecf83350db546c00745a54af187d7bc2e46""}",faa89d2e56cba1ce6274849aefa9b5fdc228f18be6e0bf4ae032dc699d340e4b
1,276,formal-v1__profile__space_rescue__memory_bandwidth__p050__r03,formal-v1,profile,not_applicable,pressure_profile,"[""space_rescue""]",space_rescue,[],,,memory_bandwidth,0.5,3,13990568347591883506,20,60,1,20,windows-rtx4060,0,0,grid_2x2,true,82,1f4e3f3ce1069ad1b142225e539ac838483cf248849a3ee4b2d0608dd6f525bd,71ed4d4e65751a5957c2b1b7954da195b59eb885,data/raw/formal-v1/formal-v1__profile__space_rescue__memory_bandwidth__p050__r03,"{""space_rescue"":""games/pyxel/apps-src/space_rescue/space_rescue.py""}","{""space_rescue"":""f3b0ab6784ae558e64f06a3f0a704e53f107a130aa3d43357659d0850131e461""}",37bfb58d2d702d45d605ca0dd21a5139b4b7f30aa91b6b4c7ff300d85ad048cf
1,277,formal-v1__profile__pyxel_jump__gpu_compute__p050__r03,formal-v1,profile,not_applicable,pressure_profile,"[""pyxel_jump""]",pyxel_jump,[],,,gpu_compute,0.5,3,15791422067870909130,20,60,1,20,windows-rtx4060,0,0,grid_2x2,true,82,1f4e3f3ce1069ad1b142225e539ac838483cf248849a3ee4b2d0608dd6f525bd,71ed4d4e65751a5957c2b1b7954da195b59eb885,data/raw/formal-v1/formal-v1__profile__pyxel_jump__gpu_compute__p050__r03,"{""pyxel_jump"":""games/pyxel/02_jump_game.py""}","{""pyxel_jump"":""4743a825f1c9cae7e049ac52115f4ecf83350db546c00745a54af187d7bc2e46""}",b94222d83b7aed47a8b4c59fb5d3120012c04bcff07298ba3cbd737c840de410
1,278,formal-v1__colocation__pyxel_platformer+pyxel_snake__r01,formal-v1,colocation-main,test,colocation,"[""pyxel_platformer"",""pyxel_snake""]",pyxel_platformer,"[""pyxel_snake""]",pyxel_platformer+pyxel_snake,pyxel_platformer+pyxel_snake__r01,,,1,1696166496034655509,20,60,1,20,windows-rtx4060,0,0,grid_2x2,true,82,1f4e3f3ce1069ad1b142225e539ac838483cf248849a3ee4b2d0608dd6f525bd,71ed4d4e65751a5957c2b1b7954da195b59eb885,data/raw/formal-v1/formal-v1__colocation__pyxel_platformer+pyxel_snake__r01,"{""pyxel_platformer"":""games/pyxel/10_platformer.py"",""pyxel_snake"":""games/pyxel/07_snake.py""}","{""pyxel_platformer"":""1b2c75b49dc9ab0254fb4b724682a4787868814a38d2f08920720dc5b6007ac5"",""pyxel_snake"":""bc533fef92d1d358e570f69d979919fe5c1cd8c4da49841104b49a1e661a5ac3""}",e861ad0ae45f249fc1c391ce4a3a5e1c0cc5cc5c11dde907f759bbeab159011b
1,279,formal-v1__profile__pyxel_jump__memory_bandwidth__p000__r01,formal-v1,profile,not_applicable,pressure_profile,"[""pyxel_jump""]",pyxel_jump,[],,,memory_bandwidth,0,1,7034806655224282433,20,60,1,20,windows-rtx4060,0,0,grid_2x2,true,82,1f4e3f3ce1069ad1b142225e539ac838483cf248849a3ee4b2d0608dd6f525bd,71ed4d4e65751a5957c2b1b7954da195b59eb885,data/raw/formal-v1/formal-v1__profile__pyxel_jump__memory_bandwidth__p000__r01,"{""pyxel_jump"":""games/pyxel/02_jump_game.py""}","{""pyxel_jump"":""4743a825f1c9cae7e049ac52115f4ecf83350db546c00745a54af187d7bc2e46""}",db1d583c3f150c100187706f8f5fcec4fab1b471a472454016795177a8748a24
1,280,formal-v1__colocation__pyxel_platformer+pyxel_shooter+space_rescue__r01,formal-v1,colocation-main,validation,colocation,"[""pyxel_platformer"",""pyxel_shooter"",""space_rescue""]",pyxel_platformer,"[""pyxel_shooter"",""space_rescue""]",pyxel_platformer+pyxel_shooter+space_rescue,pyxel_platformer+pyxel_shooter+space_rescue__r01,,,1,530035123137566220,20,60,1,20,windows-rtx4060,0,0,grid_2x2,true,82,1f4e3f3ce1069ad1b142225e539ac838483cf248849a3ee4b2d0608dd6f525bd,71ed4d4e65751a5957c2b1b7954da195b59eb885,data/raw/formal-v1/formal-v1__colocation__pyxel_platformer+pyxel_shooter+space_rescue__r01,"{""pyxel_platformer"":""games/pyxel/10_platformer.py"",""pyxel_shooter"":""games/pyxel/09_shooter.py"",""space_rescue"":""games/pyxel/apps-src/space_rescue/space_rescue.py""}","{""pyxel_platformer"":""1b2c75b49dc9ab0254fb4b724682a4787868814a38d2f08920720dc5b6007ac5"",""pyxel_shooter"":""0f53e4156907eac41080a8f289e22c89365b3239517c754cf59a51af201d5563"",""space_rescue"":""f3b0ab6784ae558e64f06a3f0a704e53f107a130aa3d43357659d0850131e461""}",32be4e6f670b5991468cf5e48c387be4e982c61e1d5426921070a4aaae487101
1,281,formal-v1__profile__pyxel_snake__gpu_compute__p050__r03,formal-v1,profile,not_applicable,pressure_profile,"[""pyxel_snake""]",pyxel_snake,[],,,gpu_compute,0.5,3,12378868439774008811,20,60,1,20,windows-rtx4060,0,0,grid_2x2,true,82,1f4e3f3ce1069ad1b142225e539ac838483cf248849a3ee4b2d0608dd6f525bd,71ed4d4e65751a5957c2b1b7954da195b59eb885,data/raw/formal-v1/formal-v1__profile__pyxel_snake__gpu_compute__p050__r03,"{""pyxel_snake"":""games/pyxel/07_snake.py""}","{""pyxel_snake"":""bc533fef92d1d358e570f69d979919fe5c1cd8c4da49841104b49a1e661a5ac3""}",40a91eb937ce90eea6a6110018d31d98034557bf3ec7108a450854acbb3f561d
1,282,formal-v1__profile__space_rescue__memory_bandwidth__p100__r01,formal-v1,profile,not_applicable,pressure_profile,"[""space_rescue""]",space_rescue,[],,,memory_bandwidth,1,1,11811356062193943186,20,60,1,20,windows-rtx4060,0,0,grid_2x2,true,82,1f4e3f3ce1069ad1b142225e539ac838483cf248849a3ee4b2d0608dd6f525bd,71ed4d4e65751a5957c2b1b7954da195b59eb885,data/raw/formal-v1/formal-v1__profile__space_rescue__memory_bandwidth__p100__r01,"{""space_rescue"":""games/pyxel/apps-src/space_rescue/space_rescue.py""}","{""space_rescue"":""f3b0ab6784ae558e64f06a3f0a704e53f107a130aa3d43357659d0850131e461""}",9b3f7aed27940e00f4a5328631e017e2e24302e4ee40235e4bceff65a6a08e71
1,283,formal-v1__profile__space_rescue__memory_bandwidth__p000__r03,formal-v1,profile,not_applicable,pressure_profile,"[""space_rescue""]",space_rescue,[],,,memory_bandwidth,0,3,16680801273799023032,20,60,1,20,windows-rtx4060,0,0,grid_2x2,true,82,1f4e3f3ce1069ad1b142225e539ac838483cf248849a3ee4b2d0608dd6f525bd,71ed4d4e65751a5957c2b1b7954da195b59eb885,data/raw/formal-v1/formal-v1__profile__space_rescue__memory_bandwidth__p000__r03,"{""space_rescue"":""games/pyxel/apps-src/space_rescue/space_rescue.py""}","{""space_rescue"":""f3b0ab6784ae558e64f06a3f0a704e53f107a130aa3d43357659d0850131e461""}",f28b2c26be561a926b9b2cba04b78fa63fb82da3c097d19ee118548511551a7d
1,284,formal-v1__colocation__pyxel_bubbles+pyxel_platformer__r01,formal-v1,colocation-main,train,colocation,"[""pyxel_bubbles"",""pyxel_platformer""]",pyxel_bubbles,"[""pyxel_platformer""]",pyxel_bubbles+pyxel_platformer,pyxel_bubbles+pyxel_platformer__r01,,,1,15902120588225086509,20,60,1,20,windows-rtx4060,0,0,grid_2x2,true,82,1f4e3f3ce1069ad1b142225e539ac838483cf248849a3ee4b2d0608dd6f525bd,71ed4d4e65751a5957c2b1b7954da195b59eb885,data/raw/formal-v1/formal-v1__colocation__pyxel_bubbles+pyxel_platformer__r01,"{""pyxel_bubbles"":""games/pyxel/06_click_game.py"",""pyxel_platformer"":""games/pyxel/10_platformer.py""}","{""pyxel_bubbles"":""54c101e90bdaed839ac4c4284494530d5df37a5819a35f1e41eebb0b3da5d900"",""pyxel_platformer"":""1b2c75b49dc9ab0254fb4b724682a4787868814a38d2f08920720dc5b6007ac5""}",f000b48acd0ce17febf62ca847e8d16ec035b005fed85c4be5c09367a06d6607
1,285,formal-v1__colocation__pyxel_platformer+pyxel_shooter__r02,formal-v1,colocation-main,train,colocation,"[""pyxel_platformer"",""pyxel_shooter""]",pyxel_platformer,"[""pyxel_shooter""]",pyxel_platformer+pyxel_shooter,pyxel_platformer+pyxel_shooter__r02,,,2,13951401537072748805,20,60,1,20,windows-rtx4060,0,0,grid_2x2,true,82,1f4e3f3ce1069ad1b142225e539ac838483cf248849a3ee4b2d0608dd6f525bd,71ed4d4e65751a5957c2b1b7954da195b59eb885,data/raw/formal-v1/formal-v1__colocation__pyxel_platformer+pyxel_shooter__r02,"{""pyxel_platformer"":""games/pyxel/10_platformer.py"",""pyxel_shooter"":""games/pyxel/09_shooter.py""}","{""pyxel_platformer"":""1b2c75b49dc9ab0254fb4b724682a4787868814a38d2f08920720dc5b6007ac5"",""pyxel_shooter"":""0f53e4156907eac41080a8f289e22c89365b3239517c754cf59a51af201d5563""}",63108856a5f2bb11db0d9f4f1f2f30d5fab0940050be65ec7b443533461d4943
1,286,formal-v1__profile__space_rescue__memory_bandwidth__p100__r02,formal-v1,profile,not_applicable,pressure_profile,"[""space_rescue""]",space_rescue,[],,,memory_bandwidth,1,2,8176713336419449962,20,60,1,20,windows-rtx4060,0,0,grid_2x2,true,82,1f4e3f3ce1069ad1b142225e539ac838483cf248849a3ee4b2d0608dd6f525bd,71ed4d4e65751a5957c2b1b7954da195b59eb885,data/raw/formal-v1/formal-v1__profile__space_rescue__memory_bandwidth__p100__r02,"{""space_rescue"":""games/pyxel/apps-src/space_rescue/space_rescue.py""}","{""space_rescue"":""f3b0ab6784ae558e64f06a3f0a704e53f107a130aa3d43357659d0850131e461""}",94359e50853e41a7fda4bf92fb150b3daedf32472bbd83a66c78d5bbdee9619b
1,287,formal-v1__profile__daylight__gpu_compute__p100__r03,formal-v1,profile,not_applicable,pressure_profile,"[""daylight""]",daylight,[],,,gpu_compute,1,3,17498737074879204457,20,60,1,20,windows-rtx4060,0,0,grid_2x2,true,82,1f4e3f3ce1069ad1b142225e539ac838483cf248849a3ee4b2d0608dd6f525bd,71ed4d4e65751a5957c2b1b7954da195b59eb885,data/raw/formal-v1/formal-v1__profile__daylight__gpu_compute__p100__r03,"{""daylight"":""games/pyxel/apps-src/30SecondsOfDaylight/src/main.py""}","{""daylight"":""21a365375249e9d7ea05e78dcfe040f09cc1f0c66bd410bae084190c743a028f""}",4020461e3b32feaa7a123f4b0142050f65f54929ce41ca503a1d4400efe26124
1,288,formal-v1__profile__space_rescue__gpu_compute__p050__r02,formal-v1,profile,not_applicable,pressure_profile,"[""space_rescue""]",space_rescue,[],,,gpu_compute,0.5,2,2831905124637667923,20,60,1,20,windows-rtx4060,0,0,grid_2x2,true,82,1f4e3f3ce1069ad1b142225e539ac838483cf248849a3ee4b2d0608dd6f525bd,71ed4d4e65751a5957c2b1b7954da195b59eb885,data/raw/formal-v1/formal-v1__profile__space_rescue__gpu_compute__p050__r02,"{""space_rescue"":""games/pyxel/apps-src/space_rescue/space_rescue.py""}","{""space_rescue"":""f3b0ab6784ae558e64f06a3f0a704e53f107a130aa3d43357659d0850131e461""}",d48966bbb658a166a41bae7d460fc5e511a57722dc28e0e6394fd31df1f825f4
1,289,formal-v1__colocation__mega_wing+pyxel_bubbles+space_rescue__r03,formal-v1,colocation-main,train,colocation,"[""mega_wing"",""pyxel_bubbles"",""space_rescue""]",mega_wing,"[""pyxel_bubbles"",""space_rescue""]",mega_wing+pyxel_bubbles+space_rescue,mega_wing+pyxel_bubbles+space_rescue__r03,,,3,10978761875731769058,20,60,1,20,windows-rtx4060,0,0,grid_2x2,true,82,1f4e3f3ce1069ad1b142225e539ac838483cf248849a3ee4b2d0608dd6f525bd,71ed4d4e65751a5957c2b1b7954da195b59eb885,data/raw/formal-v1/formal-v1__colocation__mega_wing+pyxel_bubbles+space_rescue__r03,"{""mega_wing"":""games/pyxel/apps-src/mega_wing/mega_wing.py"",""pyxel_bubbles"":""games/pyxel/06_click_game.py"",""space_rescue"":""games/pyxel/apps-src/space_rescue/space_rescue.py""}","{""mega_wing"":""86bad6c02a303806c58137503739241dc6b1e86695f7c0dbf672b5e1a1464e9f"",""pyxel_bubbles"":""54c101e90bdaed839ac4c4284494530d5df37a5819a35f1e41eebb0b3da5d900"",""space_rescue"":""f3b0ab6784ae558e64f06a3f0a704e53f107a130aa3d43357659d0850131e461""}",84bd6c9a6f13042d20196aca21936ccfe07185e6397bd535305f650138a420f5
1,290,formal-v1__profile__pyxel_bubbles__gpu_compute__p000__r02,formal-v1,profile,not_applicable,pressure_profile,"[""pyxel_bubbles""]",pyxel_bubbles,[],,,gpu_compute,0,2,6507576222143920182,20,60,1,20,windows-rtx4060,0,0,grid_2x2,true,82,1f4e3f3ce1069ad1b142225e539ac838483cf248849a3ee4b2d0608dd6f525bd,71ed4d4e65751a5957c2b1b7954da195b59eb885,data/raw/formal-v1/formal-v1__profile__pyxel_bubbles__gpu_compute__p000__r02,"{""pyxel_bubbles"":""games/pyxel/06_click_game.py""}","{""pyxel_bubbles"":""54c101e90bdaed839ac4c4284494530d5df37a5819a35f1e41eebb0b3da5d900""}",50603afce584e3600df97572841aa9089cb19f998ce028cd9df605681faf968d
1,291,formal-v1__profile__space_rescue__memory_bandwidth__p000__r02,formal-v1,profile,not_applicable,pressure_profile,"[""space_rescue""]",space_rescue,[],,,memory_bandwidth,0,2,12283526450698234265,20,60,1,20,windows-rtx4060,0,0,grid_2x2,true,82,1f4e3f3ce1069ad1b142225e539ac838483cf248849a3ee4b2d0608dd6f525bd,71ed4d4e65751a5957c2b1b7954da195b59eb885,data/raw/formal-v1/formal-v1__profile__space_rescue__memory_bandwidth__p000__r02,"{""space_rescue"":""games/pyxel/apps-src/space_rescue/space_rescue.py""}","{""space_rescue"":""f3b0ab6784ae558e64f06a3f0a704e53f107a130aa3d43357659d0850131e461""}",63be067d29e5444ea40a4fa2f2a558283527a9770d2232805fb2786d83ca7add
1,292,formal-v1__profile__pyxel_snake__cpu_compute__p050__r03,formal-v1,profile,not_applicable,pressure_profile,"[""pyxel_snake""]",pyxel_snake,[],,,cpu_compute,0.5,3,12974105224448076900,20,60,1,20,windows-rtx4060,0,0,grid_2x2,true,82,1f4e3f3ce1069ad1b142225e539ac838483cf248849a3ee4b2d0608dd6f525bd,71ed4d4e65751a5957c2b1b7954da195b59eb885,data/raw/formal-v1/formal-v1__profile__pyxel_snake__cpu_compute__p050__r03,"{""pyxel_snake"":""games/pyxel/07_snake.py""}","{""pyxel_snake"":""bc533fef92d1d358e570f69d979919fe5c1cd8c4da49841104b49a1e661a5ac3""}",7c3b38cfa33da3e5e5e0aba460058adad18c9f80340579bae8d89eef99750718
1,293,formal-v1__colocation__mega_wing+pyxel_bubbles+pyxel_snake__r01,formal-v1,colocation-main,train,colocation,"[""mega_wing"",""pyxel_bubbles"",""pyxel_snake""]",mega_wing,"[""pyxel_bubbles"",""pyxel_snake""]",mega_wing+pyxel_bubbles+pyxel_snake,mega_wing+pyxel_bubbles+pyxel_snake__r01,,,1,5213251114307413380,20,60,1,20,windows-rtx4060,0,0,grid_2x2,true,82,1f4e3f3ce1069ad1b142225e539ac838483cf248849a3ee4b2d0608dd6f525bd,71ed4d4e65751a5957c2b1b7954da195b59eb885,data/raw/formal-v1/formal-v1__colocation__mega_wing+pyxel_bubbles+pyxel_snake__r01,"{""mega_wing"":""games/pyxel/apps-src/mega_wing/mega_wing.py"",""pyxel_bubbles"":""games/pyxel/06_click_game.py"",""pyxel_snake"":""games/pyxel/07_snake.py""}","{""mega_wing"":""86bad6c02a303806c58137503739241dc6b1e86695f7c0dbf672b5e1a1464e9f"",""pyxel_bubbles"":""54c101e90bdaed839ac4c4284494530d5df37a5819a35f1e41eebb0b3da5d900"",""pyxel_snake"":""bc533fef92d1d358e570f69d979919fe5c1cd8c4da49841104b49a1e661a5ac3""}",96d197485b8ffb380ce04eceddecd0ebdbf3616565f063d70d474ad0743132fe
1,294,formal-v1__profile__pyxel_platformer__memory_bandwidth__p050__r02,formal-v1,profile,not_applicable,pressure_profile,"[""pyxel_platformer""]",pyxel_platformer,[],,,memory_bandwidth,0.5,2,16022214708714483823,20,60,1,20,windows-rtx4060,0,0,grid_2x2,true,82,1f4e3f3ce1069ad1b142225e539ac838483cf248849a3ee4b2d0608dd6f525bd,71ed4d4e65751a5957c2b1b7954da195b59eb885,data/raw/formal-v1/formal-v1__profile__pyxel_platformer__memory_bandwidth__p050__r02,"{""pyxel_platformer"":""games/pyxel/10_platformer.py""}","{""pyxel_platformer"":""1b2c75b49dc9ab0254fb4b724682a4787868814a38d2f08920720dc5b6007ac5""}",73059b876f367b2ababe0add9517e76b7eac26cf9596afb64e32bb0e9da95000
1,295,formal-v1__profile__pyxel_platformer__cpu_compute__p025__r01,formal-v1,profile,not_applicable,pressure_profile,"[""pyxel_platformer""]",pyxel_platformer,[],,,cpu_compute,0.25,1,3921572364177749984,20,60,1,20,windows-rtx4060,0,0,grid_2x2,true,82,1f4e3f3ce1069ad1b142225e539ac838483cf248849a3ee4b2d0608dd6f525bd,71ed4d4e65751a5957c2b1b7954da195b59eb885,data/raw/formal-v1/formal-v1__profile__pyxel_platformer__cpu_compute__p025__r01,"{""pyxel_platformer"":""games/pyxel/10_platformer.py""}","{""pyxel_platformer"":""1b2c75b49dc9ab0254fb4b724682a4787868814a38d2f08920720dc5b6007ac5""}",f88e1cf1da69cf646ecb8552c3b0388f25a042ba92a51f610e5cbf0176e0f429
1,296,formal-v1__profile__pyxel_shooter__gpu_compute__p100__r03,formal-v1,profile,not_applicable,pressure_profile,"[""pyxel_shooter""]",pyxel_shooter,[],,,gpu_compute,1,3,11187716985421809269,20,60,1,20,windows-rtx4060,0,0,grid_2x2,true,82,1f4e3f3ce1069ad1b142225e539ac838483cf248849a3ee4b2d0608dd6f525bd,71ed4d4e65751a5957c2b1b7954da195b59eb885,data/raw/formal-v1/formal-v1__profile__pyxel_shooter__gpu_compute__p100__r03,"{""pyxel_shooter"":""games/pyxel/09_shooter.py""}","{""pyxel_shooter"":""0f53e4156907eac41080a8f289e22c89365b3239517c754cf59a51af201d5563""}",5d6581a181701f486a733f045cd8fe668aebbb2afe64fc5fc2b214c01321697f
1,297,formal-v1__profile__pyxel_jump__cpu_compute__p025__r02,formal-v1,profile,not_applicable,pressure_profile,"[""pyxel_jump""]",pyxel_jump,[],,,cpu_compute,0.25,2,11541848872985042194,20,60,1,20,windows-rtx4060,0,0,grid_2x2,true,82,1f4e3f3ce1069ad1b142225e539ac838483cf248849a3ee4b2d0608dd6f525bd,71ed4d4e65751a5957c2b1b7954da195b59eb885,data/raw/formal-v1/formal-v1__profile__pyxel_jump__cpu_compute__p025__r02,"{""pyxel_jump"":""games/pyxel/02_jump_game.py""}","{""pyxel_jump"":""4743a825f1c9cae7e049ac52115f4ecf83350db546c00745a54af187d7bc2e46""}",a262a947b679ccb2c5045729449a71bd06419dc0a0c93f0a21ac09d673c78b82
1,298,formal-v1__profile__pyxel_shooter__cpu_compute__p025__r03,formal-v1,profile,not_applicable,pressure_profile,"[""pyxel_shooter""]",pyxel_shooter,[],,,cpu_compute,0.25,3,17660117363831700035,20,60,1,20,windows-rtx4060,0,0,grid_2x2,true,82,1f4e3f3ce1069ad1b142225e539ac838483cf248849a3ee4b2d0608dd6f525bd,71ed4d4e65751a5957c2b1b7954da195b59eb885,data/raw/formal-v1/formal-v1__profile__pyxel_shooter__cpu_compute__p025__r03,"{""pyxel_shooter"":""games/pyxel/09_shooter.py""}","{""pyxel_shooter"":""0f53e4156907eac41080a8f289e22c89365b3239517c754cf59a51af201d5563""}",eea51f4f1f2d04c89fd34375644e35328658d89b6e01c7e048ebf3909a7e54c4
1,299,formal-v1__profile__space_rescue__gpu_memory__p050__r03,formal-v1,profile,not_applicable,pressure_profile,"[""space_rescue""]",space_rescue,[],,,gpu_memory,0.5,3,9289223112394258126,20,60,1,20,windows-rtx4060,0,0,grid_2x2,true,82,1f4e3f3ce1069ad1b142225e539ac838483cf248849a3ee4b2d0608dd6f525bd,71ed4d4e65751a5957c2b1b7954da195b59eb885,data/raw/formal-v1/formal-v1__profile__space_rescue__gpu_memory__p050__r03,"{""space_rescue"":""games/pyxel/apps-src/space_rescue/space_rescue.py""}","{""space_rescue"":""f3b0ab6784ae558e64f06a3f0a704e53f107a130aa3d43357659d0850131e461""}",5b1733d9fad4a1d35d4305edb4ed42e1fc786e5e55b3c995c513323a8e72845f
1,300,formal-v1__profile__pyxel_bubbles__memory_bandwidth__p050__r02,formal-v1,profile,not_applicable,pressure_profile,"[""pyxel_bubbles""]",pyxel_bubbles,[],,,memory_bandwidth,0.5,2,7798065937651469100,20,60,1,20,windows-rtx4060,0,0,grid_2x2,true,82,1f4e3f3ce1069ad1b142225e539ac838483cf248849a3ee4b2d0608dd6f525bd,71ed4d4e65751a5957c2b1b7954da195b59eb885,data/raw/formal-v1/formal-v1__profile__pyxel_bubbles__memory_bandwidth__p050__r02,"{""pyxel_bubbles"":""games/pyxel/06_click_game.py""}","{""pyxel_bubbles"":""54c101e90bdaed839ac4c4284494530d5df37a5819a35f1e41eebb0b3da5d900""}",01ce3516f7cb4da5eae2fb4e5416ca401df72194e20397deb3051c022c60fad5
1,301,formal-v1__profile__mega_wing__cpu_compute__p025__r03,formal-v1,profile,not_applicable,pressure_profile,"[""mega_wing""]",mega_wing,[],,,cpu_compute,0.25,3,14923081146202905534,20,60,1,20,windows-rtx4060,0,0,grid_2x2,true,82,1f4e3f3ce1069ad1b142225e539ac838483cf248849a3ee4b2d0608dd6f525bd,71ed4d4e65751a5957c2b1b7954da195b59eb885,data/raw/formal-v1/formal-v1__profile__mega_wing__cpu_compute__p025__r03,"{""mega_wing"":""games/pyxel/apps-src/mega_wing/mega_wing.py""}","{""mega_wing"":""86bad6c02a303806c58137503739241dc6b1e86695f7c0dbf672b5e1a1464e9f""}",f1230b656c36b444a18cdedf7331d41162288d21d81d34107ac23fbebeb692c4
1,302,formal-v1__profile__daylight__memory_bandwidth__p075__r03,formal-v1,profile,not_applicable,pressure_profile,"[""daylight""]",daylight,[],,,memory_bandwidth,0.75,3,8749102145442139478,20,60,1,20,windows-rtx4060,0,0,grid_2x2,true,82,1f4e3f3ce1069ad1b142225e539ac838483cf248849a3ee4b2d0608dd6f525bd,71ed4d4e65751a5957c2b1b7954da195b59eb885,data/raw/formal-v1/formal-v1__profile__daylight__memory_bandwidth__p075__r03,"{""daylight"":""games/pyxel/apps-src/30SecondsOfDaylight/src/main.py""}","{""daylight"":""21a365375249e9d7ea05e78dcfe040f09cc1f0c66bd410bae084190c743a028f""}",70d51be9ae579f15878f9aaf2c78c9ccca38863d56a0ce5d1c68d4f31b94112d
1,303,formal-v1__solo__pyxel_platformer__r02,formal-v1,solo,not_applicable,solo,"[""pyxel_platformer""]",pyxel_platformer,[],,,,,2,13166478515344074274,20,60,1,20,windows-rtx4060,0,0,grid_2x2,true,82,1f4e3f3ce1069ad1b142225e539ac838483cf248849a3ee4b2d0608dd6f525bd,71ed4d4e65751a5957c2b1b7954da195b59eb885,data/raw/formal-v1/formal-v1__solo__pyxel_platformer__r02,"{""pyxel_platformer"":""games/pyxel/10_platformer.py""}","{""pyxel_platformer"":""1b2c75b49dc9ab0254fb4b724682a4787868814a38d2f08920720dc5b6007ac5""}",d52f8028e21d574f9a1f524a82503cdcd4d81e2cd3084c99334911f18a06f531
1,304,formal-v1__profile__pyxel_jump__gpu_memory__p025__r03,formal-v1,profile,not_applicable,pressure_profile,"[""pyxel_jump""]",pyxel_jump,[],,,gpu_memory,0.25,3,6082426227621316649,20,60,1,20,windows-rtx4060,0,0,grid_2x2,true,82,1f4e3f3ce1069ad1b142225e539ac838483cf248849a3ee4b2d0608dd6f525bd,71ed4d4e65751a5957c2b1b7954da195b59eb885,data/raw/formal-v1/formal-v1__profile__pyxel_jump__gpu_memory__p025__r03,"{""pyxel_jump"":""games/pyxel/02_jump_game.py""}","{""pyxel_jump"":""4743a825f1c9cae7e049ac52115f4ecf83350db546c00745a54af187d7bc2e46""}",2a655f2c83275f6d17bc6d7a84fd2de6fe8566ef74ab671eb37a02d797b2c05b
1,305,formal-v1__profile__pyxel_platformer__gpu_memory__p000__r03,formal-v1,profile,not_applicable,pressure_profile,"[""pyxel_platformer""]",pyxel_platformer,[],,,gpu_memory,0,3,7081658000659636395,20,60,1,20,windows-rtx4060,0,0,grid_2x2,true,82,1f4e3f3ce1069ad1b142225e539ac838483cf248849a3ee4b2d0608dd6f525bd,71ed4d4e65751a5957c2b1b7954da195b59eb885,data/raw/formal-v1/formal-v1__profile__pyxel_platformer__gpu_memory__p000__r03,"{""pyxel_platformer"":""games/pyxel/10_platformer.py""}","{""pyxel_platformer"":""1b2c75b49dc9ab0254fb4b724682a4787868814a38d2f08920720dc5b6007ac5""}",91962af5712e3d39b4fbeda7e6b11621c14ed5822b45c52c0d5b8ee435b3be40
1,306,formal-v1__colocation__daylight+pyxel_platformer__r03,formal-v1,colocation-main,validation,colocation,"[""daylight"",""pyxel_platformer""]",daylight,"[""pyxel_platformer""]",daylight+pyxel_platformer,daylight+pyxel_platformer__r03,,,3,17641492199377615183,20,60,1,20,windows-rtx4060,0,0,grid_2x2,true,82,1f4e3f3ce1069ad1b142225e539ac838483cf248849a3ee4b2d0608dd6f525bd,71ed4d4e65751a5957c2b1b7954da195b59eb885,data/raw/formal-v1/formal-v1__colocation__daylight+pyxel_platformer__r03,"{""daylight"":""games/pyxel/apps-src/30SecondsOfDaylight/src/main.py"",""pyxel_platformer"":""games/pyxel/10_platformer.py""}","{""daylight"":""21a365375249e9d7ea05e78dcfe040f09cc1f0c66bd410bae084190c743a028f"",""pyxel_platformer"":""1b2c75b49dc9ab0254fb4b724682a4787868814a38d2f08920720dc5b6007ac5""}",d02ff5f84a22d99c4c53e0c20190a27903d3b856f5f843b5438f2ce323f6d731
1,307,formal-v1__profile__pyxel_snake__gpu_compute__p075__r01,formal-v1,profile,not_applicable,pressure_profile,"[""pyxel_snake""]",pyxel_snake,[],,,gpu_compute,0.75,1,6765152900215732613,20,60,1,20,windows-rtx4060,0,0,grid_2x2,true,82,1f4e3f3ce1069ad1b142225e539ac838483cf248849a3ee4b2d0608dd6f525bd,71ed4d4e65751a5957c2b1b7954da195b59eb885,data/raw/formal-v1/formal-v1__profile__pyxel_snake__gpu_compute__p075__r01,"{""pyxel_snake"":""games/pyxel/07_snake.py""}","{""pyxel_snake"":""bc533fef92d1d358e570f69d979919fe5c1cd8c4da49841104b49a1e661a5ac3""}",797949dd0ae706cc499be3727502dc9ae3aa2d732f3ce39109c930517bbe3e63
1,308,formal-v1__profile__pyxel_platformer__gpu_compute__p025__r03,formal-v1,profile,not_applicable,pressure_profile,"[""pyxel_platformer""]",pyxel_platformer,[],,,gpu_compute,0.25,3,6464914627224340644,20,60,1,20,windows-rtx4060,0,0,grid_2x2,true,82,1f4e3f3ce1069ad1b142225e539ac838483cf248849a3ee4b2d0608dd6f525bd,71ed4d4e65751a5957c2b1b7954da195b59eb885,data/raw/formal-v1/formal-v1__profile__pyxel_platformer__gpu_compute__p025__r03,"{""pyxel_platformer"":""games/pyxel/10_platformer.py""}","{""pyxel_platformer"":""1b2c75b49dc9ab0254fb4b724682a4787868814a38d2f08920720dc5b6007ac5""}",f93a0032d7a4264d9ae6333768479a409539b95a507ee5e4e0723403c1a199a9
1,309,formal-v1__profile__pyxel_snake__cpu_compute__p025__r01,formal-v1,profile,not_applicable,pressure_profile,"[""pyxel_snake""]",pyxel_snake,[],,,cpu_compute,0.25,1,7063583601675846007,20,60,1,20,windows-rtx4060,0,0,grid_2x2,true,82,1f4e3f3ce1069ad1b142225e539ac838483cf248849a3ee4b2d0608dd6f525bd,71ed4d4e65751a5957c2b1b7954da195b59eb885,data/raw/formal-v1/formal-v1__profile__pyxel_snake__cpu_compute__p025__r01,"{""pyxel_snake"":""games/pyxel/07_snake.py""}","{""pyxel_snake"":""bc533fef92d1d358e570f69d979919fe5c1cd8c4da49841104b49a1e661a5ac3""}",42ecf422b8cd150ae72170317d629de881653a6715e7769daae16c2e0b3fa039
1,310,formal-v1__colocation__pyxel_platformer+pyxel_shooter+space_rescue__r02,formal-v1,colocation-main,validation,colocation,"[""pyxel_platformer"",""pyxel_shooter"",""space_rescue""]",pyxel_platformer,"[""pyxel_shooter"",""space_rescue""]",pyxel_platformer+pyxel_shooter+space_rescue,pyxel_platformer+pyxel_shooter+space_rescue__r02,,,2,9920325526379105926,20,60,1,20,windows-rtx4060,0,0,grid_2x2,true,82,1f4e3f3ce1069ad1b142225e539ac838483cf248849a3ee4b2d0608dd6f525bd,71ed4d4e65751a5957c2b1b7954da195b59eb885,data/raw/formal-v1/formal-v1__colocation__pyxel_platformer+pyxel_shooter+space_rescue__r02,"{""pyxel_platformer"":""games/pyxel/10_platformer.py"",""pyxel_shooter"":""games/pyxel/09_shooter.py"",""space_rescue"":""games/pyxel/apps-src/space_rescue/space_rescue.py""}","{""pyxel_platformer"":""1b2c75b49dc9ab0254fb4b724682a4787868814a38d2f08920720dc5b6007ac5"",""pyxel_shooter"":""0f53e4156907eac41080a8f289e22c89365b3239517c754cf59a51af201d5563"",""space_rescue"":""f3b0ab6784ae558e64f06a3f0a704e53f107a130aa3d43357659d0850131e461""}",2435ffe67d83173e53b4b4ba8b1dafe994b13140fe3b151ada652eda96b5cf02
1,311,formal-v1__colocation__daylight+pyxel_platformer+pyxel_snake__r01,formal-v1,colocation-main,validation,colocation,"[""daylight"",""pyxel_platformer"",""pyxel_snake""]",daylight,"[""pyxel_platformer"",""pyxel_snake""]",daylight+pyxel_platformer+pyxel_snake,daylight+pyxel_platformer+pyxel_snake__r01,,,1,2315718514598189427,20,60,1,20,windows-rtx4060,0,0,grid_2x2,true,82,1f4e3f3ce1069ad1b142225e539ac838483cf248849a3ee4b2d0608dd6f525bd,71ed4d4e65751a5957c2b1b7954da195b59eb885,data/raw/formal-v1/formal-v1__colocation__daylight+pyxel_platformer+pyxel_snake__r01,"{""daylight"":""games/pyxel/apps-src/30SecondsOfDaylight/src/main.py"",""pyxel_platformer"":""games/pyxel/10_platformer.py"",""pyxel_snake"":""games/pyxel/07_snake.py""}","{""daylight"":""21a365375249e9d7ea05e78dcfe040f09cc1f0c66bd410bae084190c743a028f"",""pyxel_platformer"":""1b2c75b49dc9ab0254fb4b724682a4787868814a38d2f08920720dc5b6007ac5"",""pyxel_snake"":""bc533fef92d1d358e570f69d979919fe5c1cd8c4da49841104b49a1e661a5ac3""}",42f071927d2bc83f4ad415ca092443128ecde5dab97a6023a544d972f3267688
1,312,formal-v1__profile__pyxel_snake__cpu_compute__p075__r01,formal-v1,profile,not_applicable,pressure_profile,"[""pyxel_snake""]",pyxel_snake,[],,,cpu_compute,0.75,1,11125643496581567022,20,60,1,20,windows-rtx4060,0,0,grid_2x2,true,82,1f4e3f3ce1069ad1b142225e539ac838483cf248849a3ee4b2d0608dd6f525bd,71ed4d4e65751a5957c2b1b7954da195b59eb885,data/raw/formal-v1/formal-v1__profile__pyxel_snake__cpu_compute__p075__r01,"{""pyxel_snake"":""games/pyxel/07_snake.py""}","{""pyxel_snake"":""bc533fef92d1d358e570f69d979919fe5c1cd8c4da49841104b49a1e661a5ac3""}",4cd616325edd1c78fcf3095a5da5d1bd509e595d8a1b4d4406afb9aca0c3d603
1,313,formal-v1__profile__pyxel_bubbles__cpu_compute__p025__r03,formal-v1,profile,not_applicable,pressure_profile,"[""pyxel_bubbles""]",pyxel_bubbles,[],,,cpu_compute,0.25,3,5249474895140404782,20,60,1,20,windows-rtx4060,0,0,grid_2x2,true,82,1f4e3f3ce1069ad1b142225e539ac838483cf248849a3ee4b2d0608dd6f525bd,71ed4d4e65751a5957c2b1b7954da195b59eb885,data/raw/formal-v1/formal-v1__profile__pyxel_bubbles__cpu_compute__p025__r03,"{""pyxel_bubbles"":""games/pyxel/06_click_game.py""}","{""pyxel_bubbles"":""54c101e90bdaed839ac4c4284494530d5df37a5819a35f1e41eebb0b3da5d900""}",aacdac33fd2438bb1ec52ff1af9f0ea50571f355f6a8355aa047eb1a5c356663
1,314,formal-v1__colocation__daylight+pyxel_bubbles+pyxel_jump__r03,formal-v1,colocation-main,test,colocation,"[""daylight"",""pyxel_bubbles"",""pyxel_jump""]",daylight,"[""pyxel_bubbles"",""pyxel_jump""]",daylight+pyxel_bubbles+pyxel_jump,daylight+pyxel_bubbles+pyxel_jump__r03,,,3,16335151718453586146,20,60,1,20,windows-rtx4060,0,0,grid_2x2,true,82,1f4e3f3ce1069ad1b142225e539ac838483cf248849a3ee4b2d0608dd6f525bd,71ed4d4e65751a5957c2b1b7954da195b59eb885,data/raw/formal-v1/formal-v1__colocation__daylight+pyxel_bubbles+pyxel_jump__r03,"{""daylight"":""games/pyxel/apps-src/30SecondsOfDaylight/src/main.py"",""pyxel_bubbles"":""games/pyxel/06_click_game.py"",""pyxel_jump"":""games/pyxel/02_jump_game.py""}","{""daylight"":""21a365375249e9d7ea05e78dcfe040f09cc1f0c66bd410bae084190c743a028f"",""pyxel_bubbles"":""54c101e90bdaed839ac4c4284494530d5df37a5819a35f1e41eebb0b3da5d900"",""pyxel_jump"":""4743a825f1c9cae7e049ac52115f4ecf83350db546c00745a54af187d7bc2e46""}",b579e78cd97d5162e7458fdff03ac371e1354a8075ba901debc1ebe70a6a9bde
1,315,formal-v1__extra__daylight+pyxel_jump+pyxel_snake+space_rescue__r02,formal-v1,colocation-extra-test,extra_test,extra_test,"[""daylight"",""pyxel_jump"",""pyxel_snake"",""space_rescue""]",daylight,"[""pyxel_jump"",""pyxel_snake"",""space_rescue""]",daylight+pyxel_jump+pyxel_snake+space_rescue,daylight+pyxel_jump+pyxel_snake+space_rescue__r02,,,2,12588195661761314844,20,60,1,20,windows-rtx4060,0,0,grid_2x2,true,82,1f4e3f3ce1069ad1b142225e539ac838483cf248849a3ee4b2d0608dd6f525bd,71ed4d4e65751a5957c2b1b7954da195b59eb885,data/raw/formal-v1/formal-v1__extra__daylight+pyxel_jump+pyxel_snake+space_rescue__r02,"{""daylight"":""games/pyxel/apps-src/30SecondsOfDaylight/src/main.py"",""pyxel_jump"":""games/pyxel/02_jump_game.py"",""pyxel_snake"":""games/pyxel/07_snake.py"",""space_rescue"":""games/pyxel/apps-src/space_rescue/space_rescue.py""}","{""daylight"":""21a365375249e9d7ea05e78dcfe040f09cc1f0c66bd410bae084190c743a028f"",""pyxel_jump"":""4743a825f1c9cae7e049ac52115f4ecf83350db546c00745a54af187d7bc2e46"",""pyxel_snake"":""bc533fef92d1d358e570f69d979919fe5c1cd8c4da49841104b49a1e661a5ac3"",""space_rescue"":""f3b0ab6784ae558e64f06a3f0a704e53f107a130aa3d43357659d0850131e461""}",470f9dceb2b68a886428f7dc39c932f6af660e7a0b721e95c071c385ce6fe118
1,316,formal-v1__solo__space_rescue__r02,formal-v1,solo,not_applicable,solo,"[""space_rescue""]",space_rescue,[],,,,,2,17469599324371223650,20,60,1,20,windows-rtx4060,0,0,grid_2x2,true,82,1f4e3f3ce1069ad1b142225e539ac838483cf248849a3ee4b2d0608dd6f525bd,71ed4d4e65751a5957c2b1b7954da195b59eb885,data/raw/formal-v1/formal-v1__solo__space_rescue__r02,"{""space_rescue"":""games/pyxel/apps-src/space_rescue/space_rescue.py""}","{""space_rescue"":""f3b0ab6784ae558e64f06a3f0a704e53f107a130aa3d43357659d0850131e461""}",4779da09f8fd1de61149445faca52dcdeb98a67cd5550f1c5e1e334876c6dd8f
1,317,formal-v1__colocation__daylight+mega_wing+pyxel_snake__r03,formal-v1,colocation-main,train,colocation,"[""daylight"",""mega_wing"",""pyxel_snake""]",daylight,"[""mega_wing"",""pyxel_snake""]",daylight+mega_wing+pyxel_snake,daylight+mega_wing+pyxel_snake__r03,,,3,12724699600798452488,20,60,1,20,windows-rtx4060,0,0,grid_2x2,true,82,1f4e3f3ce1069ad1b142225e539ac838483cf248849a3ee4b2d0608dd6f525bd,71ed4d4e65751a5957c2b1b7954da195b59eb885,data/raw/formal-v1/formal-v1__colocation__daylight+mega_wing+pyxel_snake__r03,"{""daylight"":""games/pyxel/apps-src/30SecondsOfDaylight/src/main.py"",""mega_wing"":""games/pyxel/apps-src/mega_wing/mega_wing.py"",""pyxel_snake"":""games/pyxel/07_snake.py""}","{""daylight"":""21a365375249e9d7ea05e78dcfe040f09cc1f0c66bd410bae084190c743a028f"",""mega_wing"":""86bad6c02a303806c58137503739241dc6b1e86695f7c0dbf672b5e1a1464e9f"",""pyxel_snake"":""bc533fef92d1d358e570f69d979919fe5c1cd8c4da49841104b49a1e661a5ac3""}",af84e0785512e21d01bec5c53bae9d6510d3059330662e12a657273a84a132d3
1,318,formal-v1__profile__pyxel_shooter__memory_bandwidth__p025__r01,formal-v1,profile,not_applicable,pressure_profile,"[""pyxel_shooter""]",pyxel_shooter,[],,,memory_bandwidth,0.25,1,331279448625326691,20,60,1,20,windows-rtx4060,0,0,grid_2x2,true,82,1f4e3f3ce1069ad1b142225e539ac838483cf248849a3ee4b2d0608dd6f525bd,71ed4d4e65751a5957c2b1b7954da195b59eb885,data/raw/formal-v1/formal-v1__profile__pyxel_shooter__memory_bandwidth__p025__r01,"{""pyxel_shooter"":""games/pyxel/09_shooter.py""}","{""pyxel_shooter"":""0f53e4156907eac41080a8f289e22c89365b3239517c754cf59a51af201d5563""}",aea5b45792559df3dd9e0b5d568a142cbf79ceda1c50b8b8718fbf843919dffa
1,319,formal-v1__colocation__pyxel_bubbles+pyxel_snake+space_rescue__r01,formal-v1,colocation-main,train,colocation,"[""pyxel_bubbles"",""pyxel_snake"",""space_rescue""]",pyxel_bubbles,"[""pyxel_snake"",""space_rescue""]",pyxel_bubbles+pyxel_snake+space_rescue,pyxel_bubbles+pyxel_snake+space_rescue__r01,,,1,10895786778204655259,20,60,1,20,windows-rtx4060,0,0,grid_2x2,true,82,1f4e3f3ce1069ad1b142225e539ac838483cf248849a3ee4b2d0608dd6f525bd,71ed4d4e65751a5957c2b1b7954da195b59eb885,data/raw/formal-v1/formal-v1__colocation__pyxel_bubbles+pyxel_snake+space_rescue__r01,"{""pyxel_bubbles"":""games/pyxel/06_click_game.py"",""pyxel_snake"":""games/pyxel/07_snake.py"",""space_rescue"":""games/pyxel/apps-src/space_rescue/space_rescue.py""}","{""pyxel_bubbles"":""54c101e90bdaed839ac4c4284494530d5df37a5819a35f1e41eebb0b3da5d900"",""pyxel_snake"":""bc533fef92d1d358e570f69d979919fe5c1cd8c4da49841104b49a1e661a5ac3"",""space_rescue"":""f3b0ab6784ae558e64f06a3f0a704e53f107a130aa3d43357659d0850131e461""}",80b665901b750103a3ba2fb16864e5a443394a50f0781db13f0f9972a56b4da4
1,320,formal-v1__extra__pyxel_bubbles+pyxel_jump+pyxel_shooter+pyxel_snake__r02,formal-v1,colocation-extra-test,extra_test,extra_test,"[""pyxel_bubbles"",""pyxel_jump"",""pyxel_shooter"",""pyxel_snake""]",pyxel_bubbles,"[""pyxel_jump"",""pyxel_shooter"",""pyxel_snake""]",pyxel_bubbles+pyxel_jump+pyxel_shooter+pyxel_snake,pyxel_bubbles+pyxel_jump+pyxel_shooter+pyxel_snake__r02,,,2,9400649919561552429,20,60,1,20,windows-rtx4060,0,0,grid_2x2,true,82,1f4e3f3ce1069ad1b142225e539ac838483cf248849a3ee4b2d0608dd6f525bd,71ed4d4e65751a5957c2b1b7954da195b59eb885,data/raw/formal-v1/formal-v1__extra__pyxel_bubbles+pyxel_jump+pyxel_shooter+pyxel_snake__r02,"{""pyxel_bubbles"":""games/pyxel/06_click_game.py"",""pyxel_jump"":""games/pyxel/02_jump_game.py"",""pyxel_shooter"":""games/pyxel/09_shooter.py"",""pyxel_snake"":""games/pyxel/07_snake.py""}","{""pyxel_bubbles"":""54c101e90bdaed839ac4c4284494530d5df37a5819a35f1e41eebb0b3da5d900"",""pyxel_jump"":""4743a825f1c9cae7e049ac52115f4ecf83350db546c00745a54af187d7bc2e46"",""pyxel_shooter"":""0f53e4156907eac41080a8f289e22c89365b3239517c754cf59a51af201d5563"",""pyxel_snake"":""bc533fef92d1d358e570f69d979919fe5c1cd8c4da49841104b49a1e661a5ac3""}",294dccae072f041cd70de81442aacc0dafc5690ac48d6871d7abf3161ffaebb0
1,321,formal-v1__profile__daylight__gpu_memory__p075__r02,formal-v1,profile,not_applicable,pressure_profile,"[""daylight""]",daylight,[],,,gpu_memory,0.75,2,9872237876990188323,20,60,1,20,windows-rtx4060,0,0,grid_2x2,true,82,1f4e3f3ce1069ad1b142225e539ac838483cf248849a3ee4b2d0608dd6f525bd,71ed4d4e65751a5957c2b1b7954da195b59eb885,data/raw/formal-v1/formal-v1__profile__daylight__gpu_memory__p075__r02,"{""daylight"":""games/pyxel/apps-src/30SecondsOfDaylight/src/main.py""}","{""daylight"":""21a365375249e9d7ea05e78dcfe040f09cc1f0c66bd410bae084190c743a028f""}",413f354db866df3d666e2c61ec0e5a8df95394485e7e0f468a1cd1d2c27cab0a
1,322,formal-v1__profile__pyxel_platformer__gpu_memory__p000__r01,formal-v1,profile,not_applicable,pressure_profile,"[""pyxel_platformer""]",pyxel_platformer,[],,,gpu_memory,0,1,2237861801506633355,20,60,1,20,windows-rtx4060,0,0,grid_2x2,true,82,1f4e3f3ce1069ad1b142225e539ac838483cf248849a3ee4b2d0608dd6f525bd,71ed4d4e65751a5957c2b1b7954da195b59eb885,data/raw/formal-v1/formal-v1__profile__pyxel_platformer__gpu_memory__p000__r01,"{""pyxel_platformer"":""games/pyxel/10_platformer.py""}","{""pyxel_platformer"":""1b2c75b49dc9ab0254fb4b724682a4787868814a38d2f08920720dc5b6007ac5""}",437f8e79a669d2e9676c22df77977f058e994c1f4c1dea7a2f7d5238228c5392
1,323,formal-v1__profile__pyxel_bubbles__memory_bandwidth__p050__r03,formal-v1,profile,not_applicable,pressure_profile,"[""pyxel_bubbles""]",pyxel_bubbles,[],,,memory_bandwidth,0.5,3,16891115033186532152,20,60,1,20,windows-rtx4060,0,0,grid_2x2,true,82,1f4e3f3ce1069ad1b142225e539ac838483cf248849a3ee4b2d0608dd6f525bd,71ed4d4e65751a5957c2b1b7954da195b59eb885,data/raw/formal-v1/formal-v1__profile__pyxel_bubbles__memory_bandwidth__p050__r03,"{""pyxel_bubbles"":""games/pyxel/06_click_game.py""}","{""pyxel_bubbles"":""54c101e90bdaed839ac4c4284494530d5df37a5819a35f1e41eebb0b3da5d900""}",df7ac5f49e40bebde93d38dfbe845b2e919558762e56f83d96680a47d0a902cb
1,324,formal-v1__profile__space_rescue__gpu_memory__p025__r03,formal-v1,profile,not_applicable,pressure_profile,"[""space_rescue""]",space_rescue,[],,,gpu_memory,0.25,3,11900251279031478821,20,60,1,20,windows-rtx4060,0,0,grid_2x2,true,82,1f4e3f3ce1069ad1b142225e539ac838483cf248849a3ee4b2d0608dd6f525bd,71ed4d4e65751a5957c2b1b7954da195b59eb885,data/raw/formal-v1/formal-v1__profile__space_rescue__gpu_memory__p025__r03,"{""space_rescue"":""games/pyxel/apps-src/space_rescue/space_rescue.py""}","{""space_rescue"":""f3b0ab6784ae558e64f06a3f0a704e53f107a130aa3d43357659d0850131e461""}",cc964442467d4f7f01657d8503082cc3c82b5a192bfb0086fd88fee6377fadcd
1,325,formal-v1__profile__daylight__cpu_compute__p100__r03,formal-v1,profile,not_applicable,pressure_profile,"[""daylight""]",daylight,[],,,cpu_compute,1,3,1211454383313536692,20,60,1,20,windows-rtx4060,0,0,grid_2x2,true,82,1f4e3f3ce1069ad1b142225e539ac838483cf248849a3ee4b2d0608dd6f525bd,71ed4d4e65751a5957c2b1b7954da195b59eb885,data/raw/formal-v1/formal-v1__profile__daylight__cpu_compute__p100__r03,"{""daylight"":""games/pyxel/apps-src/30SecondsOfDaylight/src/main.py""}","{""daylight"":""21a365375249e9d7ea05e78dcfe040f09cc1f0c66bd410bae084190c743a028f""}",e12d2c0fb2b4b8d1cc007fbfd771c9865fddace8feb534f9089e84f943bd2ddd
1,326,formal-v1__profile__daylight__gpu_memory__p075__r01,formal-v1,profile,not_applicable,pressure_profile,"[""daylight""]",daylight,[],,,gpu_memory,0.75,1,4643342925384869322,20,60,1,20,windows-rtx4060,0,0,grid_2x2,true,82,1f4e3f3ce1069ad1b142225e539ac838483cf248849a3ee4b2d0608dd6f525bd,71ed4d4e65751a5957c2b1b7954da195b59eb885,data/raw/formal-v1/formal-v1__profile__daylight__gpu_memory__p075__r01,"{""daylight"":""games/pyxel/apps-src/30SecondsOfDaylight/src/main.py""}","{""daylight"":""21a365375249e9d7ea05e78dcfe040f09cc1f0c66bd410bae084190c743a028f""}",94852cb8ead61b4f728dae946ec1dd3199d48b6731266b6d99f313309d1ab36f
1,327,formal-v1__colocation__daylight+pyxel_platformer+pyxel_snake__r02,formal-v1,colocation-main,validation,colocation,"[""daylight"",""pyxel_platformer"",""pyxel_snake""]",daylight,"[""pyxel_platformer"",""pyxel_snake""]",daylight+pyxel_platformer+pyxel_snake,daylight+pyxel_platformer+pyxel_snake__r02,,,2,13348702882007050725,20,60,1,20,windows-rtx4060,0,0,grid_2x2,true,82,1f4e3f3ce1069ad1b142225e539ac838483cf248849a3ee4b2d0608dd6f525bd,71ed4d4e65751a5957c2b1b7954da195b59eb885,data/raw/formal-v1/formal-v1__colocation__daylight+pyxel_platformer+pyxel_snake__r02,"{""daylight"":""games/pyxel/apps-src/30SecondsOfDaylight/src/main.py"",""pyxel_platformer"":""games/pyxel/10_platformer.py"",""pyxel_snake"":""games/pyxel/07_snake.py""}","{""daylight"":""21a365375249e9d7ea05e78dcfe040f09cc1f0c66bd410bae084190c743a028f"",""pyxel_platformer"":""1b2c75b49dc9ab0254fb4b724682a4787868814a38d2f08920720dc5b6007ac5"",""pyxel_snake"":""bc533fef92d1d358e570f69d979919fe5c1cd8c4da49841104b49a1e661a5ac3""}",e02ee13b26e2148120060ac8d202477f67bba49621e4f7a25d99cdbf25524b7f
1,328,formal-v1__profile__pyxel_platformer__gpu_memory__p100__r01,formal-v1,profile,not_applicable,pressure_profile,"[""pyxel_platformer""]",pyxel_platformer,[],,,gpu_memory,1,1,17805035605180021847,20,60,1,20,windows-rtx4060,0,0,grid_2x2,true,82,1f4e3f3ce1069ad1b142225e539ac838483cf248849a3ee4b2d0608dd6f525bd,71ed4d4e65751a5957c2b1b7954da195b59eb885,data/raw/formal-v1/formal-v1__profile__pyxel_platformer__gpu_memory__p100__r01,"{""pyxel_platformer"":""games/pyxel/10_platformer.py""}","{""pyxel_platformer"":""1b2c75b49dc9ab0254fb4b724682a4787868814a38d2f08920720dc5b6007ac5""}",a8439c6a5ec4d4fdedfc5ee41d445066e7cf3949ebfc78ee15f09e5754559643
1,329,formal-v1__profile__pyxel_shooter__gpu_memory__p050__r02,formal-v1,profile,not_applicable,pressure_profile,"[""pyxel_shooter""]",pyxel_shooter,[],,,gpu_memory,0.5,2,3629365574515664625,20,60,1,20,windows-rtx4060,0,0,grid_2x2,true,82,1f4e3f3ce1069ad1b142225e539ac838483cf248849a3ee4b2d0608dd6f525bd,71ed4d4e65751a5957c2b1b7954da195b59eb885,data/raw/formal-v1/formal-v1__profile__pyxel_shooter__gpu_memory__p050__r02,"{""pyxel_shooter"":""games/pyxel/09_shooter.py""}","{""pyxel_shooter"":""0f53e4156907eac41080a8f289e22c89365b3239517c754cf59a51af201d5563""}",6cbf60075f7447ec0f62d752a8c6d86ea90fa9765524e13d6a0fbad8e573be08
1,330,formal-v1__colocation__mega_wing+pyxel_bubbles+pyxel_shooter__r01,formal-v1,colocation-main,train,colocation,"[""mega_wing"",""pyxel_bubbles"",""pyxel_shooter""]",mega_wing,"[""pyxel_bubbles"",""pyxel_shooter""]",mega_wing+pyxel_bubbles+pyxel_shooter,mega_wing+pyxel_bubbles+pyxel_shooter__r01,,,1,13660992632416912501,20,60,1,20,windows-rtx4060,0,0,grid_2x2,true,82,1f4e3f3ce1069ad1b142225e539ac838483cf248849a3ee4b2d0608dd6f525bd,71ed4d4e65751a5957c2b1b7954da195b59eb885,data/raw/formal-v1/formal-v1__colocation__mega_wing+pyxel_bubbles+pyxel_shooter__r01,"{""mega_wing"":""games/pyxel/apps-src/mega_wing/mega_wing.py"",""pyxel_bubbles"":""games/pyxel/06_click_game.py"",""pyxel_shooter"":""games/pyxel/09_shooter.py""}","{""mega_wing"":""86bad6c02a303806c58137503739241dc6b1e86695f7c0dbf672b5e1a1464e9f"",""pyxel_bubbles"":""54c101e90bdaed839ac4c4284494530d5df37a5819a35f1e41eebb0b3da5d900"",""pyxel_shooter"":""0f53e4156907eac41080a8f289e22c89365b3239517c754cf59a51af201d5563""}",154fee5474c030018352988a04f34f6f1ab285efe2957b20bac8ecc26772b5db
1,331,formal-v1__extra__mega_wing+pyxel_shooter+pyxel_snake+space_rescue__r03,formal-v1,colocation-extra-test,extra_test,extra_test,"[""mega_wing"",""pyxel_shooter"",""pyxel_snake"",""space_rescue""]",mega_wing,"[""pyxel_shooter"",""pyxel_snake"",""space_rescue""]",mega_wing+pyxel_shooter+pyxel_snake+space_rescue,mega_wing+pyxel_shooter+pyxel_snake+space_rescue__r03,,,3,17426353318728662774,20,60,1,20,windows-rtx4060,0,0,grid_2x2,true,82,1f4e3f3ce1069ad1b142225e539ac838483cf248849a3ee4b2d0608dd6f525bd,71ed4d4e65751a5957c2b1b7954da195b59eb885,data/raw/formal-v1/formal-v1__extra__mega_wing+pyxel_shooter+pyxel_snake+space_rescue__r03,"{""mega_wing"":""games/pyxel/apps-src/mega_wing/mega_wing.py"",""pyxel_shooter"":""games/pyxel/09_shooter.py"",""pyxel_snake"":""games/pyxel/07_snake.py"",""space_rescue"":""games/pyxel/apps-src/space_rescue/space_rescue.py""}","{""mega_wing"":""86bad6c02a303806c58137503739241dc6b1e86695f7c0dbf672b5e1a1464e9f"",""pyxel_shooter"":""0f53e4156907eac41080a8f289e22c89365b3239517c754cf59a51af201d5563"",""pyxel_snake"":""bc533fef92d1d358e570f69d979919fe5c1cd8c4da49841104b49a1e661a5ac3"",""space_rescue"":""f3b0ab6784ae558e64f06a3f0a704e53f107a130aa3d43357659d0850131e461""}",1b0ef2d36410a9a01e12eea35aa14dab93523b79fa87a0c9f39556a2b0149bca
1,332,formal-v1__profile__pyxel_shooter__gpu_compute__p075__r01,formal-v1,profile,not_applicable,pressure_profile,"[""pyxel_shooter""]",pyxel_shooter,[],,,gpu_compute,0.75,1,6732974421733216668,20,60,1,20,windows-rtx4060,0,0,grid_2x2,true,82,1f4e3f3ce1069ad1b142225e539ac838483cf248849a3ee4b2d0608dd6f525bd,71ed4d4e65751a5957c2b1b7954da195b59eb885,data/raw/formal-v1/formal-v1__profile__pyxel_shooter__gpu_compute__p075__r01,"{""pyxel_shooter"":""games/pyxel/09_shooter.py""}","{""pyxel_shooter"":""0f53e4156907eac41080a8f289e22c89365b3239517c754cf59a51af201d5563""}",738fde552a0339c9054e217a6243a5494b48a4a44cee5f91918391a3d4bca8ab
1,333,formal-v1__profile__pyxel_shooter__memory_bandwidth__p075__r01,formal-v1,profile,not_applicable,pressure_profile,"[""pyxel_shooter""]",pyxel_shooter,[],,,memory_bandwidth,0.75,1,14253990244335660581,20,60,1,20,windows-rtx4060,0,0,grid_2x2,true,82,1f4e3f3ce1069ad1b142225e539ac838483cf248849a3ee4b2d0608dd6f525bd,71ed4d4e65751a5957c2b1b7954da195b59eb885,data/raw/formal-v1/formal-v1__profile__pyxel_shooter__memory_bandwidth__p075__r01,"{""pyxel_shooter"":""games/pyxel/09_shooter.py""}","{""pyxel_shooter"":""0f53e4156907eac41080a8f289e22c89365b3239517c754cf59a51af201d5563""}",acfc17eef7f790a8b51d3e78130a08d84115474cdf07c37f20acf4ef0f43897a
1,334,formal-v1__profile__space_rescue__gpu_compute__p075__r02,formal-v1,profile,not_applicable,pressure_profile,"[""space_rescue""]",space_rescue,[],,,gpu_compute,0.75,2,11480756502642916406,20,60,1,20,windows-rtx4060,0,0,grid_2x2,true,82,1f4e3f3ce1069ad1b142225e539ac838483cf248849a3ee4b2d0608dd6f525bd,71ed4d4e65751a5957c2b1b7954da195b59eb885,data/raw/formal-v1/formal-v1__profile__space_rescue__gpu_compute__p075__r02,"{""space_rescue"":""games/pyxel/apps-src/space_rescue/space_rescue.py""}","{""space_rescue"":""f3b0ab6784ae558e64f06a3f0a704e53f107a130aa3d43357659d0850131e461""}",8141f2c9a282f4a2d14b3c388b481af1512c2e634d6239e1168159ecbfdd132d
1,335,formal-v1__colocation__mega_wing+pyxel_shooter__r03,formal-v1,colocation-main,train,colocation,"[""mega_wing"",""pyxel_shooter""]",mega_wing,"[""pyxel_shooter""]",mega_wing+pyxel_shooter,mega_wing+pyxel_shooter__r03,,,3,6293622523290271236,20,60,1,20,windows-rtx4060,0,0,grid_2x2,true,82,1f4e3f3ce1069ad1b142225e539ac838483cf248849a3ee4b2d0608dd6f525bd,71ed4d4e65751a5957c2b1b7954da195b59eb885,data/raw/formal-v1/formal-v1__colocation__mega_wing+pyxel_shooter__r03,"{""mega_wing"":""games/pyxel/apps-src/mega_wing/mega_wing.py"",""pyxel_shooter"":""games/pyxel/09_shooter.py""}","{""mega_wing"":""86bad6c02a303806c58137503739241dc6b1e86695f7c0dbf672b5e1a1464e9f"",""pyxel_shooter"":""0f53e4156907eac41080a8f289e22c89365b3239517c754cf59a51af201d5563""}",8c86725c5fc7355f89299b2e545158a8e5bb9bede0e02356f20bcccda26101d1
1,336,formal-v1__profile__space_rescue__cpu_compute__p000__r02,formal-v1,profile,not_applicable,pressure_profile,"[""space_rescue""]",space_rescue,[],,,cpu_compute,0,2,8334408791872488841,20,60,1,20,windows-rtx4060,0,0,grid_2x2,true,82,1f4e3f3ce1069ad1b142225e539ac838483cf248849a3ee4b2d0608dd6f525bd,71ed4d4e65751a5957c2b1b7954da195b59eb885,data/raw/formal-v1/formal-v1__profile__space_rescue__cpu_compute__p000__r02,"{""space_rescue"":""games/pyxel/apps-src/space_rescue/space_rescue.py""}","{""space_rescue"":""f3b0ab6784ae558e64f06a3f0a704e53f107a130aa3d43357659d0850131e461""}",9afdf4844381e90f477b2ef1ef58502fc871b731403c8bd3ae204069511c0ff6
1,337,formal-v1__profile__pyxel_platformer__cpu_compute__p025__r03,formal-v1,profile,not_applicable,pressure_profile,"[""pyxel_platformer""]",pyxel_platformer,[],,,cpu_compute,0.25,3,10993037683309115422,20,60,1,20,windows-rtx4060,0,0,grid_2x2,true,82,1f4e3f3ce1069ad1b142225e539ac838483cf248849a3ee4b2d0608dd6f525bd,71ed4d4e65751a5957c2b1b7954da195b59eb885,data/raw/formal-v1/formal-v1__profile__pyxel_platformer__cpu_compute__p025__r03,"{""pyxel_platformer"":""games/pyxel/10_platformer.py""}","{""pyxel_platformer"":""1b2c75b49dc9ab0254fb4b724682a4787868814a38d2f08920720dc5b6007ac5""}",0cd18e732751c1315ccc2af7334b66551eebad374a519da8d98040cfde94cd00
1,338,formal-v1__colocation__pyxel_platformer+pyxel_snake__r02,formal-v1,colocation-main,test,colocation,"[""pyxel_platformer"",""pyxel_snake""]",pyxel_platformer,"[""pyxel_snake""]",pyxel_platformer+pyxel_snake,pyxel_platformer+pyxel_snake__r02,,,2,7514933475297872201,20,60,1,20,windows-rtx4060,0,0,grid_2x2,true,82,1f4e3f3ce1069ad1b142225e539ac838483cf248849a3ee4b2d0608dd6f525bd,71ed4d4e65751a5957c2b1b7954da195b59eb885,data/raw/formal-v1/formal-v1__colocation__pyxel_platformer+pyxel_snake__r02,"{""pyxel_platformer"":""games/pyxel/10_platformer.py"",""pyxel_snake"":""games/pyxel/07_snake.py""}","{""pyxel_platformer"":""1b2c75b49dc9ab0254fb4b724682a4787868814a38d2f08920720dc5b6007ac5"",""pyxel_snake"":""bc533fef92d1d358e570f69d979919fe5c1cd8c4da49841104b49a1e661a5ac3""}",b89d956e4598961633eccfb61fb940c8e7262075290e548381db75081e1d1896
1,339,formal-v1__profile__daylight__gpu_compute__p075__r03,formal-v1,profile,not_applicable,pressure_profile,"[""daylight""]",daylight,[],,,gpu_compute,0.75,3,3167506021340663818,20,60,1,20,windows-rtx4060,0,0,grid_2x2,true,82,1f4e3f3ce1069ad1b142225e539ac838483cf248849a3ee4b2d0608dd6f525bd,71ed4d4e65751a5957c2b1b7954da195b59eb885,data/raw/formal-v1/formal-v1__profile__daylight__gpu_compute__p075__r03,"{""daylight"":""games/pyxel/apps-src/30SecondsOfDaylight/src/main.py""}","{""daylight"":""21a365375249e9d7ea05e78dcfe040f09cc1f0c66bd410bae084190c743a028f""}",6848970f883c6b69dbe0801961e49bdf59b99a3af2357816769820e10ac1139b
1,340,formal-v1__profile__mega_wing__gpu_compute__p000__r03,formal-v1,profile,not_applicable,pressure_profile,"[""mega_wing""]",mega_wing,[],,,gpu_compute,0,3,11336000559053576937,20,60,1,20,windows-rtx4060,0,0,grid_2x2,true,82,1f4e3f3ce1069ad1b142225e539ac838483cf248849a3ee4b2d0608dd6f525bd,71ed4d4e65751a5957c2b1b7954da195b59eb885,data/raw/formal-v1/formal-v1__profile__mega_wing__gpu_compute__p000__r03,"{""mega_wing"":""games/pyxel/apps-src/mega_wing/mega_wing.py""}","{""mega_wing"":""86bad6c02a303806c58137503739241dc6b1e86695f7c0dbf672b5e1a1464e9f""}",5ebf568ee8221ac2ac12e2abc9f033d35c414dcf38b7750276cd87fa8141455d
1,341,formal-v1__profile__pyxel_platformer__gpu_compute__p000__r03,formal-v1,profile,not_applicable,pressure_profile,"[""pyxel_platformer""]",pyxel_platformer,[],,,gpu_compute,0,3,8761439065193958811,20,60,1,20,windows-rtx4060,0,0,grid_2x2,true,82,1f4e3f3ce1069ad1b142225e539ac838483cf248849a3ee4b2d0608dd6f525bd,71ed4d4e65751a5957c2b1b7954da195b59eb885,data/raw/formal-v1/formal-v1__profile__pyxel_platformer__gpu_compute__p000__r03,"{""pyxel_platformer"":""games/pyxel/10_platformer.py""}","{""pyxel_platformer"":""1b2c75b49dc9ab0254fb4b724682a4787868814a38d2f08920720dc5b6007ac5""}",d5ea91878c9cc25a93e29d2f8d2780a75d6b0a972c860bbe87437bc83e43d18a
1,342,formal-v1__profile__pyxel_platformer__gpu_compute__p050__r01,formal-v1,profile,not_applicable,pressure_profile,"[""pyxel_platformer""]",pyxel_platformer,[],,,gpu_compute,0.5,1,13172174301205081987,20,60,1,20,windows-rtx4060,0,0,grid_2x2,true,82,1f4e3f3ce1069ad1b142225e539ac838483cf248849a3ee4b2d0608dd6f525bd,71ed4d4e65751a5957c2b1b7954da195b59eb885,data/raw/formal-v1/formal-v1__profile__pyxel_platformer__gpu_compute__p050__r01,"{""pyxel_platformer"":""games/pyxel/10_platformer.py""}","{""pyxel_platformer"":""1b2c75b49dc9ab0254fb4b724682a4787868814a38d2f08920720dc5b6007ac5""}",ef2c3816a03c4d996271ab049b1b1d7fa4ab03ddf355e124c0529c297d5e7e77
1,343,formal-v1__profile__space_rescue__gpu_memory__p100__r01,formal-v1,profile,not_applicable,pressure_profile,"[""space_rescue""]",space_rescue,[],,,gpu_memory,1,1,13172641782876040840,20,60,1,20,windows-rtx4060,0,0,grid_2x2,true,82,1f4e3f3ce1069ad1b142225e539ac838483cf248849a3ee4b2d0608dd6f525bd,71ed4d4e65751a5957c2b1b7954da195b59eb885,data/raw/formal-v1/formal-v1__profile__space_rescue__gpu_memory__p100__r01,"{""space_rescue"":""games/pyxel/apps-src/space_rescue/space_rescue.py""}","{""space_rescue"":""f3b0ab6784ae558e64f06a3f0a704e53f107a130aa3d43357659d0850131e461""}",5a8bd01bd894127dec35899b6679ff14af39a9624d1d042be17ea2d4beb26076
1,344,formal-v1__profile__space_rescue__gpu_memory__p075__r03,formal-v1,profile,not_applicable,pressure_profile,"[""space_rescue""]",space_rescue,[],,,gpu_memory,0.75,3,17536984166523353678,20,60,1,20,windows-rtx4060,0,0,grid_2x2,true,82,1f4e3f3ce1069ad1b142225e539ac838483cf248849a3ee4b2d0608dd6f525bd,71ed4d4e65751a5957c2b1b7954da195b59eb885,data/raw/formal-v1/formal-v1__profile__space_rescue__gpu_memory__p075__r03,"{""space_rescue"":""games/pyxel/apps-src/space_rescue/space_rescue.py""}","{""space_rescue"":""f3b0ab6784ae558e64f06a3f0a704e53f107a130aa3d43357659d0850131e461""}",cdc1a7808ee0c72fce8528e5c7aec9c4bab0db9c362a83cd486fe84445cd8a0d
1,345,formal-v1__colocation__pyxel_platformer+pyxel_shooter__r01,formal-v1,colocation-main,train,colocation,"[""pyxel_platformer"",""pyxel_shooter""]",pyxel_platformer,"[""pyxel_shooter""]",pyxel_platformer+pyxel_shooter,pyxel_platformer+pyxel_shooter__r01,,,1,8933751458129542535,20,60,1,20,windows-rtx4060,0,0,grid_2x2,true,82,1f4e3f3ce1069ad1b142225e539ac838483cf248849a3ee4b2d0608dd6f525bd,71ed4d4e65751a5957c2b1b7954da195b59eb885,data/raw/formal-v1/formal-v1__colocation__pyxel_platformer+pyxel_shooter__r01,"{""pyxel_platformer"":""games/pyxel/10_platformer.py"",""pyxel_shooter"":""games/pyxel/09_shooter.py""}","{""pyxel_platformer"":""1b2c75b49dc9ab0254fb4b724682a4787868814a38d2f08920720dc5b6007ac5"",""pyxel_shooter"":""0f53e4156907eac41080a8f289e22c89365b3239517c754cf59a51af201d5563""}",5099e02c11bb0d5fb43c39c01bc9bcde4c56aadebdcdfb359b2456f884cae188
1,346,formal-v1__profile__pyxel_snake__cpu_compute__p025__r03,formal-v1,profile,not_applicable,pressure_profile,"[""pyxel_snake""]",pyxel_snake,[],,,cpu_compute,0.25,3,2175508777902779970,20,60,1,20,windows-rtx4060,0,0,grid_2x2,true,82,1f4e3f3ce1069ad1b142225e539ac838483cf248849a3ee4b2d0608dd6f525bd,71ed4d4e65751a5957c2b1b7954da195b59eb885,data/raw/formal-v1/formal-v1__profile__pyxel_snake__cpu_compute__p025__r03,"{""pyxel_snake"":""games/pyxel/07_snake.py""}","{""pyxel_snake"":""bc533fef92d1d358e570f69d979919fe5c1cd8c4da49841104b49a1e661a5ac3""}",bfc7d8e2a5a74a1a83d009d4e452e008b86ef69a2f24619189e8ced39602e58f
1,347,formal-v1__profile__pyxel_jump__cpu_compute__p025__r03,formal-v1,profile,not_applicable,pressure_profile,"[""pyxel_jump""]",pyxel_jump,[],,,cpu_compute,0.25,3,13656217511712241659,20,60,1,20,windows-rtx4060,0,0,grid_2x2,true,82,1f4e3f3ce1069ad1b142225e539ac838483cf248849a3ee4b2d0608dd6f525bd,71ed4d4e65751a5957c2b1b7954da195b59eb885,data/raw/formal-v1/formal-v1__profile__pyxel_jump__cpu_compute__p025__r03,"{""pyxel_jump"":""games/pyxel/02_jump_game.py""}","{""pyxel_jump"":""4743a825f1c9cae7e049ac52115f4ecf83350db546c00745a54af187d7bc2e46""}",a904279e1896ef6c058e28d7691506d7124c31455a6677108bf4f68053ce4855
1,348,formal-v1__profile__daylight__gpu_memory__p025__r03,formal-v1,profile,not_applicable,pressure_profile,"[""daylight""]",daylight,[],,,gpu_memory,0.25,3,12781802666410310296,20,60,1,20,windows-rtx4060,0,0,grid_2x2,true,82,1f4e3f3ce1069ad1b142225e539ac838483cf248849a3ee4b2d0608dd6f525bd,71ed4d4e65751a5957c2b1b7954da195b59eb885,data/raw/formal-v1/formal-v1__profile__daylight__gpu_memory__p025__r03,"{""daylight"":""games/pyxel/apps-src/30SecondsOfDaylight/src/main.py""}","{""daylight"":""21a365375249e9d7ea05e78dcfe040f09cc1f0c66bd410bae084190c743a028f""}",6c7cadda33630c90748dff651931fcdb6712033891924a0b40d3e60b78d06c71
1,349,formal-v1__profile__daylight__memory_bandwidth__p000__r03,formal-v1,profile,not_applicable,pressure_profile,"[""daylight""]",daylight,[],,,memory_bandwidth,0,3,9751722257376424109,20,60,1,20,windows-rtx4060,0,0,grid_2x2,true,82,1f4e3f3ce1069ad1b142225e539ac838483cf248849a3ee4b2d0608dd6f525bd,71ed4d4e65751a5957c2b1b7954da195b59eb885,data/raw/formal-v1/formal-v1__profile__daylight__memory_bandwidth__p000__r03,"{""daylight"":""games/pyxel/apps-src/30SecondsOfDaylight/src/main.py""}","{""daylight"":""21a365375249e9d7ea05e78dcfe040f09cc1f0c66bd410bae084190c743a028f""}",1f27ea4ab7a8de059507f17e6ca3a7cc1c74fb71998a6ab70e2cb7d30961f9ca
1,350,formal-v1__profile__mega_wing__cpu_compute__p050__r01,formal-v1,profile,not_applicable,pressure_profile,"[""mega_wing""]",mega_wing,[],,,cpu_compute,0.5,1,7852355261493721883,20,60,1,20,windows-rtx4060,0,0,grid_2x2,true,82,1f4e3f3ce1069ad1b142225e539ac838483cf248849a3ee4b2d0608dd6f525bd,71ed4d4e65751a5957c2b1b7954da195b59eb885,data/raw/formal-v1/formal-v1__profile__mega_wing__cpu_compute__p050__r01,"{""mega_wing"":""games/pyxel/apps-src/mega_wing/mega_wing.py""}","{""mega_wing"":""86bad6c02a303806c58137503739241dc6b1e86695f7c0dbf672b5e1a1464e9f""}",e178cb494c5b997b41b3c7d27fa12f122616d89d6ca1eb0507caec1bfb0f8c89
1,351,formal-v1__colocation__daylight+pyxel_platformer+pyxel_shooter__r03,formal-v1,colocation-main,validation,colocation,"[""daylight"",""pyxel_platformer"",""pyxel_shooter""]",daylight,"[""pyxel_platformer"",""pyxel_shooter""]",daylight+pyxel_platformer+pyxel_shooter,daylight+pyxel_platformer+pyxel_shooter__r03,,,3,16822868372042291631,20,60,1,20,windows-rtx4060,0,0,grid_2x2,true,82,1f4e3f3ce1069ad1b142225e539ac838483cf248849a3ee4b2d0608dd6f525bd,71ed4d4e65751a5957c2b1b7954da195b59eb885,data/raw/formal-v1/formal-v1__colocation__daylight+pyxel_platformer+pyxel_shooter__r03,"{""daylight"":""games/pyxel/apps-src/30SecondsOfDaylight/src/main.py"",""pyxel_platformer"":""games/pyxel/10_platformer.py"",""pyxel_shooter"":""games/pyxel/09_shooter.py""}","{""daylight"":""21a365375249e9d7ea05e78dcfe040f09cc1f0c66bd410bae084190c743a028f"",""pyxel_platformer"":""1b2c75b49dc9ab0254fb4b724682a4787868814a38d2f08920720dc5b6007ac5"",""pyxel_shooter"":""0f53e4156907eac41080a8f289e22c89365b3239517c754cf59a51af201d5563""}",8c870d9e43c8a39afa5955e942ca621941cf5eacc23c64e51efc0e61f5746f19
1,352,formal-v1__profile__pyxel_bubbles__memory_bandwidth__p000__r01,formal-v1,profile,not_applicable,pressure_profile,"[""pyxel_bubbles""]",pyxel_bubbles,[],,,memory_bandwidth,0,1,8523732049358515730,20,60,1,20,windows-rtx4060,0,0,grid_2x2,true,82,1f4e3f3ce1069ad1b142225e539ac838483cf248849a3ee4b2d0608dd6f525bd,71ed4d4e65751a5957c2b1b7954da195b59eb885,data/raw/formal-v1/formal-v1__profile__pyxel_bubbles__memory_bandwidth__p000__r01,"{""pyxel_bubbles"":""games/pyxel/06_click_game.py""}","{""pyxel_bubbles"":""54c101e90bdaed839ac4c4284494530d5df37a5819a35f1e41eebb0b3da5d900""}",4e5fa77859d044d179fa48742fdc2357a3ea5c0bef947bf73a7a1b15fb5edf40
1,353,formal-v1__profile__pyxel_shooter__gpu_compute__p050__r01,formal-v1,profile,not_applicable,pressure_profile,"[""pyxel_shooter""]",pyxel_shooter,[],,,gpu_compute,0.5,1,6895750260803978302,20,60,1,20,windows-rtx4060,0,0,grid_2x2,true,82,1f4e3f3ce1069ad1b142225e539ac838483cf248849a3ee4b2d0608dd6f525bd,71ed4d4e65751a5957c2b1b7954da195b59eb885,data/raw/formal-v1/formal-v1__profile__pyxel_shooter__gpu_compute__p050__r01,"{""pyxel_shooter"":""games/pyxel/09_shooter.py""}","{""pyxel_shooter"":""0f53e4156907eac41080a8f289e22c89365b3239517c754cf59a51af201d5563""}",4e9e5daf1e4d7f0531297e29cfdac03287fee05f8b7eeb55bc66b6a48fddf446
1,354,formal-v1__profile__mega_wing__cpu_compute__p025__r02,formal-v1,profile,not_applicable,pressure_profile,"[""mega_wing""]",mega_wing,[],,,cpu_compute,0.25,2,3130259094706830718,20,60,1,20,windows-rtx4060,0,0,grid_2x2,true,82,1f4e3f3ce1069ad1b142225e539ac838483cf248849a3ee4b2d0608dd6f525bd,71ed4d4e65751a5957c2b1b7954da195b59eb885,data/raw/formal-v1/formal-v1__profile__mega_wing__cpu_compute__p025__r02,"{""mega_wing"":""games/pyxel/apps-src/mega_wing/mega_wing.py""}","{""mega_wing"":""86bad6c02a303806c58137503739241dc6b1e86695f7c0dbf672b5e1a1464e9f""}",72ef41d374c558105e035b4c0132d0d17cb788f1acce4a8662ae8eef7a8c6f0d
1,355,formal-v1__profile__mega_wing__gpu_memory__p050__r01,formal-v1,profile,not_applicable,pressure_profile,"[""mega_wing""]",mega_wing,[],,,gpu_memory,0.5,1,13357739170159462343,20,60,1,20,windows-rtx4060,0,0,grid_2x2,true,82,1f4e3f3ce1069ad1b142225e539ac838483cf248849a3ee4b2d0608dd6f525bd,71ed4d4e65751a5957c2b1b7954da195b59eb885,data/raw/formal-v1/formal-v1__profile__mega_wing__gpu_memory__p050__r01,"{""mega_wing"":""games/pyxel/apps-src/mega_wing/mega_wing.py""}","{""mega_wing"":""86bad6c02a303806c58137503739241dc6b1e86695f7c0dbf672b5e1a1464e9f""}",a36177b8c2b01650eafed0ca930499708186a2b516d1546864f683fbd4e08c49
1,356,formal-v1__extra__mega_wing+pyxel_bubbles+pyxel_platformer+pyxel_shooter__r03,formal-v1,colocation-extra-test,extra_test,extra_test,"[""mega_wing"",""pyxel_bubbles"",""pyxel_platformer"",""pyxel_shooter""]",mega_wing,"[""pyxel_bubbles"",""pyxel_platformer"",""pyxel_shooter""]",mega_wing+pyxel_bubbles+pyxel_platformer+pyxel_shooter,mega_wing+pyxel_bubbles+pyxel_platformer+pyxel_shooter__r03,,,3,15157778988543986875,20,60,1,20,windows-rtx4060,0,0,grid_2x2,true,82,1f4e3f3ce1069ad1b142225e539ac838483cf248849a3ee4b2d0608dd6f525bd,71ed4d4e65751a5957c2b1b7954da195b59eb885,data/raw/formal-v1/formal-v1__extra__mega_wing+pyxel_bubbles+pyxel_platformer+pyxel_shooter__r03,"{""mega_wing"":""games/pyxel/apps-src/mega_wing/mega_wing.py"",""pyxel_bubbles"":""games/pyxel/06_click_game.py"",""pyxel_platformer"":""games/pyxel/10_platformer.py"",""pyxel_shooter"":""games/pyxel/09_shooter.py""}","{""mega_wing"":""86bad6c02a303806c58137503739241dc6b1e86695f7c0dbf672b5e1a1464e9f"",""pyxel_bubbles"":""54c101e90bdaed839ac4c4284494530d5df37a5819a35f1e41eebb0b3da5d900"",""pyxel_platformer"":""1b2c75b49dc9ab0254fb4b724682a4787868814a38d2f08920720dc5b6007ac5"",""pyxel_shooter"":""0f53e4156907eac41080a8f289e22c89365b3239517c754cf59a51af201d5563""}",40f7efb3b90e3826cc38c5d65eeaa35dd17dd6f8358f7a8a4b53524f543a3e8d
1,357,formal-v1__profile__pyxel_platformer__gpu_memory__p050__r03,formal-v1,profile,not_applicable,pressure_profile,"[""pyxel_platformer""]",pyxel_platformer,[],,,gpu_memory,0.5,3,3778911740303501403,20,60,1,20,windows-rtx4060,0,0,grid_2x2,true,82,1f4e3f3ce1069ad1b142225e539ac838483cf248849a3ee4b2d0608dd6f525bd,71ed4d4e65751a5957c2b1b7954da195b59eb885,data/raw/formal-v1/formal-v1__profile__pyxel_platformer__gpu_memory__p050__r03,"{""pyxel_platformer"":""games/pyxel/10_platformer.py""}","{""pyxel_platformer"":""1b2c75b49dc9ab0254fb4b724682a4787868814a38d2f08920720dc5b6007ac5""}",97ceaa8db4e30e1a616f26a28805a590b9827d2a8482505bdaeed346f70df431
1,358,formal-v1__profile__daylight__memory_bandwidth__p000__r01,formal-v1,profile,not_applicable,pressure_profile,"[""daylight""]",daylight,[],,,memory_bandwidth,0,1,488805906438535503,20,60,1,20,windows-rtx4060,0,0,grid_2x2,true,82,1f4e3f3ce1069ad1b142225e539ac838483cf248849a3ee4b2d0608dd6f525bd,71ed4d4e65751a5957c2b1b7954da195b59eb885,data/raw/formal-v1/formal-v1__profile__daylight__memory_bandwidth__p000__r01,"{""daylight"":""games/pyxel/apps-src/30SecondsOfDaylight/src/main.py""}","{""daylight"":""21a365375249e9d7ea05e78dcfe040f09cc1f0c66bd410bae084190c743a028f""}",5ff0631cd61d325ad8827da7fe289d6e01b6a87c00d59ac12754c5dfaf00da2e
1,359,formal-v1__profile__pyxel_bubbles__gpu_memory__p075__r01,formal-v1,profile,not_applicable,pressure_profile,"[""pyxel_bubbles""]",pyxel_bubbles,[],,,gpu_memory,0.75,1,7646623815991951186,20,60,1,20,windows-rtx4060,0,0,grid_2x2,true,82,1f4e3f3ce1069ad1b142225e539ac838483cf248849a3ee4b2d0608dd6f525bd,71ed4d4e65751a5957c2b1b7954da195b59eb885,data/raw/formal-v1/formal-v1__profile__pyxel_bubbles__gpu_memory__p075__r01,"{""pyxel_bubbles"":""games/pyxel/06_click_game.py""}","{""pyxel_bubbles"":""54c101e90bdaed839ac4c4284494530d5df37a5819a35f1e41eebb0b3da5d900""}",002bed9aa8b0e1886db570f60ad334b3689e9aac810f28174ced12eb8daead57
1,360,formal-v1__extra__daylight+pyxel_bubbles+pyxel_shooter+space_rescue__r01,formal-v1,colocation-extra-test,extra_test,extra_test,"[""daylight"",""pyxel_bubbles"",""pyxel_shooter"",""space_rescue""]",daylight,"[""pyxel_bubbles"",""pyxel_shooter"",""space_rescue""]",daylight+pyxel_bubbles+pyxel_shooter+space_rescue,daylight+pyxel_bubbles+pyxel_shooter+space_rescue__r01,,,1,9290543302165654706,20,60,1,20,windows-rtx4060,0,0,grid_2x2,true,82,1f4e3f3ce1069ad1b142225e539ac838483cf248849a3ee4b2d0608dd6f525bd,71ed4d4e65751a5957c2b1b7954da195b59eb885,data/raw/formal-v1/formal-v1__extra__daylight+pyxel_bubbles+pyxel_shooter+space_rescue__r01,"{""daylight"":""games/pyxel/apps-src/30SecondsOfDaylight/src/main.py"",""pyxel_bubbles"":""games/pyxel/06_click_game.py"",""pyxel_shooter"":""games/pyxel/09_shooter.py"",""space_rescue"":""games/pyxel/apps-src/space_rescue/space_rescue.py""}","{""daylight"":""21a365375249e9d7ea05e78dcfe040f09cc1f0c66bd410bae084190c743a028f"",""pyxel_bubbles"":""54c101e90bdaed839ac4c4284494530d5df37a5819a35f1e41eebb0b3da5d900"",""pyxel_shooter"":""0f53e4156907eac41080a8f289e22c89365b3239517c754cf59a51af201d5563"",""space_rescue"":""f3b0ab6784ae558e64f06a3f0a704e53f107a130aa3d43357659d0850131e461""}",73e657418355f69be7bba6273a24bd4b9a4afa208186994851217169a27b0db0
1,361,formal-v1__colocation__pyxel_shooter+space_rescue__r01,formal-v1,colocation-main,train,colocation,"[""pyxel_shooter"",""space_rescue""]",pyxel_shooter,"[""space_rescue""]",pyxel_shooter+space_rescue,pyxel_shooter+space_rescue__r01,,,1,3409492940256028323,20,60,1,20,windows-rtx4060,0,0,grid_2x2,true,82,1f4e3f3ce1069ad1b142225e539ac838483cf248849a3ee4b2d0608dd6f525bd,71ed4d4e65751a5957c2b1b7954da195b59eb885,data/raw/formal-v1/formal-v1__colocation__pyxel_shooter+space_rescue__r01,"{""pyxel_shooter"":""games/pyxel/09_shooter.py"",""space_rescue"":""games/pyxel/apps-src/space_rescue/space_rescue.py""}","{""pyxel_shooter"":""0f53e4156907eac41080a8f289e22c89365b3239517c754cf59a51af201d5563"",""space_rescue"":""f3b0ab6784ae558e64f06a3f0a704e53f107a130aa3d43357659d0850131e461""}",9f48ef8b2ac3c1a586612bf5613a2cb6788b32596b4ed6dd1be39d81e39ecaac
1,362,formal-v1__profile__pyxel_shooter__gpu_compute__p075__r02,formal-v1,profile,not_applicable,pressure_profile,"[""pyxel_shooter""]",pyxel_shooter,[],,,gpu_compute,0.75,2,15223055980343632781,20,60,1,20,windows-rtx4060,0,0,grid_2x2,true,82,1f4e3f3ce1069ad1b142225e539ac838483cf248849a3ee4b2d0608dd6f525bd,71ed4d4e65751a5957c2b1b7954da195b59eb885,data/raw/formal-v1/formal-v1__profile__pyxel_shooter__gpu_compute__p075__r02,"{""pyxel_shooter"":""games/pyxel/09_shooter.py""}","{""pyxel_shooter"":""0f53e4156907eac41080a8f289e22c89365b3239517c754cf59a51af201d5563""}",00b1825cfbbfd69a25e7f82bc6e23eca42631f23d7ba63422a59a0a14259e4cd
1,363,formal-v1__colocation__pyxel_jump+pyxel_platformer+space_rescue__r01,formal-v1,colocation-main,train,colocation,"[""pyxel_jump"",""pyxel_platformer"",""space_rescue""]",pyxel_jump,"[""pyxel_platformer"",""space_rescue""]",pyxel_jump+pyxel_platformer+space_rescue,pyxel_jump+pyxel_platformer+space_rescue__r01,,,1,15477863439223556564,20,60,1,20,windows-rtx4060,0,0,grid_2x2,true,82,1f4e3f3ce1069ad1b142225e539ac838483cf248849a3ee4b2d0608dd6f525bd,71ed4d4e65751a5957c2b1b7954da195b59eb885,data/raw/formal-v1/formal-v1__colocation__pyxel_jump+pyxel_platformer+space_rescue__r01,"{""pyxel_jump"":""games/pyxel/02_jump_game.py"",""pyxel_platformer"":""games/pyxel/10_platformer.py"",""space_rescue"":""games/pyxel/apps-src/space_rescue/space_rescue.py""}","{""pyxel_jump"":""4743a825f1c9cae7e049ac52115f4ecf83350db546c00745a54af187d7bc2e46"",""pyxel_platformer"":""1b2c75b49dc9ab0254fb4b724682a4787868814a38d2f08920720dc5b6007ac5"",""space_rescue"":""f3b0ab6784ae558e64f06a3f0a704e53f107a130aa3d43357659d0850131e461""}",793d5c911924ec59d4e92a32fa6320fdc434c821e1522e1754416364e4da4fb5
1,364,formal-v1__profile__pyxel_shooter__gpu_compute__p000__r01,formal-v1,profile,not_applicable,pressure_profile,"[""pyxel_shooter""]",pyxel_shooter,[],,,gpu_compute,0,1,3546432122714330070,20,60,1,20,windows-rtx4060,0,0,grid_2x2,true,82,1f4e3f3ce1069ad1b142225e539ac838483cf248849a3ee4b2d0608dd6f525bd,71ed4d4e65751a5957c2b1b7954da195b59eb885,data/raw/formal-v1/formal-v1__profile__pyxel_shooter__gpu_compute__p000__r01,"{""pyxel_shooter"":""games/pyxel/09_shooter.py""}","{""pyxel_shooter"":""0f53e4156907eac41080a8f289e22c89365b3239517c754cf59a51af201d5563""}",ee17c5e0ac5bf33f3db47c02f1d4eae64b23c6677eff752ee12336038e8fe0e1
1,365,formal-v1__profile__pyxel_shooter__gpu_memory__p050__r01,formal-v1,profile,not_applicable,pressure_profile,"[""pyxel_shooter""]",pyxel_shooter,[],,,gpu_memory,0.5,1,4331096482645805544,20,60,1,20,windows-rtx4060,0,0,grid_2x2,true,82,1f4e3f3ce1069ad1b142225e539ac838483cf248849a3ee4b2d0608dd6f525bd,71ed4d4e65751a5957c2b1b7954da195b59eb885,data/raw/formal-v1/formal-v1__profile__pyxel_shooter__gpu_memory__p050__r01,"{""pyxel_shooter"":""games/pyxel/09_shooter.py""}","{""pyxel_shooter"":""0f53e4156907eac41080a8f289e22c89365b3239517c754cf59a51af201d5563""}",a86b6af2813ddc2682160aaac995c4fff3547a938af270cf6834f882ae4861c7
1,366,formal-v1__profile__pyxel_snake__gpu_compute__p025__r01,formal-v1,profile,not_applicable,pressure_profile,"[""pyxel_snake""]",pyxel_snake,[],,,gpu_compute,0.25,1,10330658816690249995,20,60,1,20,windows-rtx4060,0,0,grid_2x2,true,82,1f4e3f3ce1069ad1b142225e539ac838483cf248849a3ee4b2d0608dd6f525bd,71ed4d4e65751a5957c2b1b7954da195b59eb885,data/raw/formal-v1/formal-v1__profile__pyxel_snake__gpu_compute__p025__r01,"{""pyxel_snake"":""games/pyxel/07_snake.py""}","{""pyxel_snake"":""bc533fef92d1d358e570f69d979919fe5c1cd8c4da49841104b49a1e661a5ac3""}",c944be98e1ed6997e6cc424753d8c971008d95213d781bf2cefef91bb8760541
1,367,formal-v1__profile__space_rescue__cpu_compute__p100__r01,formal-v1,profile,not_applicable,pressure_profile,"[""space_rescue""]",space_rescue,[],,,cpu_compute,1,1,4077656982722390021,20,60,1,20,windows-rtx4060,0,0,grid_2x2,true,82,1f4e3f3ce1069ad1b142225e539ac838483cf248849a3ee4b2d0608dd6f525bd,71ed4d4e65751a5957c2b1b7954da195b59eb885,data/raw/formal-v1/formal-v1__profile__space_rescue__cpu_compute__p100__r01,"{""space_rescue"":""games/pyxel/apps-src/space_rescue/space_rescue.py""}","{""space_rescue"":""f3b0ab6784ae558e64f06a3f0a704e53f107a130aa3d43357659d0850131e461""}",28c6cd0b26dacb1fb7bf38addce4ad2764a118068d85cc8938aa204142def3c2
1,368,formal-v1__extra__mega_wing+pyxel_shooter+pyxel_snake+space_rescue__r02,formal-v1,colocation-extra-test,extra_test,extra_test,"[""mega_wing"",""pyxel_shooter"",""pyxel_snake"",""space_rescue""]",mega_wing,"[""pyxel_shooter"",""pyxel_snake"",""space_rescue""]",mega_wing+pyxel_shooter+pyxel_snake+space_rescue,mega_wing+pyxel_shooter+pyxel_snake+space_rescue__r02,,,2,2237034306085882399,20,60,1,20,windows-rtx4060,0,0,grid_2x2,true,82,1f4e3f3ce1069ad1b142225e539ac838483cf248849a3ee4b2d0608dd6f525bd,71ed4d4e65751a5957c2b1b7954da195b59eb885,data/raw/formal-v1/formal-v1__extra__mega_wing+pyxel_shooter+pyxel_snake+space_rescue__r02,"{""mega_wing"":""games/pyxel/apps-src/mega_wing/mega_wing.py"",""pyxel_shooter"":""games/pyxel/09_shooter.py"",""pyxel_snake"":""games/pyxel/07_snake.py"",""space_rescue"":""games/pyxel/apps-src/space_rescue/space_rescue.py""}","{""mega_wing"":""86bad6c02a303806c58137503739241dc6b1e86695f7c0dbf672b5e1a1464e9f"",""pyxel_shooter"":""0f53e4156907eac41080a8f289e22c89365b3239517c754cf59a51af201d5563"",""pyxel_snake"":""bc533fef92d1d358e570f69d979919fe5c1cd8c4da49841104b49a1e661a5ac3"",""space_rescue"":""f3b0ab6784ae558e64f06a3f0a704e53f107a130aa3d43357659d0850131e461""}",81ba4b6f4454d44eaea62e597e532e4a8ce0a26e25389604a5c36b3a5c5601ca
1,369,formal-v1__profile__pyxel_bubbles__gpu_memory__p000__r01,formal-v1,profile,not_applicable,pressure_profile,"[""pyxel_bubbles""]",pyxel_bubbles,[],,,gpu_memory,0,1,1997690255572947330,20,60,1,20,windows-rtx4060,0,0,grid_2x2,true,82,1f4e3f3ce1069ad1b142225e539ac838483cf248849a3ee4b2d0608dd6f525bd,71ed4d4e65751a5957c2b1b7954da195b59eb885,data/raw/formal-v1/formal-v1__profile__pyxel_bubbles__gpu_memory__p000__r01,"{""pyxel_bubbles"":""games/pyxel/06_click_game.py""}","{""pyxel_bubbles"":""54c101e90bdaed839ac4c4284494530d5df37a5819a35f1e41eebb0b3da5d900""}",07260578815fa9083cd8ed966f1c42cc97ff276d7168547c1cd1102548884545
1,370,formal-v1__solo__mega_wing__r01,formal-v1,solo,not_applicable,solo,"[""mega_wing""]",mega_wing,[],,,,,1,1500800984451425268,20,60,1,20,windows-rtx4060,0,0,grid_2x2,true,82,1f4e3f3ce1069ad1b142225e539ac838483cf248849a3ee4b2d0608dd6f525bd,71ed4d4e65751a5957c2b1b7954da195b59eb885,data/raw/formal-v1/formal-v1__solo__mega_wing__r01,"{""mega_wing"":""games/pyxel/apps-src/mega_wing/mega_wing.py""}","{""mega_wing"":""86bad6c02a303806c58137503739241dc6b1e86695f7c0dbf672b5e1a1464e9f""}",13320b0a305d5dbe7363f07cfed89342157e6c15ce158923969baa16c9193a37
1,371,formal-v1__colocation__daylight+mega_wing+pyxel_jump__r02,formal-v1,colocation-main,train,colocation,"[""daylight"",""mega_wing"",""pyxel_jump""]",daylight,"[""mega_wing"",""pyxel_jump""]",daylight+mega_wing+pyxel_jump,daylight+mega_wing+pyxel_jump__r02,,,2,7222004332748656175,20,60,1,20,windows-rtx4060,0,0,grid_2x2,true,82,1f4e3f3ce1069ad1b142225e539ac838483cf248849a3ee4b2d0608dd6f525bd,71ed4d4e65751a5957c2b1b7954da195b59eb885,data/raw/formal-v1/formal-v1__colocation__daylight+mega_wing+pyxel_jump__r02,"{""daylight"":""games/pyxel/apps-src/30SecondsOfDaylight/src/main.py"",""mega_wing"":""games/pyxel/apps-src/mega_wing/mega_wing.py"",""pyxel_jump"":""games/pyxel/02_jump_game.py""}","{""daylight"":""21a365375249e9d7ea05e78dcfe040f09cc1f0c66bd410bae084190c743a028f"",""mega_wing"":""86bad6c02a303806c58137503739241dc6b1e86695f7c0dbf672b5e1a1464e9f"",""pyxel_jump"":""4743a825f1c9cae7e049ac52115f4ecf83350db546c00745a54af187d7bc2e46""}",8bb13b027e2a6596bfb917b64b035ee1dac7e884eaade266e4a221e12310a84a
1,372,formal-v1__profile__mega_wing__gpu_compute__p100__r03,formal-v1,profile,not_applicable,pressure_profile,"[""mega_wing""]",mega_wing,[],,,gpu_compute,1,3,15435174182738009245,20,60,1,20,windows-rtx4060,0,0,grid_2x2,true,82,1f4e3f3ce1069ad1b142225e539ac838483cf248849a3ee4b2d0608dd6f525bd,71ed4d4e65751a5957c2b1b7954da195b59eb885,data/raw/formal-v1/formal-v1__profile__mega_wing__gpu_compute__p100__r03,"{""mega_wing"":""games/pyxel/apps-src/mega_wing/mega_wing.py""}","{""mega_wing"":""86bad6c02a303806c58137503739241dc6b1e86695f7c0dbf672b5e1a1464e9f""}",17f4b389cdfe4283823fab39dd5d16acd81c573d9fb9cbb84e5f47161dca2930
1,373,formal-v1__profile__pyxel_platformer__memory_bandwidth__p075__r01,formal-v1,profile,not_applicable,pressure_profile,"[""pyxel_platformer""]",pyxel_platformer,[],,,memory_bandwidth,0.75,1,14876735758325858983,20,60,1,20,windows-rtx4060,0,0,grid_2x2,true,82,1f4e3f3ce1069ad1b142225e539ac838483cf248849a3ee4b2d0608dd6f525bd,71ed4d4e65751a5957c2b1b7954da195b59eb885,data/raw/formal-v1/formal-v1__profile__pyxel_platformer__memory_bandwidth__p075__r01,"{""pyxel_platformer"":""games/pyxel/10_platformer.py""}","{""pyxel_platformer"":""1b2c75b49dc9ab0254fb4b724682a4787868814a38d2f08920720dc5b6007ac5""}",162bfc573473aa1ef4f1d63808d68e8d02dc32d430b661d4731bda45fb08f4a7
1,374,formal-v1__profile__pyxel_platformer__memory_bandwidth__p025__r02,formal-v1,profile,not_applicable,pressure_profile,"[""pyxel_platformer""]",pyxel_platformer,[],,,memory_bandwidth,0.25,2,4607241080836934453,20,60,1,20,windows-rtx4060,0,0,grid_2x2,true,82,1f4e3f3ce1069ad1b142225e539ac838483cf248849a3ee4b2d0608dd6f525bd,71ed4d4e65751a5957c2b1b7954da195b59eb885,data/raw/formal-v1/formal-v1__profile__pyxel_platformer__memory_bandwidth__p025__r02,"{""pyxel_platformer"":""games/pyxel/10_platformer.py""}","{""pyxel_platformer"":""1b2c75b49dc9ab0254fb4b724682a4787868814a38d2f08920720dc5b6007ac5""}",73603e98eaa89b0dd86d8f35e6960d4194851f394722fe855fd01c8192c261a9
1,375,formal-v1__profile__pyxel_platformer__cpu_compute__p075__r03,formal-v1,profile,not_applicable,pressure_profile,"[""pyxel_platformer""]",pyxel_platformer,[],,,cpu_compute,0.75,3,15993045595473113112,20,60,1,20,windows-rtx4060,0,0,grid_2x2,true,82,1f4e3f3ce1069ad1b142225e539ac838483cf248849a3ee4b2d0608dd6f525bd,71ed4d4e65751a5957c2b1b7954da195b59eb885,data/raw/formal-v1/formal-v1__profile__pyxel_platformer__cpu_compute__p075__r03,"{""pyxel_platformer"":""games/pyxel/10_platformer.py""}","{""pyxel_platformer"":""1b2c75b49dc9ab0254fb4b724682a4787868814a38d2f08920720dc5b6007ac5""}",8383affdf0217986c4605f2d70d127f959ac2feb6256cca83420452bd803a254
1,376,formal-v1__colocation__daylight+mega_wing+pyxel_snake__r02,formal-v1,colocation-main,train,colocation,"[""daylight"",""mega_wing"",""pyxel_snake""]",daylight,"[""mega_wing"",""pyxel_snake""]",daylight+mega_wing+pyxel_snake,daylight+mega_wing+pyxel_snake__r02,,,2,16449235478986671915,20,60,1,20,windows-rtx4060,0,0,grid_2x2,true,82,1f4e3f3ce1069ad1b142225e539ac838483cf248849a3ee4b2d0608dd6f525bd,71ed4d4e65751a5957c2b1b7954da195b59eb885,data/raw/formal-v1/formal-v1__colocation__daylight+mega_wing+pyxel_snake__r02,"{""daylight"":""games/pyxel/apps-src/30SecondsOfDaylight/src/main.py"",""mega_wing"":""games/pyxel/apps-src/mega_wing/mega_wing.py"",""pyxel_snake"":""games/pyxel/07_snake.py""}","{""daylight"":""21a365375249e9d7ea05e78dcfe040f09cc1f0c66bd410bae084190c743a028f"",""mega_wing"":""86bad6c02a303806c58137503739241dc6b1e86695f7c0dbf672b5e1a1464e9f"",""pyxel_snake"":""bc533fef92d1d358e570f69d979919fe5c1cd8c4da49841104b49a1e661a5ac3""}",d3cc41d952e6cdbec88bc19d10479b4580dae37db5122bea22c6231d5621db80
1,377,formal-v1__profile__pyxel_platformer__gpu_memory__p025__r01,formal-v1,profile,not_applicable,pressure_profile,"[""pyxel_platformer""]",pyxel_platformer,[],,,gpu_memory,0.25,1,13922687718530802983,20,60,1,20,windows-rtx4060,0,0,grid_2x2,true,82,1f4e3f3ce1069ad1b142225e539ac838483cf248849a3ee4b2d0608dd6f525bd,71ed4d4e65751a5957c2b1b7954da195b59eb885,data/raw/formal-v1/formal-v1__profile__pyxel_platformer__gpu_memory__p025__r01,"{""pyxel_platformer"":""games/pyxel/10_platformer.py""}","{""pyxel_platformer"":""1b2c75b49dc9ab0254fb4b724682a4787868814a38d2f08920720dc5b6007ac5""}",c992abaaa295ab2a93f6746d698f74ffec30ece6d7a0f3bf060a6a01967dbe55
1,378,formal-v1__profile__mega_wing__gpu_compute__p050__r03,formal-v1,profile,not_applicable,pressure_profile,"[""mega_wing""]",mega_wing,[],,,gpu_compute,0.5,3,4264682118148023704,20,60,1,20,windows-rtx4060,0,0,grid_2x2,true,82,1f4e3f3ce1069ad1b142225e539ac838483cf248849a3ee4b2d0608dd6f525bd,71ed4d4e65751a5957c2b1b7954da195b59eb885,data/raw/formal-v1/formal-v1__profile__mega_wing__gpu_compute__p050__r03,"{""mega_wing"":""games/pyxel/apps-src/mega_wing/mega_wing.py""}","{""mega_wing"":""86bad6c02a303806c58137503739241dc6b1e86695f7c0dbf672b5e1a1464e9f""}",8386b43dcc777ee164cd32982e288fd427758358d7d9323fd54dc125c3c087a6
1,379,formal-v1__colocation__mega_wing+pyxel_bubbles__r03,formal-v1,colocation-main,test,colocation,"[""mega_wing"",""pyxel_bubbles""]",mega_wing,"[""pyxel_bubbles""]",mega_wing+pyxel_bubbles,mega_wing+pyxel_bubbles__r03,,,3,3866551881507876657,20,60,1,20,windows-rtx4060,0,0,grid_2x2,true,82,1f4e3f3ce1069ad1b142225e539ac838483cf248849a3ee4b2d0608dd6f525bd,71ed4d4e65751a5957c2b1b7954da195b59eb885,data/raw/formal-v1/formal-v1__colocation__mega_wing+pyxel_bubbles__r03,"{""mega_wing"":""games/pyxel/apps-src/mega_wing/mega_wing.py"",""pyxel_bubbles"":""games/pyxel/06_click_game.py""}","{""mega_wing"":""86bad6c02a303806c58137503739241dc6b1e86695f7c0dbf672b5e1a1464e9f"",""pyxel_bubbles"":""54c101e90bdaed839ac4c4284494530d5df37a5819a35f1e41eebb0b3da5d900""}",e75680b006df0602e37f798861b1aba8712fa1b73ef9a1ebd5cfc9f790d620fd
1,380,formal-v1__profile__pyxel_jump__cpu_compute__p100__r03,formal-v1,profile,not_applicable,pressure_profile,"[""pyxel_jump""]",pyxel_jump,[],,,cpu_compute,1,3,9968397787741995314,20,60,1,20,windows-rtx4060,0,0,grid_2x2,true,82,1f4e3f3ce1069ad1b142225e539ac838483cf248849a3ee4b2d0608dd6f525bd,71ed4d4e65751a5957c2b1b7954da195b59eb885,data/raw/formal-v1/formal-v1__profile__pyxel_jump__cpu_compute__p100__r03,"{""pyxel_jump"":""games/pyxel/02_jump_game.py""}","{""pyxel_jump"":""4743a825f1c9cae7e049ac52115f4ecf83350db546c00745a54af187d7bc2e46""}",ab5dea8227d6f523027d97ae4d61cd0f67a8505db4abb76c1d45458515dec11e
1,381,formal-v1__profile__mega_wing__memory_bandwidth__p075__r01,formal-v1,profile,not_applicable,pressure_profile,"[""mega_wing""]",mega_wing,[],,,memory_bandwidth,0.75,1,1899649906298052157,20,60,1,20,windows-rtx4060,0,0,grid_2x2,true,82,1f4e3f3ce1069ad1b142225e539ac838483cf248849a3ee4b2d0608dd6f525bd,71ed4d4e65751a5957c2b1b7954da195b59eb885,data/raw/formal-v1/formal-v1__profile__mega_wing__memory_bandwidth__p075__r01,"{""mega_wing"":""games/pyxel/apps-src/mega_wing/mega_wing.py""}","{""mega_wing"":""86bad6c02a303806c58137503739241dc6b1e86695f7c0dbf672b5e1a1464e9f""}",4a3173ec48f94989ac0099e8e89da21561fa1dde59794cd39fecf840c6ee4f1a
1,382,formal-v1__profile__space_rescue__cpu_compute__p025__r03,formal-v1,profile,not_applicable,pressure_profile,"[""space_rescue""]",space_rescue,[],,,cpu_compute,0.25,3,11545125721891551914,20,60,1,20,windows-rtx4060,0,0,grid_2x2,true,82,1f4e3f3ce1069ad1b142225e539ac838483cf248849a3ee4b2d0608dd6f525bd,71ed4d4e65751a5957c2b1b7954da195b59eb885,data/raw/formal-v1/formal-v1__profile__space_rescue__cpu_compute__p025__r03,"{""space_rescue"":""games/pyxel/apps-src/space_rescue/space_rescue.py""}","{""space_rescue"":""f3b0ab6784ae558e64f06a3f0a704e53f107a130aa3d43357659d0850131e461""}",6a0dc04928adb2af07134598231cb3ce49a341390e1fa4f29ca9b0b5ea0e362e
1,383,formal-v1__profile__daylight__gpu_memory__p075__r03,formal-v1,profile,not_applicable,pressure_profile,"[""daylight""]",daylight,[],,,gpu_memory,0.75,3,383505551550802264,20,60,1,20,windows-rtx4060,0,0,grid_2x2,true,82,1f4e3f3ce1069ad1b142225e539ac838483cf248849a3ee4b2d0608dd6f525bd,71ed4d4e65751a5957c2b1b7954da195b59eb885,data/raw/formal-v1/formal-v1__profile__daylight__gpu_memory__p075__r03,"{""daylight"":""games/pyxel/apps-src/30SecondsOfDaylight/src/main.py""}","{""daylight"":""21a365375249e9d7ea05e78dcfe040f09cc1f0c66bd410bae084190c743a028f""}",318250bf69c7e8555b015a80262d50dc493ccfaf6c2f8e411a34b1a943b42875
1,384,formal-v1__profile__pyxel_platformer__cpu_compute__p100__r02,formal-v1,profile,not_applicable,pressure_profile,"[""pyxel_platformer""]",pyxel_platformer,[],,,cpu_compute,1,2,208523436179563980,20,60,1,20,windows-rtx4060,0,0,grid_2x2,true,82,1f4e3f3ce1069ad1b142225e539ac838483cf248849a3ee4b2d0608dd6f525bd,71ed4d4e65751a5957c2b1b7954da195b59eb885,data/raw/formal-v1/formal-v1__profile__pyxel_platformer__cpu_compute__p100__r02,"{""pyxel_platformer"":""games/pyxel/10_platformer.py""}","{""pyxel_platformer"":""1b2c75b49dc9ab0254fb4b724682a4787868814a38d2f08920720dc5b6007ac5""}",8d838b89bb81dfaf11e183fd786d17e5bf9e3473b10bc1861baefac2cc88df9d
1,385,formal-v1__profile__mega_wing__gpu_compute__p050__r02,formal-v1,profile,not_applicable,pressure_profile,"[""mega_wing""]",mega_wing,[],,,gpu_compute,0.5,2,12815251598403927586,20,60,1,20,windows-rtx4060,0,0,grid_2x2,true,82,1f4e3f3ce1069ad1b142225e539ac838483cf248849a3ee4b2d0608dd6f525bd,71ed4d4e65751a5957c2b1b7954da195b59eb885,data/raw/formal-v1/formal-v1__profile__mega_wing__gpu_compute__p050__r02,"{""mega_wing"":""games/pyxel/apps-src/mega_wing/mega_wing.py""}","{""mega_wing"":""86bad6c02a303806c58137503739241dc6b1e86695f7c0dbf672b5e1a1464e9f""}",5e1520ffa21e7e6c7aea6d8ecb81f0cfcd12295ebecd321f5cf4de572e3258a4
1,386,formal-v1__colocation__pyxel_jump+pyxel_platformer__r01,formal-v1,colocation-main,train,colocation,"[""pyxel_jump"",""pyxel_platformer""]",pyxel_jump,"[""pyxel_platformer""]",pyxel_jump+pyxel_platformer,pyxel_jump+pyxel_platformer__r01,,,1,2222832000482788960,20,60,1,20,windows-rtx4060,0,0,grid_2x2,true,82,1f4e3f3ce1069ad1b142225e539ac838483cf248849a3ee4b2d0608dd6f525bd,71ed4d4e65751a5957c2b1b7954da195b59eb885,data/raw/formal-v1/formal-v1__colocation__pyxel_jump+pyxel_platformer__r01,"{""pyxel_jump"":""games/pyxel/02_jump_game.py"",""pyxel_platformer"":""games/pyxel/10_platformer.py""}","{""pyxel_jump"":""4743a825f1c9cae7e049ac52115f4ecf83350db546c00745a54af187d7bc2e46"",""pyxel_platformer"":""1b2c75b49dc9ab0254fb4b724682a4787868814a38d2f08920720dc5b6007ac5""}",b49d6965c1ae478662c2ec7f94da8dd8915ca140f062515088642f55cd3663eb
1,387,formal-v1__colocation__daylight+mega_wing+space_rescue__r01,formal-v1,colocation-main,train,colocation,"[""daylight"",""mega_wing"",""space_rescue""]",daylight,"[""mega_wing"",""space_rescue""]",daylight+mega_wing+space_rescue,daylight+mega_wing+space_rescue__r01,,,1,15957915614535664156,20,60,1,20,windows-rtx4060,0,0,grid_2x2,true,82,1f4e3f3ce1069ad1b142225e539ac838483cf248849a3ee4b2d0608dd6f525bd,71ed4d4e65751a5957c2b1b7954da195b59eb885,data/raw/formal-v1/formal-v1__colocation__daylight+mega_wing+space_rescue__r01,"{""daylight"":""games/pyxel/apps-src/30SecondsOfDaylight/src/main.py"",""mega_wing"":""games/pyxel/apps-src/mega_wing/mega_wing.py"",""space_rescue"":""games/pyxel/apps-src/space_rescue/space_rescue.py""}","{""daylight"":""21a365375249e9d7ea05e78dcfe040f09cc1f0c66bd410bae084190c743a028f"",""mega_wing"":""86bad6c02a303806c58137503739241dc6b1e86695f7c0dbf672b5e1a1464e9f"",""space_rescue"":""f3b0ab6784ae558e64f06a3f0a704e53f107a130aa3d43357659d0850131e461""}",7209825b755b50757357858eba3118364b64eedbf88761bc4237fc941d86370f
1,388,formal-v1__profile__pyxel_snake__cpu_compute__p025__r02,formal-v1,profile,not_applicable,pressure_profile,"[""pyxel_snake""]",pyxel_snake,[],,,cpu_compute,0.25,2,3094097884560572468,20,60,1,20,windows-rtx4060,0,0,grid_2x2,true,82,1f4e3f3ce1069ad1b142225e539ac838483cf248849a3ee4b2d0608dd6f525bd,71ed4d4e65751a5957c2b1b7954da195b59eb885,data/raw/formal-v1/formal-v1__profile__pyxel_snake__cpu_compute__p025__r02,"{""pyxel_snake"":""games/pyxel/07_snake.py""}","{""pyxel_snake"":""bc533fef92d1d358e570f69d979919fe5c1cd8c4da49841104b49a1e661a5ac3""}",8cb6a82007e53871fa753ad08e23e52f56ef1fb396a08b71a0a0da301be51f32
1,389,formal-v1__profile__pyxel_platformer__gpu_compute__p075__r02,formal-v1,profile,not_applicable,pressure_profile,"[""pyxel_platformer""]",pyxel_platformer,[],,,gpu_compute,0.75,2,8589541531438178169,20,60,1,20,windows-rtx4060,0,0,grid_2x2,true,82,1f4e3f3ce1069ad1b142225e539ac838483cf248849a3ee4b2d0608dd6f525bd,71ed4d4e65751a5957c2b1b7954da195b59eb885,data/raw/formal-v1/formal-v1__profile__pyxel_platformer__gpu_compute__p075__r02,"{""pyxel_platformer"":""games/pyxel/10_platformer.py""}","{""pyxel_platformer"":""1b2c75b49dc9ab0254fb4b724682a4787868814a38d2f08920720dc5b6007ac5""}",8343ece6f1664a8e4d12922f54857b35369a065b20dac52b4592ffcb5d6960d2
1,390,formal-v1__profile__space_rescue__gpu_memory__p100__r02,formal-v1,profile,not_applicable,pressure_profile,"[""space_rescue""]",space_rescue,[],,,gpu_memory,1,2,14880685727358387163,20,60,1,20,windows-rtx4060,0,0,grid_2x2,true,82,1f4e3f3ce1069ad1b142225e539ac838483cf248849a3ee4b2d0608dd6f525bd,71ed4d4e65751a5957c2b1b7954da195b59eb885,data/raw/formal-v1/formal-v1__profile__space_rescue__gpu_memory__p100__r02,"{""space_rescue"":""games/pyxel/apps-src/space_rescue/space_rescue.py""}","{""space_rescue"":""f3b0ab6784ae558e64f06a3f0a704e53f107a130aa3d43357659d0850131e461""}",e66537a08a25c5dd1ae859ba95f468ab46196b2d2b33bf204d1e4d039762fed4
1,391,formal-v1__profile__daylight__gpu_compute__p100__r01,formal-v1,profile,not_applicable,pressure_profile,"[""daylight""]",daylight,[],,,gpu_compute,1,1,8205843974768035655,20,60,1,20,windows-rtx4060,0,0,grid_2x2,true,82,1f4e3f3ce1069ad1b142225e539ac838483cf248849a3ee4b2d0608dd6f525bd,71ed4d4e65751a5957c2b1b7954da195b59eb885,data/raw/formal-v1/formal-v1__profile__daylight__gpu_compute__p100__r01,"{""daylight"":""games/pyxel/apps-src/30SecondsOfDaylight/src/main.py""}","{""daylight"":""21a365375249e9d7ea05e78dcfe040f09cc1f0c66bd410bae084190c743a028f""}",f6bfc2bc73e230feedb48b8da8c0a3a00c2ecdbfd120499ac6900edbc9ca6724
1,392,formal-v1__profile__pyxel_bubbles__gpu_compute__p050__r03,formal-v1,profile,not_applicable,pressure_profile,"[""pyxel_bubbles""]",pyxel_bubbles,[],,,gpu_compute,0.5,3,5177671551163205622,20,60,1,20,windows-rtx4060,0,0,grid_2x2,true,82,1f4e3f3ce1069ad1b142225e539ac838483cf248849a3ee4b2d0608dd6f525bd,71ed4d4e65751a5957c2b1b7954da195b59eb885,data/raw/formal-v1/formal-v1__profile__pyxel_bubbles__gpu_compute__p050__r03,"{""pyxel_bubbles"":""games/pyxel/06_click_game.py""}","{""pyxel_bubbles"":""54c101e90bdaed839ac4c4284494530d5df37a5819a35f1e41eebb0b3da5d900""}",f2a97f495d92c39a8069aacfeafe9d041db3ee3174123bc7b7dfc84ffd9aefb9
1,393,formal-v1__profile__pyxel_jump__memory_bandwidth__p075__r03,formal-v1,profile,not_applicable,pressure_profile,"[""pyxel_jump""]",pyxel_jump,[],,,memory_bandwidth,0.75,3,3611680304326976638,20,60,1,20,windows-rtx4060,0,0,grid_2x2,true,82,1f4e3f3ce1069ad1b142225e539ac838483cf248849a3ee4b2d0608dd6f525bd,71ed4d4e65751a5957c2b1b7954da195b59eb885,data/raw/formal-v1/formal-v1__profile__pyxel_jump__memory_bandwidth__p075__r03,"{""pyxel_jump"":""games/pyxel/02_jump_game.py""}","{""pyxel_jump"":""4743a825f1c9cae7e049ac52115f4ecf83350db546c00745a54af187d7bc2e46""}",d31088923317240a12183833d9aa1ab683b18e7b82155e7caf8a58469e536de1
1,394,formal-v1__profile__mega_wing__gpu_compute__p100__r01,formal-v1,profile,not_applicable,pressure_profile,"[""mega_wing""]",mega_wing,[],,,gpu_compute,1,1,158638717560255275,20,60,1,20,windows-rtx4060,0,0,grid_2x2,true,82,1f4e3f3ce1069ad1b142225e539ac838483cf248849a3ee4b2d0608dd6f525bd,71ed4d4e65751a5957c2b1b7954da195b59eb885,data/raw/formal-v1/formal-v1__profile__mega_wing__gpu_compute__p100__r01,"{""mega_wing"":""games/pyxel/apps-src/mega_wing/mega_wing.py""}","{""mega_wing"":""86bad6c02a303806c58137503739241dc6b1e86695f7c0dbf672b5e1a1464e9f""}",72abfae576459e2f4203e4c412eb5fcf3379933e508f23be660f2b645b0ea285
1,395,formal-v1__colocation__pyxel_jump+pyxel_shooter+space_rescue__r01,formal-v1,colocation-main,validation,colocation,"[""pyxel_jump"",""pyxel_shooter"",""space_rescue""]",pyxel_jump,"[""pyxel_shooter"",""space_rescue""]",pyxel_jump+pyxel_shooter+space_rescue,pyxel_jump+pyxel_shooter+space_rescue__r01,,,1,10585855373280229993,20,60,1,20,windows-rtx4060,0,0,grid_2x2,true,82,1f4e3f3ce1069ad1b142225e539ac838483cf248849a3ee4b2d0608dd6f525bd,71ed4d4e65751a5957c2b1b7954da195b59eb885,data/raw/formal-v1/formal-v1__colocation__pyxel_jump+pyxel_shooter+space_rescue__r01,"{""pyxel_jump"":""games/pyxel/02_jump_game.py"",""pyxel_shooter"":""games/pyxel/09_shooter.py"",""space_rescue"":""games/pyxel/apps-src/space_rescue/space_rescue.py""}","{""pyxel_jump"":""4743a825f1c9cae7e049ac52115f4ecf83350db546c00745a54af187d7bc2e46"",""pyxel_shooter"":""0f53e4156907eac41080a8f289e22c89365b3239517c754cf59a51af201d5563"",""space_rescue"":""f3b0ab6784ae558e64f06a3f0a704e53f107a130aa3d43357659d0850131e461""}",35c70076f17dc4d7ba14c488dc64b5b713ea9af3eb2e9a2f0fb58e4c7d26d0d3
1,396,formal-v1__colocation__daylight+pyxel_snake__r03,formal-v1,colocation-main,train,colocation,"[""daylight"",""pyxel_snake""]",daylight,"[""pyxel_snake""]",daylight+pyxel_snake,daylight+pyxel_snake__r03,,,3,7978178955031978726,20,60,1,20,windows-rtx4060,0,0,grid_2x2,true,82,1f4e3f3ce1069ad1b142225e539ac838483cf248849a3ee4b2d0608dd6f525bd,71ed4d4e65751a5957c2b1b7954da195b59eb885,data/raw/formal-v1/formal-v1__colocation__daylight+pyxel_snake__r03,"{""daylight"":""games/pyxel/apps-src/30SecondsOfDaylight/src/main.py"",""pyxel_snake"":""games/pyxel/07_snake.py""}","{""daylight"":""21a365375249e9d7ea05e78dcfe040f09cc1f0c66bd410bae084190c743a028f"",""pyxel_snake"":""bc533fef92d1d358e570f69d979919fe5c1cd8c4da49841104b49a1e661a5ac3""}",7bedb66ba97264002debeeb7b62e1cfa745d91f9b8b8812950c70212b989fb5f
1,397,formal-v1__colocation__mega_wing+pyxel_platformer__r01,formal-v1,colocation-main,test,colocation,"[""mega_wing"",""pyxel_platformer""]",mega_wing,"[""pyxel_platformer""]",mega_wing+pyxel_platformer,mega_wing+pyxel_platformer__r01,,,1,9144383866124476024,20,60,1,20,windows-rtx4060,0,0,grid_2x2,true,82,1f4e3f3ce1069ad1b142225e539ac838483cf248849a3ee4b2d0608dd6f525bd,71ed4d4e65751a5957c2b1b7954da195b59eb885,data/raw/formal-v1/formal-v1__colocation__mega_wing+pyxel_platformer__r01,"{""mega_wing"":""games/pyxel/apps-src/mega_wing/mega_wing.py"",""pyxel_platformer"":""games/pyxel/10_platformer.py""}","{""mega_wing"":""86bad6c02a303806c58137503739241dc6b1e86695f7c0dbf672b5e1a1464e9f"",""pyxel_platformer"":""1b2c75b49dc9ab0254fb4b724682a4787868814a38d2f08920720dc5b6007ac5""}",6615586f1a1035f78c1825e5b5ca7154429c8fdb7755c3337bfc0a284b63f57c
1,398,formal-v1__profile__pyxel_jump__cpu_compute__p050__r02,formal-v1,profile,not_applicable,pressure_profile,"[""pyxel_jump""]",pyxel_jump,[],,,cpu_compute,0.5,2,11814661248046929535,20,60,1,20,windows-rtx4060,0,0,grid_2x2,true,82,1f4e3f3ce1069ad1b142225e539ac838483cf248849a3ee4b2d0608dd6f525bd,71ed4d4e65751a5957c2b1b7954da195b59eb885,data/raw/formal-v1/formal-v1__profile__pyxel_jump__cpu_compute__p050__r02,"{""pyxel_jump"":""games/pyxel/02_jump_game.py""}","{""pyxel_jump"":""4743a825f1c9cae7e049ac52115f4ecf83350db546c00745a54af187d7bc2e46""}",9f7402c46980709be66b6e8f87ea8ba72c56d2e7a027df39dc3118882ea7ef6d
1,399,formal-v1__profile__pyxel_shooter__gpu_compute__p075__r03,formal-v1,profile,not_applicable,pressure_profile,"[""pyxel_shooter""]",pyxel_shooter,[],,,gpu_compute,0.75,3,17635168907212643046,20,60,1,20,windows-rtx4060,0,0,grid_2x2,true,82,1f4e3f3ce1069ad1b142225e539ac838483cf248849a3ee4b2d0608dd6f525bd,71ed4d4e65751a5957c2b1b7954da195b59eb885,data/raw/formal-v1/formal-v1__profile__pyxel_shooter__gpu_compute__p075__r03,"{""pyxel_shooter"":""games/pyxel/09_shooter.py""}","{""pyxel_shooter"":""0f53e4156907eac41080a8f289e22c89365b3239517c754cf59a51af201d5563""}",a27a28af8edf3f2c9571eeb417eb879d39d1ad0135894757b0d42f63db672da2
1,400,formal-v1__colocation__mega_wing+pyxel_bubbles+pyxel_jump__r01,formal-v1,colocation-main,train,colocation,"[""mega_wing"",""pyxel_bubbles"",""pyxel_jump""]",mega_wing,"[""pyxel_bubbles"",""pyxel_jump""]",mega_wing+pyxel_bubbles+pyxel_jump,mega_wing+pyxel_bubbles+pyxel_jump__r01,,,1,12568386172004482002,20,60,1,20,windows-rtx4060,0,0,grid_2x2,true,82,1f4e3f3ce1069ad1b142225e539ac838483cf248849a3ee4b2d0608dd6f525bd,71ed4d4e65751a5957c2b1b7954da195b59eb885,data/raw/formal-v1/formal-v1__colocation__mega_wing+pyxel_bubbles+pyxel_jump__r01,"{""mega_wing"":""games/pyxel/apps-src/mega_wing/mega_wing.py"",""pyxel_bubbles"":""games/pyxel/06_click_game.py"",""pyxel_jump"":""games/pyxel/02_jump_game.py""}","{""mega_wing"":""86bad6c02a303806c58137503739241dc6b1e86695f7c0dbf672b5e1a1464e9f"",""pyxel_bubbles"":""54c101e90bdaed839ac4c4284494530d5df37a5819a35f1e41eebb0b3da5d900"",""pyxel_jump"":""4743a825f1c9cae7e049ac52115f4ecf83350db546c00745a54af187d7bc2e46""}",3fbfc2af58afbd400689ceb5b91f4dcc876afecc32d98bf1cd3b0d3fd74043c7
1,401,formal-v1__colocation__pyxel_platformer+space_rescue__r03,formal-v1,colocation-main,train,colocation,"[""pyxel_platformer"",""space_rescue""]",pyxel_platformer,"[""space_rescue""]",pyxel_platformer+space_rescue,pyxel_platformer+space_rescue__r03,,,3,12216575843737977223,20,60,1,20,windows-rtx4060,0,0,grid_2x2,true,82,1f4e3f3ce1069ad1b142225e539ac838483cf248849a3ee4b2d0608dd6f525bd,71ed4d4e65751a5957c2b1b7954da195b59eb885,data/raw/formal-v1/formal-v1__colocation__pyxel_platformer+space_rescue__r03,"{""pyxel_platformer"":""games/pyxel/10_platformer.py"",""space_rescue"":""games/pyxel/apps-src/space_rescue/space_rescue.py""}","{""pyxel_platformer"":""1b2c75b49dc9ab0254fb4b724682a4787868814a38d2f08920720dc5b6007ac5"",""space_rescue"":""f3b0ab6784ae558e64f06a3f0a704e53f107a130aa3d43357659d0850131e461""}",9b91047645e550385ccfd312af51326444151476879aff433fe8c62d49ec9c29
1,402,formal-v1__colocation__pyxel_platformer+pyxel_snake+space_rescue__r01,formal-v1,colocation-main,validation,colocation,"[""pyxel_platformer"",""pyxel_snake"",""space_rescue""]",pyxel_platformer,"[""pyxel_snake"",""space_rescue""]",pyxel_platformer+pyxel_snake+space_rescue,pyxel_platformer+pyxel_snake+space_rescue__r01,,,1,166779263219510929,20,60,1,20,windows-rtx4060,0,0,grid_2x2,true,82,1f4e3f3ce1069ad1b142225e539ac838483cf248849a3ee4b2d0608dd6f525bd,71ed4d4e65751a5957c2b1b7954da195b59eb885,data/raw/formal-v1/formal-v1__colocation__pyxel_platformer+pyxel_snake+space_rescue__r01,"{""pyxel_platformer"":""games/pyxel/10_platformer.py"",""pyxel_snake"":""games/pyxel/07_snake.py"",""space_rescue"":""games/pyxel/apps-src/space_rescue/space_rescue.py""}","{""pyxel_platformer"":""1b2c75b49dc9ab0254fb4b724682a4787868814a38d2f08920720dc5b6007ac5"",""pyxel_snake"":""bc533fef92d1d358e570f69d979919fe5c1cd8c4da49841104b49a1e661a5ac3"",""space_rescue"":""f3b0ab6784ae558e64f06a3f0a704e53f107a130aa3d43357659d0850131e461""}",85711c29ca6ef1f25c4fc3cd77c5d1a0f09cbd9402920cf126b863bebfecc64f
1,403,formal-v1__colocation__pyxel_bubbles+pyxel_jump+pyxel_snake__r02,formal-v1,colocation-main,train,colocation,"[""pyxel_bubbles"",""pyxel_jump"",""pyxel_snake""]",pyxel_bubbles,"[""pyxel_jump"",""pyxel_snake""]",pyxel_bubbles+pyxel_jump+pyxel_snake,pyxel_bubbles+pyxel_jump+pyxel_snake__r02,,,2,18007583804090981825,20,60,1,20,windows-rtx4060,0,0,grid_2x2,true,82,1f4e3f3ce1069ad1b142225e539ac838483cf248849a3ee4b2d0608dd6f525bd,71ed4d4e65751a5957c2b1b7954da195b59eb885,data/raw/formal-v1/formal-v1__colocation__pyxel_bubbles+pyxel_jump+pyxel_snake__r02,"{""pyxel_bubbles"":""games/pyxel/06_click_game.py"",""pyxel_jump"":""games/pyxel/02_jump_game.py"",""pyxel_snake"":""games/pyxel/07_snake.py""}","{""pyxel_bubbles"":""54c101e90bdaed839ac4c4284494530d5df37a5819a35f1e41eebb0b3da5d900"",""pyxel_jump"":""4743a825f1c9cae7e049ac52115f4ecf83350db546c00745a54af187d7bc2e46"",""pyxel_snake"":""bc533fef92d1d358e570f69d979919fe5c1cd8c4da49841104b49a1e661a5ac3""}",e17cc15ec4069cd19b17a8b32354dbf5d33fdbadd867876fdc0453b2ac351222
1,404,formal-v1__profile__pyxel_snake__gpu_memory__p000__r02,formal-v1,profile,not_applicable,pressure_profile,"[""pyxel_snake""]",pyxel_snake,[],,,gpu_memory,0,2,12227263197918504061,20,60,1,20,windows-rtx4060,0,0,grid_2x2,true,82,1f4e3f3ce1069ad1b142225e539ac838483cf248849a3ee4b2d0608dd6f525bd,71ed4d4e65751a5957c2b1b7954da195b59eb885,data/raw/formal-v1/formal-v1__profile__pyxel_snake__gpu_memory__p000__r02,"{""pyxel_snake"":""games/pyxel/07_snake.py""}","{""pyxel_snake"":""bc533fef92d1d358e570f69d979919fe5c1cd8c4da49841104b49a1e661a5ac3""}",06dadbd494cfb104981095e324465bebf938b3cb505abe6b22ce85f75e28d06a
1,405,formal-v1__colocation__pyxel_shooter+pyxel_snake+space_rescue__r01,formal-v1,colocation-main,validation,colocation,"[""pyxel_shooter"",""pyxel_snake"",""space_rescue""]",pyxel_shooter,"[""pyxel_snake"",""space_rescue""]",pyxel_shooter+pyxel_snake+space_rescue,pyxel_shooter+pyxel_snake+space_rescue__r01,,,1,6654188469517042076,20,60,1,20,windows-rtx4060,0,0,grid_2x2,true,82,1f4e3f3ce1069ad1b142225e539ac838483cf248849a3ee4b2d0608dd6f525bd,71ed4d4e65751a5957c2b1b7954da195b59eb885,data/raw/formal-v1/formal-v1__colocation__pyxel_shooter+pyxel_snake+space_rescue__r01,"{""pyxel_shooter"":""games/pyxel/09_shooter.py"",""pyxel_snake"":""games/pyxel/07_snake.py"",""space_rescue"":""games/pyxel/apps-src/space_rescue/space_rescue.py""}","{""pyxel_shooter"":""0f53e4156907eac41080a8f289e22c89365b3239517c754cf59a51af201d5563"",""pyxel_snake"":""bc533fef92d1d358e570f69d979919fe5c1cd8c4da49841104b49a1e661a5ac3"",""space_rescue"":""f3b0ab6784ae558e64f06a3f0a704e53f107a130aa3d43357659d0850131e461""}",7cd669cfb3ab744cbb26d7f0294bff44a3ad1380d6804b527bf23b74b48e286e
1,406,formal-v1__profile__pyxel_snake__memory_bandwidth__p000__r01,formal-v1,profile,not_applicable,pressure_profile,"[""pyxel_snake""]",pyxel_snake,[],,,memory_bandwidth,0,1,17972992197593926407,20,60,1,20,windows-rtx4060,0,0,grid_2x2,true,82,1f4e3f3ce1069ad1b142225e539ac838483cf248849a3ee4b2d0608dd6f525bd,71ed4d4e65751a5957c2b1b7954da195b59eb885,data/raw/formal-v1/formal-v1__profile__pyxel_snake__memory_bandwidth__p000__r01,"{""pyxel_snake"":""games/pyxel/07_snake.py""}","{""pyxel_snake"":""bc533fef92d1d358e570f69d979919fe5c1cd8c4da49841104b49a1e661a5ac3""}",0d8872583abe235f2194e94d47d2cb824e9cc62201c214f8ec507a97a750bd42
1,407,formal-v1__profile__pyxel_snake__gpu_memory__p025__r02,formal-v1,profile,not_applicable,pressure_profile,"[""pyxel_snake""]",pyxel_snake,[],,,gpu_memory,0.25,2,16172530195392660654,20,60,1,20,windows-rtx4060,0,0,grid_2x2,true,82,1f4e3f3ce1069ad1b142225e539ac838483cf248849a3ee4b2d0608dd6f525bd,71ed4d4e65751a5957c2b1b7954da195b59eb885,data/raw/formal-v1/formal-v1__profile__pyxel_snake__gpu_memory__p025__r02,"{""pyxel_snake"":""games/pyxel/07_snake.py""}","{""pyxel_snake"":""bc533fef92d1d358e570f69d979919fe5c1cd8c4da49841104b49a1e661a5ac3""}",9cf246c550da13ff3ea179ff245e511f30049f7a19dc7ccce6af30e58ce4cfc3
1,408,formal-v1__profile__pyxel_jump__memory_bandwidth__p025__r01,formal-v1,profile,not_applicable,pressure_profile,"[""pyxel_jump""]",pyxel_jump,[],,,memory_bandwidth,0.25,1,626281593546063449,20,60,1,20,windows-rtx4060,0,0,grid_2x2,true,82,1f4e3f3ce1069ad1b142225e539ac838483cf248849a3ee4b2d0608dd6f525bd,71ed4d4e65751a5957c2b1b7954da195b59eb885,data/raw/formal-v1/formal-v1__profile__pyxel_jump__memory_bandwidth__p025__r01,"{""pyxel_jump"":""games/pyxel/02_jump_game.py""}","{""pyxel_jump"":""4743a825f1c9cae7e049ac52115f4ecf83350db546c00745a54af187d7bc2e46""}",a8677620e231d0bc0e6204d610be20142236287b2abcc7bed5134c07a79e3f64
1,409,formal-v1__profile__pyxel_jump__gpu_compute__p025__r02,formal-v1,profile,not_applicable,pressure_profile,"[""pyxel_jump""]",pyxel_jump,[],,,gpu_compute,0.25,2,233017035973942983,20,60,1,20,windows-rtx4060,0,0,grid_2x2,true,82,1f4e3f3ce1069ad1b142225e539ac838483cf248849a3ee4b2d0608dd6f525bd,71ed4d4e65751a5957c2b1b7954da195b59eb885,data/raw/formal-v1/formal-v1__profile__pyxel_jump__gpu_compute__p025__r02,"{""pyxel_jump"":""games/pyxel/02_jump_game.py""}","{""pyxel_jump"":""4743a825f1c9cae7e049ac52115f4ecf83350db546c00745a54af187d7bc2e46""}",59e148bc8d6fa1828e39190170c56b86dca87093f63b99cbb5002c24ccd4e005
1,410,formal-v1__colocation__mega_wing+pyxel_jump+pyxel_platformer__r01,formal-v1,colocation-main,train,colocation,"[""mega_wing"",""pyxel_jump"",""pyxel_platformer""]",mega_wing,"[""pyxel_jump"",""pyxel_platformer""]",mega_wing+pyxel_jump+pyxel_platformer,mega_wing+pyxel_jump+pyxel_platformer__r01,,,1,7191685246271050818,20,60,1,20,windows-rtx4060,0,0,grid_2x2,true,82,1f4e3f3ce1069ad1b142225e539ac838483cf248849a3ee4b2d0608dd6f525bd,71ed4d4e65751a5957c2b1b7954da195b59eb885,data/raw/formal-v1/formal-v1__colocation__mega_wing+pyxel_jump+pyxel_platformer__r01,"{""mega_wing"":""games/pyxel/apps-src/mega_wing/mega_wing.py"",""pyxel_jump"":""games/pyxel/02_jump_game.py"",""pyxel_platformer"":""games/pyxel/10_platformer.py""}","{""mega_wing"":""86bad6c02a303806c58137503739241dc6b1e86695f7c0dbf672b5e1a1464e9f"",""pyxel_jump"":""4743a825f1c9cae7e049ac52115f4ecf83350db546c00745a54af187d7bc2e46"",""pyxel_platformer"":""1b2c75b49dc9ab0254fb4b724682a4787868814a38d2f08920720dc5b6007ac5""}",21ee3f8648eef8e7b78c6997d948b2db78e21dbab8c2a6fb7a83a8e2b039c40d
1,411,formal-v1__colocation__daylight+pyxel_jump+pyxel_shooter__r02,formal-v1,colocation-main,train,colocation,"[""daylight"",""pyxel_jump"",""pyxel_shooter""]",daylight,"[""pyxel_jump"",""pyxel_shooter""]",daylight+pyxel_jump+pyxel_shooter,daylight+pyxel_jump+pyxel_shooter__r02,,,2,2064611591229211055,20,60,1,20,windows-rtx4060,0,0,grid_2x2,true,82,1f4e3f3ce1069ad1b142225e539ac838483cf248849a3ee4b2d0608dd6f525bd,71ed4d4e65751a5957c2b1b7954da195b59eb885,data/raw/formal-v1/formal-v1__colocation__daylight+pyxel_jump+pyxel_shooter__r02,"{""daylight"":""games/pyxel/apps-src/30SecondsOfDaylight/src/main.py"",""pyxel_jump"":""games/pyxel/02_jump_game.py"",""pyxel_shooter"":""games/pyxel/09_shooter.py""}","{""daylight"":""21a365375249e9d7ea05e78dcfe040f09cc1f0c66bd410bae084190c743a028f"",""pyxel_jump"":""4743a825f1c9cae7e049ac52115f4ecf83350db546c00745a54af187d7bc2e46"",""pyxel_shooter"":""0f53e4156907eac41080a8f289e22c89365b3239517c754cf59a51af201d5563""}",6dedd5679f36dd79e7a3920f9ad16b0e024292ee66be5c1d3dc2ba7520119f88
1,412,formal-v1__profile__daylight__cpu_compute__p075__r02,formal-v1,profile,not_applicable,pressure_profile,"[""daylight""]",daylight,[],,,cpu_compute,0.75,2,14605916643426837791,20,60,1,20,windows-rtx4060,0,0,grid_2x2,true,82,1f4e3f3ce1069ad1b142225e539ac838483cf248849a3ee4b2d0608dd6f525bd,71ed4d4e65751a5957c2b1b7954da195b59eb885,data/raw/formal-v1/formal-v1__profile__daylight__cpu_compute__p075__r02,"{""daylight"":""games/pyxel/apps-src/30SecondsOfDaylight/src/main.py""}","{""daylight"":""21a365375249e9d7ea05e78dcfe040f09cc1f0c66bd410bae084190c743a028f""}",55d9f2dab5989f5a1db15a06cb2f37fb372b82337f32026a6cd1baf7674c96f8
1,413,formal-v1__colocation__pyxel_jump+pyxel_shooter__r01,formal-v1,colocation-main,train,colocation,"[""pyxel_jump"",""pyxel_shooter""]",pyxel_jump,"[""pyxel_shooter""]",pyxel_jump+pyxel_shooter,pyxel_jump+pyxel_shooter__r01,,,1,11687499499354652478,20,60,1,20,windows-rtx4060,0,0,grid_2x2,true,82,1f4e3f3ce1069ad1b142225e539ac838483cf248849a3ee4b2d0608dd6f525bd,71ed4d4e65751a5957c2b1b7954da195b59eb885,data/raw/formal-v1/formal-v1__colocation__pyxel_jump+pyxel_shooter__r01,"{""pyxel_jump"":""games/pyxel/02_jump_game.py"",""pyxel_shooter"":""games/pyxel/09_shooter.py""}","{""pyxel_jump"":""4743a825f1c9cae7e049ac52115f4ecf83350db546c00745a54af187d7bc2e46"",""pyxel_shooter"":""0f53e4156907eac41080a8f289e22c89365b3239517c754cf59a51af201d5563""}",9733c6967270523277abc2e3980a7cd99f562012a11c5e4cb46b4b39ac2c0661
1,414,formal-v1__colocation__daylight+pyxel_bubbles+pyxel_platformer__r03,formal-v1,colocation-main,test,colocation,"[""daylight"",""pyxel_bubbles"",""pyxel_platformer""]",daylight,"[""pyxel_bubbles"",""pyxel_platformer""]",daylight+pyxel_bubbles+pyxel_platformer,daylight+pyxel_bubbles+pyxel_platformer__r03,,,3,12678075072709660838,20,60,1,20,windows-rtx4060,0,0,grid_2x2,true,82,1f4e3f3ce1069ad1b142225e539ac838483cf248849a3ee4b2d0608dd6f525bd,71ed4d4e65751a5957c2b1b7954da195b59eb885,data/raw/formal-v1/formal-v1__colocation__daylight+pyxel_bubbles+pyxel_platformer__r03,"{""daylight"":""games/pyxel/apps-src/30SecondsOfDaylight/src/main.py"",""pyxel_bubbles"":""games/pyxel/06_click_game.py"",""pyxel_platformer"":""games/pyxel/10_platformer.py""}","{""daylight"":""21a365375249e9d7ea05e78dcfe040f09cc1f0c66bd410bae084190c743a028f"",""pyxel_bubbles"":""54c101e90bdaed839ac4c4284494530d5df37a5819a35f1e41eebb0b3da5d900"",""pyxel_platformer"":""1b2c75b49dc9ab0254fb4b724682a4787868814a38d2f08920720dc5b6007ac5""}",fa7dd8e4a210396ab9d64868aa53b3131af4368a9f6b0751243dd2c70934d98e
1,415,formal-v1__colocation__daylight+mega_wing__r02,formal-v1,colocation-main,test,colocation,"[""daylight"",""mega_wing""]",daylight,"[""mega_wing""]",daylight+mega_wing,daylight+mega_wing__r02,,,2,6551194622992065329,20,60,1,20,windows-rtx4060,0,0,grid_2x2,true,82,1f4e3f3ce1069ad1b142225e539ac838483cf248849a3ee4b2d0608dd6f525bd,71ed4d4e65751a5957c2b1b7954da195b59eb885,data/raw/formal-v1/formal-v1__colocation__daylight+mega_wing__r02,"{""daylight"":""games/pyxel/apps-src/30SecondsOfDaylight/src/main.py"",""mega_wing"":""games/pyxel/apps-src/mega_wing/mega_wing.py""}","{""daylight"":""21a365375249e9d7ea05e78dcfe040f09cc1f0c66bd410bae084190c743a028f"",""mega_wing"":""86bad6c02a303806c58137503739241dc6b1e86695f7c0dbf672b5e1a1464e9f""}",306c2d7a74332c403c6fafe3aba01b77dcfd1381364c54ce9628c43c1e5807dd
1,416,formal-v1__profile__pyxel_shooter__cpu_compute__p050__r03,formal-v1,profile,not_applicable,pressure_profile,"[""pyxel_shooter""]",pyxel_shooter,[],,,cpu_compute,0.5,3,16817702603265886754,20,60,1,20,windows-rtx4060,0,0,grid_2x2,true,82,1f4e3f3ce1069ad1b142225e539ac838483cf248849a3ee4b2d0608dd6f525bd,71ed4d4e65751a5957c2b1b7954da195b59eb885,data/raw/formal-v1/formal-v1__profile__pyxel_shooter__cpu_compute__p050__r03,"{""pyxel_shooter"":""games/pyxel/09_shooter.py""}","{""pyxel_shooter"":""0f53e4156907eac41080a8f289e22c89365b3239517c754cf59a51af201d5563""}",a4f02596f7879c3aeaee18440acabe25db90912480f5c142ec799d86e997af8b
1,417,formal-v1__solo__pyxel_shooter__r01,formal-v1,solo,not_applicable,solo,"[""pyxel_shooter""]",pyxel_shooter,[],,,,,1,3277195567229385787,20,60,1,20,windows-rtx4060,0,0,grid_2x2,true,82,1f4e3f3ce1069ad1b142225e539ac838483cf248849a3ee4b2d0608dd6f525bd,71ed4d4e65751a5957c2b1b7954da195b59eb885,data/raw/formal-v1/formal-v1__solo__pyxel_shooter__r01,"{""pyxel_shooter"":""games/pyxel/09_shooter.py""}","{""pyxel_shooter"":""0f53e4156907eac41080a8f289e22c89365b3239517c754cf59a51af201d5563""}",3c3560c9dbb9401050adac938f5fa5ae804ccd46f4bf52a67dfb085a56ae9cb4
1,418,formal-v1__profile__pyxel_jump__gpu_memory__p075__r02,formal-v1,profile,not_applicable,pressure_profile,"[""pyxel_jump""]",pyxel_jump,[],,,gpu_memory,0.75,2,16687842723697422139,20,60,1,20,windows-rtx4060,0,0,grid_2x2,true,82,1f4e3f3ce1069ad1b142225e539ac838483cf248849a3ee4b2d0608dd6f525bd,71ed4d4e65751a5957c2b1b7954da195b59eb885,data/raw/formal-v1/formal-v1__profile__pyxel_jump__gpu_memory__p075__r02,"{""pyxel_jump"":""games/pyxel/02_jump_game.py""}","{""pyxel_jump"":""4743a825f1c9cae7e049ac52115f4ecf83350db546c00745a54af187d7bc2e46""}",1b9e74b496c3789ffbd12928c8e8bcd6c419039b2fc51c115f6e4042a678c655
1,419,formal-v1__profile__space_rescue__gpu_compute__p000__r02,formal-v1,profile,not_applicable,pressure_profile,"[""space_rescue""]",space_rescue,[],,,gpu_compute,0,2,13451980044908634954,20,60,1,20,windows-rtx4060,0,0,grid_2x2,true,82,1f4e3f3ce1069ad1b142225e539ac838483cf248849a3ee4b2d0608dd6f525bd,71ed4d4e65751a5957c2b1b7954da195b59eb885,data/raw/formal-v1/formal-v1__profile__space_rescue__gpu_compute__p000__r02,"{""space_rescue"":""games/pyxel/apps-src/space_rescue/space_rescue.py""}","{""space_rescue"":""f3b0ab6784ae558e64f06a3f0a704e53f107a130aa3d43357659d0850131e461""}",ef1a61318f33748c6a571d116563e3f29b42dbf2ddf8018b23d86f64f62c4a8c
1,420,formal-v1__colocation__pyxel_snake+space_rescue__r02,formal-v1,colocation-main,train,colocation,"[""pyxel_snake"",""space_rescue""]",pyxel_snake,"[""space_rescue""]",pyxel_snake+space_rescue,pyxel_snake+space_rescue__r02,,,2,812211289709381654,20,60,1,20,windows-rtx4060,0,0,grid_2x2,true,82,1f4e3f3ce1069ad1b142225e539ac838483cf248849a3ee4b2d0608dd6f525bd,71ed4d4e65751a5957c2b1b7954da195b59eb885,data/raw/formal-v1/formal-v1__colocation__pyxel_snake+space_rescue__r02,"{""pyxel_snake"":""games/pyxel/07_snake.py"",""space_rescue"":""games/pyxel/apps-src/space_rescue/space_rescue.py""}","{""pyxel_snake"":""bc533fef92d1d358e570f69d979919fe5c1cd8c4da49841104b49a1e661a5ac3"",""space_rescue"":""f3b0ab6784ae558e64f06a3f0a704e53f107a130aa3d43357659d0850131e461""}",27f26ed6655afc03165a0060ac5e25caa46ab76733d2544025fb9ce66b2a2245
1,421,formal-v1__profile__pyxel_shooter__memory_bandwidth__p100__r02,formal-v1,profile,not_applicable,pressure_profile,"[""pyxel_shooter""]",pyxel_shooter,[],,,memory_bandwidth,1,2,7928933935210469273,20,60,1,20,windows-rtx4060,0,0,grid_2x2,true,82,1f4e3f3ce1069ad1b142225e539ac838483cf248849a3ee4b2d0608dd6f525bd,71ed4d4e65751a5957c2b1b7954da195b59eb885,data/raw/formal-v1/formal-v1__profile__pyxel_shooter__memory_bandwidth__p100__r02,"{""pyxel_shooter"":""games/pyxel/09_shooter.py""}","{""pyxel_shooter"":""0f53e4156907eac41080a8f289e22c89365b3239517c754cf59a51af201d5563""}",07e1a598cd56e69a24ad91e349320058c0d3185af095ce531154930dcd6801ba
1,422,formal-v1__profile__space_rescue__gpu_memory__p000__r01,formal-v1,profile,not_applicable,pressure_profile,"[""space_rescue""]",space_rescue,[],,,gpu_memory,0,1,10482120623652990482,20,60,1,20,windows-rtx4060,0,0,grid_2x2,true,82,1f4e3f3ce1069ad1b142225e539ac838483cf248849a3ee4b2d0608dd6f525bd,71ed4d4e65751a5957c2b1b7954da195b59eb885,data/raw/formal-v1/formal-v1__profile__space_rescue__gpu_memory__p000__r01,"{""space_rescue"":""games/pyxel/apps-src/space_rescue/space_rescue.py""}","{""space_rescue"":""f3b0ab6784ae558e64f06a3f0a704e53f107a130aa3d43357659d0850131e461""}",6d751742375c66599fad1c7fa06b7b16b9a316a3a485af56771ddb5c06314cf5
1,423,formal-v1__colocation__mega_wing+pyxel_bubbles__r02,formal-v1,colocation-main,test,colocation,"[""mega_wing"",""pyxel_bubbles""]",mega_wing,"[""pyxel_bubbles""]",mega_wing+pyxel_bubbles,mega_wing+pyxel_bubbles__r02,,,2,17747459958470337110,20,60,1,20,windows-rtx4060,0,0,grid_2x2,true,82,1f4e3f3ce1069ad1b142225e539ac838483cf248849a3ee4b2d0608dd6f525bd,71ed4d4e65751a5957c2b1b7954da195b59eb885,data/raw/formal-v1/formal-v1__colocation__mega_wing+pyxel_bubbles__r02,"{""mega_wing"":""games/pyxel/apps-src/mega_wing/mega_wing.py"",""pyxel_bubbles"":""games/pyxel/06_click_game.py""}","{""mega_wing"":""86bad6c02a303806c58137503739241dc6b1e86695f7c0dbf672b5e1a1464e9f"",""pyxel_bubbles"":""54c101e90bdaed839ac4c4284494530d5df37a5819a35f1e41eebb0b3da5d900""}",fbef39c01cd5af7542e7e4dbcd60caac70d0db7f7efb1ddd201761d2bd3951e8
1,424,formal-v1__profile__pyxel_bubbles__gpu_compute__p075__r03,formal-v1,profile,not_applicable,pressure_profile,"[""pyxel_bubbles""]",pyxel_bubbles,[],,,gpu_compute,0.75,3,18144003774020506036,20,60,1,20,windows-rtx4060,0,0,grid_2x2,true,82,1f4e3f3ce1069ad1b142225e539ac838483cf248849a3ee4b2d0608dd6f525bd,71ed4d4e65751a5957c2b1b7954da195b59eb885,data/raw/formal-v1/formal-v1__profile__pyxel_bubbles__gpu_compute__p075__r03,"{""pyxel_bubbles"":""games/pyxel/06_click_game.py""}","{""pyxel_bubbles"":""54c101e90bdaed839ac4c4284494530d5df37a5819a35f1e41eebb0b3da5d900""}",f30532d4c1fad2ff1ae05f941d96bcfbf52f9a4f667bde86ab0acb20759199e2
1,425,formal-v1__colocation__daylight+mega_wing+pyxel_jump__r03,formal-v1,colocation-main,train,colocation,"[""daylight"",""mega_wing"",""pyxel_jump""]",daylight,"[""mega_wing"",""pyxel_jump""]",daylight+mega_wing+pyxel_jump,daylight+mega_wing+pyxel_jump__r03,,,3,7795244758432961513,20,60,1,20,windows-rtx4060,0,0,grid_2x2,true,82,1f4e3f3ce1069ad1b142225e539ac838483cf248849a3ee4b2d0608dd6f525bd,71ed4d4e65751a5957c2b1b7954da195b59eb885,data/raw/formal-v1/formal-v1__colocation__daylight+mega_wing+pyxel_jump__r03,"{""daylight"":""games/pyxel/apps-src/30SecondsOfDaylight/src/main.py"",""mega_wing"":""games/pyxel/apps-src/mega_wing/mega_wing.py"",""pyxel_jump"":""games/pyxel/02_jump_game.py""}","{""daylight"":""21a365375249e9d7ea05e78dcfe040f09cc1f0c66bd410bae084190c743a028f"",""mega_wing"":""86bad6c02a303806c58137503739241dc6b1e86695f7c0dbf672b5e1a1464e9f"",""pyxel_jump"":""4743a825f1c9cae7e049ac52115f4ecf83350db546c00745a54af187d7bc2e46""}",a4549b2dce9dd637c5417c97810fa279e1bc6260d55175b7d9614896ff4636f5
1,426,formal-v1__extra__mega_wing+pyxel_bubbles+pyxel_jump+space_rescue__r03,formal-v1,colocation-extra-test,extra_test,extra_test,"[""mega_wing"",""pyxel_bubbles"",""pyxel_jump"",""space_rescue""]",mega_wing,"[""pyxel_bubbles"",""pyxel_jump"",""space_rescue""]",mega_wing+pyxel_bubbles+pyxel_jump+space_rescue,mega_wing+pyxel_bubbles+pyxel_jump+space_rescue__r03,,,3,7783474005910821502,20,60,1,20,windows-rtx4060,0,0,grid_2x2,true,82,1f4e3f3ce1069ad1b142225e539ac838483cf248849a3ee4b2d0608dd6f525bd,71ed4d4e65751a5957c2b1b7954da195b59eb885,data/raw/formal-v1/formal-v1__extra__mega_wing+pyxel_bubbles+pyxel_jump+space_rescue__r03,"{""mega_wing"":""games/pyxel/apps-src/mega_wing/mega_wing.py"",""pyxel_bubbles"":""games/pyxel/06_click_game.py"",""pyxel_jump"":""games/pyxel/02_jump_game.py"",""space_rescue"":""games/pyxel/apps-src/space_rescue/space_rescue.py""}","{""mega_wing"":""86bad6c02a303806c58137503739241dc6b1e86695f7c0dbf672b5e1a1464e9f"",""pyxel_bubbles"":""54c101e90bdaed839ac4c4284494530d5df37a5819a35f1e41eebb0b3da5d900"",""pyxel_jump"":""4743a825f1c9cae7e049ac52115f4ecf83350db546c00745a54af187d7bc2e46"",""space_rescue"":""f3b0ab6784ae558e64f06a3f0a704e53f107a130aa3d43357659d0850131e461""}",5c5abee04cca3b6b59d0d96ba39c57826114f5bb3fea37d579bf5ae5c55ea899
1,427,formal-v1__colocation__pyxel_platformer+space_rescue__r01,formal-v1,colocation-main,train,colocation,"[""pyxel_platformer"",""space_rescue""]",pyxel_platformer,"[""space_rescue""]",pyxel_platformer+space_rescue,pyxel_platformer+space_rescue__r01,,,1,2131886455317589181,20,60,1,20,windows-rtx4060,0,0,grid_2x2,true,82,1f4e3f3ce1069ad1b142225e539ac838483cf248849a3ee4b2d0608dd6f525bd,71ed4d4e65751a5957c2b1b7954da195b59eb885,data/raw/formal-v1/formal-v1__colocation__pyxel_platformer+space_rescue__r01,"{""pyxel_platformer"":""games/pyxel/10_platformer.py"",""space_rescue"":""games/pyxel/apps-src/space_rescue/space_rescue.py""}","{""pyxel_platformer"":""1b2c75b49dc9ab0254fb4b724682a4787868814a38d2f08920720dc5b6007ac5"",""space_rescue"":""f3b0ab6784ae558e64f06a3f0a704e53f107a130aa3d43357659d0850131e461""}",4d7c5917f2a0f70f5323fc2b8603da0f89bb926a4f75ea5e0cf62bc606451bb1
1,428,formal-v1__solo__mega_wing__r02,formal-v1,solo,not_applicable,solo,"[""mega_wing""]",mega_wing,[],,,,,2,6782080090585756855,20,60,1,20,windows-rtx4060,0,0,grid_2x2,true,82,1f4e3f3ce1069ad1b142225e539ac838483cf248849a3ee4b2d0608dd6f525bd,71ed4d4e65751a5957c2b1b7954da195b59eb885,data/raw/formal-v1/formal-v1__solo__mega_wing__r02,"{""mega_wing"":""games/pyxel/apps-src/mega_wing/mega_wing.py""}","{""mega_wing"":""86bad6c02a303806c58137503739241dc6b1e86695f7c0dbf672b5e1a1464e9f""}",5d259e708bf5cf006d563e3b535be59976a17a870eb183dbc24d2fa606b1fa61
1,429,formal-v1__profile__pyxel_jump__memory_bandwidth__p000__r02,formal-v1,profile,not_applicable,pressure_profile,"[""pyxel_jump""]",pyxel_jump,[],,,memory_bandwidth,0,2,13588203456933283143,20,60,1,20,windows-rtx4060,0,0,grid_2x2,true,82,1f4e3f3ce1069ad1b142225e539ac838483cf248849a3ee4b2d0608dd6f525bd,71ed4d4e65751a5957c2b1b7954da195b59eb885,data/raw/formal-v1/formal-v1__profile__pyxel_jump__memory_bandwidth__p000__r02,"{""pyxel_jump"":""games/pyxel/02_jump_game.py""}","{""pyxel_jump"":""4743a825f1c9cae7e049ac52115f4ecf83350db546c00745a54af187d7bc2e46""}",f5e5d3cd5e7a6ae7948b06a4016bae71b57bc8ccb78de35a64540fb764d8567f
1,430,formal-v1__profile__daylight__gpu_compute__p000__r02,formal-v1,profile,not_applicable,pressure_profile,"[""daylight""]",daylight,[],,,gpu_compute,0,2,16157781594656590833,20,60,1,20,windows-rtx4060,0,0,grid_2x2,true,82,1f4e3f3ce1069ad1b142225e539ac838483cf248849a3ee4b2d0608dd6f525bd,71ed4d4e65751a5957c2b1b7954da195b59eb885,data/raw/formal-v1/formal-v1__profile__daylight__gpu_compute__p000__r02,"{""daylight"":""games/pyxel/apps-src/30SecondsOfDaylight/src/main.py""}","{""daylight"":""21a365375249e9d7ea05e78dcfe040f09cc1f0c66bd410bae084190c743a028f""}",37883a12166678e41610085f2f10fec8fdedd8e690ce4fb2736dd53b7672b8d2
1,431,formal-v1__colocation__daylight+pyxel_jump__r02,formal-v1,colocation-main,test,colocation,"[""daylight"",""pyxel_jump""]",daylight,"[""pyxel_jump""]",daylight+pyxel_jump,daylight+pyxel_jump__r02,,,2,9029325478432763297,20,60,1,20,windows-rtx4060,0,0,grid_2x2,true,82,1f4e3f3ce1069ad1b142225e539ac838483cf248849a3ee4b2d0608dd6f525bd,71ed4d4e65751a5957c2b1b7954da195b59eb885,data/raw/formal-v1/formal-v1__colocation__daylight+pyxel_jump__r02,"{""daylight"":""games/pyxel/apps-src/30SecondsOfDaylight/src/main.py"",""pyxel_jump"":""games/pyxel/02_jump_game.py""}","{""daylight"":""21a365375249e9d7ea05e78dcfe040f09cc1f0c66bd410bae084190c743a028f"",""pyxel_jump"":""4743a825f1c9cae7e049ac52115f4ecf83350db546c00745a54af187d7bc2e46""}",939276ea101504e3aeea128d4a3e6c5ac52d91d7a06e77da82fa8339710c0bf8
1,432,formal-v1__profile__space_rescue__gpu_memory__p075__r01,formal-v1,profile,not_applicable,pressure_profile,"[""space_rescue""]",space_rescue,[],,,gpu_memory,0.75,1,6292989188391337375,20,60,1,20,windows-rtx4060,0,0,grid_2x2,true,82,1f4e3f3ce1069ad1b142225e539ac838483cf248849a3ee4b2d0608dd6f525bd,71ed4d4e65751a5957c2b1b7954da195b59eb885,data/raw/formal-v1/formal-v1__profile__space_rescue__gpu_memory__p075__r01,"{""space_rescue"":""games/pyxel/apps-src/space_rescue/space_rescue.py""}","{""space_rescue"":""f3b0ab6784ae558e64f06a3f0a704e53f107a130aa3d43357659d0850131e461""}",520419f8a3b92c3215f3f83163424f56ff6a9c50ff0cb9b8d5bb182e14f0699c
1,433,formal-v1__profile__pyxel_bubbles__memory_bandwidth__p000__r02,formal-v1,profile,not_applicable,pressure_profile,"[""pyxel_bubbles""]",pyxel_bubbles,[],,,memory_bandwidth,0,2,6217459820728876069,20,60,1,20,windows-rtx4060,0,0,grid_2x2,true,82,1f4e3f3ce1069ad1b142225e539ac838483cf248849a3ee4b2d0608dd6f525bd,71ed4d4e65751a5957c2b1b7954da195b59eb885,data/raw/formal-v1/formal-v1__profile__pyxel_bubbles__memory_bandwidth__p000__r02,"{""pyxel_bubbles"":""games/pyxel/06_click_game.py""}","{""pyxel_bubbles"":""54c101e90bdaed839ac4c4284494530d5df37a5819a35f1e41eebb0b3da5d900""}",dad9f841b247b60605e80c8578ef10e47615b74b97a16aeec38eb94c9b93e578
1,434,formal-v1__colocation__mega_wing+space_rescue__r03,formal-v1,colocation-main,validation,colocation,"[""mega_wing"",""space_rescue""]",mega_wing,"[""space_rescue""]",mega_wing+space_rescue,mega_wing+space_rescue__r03,,,3,11531573012873339119,20,60,1,20,windows-rtx4060,0,0,grid_2x2,true,82,1f4e3f3ce1069ad1b142225e539ac838483cf248849a3ee4b2d0608dd6f525bd,71ed4d4e65751a5957c2b1b7954da195b59eb885,data/raw/formal-v1/formal-v1__colocation__mega_wing+space_rescue__r03,"{""mega_wing"":""games/pyxel/apps-src/mega_wing/mega_wing.py"",""space_rescue"":""games/pyxel/apps-src/space_rescue/space_rescue.py""}","{""mega_wing"":""86bad6c02a303806c58137503739241dc6b1e86695f7c0dbf672b5e1a1464e9f"",""space_rescue"":""f3b0ab6784ae558e64f06a3f0a704e53f107a130aa3d43357659d0850131e461""}",ed1d53b43794e20d8e64a86f15bb905b77b9e86ed2afe03c18269a048989abca
1,435,formal-v1__profile__daylight__gpu_compute__p075__r01,formal-v1,profile,not_applicable,pressure_profile,"[""daylight""]",daylight,[],,,gpu_compute,0.75,1,1079891338874392414,20,60,1,20,windows-rtx4060,0,0,grid_2x2,true,82,1f4e3f3ce1069ad1b142225e539ac838483cf248849a3ee4b2d0608dd6f525bd,71ed4d4e65751a5957c2b1b7954da195b59eb885,data/raw/formal-v1/formal-v1__profile__daylight__gpu_compute__p075__r01,"{""daylight"":""games/pyxel/apps-src/30SecondsOfDaylight/src/main.py""}","{""daylight"":""21a365375249e9d7ea05e78dcfe040f09cc1f0c66bd410bae084190c743a028f""}",2528f89cdfd7abcbf7936af0ec7ae280f1c84b40127c0292bc8a29d7de76e028
1,436,formal-v1__colocation__mega_wing+pyxel_platformer__r02,formal-v1,colocation-main,test,colocation,"[""mega_wing"",""pyxel_platformer""]",mega_wing,"[""pyxel_platformer""]",mega_wing+pyxel_platformer,mega_wing+pyxel_platformer__r02,,,2,1539321592536955873,20,60,1,20,windows-rtx4060,0,0,grid_2x2,true,82,1f4e3f3ce1069ad1b142225e539ac838483cf248849a3ee4b2d0608dd6f525bd,71ed4d4e65751a5957c2b1b7954da195b59eb885,data/raw/formal-v1/formal-v1__colocation__mega_wing+pyxel_platformer__r02,"{""mega_wing"":""games/pyxel/apps-src/mega_wing/mega_wing.py"",""pyxel_platformer"":""games/pyxel/10_platformer.py""}","{""mega_wing"":""86bad6c02a303806c58137503739241dc6b1e86695f7c0dbf672b5e1a1464e9f"",""pyxel_platformer"":""1b2c75b49dc9ab0254fb4b724682a4787868814a38d2f08920720dc5b6007ac5""}",56d1728a2b587a2c22964186b798068cae0553e1a27161e4ef8695fada9d482b
1,437,formal-v1__profile__daylight__gpu_compute__p025__r02,formal-v1,profile,not_applicable,pressure_profile,"[""daylight""]",daylight,[],,,gpu_compute,0.25,2,2200622297103729097,20,60,1,20,windows-rtx4060,0,0,grid_2x2,true,82,1f4e3f3ce1069ad1b142225e539ac838483cf248849a3ee4b2d0608dd6f525bd,71ed4d4e65751a5957c2b1b7954da195b59eb885,data/raw/formal-v1/formal-v1__profile__daylight__gpu_compute__p025__r02,"{""daylight"":""games/pyxel/apps-src/30SecondsOfDaylight/src/main.py""}","{""daylight"":""21a365375249e9d7ea05e78dcfe040f09cc1f0c66bd410bae084190c743a028f""}",f58e00fc66d3d9e28a844d8fd300d0bd6bc747f7d230025b3e8bcd90c5a0021c
1,438,formal-v1__profile__daylight__gpu_memory__p050__r01,formal-v1,profile,not_applicable,pressure_profile,"[""daylight""]",daylight,[],,,gpu_memory,0.5,1,18161622273504515446,20,60,1,20,windows-rtx4060,0,0,grid_2x2,true,82,1f4e3f3ce1069ad1b142225e539ac838483cf248849a3ee4b2d0608dd6f525bd,71ed4d4e65751a5957c2b1b7954da195b59eb885,data/raw/formal-v1/formal-v1__profile__daylight__gpu_memory__p050__r01,"{""daylight"":""games/pyxel/apps-src/30SecondsOfDaylight/src/main.py""}","{""daylight"":""21a365375249e9d7ea05e78dcfe040f09cc1f0c66bd410bae084190c743a028f""}",65bf6b5f08d808974c81caa52b735cd394c633ce074d490298761f9374cc034e
1,439,formal-v1__extra__daylight+pyxel_jump+pyxel_snake+space_rescue__r01,formal-v1,colocation-extra-test,extra_test,extra_test,"[""daylight"",""pyxel_jump"",""pyxel_snake"",""space_rescue""]",daylight,"[""pyxel_jump"",""pyxel_snake"",""space_rescue""]",daylight+pyxel_jump+pyxel_snake+space_rescue,daylight+pyxel_jump+pyxel_snake+space_rescue__r01,,,1,9777641872591028060,20,60,1,20,windows-rtx4060,0,0,grid_2x2,true,82,1f4e3f3ce1069ad1b142225e539ac838483cf248849a3ee4b2d0608dd6f525bd,71ed4d4e65751a5957c2b1b7954da195b59eb885,data/raw/formal-v1/formal-v1__extra__daylight+pyxel_jump+pyxel_snake+space_rescue__r01,"{""daylight"":""games/pyxel/apps-src/30SecondsOfDaylight/src/main.py"",""pyxel_jump"":""games/pyxel/02_jump_game.py"",""pyxel_snake"":""games/pyxel/07_snake.py"",""space_rescue"":""games/pyxel/apps-src/space_rescue/space_rescue.py""}","{""daylight"":""21a365375249e9d7ea05e78dcfe040f09cc1f0c66bd410bae084190c743a028f"",""pyxel_jump"":""4743a825f1c9cae7e049ac52115f4ecf83350db546c00745a54af187d7bc2e46"",""pyxel_snake"":""bc533fef92d1d358e570f69d979919fe5c1cd8c4da49841104b49a1e661a5ac3"",""space_rescue"":""f3b0ab6784ae558e64f06a3f0a704e53f107a130aa3d43357659d0850131e461""}",7c03edf93a8addd48614e7927af2d61f209e68e213c92e8fe117109e66a3d048
1,440,formal-v1__colocation__daylight+pyxel_bubbles+pyxel_jump__r01,formal-v1,colocation-main,test,colocation,"[""daylight"",""pyxel_bubbles"",""pyxel_jump""]",daylight,"[""pyxel_bubbles"",""pyxel_jump""]",daylight+pyxel_bubbles+pyxel_jump,daylight+pyxel_bubbles+pyxel_jump__r01,,,1,10034402020970911095,20,60,1,20,windows-rtx4060,0,0,grid_2x2,true,82,1f4e3f3ce1069ad1b142225e539ac838483cf248849a3ee4b2d0608dd6f525bd,71ed4d4e65751a5957c2b1b7954da195b59eb885,data/raw/formal-v1/formal-v1__colocation__daylight+pyxel_bubbles+pyxel_jump__r01,"{""daylight"":""games/pyxel/apps-src/30SecondsOfDaylight/src/main.py"",""pyxel_bubbles"":""games/pyxel/06_click_game.py"",""pyxel_jump"":""games/pyxel/02_jump_game.py""}","{""daylight"":""21a365375249e9d7ea05e78dcfe040f09cc1f0c66bd410bae084190c743a028f"",""pyxel_bubbles"":""54c101e90bdaed839ac4c4284494530d5df37a5819a35f1e41eebb0b3da5d900"",""pyxel_jump"":""4743a825f1c9cae7e049ac52115f4ecf83350db546c00745a54af187d7bc2e46""}",1a99563ece9a90d0e824240328a19c3570f76b7bd3b7afc698f1c7f0e0d3bfb3
1,441,formal-v1__profile__space_rescue__cpu_compute__p075__r03,formal-v1,profile,not_applicable,pressure_profile,"[""space_rescue""]",space_rescue,[],,,cpu_compute,0.75,3,13737745328799238857,20,60,1,20,windows-rtx4060,0,0,grid_2x2,true,82,1f4e3f3ce1069ad1b142225e539ac838483cf248849a3ee4b2d0608dd6f525bd,71ed4d4e65751a5957c2b1b7954da195b59eb885,data/raw/formal-v1/formal-v1__profile__space_rescue__cpu_compute__p075__r03,"{""space_rescue"":""games/pyxel/apps-src/space_rescue/space_rescue.py""}","{""space_rescue"":""f3b0ab6784ae558e64f06a3f0a704e53f107a130aa3d43357659d0850131e461""}",e3f3303bd8c9a2c68e60dded3a05177153ad133a75a9f418367935d1e4a4e784
1,442,formal-v1__profile__pyxel_shooter__gpu_compute__p100__r01,formal-v1,profile,not_applicable,pressure_profile,"[""pyxel_shooter""]",pyxel_shooter,[],,,gpu_compute,1,1,12285315866866753686,20,60,1,20,windows-rtx4060,0,0,grid_2x2,true,82,1f4e3f3ce1069ad1b142225e539ac838483cf248849a3ee4b2d0608dd6f525bd,71ed4d4e65751a5957c2b1b7954da195b59eb885,data/raw/formal-v1/formal-v1__profile__pyxel_shooter__gpu_compute__p100__r01,"{""pyxel_shooter"":""games/pyxel/09_shooter.py""}","{""pyxel_shooter"":""0f53e4156907eac41080a8f289e22c89365b3239517c754cf59a51af201d5563""}",8c5799e16206071fa2a58a15600a5a8ea688e6ba27800a44d6dfebbd4111a094
1,443,formal-v1__colocation__mega_wing+pyxel_bubbles+pyxel_jump__r02,formal-v1,colocation-main,train,colocation,"[""mega_wing"",""pyxel_bubbles"",""pyxel_jump""]",mega_wing,"[""pyxel_bubbles"",""pyxel_jump""]",mega_wing+pyxel_bubbles+pyxel_jump,mega_wing+pyxel_bubbles+pyxel_jump__r02,,,2,2229726004738622377,20,60,1,20,windows-rtx4060,0,0,grid_2x2,true,82,1f4e3f3ce1069ad1b142225e539ac838483cf248849a3ee4b2d0608dd6f525bd,71ed4d4e65751a5957c2b1b7954da195b59eb885,data/raw/formal-v1/formal-v1__colocation__mega_wing+pyxel_bubbles+pyxel_jump__r02,"{""mega_wing"":""games/pyxel/apps-src/mega_wing/mega_wing.py"",""pyxel_bubbles"":""games/pyxel/06_click_game.py"",""pyxel_jump"":""games/pyxel/02_jump_game.py""}","{""mega_wing"":""86bad6c02a303806c58137503739241dc6b1e86695f7c0dbf672b5e1a1464e9f"",""pyxel_bubbles"":""54c101e90bdaed839ac4c4284494530d5df37a5819a35f1e41eebb0b3da5d900"",""pyxel_jump"":""4743a825f1c9cae7e049ac52115f4ecf83350db546c00745a54af187d7bc2e46""}",b902042a2198cd55e4be4883308784eca0ec468105197cecaec1e23d313d2ae8
1,444,formal-v1__colocation__pyxel_jump+pyxel_platformer+pyxel_snake__r02,formal-v1,colocation-main,train,colocation,"[""pyxel_jump"",""pyxel_platformer"",""pyxel_snake""]",pyxel_jump,"[""pyxel_platformer"",""pyxel_snake""]",pyxel_jump+pyxel_platformer+pyxel_snake,pyxel_jump+pyxel_platformer+pyxel_snake__r02,,,2,16689545828599394491,20,60,1,20,windows-rtx4060,0,0,grid_2x2,true,82,1f4e3f3ce1069ad1b142225e539ac838483cf248849a3ee4b2d0608dd6f525bd,71ed4d4e65751a5957c2b1b7954da195b59eb885,data/raw/formal-v1/formal-v1__colocation__pyxel_jump+pyxel_platformer+pyxel_snake__r02,"{""pyxel_jump"":""games/pyxel/02_jump_game.py"",""pyxel_platformer"":""games/pyxel/10_platformer.py"",""pyxel_snake"":""games/pyxel/07_snake.py""}","{""pyxel_jump"":""4743a825f1c9cae7e049ac52115f4ecf83350db546c00745a54af187d7bc2e46"",""pyxel_platformer"":""1b2c75b49dc9ab0254fb4b724682a4787868814a38d2f08920720dc5b6007ac5"",""pyxel_snake"":""bc533fef92d1d358e570f69d979919fe5c1cd8c4da49841104b49a1e661a5ac3""}",893fe2ff2a7ccab078e6a7211c187794ba6078f0de76b9df0412f9fd706895ce
1,445,formal-v1__profile__pyxel_snake__memory_bandwidth__p100__r03,formal-v1,profile,not_applicable,pressure_profile,"[""pyxel_snake""]",pyxel_snake,[],,,memory_bandwidth,1,3,17218695474744518647,20,60,1,20,windows-rtx4060,0,0,grid_2x2,true,82,1f4e3f3ce1069ad1b142225e539ac838483cf248849a3ee4b2d0608dd6f525bd,71ed4d4e65751a5957c2b1b7954da195b59eb885,data/raw/formal-v1/formal-v1__profile__pyxel_snake__memory_bandwidth__p100__r03,"{""pyxel_snake"":""games/pyxel/07_snake.py""}","{""pyxel_snake"":""bc533fef92d1d358e570f69d979919fe5c1cd8c4da49841104b49a1e661a5ac3""}",156cb0a1de241be1ade35122827f66fb97c04ff6ba643dcbd951bdf99203e7cd
1,446,formal-v1__profile__pyxel_shooter__memory_bandwidth__p100__r03,formal-v1,profile,not_applicable,pressure_profile,"[""pyxel_shooter""]",pyxel_shooter,[],,,memory_bandwidth,1,3,11724890538461242049,20,60,1,20,windows-rtx4060,0,0,grid_2x2,true,82,1f4e3f3ce1069ad1b142225e539ac838483cf248849a3ee4b2d0608dd6f525bd,71ed4d4e65751a5957c2b1b7954da195b59eb885,data/raw/formal-v1/formal-v1__profile__pyxel_shooter__memory_bandwidth__p100__r03,"{""pyxel_shooter"":""games/pyxel/09_shooter.py""}","{""pyxel_shooter"":""0f53e4156907eac41080a8f289e22c89365b3239517c754cf59a51af201d5563""}",d55b4faf6c0bf46b4b6f31997678a895d7b81f6a3043c700a2757c7d84cb1f58
1,447,formal-v1__profile__pyxel_jump__gpu_memory__p000__r01,formal-v1,profile,not_applicable,pressure_profile,"[""pyxel_jump""]",pyxel_jump,[],,,gpu_memory,0,1,6647778361192104066,20,60,1,20,windows-rtx4060,0,0,grid_2x2,true,82,1f4e3f3ce1069ad1b142225e539ac838483cf248849a3ee4b2d0608dd6f525bd,71ed4d4e65751a5957c2b1b7954da195b59eb885,data/raw/formal-v1/formal-v1__profile__pyxel_jump__gpu_memory__p000__r01,"{""pyxel_jump"":""games/pyxel/02_jump_game.py""}","{""pyxel_jump"":""4743a825f1c9cae7e049ac52115f4ecf83350db546c00745a54af187d7bc2e46""}",22fad452dff74b0c297d482a7cbefa8510ee1bffe8ba38cde3d2ee9252e1fea7
1,448,formal-v1__colocation__mega_wing+space_rescue__r02,formal-v1,colocation-main,validation,colocation,"[""mega_wing"",""space_rescue""]",mega_wing,"[""space_rescue""]",mega_wing+space_rescue,mega_wing+space_rescue__r02,,,2,8060724843457176203,20,60,1,20,windows-rtx4060,0,0,grid_2x2,true,82,1f4e3f3ce1069ad1b142225e539ac838483cf248849a3ee4b2d0608dd6f525bd,71ed4d4e65751a5957c2b1b7954da195b59eb885,data/raw/formal-v1/formal-v1__colocation__mega_wing+space_rescue__r02,"{""mega_wing"":""games/pyxel/apps-src/mega_wing/mega_wing.py"",""space_rescue"":""games/pyxel/apps-src/space_rescue/space_rescue.py""}","{""mega_wing"":""86bad6c02a303806c58137503739241dc6b1e86695f7c0dbf672b5e1a1464e9f"",""space_rescue"":""f3b0ab6784ae558e64f06a3f0a704e53f107a130aa3d43357659d0850131e461""}",e8b1aa569003cc8282f3a7cba5a92d6ce086e7c7f5e9f5721e5481289f840425
1,449,formal-v1__colocation__pyxel_bubbles+pyxel_jump+pyxel_platformer__r01,formal-v1,colocation-main,train,colocation,"[""pyxel_bubbles"",""pyxel_jump"",""pyxel_platformer""]",pyxel_bubbles,"[""pyxel_jump"",""pyxel_platformer""]",pyxel_bubbles+pyxel_jump+pyxel_platformer,pyxel_bubbles+pyxel_jump+pyxel_platformer__r01,,,1,15472522791530990153,20,60,1,20,windows-rtx4060,0,0,grid_2x2,true,82,1f4e3f3ce1069ad1b142225e539ac838483cf248849a3ee4b2d0608dd6f525bd,71ed4d4e65751a5957c2b1b7954da195b59eb885,data/raw/formal-v1/formal-v1__colocation__pyxel_bubbles+pyxel_jump+pyxel_platformer__r01,"{""pyxel_bubbles"":""games/pyxel/06_click_game.py"",""pyxel_jump"":""games/pyxel/02_jump_game.py"",""pyxel_platformer"":""games/pyxel/10_platformer.py""}","{""pyxel_bubbles"":""54c101e90bdaed839ac4c4284494530d5df37a5819a35f1e41eebb0b3da5d900"",""pyxel_jump"":""4743a825f1c9cae7e049ac52115f4ecf83350db546c00745a54af187d7bc2e46"",""pyxel_platformer"":""1b2c75b49dc9ab0254fb4b724682a4787868814a38d2f08920720dc5b6007ac5""}",6d5445a8e12d3f772c399738cfbf17fde09f8b55666bc9c3158d04fa0ea7bac4
1,450,formal-v1__profile__mega_wing__gpu_memory__p000__r03,formal-v1,profile,not_applicable,pressure_profile,"[""mega_wing""]",mega_wing,[],,,gpu_memory,0,3,6200757508843279353,20,60,1,20,windows-rtx4060,0,0,grid_2x2,true,82,1f4e3f3ce1069ad1b142225e539ac838483cf248849a3ee4b2d0608dd6f525bd,71ed4d4e65751a5957c2b1b7954da195b59eb885,data/raw/formal-v1/formal-v1__profile__mega_wing__gpu_memory__p000__r03,"{""mega_wing"":""games/pyxel/apps-src/mega_wing/mega_wing.py""}","{""mega_wing"":""86bad6c02a303806c58137503739241dc6b1e86695f7c0dbf672b5e1a1464e9f""}",026de2b4ace778074f76b2967d9efc57de20eaef6d16148651fa552b91a36920
1,451,formal-v1__profile__pyxel_bubbles__gpu_compute__p025__r01,formal-v1,profile,not_applicable,pressure_profile,"[""pyxel_bubbles""]",pyxel_bubbles,[],,,gpu_compute,0.25,1,149416636897416742,20,60,1,20,windows-rtx4060,0,0,grid_2x2,true,82,1f4e3f3ce1069ad1b142225e539ac838483cf248849a3ee4b2d0608dd6f525bd,71ed4d4e65751a5957c2b1b7954da195b59eb885,data/raw/formal-v1/formal-v1__profile__pyxel_bubbles__gpu_compute__p025__r01,"{""pyxel_bubbles"":""games/pyxel/06_click_game.py""}","{""pyxel_bubbles"":""54c101e90bdaed839ac4c4284494530d5df37a5819a35f1e41eebb0b3da5d900""}",a1c4ac858825e88fbd991ac50093c635fafa80da70585d8277888cd269bc63f1
1,452,formal-v1__colocation__pyxel_jump+pyxel_platformer+space_rescue__r02,formal-v1,colocation-main,train,colocation,"[""pyxel_jump"",""pyxel_platformer"",""space_rescue""]",pyxel_jump,"[""pyxel_platformer"",""space_rescue""]",pyxel_jump+pyxel_platformer+space_rescue,pyxel_jump+pyxel_platformer+space_rescue__r02,,,2,9238944108849120796,20,60,1,20,windows-rtx4060,0,0,grid_2x2,true,82,1f4e3f3ce1069ad1b142225e539ac838483cf248849a3ee4b2d0608dd6f525bd,71ed4d4e65751a5957c2b1b7954da195b59eb885,data/raw/formal-v1/formal-v1__colocation__pyxel_jump+pyxel_platformer+space_rescue__r02,"{""pyxel_jump"":""games/pyxel/02_jump_game.py"",""pyxel_platformer"":""games/pyxel/10_platformer.py"",""space_rescue"":""games/pyxel/apps-src/space_rescue/space_rescue.py""}","{""pyxel_jump"":""4743a825f1c9cae7e049ac52115f4ecf83350db546c00745a54af187d7bc2e46"",""pyxel_platformer"":""1b2c75b49dc9ab0254fb4b724682a4787868814a38d2f08920720dc5b6007ac5"",""space_rescue"":""f3b0ab6784ae558e64f06a3f0a704e53f107a130aa3d43357659d0850131e461""}",faa927bc37ad535434e30dc098babd4de9feecb58bc7980201bf32cd70745ca3
1,453,formal-v1__profile__pyxel_platformer__cpu_compute__p050__r02,formal-v1,profile,not_applicable,pressure_profile,"[""pyxel_platformer""]",pyxel_platformer,[],,,cpu_compute,0.5,2,3524156227081131149,20,60,1,20,windows-rtx4060,0,0,grid_2x2,true,82,1f4e3f3ce1069ad1b142225e539ac838483cf248849a3ee4b2d0608dd6f525bd,71ed4d4e65751a5957c2b1b7954da195b59eb885,data/raw/formal-v1/formal-v1__profile__pyxel_platformer__cpu_compute__p050__r02,"{""pyxel_platformer"":""games/pyxel/10_platformer.py""}","{""pyxel_platformer"":""1b2c75b49dc9ab0254fb4b724682a4787868814a38d2f08920720dc5b6007ac5""}",0a8619d1fbbf87177a57d552738e80b1d4349ca1d3f3b7c4957e706a0404324a
1,454,formal-v1__profile__pyxel_bubbles__cpu_compute__p050__r02,formal-v1,profile,not_applicable,pressure_profile,"[""pyxel_bubbles""]",pyxel_bubbles,[],,,cpu_compute,0.5,2,3591286646246706183,20,60,1,20,windows-rtx4060,0,0,grid_2x2,true,82,1f4e3f3ce1069ad1b142225e539ac838483cf248849a3ee4b2d0608dd6f525bd,71ed4d4e65751a5957c2b1b7954da195b59eb885,data/raw/formal-v1/formal-v1__profile__pyxel_bubbles__cpu_compute__p050__r02,"{""pyxel_bubbles"":""games/pyxel/06_click_game.py""}","{""pyxel_bubbles"":""54c101e90bdaed839ac4c4284494530d5df37a5819a35f1e41eebb0b3da5d900""}",80fd26164b17d1f11d909dcb255401326001f58049b7241d992b3d5dd53a7b23
1,455,formal-v1__profile__pyxel_jump__gpu_memory__p100__r02,formal-v1,profile,not_applicable,pressure_profile,"[""pyxel_jump""]",pyxel_jump,[],,,gpu_memory,1,2,8656185759468934060,20,60,1,20,windows-rtx4060,0,0,grid_2x2,true,82,1f4e3f3ce1069ad1b142225e539ac838483cf248849a3ee4b2d0608dd6f525bd,71ed4d4e65751a5957c2b1b7954da195b59eb885,data/raw/formal-v1/formal-v1__profile__pyxel_jump__gpu_memory__p100__r02,"{""pyxel_jump"":""games/pyxel/02_jump_game.py""}","{""pyxel_jump"":""4743a825f1c9cae7e049ac52115f4ecf83350db546c00745a54af187d7bc2e46""}",6970570a1874f5939a0a8d40c3056ab3d069f39512c08d3231d71c1440dce163
1,456,formal-v1__profile__pyxel_snake__memory_bandwidth__p050__r03,formal-v1,profile,not_applicable,pressure_profile,"[""pyxel_snake""]",pyxel_snake,[],,,memory_bandwidth,0.5,3,9249909982490903901,20,60,1,20,windows-rtx4060,0,0,grid_2x2,true,82,1f4e3f3ce1069ad1b142225e539ac838483cf248849a3ee4b2d0608dd6f525bd,71ed4d4e65751a5957c2b1b7954da195b59eb885,data/raw/formal-v1/formal-v1__profile__pyxel_snake__memory_bandwidth__p050__r03,"{""pyxel_snake"":""games/pyxel/07_snake.py""}","{""pyxel_snake"":""bc533fef92d1d358e570f69d979919fe5c1cd8c4da49841104b49a1e661a5ac3""}",de82832466def67f97dcfaa4b744b18540f66fc387c135888d67bca07bf97dc5
1,457,formal-v1__profile__pyxel_snake__gpu_compute__p100__r01,formal-v1,profile,not_applicable,pressure_profile,"[""pyxel_snake""]",pyxel_snake,[],,,gpu_compute,1,1,3308820749369498055,20,60,1,20,windows-rtx4060,0,0,grid_2x2,true,82,1f4e3f3ce1069ad1b142225e539ac838483cf248849a3ee4b2d0608dd6f525bd,71ed4d4e65751a5957c2b1b7954da195b59eb885,data/raw/formal-v1/formal-v1__profile__pyxel_snake__gpu_compute__p100__r01,"{""pyxel_snake"":""games/pyxel/07_snake.py""}","{""pyxel_snake"":""bc533fef92d1d358e570f69d979919fe5c1cd8c4da49841104b49a1e661a5ac3""}",315b45eb5352e0827ce08ef5100c9249c41833ad85d688d66374676adf63ba95
1,458,formal-v1__profile__daylight__gpu_memory__p000__r02,formal-v1,profile,not_applicable,pressure_profile,"[""daylight""]",daylight,[],,,gpu_memory,0,2,7374920704241524300,20,60,1,20,windows-rtx4060,0,0,grid_2x2,true,82,1f4e3f3ce1069ad1b142225e539ac838483cf248849a3ee4b2d0608dd6f525bd,71ed4d4e65751a5957c2b1b7954da195b59eb885,data/raw/formal-v1/formal-v1__profile__daylight__gpu_memory__p000__r02,"{""daylight"":""games/pyxel/apps-src/30SecondsOfDaylight/src/main.py""}","{""daylight"":""21a365375249e9d7ea05e78dcfe040f09cc1f0c66bd410bae084190c743a028f""}",1ced378fd2b98171619a81764c97694484970ba2a801c9df96dead3b49a5b619
1,459,formal-v1__profile__space_rescue__gpu_compute__p075__r01,formal-v1,profile,not_applicable,pressure_profile,"[""space_rescue""]",space_rescue,[],,,gpu_compute,0.75,1,7279084081483763361,20,60,1,20,windows-rtx4060,0,0,grid_2x2,true,82,1f4e3f3ce1069ad1b142225e539ac838483cf248849a3ee4b2d0608dd6f525bd,71ed4d4e65751a5957c2b1b7954da195b59eb885,data/raw/formal-v1/formal-v1__profile__space_rescue__gpu_compute__p075__r01,"{""space_rescue"":""games/pyxel/apps-src/space_rescue/space_rescue.py""}","{""space_rescue"":""f3b0ab6784ae558e64f06a3f0a704e53f107a130aa3d43357659d0850131e461""}",8fcd69ed0c4f14d99c1fd92264990f01c0989890bcecdf38c5de19b982469af3
1,460,formal-v1__profile__pyxel_jump__gpu_memory__p025__r02,formal-v1,profile,not_applicable,pressure_profile,"[""pyxel_jump""]",pyxel_jump,[],,,gpu_memory,0.25,2,5297649724675066393,20,60,1,20,windows-rtx4060,0,0,grid_2x2,true,82,1f4e3f3ce1069ad1b142225e539ac838483cf248849a3ee4b2d0608dd6f525bd,71ed4d4e65751a5957c2b1b7954da195b59eb885,data/raw/formal-v1/formal-v1__profile__pyxel_jump__gpu_memory__p025__r02,"{""pyxel_jump"":""games/pyxel/02_jump_game.py""}","{""pyxel_jump"":""4743a825f1c9cae7e049ac52115f4ecf83350db546c00745a54af187d7bc2e46""}",e93a6bb1d3a497340ca9bb412e594e2df9a097ee2868f4bf39984aa38055080e
1,461,formal-v1__profile__space_rescue__gpu_compute__p025__r03,formal-v1,profile,not_applicable,pressure_profile,"[""space_rescue""]",space_rescue,[],,,gpu_compute,0.25,3,8520314496541207895,20,60,1,20,windows-rtx4060,0,0,grid_2x2,true,82,1f4e3f3ce1069ad1b142225e539ac838483cf248849a3ee4b2d0608dd6f525bd,71ed4d4e65751a5957c2b1b7954da195b59eb885,data/raw/formal-v1/formal-v1__profile__space_rescue__gpu_compute__p025__r03,"{""space_rescue"":""games/pyxel/apps-src/space_rescue/space_rescue.py""}","{""space_rescue"":""f3b0ab6784ae558e64f06a3f0a704e53f107a130aa3d43357659d0850131e461""}",3014d8f3519b9d15f971ff5303ae272052ec04cc3f0dd99a5d6acf92c2b78847
1,462,formal-v1__profile__pyxel_shooter__gpu_compute__p050__r03,formal-v1,profile,not_applicable,pressure_profile,"[""pyxel_shooter""]",pyxel_shooter,[],,,gpu_compute,0.5,3,5534066133043590469,20,60,1,20,windows-rtx4060,0,0,grid_2x2,true,82,1f4e3f3ce1069ad1b142225e539ac838483cf248849a3ee4b2d0608dd6f525bd,71ed4d4e65751a5957c2b1b7954da195b59eb885,data/raw/formal-v1/formal-v1__profile__pyxel_shooter__gpu_compute__p050__r03,"{""pyxel_shooter"":""games/pyxel/09_shooter.py""}","{""pyxel_shooter"":""0f53e4156907eac41080a8f289e22c89365b3239517c754cf59a51af201d5563""}",5b45d528b92e3c20e8e0d45f56e104b04afd9688855daefef577a8bf74522293
1,463,formal-v1__extra__pyxel_jump+pyxel_platformer+pyxel_shooter+space_rescue__r01,formal-v1,colocation-extra-test,extra_test,extra_test,"[""pyxel_jump"",""pyxel_platformer"",""pyxel_shooter"",""space_rescue""]",pyxel_jump,"[""pyxel_platformer"",""pyxel_shooter"",""space_rescue""]",pyxel_jump+pyxel_platformer+pyxel_shooter+space_rescue,pyxel_jump+pyxel_platformer+pyxel_shooter+space_rescue__r01,,,1,8773923703025005668,20,60,1,20,windows-rtx4060,0,0,grid_2x2,true,82,1f4e3f3ce1069ad1b142225e539ac838483cf248849a3ee4b2d0608dd6f525bd,71ed4d4e65751a5957c2b1b7954da195b59eb885,data/raw/formal-v1/formal-v1__extra__pyxel_jump+pyxel_platformer+pyxel_shooter+space_rescue__r01,"{""pyxel_jump"":""games/pyxel/02_jump_game.py"",""pyxel_platformer"":""games/pyxel/10_platformer.py"",""pyxel_shooter"":""games/pyxel/09_shooter.py"",""space_rescue"":""games/pyxel/apps-src/space_rescue/space_rescue.py""}","{""pyxel_jump"":""4743a825f1c9cae7e049ac52115f4ecf83350db546c00745a54af187d7bc2e46"",""pyxel_platformer"":""1b2c75b49dc9ab0254fb4b724682a4787868814a38d2f08920720dc5b6007ac5"",""pyxel_shooter"":""0f53e4156907eac41080a8f289e22c89365b3239517c754cf59a51af201d5563"",""space_rescue"":""f3b0ab6784ae558e64f06a3f0a704e53f107a130aa3d43357659d0850131e461""}",93a451271f6cc6eb42a749788d8b2fff60f02b8f8f9eeb3055f5ca3e7491c6ab
1,464,formal-v1__colocation__daylight+mega_wing+space_rescue__r02,formal-v1,colocation-main,train,colocation,"[""daylight"",""mega_wing"",""space_rescue""]",daylight,"[""mega_wing"",""space_rescue""]",daylight+mega_wing+space_rescue,daylight+mega_wing+space_rescue__r02,,,2,13201791575080300822,20,60,1,20,windows-rtx4060,0,0,grid_2x2,true,82,1f4e3f3ce1069ad1b142225e539ac838483cf248849a3ee4b2d0608dd6f525bd,71ed4d4e65751a5957c2b1b7954da195b59eb885,data/raw/formal-v1/formal-v1__colocation__daylight+mega_wing+space_rescue__r02,"{""daylight"":""games/pyxel/apps-src/30SecondsOfDaylight/src/main.py"",""mega_wing"":""games/pyxel/apps-src/mega_wing/mega_wing.py"",""space_rescue"":""games/pyxel/apps-src/space_rescue/space_rescue.py""}","{""daylight"":""21a365375249e9d7ea05e78dcfe040f09cc1f0c66bd410bae084190c743a028f"",""mega_wing"":""86bad6c02a303806c58137503739241dc6b1e86695f7c0dbf672b5e1a1464e9f"",""space_rescue"":""f3b0ab6784ae558e64f06a3f0a704e53f107a130aa3d43357659d0850131e461""}",1f1979eaa82880102f8724145f3ffb18b13b4d1e3182f3c2e582c7375a8dbfb5
1,465,formal-v1__colocation__daylight+pyxel_jump+space_rescue__r02,formal-v1,colocation-main,train,colocation,"[""daylight"",""pyxel_jump"",""space_rescue""]",daylight,"[""pyxel_jump"",""space_rescue""]",daylight+pyxel_jump+space_rescue,daylight+pyxel_jump+space_rescue__r02,,,2,18067767290852735786,20,60,1,20,windows-rtx4060,0,0,grid_2x2,true,82,1f4e3f3ce1069ad1b142225e539ac838483cf248849a3ee4b2d0608dd6f525bd,71ed4d4e65751a5957c2b1b7954da195b59eb885,data/raw/formal-v1/formal-v1__colocation__daylight+pyxel_jump+space_rescue__r02,"{""daylight"":""games/pyxel/apps-src/30SecondsOfDaylight/src/main.py"",""pyxel_jump"":""games/pyxel/02_jump_game.py"",""space_rescue"":""games/pyxel/apps-src/space_rescue/space_rescue.py""}","{""daylight"":""21a365375249e9d7ea05e78dcfe040f09cc1f0c66bd410bae084190c743a028f"",""pyxel_jump"":""4743a825f1c9cae7e049ac52115f4ecf83350db546c00745a54af187d7bc2e46"",""space_rescue"":""f3b0ab6784ae558e64f06a3f0a704e53f107a130aa3d43357659d0850131e461""}",456e9b2f38abf1f0089e23bc60d5f94e0bb1e947583f9365bb21167728825474
1,466,formal-v1__colocation__daylight+mega_wing+pyxel_shooter__r01,formal-v1,colocation-main,validation,colocation,"[""daylight"",""mega_wing"",""pyxel_shooter""]",daylight,"[""mega_wing"",""pyxel_shooter""]",daylight+mega_wing+pyxel_shooter,daylight+mega_wing+pyxel_shooter__r01,,,1,15468395089088265240,20,60,1,20,windows-rtx4060,0,0,grid_2x2,true,82,1f4e3f3ce1069ad1b142225e539ac838483cf248849a3ee4b2d0608dd6f525bd,71ed4d4e65751a5957c2b1b7954da195b59eb885,data/raw/formal-v1/formal-v1__colocation__daylight+mega_wing+pyxel_shooter__r01,"{""daylight"":""games/pyxel/apps-src/30SecondsOfDaylight/src/main.py"",""mega_wing"":""games/pyxel/apps-src/mega_wing/mega_wing.py"",""pyxel_shooter"":""games/pyxel/09_shooter.py""}","{""daylight"":""21a365375249e9d7ea05e78dcfe040f09cc1f0c66bd410bae084190c743a028f"",""mega_wing"":""86bad6c02a303806c58137503739241dc6b1e86695f7c0dbf672b5e1a1464e9f"",""pyxel_shooter"":""0f53e4156907eac41080a8f289e22c89365b3239517c754cf59a51af201d5563""}",e76d99768509e9cf52ddf57521eb98bb12d1d9e7fe18d90832c8d68c327a490b
1,467,formal-v1__colocation__pyxel_jump+space_rescue__r02,formal-v1,colocation-main,train,colocation,"[""pyxel_jump"",""space_rescue""]",pyxel_jump,"[""space_rescue""]",pyxel_jump+space_rescue,pyxel_jump+space_rescue__r02,,,2,5232719047817812495,20,60,1,20,windows-rtx4060,0,0,grid_2x2,true,82,1f4e3f3ce1069ad1b142225e539ac838483cf248849a3ee4b2d0608dd6f525bd,71ed4d4e65751a5957c2b1b7954da195b59eb885,data/raw/formal-v1/formal-v1__colocation__pyxel_jump+space_rescue__r02,"{""pyxel_jump"":""games/pyxel/02_jump_game.py"",""space_rescue"":""games/pyxel/apps-src/space_rescue/space_rescue.py""}","{""pyxel_jump"":""4743a825f1c9cae7e049ac52115f4ecf83350db546c00745a54af187d7bc2e46"",""space_rescue"":""f3b0ab6784ae558e64f06a3f0a704e53f107a130aa3d43357659d0850131e461""}",3ab4cf797f884e46e2a0a0eadd4b3841e02ee1176d2476ab7a20b3c315a33528
1,468,formal-v1__profile__pyxel_jump__memory_bandwidth__p100__r01,formal-v1,profile,not_applicable,pressure_profile,"[""pyxel_jump""]",pyxel_jump,[],,,memory_bandwidth,1,1,9875989086911078753,20,60,1,20,windows-rtx4060,0,0,grid_2x2,true,82,1f4e3f3ce1069ad1b142225e539ac838483cf248849a3ee4b2d0608dd6f525bd,71ed4d4e65751a5957c2b1b7954da195b59eb885,data/raw/formal-v1/formal-v1__profile__pyxel_jump__memory_bandwidth__p100__r01,"{""pyxel_jump"":""games/pyxel/02_jump_game.py""}","{""pyxel_jump"":""4743a825f1c9cae7e049ac52115f4ecf83350db546c00745a54af187d7bc2e46""}",269b95b6b11a340971b889ae436330d03d09e323207bc410a6dd970a197b82a1
1,469,formal-v1__profile__daylight__cpu_compute__p000__r01,formal-v1,profile,not_applicable,pressure_profile,"[""daylight""]",daylight,[],,,cpu_compute,0,1,12653542332541665964,20,60,1,20,windows-rtx4060,0,0,grid_2x2,true,82,1f4e3f3ce1069ad1b142225e539ac838483cf248849a3ee4b2d0608dd6f525bd,71ed4d4e65751a5957c2b1b7954da195b59eb885,data/raw/formal-v1/formal-v1__profile__daylight__cpu_compute__p000__r01,"{""daylight"":""games/pyxel/apps-src/30SecondsOfDaylight/src/main.py""}","{""daylight"":""21a365375249e9d7ea05e78dcfe040f09cc1f0c66bd410bae084190c743a028f""}",a9403287738056d2c10a76f515cfb81f434d57301ffaf82046906cd92b75a922
1,470,formal-v1__profile__pyxel_shooter__cpu_compute__p000__r01,formal-v1,profile,not_applicable,pressure_profile,"[""pyxel_shooter""]",pyxel_shooter,[],,,cpu_compute,0,1,1773463543124425560,20,60,1,20,windows-rtx4060,0,0,grid_2x2,true,82,1f4e3f3ce1069ad1b142225e539ac838483cf248849a3ee4b2d0608dd6f525bd,71ed4d4e65751a5957c2b1b7954da195b59eb885,data/raw/formal-v1/formal-v1__profile__pyxel_shooter__cpu_compute__p000__r01,"{""pyxel_shooter"":""games/pyxel/09_shooter.py""}","{""pyxel_shooter"":""0f53e4156907eac41080a8f289e22c89365b3239517c754cf59a51af201d5563""}",7126b609ebe0dd1de9a6681c14a693f56a185e1e2e3f81b27717e29ba1002106
1,471,formal-v1__profile__daylight__memory_bandwidth__p050__r03,formal-v1,profile,not_applicable,pressure_profile,"[""daylight""]",daylight,[],,,memory_bandwidth,0.5,3,11504194784090778569,20,60,1,20,windows-rtx4060,0,0,grid_2x2,true,82,1f4e3f3ce1069ad1b142225e539ac838483cf248849a3ee4b2d0608dd6f525bd,71ed4d4e65751a5957c2b1b7954da195b59eb885,data/raw/formal-v1/formal-v1__profile__daylight__memory_bandwidth__p050__r03,"{""daylight"":""games/pyxel/apps-src/30SecondsOfDaylight/src/main.py""}","{""daylight"":""21a365375249e9d7ea05e78dcfe040f09cc1f0c66bd410bae084190c743a028f""}",192c1d41e06318373b533f5e7e2a3eeb3f667ec5016b29902f37b16febab4c5c
1,472,formal-v1__profile__daylight__gpu_memory__p000__r01,formal-v1,profile,not_applicable,pressure_profile,"[""daylight""]",daylight,[],,,gpu_memory,0,1,11678635010054922399,20,60,1,20,windows-rtx4060,0,0,grid_2x2,true,82,1f4e3f3ce1069ad1b142225e539ac838483cf248849a3ee4b2d0608dd6f525bd,71ed4d4e65751a5957c2b1b7954da195b59eb885,data/raw/formal-v1/formal-v1__profile__daylight__gpu_memory__p000__r01,"{""daylight"":""games/pyxel/apps-src/30SecondsOfDaylight/src/main.py""}","{""daylight"":""21a365375249e9d7ea05e78dcfe040f09cc1f0c66bd410bae084190c743a028f""}",e69eebf0c4aed0010b48c4ab8ad9809820f21fea6aec30d0f5bd22cec64251eb
1,473,formal-v1__profile__pyxel_platformer__gpu_memory__p075__r01,formal-v1,profile,not_applicable,pressure_profile,"[""pyxel_platformer""]",pyxel_platformer,[],,,gpu_memory,0.75,1,10486814864336015487,20,60,1,20,windows-rtx4060,0,0,grid_2x2,true,82,1f4e3f3ce1069ad1b142225e539ac838483cf248849a3ee4b2d0608dd6f525bd,71ed4d4e65751a5957c2b1b7954da195b59eb885,data/raw/formal-v1/formal-v1__profile__pyxel_platformer__gpu_memory__p075__r01,"{""pyxel_platformer"":""games/pyxel/10_platformer.py""}","{""pyxel_platformer"":""1b2c75b49dc9ab0254fb4b724682a4787868814a38d2f08920720dc5b6007ac5""}",7766eae787a27f3a58a673b142e470e39d6c6ec63ed916ff3554032fb21c5098
1,474,formal-v1__colocation__daylight+pyxel_platformer__r02,formal-v1,colocation-main,validation,colocation,"[""daylight"",""pyxel_platformer""]",daylight,"[""pyxel_platformer""]",daylight+pyxel_platformer,daylight+pyxel_platformer__r02,,,2,14208229474584862758,20,60,1,20,windows-rtx4060,0,0,grid_2x2,true,82,1f4e3f3ce1069ad1b142225e539ac838483cf248849a3ee4b2d0608dd6f525bd,71ed4d4e65751a5957c2b1b7954da195b59eb885,data/raw/formal-v1/formal-v1__colocation__daylight+pyxel_platformer__r02,"{""daylight"":""games/pyxel/apps-src/30SecondsOfDaylight/src/main.py"",""pyxel_platformer"":""games/pyxel/10_platformer.py""}","{""daylight"":""21a365375249e9d7ea05e78dcfe040f09cc1f0c66bd410bae084190c743a028f"",""pyxel_platformer"":""1b2c75b49dc9ab0254fb4b724682a4787868814a38d2f08920720dc5b6007ac5""}",ef5136d2530a25b15a9d08adb9452723e8a0ed6dec46f8d1c3a3c48519308b75
1,475,formal-v1__profile__mega_wing__memory_bandwidth__p000__r03,formal-v1,profile,not_applicable,pressure_profile,"[""mega_wing""]",mega_wing,[],,,memory_bandwidth,0,3,16041027278042840818,20,60,1,20,windows-rtx4060,0,0,grid_2x2,true,82,1f4e3f3ce1069ad1b142225e539ac838483cf248849a3ee4b2d0608dd6f525bd,71ed4d4e65751a5957c2b1b7954da195b59eb885,data/raw/formal-v1/formal-v1__profile__mega_wing__memory_bandwidth__p000__r03,"{""mega_wing"":""games/pyxel/apps-src/mega_wing/mega_wing.py""}","{""mega_wing"":""86bad6c02a303806c58137503739241dc6b1e86695f7c0dbf672b5e1a1464e9f""}",0c9471ba8b372a5cfd222055f0beae8f5d3b93fbf902a31924aa2be242a84e36
1,476,formal-v1__profile__pyxel_shooter__memory_bandwidth__p025__r02,formal-v1,profile,not_applicable,pressure_profile,"[""pyxel_shooter""]",pyxel_shooter,[],,,memory_bandwidth,0.25,2,10911692790553780930,20,60,1,20,windows-rtx4060,0,0,grid_2x2,true,82,1f4e3f3ce1069ad1b142225e539ac838483cf248849a3ee4b2d0608dd6f525bd,71ed4d4e65751a5957c2b1b7954da195b59eb885,data/raw/formal-v1/formal-v1__profile__pyxel_shooter__memory_bandwidth__p025__r02,"{""pyxel_shooter"":""games/pyxel/09_shooter.py""}","{""pyxel_shooter"":""0f53e4156907eac41080a8f289e22c89365b3239517c754cf59a51af201d5563""}",d5aa7983b7cbd32f60a4992763185e9f78b125f46abafe9e9a17650adba99b9d
1,477,formal-v1__extra__daylight+pyxel_jump+pyxel_snake+space_rescue__r03,formal-v1,colocation-extra-test,extra_test,extra_test,"[""daylight"",""pyxel_jump"",""pyxel_snake"",""space_rescue""]",daylight,"[""pyxel_jump"",""pyxel_snake"",""space_rescue""]",daylight+pyxel_jump+pyxel_snake+space_rescue,daylight+pyxel_jump+pyxel_snake+space_rescue__r03,,,3,5817121819038531617,20,60,1,20,windows-rtx4060,0,0,grid_2x2,true,82,1f4e3f3ce1069ad1b142225e539ac838483cf248849a3ee4b2d0608dd6f525bd,71ed4d4e65751a5957c2b1b7954da195b59eb885,data/raw/formal-v1/formal-v1__extra__daylight+pyxel_jump+pyxel_snake+space_rescue__r03,"{""daylight"":""games/pyxel/apps-src/30SecondsOfDaylight/src/main.py"",""pyxel_jump"":""games/pyxel/02_jump_game.py"",""pyxel_snake"":""games/pyxel/07_snake.py"",""space_rescue"":""games/pyxel/apps-src/space_rescue/space_rescue.py""}","{""daylight"":""21a365375249e9d7ea05e78dcfe040f09cc1f0c66bd410bae084190c743a028f"",""pyxel_jump"":""4743a825f1c9cae7e049ac52115f4ecf83350db546c00745a54af187d7bc2e46"",""pyxel_snake"":""bc533fef92d1d358e570f69d979919fe5c1cd8c4da49841104b49a1e661a5ac3"",""space_rescue"":""f3b0ab6784ae558e64f06a3f0a704e53f107a130aa3d43357659d0850131e461""}",505b1c6e01b6b0fb1d7c38e7061d7ef95289abc4a760c34a76a06ae8f150b8a1
1,478,formal-v1__profile__pyxel_shooter__cpu_compute__p000__r03,formal-v1,profile,not_applicable,pressure_profile,"[""pyxel_shooter""]",pyxel_shooter,[],,,cpu_compute,0,3,3087643120504217374,20,60,1,20,windows-rtx4060,0,0,grid_2x2,true,82,1f4e3f3ce1069ad1b142225e539ac838483cf248849a3ee4b2d0608dd6f525bd,71ed4d4e65751a5957c2b1b7954da195b59eb885,data/raw/formal-v1/formal-v1__profile__pyxel_shooter__cpu_compute__p000__r03,"{""pyxel_shooter"":""games/pyxel/09_shooter.py""}","{""pyxel_shooter"":""0f53e4156907eac41080a8f289e22c89365b3239517c754cf59a51af201d5563""}",213de7d20714f2e49a9e08309e6417ba3c5bdb3215339d5d647432e8de2ed7e8
1,479,formal-v1__profile__pyxel_platformer__gpu_memory__p000__r02,formal-v1,profile,not_applicable,pressure_profile,"[""pyxel_platformer""]",pyxel_platformer,[],,,gpu_memory,0,2,3215570134781754768,20,60,1,20,windows-rtx4060,0,0,grid_2x2,true,82,1f4e3f3ce1069ad1b142225e539ac838483cf248849a3ee4b2d0608dd6f525bd,71ed4d4e65751a5957c2b1b7954da195b59eb885,data/raw/formal-v1/formal-v1__profile__pyxel_platformer__gpu_memory__p000__r02,"{""pyxel_platformer"":""games/pyxel/10_platformer.py""}","{""pyxel_platformer"":""1b2c75b49dc9ab0254fb4b724682a4787868814a38d2f08920720dc5b6007ac5""}",8cbfd895035610e2150d497c699e0d749166aadc782a8bf99ee48941d180bfca
1,480,formal-v1__profile__pyxel_jump__gpu_memory__p050__r01,formal-v1,profile,not_applicable,pressure_profile,"[""pyxel_jump""]",pyxel_jump,[],,,gpu_memory,0.5,1,7116178765233895399,20,60,1,20,windows-rtx4060,0,0,grid_2x2,true,82,1f4e3f3ce1069ad1b142225e539ac838483cf248849a3ee4b2d0608dd6f525bd,71ed4d4e65751a5957c2b1b7954da195b59eb885,data/raw/formal-v1/formal-v1__profile__pyxel_jump__gpu_memory__p050__r01,"{""pyxel_jump"":""games/pyxel/02_jump_game.py""}","{""pyxel_jump"":""4743a825f1c9cae7e049ac52115f4ecf83350db546c00745a54af187d7bc2e46""}",8ba1d371b360a6d3b626628942c97d0d7434b07e6282aadfbd1f53797f05190c
1,481,formal-v1__colocation__daylight+mega_wing+space_rescue__r03,formal-v1,colocation-main,train,colocation,"[""daylight"",""mega_wing"",""space_rescue""]",daylight,"[""mega_wing"",""space_rescue""]",daylight+mega_wing+space_rescue,daylight+mega_wing+space_rescue__r03,,,3,3371092001652227661,20,60,1,20,windows-rtx4060,0,0,grid_2x2,true,82,1f4e3f3ce1069ad1b142225e539ac838483cf248849a3ee4b2d0608dd6f525bd,71ed4d4e65751a5957c2b1b7954da195b59eb885,data/raw/formal-v1/formal-v1__colocation__daylight+mega_wing+space_rescue__r03,"{""daylight"":""games/pyxel/apps-src/30SecondsOfDaylight/src/main.py"",""mega_wing"":""games/pyxel/apps-src/mega_wing/mega_wing.py"",""space_rescue"":""games/pyxel/apps-src/space_rescue/space_rescue.py""}","{""daylight"":""21a365375249e9d7ea05e78dcfe040f09cc1f0c66bd410bae084190c743a028f"",""mega_wing"":""86bad6c02a303806c58137503739241dc6b1e86695f7c0dbf672b5e1a1464e9f"",""space_rescue"":""f3b0ab6784ae558e64f06a3f0a704e53f107a130aa3d43357659d0850131e461""}",3d8298f97d0af97b365b978af9d0584bd0da90a790fdcbb1006669a82dccb59a
1,482,formal-v1__profile__pyxel_shooter__memory_bandwidth__p050__r02,formal-v1,profile,not_applicable,pressure_profile,"[""pyxel_shooter""]",pyxel_shooter,[],,,memory_bandwidth,0.5,2,5186168733706402717,20,60,1,20,windows-rtx4060,0,0,grid_2x2,true,82,1f4e3f3ce1069ad1b142225e539ac838483cf248849a3ee4b2d0608dd6f525bd,71ed4d4e65751a5957c2b1b7954da195b59eb885,data/raw/formal-v1/formal-v1__profile__pyxel_shooter__memory_bandwidth__p050__r02,"{""pyxel_shooter"":""games/pyxel/09_shooter.py""}","{""pyxel_shooter"":""0f53e4156907eac41080a8f289e22c89365b3239517c754cf59a51af201d5563""}",b23fc3d04b9dbcb78b22bf770bfedcce3c0713802576161c915439294bb458b7
1,483,formal-v1__extra__daylight+mega_wing+pyxel_bubbles+pyxel_snake__r02,formal-v1,colocation-extra-test,extra_test,extra_test,"[""daylight"",""mega_wing"",""pyxel_bubbles"",""pyxel_snake""]",daylight,"[""mega_wing"",""pyxel_bubbles"",""pyxel_snake""]",daylight+mega_wing+pyxel_bubbles+pyxel_snake,daylight+mega_wing+pyxel_bubbles+pyxel_snake__r02,,,2,3484541607843470007,20,60,1,20,windows-rtx4060,0,0,grid_2x2,true,82,1f4e3f3ce1069ad1b142225e539ac838483cf248849a3ee4b2d0608dd6f525bd,71ed4d4e65751a5957c2b1b7954da195b59eb885,data/raw/formal-v1/formal-v1__extra__daylight+mega_wing+pyxel_bubbles+pyxel_snake__r02,"{""daylight"":""games/pyxel/apps-src/30SecondsOfDaylight/src/main.py"",""mega_wing"":""games/pyxel/apps-src/mega_wing/mega_wing.py"",""pyxel_bubbles"":""games/pyxel/06_click_game.py"",""pyxel_snake"":""games/pyxel/07_snake.py""}","{""daylight"":""21a365375249e9d7ea05e78dcfe040f09cc1f0c66bd410bae084190c743a028f"",""mega_wing"":""86bad6c02a303806c58137503739241dc6b1e86695f7c0dbf672b5e1a1464e9f"",""pyxel_bubbles"":""54c101e90bdaed839ac4c4284494530d5df37a5819a35f1e41eebb0b3da5d900"",""pyxel_snake"":""bc533fef92d1d358e570f69d979919fe5c1cd8c4da49841104b49a1e661a5ac3""}",f2d03cb0dffc9f97f59829bb150ad6061566744f41576a8794d6b814df5f0752
1,484,formal-v1__colocation__mega_wing+pyxel_bubbles+pyxel_jump__r03,formal-v1,colocation-main,train,colocation,"[""mega_wing"",""pyxel_bubbles"",""pyxel_jump""]",mega_wing,"[""pyxel_bubbles"",""pyxel_jump""]",mega_wing+pyxel_bubbles+pyxel_jump,mega_wing+pyxel_bubbles+pyxel_jump__r03,,,3,3317236851309327285,20,60,1,20,windows-rtx4060,0,0,grid_2x2,true,82,1f4e3f3ce1069ad1b142225e539ac838483cf248849a3ee4b2d0608dd6f525bd,71ed4d4e65751a5957c2b1b7954da195b59eb885,data/raw/formal-v1/formal-v1__colocation__mega_wing+pyxel_bubbles+pyxel_jump__r03,"{""mega_wing"":""games/pyxel/apps-src/mega_wing/mega_wing.py"",""pyxel_bubbles"":""games/pyxel/06_click_game.py"",""pyxel_jump"":""games/pyxel/02_jump_game.py""}","{""mega_wing"":""86bad6c02a303806c58137503739241dc6b1e86695f7c0dbf672b5e1a1464e9f"",""pyxel_bubbles"":""54c101e90bdaed839ac4c4284494530d5df37a5819a35f1e41eebb0b3da5d900"",""pyxel_jump"":""4743a825f1c9cae7e049ac52115f4ecf83350db546c00745a54af187d7bc2e46""}",08d475f0ccd0d95eedd862d942cba8fe1779581207e670453b7133fb56848da0
1,485,formal-v1__profile__pyxel_jump__gpu_memory__p050__r02,formal-v1,profile,not_applicable,pressure_profile,"[""pyxel_jump""]",pyxel_jump,[],,,gpu_memory,0.5,2,6754845160849666377,20,60,1,20,windows-rtx4060,0,0,grid_2x2,true,82,1f4e3f3ce1069ad1b142225e539ac838483cf248849a3ee4b2d0608dd6f525bd,71ed4d4e65751a5957c2b1b7954da195b59eb885,data/raw/formal-v1/formal-v1__profile__pyxel_jump__gpu_memory__p050__r02,"{""pyxel_jump"":""games/pyxel/02_jump_game.py""}","{""pyxel_jump"":""4743a825f1c9cae7e049ac52115f4ecf83350db546c00745a54af187d7bc2e46""}",d9e4510aa462fe60daccc777aae9b18102967cde99788b285b4e29934c9ba8bd
1,486,formal-v1__profile__pyxel_shooter__memory_bandwidth__p075__r03,formal-v1,profile,not_applicable,pressure_profile,"[""pyxel_shooter""]",pyxel_shooter,[],,,memory_bandwidth,0.75,3,15603957209511924457,20,60,1,20,windows-rtx4060,0,0,grid_2x2,true,82,1f4e3f3ce1069ad1b142225e539ac838483cf248849a3ee4b2d0608dd6f525bd,71ed4d4e65751a5957c2b1b7954da195b59eb885,data/raw/formal-v1/formal-v1__profile__pyxel_shooter__memory_bandwidth__p075__r03,"{""pyxel_shooter"":""games/pyxel/09_shooter.py""}","{""pyxel_shooter"":""0f53e4156907eac41080a8f289e22c89365b3239517c754cf59a51af201d5563""}",ec69f28e3275acb2cd721360a6c2082688320e2ef568108e53bf507ce0283638
1,487,formal-v1__colocation__mega_wing+pyxel_platformer+space_rescue__r02,formal-v1,colocation-main,train,colocation,"[""mega_wing"",""pyxel_platformer"",""space_rescue""]",mega_wing,"[""pyxel_platformer"",""space_rescue""]",mega_wing+pyxel_platformer+space_rescue,mega_wing+pyxel_platformer+space_rescue__r02,,,2,6439483011326769169,20,60,1,20,windows-rtx4060,0,0,grid_2x2,true,82,1f4e3f3ce1069ad1b142225e539ac838483cf248849a3ee4b2d0608dd6f525bd,71ed4d4e65751a5957c2b1b7954da195b59eb885,data/raw/formal-v1/formal-v1__colocation__mega_wing+pyxel_platformer+space_rescue__r02,"{""mega_wing"":""games/pyxel/apps-src/mega_wing/mega_wing.py"",""pyxel_platformer"":""games/pyxel/10_platformer.py"",""space_rescue"":""games/pyxel/apps-src/space_rescue/space_rescue.py""}","{""mega_wing"":""86bad6c02a303806c58137503739241dc6b1e86695f7c0dbf672b5e1a1464e9f"",""pyxel_platformer"":""1b2c75b49dc9ab0254fb4b724682a4787868814a38d2f08920720dc5b6007ac5"",""space_rescue"":""f3b0ab6784ae558e64f06a3f0a704e53f107a130aa3d43357659d0850131e461""}",1242e583bee51b736bb672406a76d3bcc205e68cd7724e4af6d15440c883fa28
1,488,formal-v1__profile__pyxel_platformer__gpu_compute__p100__r01,formal-v1,profile,not_applicable,pressure_profile,"[""pyxel_platformer""]",pyxel_platformer,[],,,gpu_compute,1,1,7264210698707032514,20,60,1,20,windows-rtx4060,0,0,grid_2x2,true,82,1f4e3f3ce1069ad1b142225e539ac838483cf248849a3ee4b2d0608dd6f525bd,71ed4d4e65751a5957c2b1b7954da195b59eb885,data/raw/formal-v1/formal-v1__profile__pyxel_platformer__gpu_compute__p100__r01,"{""pyxel_platformer"":""games/pyxel/10_platformer.py""}","{""pyxel_platformer"":""1b2c75b49dc9ab0254fb4b724682a4787868814a38d2f08920720dc5b6007ac5""}",016b23c49ff7b9c7b8d43de66c3555c108507a3789ad560608d9c98a818a52ac
1,489,formal-v1__colocation__mega_wing+pyxel_shooter__r01,formal-v1,colocation-main,train,colocation,"[""mega_wing"",""pyxel_shooter""]",mega_wing,"[""pyxel_shooter""]",mega_wing+pyxel_shooter,mega_wing+pyxel_shooter__r01,,,1,15428212448458187375,20,60,1,20,windows-rtx4060,0,0,grid_2x2,true,82,1f4e3f3ce1069ad1b142225e539ac838483cf248849a3ee4b2d0608dd6f525bd,71ed4d4e65751a5957c2b1b7954da195b59eb885,data/raw/formal-v1/formal-v1__colocation__mega_wing+pyxel_shooter__r01,"{""mega_wing"":""games/pyxel/apps-src/mega_wing/mega_wing.py"",""pyxel_shooter"":""games/pyxel/09_shooter.py""}","{""mega_wing"":""86bad6c02a303806c58137503739241dc6b1e86695f7c0dbf672b5e1a1464e9f"",""pyxel_shooter"":""0f53e4156907eac41080a8f289e22c89365b3239517c754cf59a51af201d5563""}",f5751d6410d60a06c156e15af6ef8f6be1c165446aafbc170ebc1ca13d58219e
1,490,formal-v1__profile__pyxel_snake__gpu_compute__p050__r02,formal-v1,profile,not_applicable,pressure_profile,"[""pyxel_snake""]",pyxel_snake,[],,,gpu_compute,0.5,2,9860099447219610463,20,60,1,20,windows-rtx4060,0,0,grid_2x2,true,82,1f4e3f3ce1069ad1b142225e539ac838483cf248849a3ee4b2d0608dd6f525bd,71ed4d4e65751a5957c2b1b7954da195b59eb885,data/raw/formal-v1/formal-v1__profile__pyxel_snake__gpu_compute__p050__r02,"{""pyxel_snake"":""games/pyxel/07_snake.py""}","{""pyxel_snake"":""bc533fef92d1d358e570f69d979919fe5c1cd8c4da49841104b49a1e661a5ac3""}",50d7acca3f29a4627336fc938b6d6c50b7a10004176694f3c1ccad136b23216d
1,491,formal-v1__profile__pyxel_shooter__gpu_memory__p075__r03,formal-v1,profile,not_applicable,pressure_profile,"[""pyxel_shooter""]",pyxel_shooter,[],,,gpu_memory,0.75,3,404330187925385923,20,60,1,20,windows-rtx4060,0,0,grid_2x2,true,82,1f4e3f3ce1069ad1b142225e539ac838483cf248849a3ee4b2d0608dd6f525bd,71ed4d4e65751a5957c2b1b7954da195b59eb885,data/raw/formal-v1/formal-v1__profile__pyxel_shooter__gpu_memory__p075__r03,"{""pyxel_shooter"":""games/pyxel/09_shooter.py""}","{""pyxel_shooter"":""0f53e4156907eac41080a8f289e22c89365b3239517c754cf59a51af201d5563""}",b2fb18bc671c508c1e03e9329d1d955fd6bce018f8d8ad2666f9c934343eb49e
1,492,formal-v1__profile__space_rescue__cpu_compute__p050__r03,formal-v1,profile,not_applicable,pressure_profile,"[""space_rescue""]",space_rescue,[],,,cpu_compute,0.5,3,17700676207239580665,20,60,1,20,windows-rtx4060,0,0,grid_2x2,true,82,1f4e3f3ce1069ad1b142225e539ac838483cf248849a3ee4b2d0608dd6f525bd,71ed4d4e65751a5957c2b1b7954da195b59eb885,data/raw/formal-v1/formal-v1__profile__space_rescue__cpu_compute__p050__r03,"{""space_rescue"":""games/pyxel/apps-src/space_rescue/space_rescue.py""}","{""space_rescue"":""f3b0ab6784ae558e64f06a3f0a704e53f107a130aa3d43357659d0850131e461""}",d4ed91135f66a3369e2b184b8c4f0758e5766b06745dff56edca1bf26d387413
1,493,formal-v1__colocation__pyxel_bubbles+pyxel_snake__r03,formal-v1,colocation-main,test,colocation,"[""pyxel_bubbles"",""pyxel_snake""]",pyxel_bubbles,"[""pyxel_snake""]",pyxel_bubbles+pyxel_snake,pyxel_bubbles+pyxel_snake__r03,,,3,15193202307042370391,20,60,1,20,windows-rtx4060,0,0,grid_2x2,true,82,1f4e3f3ce1069ad1b142225e539ac838483cf248849a3ee4b2d0608dd6f525bd,71ed4d4e65751a5957c2b1b7954da195b59eb885,data/raw/formal-v1/formal-v1__colocation__pyxel_bubbles+pyxel_snake__r03,"{""pyxel_bubbles"":""games/pyxel/06_click_game.py"",""pyxel_snake"":""games/pyxel/07_snake.py""}","{""pyxel_bubbles"":""54c101e90bdaed839ac4c4284494530d5df37a5819a35f1e41eebb0b3da5d900"",""pyxel_snake"":""bc533fef92d1d358e570f69d979919fe5c1cd8c4da49841104b49a1e661a5ac3""}",c2c5f821b8ea615b6ed1f5c6ab6094b2bce4ea594313f9dedc56dacac0574b65
1,494,formal-v1__colocation__pyxel_platformer+space_rescue__r02,formal-v1,colocation-main,train,colocation,"[""pyxel_platformer"",""space_rescue""]",pyxel_platformer,"[""space_rescue""]",pyxel_platformer+space_rescue,pyxel_platformer+space_rescue__r02,,,2,15404733295755424698,20,60,1,20,windows-rtx4060,0,0,grid_2x2,true,82,1f4e3f3ce1069ad1b142225e539ac838483cf248849a3ee4b2d0608dd6f525bd,71ed4d4e65751a5957c2b1b7954da195b59eb885,data/raw/formal-v1/formal-v1__colocation__pyxel_platformer+space_rescue__r02,"{""pyxel_platformer"":""games/pyxel/10_platformer.py"",""space_rescue"":""games/pyxel/apps-src/space_rescue/space_rescue.py""}","{""pyxel_platformer"":""1b2c75b49dc9ab0254fb4b724682a4787868814a38d2f08920720dc5b6007ac5"",""space_rescue"":""f3b0ab6784ae558e64f06a3f0a704e53f107a130aa3d43357659d0850131e461""}",2519dd9db817f5bdd571c5ccdb7eeb5015de19e23cf781bb66e1e0e3974cf8a3
1,495,formal-v1__profile__pyxel_snake__cpu_compute__p075__r03,formal-v1,profile,not_applicable,pressure_profile,"[""pyxel_snake""]",pyxel_snake,[],,,cpu_compute,0.75,3,9492456317129204173,20,60,1,20,windows-rtx4060,0,0,grid_2x2,true,82,1f4e3f3ce1069ad1b142225e539ac838483cf248849a3ee4b2d0608dd6f525bd,71ed4d4e65751a5957c2b1b7954da195b59eb885,data/raw/formal-v1/formal-v1__profile__pyxel_snake__cpu_compute__p075__r03,"{""pyxel_snake"":""games/pyxel/07_snake.py""}","{""pyxel_snake"":""bc533fef92d1d358e570f69d979919fe5c1cd8c4da49841104b49a1e661a5ac3""}",10fec96a4a9cd6528af7bd39d26b4ae375eaeab30187c032fe2049c96735d5b5
1,496,formal-v1__profile__space_rescue__memory_bandwidth__p075__r03,formal-v1,profile,not_applicable,pressure_profile,"[""space_rescue""]",space_rescue,[],,,memory_bandwidth,0.75,3,14799239275078652188,20,60,1,20,windows-rtx4060,0,0,grid_2x2,true,82,1f4e3f3ce1069ad1b142225e539ac838483cf248849a3ee4b2d0608dd6f525bd,71ed4d4e65751a5957c2b1b7954da195b59eb885,data/raw/formal-v1/formal-v1__profile__space_rescue__memory_bandwidth__p075__r03,"{""space_rescue"":""games/pyxel/apps-src/space_rescue/space_rescue.py""}","{""space_rescue"":""f3b0ab6784ae558e64f06a3f0a704e53f107a130aa3d43357659d0850131e461""}",b204850767871763059504117517bebf26935b85d2c02918f28dc52d56766205
1,497,formal-v1__profile__space_rescue__cpu_compute__p050__r01,formal-v1,profile,not_applicable,pressure_profile,"[""space_rescue""]",space_rescue,[],,,cpu_compute,0.5,1,8329984100024463382,20,60,1,20,windows-rtx4060,0,0,grid_2x2,true,82,1f4e3f3ce1069ad1b142225e539ac838483cf248849a3ee4b2d0608dd6f525bd,71ed4d4e65751a5957c2b1b7954da195b59eb885,data/raw/formal-v1/formal-v1__profile__space_rescue__cpu_compute__p050__r01,"{""space_rescue"":""games/pyxel/apps-src/space_rescue/space_rescue.py""}","{""space_rescue"":""f3b0ab6784ae558e64f06a3f0a704e53f107a130aa3d43357659d0850131e461""}",76eb6bc80fb9a510a24a7bb878d282245bdbdeb14e97cbcd6bc429f2a2c85d92
1,498,formal-v1__extra__mega_wing+pyxel_bubbles+pyxel_platformer+pyxel_shooter__r01,formal-v1,colocation-extra-test,extra_test,extra_test,"[""mega_wing"",""pyxel_bubbles"",""pyxel_platformer"",""pyxel_shooter""]",mega_wing,"[""pyxel_bubbles"",""pyxel_platformer"",""pyxel_shooter""]",mega_wing+pyxel_bubbles+pyxel_platformer+pyxel_shooter,mega_wing+pyxel_bubbles+pyxel_platformer+pyxel_shooter__r01,,,1,16469893538406321818,20,60,1,20,windows-rtx4060,0,0,grid_2x2,true,82,1f4e3f3ce1069ad1b142225e539ac838483cf248849a3ee4b2d0608dd6f525bd,71ed4d4e65751a5957c2b1b7954da195b59eb885,data/raw/formal-v1/formal-v1__extra__mega_wing+pyxel_bubbles+pyxel_platformer+pyxel_shooter__r01,"{""mega_wing"":""games/pyxel/apps-src/mega_wing/mega_wing.py"",""pyxel_bubbles"":""games/pyxel/06_click_game.py"",""pyxel_platformer"":""games/pyxel/10_platformer.py"",""pyxel_shooter"":""games/pyxel/09_shooter.py""}","{""mega_wing"":""86bad6c02a303806c58137503739241dc6b1e86695f7c0dbf672b5e1a1464e9f"",""pyxel_bubbles"":""54c101e90bdaed839ac4c4284494530d5df37a5819a35f1e41eebb0b3da5d900"",""pyxel_platformer"":""1b2c75b49dc9ab0254fb4b724682a4787868814a38d2f08920720dc5b6007ac5"",""pyxel_shooter"":""0f53e4156907eac41080a8f289e22c89365b3239517c754cf59a51af201d5563""}",e215f9052a0addc432e777effa9fb9a221b0a83dc11104baed168ca29e14f312
1,499,formal-v1__profile__daylight__memory_bandwidth__p025__r02,formal-v1,profile,not_applicable,pressure_profile,"[""daylight""]",daylight,[],,,memory_bandwidth,0.25,2,10138636501592702857,20,60,1,20,windows-rtx4060,0,0,grid_2x2,true,82,1f4e3f3ce1069ad1b142225e539ac838483cf248849a3ee4b2d0608dd6f525bd,71ed4d4e65751a5957c2b1b7954da195b59eb885,data/raw/formal-v1/formal-v1__profile__daylight__memory_bandwidth__p025__r02,"{""daylight"":""games/pyxel/apps-src/30SecondsOfDaylight/src/main.py""}","{""daylight"":""21a365375249e9d7ea05e78dcfe040f09cc1f0c66bd410bae084190c743a028f""}",dfe4dc1bf24d63f32eecc1ccea7deef69124231621a6953a3cfc0197ef7ccb81
1,500,formal-v1__colocation__pyxel_platformer+pyxel_shooter__r03,formal-v1,colocation-main,train,colocation,"[""pyxel_platformer"",""pyxel_shooter""]",pyxel_platformer,"[""pyxel_shooter""]",pyxel_platformer+pyxel_shooter,pyxel_platformer+pyxel_shooter__r03,,,3,7117624119942554937,20,60,1,20,windows-rtx4060,0,0,grid_2x2,true,82,1f4e3f3ce1069ad1b142225e539ac838483cf248849a3ee4b2d0608dd6f525bd,71ed4d4e65751a5957c2b1b7954da195b59eb885,data/raw/formal-v1/formal-v1__colocation__pyxel_platformer+pyxel_shooter__r03,"{""pyxel_platformer"":""games/pyxel/10_platformer.py"",""pyxel_shooter"":""games/pyxel/09_shooter.py""}","{""pyxel_platformer"":""1b2c75b49dc9ab0254fb4b724682a4787868814a38d2f08920720dc5b6007ac5"",""pyxel_shooter"":""0f53e4156907eac41080a8f289e22c89365b3239517c754cf59a51af201d5563""}",bcf52212bae7ca69ffc5f92778a94c939533b59f0411372945fed4932ccf059c
1,501,formal-v1__extra__daylight+mega_wing+pyxel_platformer+space_rescue__r03,formal-v1,colocation-extra-test,extra_test,extra_test,"[""daylight"",""mega_wing"",""pyxel_platformer"",""space_rescue""]",daylight,"[""mega_wing"",""pyxel_platformer"",""space_rescue""]",daylight+mega_wing+pyxel_platformer+space_rescue,daylight+mega_wing+pyxel_platformer+space_rescue__r03,,,3,11447321451998350184,20,60,1,20,windows-rtx4060,0,0,grid_2x2,true,82,1f4e3f3ce1069ad1b142225e539ac838483cf248849a3ee4b2d0608dd6f525bd,71ed4d4e65751a5957c2b1b7954da195b59eb885,data/raw/formal-v1/formal-v1__extra__daylight+mega_wing+pyxel_platformer+space_rescue__r03,"{""daylight"":""games/pyxel/apps-src/30SecondsOfDaylight/src/main.py"",""mega_wing"":""games/pyxel/apps-src/mega_wing/mega_wing.py"",""pyxel_platformer"":""games/pyxel/10_platformer.py"",""space_rescue"":""games/pyxel/apps-src/space_rescue/space_rescue.py""}","{""daylight"":""21a365375249e9d7ea05e78dcfe040f09cc1f0c66bd410bae084190c743a028f"",""mega_wing"":""86bad6c02a303806c58137503739241dc6b1e86695f7c0dbf672b5e1a1464e9f"",""pyxel_platformer"":""1b2c75b49dc9ab0254fb4b724682a4787868814a38d2f08920720dc5b6007ac5"",""space_rescue"":""f3b0ab6784ae558e64f06a3f0a704e53f107a130aa3d43357659d0850131e461""}",33fdac3b057b9dc16360013e301365428a29bf92cf50841aad22b3b52ca4074d
1,502,formal-v1__extra__daylight+pyxel_bubbles+pyxel_jump+pyxel_platformer__r02,formal-v1,colocation-extra-test,extra_test,extra_test,"[""daylight"",""pyxel_bubbles"",""pyxel_jump"",""pyxel_platformer""]",daylight,"[""pyxel_bubbles"",""pyxel_jump"",""pyxel_platformer""]",daylight+pyxel_bubbles+pyxel_jump+pyxel_platformer,daylight+pyxel_bubbles+pyxel_jump+pyxel_platformer__r02,,,2,2825193241993824269,20,60,1,20,windows-rtx4060,0,0,grid_2x2,true,82,1f4e3f3ce1069ad1b142225e539ac838483cf248849a3ee4b2d0608dd6f525bd,71ed4d4e65751a5957c2b1b7954da195b59eb885,data/raw/formal-v1/formal-v1__extra__daylight+pyxel_bubbles+pyxel_jump+pyxel_platformer__r02,"{""daylight"":""games/pyxel/apps-src/30SecondsOfDaylight/src/main.py"",""pyxel_bubbles"":""games/pyxel/06_click_game.py"",""pyxel_jump"":""games/pyxel/02_jump_game.py"",""pyxel_platformer"":""games/pyxel/10_platformer.py""}","{""daylight"":""21a365375249e9d7ea05e78dcfe040f09cc1f0c66bd410bae084190c743a028f"",""pyxel_bubbles"":""54c101e90bdaed839ac4c4284494530d5df37a5819a35f1e41eebb0b3da5d900"",""pyxel_jump"":""4743a825f1c9cae7e049ac52115f4ecf83350db546c00745a54af187d7bc2e46"",""pyxel_platformer"":""1b2c75b49dc9ab0254fb4b724682a4787868814a38d2f08920720dc5b6007ac5""}",947a40f1f46f4b7113dc291204b41052447eb66bc73922a7524e861eafde45af
1,503,formal-v1__colocation__daylight+pyxel_shooter__r01,formal-v1,colocation-main,test,colocation,"[""daylight"",""pyxel_shooter""]",daylight,"[""pyxel_shooter""]",daylight+pyxel_shooter,daylight+pyxel_shooter__r01,,,1,807166208853376220,20,60,1,20,windows-rtx4060,0,0,grid_2x2,true,82,1f4e3f3ce1069ad1b142225e539ac838483cf248849a3ee4b2d0608dd6f525bd,71ed4d4e65751a5957c2b1b7954da195b59eb885,data/raw/formal-v1/formal-v1__colocation__daylight+pyxel_shooter__r01,"{""daylight"":""games/pyxel/apps-src/30SecondsOfDaylight/src/main.py"",""pyxel_shooter"":""games/pyxel/09_shooter.py""}","{""daylight"":""21a365375249e9d7ea05e78dcfe040f09cc1f0c66bd410bae084190c743a028f"",""pyxel_shooter"":""0f53e4156907eac41080a8f289e22c89365b3239517c754cf59a51af201d5563""}",1778063ad700f2abd5a933d24f4f7727539fd6367a4e9dccf8a9635cf570724c
1,504,formal-v1__colocation__pyxel_jump+pyxel_shooter+pyxel_snake__r02,formal-v1,colocation-main,train,colocation,"[""pyxel_jump"",""pyxel_shooter"",""pyxel_snake""]",pyxel_jump,"[""pyxel_shooter"",""pyxel_snake""]",pyxel_jump+pyxel_shooter+pyxel_snake,pyxel_jump+pyxel_shooter+pyxel_snake__r02,,,2,350507075886467266,20,60,1,20,windows-rtx4060,0,0,grid_2x2,true,82,1f4e3f3ce1069ad1b142225e539ac838483cf248849a3ee4b2d0608dd6f525bd,71ed4d4e65751a5957c2b1b7954da195b59eb885,data/raw/formal-v1/formal-v1__colocation__pyxel_jump+pyxel_shooter+pyxel_snake__r02,"{""pyxel_jump"":""games/pyxel/02_jump_game.py"",""pyxel_shooter"":""games/pyxel/09_shooter.py"",""pyxel_snake"":""games/pyxel/07_snake.py""}","{""pyxel_jump"":""4743a825f1c9cae7e049ac52115f4ecf83350db546c00745a54af187d7bc2e46"",""pyxel_shooter"":""0f53e4156907eac41080a8f289e22c89365b3239517c754cf59a51af201d5563"",""pyxel_snake"":""bc533fef92d1d358e570f69d979919fe5c1cd8c4da49841104b49a1e661a5ac3""}",29fa619fab52b2dd59d22cc72dca645eb3ce8b7d9f479cd9e3eaee42c078a63c
1,505,formal-v1__extra__pyxel_jump+pyxel_platformer+pyxel_shooter+space_rescue__r03,formal-v1,colocation-extra-test,extra_test,extra_test,"[""pyxel_jump"",""pyxel_platformer"",""pyxel_shooter"",""space_rescue""]",pyxel_jump,"[""pyxel_platformer"",""pyxel_shooter"",""space_rescue""]",pyxel_jump+pyxel_platformer+pyxel_shooter+space_rescue,pyxel_jump+pyxel_platformer+pyxel_shooter+space_rescue__r03,,,3,17533994871369061609,20,60,1,20,windows-rtx4060,0,0,grid_2x2,true,82,1f4e3f3ce1069ad1b142225e539ac838483cf248849a3ee4b2d0608dd6f525bd,71ed4d4e65751a5957c2b1b7954da195b59eb885,data/raw/formal-v1/formal-v1__extra__pyxel_jump+pyxel_platformer+pyxel_shooter+space_rescue__r03,"{""pyxel_jump"":""games/pyxel/02_jump_game.py"",""pyxel_platformer"":""games/pyxel/10_platformer.py"",""pyxel_shooter"":""games/pyxel/09_shooter.py"",""space_rescue"":""games/pyxel/apps-src/space_rescue/space_rescue.py""}","{""pyxel_jump"":""4743a825f1c9cae7e049ac52115f4ecf83350db546c00745a54af187d7bc2e46"",""pyxel_platformer"":""1b2c75b49dc9ab0254fb4b724682a4787868814a38d2f08920720dc5b6007ac5"",""pyxel_shooter"":""0f53e4156907eac41080a8f289e22c89365b3239517c754cf59a51af201d5563"",""space_rescue"":""f3b0ab6784ae558e64f06a3f0a704e53f107a130aa3d43357659d0850131e461""}",7ab3f72696ba706571d8424ac81231cbb0ea46d6bf50a65d91de69a25782b01f
1,506,formal-v1__extra__daylight+mega_wing+pyxel_platformer+space_rescue__r02,formal-v1,colocation-extra-test,extra_test,extra_test,"[""daylight"",""mega_wing"",""pyxel_platformer"",""space_rescue""]",daylight,"[""mega_wing"",""pyxel_platformer"",""space_rescue""]",daylight+mega_wing+pyxel_platformer+space_rescue,daylight+mega_wing+pyxel_platformer+space_rescue__r02,,,2,10031557160750798792,20,60,1,20,windows-rtx4060,0,0,grid_2x2,true,82,1f4e3f3ce1069ad1b142225e539ac838483cf248849a3ee4b2d0608dd6f525bd,71ed4d4e65751a5957c2b1b7954da195b59eb885,data/raw/formal-v1/formal-v1__extra__daylight+mega_wing+pyxel_platformer+space_rescue__r02,"{""daylight"":""games/pyxel/apps-src/30SecondsOfDaylight/src/main.py"",""mega_wing"":""games/pyxel/apps-src/mega_wing/mega_wing.py"",""pyxel_platformer"":""games/pyxel/10_platformer.py"",""space_rescue"":""games/pyxel/apps-src/space_rescue/space_rescue.py""}","{""daylight"":""21a365375249e9d7ea05e78dcfe040f09cc1f0c66bd410bae084190c743a028f"",""mega_wing"":""86bad6c02a303806c58137503739241dc6b1e86695f7c0dbf672b5e1a1464e9f"",""pyxel_platformer"":""1b2c75b49dc9ab0254fb4b724682a4787868814a38d2f08920720dc5b6007ac5"",""space_rescue"":""f3b0ab6784ae558e64f06a3f0a704e53f107a130aa3d43357659d0850131e461""}",9d19191f8f8436cf23eec9c011525ce22a4ed1c76a8a40a131b4af31a03bce93
1,507,formal-v1__profile__mega_wing__gpu_compute__p050__r01,formal-v1,profile,not_applicable,pressure_profile,"[""mega_wing""]",mega_wing,[],,,gpu_compute,0.5,1,15247727687741815888,20,60,1,20,windows-rtx4060,0,0,grid_2x2,true,82,1f4e3f3ce1069ad1b142225e539ac838483cf248849a3ee4b2d0608dd6f525bd,71ed4d4e65751a5957c2b1b7954da195b59eb885,data/raw/formal-v1/formal-v1__profile__mega_wing__gpu_compute__p050__r01,"{""mega_wing"":""games/pyxel/apps-src/mega_wing/mega_wing.py""}","{""mega_wing"":""86bad6c02a303806c58137503739241dc6b1e86695f7c0dbf672b5e1a1464e9f""}",b8031df80dc64520919e60917994cc68fd02dafd7b38d7a3f676d300cf0c6b87
1,508,formal-v1__profile__space_rescue__memory_bandwidth__p050__r02,formal-v1,profile,not_applicable,pressure_profile,"[""space_rescue""]",space_rescue,[],,,memory_bandwidth,0.5,2,1784150047241568090,20,60,1,20,windows-rtx4060,0,0,grid_2x2,true,82,1f4e3f3ce1069ad1b142225e539ac838483cf248849a3ee4b2d0608dd6f525bd,71ed4d4e65751a5957c2b1b7954da195b59eb885,data/raw/formal-v1/formal-v1__profile__space_rescue__memory_bandwidth__p050__r02,"{""space_rescue"":""games/pyxel/apps-src/space_rescue/space_rescue.py""}","{""space_rescue"":""f3b0ab6784ae558e64f06a3f0a704e53f107a130aa3d43357659d0850131e461""}",14d1be6979e09370b9648e4771b49cdd16187a45a712b5ae31415298c896b7f9
1,509,formal-v1__colocation__pyxel_bubbles+pyxel_platformer__r03,formal-v1,colocation-main,train,colocation,"[""pyxel_bubbles"",""pyxel_platformer""]",pyxel_bubbles,"[""pyxel_platformer""]",pyxel_bubbles+pyxel_platformer,pyxel_bubbles+pyxel_platformer__r03,,,3,10013231083899079250,20,60,1,20,windows-rtx4060,0,0,grid_2x2,true,82,1f4e3f3ce1069ad1b142225e539ac838483cf248849a3ee4b2d0608dd6f525bd,71ed4d4e65751a5957c2b1b7954da195b59eb885,data/raw/formal-v1/formal-v1__colocation__pyxel_bubbles+pyxel_platformer__r03,"{""pyxel_bubbles"":""games/pyxel/06_click_game.py"",""pyxel_platformer"":""games/pyxel/10_platformer.py""}","{""pyxel_bubbles"":""54c101e90bdaed839ac4c4284494530d5df37a5819a35f1e41eebb0b3da5d900"",""pyxel_platformer"":""1b2c75b49dc9ab0254fb4b724682a4787868814a38d2f08920720dc5b6007ac5""}",5ac13a30fbeb83ba0eeee708e66b2e83e2c20ca7b2aeb26a717017d8938c312c
1,510,formal-v1__profile__pyxel_shooter__gpu_memory__p000__r02,formal-v1,profile,not_applicable,pressure_profile,"[""pyxel_shooter""]",pyxel_shooter,[],,,gpu_memory,0,2,17779542132107976417,20,60,1,20,windows-rtx4060,0,0,grid_2x2,true,82,1f4e3f3ce1069ad1b142225e539ac838483cf248849a3ee4b2d0608dd6f525bd,71ed4d4e65751a5957c2b1b7954da195b59eb885,data/raw/formal-v1/formal-v1__profile__pyxel_shooter__gpu_memory__p000__r02,"{""pyxel_shooter"":""games/pyxel/09_shooter.py""}","{""pyxel_shooter"":""0f53e4156907eac41080a8f289e22c89365b3239517c754cf59a51af201d5563""}",cfd7c978b3ac67b97887990a42c144e96ae885f9a459d72089b711eaa062d7ee
1,511,formal-v1__solo__pyxel_jump__r01,formal-v1,solo,not_applicable,solo,"[""pyxel_jump""]",pyxel_jump,[],,,,,1,4388592058020453810,20,60,1,20,windows-rtx4060,0,0,grid_2x2,true,82,1f4e3f3ce1069ad1b142225e539ac838483cf248849a3ee4b2d0608dd6f525bd,71ed4d4e65751a5957c2b1b7954da195b59eb885,data/raw/formal-v1/formal-v1__solo__pyxel_jump__r01,"{""pyxel_jump"":""games/pyxel/02_jump_game.py""}","{""pyxel_jump"":""4743a825f1c9cae7e049ac52115f4ecf83350db546c00745a54af187d7bc2e46""}",45e84c4b677bd3e4ca2db881298536d1407657e8ac5a3749fd1daf257d86d9de
1,512,formal-v1__profile__pyxel_jump__memory_bandwidth__p075__r01,formal-v1,profile,not_applicable,pressure_profile,"[""pyxel_jump""]",pyxel_jump,[],,,memory_bandwidth,0.75,1,9999797276740716982,20,60,1,20,windows-rtx4060,0,0,grid_2x2,true,82,1f4e3f3ce1069ad1b142225e539ac838483cf248849a3ee4b2d0608dd6f525bd,71ed4d4e65751a5957c2b1b7954da195b59eb885,data/raw/formal-v1/formal-v1__profile__pyxel_jump__memory_bandwidth__p075__r01,"{""pyxel_jump"":""games/pyxel/02_jump_game.py""}","{""pyxel_jump"":""4743a825f1c9cae7e049ac52115f4ecf83350db546c00745a54af187d7bc2e46""}",8d549df1dae031b9ba33fa7e16272df8ac15fd062268bcf21c8bcd5b0962bfbe
1,513,formal-v1__profile__pyxel_shooter__gpu_compute__p025__r02,formal-v1,profile,not_applicable,pressure_profile,"[""pyxel_shooter""]",pyxel_shooter,[],,,gpu_compute,0.25,2,7563723685063049290,20,60,1,20,windows-rtx4060,0,0,grid_2x2,true,82,1f4e3f3ce1069ad1b142225e539ac838483cf248849a3ee4b2d0608dd6f525bd,71ed4d4e65751a5957c2b1b7954da195b59eb885,data/raw/formal-v1/formal-v1__profile__pyxel_shooter__gpu_compute__p025__r02,"{""pyxel_shooter"":""games/pyxel/09_shooter.py""}","{""pyxel_shooter"":""0f53e4156907eac41080a8f289e22c89365b3239517c754cf59a51af201d5563""}",867d48710da10c30e4c1dc620050d5a78a297d58713b987313c9d1501f818b54
1,514,formal-v1__profile__space_rescue__memory_bandwidth__p075__r01,formal-v1,profile,not_applicable,pressure_profile,"[""space_rescue""]",space_rescue,[],,,memory_bandwidth,0.75,1,6325774252725646534,20,60,1,20,windows-rtx4060,0,0,grid_2x2,true,82,1f4e3f3ce1069ad1b142225e539ac838483cf248849a3ee4b2d0608dd6f525bd,71ed4d4e65751a5957c2b1b7954da195b59eb885,data/raw/formal-v1/formal-v1__profile__space_rescue__memory_bandwidth__p075__r01,"{""space_rescue"":""games/pyxel/apps-src/space_rescue/space_rescue.py""}","{""space_rescue"":""f3b0ab6784ae558e64f06a3f0a704e53f107a130aa3d43357659d0850131e461""}",9bd98cddb44bc24a972841ac786221ed0c8aaedf1b1435da60f609cc20f5c1a1
1,515,formal-v1__profile__mega_wing__memory_bandwidth__p025__r03,formal-v1,profile,not_applicable,pressure_profile,"[""mega_wing""]",mega_wing,[],,,memory_bandwidth,0.25,3,4493031736206093015,20,60,1,20,windows-rtx4060,0,0,grid_2x2,true,82,1f4e3f3ce1069ad1b142225e539ac838483cf248849a3ee4b2d0608dd6f525bd,71ed4d4e65751a5957c2b1b7954da195b59eb885,data/raw/formal-v1/formal-v1__profile__mega_wing__memory_bandwidth__p025__r03,"{""mega_wing"":""games/pyxel/apps-src/mega_wing/mega_wing.py""}","{""mega_wing"":""86bad6c02a303806c58137503739241dc6b1e86695f7c0dbf672b5e1a1464e9f""}",58de126f07287d7b3785b3e5f772f17b6264127684feb33412b1264ece38a830
1,516,formal-v1__extra__daylight+mega_wing+pyxel_platformer+space_rescue__r01,formal-v1,colocation-extra-test,extra_test,extra_test,"[""daylight"",""mega_wing"",""pyxel_platformer"",""space_rescue""]",daylight,"[""mega_wing"",""pyxel_platformer"",""space_rescue""]",daylight+mega_wing+pyxel_platformer+space_rescue,daylight+mega_wing+pyxel_platformer+space_rescue__r01,,,1,4170152349691884193,20,60,1,20,windows-rtx4060,0,0,grid_2x2,true,82,1f4e3f3ce1069ad1b142225e539ac838483cf248849a3ee4b2d0608dd6f525bd,71ed4d4e65751a5957c2b1b7954da195b59eb885,data/raw/formal-v1/formal-v1__extra__daylight+mega_wing+pyxel_platformer+space_rescue__r01,"{""daylight"":""games/pyxel/apps-src/30SecondsOfDaylight/src/main.py"",""mega_wing"":""games/pyxel/apps-src/mega_wing/mega_wing.py"",""pyxel_platformer"":""games/pyxel/10_platformer.py"",""space_rescue"":""games/pyxel/apps-src/space_rescue/space_rescue.py""}","{""daylight"":""21a365375249e9d7ea05e78dcfe040f09cc1f0c66bd410bae084190c743a028f"",""mega_wing"":""86bad6c02a303806c58137503739241dc6b1e86695f7c0dbf672b5e1a1464e9f"",""pyxel_platformer"":""1b2c75b49dc9ab0254fb4b724682a4787868814a38d2f08920720dc5b6007ac5"",""space_rescue"":""f3b0ab6784ae558e64f06a3f0a704e53f107a130aa3d43357659d0850131e461""}",ea1de2b74db52d30e26f816c6111d4e20347dffc62611b581491aa5df6b0c0f5
1,517,formal-v1__colocation__pyxel_jump+pyxel_shooter+space_rescue__r02,formal-v1,colocation-main,validation,colocation,"[""pyxel_jump"",""pyxel_shooter"",""space_rescue""]",pyxel_jump,"[""pyxel_shooter"",""space_rescue""]",pyxel_jump+pyxel_shooter+space_rescue,pyxel_jump+pyxel_shooter+space_rescue__r02,,,2,6800746612884511209,20,60,1,20,windows-rtx4060,0,0,grid_2x2,true,82,1f4e3f3ce1069ad1b142225e539ac838483cf248849a3ee4b2d0608dd6f525bd,71ed4d4e65751a5957c2b1b7954da195b59eb885,data/raw/formal-v1/formal-v1__colocation__pyxel_jump+pyxel_shooter+space_rescue__r02,"{""pyxel_jump"":""games/pyxel/02_jump_game.py"",""pyxel_shooter"":""games/pyxel/09_shooter.py"",""space_rescue"":""games/pyxel/apps-src/space_rescue/space_rescue.py""}","{""pyxel_jump"":""4743a825f1c9cae7e049ac52115f4ecf83350db546c00745a54af187d7bc2e46"",""pyxel_shooter"":""0f53e4156907eac41080a8f289e22c89365b3239517c754cf59a51af201d5563"",""space_rescue"":""f3b0ab6784ae558e64f06a3f0a704e53f107a130aa3d43357659d0850131e461""}",a0c011434cd055252cf00345b8c70025068059e6de12e4a3721bf088957cb9a3
1,518,formal-v1__colocation__daylight+pyxel_platformer__r01,formal-v1,colocation-main,validation,colocation,"[""daylight"",""pyxel_platformer""]",daylight,"[""pyxel_platformer""]",daylight+pyxel_platformer,daylight+pyxel_platformer__r01,,,1,17667804392849421537,20,60,1,20,windows-rtx4060,0,0,grid_2x2,true,82,1f4e3f3ce1069ad1b142225e539ac838483cf248849a3ee4b2d0608dd6f525bd,71ed4d4e65751a5957c2b1b7954da195b59eb885,data/raw/formal-v1/formal-v1__colocation__daylight+pyxel_platformer__r01,"{""daylight"":""games/pyxel/apps-src/30SecondsOfDaylight/src/main.py"",""pyxel_platformer"":""games/pyxel/10_platformer.py""}","{""daylight"":""21a365375249e9d7ea05e78dcfe040f09cc1f0c66bd410bae084190c743a028f"",""pyxel_platformer"":""1b2c75b49dc9ab0254fb4b724682a4787868814a38d2f08920720dc5b6007ac5""}",bbbc3a2ba3a086e2e5fe884fbef50135e1a216f9482799342c91f17b5fe0cded
1,519,formal-v1__colocation__mega_wing+pyxel_bubbles+pyxel_snake__r03,formal-v1,colocation-main,train,colocation,"[""mega_wing"",""pyxel_bubbles"",""pyxel_snake""]",mega_wing,"[""pyxel_bubbles"",""pyxel_snake""]",mega_wing+pyxel_bubbles+pyxel_snake,mega_wing+pyxel_bubbles+pyxel_snake__r03,,,3,3563337720581285518,20,60,1,20,windows-rtx4060,0,0,grid_2x2,true,82,1f4e3f3ce1069ad1b142225e539ac838483cf248849a3ee4b2d0608dd6f525bd,71ed4d4e65751a5957c2b1b7954da195b59eb885,data/raw/formal-v1/formal-v1__colocation__mega_wing+pyxel_bubbles+pyxel_snake__r03,"{""mega_wing"":""games/pyxel/apps-src/mega_wing/mega_wing.py"",""pyxel_bubbles"":""games/pyxel/06_click_game.py"",""pyxel_snake"":""games/pyxel/07_snake.py""}","{""mega_wing"":""86bad6c02a303806c58137503739241dc6b1e86695f7c0dbf672b5e1a1464e9f"",""pyxel_bubbles"":""54c101e90bdaed839ac4c4284494530d5df37a5819a35f1e41eebb0b3da5d900"",""pyxel_snake"":""bc533fef92d1d358e570f69d979919fe5c1cd8c4da49841104b49a1e661a5ac3""}",3e93bc98bf371383d96fad473df05ebd8581b8367f8580c1d757619c4eece84d
1,520,formal-v1__solo__pyxel_shooter__r03,formal-v1,solo,not_applicable,solo,"[""pyxel_shooter""]",pyxel_shooter,[],,,,,3,3475367116711643472,20,60,1,20,windows-rtx4060,0,0,grid_2x2,true,82,1f4e3f3ce1069ad1b142225e539ac838483cf248849a3ee4b2d0608dd6f525bd,71ed4d4e65751a5957c2b1b7954da195b59eb885,data/raw/formal-v1/formal-v1__solo__pyxel_shooter__r03,"{""pyxel_shooter"":""games/pyxel/09_shooter.py""}","{""pyxel_shooter"":""0f53e4156907eac41080a8f289e22c89365b3239517c754cf59a51af201d5563""}",cf753f2ac2177276d3bc59dc6415d8e65514007b949f8946a470b6af42227778
1,521,formal-v1__profile__pyxel_snake__gpu_compute__p000__r01,formal-v1,profile,not_applicable,pressure_profile,"[""pyxel_snake""]",pyxel_snake,[],,,gpu_compute,0,1,10015047143030256139,20,60,1,20,windows-rtx4060,0,0,grid_2x2,true,82,1f4e3f3ce1069ad1b142225e539ac838483cf248849a3ee4b2d0608dd6f525bd,71ed4d4e65751a5957c2b1b7954da195b59eb885,data/raw/formal-v1/formal-v1__profile__pyxel_snake__gpu_compute__p000__r01,"{""pyxel_snake"":""games/pyxel/07_snake.py""}","{""pyxel_snake"":""bc533fef92d1d358e570f69d979919fe5c1cd8c4da49841104b49a1e661a5ac3""}",01a9e1e8d977021d19f06491cbbbdb17c45133d84d475035c18dce2473a5fac9
1,522,formal-v1__profile__pyxel_jump__memory_bandwidth__p000__r03,formal-v1,profile,not_applicable,pressure_profile,"[""pyxel_jump""]",pyxel_jump,[],,,memory_bandwidth,0,3,664385054857864666,20,60,1,20,windows-rtx4060,0,0,grid_2x2,true,82,1f4e3f3ce1069ad1b142225e539ac838483cf248849a3ee4b2d0608dd6f525bd,71ed4d4e65751a5957c2b1b7954da195b59eb885,data/raw/formal-v1/formal-v1__profile__pyxel_jump__memory_bandwidth__p000__r03,"{""pyxel_jump"":""games/pyxel/02_jump_game.py""}","{""pyxel_jump"":""4743a825f1c9cae7e049ac52115f4ecf83350db546c00745a54af187d7bc2e46""}",13f6dc83fd50adb4e5acae05537f8d6d886c36ecea25e8015a1204cb5b42661c
1,523,formal-v1__profile__pyxel_bubbles__memory_bandwidth__p025__r02,formal-v1,profile,not_applicable,pressure_profile,"[""pyxel_bubbles""]",pyxel_bubbles,[],,,memory_bandwidth,0.25,2,18130034200163002499,20,60,1,20,windows-rtx4060,0,0,grid_2x2,true,82,1f4e3f3ce1069ad1b142225e539ac838483cf248849a3ee4b2d0608dd6f525bd,71ed4d4e65751a5957c2b1b7954da195b59eb885,data/raw/formal-v1/formal-v1__profile__pyxel_bubbles__memory_bandwidth__p025__r02,"{""pyxel_bubbles"":""games/pyxel/06_click_game.py""}","{""pyxel_bubbles"":""54c101e90bdaed839ac4c4284494530d5df37a5819a35f1e41eebb0b3da5d900""}",af6722d795a2771354543840cfa511dd6d51632cc7f1f75aaf43937f2ee23a9d
1,524,formal-v1__colocation__daylight+pyxel_platformer+pyxel_snake__r03,formal-v1,colocation-main,validation,colocation,"[""daylight"",""pyxel_platformer"",""pyxel_snake""]",daylight,"[""pyxel_platformer"",""pyxel_snake""]",daylight+pyxel_platformer+pyxel_snake,daylight+pyxel_platformer+pyxel_snake__r03,,,3,7488304403953802738,20,60,1,20,windows-rtx4060,0,0,grid_2x2,true,82,1f4e3f3ce1069ad1b142225e539ac838483cf248849a3ee4b2d0608dd6f525bd,71ed4d4e65751a5957c2b1b7954da195b59eb885,data/raw/formal-v1/formal-v1__colocation__daylight+pyxel_platformer+pyxel_snake__r03,"{""daylight"":""games/pyxel/apps-src/30SecondsOfDaylight/src/main.py"",""pyxel_platformer"":""games/pyxel/10_platformer.py"",""pyxel_snake"":""games/pyxel/07_snake.py""}","{""daylight"":""21a365375249e9d7ea05e78dcfe040f09cc1f0c66bd410bae084190c743a028f"",""pyxel_platformer"":""1b2c75b49dc9ab0254fb4b724682a4787868814a38d2f08920720dc5b6007ac5"",""pyxel_snake"":""bc533fef92d1d358e570f69d979919fe5c1cd8c4da49841104b49a1e661a5ac3""}",2ac263ff2f51127ed6ac77d80ac6881eaf008f1d9a9a7cb38b8a5b9b04251d79
1,525,formal-v1__solo__pyxel_shooter__r02,formal-v1,solo,not_applicable,solo,"[""pyxel_shooter""]",pyxel_shooter,[],,,,,2,377228495676953109,20,60,1,20,windows-rtx4060,0,0,grid_2x2,true,82,1f4e3f3ce1069ad1b142225e539ac838483cf248849a3ee4b2d0608dd6f525bd,71ed4d4e65751a5957c2b1b7954da195b59eb885,data/raw/formal-v1/formal-v1__solo__pyxel_shooter__r02,"{""pyxel_shooter"":""games/pyxel/09_shooter.py""}","{""pyxel_shooter"":""0f53e4156907eac41080a8f289e22c89365b3239517c754cf59a51af201d5563""}",3c0900539368c6080e8ee113c109817b3b25800f2b858d4ba4be64ead83cb347
1,526,formal-v1__profile__mega_wing__gpu_memory__p075__r03,formal-v1,profile,not_applicable,pressure_profile,"[""mega_wing""]",mega_wing,[],,,gpu_memory,0.75,3,11606045646025760197,20,60,1,20,windows-rtx4060,0,0,grid_2x2,true,82,1f4e3f3ce1069ad1b142225e539ac838483cf248849a3ee4b2d0608dd6f525bd,71ed4d4e65751a5957c2b1b7954da195b59eb885,data/raw/formal-v1/formal-v1__profile__mega_wing__gpu_memory__p075__r03,"{""mega_wing"":""games/pyxel/apps-src/mega_wing/mega_wing.py""}","{""mega_wing"":""86bad6c02a303806c58137503739241dc6b1e86695f7c0dbf672b5e1a1464e9f""}",cde0ac12d306b25a659481996cf7e7958714e4886990b30513e581c6ff0e95be
1,527,formal-v1__profile__mega_wing__gpu_memory__p100__r03,formal-v1,profile,not_applicable,pressure_profile,"[""mega_wing""]",mega_wing,[],,,gpu_memory,1,3,9739149393046620933,20,60,1,20,windows-rtx4060,0,0,grid_2x2,true,82,1f4e3f3ce1069ad1b142225e539ac838483cf248849a3ee4b2d0608dd6f525bd,71ed4d4e65751a5957c2b1b7954da195b59eb885,data/raw/formal-v1/formal-v1__profile__mega_wing__gpu_memory__p100__r03,"{""mega_wing"":""games/pyxel/apps-src/mega_wing/mega_wing.py""}","{""mega_wing"":""86bad6c02a303806c58137503739241dc6b1e86695f7c0dbf672b5e1a1464e9f""}",804488bbcaff57950a7468dac9e380d6431a1e0cefd0415a00ad1bb80243ccea
1,528,formal-v1__colocation__daylight+pyxel_bubbles+pyxel_jump__r02,formal-v1,colocation-main,test,colocation,"[""daylight"",""pyxel_bubbles"",""pyxel_jump""]",daylight,"[""pyxel_bubbles"",""pyxel_jump""]",daylight+pyxel_bubbles+pyxel_jump,daylight+pyxel_bubbles+pyxel_jump__r02,,,2,6972834449024229760,20,60,1,20,windows-rtx4060,0,0,grid_2x2,true,82,1f4e3f3ce1069ad1b142225e539ac838483cf248849a3ee4b2d0608dd6f525bd,71ed4d4e65751a5957c2b1b7954da195b59eb885,data/raw/formal-v1/formal-v1__colocation__daylight+pyxel_bubbles+pyxel_jump__r02,"{""daylight"":""games/pyxel/apps-src/30SecondsOfDaylight/src/main.py"",""pyxel_bubbles"":""games/pyxel/06_click_game.py"",""pyxel_jump"":""games/pyxel/02_jump_game.py""}","{""daylight"":""21a365375249e9d7ea05e78dcfe040f09cc1f0c66bd410bae084190c743a028f"",""pyxel_bubbles"":""54c101e90bdaed839ac4c4284494530d5df37a5819a35f1e41eebb0b3da5d900"",""pyxel_jump"":""4743a825f1c9cae7e049ac52115f4ecf83350db546c00745a54af187d7bc2e46""}",9b90ebcb89d8ae5c11e5e4735807a66b4b2f490253b8c9369df8d7d40efa056b
1,529,formal-v1__profile__pyxel_shooter__gpu_memory__p100__r03,formal-v1,profile,not_applicable,pressure_profile,"[""pyxel_shooter""]",pyxel_shooter,[],,,gpu_memory,1,3,2307305634741722798,20,60,1,20,windows-rtx4060,0,0,grid_2x2,true,82,1f4e3f3ce1069ad1b142225e539ac838483cf248849a3ee4b2d0608dd6f525bd,71ed4d4e65751a5957c2b1b7954da195b59eb885,data/raw/formal-v1/formal-v1__profile__pyxel_shooter__gpu_memory__p100__r03,"{""pyxel_shooter"":""games/pyxel/09_shooter.py""}","{""pyxel_shooter"":""0f53e4156907eac41080a8f289e22c89365b3239517c754cf59a51af201d5563""}",2e9c0a1535fcf742b4ef1908faf6359d75bc3fb3db1599c810cee196bfee7ef8
1,530,formal-v1__profile__pyxel_jump__memory_bandwidth__p050__r02,formal-v1,profile,not_applicable,pressure_profile,"[""pyxel_jump""]",pyxel_jump,[],,,memory_bandwidth,0.5,2,15404233764431571980,20,60,1,20,windows-rtx4060,0,0,grid_2x2,true,82,1f4e3f3ce1069ad1b142225e539ac838483cf248849a3ee4b2d0608dd6f525bd,71ed4d4e65751a5957c2b1b7954da195b59eb885,data/raw/formal-v1/formal-v1__profile__pyxel_jump__memory_bandwidth__p050__r02,"{""pyxel_jump"":""games/pyxel/02_jump_game.py""}","{""pyxel_jump"":""4743a825f1c9cae7e049ac52115f4ecf83350db546c00745a54af187d7bc2e46""}",22cf8ba68f82f6462b71f5916b64c904003dc16b8f1b7b09443038b3e7492d40
1,531,formal-v1__colocation__daylight+pyxel_platformer+pyxel_shooter__r02,formal-v1,colocation-main,validation,colocation,"[""daylight"",""pyxel_platformer"",""pyxel_shooter""]",daylight,"[""pyxel_platformer"",""pyxel_shooter""]",daylight+pyxel_platformer+pyxel_shooter,daylight+pyxel_platformer+pyxel_shooter__r02,,,2,10176949720502414486,20,60,1,20,windows-rtx4060,0,0,grid_2x2,true,82,1f4e3f3ce1069ad1b142225e539ac838483cf248849a3ee4b2d0608dd6f525bd,71ed4d4e65751a5957c2b1b7954da195b59eb885,data/raw/formal-v1/formal-v1__colocation__daylight+pyxel_platformer+pyxel_shooter__r02,"{""daylight"":""games/pyxel/apps-src/30SecondsOfDaylight/src/main.py"",""pyxel_platformer"":""games/pyxel/10_platformer.py"",""pyxel_shooter"":""games/pyxel/09_shooter.py""}","{""daylight"":""21a365375249e9d7ea05e78dcfe040f09cc1f0c66bd410bae084190c743a028f"",""pyxel_platformer"":""1b2c75b49dc9ab0254fb4b724682a4787868814a38d2f08920720dc5b6007ac5"",""pyxel_shooter"":""0f53e4156907eac41080a8f289e22c89365b3239517c754cf59a51af201d5563""}",a22e113f4ce810015641a11ec01ede21087b7a1a184fd294b6db4d434de1ca05
1,532,formal-v1__colocation__pyxel_platformer+pyxel_snake__r03,formal-v1,colocation-main,test,colocation,"[""pyxel_platformer"",""pyxel_snake""]",pyxel_platformer,"[""pyxel_snake""]",pyxel_platformer+pyxel_snake,pyxel_platformer+pyxel_snake__r03,,,3,17859305433267736836,20,60,1,20,windows-rtx4060,0,0,grid_2x2,true,82,1f4e3f3ce1069ad1b142225e539ac838483cf248849a3ee4b2d0608dd6f525bd,71ed4d4e65751a5957c2b1b7954da195b59eb885,data/raw/formal-v1/formal-v1__colocation__pyxel_platformer+pyxel_snake__r03,"{""pyxel_platformer"":""games/pyxel/10_platformer.py"",""pyxel_snake"":""games/pyxel/07_snake.py""}","{""pyxel_platformer"":""1b2c75b49dc9ab0254fb4b724682a4787868814a38d2f08920720dc5b6007ac5"",""pyxel_snake"":""bc533fef92d1d358e570f69d979919fe5c1cd8c4da49841104b49a1e661a5ac3""}",a8f68c995078e18d7851a69e92b4b78052f6c3191e83514465d06b32fc2265eb
1,533,formal-v1__profile__pyxel_snake__gpu_memory__p050__r03,formal-v1,profile,not_applicable,pressure_profile,"[""pyxel_snake""]",pyxel_snake,[],,,gpu_memory,0.5,3,12136616595404214044,20,60,1,20,windows-rtx4060,0,0,grid_2x2,true,82,1f4e3f3ce1069ad1b142225e539ac838483cf248849a3ee4b2d0608dd6f525bd,71ed4d4e65751a5957c2b1b7954da195b59eb885,data/raw/formal-v1/formal-v1__profile__pyxel_snake__gpu_memory__p050__r03,"{""pyxel_snake"":""games/pyxel/07_snake.py""}","{""pyxel_snake"":""bc533fef92d1d358e570f69d979919fe5c1cd8c4da49841104b49a1e661a5ac3""}",76239f0dd8cd3db8b125491c8bfc68f011367d3169e7631650935f7cd0de2847
1,534,formal-v1__profile__pyxel_bubbles__memory_bandwidth__p100__r03,formal-v1,profile,not_applicable,pressure_profile,"[""pyxel_bubbles""]",pyxel_bubbles,[],,,memory_bandwidth,1,3,5543711080399385332,20,60,1,20,windows-rtx4060,0,0,grid_2x2,true,82,1f4e3f3ce1069ad1b142225e539ac838483cf248849a3ee4b2d0608dd6f525bd,71ed4d4e65751a5957c2b1b7954da195b59eb885,data/raw/formal-v1/formal-v1__profile__pyxel_bubbles__memory_bandwidth__p100__r03,"{""pyxel_bubbles"":""games/pyxel/06_click_game.py""}","{""pyxel_bubbles"":""54c101e90bdaed839ac4c4284494530d5df37a5819a35f1e41eebb0b3da5d900""}",1c9c96b77d0eb297086f76216b7878b33f2e391f2972d9d64a20a541cfc3a54a
1,535,formal-v1__colocation__pyxel_bubbles+pyxel_snake+space_rescue__r03,formal-v1,colocation-main,train,colocation,"[""pyxel_bubbles"",""pyxel_snake"",""space_rescue""]",pyxel_bubbles,"[""pyxel_snake"",""space_rescue""]",pyxel_bubbles+pyxel_snake+space_rescue,pyxel_bubbles+pyxel_snake+space_rescue__r03,,,3,17740235794491381031,20,60,1,20,windows-rtx4060,0,0,grid_2x2,true,82,1f4e3f3ce1069ad1b142225e539ac838483cf248849a3ee4b2d0608dd6f525bd,71ed4d4e65751a5957c2b1b7954da195b59eb885,data/raw/formal-v1/formal-v1__colocation__pyxel_bubbles+pyxel_snake+space_rescue__r03,"{""pyxel_bubbles"":""games/pyxel/06_click_game.py"",""pyxel_snake"":""games/pyxel/07_snake.py"",""space_rescue"":""games/pyxel/apps-src/space_rescue/space_rescue.py""}","{""pyxel_bubbles"":""54c101e90bdaed839ac4c4284494530d5df37a5819a35f1e41eebb0b3da5d900"",""pyxel_snake"":""bc533fef92d1d358e570f69d979919fe5c1cd8c4da49841104b49a1e661a5ac3"",""space_rescue"":""f3b0ab6784ae558e64f06a3f0a704e53f107a130aa3d43357659d0850131e461""}",97fb08533fe8779fcd0c7d70ba4a4d8ce8212ac18230fb1c498cbcd1abaef216
1,536,formal-v1__profile__pyxel_jump__gpu_compute__p100__r02,formal-v1,profile,not_applicable,pressure_profile,"[""pyxel_jump""]",pyxel_jump,[],,,gpu_compute,1,2,3696209096307883987,20,60,1,20,windows-rtx4060,0,0,grid_2x2,true,82,1f4e3f3ce1069ad1b142225e539ac838483cf248849a3ee4b2d0608dd6f525bd,71ed4d4e65751a5957c2b1b7954da195b59eb885,data/raw/formal-v1/formal-v1__profile__pyxel_jump__gpu_compute__p100__r02,"{""pyxel_jump"":""games/pyxel/02_jump_game.py""}","{""pyxel_jump"":""4743a825f1c9cae7e049ac52115f4ecf83350db546c00745a54af187d7bc2e46""}",66e5ab5890662b304e64a570458556da61f194f2e29c2336cb8990e80da4091b
1,537,formal-v1__profile__pyxel_snake__gpu_compute__p075__r02,formal-v1,profile,not_applicable,pressure_profile,"[""pyxel_snake""]",pyxel_snake,[],,,gpu_compute,0.75,2,1770827062198345931,20,60,1,20,windows-rtx4060,0,0,grid_2x2,true,82,1f4e3f3ce1069ad1b142225e539ac838483cf248849a3ee4b2d0608dd6f525bd,71ed4d4e65751a5957c2b1b7954da195b59eb885,data/raw/formal-v1/formal-v1__profile__pyxel_snake__gpu_compute__p075__r02,"{""pyxel_snake"":""games/pyxel/07_snake.py""}","{""pyxel_snake"":""bc533fef92d1d358e570f69d979919fe5c1cd8c4da49841104b49a1e661a5ac3""}",7bf80598bc6fb56b060896e199c21da419f31feddf8b0f544274a10a0e8c70cc
1,538,formal-v1__profile__pyxel_platformer__cpu_compute__p050__r01,formal-v1,profile,not_applicable,pressure_profile,"[""pyxel_platformer""]",pyxel_platformer,[],,,cpu_compute,0.5,1,4980882825522719436,20,60,1,20,windows-rtx4060,0,0,grid_2x2,true,82,1f4e3f3ce1069ad1b142225e539ac838483cf248849a3ee4b2d0608dd6f525bd,71ed4d4e65751a5957c2b1b7954da195b59eb885,data/raw/formal-v1/formal-v1__profile__pyxel_platformer__cpu_compute__p050__r01,"{""pyxel_platformer"":""games/pyxel/10_platformer.py""}","{""pyxel_platformer"":""1b2c75b49dc9ab0254fb4b724682a4787868814a38d2f08920720dc5b6007ac5""}",dd8f346a451ba298c3dbad6f1c34e40492c047076968e342ed6268930d7e49d7
1,539,formal-v1__profile__pyxel_jump__cpu_compute__p025__r01,formal-v1,profile,not_applicable,pressure_profile,"[""pyxel_jump""]",pyxel_jump,[],,,cpu_compute,0.25,1,15655265211970011289,20,60,1,20,windows-rtx4060,0,0,grid_2x2,true,82,1f4e3f3ce1069ad1b142225e539ac838483cf248849a3ee4b2d0608dd6f525bd,71ed4d4e65751a5957c2b1b7954da195b59eb885,data/raw/formal-v1/formal-v1__profile__pyxel_jump__cpu_compute__p025__r01,"{""pyxel_jump"":""games/pyxel/02_jump_game.py""}","{""pyxel_jump"":""4743a825f1c9cae7e049ac52115f4ecf83350db546c00745a54af187d7bc2e46""}",4ebfc4a804d50030f53fed3a4bfb16b79befb64b6554faabb86de0189c0d90fc
1,540,formal-v1__profile__pyxel_shooter__cpu_compute__p100__r01,formal-v1,profile,not_applicable,pressure_profile,"[""pyxel_shooter""]",pyxel_shooter,[],,,cpu_compute,1,1,17436941125221761034,20,60,1,20,windows-rtx4060,0,0,grid_2x2,true,82,1f4e3f3ce1069ad1b142225e539ac838483cf248849a3ee4b2d0608dd6f525bd,71ed4d4e65751a5957c2b1b7954da195b59eb885,data/raw/formal-v1/formal-v1__profile__pyxel_shooter__cpu_compute__p100__r01,"{""pyxel_shooter"":""games/pyxel/09_shooter.py""}","{""pyxel_shooter"":""0f53e4156907eac41080a8f289e22c89365b3239517c754cf59a51af201d5563""}",4c784e6fc80b8c8c473cb39030aee716e411929a2cb8816faa51c0916a1670c7
1,541,formal-v1__colocation__pyxel_bubbles+pyxel_shooter+pyxel_snake__r01,formal-v1,colocation-main,train,colocation,"[""pyxel_bubbles"",""pyxel_shooter"",""pyxel_snake""]",pyxel_bubbles,"[""pyxel_shooter"",""pyxel_snake""]",pyxel_bubbles+pyxel_shooter+pyxel_snake,pyxel_bubbles+pyxel_shooter+pyxel_snake__r01,,,1,1737315477552542881,20,60,1,20,windows-rtx4060,0,0,grid_2x2,true,82,1f4e3f3ce1069ad1b142225e539ac838483cf248849a3ee4b2d0608dd6f525bd,71ed4d4e65751a5957c2b1b7954da195b59eb885,data/raw/formal-v1/formal-v1__colocation__pyxel_bubbles+pyxel_shooter+pyxel_snake__r01,"{""pyxel_bubbles"":""games/pyxel/06_click_game.py"",""pyxel_shooter"":""games/pyxel/09_shooter.py"",""pyxel_snake"":""games/pyxel/07_snake.py""}","{""pyxel_bubbles"":""54c101e90bdaed839ac4c4284494530d5df37a5819a35f1e41eebb0b3da5d900"",""pyxel_shooter"":""0f53e4156907eac41080a8f289e22c89365b3239517c754cf59a51af201d5563"",""pyxel_snake"":""bc533fef92d1d358e570f69d979919fe5c1cd8c4da49841104b49a1e661a5ac3""}",bd2a8aec606d43f5a8ed591da729bdf60e04d2f7a1e356a6c69f7bb38f15ced7
1,542,formal-v1__colocation__mega_wing+pyxel_shooter__r02,formal-v1,colocation-main,train,colocation,"[""mega_wing"",""pyxel_shooter""]",mega_wing,"[""pyxel_shooter""]",mega_wing+pyxel_shooter,mega_wing+pyxel_shooter__r02,,,2,2819729645822397115,20,60,1,20,windows-rtx4060,0,0,grid_2x2,true,82,1f4e3f3ce1069ad1b142225e539ac838483cf248849a3ee4b2d0608dd6f525bd,71ed4d4e65751a5957c2b1b7954da195b59eb885,data/raw/formal-v1/formal-v1__colocation__mega_wing+pyxel_shooter__r02,"{""mega_wing"":""games/pyxel/apps-src/mega_wing/mega_wing.py"",""pyxel_shooter"":""games/pyxel/09_shooter.py""}","{""mega_wing"":""86bad6c02a303806c58137503739241dc6b1e86695f7c0dbf672b5e1a1464e9f"",""pyxel_shooter"":""0f53e4156907eac41080a8f289e22c89365b3239517c754cf59a51af201d5563""}",f9e72d51682d616eeae08c1f12dde22eeefc74aef3e5c4810a6426a916444f70
1,543,formal-v1__profile__pyxel_shooter__cpu_compute__p075__r03,formal-v1,profile,not_applicable,pressure_profile,"[""pyxel_shooter""]",pyxel_shooter,[],,,cpu_compute,0.75,3,13259531908387383939,20,60,1,20,windows-rtx4060,0,0,grid_2x2,true,82,1f4e3f3ce1069ad1b142225e539ac838483cf248849a3ee4b2d0608dd6f525bd,71ed4d4e65751a5957c2b1b7954da195b59eb885,data/raw/formal-v1/formal-v1__profile__pyxel_shooter__cpu_compute__p075__r03,"{""pyxel_shooter"":""games/pyxel/09_shooter.py""}","{""pyxel_shooter"":""0f53e4156907eac41080a8f289e22c89365b3239517c754cf59a51af201d5563""}",a3713623708eb8bcbe0899987e2b727d75539664c17405fc1c7d5c4be1aa6057
1,544,formal-v1__colocation__mega_wing+pyxel_platformer__r03,formal-v1,colocation-main,test,colocation,"[""mega_wing"",""pyxel_platformer""]",mega_wing,"[""pyxel_platformer""]",mega_wing+pyxel_platformer,mega_wing+pyxel_platformer__r03,,,3,15449421436939081751,20,60,1,20,windows-rtx4060,0,0,grid_2x2,true,82,1f4e3f3ce1069ad1b142225e539ac838483cf248849a3ee4b2d0608dd6f525bd,71ed4d4e65751a5957c2b1b7954da195b59eb885,data/raw/formal-v1/formal-v1__colocation__mega_wing+pyxel_platformer__r03,"{""mega_wing"":""games/pyxel/apps-src/mega_wing/mega_wing.py"",""pyxel_platformer"":""games/pyxel/10_platformer.py""}","{""mega_wing"":""86bad6c02a303806c58137503739241dc6b1e86695f7c0dbf672b5e1a1464e9f"",""pyxel_platformer"":""1b2c75b49dc9ab0254fb4b724682a4787868814a38d2f08920720dc5b6007ac5""}",d85aff193bcaee2f7a2c4572559b82811fcefaac221435702b01bef2eb6b47e9
1,545,formal-v1__colocation__daylight+mega_wing+pyxel_shooter__r02,formal-v1,colocation-main,validation,colocation,"[""daylight"",""mega_wing"",""pyxel_shooter""]",daylight,"[""mega_wing"",""pyxel_shooter""]",daylight+mega_wing+pyxel_shooter,daylight+mega_wing+pyxel_shooter__r02,,,2,10879989153267615226,20,60,1,20,windows-rtx4060,0,0,grid_2x2,true,82,1f4e3f3ce1069ad1b142225e539ac838483cf248849a3ee4b2d0608dd6f525bd,71ed4d4e65751a5957c2b1b7954da195b59eb885,data/raw/formal-v1/formal-v1__colocation__daylight+mega_wing+pyxel_shooter__r02,"{""daylight"":""games/pyxel/apps-src/30SecondsOfDaylight/src/main.py"",""mega_wing"":""games/pyxel/apps-src/mega_wing/mega_wing.py"",""pyxel_shooter"":""games/pyxel/09_shooter.py""}","{""daylight"":""21a365375249e9d7ea05e78dcfe040f09cc1f0c66bd410bae084190c743a028f"",""mega_wing"":""86bad6c02a303806c58137503739241dc6b1e86695f7c0dbf672b5e1a1464e9f"",""pyxel_shooter"":""0f53e4156907eac41080a8f289e22c89365b3239517c754cf59a51af201d5563""}",97b845a5f74b044116df3bd654f9c645914fa8e37a370226c3f082a04dd9fdd7
1,546,formal-v1__profile__space_rescue__gpu_memory__p050__r01,formal-v1,profile,not_applicable,pressure_profile,"[""space_rescue""]",space_rescue,[],,,gpu_memory,0.5,1,8264407182300005763,20,60,1,20,windows-rtx4060,0,0,grid_2x2,true,82,1f4e3f3ce1069ad1b142225e539ac838483cf248849a3ee4b2d0608dd6f525bd,71ed4d4e65751a5957c2b1b7954da195b59eb885,data/raw/formal-v1/formal-v1__profile__space_rescue__gpu_memory__p050__r01,"{""space_rescue"":""games/pyxel/apps-src/space_rescue/space_rescue.py""}","{""space_rescue"":""f3b0ab6784ae558e64f06a3f0a704e53f107a130aa3d43357659d0850131e461""}",18351d1d68dd39c1714530e0fa5baf33c0c55bc9f446950831c72f7da846574a
1,547,formal-v1__profile__mega_wing__memory_bandwidth__p050__r03,formal-v1,profile,not_applicable,pressure_profile,"[""mega_wing""]",mega_wing,[],,,memory_bandwidth,0.5,3,4039119329878322077,20,60,1,20,windows-rtx4060,0,0,grid_2x2,true,82,1f4e3f3ce1069ad1b142225e539ac838483cf248849a3ee4b2d0608dd6f525bd,71ed4d4e65751a5957c2b1b7954da195b59eb885,data/raw/formal-v1/formal-v1__profile__mega_wing__memory_bandwidth__p050__r03,"{""mega_wing"":""games/pyxel/apps-src/mega_wing/mega_wing.py""}","{""mega_wing"":""86bad6c02a303806c58137503739241dc6b1e86695f7c0dbf672b5e1a1464e9f""}",bd64cac9dfbc2ad315ea2c51870f379c7fa69900fc4118ececa3a21c52f8c543
1,548,formal-v1__profile__daylight__memory_bandwidth__p075__r01,formal-v1,profile,not_applicable,pressure_profile,"[""daylight""]",daylight,[],,,memory_bandwidth,0.75,1,7578833730381098499,20,60,1,20,windows-rtx4060,0,0,grid_2x2,true,82,1f4e3f3ce1069ad1b142225e539ac838483cf248849a3ee4b2d0608dd6f525bd,71ed4d4e65751a5957c2b1b7954da195b59eb885,data/raw/formal-v1/formal-v1__profile__daylight__memory_bandwidth__p075__r01,"{""daylight"":""games/pyxel/apps-src/30SecondsOfDaylight/src/main.py""}","{""daylight"":""21a365375249e9d7ea05e78dcfe040f09cc1f0c66bd410bae084190c743a028f""}",9542c79f2b655ef7f0a17184065846e0c3b3fea2428188b2b1d57bd64c6fe80a
1,549,formal-v1__profile__pyxel_platformer__gpu_compute__p100__r02,formal-v1,profile,not_applicable,pressure_profile,"[""pyxel_platformer""]",pyxel_platformer,[],,,gpu_compute,1,2,6491091566207865305,20,60,1,20,windows-rtx4060,0,0,grid_2x2,true,82,1f4e3f3ce1069ad1b142225e539ac838483cf248849a3ee4b2d0608dd6f525bd,71ed4d4e65751a5957c2b1b7954da195b59eb885,data/raw/formal-v1/formal-v1__profile__pyxel_platformer__gpu_compute__p100__r02,"{""pyxel_platformer"":""games/pyxel/10_platformer.py""}","{""pyxel_platformer"":""1b2c75b49dc9ab0254fb4b724682a4787868814a38d2f08920720dc5b6007ac5""}",d4cabbdae9240c4b4d2bd01ace5874891983a2b84d2e9ac6416c37e0c8b335f4
1,550,formal-v1__colocation__daylight+pyxel_snake__r01,formal-v1,colocation-main,train,colocation,"[""daylight"",""pyxel_snake""]",daylight,"[""pyxel_snake""]",daylight+pyxel_snake,daylight+pyxel_snake__r01,,,1,5250172929288085803,20,60,1,20,windows-rtx4060,0,0,grid_2x2,true,82,1f4e3f3ce1069ad1b142225e539ac838483cf248849a3ee4b2d0608dd6f525bd,71ed4d4e65751a5957c2b1b7954da195b59eb885,data/raw/formal-v1/formal-v1__colocation__daylight+pyxel_snake__r01,"{""daylight"":""games/pyxel/apps-src/30SecondsOfDaylight/src/main.py"",""pyxel_snake"":""games/pyxel/07_snake.py""}","{""daylight"":""21a365375249e9d7ea05e78dcfe040f09cc1f0c66bd410bae084190c743a028f"",""pyxel_snake"":""bc533fef92d1d358e570f69d979919fe5c1cd8c4da49841104b49a1e661a5ac3""}",ce39da79a00db03d2a8d38c640951a99ec05ef48410a7f702942571d3e6ee959
1,551,formal-v1__profile__pyxel_bubbles__memory_bandwidth__p100__r02,formal-v1,profile,not_applicable,pressure_profile,"[""pyxel_bubbles""]",pyxel_bubbles,[],,,memory_bandwidth,1,2,13219627485341510469,20,60,1,20,windows-rtx4060,0,0,grid_2x2,true,82,1f4e3f3ce1069ad1b142225e539ac838483cf248849a3ee4b2d0608dd6f525bd,71ed4d4e65751a5957c2b1b7954da195b59eb885,data/raw/formal-v1/formal-v1__profile__pyxel_bubbles__memory_bandwidth__p100__r02,"{""pyxel_bubbles"":""games/pyxel/06_click_game.py""}","{""pyxel_bubbles"":""54c101e90bdaed839ac4c4284494530d5df37a5819a35f1e41eebb0b3da5d900""}",35ec3ccb8e61ec4f66134f5db74d4910999a98f12f9598acdb15e5ed4cd0c16a
1,552,formal-v1__profile__mega_wing__gpu_compute__p025__r03,formal-v1,profile,not_applicable,pressure_profile,"[""mega_wing""]",mega_wing,[],,,gpu_compute,0.25,3,16919740360767898601,20,60,1,20,windows-rtx4060,0,0,grid_2x2,true,82,1f4e3f3ce1069ad1b142225e539ac838483cf248849a3ee4b2d0608dd6f525bd,71ed4d4e65751a5957c2b1b7954da195b59eb885,data/raw/formal-v1/formal-v1__profile__mega_wing__gpu_compute__p025__r03,"{""mega_wing"":""games/pyxel/apps-src/mega_wing/mega_wing.py""}","{""mega_wing"":""86bad6c02a303806c58137503739241dc6b1e86695f7c0dbf672b5e1a1464e9f""}",6383c4d7141e0ea830140efd69dd467c5cac844904667605fb1530b500a79682
1,553,formal-v1__profile__daylight__gpu_memory__p100__r01,formal-v1,profile,not_applicable,pressure_profile,"[""daylight""]",daylight,[],,,gpu_memory,1,1,2312560201869519983,20,60,1,20,windows-rtx4060,0,0,grid_2x2,true,82,1f4e3f3ce1069ad1b142225e539ac838483cf248849a3ee4b2d0608dd6f525bd,71ed4d4e65751a5957c2b1b7954da195b59eb885,data/raw/formal-v1/formal-v1__profile__daylight__gpu_memory__p100__r01,"{""daylight"":""games/pyxel/apps-src/30SecondsOfDaylight/src/main.py""}","{""daylight"":""21a365375249e9d7ea05e78dcfe040f09cc1f0c66bd410bae084190c743a028f""}",e363e6ec050ab6cfe70d33c61f082097a74f386592464f8eec72a5da715463a2
1,554,formal-v1__colocation__pyxel_snake+space_rescue__r01,formal-v1,colocation-main,train,colocation,"[""pyxel_snake"",""space_rescue""]",pyxel_snake,"[""space_rescue""]",pyxel_snake+space_rescue,pyxel_snake+space_rescue__r01,,,1,2397847521604434650,20,60,1,20,windows-rtx4060,0,0,grid_2x2,true,82,1f4e3f3ce1069ad1b142225e539ac838483cf248849a3ee4b2d0608dd6f525bd,71ed4d4e65751a5957c2b1b7954da195b59eb885,data/raw/formal-v1/formal-v1__colocation__pyxel_snake+space_rescue__r01,"{""pyxel_snake"":""games/pyxel/07_snake.py"",""space_rescue"":""games/pyxel/apps-src/space_rescue/space_rescue.py""}","{""pyxel_snake"":""bc533fef92d1d358e570f69d979919fe5c1cd8c4da49841104b49a1e661a5ac3"",""space_rescue"":""f3b0ab6784ae558e64f06a3f0a704e53f107a130aa3d43357659d0850131e461""}",13113943f1db662f2c3cb3c0eb25bd8a865966768b649e7f2435e965420670e5
1,555,formal-v1__profile__pyxel_bubbles__memory_bandwidth__p100__r01,formal-v1,profile,not_applicable,pressure_profile,"[""pyxel_bubbles""]",pyxel_bubbles,[],,,memory_bandwidth,1,1,11602898221305286257,20,60,1,20,windows-rtx4060,0,0,grid_2x2,true,82,1f4e3f3ce1069ad1b142225e539ac838483cf248849a3ee4b2d0608dd6f525bd,71ed4d4e65751a5957c2b1b7954da195b59eb885,data/raw/formal-v1/formal-v1__profile__pyxel_bubbles__memory_bandwidth__p100__r01,"{""pyxel_bubbles"":""games/pyxel/06_click_game.py""}","{""pyxel_bubbles"":""54c101e90bdaed839ac4c4284494530d5df37a5819a35f1e41eebb0b3da5d900""}",d8acfc23f9d1a8418542657bdfd8dc082f1410fdc70f01ff66af8737ac2a1a59
1,556,formal-v1__extra__daylight+pyxel_platformer+pyxel_shooter+pyxel_snake__r03,formal-v1,colocation-extra-test,extra_test,extra_test,"[""daylight"",""pyxel_platformer"",""pyxel_shooter"",""pyxel_snake""]",daylight,"[""pyxel_platformer"",""pyxel_shooter"",""pyxel_snake""]",daylight+pyxel_platformer+pyxel_shooter+pyxel_snake,daylight+pyxel_platformer+pyxel_shooter+pyxel_snake__r03,,,3,13328020676611241538,20,60,1,20,windows-rtx4060,0,0,grid_2x2,true,82,1f4e3f3ce1069ad1b142225e539ac838483cf248849a3ee4b2d0608dd6f525bd,71ed4d4e65751a5957c2b1b7954da195b59eb885,data/raw/formal-v1/formal-v1__extra__daylight+pyxel_platformer+pyxel_shooter+pyxel_snake__r03,"{""daylight"":""games/pyxel/apps-src/30SecondsOfDaylight/src/main.py"",""pyxel_platformer"":""games/pyxel/10_platformer.py"",""pyxel_shooter"":""games/pyxel/09_shooter.py"",""pyxel_snake"":""games/pyxel/07_snake.py""}","{""daylight"":""21a365375249e9d7ea05e78dcfe040f09cc1f0c66bd410bae084190c743a028f"",""pyxel_platformer"":""1b2c75b49dc9ab0254fb4b724682a4787868814a38d2f08920720dc5b6007ac5"",""pyxel_shooter"":""0f53e4156907eac41080a8f289e22c89365b3239517c754cf59a51af201d5563"",""pyxel_snake"":""bc533fef92d1d358e570f69d979919fe5c1cd8c4da49841104b49a1e661a5ac3""}",8c46519a5949bc3d6a452dbf01b1d2ffef6f5965cedec1c026263d994a68a192
1,557,formal-v1__profile__daylight__gpu_compute__p025__r03,formal-v1,profile,not_applicable,pressure_profile,"[""daylight""]",daylight,[],,,gpu_compute,0.25,3,749183187063128441,20,60,1,20,windows-rtx4060,0,0,grid_2x2,true,82,1f4e3f3ce1069ad1b142225e539ac838483cf248849a3ee4b2d0608dd6f525bd,71ed4d4e65751a5957c2b1b7954da195b59eb885,data/raw/formal-v1/formal-v1__profile__daylight__gpu_compute__p025__r03,"{""daylight"":""games/pyxel/apps-src/30SecondsOfDaylight/src/main.py""}","{""daylight"":""21a365375249e9d7ea05e78dcfe040f09cc1f0c66bd410bae084190c743a028f""}",77cc4f0d7fdd03005e9425c82b3fc6c28eb8ba14a806bb2dd95ceea0c06fcc37
1,558,formal-v1__profile__pyxel_platformer__memory_bandwidth__p025__r03,formal-v1,profile,not_applicable,pressure_profile,"[""pyxel_platformer""]",pyxel_platformer,[],,,memory_bandwidth,0.25,3,6407012450131811621,20,60,1,20,windows-rtx4060,0,0,grid_2x2,true,82,1f4e3f3ce1069ad1b142225e539ac838483cf248849a3ee4b2d0608dd6f525bd,71ed4d4e65751a5957c2b1b7954da195b59eb885,data/raw/formal-v1/formal-v1__profile__pyxel_platformer__memory_bandwidth__p025__r03,"{""pyxel_platformer"":""games/pyxel/10_platformer.py""}","{""pyxel_platformer"":""1b2c75b49dc9ab0254fb4b724682a4787868814a38d2f08920720dc5b6007ac5""}",2d98022d64864bf98a6916408af62db19e43f104360b89021fea52baa5f392d2
1,559,formal-v1__profile__mega_wing__gpu_memory__p050__r03,formal-v1,profile,not_applicable,pressure_profile,"[""mega_wing""]",mega_wing,[],,,gpu_memory,0.5,3,10059944171346308046,20,60,1,20,windows-rtx4060,0,0,grid_2x2,true,82,1f4e3f3ce1069ad1b142225e539ac838483cf248849a3ee4b2d0608dd6f525bd,71ed4d4e65751a5957c2b1b7954da195b59eb885,data/raw/formal-v1/formal-v1__profile__mega_wing__gpu_memory__p050__r03,"{""mega_wing"":""games/pyxel/apps-src/mega_wing/mega_wing.py""}","{""mega_wing"":""86bad6c02a303806c58137503739241dc6b1e86695f7c0dbf672b5e1a1464e9f""}",4e1f661dec1a0bdfec96289994f7191e321b3a596e09b4a556715a9389700cbd
1,560,formal-v1__profile__pyxel_jump__gpu_compute__p000__r01,formal-v1,profile,not_applicable,pressure_profile,"[""pyxel_jump""]",pyxel_jump,[],,,gpu_compute,0,1,16045919972083546316,20,60,1,20,windows-rtx4060,0,0,grid_2x2,true,82,1f4e3f3ce1069ad1b142225e539ac838483cf248849a3ee4b2d0608dd6f525bd,71ed4d4e65751a5957c2b1b7954da195b59eb885,data/raw/formal-v1/formal-v1__profile__pyxel_jump__gpu_compute__p000__r01,"{""pyxel_jump"":""games/pyxel/02_jump_game.py""}","{""pyxel_jump"":""4743a825f1c9cae7e049ac52115f4ecf83350db546c00745a54af187d7bc2e46""}",ecd4a4c890bbd70a78447befd0a68178add5c3a00d7fcb0235a138f4b5874fcd
1,561,formal-v1__solo__pyxel_bubbles__r02,formal-v1,solo,not_applicable,solo,"[""pyxel_bubbles""]",pyxel_bubbles,[],,,,,2,9258445529914912663,20,60,1,20,windows-rtx4060,0,0,grid_2x2,true,82,1f4e3f3ce1069ad1b142225e539ac838483cf248849a3ee4b2d0608dd6f525bd,71ed4d4e65751a5957c2b1b7954da195b59eb885,data/raw/formal-v1/formal-v1__solo__pyxel_bubbles__r02,"{""pyxel_bubbles"":""games/pyxel/06_click_game.py""}","{""pyxel_bubbles"":""54c101e90bdaed839ac4c4284494530d5df37a5819a35f1e41eebb0b3da5d900""}",f9f08328dbaa5dc24bad7f146992c97553a299e8efa3fd60e7d1c5645b352138
1,562,formal-v1__profile__daylight__cpu_compute__p100__r02,formal-v1,profile,not_applicable,pressure_profile,"[""daylight""]",daylight,[],,,cpu_compute,1,2,6244405580656151508,20,60,1,20,windows-rtx4060,0,0,grid_2x2,true,82,1f4e3f3ce1069ad1b142225e539ac838483cf248849a3ee4b2d0608dd6f525bd,71ed4d4e65751a5957c2b1b7954da195b59eb885,data/raw/formal-v1/formal-v1__profile__daylight__cpu_compute__p100__r02,"{""daylight"":""games/pyxel/apps-src/30SecondsOfDaylight/src/main.py""}","{""daylight"":""21a365375249e9d7ea05e78dcfe040f09cc1f0c66bd410bae084190c743a028f""}",06d638efe1e75ff2b606ead1444738c75f6962d7a1d0c5d4283daf777ccfad6b
1,563,formal-v1__profile__pyxel_bubbles__memory_bandwidth__p025__r03,formal-v1,profile,not_applicable,pressure_profile,"[""pyxel_bubbles""]",pyxel_bubbles,[],,,memory_bandwidth,0.25,3,9085066560137111869,20,60,1,20,windows-rtx4060,0,0,grid_2x2,true,82,1f4e3f3ce1069ad1b142225e539ac838483cf248849a3ee4b2d0608dd6f525bd,71ed4d4e65751a5957c2b1b7954da195b59eb885,data/raw/formal-v1/formal-v1__profile__pyxel_bubbles__memory_bandwidth__p025__r03,"{""pyxel_bubbles"":""games/pyxel/06_click_game.py""}","{""pyxel_bubbles"":""54c101e90bdaed839ac4c4284494530d5df37a5819a35f1e41eebb0b3da5d900""}",dd1d714a63c2e346167394e07819ca4c9c02a815fb8571d7907170b2b49a3b1f
1,564,formal-v1__profile__pyxel_bubbles__gpu_memory__p100__r03,formal-v1,profile,not_applicable,pressure_profile,"[""pyxel_bubbles""]",pyxel_bubbles,[],,,gpu_memory,1,3,17378968074676674643,20,60,1,20,windows-rtx4060,0,0,grid_2x2,true,82,1f4e3f3ce1069ad1b142225e539ac838483cf248849a3ee4b2d0608dd6f525bd,71ed4d4e65751a5957c2b1b7954da195b59eb885,data/raw/formal-v1/formal-v1__profile__pyxel_bubbles__gpu_memory__p100__r03,"{""pyxel_bubbles"":""games/pyxel/06_click_game.py""}","{""pyxel_bubbles"":""54c101e90bdaed839ac4c4284494530d5df37a5819a35f1e41eebb0b3da5d900""}",5db466fcf059aa5149d40158e5e5fa31ef930433bcdcfe7f66437a96f20d91e7
1,565,formal-v1__profile__mega_wing__cpu_compute__p025__r01,formal-v1,profile,not_applicable,pressure_profile,"[""mega_wing""]",mega_wing,[],,,cpu_compute,0.25,1,5506231698832259776,20,60,1,20,windows-rtx4060,0,0,grid_2x2,true,82,1f4e3f3ce1069ad1b142225e539ac838483cf248849a3ee4b2d0608dd6f525bd,71ed4d4e65751a5957c2b1b7954da195b59eb885,data/raw/formal-v1/formal-v1__profile__mega_wing__cpu_compute__p025__r01,"{""mega_wing"":""games/pyxel/apps-src/mega_wing/mega_wing.py""}","{""mega_wing"":""86bad6c02a303806c58137503739241dc6b1e86695f7c0dbf672b5e1a1464e9f""}",ec8e064cd69ae90540659ced553c8ca22193a80e823516b3d7ba2dcb1e60ab1f
1,566,formal-v1__colocation__pyxel_bubbles+pyxel_shooter__r01,formal-v1,colocation-main,train,colocation,"[""pyxel_bubbles"",""pyxel_shooter""]",pyxel_bubbles,"[""pyxel_shooter""]",pyxel_bubbles+pyxel_shooter,pyxel_bubbles+pyxel_shooter__r01,,,1,18084132692930187695,20,60,1,20,windows-rtx4060,0,0,grid_2x2,true,82,1f4e3f3ce1069ad1b142225e539ac838483cf248849a3ee4b2d0608dd6f525bd,71ed4d4e65751a5957c2b1b7954da195b59eb885,data/raw/formal-v1/formal-v1__colocation__pyxel_bubbles+pyxel_shooter__r01,"{""pyxel_bubbles"":""games/pyxel/06_click_game.py"",""pyxel_shooter"":""games/pyxel/09_shooter.py""}","{""pyxel_bubbles"":""54c101e90bdaed839ac4c4284494530d5df37a5819a35f1e41eebb0b3da5d900"",""pyxel_shooter"":""0f53e4156907eac41080a8f289e22c89365b3239517c754cf59a51af201d5563""}",c12480108be92c7e2823aed230490cefe398ca8eacf643b43bce8288c736b1f3
1,567,formal-v1__profile__daylight__gpu_memory__p100__r03,formal-v1,profile,not_applicable,pressure_profile,"[""daylight""]",daylight,[],,,gpu_memory,1,3,5071430004035607435,20,60,1,20,windows-rtx4060,0,0,grid_2x2,true,82,1f4e3f3ce1069ad1b142225e539ac838483cf248849a3ee4b2d0608dd6f525bd,71ed4d4e65751a5957c2b1b7954da195b59eb885,data/raw/formal-v1/formal-v1__profile__daylight__gpu_memory__p100__r03,"{""daylight"":""games/pyxel/apps-src/30SecondsOfDaylight/src/main.py""}","{""daylight"":""21a365375249e9d7ea05e78dcfe040f09cc1f0c66bd410bae084190c743a028f""}",9036653a9b5c94e85d5601b8cd03d2037736bad2fcfb166171263d44f65fb328
1,568,formal-v1__colocation__mega_wing+pyxel_bubbles__r01,formal-v1,colocation-main,test,colocation,"[""mega_wing"",""pyxel_bubbles""]",mega_wing,"[""pyxel_bubbles""]",mega_wing+pyxel_bubbles,mega_wing+pyxel_bubbles__r01,,,1,7664317210654164220,20,60,1,20,windows-rtx4060,0,0,grid_2x2,true,82,1f4e3f3ce1069ad1b142225e539ac838483cf248849a3ee4b2d0608dd6f525bd,71ed4d4e65751a5957c2b1b7954da195b59eb885,data/raw/formal-v1/formal-v1__colocation__mega_wing+pyxel_bubbles__r01,"{""mega_wing"":""games/pyxel/apps-src/mega_wing/mega_wing.py"",""pyxel_bubbles"":""games/pyxel/06_click_game.py""}","{""mega_wing"":""86bad6c02a303806c58137503739241dc6b1e86695f7c0dbf672b5e1a1464e9f"",""pyxel_bubbles"":""54c101e90bdaed839ac4c4284494530d5df37a5819a35f1e41eebb0b3da5d900""}",a0e3765628c3e2e454a20ecfa18c5926dd4c6866cd6503b68622a9ffc56109af
1,569,formal-v1__profile__pyxel_platformer__gpu_compute__p000__r01,formal-v1,profile,not_applicable,pressure_profile,"[""pyxel_platformer""]",pyxel_platformer,[],,,gpu_compute,0,1,18142963841686873740,20,60,1,20,windows-rtx4060,0,0,grid_2x2,true,82,1f4e3f3ce1069ad1b142225e539ac838483cf248849a3ee4b2d0608dd6f525bd,71ed4d4e65751a5957c2b1b7954da195b59eb885,data/raw/formal-v1/formal-v1__profile__pyxel_platformer__gpu_compute__p000__r01,"{""pyxel_platformer"":""games/pyxel/10_platformer.py""}","{""pyxel_platformer"":""1b2c75b49dc9ab0254fb4b724682a4787868814a38d2f08920720dc5b6007ac5""}",b632f4afac8bc58cc9f922723f628bb7cca7f5171ae0f5f237d6612242a999fe
1,570,formal-v1__profile__pyxel_platformer__memory_bandwidth__p000__r02,formal-v1,profile,not_applicable,pressure_profile,"[""pyxel_platformer""]",pyxel_platformer,[],,,memory_bandwidth,0,2,16020268150194630823,20,60,1,20,windows-rtx4060,0,0,grid_2x2,true,82,1f4e3f3ce1069ad1b142225e539ac838483cf248849a3ee4b2d0608dd6f525bd,71ed4d4e65751a5957c2b1b7954da195b59eb885,data/raw/formal-v1/formal-v1__profile__pyxel_platformer__memory_bandwidth__p000__r02,"{""pyxel_platformer"":""games/pyxel/10_platformer.py""}","{""pyxel_platformer"":""1b2c75b49dc9ab0254fb4b724682a4787868814a38d2f08920720dc5b6007ac5""}",be4d5464a91ba8f11ae3f6518fec1608bda6a1cc9616b2b13470eaf00ac576f6
1,571,formal-v1__profile__mega_wing__gpu_memory__p075__r01,formal-v1,profile,not_applicable,pressure_profile,"[""mega_wing""]",mega_wing,[],,,gpu_memory,0.75,1,4074804544823820589,20,60,1,20,windows-rtx4060,0,0,grid_2x2,true,82,1f4e3f3ce1069ad1b142225e539ac838483cf248849a3ee4b2d0608dd6f525bd,71ed4d4e65751a5957c2b1b7954da195b59eb885,data/raw/formal-v1/formal-v1__profile__mega_wing__gpu_memory__p075__r01,"{""mega_wing"":""games/pyxel/apps-src/mega_wing/mega_wing.py""}","{""mega_wing"":""86bad6c02a303806c58137503739241dc6b1e86695f7c0dbf672b5e1a1464e9f""}",b4b054a73a45612736bcf99b6aaab82bd28127f5dade17bcbc1f6b3615b12dec
1,572,formal-v1__profile__space_rescue__memory_bandwidth__p075__r02,formal-v1,profile,not_applicable,pressure_profile,"[""space_rescue""]",space_rescue,[],,,memory_bandwidth,0.75,2,4922494490902519664,20,60,1,20,windows-rtx4060,0,0,grid_2x2,true,82,1f4e3f3ce1069ad1b142225e539ac838483cf248849a3ee4b2d0608dd6f525bd,71ed4d4e65751a5957c2b1b7954da195b59eb885,data/raw/formal-v1/formal-v1__profile__space_rescue__memory_bandwidth__p075__r02,"{""space_rescue"":""games/pyxel/apps-src/space_rescue/space_rescue.py""}","{""space_rescue"":""f3b0ab6784ae558e64f06a3f0a704e53f107a130aa3d43357659d0850131e461""}",e5ca73370bc8686c218f34e100be5fb7f9065a04ba6207151cde0c3c53afd322
1,573,formal-v1__colocation__mega_wing+pyxel_bubbles+space_rescue__r02,formal-v1,colocation-main,train,colocation,"[""mega_wing"",""pyxel_bubbles"",""space_rescue""]",mega_wing,"[""pyxel_bubbles"",""space_rescue""]",mega_wing+pyxel_bubbles+space_rescue,mega_wing+pyxel_bubbles+space_rescue__r02,,,2,12421338202025968334,20,60,1,20,windows-rtx4060,0,0,grid_2x2,true,82,1f4e3f3ce1069ad1b142225e539ac838483cf248849a3ee4b2d0608dd6f525bd,71ed4d4e65751a5957c2b1b7954da195b59eb885,data/raw/formal-v1/formal-v1__colocation__mega_wing+pyxel_bubbles+space_rescue__r02,"{""mega_wing"":""games/pyxel/apps-src/mega_wing/mega_wing.py"",""pyxel_bubbles"":""games/pyxel/06_click_game.py"",""space_rescue"":""games/pyxel/apps-src/space_rescue/space_rescue.py""}","{""mega_wing"":""86bad6c02a303806c58137503739241dc6b1e86695f7c0dbf672b5e1a1464e9f"",""pyxel_bubbles"":""54c101e90bdaed839ac4c4284494530d5df37a5819a35f1e41eebb0b3da5d900"",""space_rescue"":""f3b0ab6784ae558e64f06a3f0a704e53f107a130aa3d43357659d0850131e461""}",8b3e58a380ff67b32ae61d53d7f030206e3290617965204c583cbf2f87f3ceba
1,574,formal-v1__profile__pyxel_bubbles__cpu_compute__p050__r03,formal-v1,profile,not_applicable,pressure_profile,"[""pyxel_bubbles""]",pyxel_bubbles,[],,,cpu_compute,0.5,3,8097135385450377352,20,60,1,20,windows-rtx4060,0,0,grid_2x2,true,82,1f4e3f3ce1069ad1b142225e539ac838483cf248849a3ee4b2d0608dd6f525bd,71ed4d4e65751a5957c2b1b7954da195b59eb885,data/raw/formal-v1/formal-v1__profile__pyxel_bubbles__cpu_compute__p050__r03,"{""pyxel_bubbles"":""games/pyxel/06_click_game.py""}","{""pyxel_bubbles"":""54c101e90bdaed839ac4c4284494530d5df37a5819a35f1e41eebb0b3da5d900""}",fe4f68b22dc52ac2b9d45bb27bdc24c4530d79864f61670eb274fb7a55fbd926
1,575,formal-v1__profile__pyxel_shooter__memory_bandwidth__p100__r01,formal-v1,profile,not_applicable,pressure_profile,"[""pyxel_shooter""]",pyxel_shooter,[],,,memory_bandwidth,1,1,16760051971975883249,20,60,1,20,windows-rtx4060,0,0,grid_2x2,true,82,1f4e3f3ce1069ad1b142225e539ac838483cf248849a3ee4b2d0608dd6f525bd,71ed4d4e65751a5957c2b1b7954da195b59eb885,data/raw/formal-v1/formal-v1__profile__pyxel_shooter__memory_bandwidth__p100__r01,"{""pyxel_shooter"":""games/pyxel/09_shooter.py""}","{""pyxel_shooter"":""0f53e4156907eac41080a8f289e22c89365b3239517c754cf59a51af201d5563""}",a664fbf4c87836612a691ed5e59eec0b2c2b02ba9cf1571c2a3323cda2de34a9
1,576,formal-v1__profile__mega_wing__memory_bandwidth__p100__r02,formal-v1,profile,not_applicable,pressure_profile,"[""mega_wing""]",mega_wing,[],,,memory_bandwidth,1,2,12076705729341382433,20,60,1,20,windows-rtx4060,0,0,grid_2x2,true,82,1f4e3f3ce1069ad1b142225e539ac838483cf248849a3ee4b2d0608dd6f525bd,71ed4d4e65751a5957c2b1b7954da195b59eb885,data/raw/formal-v1/formal-v1__profile__mega_wing__memory_bandwidth__p100__r02,"{""mega_wing"":""games/pyxel/apps-src/mega_wing/mega_wing.py""}","{""mega_wing"":""86bad6c02a303806c58137503739241dc6b1e86695f7c0dbf672b5e1a1464e9f""}",f97f94067ada17cd371e4a1b175e4b2ec8bf494402a85152b2a5922d40b29183
1,577,formal-v1__profile__pyxel_shooter__memory_bandwidth__p000__r02,formal-v1,profile,not_applicable,pressure_profile,"[""pyxel_shooter""]",pyxel_shooter,[],,,memory_bandwidth,0,2,5058384098521316371,20,60,1,20,windows-rtx4060,0,0,grid_2x2,true,82,1f4e3f3ce1069ad1b142225e539ac838483cf248849a3ee4b2d0608dd6f525bd,71ed4d4e65751a5957c2b1b7954da195b59eb885,data/raw/formal-v1/formal-v1__profile__pyxel_shooter__memory_bandwidth__p000__r02,"{""pyxel_shooter"":""games/pyxel/09_shooter.py""}","{""pyxel_shooter"":""0f53e4156907eac41080a8f289e22c89365b3239517c754cf59a51af201d5563""}",5bc24eb36eaf1aa10b28b07985059d3f82702a18f561502f443049c94943dd3f
1,578,formal-v1__profile__space_rescue__gpu_memory__p100__r03,formal-v1,profile,not_applicable,pressure_profile,"[""space_rescue""]",space_rescue,[],,,gpu_memory,1,3,13207949832821095296,20,60,1,20,windows-rtx4060,0,0,grid_2x2,true,82,1f4e3f3ce1069ad1b142225e539ac838483cf248849a3ee4b2d0608dd6f525bd,71ed4d4e65751a5957c2b1b7954da195b59eb885,data/raw/formal-v1/formal-v1__profile__space_rescue__gpu_memory__p100__r03,"{""space_rescue"":""games/pyxel/apps-src/space_rescue/space_rescue.py""}","{""space_rescue"":""f3b0ab6784ae558e64f06a3f0a704e53f107a130aa3d43357659d0850131e461""}",87de7500b5275a5a79c73ea9c5f0a1b110cce81dfafc336d136d07f333673509
1,579,formal-v1__colocation__daylight+pyxel_snake__r02,formal-v1,colocation-main,train,colocation,"[""daylight"",""pyxel_snake""]",daylight,"[""pyxel_snake""]",daylight+pyxel_snake,daylight+pyxel_snake__r02,,,2,9318859405188917377,20,60,1,20,windows-rtx4060,0,0,grid_2x2,true,82,1f4e3f3ce1069ad1b142225e539ac838483cf248849a3ee4b2d0608dd6f525bd,71ed4d4e65751a5957c2b1b7954da195b59eb885,data/raw/formal-v1/formal-v1__colocation__daylight+pyxel_snake__r02,"{""daylight"":""games/pyxel/apps-src/30SecondsOfDaylight/src/main.py"",""pyxel_snake"":""games/pyxel/07_snake.py""}","{""daylight"":""21a365375249e9d7ea05e78dcfe040f09cc1f0c66bd410bae084190c743a028f"",""pyxel_snake"":""bc533fef92d1d358e570f69d979919fe5c1cd8c4da49841104b49a1e661a5ac3""}",301a1463c63bfb49754a9075fc051e3f878089697a17f18e231ba437cb5eda7c
1,580,formal-v1__profile__daylight__memory_bandwidth__p025__r03,formal-v1,profile,not_applicable,pressure_profile,"[""daylight""]",daylight,[],,,memory_bandwidth,0.25,3,16771414784401515440,20,60,1,20,windows-rtx4060,0,0,grid_2x2,true,82,1f4e3f3ce1069ad1b142225e539ac838483cf248849a3ee4b2d0608dd6f525bd,71ed4d4e65751a5957c2b1b7954da195b59eb885,data/raw/formal-v1/formal-v1__profile__daylight__memory_bandwidth__p025__r03,"{""daylight"":""games/pyxel/apps-src/30SecondsOfDaylight/src/main.py""}","{""daylight"":""21a365375249e9d7ea05e78dcfe040f09cc1f0c66bd410bae084190c743a028f""}",972d541e6b28b7f4c3fbab3aa4d02e71edd8c005b90611877312461ef617a818
1,581,formal-v1__profile__pyxel_jump__cpu_compute__p075__r03,formal-v1,profile,not_applicable,pressure_profile,"[""pyxel_jump""]",pyxel_jump,[],,,cpu_compute,0.75,3,2635009032766366484,20,60,1,20,windows-rtx4060,0,0,grid_2x2,true,82,1f4e3f3ce1069ad1b142225e539ac838483cf248849a3ee4b2d0608dd6f525bd,71ed4d4e65751a5957c2b1b7954da195b59eb885,data/raw/formal-v1/formal-v1__profile__pyxel_jump__cpu_compute__p075__r03,"{""pyxel_jump"":""games/pyxel/02_jump_game.py""}","{""pyxel_jump"":""4743a825f1c9cae7e049ac52115f4ecf83350db546c00745a54af187d7bc2e46""}",25b3f66660dd35361ba4f5b88e1a93ceb3e910ef48d9ab97214b078107db8939
1,582,formal-v1__profile__space_rescue__cpu_compute__p075__r02,formal-v1,profile,not_applicable,pressure_profile,"[""space_rescue""]",space_rescue,[],,,cpu_compute,0.75,2,11294094724578276243,20,60,1,20,windows-rtx4060,0,0,grid_2x2,true,82,1f4e3f3ce1069ad1b142225e539ac838483cf248849a3ee4b2d0608dd6f525bd,71ed4d4e65751a5957c2b1b7954da195b59eb885,data/raw/formal-v1/formal-v1__profile__space_rescue__cpu_compute__p075__r02,"{""space_rescue"":""games/pyxel/apps-src/space_rescue/space_rescue.py""}","{""space_rescue"":""f3b0ab6784ae558e64f06a3f0a704e53f107a130aa3d43357659d0850131e461""}",6cce9464ac66e29b0aa3ae46ec0b588755aae0b41daaf35175ab45ab5a15eb0a
1,583,formal-v1__colocation__mega_wing+pyxel_platformer+pyxel_shooter__r01,formal-v1,colocation-main,test,colocation,"[""mega_wing"",""pyxel_platformer"",""pyxel_shooter""]",mega_wing,"[""pyxel_platformer"",""pyxel_shooter""]",mega_wing+pyxel_platformer+pyxel_shooter,mega_wing+pyxel_platformer+pyxel_shooter__r01,,,1,16027148539821522231,20,60,1,20,windows-rtx4060,0,0,grid_2x2,true,82,1f4e3f3ce1069ad1b142225e539ac838483cf248849a3ee4b2d0608dd6f525bd,71ed4d4e65751a5957c2b1b7954da195b59eb885,data/raw/formal-v1/formal-v1__colocation__mega_wing+pyxel_platformer+pyxel_shooter__r01,"{""mega_wing"":""games/pyxel/apps-src/mega_wing/mega_wing.py"",""pyxel_platformer"":""games/pyxel/10_platformer.py"",""pyxel_shooter"":""games/pyxel/09_shooter.py""}","{""mega_wing"":""86bad6c02a303806c58137503739241dc6b1e86695f7c0dbf672b5e1a1464e9f"",""pyxel_platformer"":""1b2c75b49dc9ab0254fb4b724682a4787868814a38d2f08920720dc5b6007ac5"",""pyxel_shooter"":""0f53e4156907eac41080a8f289e22c89365b3239517c754cf59a51af201d5563""}",b98887652fafd4be25d6c1ec4bbbc9fceb27591fb6cc33016358b931b64b1e21
1,584,formal-v1__profile__mega_wing__gpu_memory__p000__r01,formal-v1,profile,not_applicable,pressure_profile,"[""mega_wing""]",mega_wing,[],,,gpu_memory,0,1,10877227467419782675,20,60,1,20,windows-rtx4060,0,0,grid_2x2,true,82,1f4e3f3ce1069ad1b142225e539ac838483cf248849a3ee4b2d0608dd6f525bd,71ed4d4e65751a5957c2b1b7954da195b59eb885,data/raw/formal-v1/formal-v1__profile__mega_wing__gpu_memory__p000__r01,"{""mega_wing"":""games/pyxel/apps-src/mega_wing/mega_wing.py""}","{""mega_wing"":""86bad6c02a303806c58137503739241dc6b1e86695f7c0dbf672b5e1a1464e9f""}",e884da2216239fb2ddb0fa817b52bd3024b9428d7fe750ca60a381cb2795610b
1,585,formal-v1__profile__mega_wing__memory_bandwidth__p075__r03,formal-v1,profile,not_applicable,pressure_profile,"[""mega_wing""]",mega_wing,[],,,memory_bandwidth,0.75,3,2229441213329195687,20,60,1,20,windows-rtx4060,0,0,grid_2x2,true,82,1f4e3f3ce1069ad1b142225e539ac838483cf248849a3ee4b2d0608dd6f525bd,71ed4d4e65751a5957c2b1b7954da195b59eb885,data/raw/formal-v1/formal-v1__profile__mega_wing__memory_bandwidth__p075__r03,"{""mega_wing"":""games/pyxel/apps-src/mega_wing/mega_wing.py""}","{""mega_wing"":""86bad6c02a303806c58137503739241dc6b1e86695f7c0dbf672b5e1a1464e9f""}",b89915b86d1f774d0e497725ceaba7f9930d67cee1d33e43f2d726a6b28703ab
1,586,formal-v1__profile__pyxel_platformer__cpu_compute__p075__r01,formal-v1,profile,not_applicable,pressure_profile,"[""pyxel_platformer""]",pyxel_platformer,[],,,cpu_compute,0.75,1,1292679609294179884,20,60,1,20,windows-rtx4060,0,0,grid_2x2,true,82,1f4e3f3ce1069ad1b142225e539ac838483cf248849a3ee4b2d0608dd6f525bd,71ed4d4e65751a5957c2b1b7954da195b59eb885,data/raw/formal-v1/formal-v1__profile__pyxel_platformer__cpu_compute__p075__r01,"{""pyxel_platformer"":""games/pyxel/10_platformer.py""}","{""pyxel_platformer"":""1b2c75b49dc9ab0254fb4b724682a4787868814a38d2f08920720dc5b6007ac5""}",254f034cc453a5e40e25a349ba4f397a349ed1b31136c4222643320e84c0f7f0
1,587,formal-v1__profile__pyxel_snake__memory_bandwidth__p025__r01,formal-v1,profile,not_applicable,pressure_profile,"[""pyxel_snake""]",pyxel_snake,[],,,memory_bandwidth,0.25,1,12823400516448632836,20,60,1,20,windows-rtx4060,0,0,grid_2x2,true,82,1f4e3f3ce1069ad1b142225e539ac838483cf248849a3ee4b2d0608dd6f525bd,71ed4d4e65751a5957c2b1b7954da195b59eb885,data/raw/formal-v1/formal-v1__profile__pyxel_snake__memory_bandwidth__p025__r01,"{""pyxel_snake"":""games/pyxel/07_snake.py""}","{""pyxel_snake"":""bc533fef92d1d358e570f69d979919fe5c1cd8c4da49841104b49a1e661a5ac3""}",0ee3927ee23e5cd8a467e7b353d2209ea7c4e1b11dfa7596d771aac874be065d
1,588,formal-v1__profile__pyxel_shooter__cpu_compute__p075__r02,formal-v1,profile,not_applicable,pressure_profile,"[""pyxel_shooter""]",pyxel_shooter,[],,,cpu_compute,0.75,2,10339157325362401709,20,60,1,20,windows-rtx4060,0,0,grid_2x2,true,82,1f4e3f3ce1069ad1b142225e539ac838483cf248849a3ee4b2d0608dd6f525bd,71ed4d4e65751a5957c2b1b7954da195b59eb885,data/raw/formal-v1/formal-v1__profile__pyxel_shooter__cpu_compute__p075__r02,"{""pyxel_shooter"":""games/pyxel/09_shooter.py""}","{""pyxel_shooter"":""0f53e4156907eac41080a8f289e22c89365b3239517c754cf59a51af201d5563""}",d0e234f4510518e0859bf09e1bb50d67d0b07a55d6e5432983d3ee1694a0b5ba
1,589,formal-v1__profile__pyxel_bubbles__gpu_compute__p100__r01,formal-v1,profile,not_applicable,pressure_profile,"[""pyxel_bubbles""]",pyxel_bubbles,[],,,gpu_compute,1,1,16725971839783058247,20,60,1,20,windows-rtx4060,0,0,grid_2x2,true,82,1f4e3f3ce1069ad1b142225e539ac838483cf248849a3ee4b2d0608dd6f525bd,71ed4d4e65751a5957c2b1b7954da195b59eb885,data/raw/formal-v1/formal-v1__profile__pyxel_bubbles__gpu_compute__p100__r01,"{""pyxel_bubbles"":""games/pyxel/06_click_game.py""}","{""pyxel_bubbles"":""54c101e90bdaed839ac4c4284494530d5df37a5819a35f1e41eebb0b3da5d900""}",951b845006b843834bb66f0d348c88a8380a2ccd142bc68c3814c00ccc500360
1,590,formal-v1__profile__daylight__gpu_memory__p025__r02,formal-v1,profile,not_applicable,pressure_profile,"[""daylight""]",daylight,[],,,gpu_memory,0.25,2,5358154648695833250,20,60,1,20,windows-rtx4060,0,0,grid_2x2,true,82,1f4e3f3ce1069ad1b142225e539ac838483cf248849a3ee4b2d0608dd6f525bd,71ed4d4e65751a5957c2b1b7954da195b59eb885,data/raw/formal-v1/formal-v1__profile__daylight__gpu_memory__p025__r02,"{""daylight"":""games/pyxel/apps-src/30SecondsOfDaylight/src/main.py""}","{""daylight"":""21a365375249e9d7ea05e78dcfe040f09cc1f0c66bd410bae084190c743a028f""}",fbb3c2e9830fdd3969be46ae7233e6e3074f57a38bdfa318384df65acc091989
1,591,formal-v1__profile__pyxel_bubbles__gpu_memory__p075__r02,formal-v1,profile,not_applicable,pressure_profile,"[""pyxel_bubbles""]",pyxel_bubbles,[],,,gpu_memory,0.75,2,1255275793115030458,20,60,1,20,windows-rtx4060,0,0,grid_2x2,true,82,1f4e3f3ce1069ad1b142225e539ac838483cf248849a3ee4b2d0608dd6f525bd,71ed4d4e65751a5957c2b1b7954da195b59eb885,data/raw/formal-v1/formal-v1__profile__pyxel_bubbles__gpu_memory__p075__r02,"{""pyxel_bubbles"":""games/pyxel/06_click_game.py""}","{""pyxel_bubbles"":""54c101e90bdaed839ac4c4284494530d5df37a5819a35f1e41eebb0b3da5d900""}",b96e6a04235f7b99ae9cecf8fbfe20ac684ad8c05381c5893ae83296a497c31a
1,592,formal-v1__colocation__pyxel_bubbles+pyxel_platformer__r02,formal-v1,colocation-main,train,colocation,"[""pyxel_bubbles"",""pyxel_platformer""]",pyxel_bubbles,"[""pyxel_platformer""]",pyxel_bubbles+pyxel_platformer,pyxel_bubbles+pyxel_platformer__r02,,,2,12381208389790326575,20,60,1,20,windows-rtx4060,0,0,grid_2x2,true,82,1f4e3f3ce1069ad1b142225e539ac838483cf248849a3ee4b2d0608dd6f525bd,71ed4d4e65751a5957c2b1b7954da195b59eb885,data/raw/formal-v1/formal-v1__colocation__pyxel_bubbles+pyxel_platformer__r02,"{""pyxel_bubbles"":""games/pyxel/06_click_game.py"",""pyxel_platformer"":""games/pyxel/10_platformer.py""}","{""pyxel_bubbles"":""54c101e90bdaed839ac4c4284494530d5df37a5819a35f1e41eebb0b3da5d900"",""pyxel_platformer"":""1b2c75b49dc9ab0254fb4b724682a4787868814a38d2f08920720dc5b6007ac5""}",3ca0ed29896bd47f3703b69598384001423456e019e37b8fb272c61b5e61f5f5
1,593,formal-v1__profile__pyxel_shooter__memory_bandwidth__p075__r02,formal-v1,profile,not_applicable,pressure_profile,"[""pyxel_shooter""]",pyxel_shooter,[],,,memory_bandwidth,0.75,2,12222865531616824191,20,60,1,20,windows-rtx4060,0,0,grid_2x2,true,82,1f4e3f3ce1069ad1b142225e539ac838483cf248849a3ee4b2d0608dd6f525bd,71ed4d4e65751a5957c2b1b7954da195b59eb885,data/raw/formal-v1/formal-v1__profile__pyxel_shooter__memory_bandwidth__p075__r02,"{""pyxel_shooter"":""games/pyxel/09_shooter.py""}","{""pyxel_shooter"":""0f53e4156907eac41080a8f289e22c89365b3239517c754cf59a51af201d5563""}",64edd898dbe15ced8cbade745b505f2aca24c1859d21c7b164428d9ce7776792
1,594,formal-v1__profile__daylight__gpu_compute__p100__r02,formal-v1,profile,not_applicable,pressure_profile,"[""daylight""]",daylight,[],,,gpu_compute,1,2,7587943592733096802,20,60,1,20,windows-rtx4060,0,0,grid_2x2,true,82,1f4e3f3ce1069ad1b142225e539ac838483cf248849a3ee4b2d0608dd6f525bd,71ed4d4e65751a5957c2b1b7954da195b59eb885,data/raw/formal-v1/formal-v1__profile__daylight__gpu_compute__p100__r02,"{""daylight"":""games/pyxel/apps-src/30SecondsOfDaylight/src/main.py""}","{""daylight"":""21a365375249e9d7ea05e78dcfe040f09cc1f0c66bd410bae084190c743a028f""}",f87084d347a1332b1c44856dfbfcc5c12b3f3d5f7a425b0ec1b0080eeef28ac0
1,595,formal-v1__profile__daylight__gpu_memory__p000__r03,formal-v1,profile,not_applicable,pressure_profile,"[""daylight""]",daylight,[],,,gpu_memory,0,3,7975027885403566589,20,60,1,20,windows-rtx4060,0,0,grid_2x2,true,82,1f4e3f3ce1069ad1b142225e539ac838483cf248849a3ee4b2d0608dd6f525bd,71ed4d4e65751a5957c2b1b7954da195b59eb885,data/raw/formal-v1/formal-v1__profile__daylight__gpu_memory__p000__r03,"{""daylight"":""games/pyxel/apps-src/30SecondsOfDaylight/src/main.py""}","{""daylight"":""21a365375249e9d7ea05e78dcfe040f09cc1f0c66bd410bae084190c743a028f""}",b12210ab07931814fdc2a80106226a38ea985dd49bc20477de567f13c5e5263e
1,596,formal-v1__profile__space_rescue__gpu_compute__p100__r01,formal-v1,profile,not_applicable,pressure_profile,"[""space_rescue""]",space_rescue,[],,,gpu_compute,1,1,9402560737268368881,20,60,1,20,windows-rtx4060,0,0,grid_2x2,true,82,1f4e3f3ce1069ad1b142225e539ac838483cf248849a3ee4b2d0608dd6f525bd,71ed4d4e65751a5957c2b1b7954da195b59eb885,data/raw/formal-v1/formal-v1__profile__space_rescue__gpu_compute__p100__r01,"{""space_rescue"":""games/pyxel/apps-src/space_rescue/space_rescue.py""}","{""space_rescue"":""f3b0ab6784ae558e64f06a3f0a704e53f107a130aa3d43357659d0850131e461""}",b875d56149c2fb3a27dab91c1bb847e3c85ca3fa03d4b006a4c4e3e62cec8702
1,597,formal-v1__profile__mega_wing__memory_bandwidth__p050__r01,formal-v1,profile,not_applicable,pressure_profile,"[""mega_wing""]",mega_wing,[],,,memory_bandwidth,0.5,1,606923485016625452,20,60,1,20,windows-rtx4060,0,0,grid_2x2,true,82,1f4e3f3ce1069ad1b142225e539ac838483cf248849a3ee4b2d0608dd6f525bd,71ed4d4e65751a5957c2b1b7954da195b59eb885,data/raw/formal-v1/formal-v1__profile__mega_wing__memory_bandwidth__p050__r01,"{""mega_wing"":""games/pyxel/apps-src/mega_wing/mega_wing.py""}","{""mega_wing"":""86bad6c02a303806c58137503739241dc6b1e86695f7c0dbf672b5e1a1464e9f""}",e6d279bd1b37fa4c813086df85b16dc13a74a3922e95905004fdb741b5bfc2ba
1,598,formal-v1__profile__space_rescue__gpu_compute__p075__r03,formal-v1,profile,not_applicable,pressure_profile,"[""space_rescue""]",space_rescue,[],,,gpu_compute,0.75,3,359646506878485151,20,60,1,20,windows-rtx4060,0,0,grid_2x2,true,82,1f4e3f3ce1069ad1b142225e539ac838483cf248849a3ee4b2d0608dd6f525bd,71ed4d4e65751a5957c2b1b7954da195b59eb885,data/raw/formal-v1/formal-v1__profile__space_rescue__gpu_compute__p075__r03,"{""space_rescue"":""games/pyxel/apps-src/space_rescue/space_rescue.py""}","{""space_rescue"":""f3b0ab6784ae558e64f06a3f0a704e53f107a130aa3d43357659d0850131e461""}",04caf3afd0bbeee1ddbd01ba5953664e917048194b710936bb363d7c517d087c
1,599,formal-v1__profile__pyxel_snake__gpu_compute__p000__r02,formal-v1,profile,not_applicable,pressure_profile,"[""pyxel_snake""]",pyxel_snake,[],,,gpu_compute,0,2,8156035871494291412,20,60,1,20,windows-rtx4060,0,0,grid_2x2,true,82,1f4e3f3ce1069ad1b142225e539ac838483cf248849a3ee4b2d0608dd6f525bd,71ed4d4e65751a5957c2b1b7954da195b59eb885,data/raw/formal-v1/formal-v1__profile__pyxel_snake__gpu_compute__p000__r02,"{""pyxel_snake"":""games/pyxel/07_snake.py""}","{""pyxel_snake"":""bc533fef92d1d358e570f69d979919fe5c1cd8c4da49841104b49a1e661a5ac3""}",d902c7de15b52ae90df6281fbe2839aac7cc82f4a44116dbf887881332ae1e67
1,600,formal-v1__profile__pyxel_bubbles__cpu_compute__p050__r01,formal-v1,profile,not_applicable,pressure_profile,"[""pyxel_bubbles""]",pyxel_bubbles,[],,,cpu_compute,0.5,1,17272921641658024684,20,60,1,20,windows-rtx4060,0,0,grid_2x2,true,82,1f4e3f3ce1069ad1b142225e539ac838483cf248849a3ee4b2d0608dd6f525bd,71ed4d4e65751a5957c2b1b7954da195b59eb885,data/raw/formal-v1/formal-v1__profile__pyxel_bubbles__cpu_compute__p050__r01,"{""pyxel_bubbles"":""games/pyxel/06_click_game.py""}","{""pyxel_bubbles"":""54c101e90bdaed839ac4c4284494530d5df37a5819a35f1e41eebb0b3da5d900""}",36962a08cee03d4b81acae5047e8a7e144f5aa7ac39c686af5eb62bbbce7da9e
1,601,formal-v1__profile__pyxel_shooter__gpu_compute__p025__r01,formal-v1,profile,not_applicable,pressure_profile,"[""pyxel_shooter""]",pyxel_shooter,[],,,gpu_compute,0.25,1,2313480747461281530,20,60,1,20,windows-rtx4060,0,0,grid_2x2,true,82,1f4e3f3ce1069ad1b142225e539ac838483cf248849a3ee4b2d0608dd6f525bd,71ed4d4e65751a5957c2b1b7954da195b59eb885,data/raw/formal-v1/formal-v1__profile__pyxel_shooter__gpu_compute__p025__r01,"{""pyxel_shooter"":""games/pyxel/09_shooter.py""}","{""pyxel_shooter"":""0f53e4156907eac41080a8f289e22c89365b3239517c754cf59a51af201d5563""}",2aa070e19234446bdadbbaa14aba94e295459338703f5a21d37c0e926b1040e2
1,602,formal-v1__colocation__mega_wing+pyxel_bubbles+space_rescue__r01,formal-v1,colocation-main,train,colocation,"[""mega_wing"",""pyxel_bubbles"",""space_rescue""]",mega_wing,"[""pyxel_bubbles"",""space_rescue""]",mega_wing+pyxel_bubbles+space_rescue,mega_wing+pyxel_bubbles+space_rescue__r01,,,1,7970642093461217183,20,60,1,20,windows-rtx4060,0,0,grid_2x2,true,82,1f4e3f3ce1069ad1b142225e539ac838483cf248849a3ee4b2d0608dd6f525bd,71ed4d4e65751a5957c2b1b7954da195b59eb885,data/raw/formal-v1/formal-v1__colocation__mega_wing+pyxel_bubbles+space_rescue__r01,"{""mega_wing"":""games/pyxel/apps-src/mega_wing/mega_wing.py"",""pyxel_bubbles"":""games/pyxel/06_click_game.py"",""space_rescue"":""games/pyxel/apps-src/space_rescue/space_rescue.py""}","{""mega_wing"":""86bad6c02a303806c58137503739241dc6b1e86695f7c0dbf672b5e1a1464e9f"",""pyxel_bubbles"":""54c101e90bdaed839ac4c4284494530d5df37a5819a35f1e41eebb0b3da5d900"",""space_rescue"":""f3b0ab6784ae558e64f06a3f0a704e53f107a130aa3d43357659d0850131e461""}",7db96e1780222a798ca9829d6dbff3fe7b1798340435f13b8e9c901af5bbf5de
1,603,formal-v1__colocation__pyxel_bubbles+pyxel_shooter+pyxel_snake__r03,formal-v1,colocation-main,train,colocation,"[""pyxel_bubbles"",""pyxel_shooter"",""pyxel_snake""]",pyxel_bubbles,"[""pyxel_shooter"",""pyxel_snake""]",pyxel_bubbles+pyxel_shooter+pyxel_snake,pyxel_bubbles+pyxel_shooter+pyxel_snake__r03,,,3,9562112611226621041,20,60,1,20,windows-rtx4060,0,0,grid_2x2,true,82,1f4e3f3ce1069ad1b142225e539ac838483cf248849a3ee4b2d0608dd6f525bd,71ed4d4e65751a5957c2b1b7954da195b59eb885,data/raw/formal-v1/formal-v1__colocation__pyxel_bubbles+pyxel_shooter+pyxel_snake__r03,"{""pyxel_bubbles"":""games/pyxel/06_click_game.py"",""pyxel_shooter"":""games/pyxel/09_shooter.py"",""pyxel_snake"":""games/pyxel/07_snake.py""}","{""pyxel_bubbles"":""54c101e90bdaed839ac4c4284494530d5df37a5819a35f1e41eebb0b3da5d900"",""pyxel_shooter"":""0f53e4156907eac41080a8f289e22c89365b3239517c754cf59a51af201d5563"",""pyxel_snake"":""bc533fef92d1d358e570f69d979919fe5c1cd8c4da49841104b49a1e661a5ac3""}",9b6340fce20f4983fc3392c472bf1747c14445a823337f165284411d3c1eee50
1,604,formal-v1__colocation__daylight+pyxel_shooter+pyxel_snake__r01,formal-v1,colocation-main,train,colocation,"[""daylight"",""pyxel_shooter"",""pyxel_snake""]",daylight,"[""pyxel_shooter"",""pyxel_snake""]",daylight+pyxel_shooter+pyxel_snake,daylight+pyxel_shooter+pyxel_snake__r01,,,1,16835801411798003167,20,60,1,20,windows-rtx4060,0,0,grid_2x2,true,82,1f4e3f3ce1069ad1b142225e539ac838483cf248849a3ee4b2d0608dd6f525bd,71ed4d4e65751a5957c2b1b7954da195b59eb885,data/raw/formal-v1/formal-v1__colocation__daylight+pyxel_shooter+pyxel_snake__r01,"{""daylight"":""games/pyxel/apps-src/30SecondsOfDaylight/src/main.py"",""pyxel_shooter"":""games/pyxel/09_shooter.py"",""pyxel_snake"":""games/pyxel/07_snake.py""}","{""daylight"":""21a365375249e9d7ea05e78dcfe040f09cc1f0c66bd410bae084190c743a028f"",""pyxel_shooter"":""0f53e4156907eac41080a8f289e22c89365b3239517c754cf59a51af201d5563"",""pyxel_snake"":""bc533fef92d1d358e570f69d979919fe5c1cd8c4da49841104b49a1e661a5ac3""}",2b07755d39d67a8f885370a53a0dd6185a3736bb7fdc2181fe024ad8fdb81e22
1,605,formal-v1__profile__pyxel_snake__cpu_compute__p075__r02,formal-v1,profile,not_applicable,pressure_profile,"[""pyxel_snake""]",pyxel_snake,[],,,cpu_compute,0.75,2,6711901945739001378,20,60,1,20,windows-rtx4060,0,0,grid_2x2,true,82,1f4e3f3ce1069ad1b142225e539ac838483cf248849a3ee4b2d0608dd6f525bd,71ed4d4e65751a5957c2b1b7954da195b59eb885,data/raw/formal-v1/formal-v1__profile__pyxel_snake__cpu_compute__p075__r02,"{""pyxel_snake"":""games/pyxel/07_snake.py""}","{""pyxel_snake"":""bc533fef92d1d358e570f69d979919fe5c1cd8c4da49841104b49a1e661a5ac3""}",d92b9cd6f98de25eaaa7c04fa3b58d3d1a4ebefd4db27851932a4426239309eb
1,606,formal-v1__profile__pyxel_bubbles__memory_bandwidth__p075__r01,formal-v1,profile,not_applicable,pressure_profile,"[""pyxel_bubbles""]",pyxel_bubbles,[],,,memory_bandwidth,0.75,1,4651631075876217109,20,60,1,20,windows-rtx4060,0,0,grid_2x2,true,82,1f4e3f3ce1069ad1b142225e539ac838483cf248849a3ee4b2d0608dd6f525bd,71ed4d4e65751a5957c2b1b7954da195b59eb885,data/raw/formal-v1/formal-v1__profile__pyxel_bubbles__memory_bandwidth__p075__r01,"{""pyxel_bubbles"":""games/pyxel/06_click_game.py""}","{""pyxel_bubbles"":""54c101e90bdaed839ac4c4284494530d5df37a5819a35f1e41eebb0b3da5d900""}",9b301110527126efe24d449b38b9ee352cff9fb971619264ca247627d51c53f4
1,607,formal-v1__colocation__pyxel_shooter+pyxel_snake__r01,formal-v1,colocation-main,train,colocation,"[""pyxel_shooter"",""pyxel_snake""]",pyxel_shooter,"[""pyxel_snake""]",pyxel_shooter+pyxel_snake,pyxel_shooter+pyxel_snake__r01,,,1,15369143439222277393,20,60,1,20,windows-rtx4060,0,0,grid_2x2,true,82,1f4e3f3ce1069ad1b142225e539ac838483cf248849a3ee4b2d0608dd6f525bd,71ed4d4e65751a5957c2b1b7954da195b59eb885,data/raw/formal-v1/formal-v1__colocation__pyxel_shooter+pyxel_snake__r01,"{""pyxel_shooter"":""games/pyxel/09_shooter.py"",""pyxel_snake"":""games/pyxel/07_snake.py""}","{""pyxel_shooter"":""0f53e4156907eac41080a8f289e22c89365b3239517c754cf59a51af201d5563"",""pyxel_snake"":""bc533fef92d1d358e570f69d979919fe5c1cd8c4da49841104b49a1e661a5ac3""}",fa189a043a34630e3453b198cedfa8052d842cb44f3e59627269a11a1ed88f46
1,608,formal-v1__profile__daylight__memory_bandwidth__p100__r03,formal-v1,profile,not_applicable,pressure_profile,"[""daylight""]",daylight,[],,,memory_bandwidth,1,3,11673905426024593872,20,60,1,20,windows-rtx4060,0,0,grid_2x2,true,82,1f4e3f3ce1069ad1b142225e539ac838483cf248849a3ee4b2d0608dd6f525bd,71ed4d4e65751a5957c2b1b7954da195b59eb885,data/raw/formal-v1/formal-v1__profile__daylight__memory_bandwidth__p100__r03,"{""daylight"":""games/pyxel/apps-src/30SecondsOfDaylight/src/main.py""}","{""daylight"":""21a365375249e9d7ea05e78dcfe040f09cc1f0c66bd410bae084190c743a028f""}",8b546319d052aab90d516429e98cf0b1a6c572355dd511e82326fe0b95401bef
1,609,formal-v1__profile__pyxel_bubbles__cpu_compute__p075__r01,formal-v1,profile,not_applicable,pressure_profile,"[""pyxel_bubbles""]",pyxel_bubbles,[],,,cpu_compute,0.75,1,13718657940489101153,20,60,1,20,windows-rtx4060,0,0,grid_2x2,true,82,1f4e3f3ce1069ad1b142225e539ac838483cf248849a3ee4b2d0608dd6f525bd,71ed4d4e65751a5957c2b1b7954da195b59eb885,data/raw/formal-v1/formal-v1__profile__pyxel_bubbles__cpu_compute__p075__r01,"{""pyxel_bubbles"":""games/pyxel/06_click_game.py""}","{""pyxel_bubbles"":""54c101e90bdaed839ac4c4284494530d5df37a5819a35f1e41eebb0b3da5d900""}",80980b0c26dd66150da3553fd1bfa98cd392e95456b60240c1c24cc2bcb48dc4
1,610,formal-v1__colocation__mega_wing+pyxel_bubbles+pyxel_snake__r02,formal-v1,colocation-main,train,colocation,"[""mega_wing"",""pyxel_bubbles"",""pyxel_snake""]",mega_wing,"[""pyxel_bubbles"",""pyxel_snake""]",mega_wing+pyxel_bubbles+pyxel_snake,mega_wing+pyxel_bubbles+pyxel_snake__r02,,,2,1945997934514641319,20,60,1,20,windows-rtx4060,0,0,grid_2x2,true,82,1f4e3f3ce1069ad1b142225e539ac838483cf248849a3ee4b2d0608dd6f525bd,71ed4d4e65751a5957c2b1b7954da195b59eb885,data/raw/formal-v1/formal-v1__colocation__mega_wing+pyxel_bubbles+pyxel_snake__r02,"{""mega_wing"":""games/pyxel/apps-src/mega_wing/mega_wing.py"",""pyxel_bubbles"":""games/pyxel/06_click_game.py"",""pyxel_snake"":""games/pyxel/07_snake.py""}","{""mega_wing"":""86bad6c02a303806c58137503739241dc6b1e86695f7c0dbf672b5e1a1464e9f"",""pyxel_bubbles"":""54c101e90bdaed839ac4c4284494530d5df37a5819a35f1e41eebb0b3da5d900"",""pyxel_snake"":""bc533fef92d1d358e570f69d979919fe5c1cd8c4da49841104b49a1e661a5ac3""}",96fad954107b80410a73482b4a356701ea7ffdad578a640ce20fb9c631cde26f
1,611,formal-v1__solo__pyxel_jump__r02,formal-v1,solo,not_applicable,solo,"[""pyxel_jump""]",pyxel_jump,[],,,,,2,10400501753561450736,20,60,1,20,windows-rtx4060,0,0,grid_2x2,true,82,1f4e3f3ce1069ad1b142225e539ac838483cf248849a3ee4b2d0608dd6f525bd,71ed4d4e65751a5957c2b1b7954da195b59eb885,data/raw/formal-v1/formal-v1__solo__pyxel_jump__r02,"{""pyxel_jump"":""games/pyxel/02_jump_game.py""}","{""pyxel_jump"":""4743a825f1c9cae7e049ac52115f4ecf83350db546c00745a54af187d7bc2e46""}",a921d382a2ca7ac65259e645709576d85c5cb02c83d086e8d0b8cdf3420b5608
1,612,formal-v1__profile__daylight__gpu_compute__p050__r02,formal-v1,profile,not_applicable,pressure_profile,"[""daylight""]",daylight,[],,,gpu_compute,0.5,2,7491987814824651995,20,60,1,20,windows-rtx4060,0,0,grid_2x2,true,82,1f4e3f3ce1069ad1b142225e539ac838483cf248849a3ee4b2d0608dd6f525bd,71ed4d4e65751a5957c2b1b7954da195b59eb885,data/raw/formal-v1/formal-v1__profile__daylight__gpu_compute__p050__r02,"{""daylight"":""games/pyxel/apps-src/30SecondsOfDaylight/src/main.py""}","{""daylight"":""21a365375249e9d7ea05e78dcfe040f09cc1f0c66bd410bae084190c743a028f""}",03d64f9227c316a57692a5c12f2bae1e4e49e484fda74bf6884f9e36068f00d9
1,613,formal-v1__colocation__pyxel_jump+pyxel_platformer__r03,formal-v1,colocation-main,train,colocation,"[""pyxel_jump"",""pyxel_platformer""]",pyxel_jump,"[""pyxel_platformer""]",pyxel_jump+pyxel_platformer,pyxel_jump+pyxel_platformer__r03,,,3,1231325593875672064,20,60,1,20,windows-rtx4060,0,0,grid_2x2,true,82,1f4e3f3ce1069ad1b142225e539ac838483cf248849a3ee4b2d0608dd6f525bd,71ed4d4e65751a5957c2b1b7954da195b59eb885,data/raw/formal-v1/formal-v1__colocation__pyxel_jump+pyxel_platformer__r03,"{""pyxel_jump"":""games/pyxel/02_jump_game.py"",""pyxel_platformer"":""games/pyxel/10_platformer.py""}","{""pyxel_jump"":""4743a825f1c9cae7e049ac52115f4ecf83350db546c00745a54af187d7bc2e46"",""pyxel_platformer"":""1b2c75b49dc9ab0254fb4b724682a4787868814a38d2f08920720dc5b6007ac5""}",01965c8f7eacc4d72efa8b0ad350eb63ab0c9b65b64460e7dfbf1347188ab9ab
1,614,formal-v1__colocation__mega_wing+pyxel_snake__r02,formal-v1,colocation-main,train,colocation,"[""mega_wing"",""pyxel_snake""]",mega_wing,"[""pyxel_snake""]",mega_wing+pyxel_snake,mega_wing+pyxel_snake__r02,,,2,17353871402522320280,20,60,1,20,windows-rtx4060,0,0,grid_2x2,true,82,1f4e3f3ce1069ad1b142225e539ac838483cf248849a3ee4b2d0608dd6f525bd,71ed4d4e65751a5957c2b1b7954da195b59eb885,data/raw/formal-v1/formal-v1__colocation__mega_wing+pyxel_snake__r02,"{""mega_wing"":""games/pyxel/apps-src/mega_wing/mega_wing.py"",""pyxel_snake"":""games/pyxel/07_snake.py""}","{""mega_wing"":""86bad6c02a303806c58137503739241dc6b1e86695f7c0dbf672b5e1a1464e9f"",""pyxel_snake"":""bc533fef92d1d358e570f69d979919fe5c1cd8c4da49841104b49a1e661a5ac3""}",609aefb8cf93bc248a90fc54110170b9c23b501c57ac164e9de365dcbfffe2ee
1,615,formal-v1__colocation__pyxel_jump+pyxel_shooter__r03,formal-v1,colocation-main,train,colocation,"[""pyxel_jump"",""pyxel_shooter""]",pyxel_jump,"[""pyxel_shooter""]",pyxel_jump+pyxel_shooter,pyxel_jump+pyxel_shooter__r03,,,3,9109420943320906756,20,60,1,20,windows-rtx4060,0,0,grid_2x2,true,82,1f4e3f3ce1069ad1b142225e539ac838483cf248849a3ee4b2d0608dd6f525bd,71ed4d4e65751a5957c2b1b7954da195b59eb885,data/raw/formal-v1/formal-v1__colocation__pyxel_jump+pyxel_shooter__r03,"{""pyxel_jump"":""games/pyxel/02_jump_game.py"",""pyxel_shooter"":""games/pyxel/09_shooter.py""}","{""pyxel_jump"":""4743a825f1c9cae7e049ac52115f4ecf83350db546c00745a54af187d7bc2e46"",""pyxel_shooter"":""0f53e4156907eac41080a8f289e22c89365b3239517c754cf59a51af201d5563""}",05a7528bd9890308d82e7891998accff4feb6402902d26fdbec4cf08d3ac4222
1,616,formal-v1__profile__mega_wing__memory_bandwidth__p100__r03,formal-v1,profile,not_applicable,pressure_profile,"[""mega_wing""]",mega_wing,[],,,memory_bandwidth,1,3,1426504974660849699,20,60,1,20,windows-rtx4060,0,0,grid_2x2,true,82,1f4e3f3ce1069ad1b142225e539ac838483cf248849a3ee4b2d0608dd6f525bd,71ed4d4e65751a5957c2b1b7954da195b59eb885,data/raw/formal-v1/formal-v1__profile__mega_wing__memory_bandwidth__p100__r03,"{""mega_wing"":""games/pyxel/apps-src/mega_wing/mega_wing.py""}","{""mega_wing"":""86bad6c02a303806c58137503739241dc6b1e86695f7c0dbf672b5e1a1464e9f""}",472e053275525df2b794158fa9effc7ed1b3a72bf0142b81bedfbabfe66210b2
1,617,formal-v1__profile__pyxel_platformer__gpu_compute__p075__r03,formal-v1,profile,not_applicable,pressure_profile,"[""pyxel_platformer""]",pyxel_platformer,[],,,gpu_compute,0.75,3,5296151128470667095,20,60,1,20,windows-rtx4060,0,0,grid_2x2,true,82,1f4e3f3ce1069ad1b142225e539ac838483cf248849a3ee4b2d0608dd6f525bd,71ed4d4e65751a5957c2b1b7954da195b59eb885,data/raw/formal-v1/formal-v1__profile__pyxel_platformer__gpu_compute__p075__r03,"{""pyxel_platformer"":""games/pyxel/10_platformer.py""}","{""pyxel_platformer"":""1b2c75b49dc9ab0254fb4b724682a4787868814a38d2f08920720dc5b6007ac5""}",dcf4c38ddc62bb05914d9ad51fc6b72361e79d08851c1fc0fdbf5e88d0764ade
1,618,formal-v1__profile__pyxel_platformer__memory_bandwidth__p050__r01,formal-v1,profile,not_applicable,pressure_profile,"[""pyxel_platformer""]",pyxel_platformer,[],,,memory_bandwidth,0.5,1,15303875295670984061,20,60,1,20,windows-rtx4060,0,0,grid_2x2,true,82,1f4e3f3ce1069ad1b142225e539ac838483cf248849a3ee4b2d0608dd6f525bd,71ed4d4e65751a5957c2b1b7954da195b59eb885,data/raw/formal-v1/formal-v1__profile__pyxel_platformer__memory_bandwidth__p050__r01,"{""pyxel_platformer"":""games/pyxel/10_platformer.py""}","{""pyxel_platformer"":""1b2c75b49dc9ab0254fb4b724682a4787868814a38d2f08920720dc5b6007ac5""}",357127d7b13ae9b025cd6176967dd586a0d10fb9676de5e7d70fbbbf99d9ad93
1,619,formal-v1__profile__mega_wing__cpu_compute__p050__r02,formal-v1,profile,not_applicable,pressure_profile,"[""mega_wing""]",mega_wing,[],,,cpu_compute,0.5,2,5504486109273190666,20,60,1,20,windows-rtx4060,0,0,grid_2x2,true,82,1f4e3f3ce1069ad1b142225e539ac838483cf248849a3ee4b2d0608dd6f525bd,71ed4d4e65751a5957c2b1b7954da195b59eb885,data/raw/formal-v1/formal-v1__profile__mega_wing__cpu_compute__p050__r02,"{""mega_wing"":""games/pyxel/apps-src/mega_wing/mega_wing.py""}","{""mega_wing"":""86bad6c02a303806c58137503739241dc6b1e86695f7c0dbf672b5e1a1464e9f""}",e044d8b80b9310b9776aa1806baa44afb9c9d9dc087d2298674852f6bd04dbe0
1,620,formal-v1__colocation__pyxel_jump+pyxel_platformer+pyxel_snake__r01,formal-v1,colocation-main,train,colocation,"[""pyxel_jump"",""pyxel_platformer"",""pyxel_snake""]",pyxel_jump,"[""pyxel_platformer"",""pyxel_snake""]",pyxel_jump+pyxel_platformer+pyxel_snake,pyxel_jump+pyxel_platformer+pyxel_snake__r01,,,1,11195647565786268137,20,60,1,20,windows-rtx4060,0,0,grid_2x2,true,82,1f4e3f3ce1069ad1b142225e539ac838483cf248849a3ee4b2d0608dd6f525bd,71ed4d4e65751a5957c2b1b7954da195b59eb885,data/raw/formal-v1/formal-v1__colocation__pyxel_jump+pyxel_platformer+pyxel_snake__r01,"{""pyxel_jump"":""games/pyxel/02_jump_game.py"",""pyxel_platformer"":""games/pyxel/10_platformer.py"",""pyxel_snake"":""games/pyxel/07_snake.py""}","{""pyxel_jump"":""4743a825f1c9cae7e049ac52115f4ecf83350db546c00745a54af187d7bc2e46"",""pyxel_platformer"":""1b2c75b49dc9ab0254fb4b724682a4787868814a38d2f08920720dc5b6007ac5"",""pyxel_snake"":""bc533fef92d1d358e570f69d979919fe5c1cd8c4da49841104b49a1e661a5ac3""}",bbd97f70d556a206228da778dc5c809029feaaa9ae072b910a3aa7de5bf82019
1,621,formal-v1__colocation__pyxel_shooter+pyxel_snake+space_rescue__r03,formal-v1,colocation-main,validation,colocation,"[""pyxel_shooter"",""pyxel_snake"",""space_rescue""]",pyxel_shooter,"[""pyxel_snake"",""space_rescue""]",pyxel_shooter+pyxel_snake+space_rescue,pyxel_shooter+pyxel_snake+space_rescue__r03,,,3,14775508081036918402,20,60,1,20,windows-rtx4060,0,0,grid_2x2,true,82,1f4e3f3ce1069ad1b142225e539ac838483cf248849a3ee4b2d0608dd6f525bd,71ed4d4e65751a5957c2b1b7954da195b59eb885,data/raw/formal-v1/formal-v1__colocation__pyxel_shooter+pyxel_snake+space_rescue__r03,"{""pyxel_shooter"":""games/pyxel/09_shooter.py"",""pyxel_snake"":""games/pyxel/07_snake.py"",""space_rescue"":""games/pyxel/apps-src/space_rescue/space_rescue.py""}","{""pyxel_shooter"":""0f53e4156907eac41080a8f289e22c89365b3239517c754cf59a51af201d5563"",""pyxel_snake"":""bc533fef92d1d358e570f69d979919fe5c1cd8c4da49841104b49a1e661a5ac3"",""space_rescue"":""f3b0ab6784ae558e64f06a3f0a704e53f107a130aa3d43357659d0850131e461""}",93c5e34768bd854c56e0044ea2023df1a1582f9fba82981be897167d6874d5da
1,622,formal-v1__profile__pyxel_platformer__cpu_compute__p100__r03,formal-v1,profile,not_applicable,pressure_profile,"[""pyxel_platformer""]",pyxel_platformer,[],,,cpu_compute,1,3,17962157478425356128,20,60,1,20,windows-rtx4060,0,0,grid_2x2,true,82,1f4e3f3ce1069ad1b142225e539ac838483cf248849a3ee4b2d0608dd6f525bd,71ed4d4e65751a5957c2b1b7954da195b59eb885,data/raw/formal-v1/formal-v1__profile__pyxel_platformer__cpu_compute__p100__r03,"{""pyxel_platformer"":""games/pyxel/10_platformer.py""}","{""pyxel_platformer"":""1b2c75b49dc9ab0254fb4b724682a4787868814a38d2f08920720dc5b6007ac5""}",769a232790bc86b83c37e976b95885cbd2b8a4a8561f8962d596fdd50e567b22
1,623,formal-v1__extra__daylight+mega_wing+pyxel_bubbles+pyxel_snake__r01,formal-v1,colocation-extra-test,extra_test,extra_test,"[""daylight"",""mega_wing"",""pyxel_bubbles"",""pyxel_snake""]",daylight,"[""mega_wing"",""pyxel_bubbles"",""pyxel_snake""]",daylight+mega_wing+pyxel_bubbles+pyxel_snake,daylight+mega_wing+pyxel_bubbles+pyxel_snake__r01,,,1,17927576907099472139,20,60,1,20,windows-rtx4060,0,0,grid_2x2,true,82,1f4e3f3ce1069ad1b142225e539ac838483cf248849a3ee4b2d0608dd6f525bd,71ed4d4e65751a5957c2b1b7954da195b59eb885,data/raw/formal-v1/formal-v1__extra__daylight+mega_wing+pyxel_bubbles+pyxel_snake__r01,"{""daylight"":""games/pyxel/apps-src/30SecondsOfDaylight/src/main.py"",""mega_wing"":""games/pyxel/apps-src/mega_wing/mega_wing.py"",""pyxel_bubbles"":""games/pyxel/06_click_game.py"",""pyxel_snake"":""games/pyxel/07_snake.py""}","{""daylight"":""21a365375249e9d7ea05e78dcfe040f09cc1f0c66bd410bae084190c743a028f"",""mega_wing"":""86bad6c02a303806c58137503739241dc6b1e86695f7c0dbf672b5e1a1464e9f"",""pyxel_bubbles"":""54c101e90bdaed839ac4c4284494530d5df37a5819a35f1e41eebb0b3da5d900"",""pyxel_snake"":""bc533fef92d1d358e570f69d979919fe5c1cd8c4da49841104b49a1e661a5ac3""}",c8568692de1bf8d7a815cc4c0d6d21da0020f9ff25ab0e451c20ac3f9a93ae00
1,624,formal-v1__colocation__pyxel_bubbles+pyxel_shooter+pyxel_snake__r02,formal-v1,colocation-main,train,colocation,"[""pyxel_bubbles"",""pyxel_shooter"",""pyxel_snake""]",pyxel_bubbles,"[""pyxel_shooter"",""pyxel_snake""]",pyxel_bubbles+pyxel_shooter+pyxel_snake,pyxel_bubbles+pyxel_shooter+pyxel_snake__r02,,,2,14555748007631107451,20,60,1,20,windows-rtx4060,0,0,grid_2x2,true,82,1f4e3f3ce1069ad1b142225e539ac838483cf248849a3ee4b2d0608dd6f525bd,71ed4d4e65751a5957c2b1b7954da195b59eb885,data/raw/formal-v1/formal-v1__colocation__pyxel_bubbles+pyxel_shooter+pyxel_snake__r02,"{""pyxel_bubbles"":""games/pyxel/06_click_game.py"",""pyxel_shooter"":""games/pyxel/09_shooter.py"",""pyxel_snake"":""games/pyxel/07_snake.py""}","{""pyxel_bubbles"":""54c101e90bdaed839ac4c4284494530d5df37a5819a35f1e41eebb0b3da5d900"",""pyxel_shooter"":""0f53e4156907eac41080a8f289e22c89365b3239517c754cf59a51af201d5563"",""pyxel_snake"":""bc533fef92d1d358e570f69d979919fe5c1cd8c4da49841104b49a1e661a5ac3""}",8d1e66fee7fb88ef0e3ffe4160079faf9b8ed05bf06d986a8fa8621985bd4c7e
1,625,formal-v1__profile__space_rescue__cpu_compute__p000__r01,formal-v1,profile,not_applicable,pressure_profile,"[""space_rescue""]",space_rescue,[],,,cpu_compute,0,1,6474875134661485624,20,60,1,20,windows-rtx4060,0,0,grid_2x2,true,82,1f4e3f3ce1069ad1b142225e539ac838483cf248849a3ee4b2d0608dd6f525bd,71ed4d4e65751a5957c2b1b7954da195b59eb885,data/raw/formal-v1/formal-v1__profile__space_rescue__cpu_compute__p000__r01,"{""space_rescue"":""games/pyxel/apps-src/space_rescue/space_rescue.py""}","{""space_rescue"":""f3b0ab6784ae558e64f06a3f0a704e53f107a130aa3d43357659d0850131e461""}",55c5579759c58d96a204e4fb8e79ef6cb1e1e001ace180d4754657a815c7727b
1,626,formal-v1__profile__pyxel_snake__memory_bandwidth__p075__r02,formal-v1,profile,not_applicable,pressure_profile,"[""pyxel_snake""]",pyxel_snake,[],,,memory_bandwidth,0.75,2,14084844333666529160,20,60,1,20,windows-rtx4060,0,0,grid_2x2,true,82,1f4e3f3ce1069ad1b142225e539ac838483cf248849a3ee4b2d0608dd6f525bd,71ed4d4e65751a5957c2b1b7954da195b59eb885,data/raw/formal-v1/formal-v1__profile__pyxel_snake__memory_bandwidth__p075__r02,"{""pyxel_snake"":""games/pyxel/07_snake.py""}","{""pyxel_snake"":""bc533fef92d1d358e570f69d979919fe5c1cd8c4da49841104b49a1e661a5ac3""}",1c869fe23cb226e5a52d5e0fbc3ffb6d82c91bb6be3a601fb083050b0d9bffd4
1,627,formal-v1__extra__mega_wing+pyxel_jump+pyxel_platformer+pyxel_snake__r01,formal-v1,colocation-extra-test,extra_test,extra_test,"[""mega_wing"",""pyxel_jump"",""pyxel_platformer"",""pyxel_snake""]",mega_wing,"[""pyxel_jump"",""pyxel_platformer"",""pyxel_snake""]",mega_wing+pyxel_jump+pyxel_platformer+pyxel_snake,mega_wing+pyxel_jump+pyxel_platformer+pyxel_snake__r01,,,1,11220244974776969020,20,60,1,20,windows-rtx4060,0,0,grid_2x2,true,82,1f4e3f3ce1069ad1b142225e539ac838483cf248849a3ee4b2d0608dd6f525bd,71ed4d4e65751a5957c2b1b7954da195b59eb885,data/raw/formal-v1/formal-v1__extra__mega_wing+pyxel_jump+pyxel_platformer+pyxel_snake__r01,"{""mega_wing"":""games/pyxel/apps-src/mega_wing/mega_wing.py"",""pyxel_jump"":""games/pyxel/02_jump_game.py"",""pyxel_platformer"":""games/pyxel/10_platformer.py"",""pyxel_snake"":""games/pyxel/07_snake.py""}","{""mega_wing"":""86bad6c02a303806c58137503739241dc6b1e86695f7c0dbf672b5e1a1464e9f"",""pyxel_jump"":""4743a825f1c9cae7e049ac52115f4ecf83350db546c00745a54af187d7bc2e46"",""pyxel_platformer"":""1b2c75b49dc9ab0254fb4b724682a4787868814a38d2f08920720dc5b6007ac5"",""pyxel_snake"":""bc533fef92d1d358e570f69d979919fe5c1cd8c4da49841104b49a1e661a5ac3""}",8386308e2c7107cb8dc1a98130d9979d470bd951086c2953a4ee3fe06a4d8f77
1,628,formal-v1__profile__pyxel_jump__gpu_memory__p050__r03,formal-v1,profile,not_applicable,pressure_profile,"[""pyxel_jump""]",pyxel_jump,[],,,gpu_memory,0.5,3,17512410130910952806,20,60,1,20,windows-rtx4060,0,0,grid_2x2,true,82,1f4e3f3ce1069ad1b142225e539ac838483cf248849a3ee4b2d0608dd6f525bd,71ed4d4e65751a5957c2b1b7954da195b59eb885,data/raw/formal-v1/formal-v1__profile__pyxel_jump__gpu_memory__p050__r03,"{""pyxel_jump"":""games/pyxel/02_jump_game.py""}","{""pyxel_jump"":""4743a825f1c9cae7e049ac52115f4ecf83350db546c00745a54af187d7bc2e46""}",7cfcba3263d7e0185bacdabcc19f19d688dfc49659cc463514e3a9d4b9c8aa6c
1,629,formal-v1__colocation__daylight+space_rescue__r02,formal-v1,colocation-main,test,colocation,"[""daylight"",""space_rescue""]",daylight,"[""space_rescue""]",daylight+space_rescue,daylight+space_rescue__r02,,,2,2343974428120052302,20,60,1,20,windows-rtx4060,0,0,grid_2x2,true,82,1f4e3f3ce1069ad1b142225e539ac838483cf248849a3ee4b2d0608dd6f525bd,71ed4d4e65751a5957c2b1b7954da195b59eb885,data/raw/formal-v1/formal-v1__colocation__daylight+space_rescue__r02,"{""daylight"":""games/pyxel/apps-src/30SecondsOfDaylight/src/main.py"",""space_rescue"":""games/pyxel/apps-src/space_rescue/space_rescue.py""}","{""daylight"":""21a365375249e9d7ea05e78dcfe040f09cc1f0c66bd410bae084190c743a028f"",""space_rescue"":""f3b0ab6784ae558e64f06a3f0a704e53f107a130aa3d43357659d0850131e461""}",bbb1e25c82b3842065b4201860aecc06bba16329b56e5f3e0f53a54db7577983
1,630,formal-v1__colocation__daylight+pyxel_jump+space_rescue__r01,formal-v1,colocation-main,train,colocation,"[""daylight"",""pyxel_jump"",""space_rescue""]",daylight,"[""pyxel_jump"",""space_rescue""]",daylight+pyxel_jump+space_rescue,daylight+pyxel_jump+space_rescue__r01,,,1,7581442912106823602,20,60,1,20,windows-rtx4060,0,0,grid_2x2,true,82,1f4e3f3ce1069ad1b142225e539ac838483cf248849a3ee4b2d0608dd6f525bd,71ed4d4e65751a5957c2b1b7954da195b59eb885,data/raw/formal-v1/formal-v1__colocation__daylight+pyxel_jump+space_rescue__r01,"{""daylight"":""games/pyxel/apps-src/30SecondsOfDaylight/src/main.py"",""pyxel_jump"":""games/pyxel/02_jump_game.py"",""space_rescue"":""games/pyxel/apps-src/space_rescue/space_rescue.py""}","{""daylight"":""21a365375249e9d7ea05e78dcfe040f09cc1f0c66bd410bae084190c743a028f"",""pyxel_jump"":""4743a825f1c9cae7e049ac52115f4ecf83350db546c00745a54af187d7bc2e46"",""space_rescue"":""f3b0ab6784ae558e64f06a3f0a704e53f107a130aa3d43357659d0850131e461""}",de4e95a235aa1ddaf71221f260642f0c19719188bdfa114ec4665cf0efde35d2
1,631,formal-v1__profile__pyxel_shooter__cpu_compute__p000__r02,formal-v1,profile,not_applicable,pressure_profile,"[""pyxel_shooter""]",pyxel_shooter,[],,,cpu_compute,0,2,14125663570558492137,20,60,1,20,windows-rtx4060,0,0,grid_2x2,true,82,1f4e3f3ce1069ad1b142225e539ac838483cf248849a3ee4b2d0608dd6f525bd,71ed4d4e65751a5957c2b1b7954da195b59eb885,data/raw/formal-v1/formal-v1__profile__pyxel_shooter__cpu_compute__p000__r02,"{""pyxel_shooter"":""games/pyxel/09_shooter.py""}","{""pyxel_shooter"":""0f53e4156907eac41080a8f289e22c89365b3239517c754cf59a51af201d5563""}",761ed3b06d4f0181ca5c0036f55495302f730fbf67590392137cc6daa0713340
1,632,formal-v1__profile__pyxel_platformer__gpu_compute__p025__r02,formal-v1,profile,not_applicable,pressure_profile,"[""pyxel_platformer""]",pyxel_platformer,[],,,gpu_compute,0.25,2,3839963175841785373,20,60,1,20,windows-rtx4060,0,0,grid_2x2,true,82,1f4e3f3ce1069ad1b142225e539ac838483cf248849a3ee4b2d0608dd6f525bd,71ed4d4e65751a5957c2b1b7954da195b59eb885,data/raw/formal-v1/formal-v1__profile__pyxel_platformer__gpu_compute__p025__r02,"{""pyxel_platformer"":""games/pyxel/10_platformer.py""}","{""pyxel_platformer"":""1b2c75b49dc9ab0254fb4b724682a4787868814a38d2f08920720dc5b6007ac5""}",b5b05ee43449e9c64ab9bee0d6d2b74942a91d975b77299d405ba6dd809300cf
1,633,formal-v1__profile__pyxel_shooter__gpu_memory__p000__r03,formal-v1,profile,not_applicable,pressure_profile,"[""pyxel_shooter""]",pyxel_shooter,[],,,gpu_memory,0,3,3924502167562023824,20,60,1,20,windows-rtx4060,0,0,grid_2x2,true,82,1f4e3f3ce1069ad1b142225e539ac838483cf248849a3ee4b2d0608dd6f525bd,71ed4d4e65751a5957c2b1b7954da195b59eb885,data/raw/formal-v1/formal-v1__profile__pyxel_shooter__gpu_memory__p000__r03,"{""pyxel_shooter"":""games/pyxel/09_shooter.py""}","{""pyxel_shooter"":""0f53e4156907eac41080a8f289e22c89365b3239517c754cf59a51af201d5563""}",b17d780d7ebaf29d19e148ab73b7fa1c8ef84d2752ed8bdf03208e8fd6979bed
1,634,formal-v1__profile__daylight__memory_bandwidth__p000__r02,formal-v1,profile,not_applicable,pressure_profile,"[""daylight""]",daylight,[],,,memory_bandwidth,0,2,15795562366377471980,20,60,1,20,windows-rtx4060,0,0,grid_2x2,true,82,1f4e3f3ce1069ad1b142225e539ac838483cf248849a3ee4b2d0608dd6f525bd,71ed4d4e65751a5957c2b1b7954da195b59eb885,data/raw/formal-v1/formal-v1__profile__daylight__memory_bandwidth__p000__r02,"{""daylight"":""games/pyxel/apps-src/30SecondsOfDaylight/src/main.py""}","{""daylight"":""21a365375249e9d7ea05e78dcfe040f09cc1f0c66bd410bae084190c743a028f""}",0044c28f962bde5499c406623faaf042ff5381cec085b4a0c89641fa9a791963
1,635,formal-v1__profile__pyxel_shooter__gpu_memory__p025__r03,formal-v1,profile,not_applicable,pressure_profile,"[""pyxel_shooter""]",pyxel_shooter,[],,,gpu_memory,0.25,3,5046826982500918016,20,60,1,20,windows-rtx4060,0,0,grid_2x2,true,82,1f4e3f3ce1069ad1b142225e539ac838483cf248849a3ee4b2d0608dd6f525bd,71ed4d4e65751a5957c2b1b7954da195b59eb885,data/raw/formal-v1/formal-v1__profile__pyxel_shooter__gpu_memory__p025__r03,"{""pyxel_shooter"":""games/pyxel/09_shooter.py""}","{""pyxel_shooter"":""0f53e4156907eac41080a8f289e22c89365b3239517c754cf59a51af201d5563""}",63fa080f5073a23caa0689392566b42a5fdeca7557bba5f9bdc75cb5cb8bf2ab
1,636,formal-v1__extra__mega_wing+pyxel_jump+pyxel_platformer+pyxel_snake__r02,formal-v1,colocation-extra-test,extra_test,extra_test,"[""mega_wing"",""pyxel_jump"",""pyxel_platformer"",""pyxel_snake""]",mega_wing,"[""pyxel_jump"",""pyxel_platformer"",""pyxel_snake""]",mega_wing+pyxel_jump+pyxel_platformer+pyxel_snake,mega_wing+pyxel_jump+pyxel_platformer+pyxel_snake__r02,,,2,5412096916679900861,20,60,1,20,windows-rtx4060,0,0,grid_2x2,true,82,1f4e3f3ce1069ad1b142225e539ac838483cf248849a3ee4b2d0608dd6f525bd,71ed4d4e65751a5957c2b1b7954da195b59eb885,data/raw/formal-v1/formal-v1__extra__mega_wing+pyxel_jump+pyxel_platformer+pyxel_snake__r02,"{""mega_wing"":""games/pyxel/apps-src/mega_wing/mega_wing.py"",""pyxel_jump"":""games/pyxel/02_jump_game.py"",""pyxel_platformer"":""games/pyxel/10_platformer.py"",""pyxel_snake"":""games/pyxel/07_snake.py""}","{""mega_wing"":""86bad6c02a303806c58137503739241dc6b1e86695f7c0dbf672b5e1a1464e9f"",""pyxel_jump"":""4743a825f1c9cae7e049ac52115f4ecf83350db546c00745a54af187d7bc2e46"",""pyxel_platformer"":""1b2c75b49dc9ab0254fb4b724682a4787868814a38d2f08920720dc5b6007ac5"",""pyxel_snake"":""bc533fef92d1d358e570f69d979919fe5c1cd8c4da49841104b49a1e661a5ac3""}",98febfbbc699e3e64f8e441e37e06621597f19774364b449d65c3b8e43081f07
1,637,formal-v1__profile__pyxel_jump__cpu_compute__p075__r02,formal-v1,profile,not_applicable,pressure_profile,"[""pyxel_jump""]",pyxel_jump,[],,,cpu_compute,0.75,2,17946067736322777015,20,60,1,20,windows-rtx4060,0,0,grid_2x2,true,82,1f4e3f3ce1069ad1b142225e539ac838483cf248849a3ee4b2d0608dd6f525bd,71ed4d4e65751a5957c2b1b7954da195b59eb885,data/raw/formal-v1/formal-v1__profile__pyxel_jump__cpu_compute__p075__r02,"{""pyxel_jump"":""games/pyxel/02_jump_game.py""}","{""pyxel_jump"":""4743a825f1c9cae7e049ac52115f4ecf83350db546c00745a54af187d7bc2e46""}",9be6497055749450788c9b8d03c0eda06658e53b3725fd170fbc633bddb186ae
1,638,formal-v1__profile__daylight__memory_bandwidth__p100__r01,formal-v1,profile,not_applicable,pressure_profile,"[""daylight""]",daylight,[],,,memory_bandwidth,1,1,11010954221285247488,20,60,1,20,windows-rtx4060,0,0,grid_2x2,true,82,1f4e3f3ce1069ad1b142225e539ac838483cf248849a3ee4b2d0608dd6f525bd,71ed4d4e65751a5957c2b1b7954da195b59eb885,data/raw/formal-v1/formal-v1__profile__daylight__memory_bandwidth__p100__r01,"{""daylight"":""games/pyxel/apps-src/30SecondsOfDaylight/src/main.py""}","{""daylight"":""21a365375249e9d7ea05e78dcfe040f09cc1f0c66bd410bae084190c743a028f""}",15ed4d3199b8c7454ac941c184e457689ea3ec6680e5fee85e6389fc69d61768
1,639,formal-v1__colocation__daylight+pyxel_shooter__r03,formal-v1,colocation-main,test,colocation,"[""daylight"",""pyxel_shooter""]",daylight,"[""pyxel_shooter""]",daylight+pyxel_shooter,daylight+pyxel_shooter__r03,,,3,10033489765748907662,20,60,1,20,windows-rtx4060,0,0,grid_2x2,true,82,1f4e3f3ce1069ad1b142225e539ac838483cf248849a3ee4b2d0608dd6f525bd,71ed4d4e65751a5957c2b1b7954da195b59eb885,data/raw/formal-v1/formal-v1__colocation__daylight+pyxel_shooter__r03,"{""daylight"":""games/pyxel/apps-src/30SecondsOfDaylight/src/main.py"",""pyxel_shooter"":""games/pyxel/09_shooter.py""}","{""daylight"":""21a365375249e9d7ea05e78dcfe040f09cc1f0c66bd410bae084190c743a028f"",""pyxel_shooter"":""0f53e4156907eac41080a8f289e22c89365b3239517c754cf59a51af201d5563""}",d60e5f05b3ece7507b737b94e2806d2dda6a99ebf95ecb422bdee30f0aab7ecf
1,640,formal-v1__profile__pyxel_shooter__memory_bandwidth__p000__r01,formal-v1,profile,not_applicable,pressure_profile,"[""pyxel_shooter""]",pyxel_shooter,[],,,memory_bandwidth,0,1,11467345446776780061,20,60,1,20,windows-rtx4060,0,0,grid_2x2,true,82,1f4e3f3ce1069ad1b142225e539ac838483cf248849a3ee4b2d0608dd6f525bd,71ed4d4e65751a5957c2b1b7954da195b59eb885,data/raw/formal-v1/formal-v1__profile__pyxel_shooter__memory_bandwidth__p000__r01,"{""pyxel_shooter"":""games/pyxel/09_shooter.py""}","{""pyxel_shooter"":""0f53e4156907eac41080a8f289e22c89365b3239517c754cf59a51af201d5563""}",157fad8031ee12e9bc95b9673bb85f0f7fb6096c2764ccfa063150d9747109fb
1,641,formal-v1__profile__pyxel_jump__gpu_memory__p100__r01,formal-v1,profile,not_applicable,pressure_profile,"[""pyxel_jump""]",pyxel_jump,[],,,gpu_memory,1,1,10486563380304995357,20,60,1,20,windows-rtx4060,0,0,grid_2x2,true,82,1f4e3f3ce1069ad1b142225e539ac838483cf248849a3ee4b2d0608dd6f525bd,71ed4d4e65751a5957c2b1b7954da195b59eb885,data/raw/formal-v1/formal-v1__profile__pyxel_jump__gpu_memory__p100__r01,"{""pyxel_jump"":""games/pyxel/02_jump_game.py""}","{""pyxel_jump"":""4743a825f1c9cae7e049ac52115f4ecf83350db546c00745a54af187d7bc2e46""}",9e6c77a2b3a8b669e0fc8eeed826ba4f99263c2890c37cf4119d84064ebdc538
1,642,formal-v1__colocation__pyxel_snake+space_rescue__r03,formal-v1,colocation-main,train,colocation,"[""pyxel_snake"",""space_rescue""]",pyxel_snake,"[""space_rescue""]",pyxel_snake+space_rescue,pyxel_snake+space_rescue__r03,,,3,14281140852980524376,20,60,1,20,windows-rtx4060,0,0,grid_2x2,true,82,1f4e3f3ce1069ad1b142225e539ac838483cf248849a3ee4b2d0608dd6f525bd,71ed4d4e65751a5957c2b1b7954da195b59eb885,data/raw/formal-v1/formal-v1__colocation__pyxel_snake+space_rescue__r03,"{""pyxel_snake"":""games/pyxel/07_snake.py"",""space_rescue"":""games/pyxel/apps-src/space_rescue/space_rescue.py""}","{""pyxel_snake"":""bc533fef92d1d358e570f69d979919fe5c1cd8c4da49841104b49a1e661a5ac3"",""space_rescue"":""f3b0ab6784ae558e64f06a3f0a704e53f107a130aa3d43357659d0850131e461""}",81543617082aada8fab3d7809c01e0f8de0cad365ead40cbfde3956965681cf8
1,643,formal-v1__colocation__pyxel_bubbles+pyxel_platformer+pyxel_shooter__r01,formal-v1,colocation-main,validation,colocation,"[""pyxel_bubbles"",""pyxel_platformer"",""pyxel_shooter""]",pyxel_bubbles,"[""pyxel_platformer"",""pyxel_shooter""]",pyxel_bubbles+pyxel_platformer+pyxel_shooter,pyxel_bubbles+pyxel_platformer+pyxel_shooter__r01,,,1,4733635584818572693,20,60,1,20,windows-rtx4060,0,0,grid_2x2,true,82,1f4e3f3ce1069ad1b142225e539ac838483cf248849a3ee4b2d0608dd6f525bd,71ed4d4e65751a5957c2b1b7954da195b59eb885,data/raw/formal-v1/formal-v1__colocation__pyxel_bubbles+pyxel_platformer+pyxel_shooter__r01,"{""pyxel_bubbles"":""games/pyxel/06_click_game.py"",""pyxel_platformer"":""games/pyxel/10_platformer.py"",""pyxel_shooter"":""games/pyxel/09_shooter.py""}","{""pyxel_bubbles"":""54c101e90bdaed839ac4c4284494530d5df37a5819a35f1e41eebb0b3da5d900"",""pyxel_platformer"":""1b2c75b49dc9ab0254fb4b724682a4787868814a38d2f08920720dc5b6007ac5"",""pyxel_shooter"":""0f53e4156907eac41080a8f289e22c89365b3239517c754cf59a51af201d5563""}",636543f7b80abf7bc71cb52fba481b6275f161fd090bc428e651f2640502acff
1,644,formal-v1__extra__mega_wing+pyxel_bubbles+pyxel_jump+space_rescue__r02,formal-v1,colocation-extra-test,extra_test,extra_test,"[""mega_wing"",""pyxel_bubbles"",""pyxel_jump"",""space_rescue""]",mega_wing,"[""pyxel_bubbles"",""pyxel_jump"",""space_rescue""]",mega_wing+pyxel_bubbles+pyxel_jump+space_rescue,mega_wing+pyxel_bubbles+pyxel_jump+space_rescue__r02,,,2,6164434642108722684,20,60,1,20,windows-rtx4060,0,0,grid_2x2,true,82,1f4e3f3ce1069ad1b142225e539ac838483cf248849a3ee4b2d0608dd6f525bd,71ed4d4e65751a5957c2b1b7954da195b59eb885,data/raw/formal-v1/formal-v1__extra__mega_wing+pyxel_bubbles+pyxel_jump+space_rescue__r02,"{""mega_wing"":""games/pyxel/apps-src/mega_wing/mega_wing.py"",""pyxel_bubbles"":""games/pyxel/06_click_game.py"",""pyxel_jump"":""games/pyxel/02_jump_game.py"",""space_rescue"":""games/pyxel/apps-src/space_rescue/space_rescue.py""}","{""mega_wing"":""86bad6c02a303806c58137503739241dc6b1e86695f7c0dbf672b5e1a1464e9f"",""pyxel_bubbles"":""54c101e90bdaed839ac4c4284494530d5df37a5819a35f1e41eebb0b3da5d900"",""pyxel_jump"":""4743a825f1c9cae7e049ac52115f4ecf83350db546c00745a54af187d7bc2e46"",""space_rescue"":""f3b0ab6784ae558e64f06a3f0a704e53f107a130aa3d43357659d0850131e461""}",7b1c1a945ad414b7d8c0c507f0b0cfb114a34a0c6f4a33f34d14a02c9177fdfd
1,645,formal-v1__profile__pyxel_jump__gpu_memory__p025__r01,formal-v1,profile,not_applicable,pressure_profile,"[""pyxel_jump""]",pyxel_jump,[],,,gpu_memory,0.25,1,4264940903228085012,20,60,1,20,windows-rtx4060,0,0,grid_2x2,true,82,1f4e3f3ce1069ad1b142225e539ac838483cf248849a3ee4b2d0608dd6f525bd,71ed4d4e65751a5957c2b1b7954da195b59eb885,data/raw/formal-v1/formal-v1__profile__pyxel_jump__gpu_memory__p025__r01,"{""pyxel_jump"":""games/pyxel/02_jump_game.py""}","{""pyxel_jump"":""4743a825f1c9cae7e049ac52115f4ecf83350db546c00745a54af187d7bc2e46""}",e490391e052aea6d9dcfc293b97a42c4190733d881abd413aaff42d914c4f596
1,646,formal-v1__profile__pyxel_platformer__gpu_compute__p000__r02,formal-v1,profile,not_applicable,pressure_profile,"[""pyxel_platformer""]",pyxel_platformer,[],,,gpu_compute,0,2,2767811906051114324,20,60,1,20,windows-rtx4060,0,0,grid_2x2,true,82,1f4e3f3ce1069ad1b142225e539ac838483cf248849a3ee4b2d0608dd6f525bd,71ed4d4e65751a5957c2b1b7954da195b59eb885,data/raw/formal-v1/formal-v1__profile__pyxel_platformer__gpu_compute__p000__r02,"{""pyxel_platformer"":""games/pyxel/10_platformer.py""}","{""pyxel_platformer"":""1b2c75b49dc9ab0254fb4b724682a4787868814a38d2f08920720dc5b6007ac5""}",b81e11a9717f261c427cb94a0662e343937187f1627b66e4d1ead6a7f7223630
1,647,formal-v1__profile__space_rescue__cpu_compute__p100__r02,formal-v1,profile,not_applicable,pressure_profile,"[""space_rescue""]",space_rescue,[],,,cpu_compute,1,2,2850352397763407391,20,60,1,20,windows-rtx4060,0,0,grid_2x2,true,82,1f4e3f3ce1069ad1b142225e539ac838483cf248849a3ee4b2d0608dd6f525bd,71ed4d4e65751a5957c2b1b7954da195b59eb885,data/raw/formal-v1/formal-v1__profile__space_rescue__cpu_compute__p100__r02,"{""space_rescue"":""games/pyxel/apps-src/space_rescue/space_rescue.py""}","{""space_rescue"":""f3b0ab6784ae558e64f06a3f0a704e53f107a130aa3d43357659d0850131e461""}",5ceb8292ae37565deb3af6f74dabc9b008a8ca5f9d4568b24e242a4833528a1f
1,648,formal-v1__profile__pyxel_snake__gpu_compute__p025__r02,formal-v1,profile,not_applicable,pressure_profile,"[""pyxel_snake""]",pyxel_snake,[],,,gpu_compute,0.25,2,12598864248858070270,20,60,1,20,windows-rtx4060,0,0,grid_2x2,true,82,1f4e3f3ce1069ad1b142225e539ac838483cf248849a3ee4b2d0608dd6f525bd,71ed4d4e65751a5957c2b1b7954da195b59eb885,data/raw/formal-v1/formal-v1__profile__pyxel_snake__gpu_compute__p025__r02,"{""pyxel_snake"":""games/pyxel/07_snake.py""}","{""pyxel_snake"":""bc533fef92d1d358e570f69d979919fe5c1cd8c4da49841104b49a1e661a5ac3""}",596e9db02fb6e9ffd48ea967aacb8754d70e0ea08ad70f3367d868b829e73db0
1,649,formal-v1__profile__pyxel_jump__gpu_compute__p075__r03,formal-v1,profile,not_applicable,pressure_profile,"[""pyxel_jump""]",pyxel_jump,[],,,gpu_compute,0.75,3,11683214720077006486,20,60,1,20,windows-rtx4060,0,0,grid_2x2,true,82,1f4e3f3ce1069ad1b142225e539ac838483cf248849a3ee4b2d0608dd6f525bd,71ed4d4e65751a5957c2b1b7954da195b59eb885,data/raw/formal-v1/formal-v1__profile__pyxel_jump__gpu_compute__p075__r03,"{""pyxel_jump"":""games/pyxel/02_jump_game.py""}","{""pyxel_jump"":""4743a825f1c9cae7e049ac52115f4ecf83350db546c00745a54af187d7bc2e46""}",8fe5a3ae0b10eabb4b0a19b506d348e115e90b519dfe0e363d0ad2e4ce0dd0d2
1,650,formal-v1__profile__pyxel_platformer__cpu_compute__p075__r02,formal-v1,profile,not_applicable,pressure_profile,"[""pyxel_platformer""]",pyxel_platformer,[],,,cpu_compute,0.75,2,5330417071459503314,20,60,1,20,windows-rtx4060,0,0,grid_2x2,true,82,1f4e3f3ce1069ad1b142225e539ac838483cf248849a3ee4b2d0608dd6f525bd,71ed4d4e65751a5957c2b1b7954da195b59eb885,data/raw/formal-v1/formal-v1__profile__pyxel_platformer__cpu_compute__p075__r02,"{""pyxel_platformer"":""games/pyxel/10_platformer.py""}","{""pyxel_platformer"":""1b2c75b49dc9ab0254fb4b724682a4787868814a38d2f08920720dc5b6007ac5""}",e88af5b53e53ebad1d9b4204a5c98b24e1ca43bba0ed8c3a2ad37812d16b08f9
1,651,formal-v1__profile__pyxel_bubbles__gpu_memory__p050__r02,formal-v1,profile,not_applicable,pressure_profile,"[""pyxel_bubbles""]",pyxel_bubbles,[],,,gpu_memory,0.5,2,4996236166963306433,20,60,1,20,windows-rtx4060,0,0,grid_2x2,true,82,1f4e3f3ce1069ad1b142225e539ac838483cf248849a3ee4b2d0608dd6f525bd,71ed4d4e65751a5957c2b1b7954da195b59eb885,data/raw/formal-v1/formal-v1__profile__pyxel_bubbles__gpu_memory__p050__r02,"{""pyxel_bubbles"":""games/pyxel/06_click_game.py""}","{""pyxel_bubbles"":""54c101e90bdaed839ac4c4284494530d5df37a5819a35f1e41eebb0b3da5d900""}",13b990f3c4c4ba5456999a2987c232bef58a99dc67fd86679093ef6894423fab
1,652,formal-v1__profile__pyxel_bubbles__gpu_memory__p075__r03,formal-v1,profile,not_applicable,pressure_profile,"[""pyxel_bubbles""]",pyxel_bubbles,[],,,gpu_memory,0.75,3,5292544184787373513,20,60,1,20,windows-rtx4060,0,0,grid_2x2,true,82,1f4e3f3ce1069ad1b142225e539ac838483cf248849a3ee4b2d0608dd6f525bd,71ed4d4e65751a5957c2b1b7954da195b59eb885,data/raw/formal-v1/formal-v1__profile__pyxel_bubbles__gpu_memory__p075__r03,"{""pyxel_bubbles"":""games/pyxel/06_click_game.py""}","{""pyxel_bubbles"":""54c101e90bdaed839ac4c4284494530d5df37a5819a35f1e41eebb0b3da5d900""}",da1dbedfdffb5e0d81f94fcff9c83648b406ca7e61e6f465e344f7c5d6edcd13
1,653,formal-v1__profile__pyxel_snake__gpu_compute__p075__r03,formal-v1,profile,not_applicable,pressure_profile,"[""pyxel_snake""]",pyxel_snake,[],,,gpu_compute,0.75,3,11042220355785710688,20,60,1,20,windows-rtx4060,0,0,grid_2x2,true,82,1f4e3f3ce1069ad1b142225e539ac838483cf248849a3ee4b2d0608dd6f525bd,71ed4d4e65751a5957c2b1b7954da195b59eb885,data/raw/formal-v1/formal-v1__profile__pyxel_snake__gpu_compute__p075__r03,"{""pyxel_snake"":""games/pyxel/07_snake.py""}","{""pyxel_snake"":""bc533fef92d1d358e570f69d979919fe5c1cd8c4da49841104b49a1e661a5ac3""}",261ebcc0cfe01c12496b7c950e746ba0d69f25333a3cb2af00b66ba7d0b7e736
1,654,formal-v1__profile__mega_wing__gpu_memory__p025__r01,formal-v1,profile,not_applicable,pressure_profile,"[""mega_wing""]",mega_wing,[],,,gpu_memory,0.25,1,3866701805108123715,20,60,1,20,windows-rtx4060,0,0,grid_2x2,true,82,1f4e3f3ce1069ad1b142225e539ac838483cf248849a3ee4b2d0608dd6f525bd,71ed4d4e65751a5957c2b1b7954da195b59eb885,data/raw/formal-v1/formal-v1__profile__mega_wing__gpu_memory__p025__r01,"{""mega_wing"":""games/pyxel/apps-src/mega_wing/mega_wing.py""}","{""mega_wing"":""86bad6c02a303806c58137503739241dc6b1e86695f7c0dbf672b5e1a1464e9f""}",25233a19121ae48c0af853565625080d6e3ff8c62248dcebeda012f08b8bcc91
1,655,formal-v1__profile__pyxel_snake__gpu_compute__p025__r03,formal-v1,profile,not_applicable,pressure_profile,"[""pyxel_snake""]",pyxel_snake,[],,,gpu_compute,0.25,3,14967872788921694157,20,60,1,20,windows-rtx4060,0,0,grid_2x2,true,82,1f4e3f3ce1069ad1b142225e539ac838483cf248849a3ee4b2d0608dd6f525bd,71ed4d4e65751a5957c2b1b7954da195b59eb885,data/raw/formal-v1/formal-v1__profile__pyxel_snake__gpu_compute__p025__r03,"{""pyxel_snake"":""games/pyxel/07_snake.py""}","{""pyxel_snake"":""bc533fef92d1d358e570f69d979919fe5c1cd8c4da49841104b49a1e661a5ac3""}",2a5535afd841bedc75b359344f471915ab54d644c03984ab0f4150b27c337f54
1,656,formal-v1__colocation__daylight+pyxel_jump__r01,formal-v1,colocation-main,test,colocation,"[""daylight"",""pyxel_jump""]",daylight,"[""pyxel_jump""]",daylight+pyxel_jump,daylight+pyxel_jump__r01,,,1,1262859870248397632,20,60,1,20,windows-rtx4060,0,0,grid_2x2,true,82,1f4e3f3ce1069ad1b142225e539ac838483cf248849a3ee4b2d0608dd6f525bd,71ed4d4e65751a5957c2b1b7954da195b59eb885,data/raw/formal-v1/formal-v1__colocation__daylight+pyxel_jump__r01,"{""daylight"":""games/pyxel/apps-src/30SecondsOfDaylight/src/main.py"",""pyxel_jump"":""games/pyxel/02_jump_game.py""}","{""daylight"":""21a365375249e9d7ea05e78dcfe040f09cc1f0c66bd410bae084190c743a028f"",""pyxel_jump"":""4743a825f1c9cae7e049ac52115f4ecf83350db546c00745a54af187d7bc2e46""}",61346dcb112e17d4013efe5b7731164ac948d4c59ffcc10aa407664c83ef5ff8
1,657,formal-v1__colocation__pyxel_bubbles+space_rescue__r03,formal-v1,colocation-main,train,colocation,"[""pyxel_bubbles"",""space_rescue""]",pyxel_bubbles,"[""space_rescue""]",pyxel_bubbles+space_rescue,pyxel_bubbles+space_rescue__r03,,,3,8057252044865931481,20,60,1,20,windows-rtx4060,0,0,grid_2x2,true,82,1f4e3f3ce1069ad1b142225e539ac838483cf248849a3ee4b2d0608dd6f525bd,71ed4d4e65751a5957c2b1b7954da195b59eb885,data/raw/formal-v1/formal-v1__colocation__pyxel_bubbles+space_rescue__r03,"{""pyxel_bubbles"":""games/pyxel/06_click_game.py"",""space_rescue"":""games/pyxel/apps-src/space_rescue/space_rescue.py""}","{""pyxel_bubbles"":""54c101e90bdaed839ac4c4284494530d5df37a5819a35f1e41eebb0b3da5d900"",""space_rescue"":""f3b0ab6784ae558e64f06a3f0a704e53f107a130aa3d43357659d0850131e461""}",e6f684b668c732a2eb72c17b6d10d1ead300b77916af2d9a46893f8d33dcde97
1,658,formal-v1__profile__pyxel_jump__gpu_compute__p100__r03,formal-v1,profile,not_applicable,pressure_profile,"[""pyxel_jump""]",pyxel_jump,[],,,gpu_compute,1,3,17302054202162447904,20,60,1,20,windows-rtx4060,0,0,grid_2x2,true,82,1f4e3f3ce1069ad1b142225e539ac838483cf248849a3ee4b2d0608dd6f525bd,71ed4d4e65751a5957c2b1b7954da195b59eb885,data/raw/formal-v1/formal-v1__profile__pyxel_jump__gpu_compute__p100__r03,"{""pyxel_jump"":""games/pyxel/02_jump_game.py""}","{""pyxel_jump"":""4743a825f1c9cae7e049ac52115f4ecf83350db546c00745a54af187d7bc2e46""}",9f84ad99c224ed5311e3e7636434ae4f7935c1cf138119ed3affa8e9e67489c9
1,659,formal-v1__profile__pyxel_jump__memory_bandwidth__p075__r02,formal-v1,profile,not_applicable,pressure_profile,"[""pyxel_jump""]",pyxel_jump,[],,,memory_bandwidth,0.75,2,5351201763134131234,20,60,1,20,windows-rtx4060,0,0,grid_2x2,true,82,1f4e3f3ce1069ad1b142225e539ac838483cf248849a3ee4b2d0608dd6f525bd,71ed4d4e65751a5957c2b1b7954da195b59eb885,data/raw/formal-v1/formal-v1__profile__pyxel_jump__memory_bandwidth__p075__r02,"{""pyxel_jump"":""games/pyxel/02_jump_game.py""}","{""pyxel_jump"":""4743a825f1c9cae7e049ac52115f4ecf83350db546c00745a54af187d7bc2e46""}",ec66f550fcc912ee8e8d012e1b85ae95946a7b845ff817e0d6326edadee1b963
1,660,formal-v1__colocation__pyxel_shooter+space_rescue__r02,formal-v1,colocation-main,train,colocation,"[""pyxel_shooter"",""space_rescue""]",pyxel_shooter,"[""space_rescue""]",pyxel_shooter+space_rescue,pyxel_shooter+space_rescue__r02,,,2,15498335833253296561,20,60,1,20,windows-rtx4060,0,0,grid_2x2,true,82,1f4e3f3ce1069ad1b142225e539ac838483cf248849a3ee4b2d0608dd6f525bd,71ed4d4e65751a5957c2b1b7954da195b59eb885,data/raw/formal-v1/formal-v1__colocation__pyxel_shooter+space_rescue__r02,"{""pyxel_shooter"":""games/pyxel/09_shooter.py"",""space_rescue"":""games/pyxel/apps-src/space_rescue/space_rescue.py""}","{""pyxel_shooter"":""0f53e4156907eac41080a8f289e22c89365b3239517c754cf59a51af201d5563"",""space_rescue"":""f3b0ab6784ae558e64f06a3f0a704e53f107a130aa3d43357659d0850131e461""}",0899deb186bf636ec46fb41e1225c70fbee1ae49987f6b7f2cd04d465386a285
1,661,formal-v1__colocation__pyxel_bubbles+pyxel_shooter__r03,formal-v1,colocation-main,train,colocation,"[""pyxel_bubbles"",""pyxel_shooter""]",pyxel_bubbles,"[""pyxel_shooter""]",pyxel_bubbles+pyxel_shooter,pyxel_bubbles+pyxel_shooter__r03,,,3,7784978273315133933,20,60,1,20,windows-rtx4060,0,0,grid_2x2,true,82,1f4e3f3ce1069ad1b142225e539ac838483cf248849a3ee4b2d0608dd6f525bd,71ed4d4e65751a5957c2b1b7954da195b59eb885,data/raw/formal-v1/formal-v1__colocation__pyxel_bubbles+pyxel_shooter__r03,"{""pyxel_bubbles"":""games/pyxel/06_click_game.py"",""pyxel_shooter"":""games/pyxel/09_shooter.py""}","{""pyxel_bubbles"":""54c101e90bdaed839ac4c4284494530d5df37a5819a35f1e41eebb0b3da5d900"",""pyxel_shooter"":""0f53e4156907eac41080a8f289e22c89365b3239517c754cf59a51af201d5563""}",ddf7644d9f96b4312fa80c458e69f94a9049f9f123189746cf40af0df90b7a8f
1,662,formal-v1__solo__pyxel_platformer__r03,formal-v1,solo,not_applicable,solo,"[""pyxel_platformer""]",pyxel_platformer,[],,,,,3,13258129796867873336,20,60,1,20,windows-rtx4060,0,0,grid_2x2,true,82,1f4e3f3ce1069ad1b142225e539ac838483cf248849a3ee4b2d0608dd6f525bd,71ed4d4e65751a5957c2b1b7954da195b59eb885,data/raw/formal-v1/formal-v1__solo__pyxel_platformer__r03,"{""pyxel_platformer"":""games/pyxel/10_platformer.py""}","{""pyxel_platformer"":""1b2c75b49dc9ab0254fb4b724682a4787868814a38d2f08920720dc5b6007ac5""}",730eefa5843e400aa1d1d6fec6310c58d6caaed1e5becfdd0a1ee31033e67c1a
1,663,formal-v1__profile__pyxel_bubbles__gpu_compute__p075__r01,formal-v1,profile,not_applicable,pressure_profile,"[""pyxel_bubbles""]",pyxel_bubbles,[],,,gpu_compute,0.75,1,14559782447075217502,20,60,1,20,windows-rtx4060,0,0,grid_2x2,true,82,1f4e3f3ce1069ad1b142225e539ac838483cf248849a3ee4b2d0608dd6f525bd,71ed4d4e65751a5957c2b1b7954da195b59eb885,data/raw/formal-v1/formal-v1__profile__pyxel_bubbles__gpu_compute__p075__r01,"{""pyxel_bubbles"":""games/pyxel/06_click_game.py""}","{""pyxel_bubbles"":""54c101e90bdaed839ac4c4284494530d5df37a5819a35f1e41eebb0b3da5d900""}",cc05a94c7b58b15c9394e409040d65600e92b4e7abd0948a1eb24ea7503a8371
1,664,formal-v1__profile__pyxel_jump__gpu_memory__p000__r03,formal-v1,profile,not_applicable,pressure_profile,"[""pyxel_jump""]",pyxel_jump,[],,,gpu_memory,0,3,2423176906744938758,20,60,1,20,windows-rtx4060,0,0,grid_2x2,true,82,1f4e3f3ce1069ad1b142225e539ac838483cf248849a3ee4b2d0608dd6f525bd,71ed4d4e65751a5957c2b1b7954da195b59eb885,data/raw/formal-v1/formal-v1__profile__pyxel_jump__gpu_memory__p000__r03,"{""pyxel_jump"":""games/pyxel/02_jump_game.py""}","{""pyxel_jump"":""4743a825f1c9cae7e049ac52115f4ecf83350db546c00745a54af187d7bc2e46""}",7ad6c6ef41d1bdb95eb3deafa1130912f8dc4ad9a3386796d9b0bd09cb4202c0
1,665,formal-v1__profile__pyxel_shooter__gpu_memory__p000__r01,formal-v1,profile,not_applicable,pressure_profile,"[""pyxel_shooter""]",pyxel_shooter,[],,,gpu_memory,0,1,13128955997156162672,20,60,1,20,windows-rtx4060,0,0,grid_2x2,true,82,1f4e3f3ce1069ad1b142225e539ac838483cf248849a3ee4b2d0608dd6f525bd,71ed4d4e65751a5957c2b1b7954da195b59eb885,data/raw/formal-v1/formal-v1__profile__pyxel_shooter__gpu_memory__p000__r01,"{""pyxel_shooter"":""games/pyxel/09_shooter.py""}","{""pyxel_shooter"":""0f53e4156907eac41080a8f289e22c89365b3239517c754cf59a51af201d5563""}",d1a4748258a7d1a7432328ddce3ae2fc07aa45e6ddafaa361144dc280e1242e9
1,666,formal-v1__profile__daylight__gpu_memory__p100__r02,formal-v1,profile,not_applicable,pressure_profile,"[""daylight""]",daylight,[],,,gpu_memory,1,2,16244050539297616070,20,60,1,20,windows-rtx4060,0,0,grid_2x2,true,82,1f4e3f3ce1069ad1b142225e539ac838483cf248849a3ee4b2d0608dd6f525bd,71ed4d4e65751a5957c2b1b7954da195b59eb885,data/raw/formal-v1/formal-v1__profile__daylight__gpu_memory__p100__r02,"{""daylight"":""games/pyxel/apps-src/30SecondsOfDaylight/src/main.py""}","{""daylight"":""21a365375249e9d7ea05e78dcfe040f09cc1f0c66bd410bae084190c743a028f""}",f33aab762c40a58df992803dcb2e6d1920fad1c471361d973348eebb0bb3d7be
1,667,formal-v1__profile__pyxel_jump__gpu_compute__p050__r01,formal-v1,profile,not_applicable,pressure_profile,"[""pyxel_jump""]",pyxel_jump,[],,,gpu_compute,0.5,1,12555753442691066136,20,60,1,20,windows-rtx4060,0,0,grid_2x2,true,82,1f4e3f3ce1069ad1b142225e539ac838483cf248849a3ee4b2d0608dd6f525bd,71ed4d4e65751a5957c2b1b7954da195b59eb885,data/raw/formal-v1/formal-v1__profile__pyxel_jump__gpu_compute__p050__r01,"{""pyxel_jump"":""games/pyxel/02_jump_game.py""}","{""pyxel_jump"":""4743a825f1c9cae7e049ac52115f4ecf83350db546c00745a54af187d7bc2e46""}",3e3db82b572a839797e4d303f3848fc58170be83277a35fcd5fed00e66529898
1,668,formal-v1__colocation__daylight+mega_wing+pyxel_jump__r01,formal-v1,colocation-main,train,colocation,"[""daylight"",""mega_wing"",""pyxel_jump""]",daylight,"[""mega_wing"",""pyxel_jump""]",daylight+mega_wing+pyxel_jump,daylight+mega_wing+pyxel_jump__r01,,,1,10667228663385005767,20,60,1,20,windows-rtx4060,0,0,grid_2x2,true,82,1f4e3f3ce1069ad1b142225e539ac838483cf248849a3ee4b2d0608dd6f525bd,71ed4d4e65751a5957c2b1b7954da195b59eb885,data/raw/formal-v1/formal-v1__colocation__daylight+mega_wing+pyxel_jump__r01,"{""daylight"":""games/pyxel/apps-src/30SecondsOfDaylight/src/main.py"",""mega_wing"":""games/pyxel/apps-src/mega_wing/mega_wing.py"",""pyxel_jump"":""games/pyxel/02_jump_game.py""}","{""daylight"":""21a365375249e9d7ea05e78dcfe040f09cc1f0c66bd410bae084190c743a028f"",""mega_wing"":""86bad6c02a303806c58137503739241dc6b1e86695f7c0dbf672b5e1a1464e9f"",""pyxel_jump"":""4743a825f1c9cae7e049ac52115f4ecf83350db546c00745a54af187d7bc2e46""}",8acaa64f52bd8cce367920d7cd26b3ac36184684db25bebdf3bb6d621422ef60
1,669,formal-v1__profile__pyxel_shooter__cpu_compute__p025__r02,formal-v1,profile,not_applicable,pressure_profile,"[""pyxel_shooter""]",pyxel_shooter,[],,,cpu_compute,0.25,2,15510535081028451907,20,60,1,20,windows-rtx4060,0,0,grid_2x2,true,82,1f4e3f3ce1069ad1b142225e539ac838483cf248849a3ee4b2d0608dd6f525bd,71ed4d4e65751a5957c2b1b7954da195b59eb885,data/raw/formal-v1/formal-v1__profile__pyxel_shooter__cpu_compute__p025__r02,"{""pyxel_shooter"":""games/pyxel/09_shooter.py""}","{""pyxel_shooter"":""0f53e4156907eac41080a8f289e22c89365b3239517c754cf59a51af201d5563""}",3b0cd00c465c09136a64ad076ae8c9d9facb1bf6c0275ffc82cb76f98e22019e
1,670,formal-v1__colocation__daylight+pyxel_bubbles+space_rescue__r02,formal-v1,colocation-main,train,colocation,"[""daylight"",""pyxel_bubbles"",""space_rescue""]",daylight,"[""pyxel_bubbles"",""space_rescue""]",daylight+pyxel_bubbles+space_rescue,daylight+pyxel_bubbles+space_rescue__r02,,,2,13076157871158550893,20,60,1,20,windows-rtx4060,0,0,grid_2x2,true,82,1f4e3f3ce1069ad1b142225e539ac838483cf248849a3ee4b2d0608dd6f525bd,71ed4d4e65751a5957c2b1b7954da195b59eb885,data/raw/formal-v1/formal-v1__colocation__daylight+pyxel_bubbles+space_rescue__r02,"{""daylight"":""games/pyxel/apps-src/30SecondsOfDaylight/src/main.py"",""pyxel_bubbles"":""games/pyxel/06_click_game.py"",""space_rescue"":""games/pyxel/apps-src/space_rescue/space_rescue.py""}","{""daylight"":""21a365375249e9d7ea05e78dcfe040f09cc1f0c66bd410bae084190c743a028f"",""pyxel_bubbles"":""54c101e90bdaed839ac4c4284494530d5df37a5819a35f1e41eebb0b3da5d900"",""space_rescue"":""f3b0ab6784ae558e64f06a3f0a704e53f107a130aa3d43357659d0850131e461""}",fcd3069a2d48838c3f08c7d97c8ac7e90e00dfd062100d78da8975259bb46bd3
1,671,formal-v1__profile__pyxel_bubbles__cpu_compute__p025__r02,formal-v1,profile,not_applicable,pressure_profile,"[""pyxel_bubbles""]",pyxel_bubbles,[],,,cpu_compute,0.25,2,13640759982547031624,20,60,1,20,windows-rtx4060,0,0,grid_2x2,true,82,1f4e3f3ce1069ad1b142225e539ac838483cf248849a3ee4b2d0608dd6f525bd,71ed4d4e65751a5957c2b1b7954da195b59eb885,data/raw/formal-v1/formal-v1__profile__pyxel_bubbles__cpu_compute__p025__r02,"{""pyxel_bubbles"":""games/pyxel/06_click_game.py""}","{""pyxel_bubbles"":""54c101e90bdaed839ac4c4284494530d5df37a5819a35f1e41eebb0b3da5d900""}",9ac5256da5922ebc60504fa4b7fa51ed0666c5778ddda532be7796d7c2c78e9b
1,672,formal-v1__profile__pyxel_platformer__gpu_memory__p025__r02,formal-v1,profile,not_applicable,pressure_profile,"[""pyxel_platformer""]",pyxel_platformer,[],,,gpu_memory,0.25,2,10984619630531829785,20,60,1,20,windows-rtx4060,0,0,grid_2x2,true,82,1f4e3f3ce1069ad1b142225e539ac838483cf248849a3ee4b2d0608dd6f525bd,71ed4d4e65751a5957c2b1b7954da195b59eb885,data/raw/formal-v1/formal-v1__profile__pyxel_platformer__gpu_memory__p025__r02,"{""pyxel_platformer"":""games/pyxel/10_platformer.py""}","{""pyxel_platformer"":""1b2c75b49dc9ab0254fb4b724682a4787868814a38d2f08920720dc5b6007ac5""}",c5ce32bd05acc99998f3968269366dfd47d801687cadea70162391f288f410b3
1,673,formal-v1__profile__pyxel_shooter__gpu_memory__p100__r01,formal-v1,profile,not_applicable,pressure_profile,"[""pyxel_shooter""]",pyxel_shooter,[],,,gpu_memory,1,1,10789056470971891121,20,60,1,20,windows-rtx4060,0,0,grid_2x2,true,82,1f4e3f3ce1069ad1b142225e539ac838483cf248849a3ee4b2d0608dd6f525bd,71ed4d4e65751a5957c2b1b7954da195b59eb885,data/raw/formal-v1/formal-v1__profile__pyxel_shooter__gpu_memory__p100__r01,"{""pyxel_shooter"":""games/pyxel/09_shooter.py""}","{""pyxel_shooter"":""0f53e4156907eac41080a8f289e22c89365b3239517c754cf59a51af201d5563""}",0e3635d80325abd01bef464c1806c69748ca0a61516ad1fddc9f2f6b99a1c939
1,674,formal-v1__colocation__pyxel_bubbles+space_rescue__r02,formal-v1,colocation-main,train,colocation,"[""pyxel_bubbles"",""space_rescue""]",pyxel_bubbles,"[""space_rescue""]",pyxel_bubbles+space_rescue,pyxel_bubbles+space_rescue__r02,,,2,14757913708617749831,20,60,1,20,windows-rtx4060,0,0,grid_2x2,true,82,1f4e3f3ce1069ad1b142225e539ac838483cf248849a3ee4b2d0608dd6f525bd,71ed4d4e65751a5957c2b1b7954da195b59eb885,data/raw/formal-v1/formal-v1__colocation__pyxel_bubbles+space_rescue__r02,"{""pyxel_bubbles"":""games/pyxel/06_click_game.py"",""space_rescue"":""games/pyxel/apps-src/space_rescue/space_rescue.py""}","{""pyxel_bubbles"":""54c101e90bdaed839ac4c4284494530d5df37a5819a35f1e41eebb0b3da5d900"",""space_rescue"":""f3b0ab6784ae558e64f06a3f0a704e53f107a130aa3d43357659d0850131e461""}",16a78cedf18e574dc7395403191077a876374e35086260c35a9f70d231aad684
1,675,formal-v1__profile__space_rescue__gpu_compute__p000__r01,formal-v1,profile,not_applicable,pressure_profile,"[""space_rescue""]",space_rescue,[],,,gpu_compute,0,1,4806758950488709513,20,60,1,20,windows-rtx4060,0,0,grid_2x2,true,82,1f4e3f3ce1069ad1b142225e539ac838483cf248849a3ee4b2d0608dd6f525bd,71ed4d4e65751a5957c2b1b7954da195b59eb885,data/raw/formal-v1/formal-v1__profile__space_rescue__gpu_compute__p000__r01,"{""space_rescue"":""games/pyxel/apps-src/space_rescue/space_rescue.py""}","{""space_rescue"":""f3b0ab6784ae558e64f06a3f0a704e53f107a130aa3d43357659d0850131e461""}",bcd427efc3025623e755b3f1ad0d873c8e633ca0b983b19a4d63fabfdf2141e4
1,676,formal-v1__profile__space_rescue__gpu_compute__p000__r03,formal-v1,profile,not_applicable,pressure_profile,"[""space_rescue""]",space_rescue,[],,,gpu_compute,0,3,14949748623094871878,20,60,1,20,windows-rtx4060,0,0,grid_2x2,true,82,1f4e3f3ce1069ad1b142225e539ac838483cf248849a3ee4b2d0608dd6f525bd,71ed4d4e65751a5957c2b1b7954da195b59eb885,data/raw/formal-v1/formal-v1__profile__space_rescue__gpu_compute__p000__r03,"{""space_rescue"":""games/pyxel/apps-src/space_rescue/space_rescue.py""}","{""space_rescue"":""f3b0ab6784ae558e64f06a3f0a704e53f107a130aa3d43357659d0850131e461""}",b299c05012255279d1ce52cd6ecba2ac6886c9578bc6fa141b9c636886f29b21
1,677,formal-v1__solo__daylight__r03,formal-v1,solo,not_applicable,solo,"[""daylight""]",daylight,[],,,,,3,9575667836681725899,20,60,1,20,windows-rtx4060,0,0,grid_2x2,true,82,1f4e3f3ce1069ad1b142225e539ac838483cf248849a3ee4b2d0608dd6f525bd,71ed4d4e65751a5957c2b1b7954da195b59eb885,data/raw/formal-v1/formal-v1__solo__daylight__r03,"{""daylight"":""games/pyxel/apps-src/30SecondsOfDaylight/src/main.py""}","{""daylight"":""21a365375249e9d7ea05e78dcfe040f09cc1f0c66bd410bae084190c743a028f""}",b09cfb7cb220fde5e764dc0ea2d3b44ad46cc81db92d04b1a1a737ea73513452
1,678,formal-v1__colocation__pyxel_jump+pyxel_platformer+pyxel_snake__r03,formal-v1,colocation-main,train,colocation,"[""pyxel_jump"",""pyxel_platformer"",""pyxel_snake""]",pyxel_jump,"[""pyxel_platformer"",""pyxel_snake""]",pyxel_jump+pyxel_platformer+pyxel_snake,pyxel_jump+pyxel_platformer+pyxel_snake__r03,,,3,16650848774399994307,20,60,1,20,windows-rtx4060,0,0,grid_2x2,true,82,1f4e3f3ce1069ad1b142225e539ac838483cf248849a3ee4b2d0608dd6f525bd,71ed4d4e65751a5957c2b1b7954da195b59eb885,data/raw/formal-v1/formal-v1__colocation__pyxel_jump+pyxel_platformer+pyxel_snake__r03,"{""pyxel_jump"":""games/pyxel/02_jump_game.py"",""pyxel_platformer"":""games/pyxel/10_platformer.py"",""pyxel_snake"":""games/pyxel/07_snake.py""}","{""pyxel_jump"":""4743a825f1c9cae7e049ac52115f4ecf83350db546c00745a54af187d7bc2e46"",""pyxel_platformer"":""1b2c75b49dc9ab0254fb4b724682a4787868814a38d2f08920720dc5b6007ac5"",""pyxel_snake"":""bc533fef92d1d358e570f69d979919fe5c1cd8c4da49841104b49a1e661a5ac3""}",b779f1c4700ffb400522ee3a3e460cf199be8af51eae24a8d54b63ecf995339a
1,679,formal-v1__colocation__daylight+pyxel_bubbles__r01,formal-v1,colocation-main,validation,colocation,"[""daylight"",""pyxel_bubbles""]",daylight,"[""pyxel_bubbles""]",daylight+pyxel_bubbles,daylight+pyxel_bubbles__r01,,,1,12275198146320755184,20,60,1,20,windows-rtx4060,0,0,grid_2x2,true,82,1f4e3f3ce1069ad1b142225e539ac838483cf248849a3ee4b2d0608dd6f525bd,71ed4d4e65751a5957c2b1b7954da195b59eb885,data/raw/formal-v1/formal-v1__colocation__daylight+pyxel_bubbles__r01,"{""daylight"":""games/pyxel/apps-src/30SecondsOfDaylight/src/main.py"",""pyxel_bubbles"":""games/pyxel/06_click_game.py""}","{""daylight"":""21a365375249e9d7ea05e78dcfe040f09cc1f0c66bd410bae084190c743a028f"",""pyxel_bubbles"":""54c101e90bdaed839ac4c4284494530d5df37a5819a35f1e41eebb0b3da5d900""}",3f5a816ade147d2fff0f74787881f0a423895cc8cb60a06961b87fe6f42fc97e
1,680,formal-v1__profile__pyxel_snake__memory_bandwidth__p050__r01,formal-v1,profile,not_applicable,pressure_profile,"[""pyxel_snake""]",pyxel_snake,[],,,memory_bandwidth,0.5,1,12904724028316273076,20,60,1,20,windows-rtx4060,0,0,grid_2x2,true,82,1f4e3f3ce1069ad1b142225e539ac838483cf248849a3ee4b2d0608dd6f525bd,71ed4d4e65751a5957c2b1b7954da195b59eb885,data/raw/formal-v1/formal-v1__profile__pyxel_snake__memory_bandwidth__p050__r01,"{""pyxel_snake"":""games/pyxel/07_snake.py""}","{""pyxel_snake"":""bc533fef92d1d358e570f69d979919fe5c1cd8c4da49841104b49a1e661a5ac3""}",fe3f0355e5abd97f1cba058edf1e4e6a3b29133ebf329af0ae2fb8e624016370
1,681,formal-v1__profile__mega_wing__memory_bandwidth__p075__r02,formal-v1,profile,not_applicable,pressure_profile,"[""mega_wing""]",mega_wing,[],,,memory_bandwidth,0.75,2,7750196177197928989,20,60,1,20,windows-rtx4060,0,0,grid_2x2,true,82,1f4e3f3ce1069ad1b142225e539ac838483cf248849a3ee4b2d0608dd6f525bd,71ed4d4e65751a5957c2b1b7954da195b59eb885,data/raw/formal-v1/formal-v1__profile__mega_wing__memory_bandwidth__p075__r02,"{""mega_wing"":""games/pyxel/apps-src/mega_wing/mega_wing.py""}","{""mega_wing"":""86bad6c02a303806c58137503739241dc6b1e86695f7c0dbf672b5e1a1464e9f""}",4709680752010fce89f9e1ffb122814e7114355cc7ba556d5647e9410bcfea74
1,682,formal-v1__profile__pyxel_bubbles__cpu_compute__p025__r01,formal-v1,profile,not_applicable,pressure_profile,"[""pyxel_bubbles""]",pyxel_bubbles,[],,,cpu_compute,0.25,1,5327162511182968226,20,60,1,20,windows-rtx4060,0,0,grid_2x2,true,82,1f4e3f3ce1069ad1b142225e539ac838483cf248849a3ee4b2d0608dd6f525bd,71ed4d4e65751a5957c2b1b7954da195b59eb885,data/raw/formal-v1/formal-v1__profile__pyxel_bubbles__cpu_compute__p025__r01,"{""pyxel_bubbles"":""games/pyxel/06_click_game.py""}","{""pyxel_bubbles"":""54c101e90bdaed839ac4c4284494530d5df37a5819a35f1e41eebb0b3da5d900""}",348ff44144008ed52bb7a50a23cc577a00907b591148a925eb1dd2946f4c3ccd
1,683,formal-v1__profile__daylight__cpu_compute__p025__r03,formal-v1,profile,not_applicable,pressure_profile,"[""daylight""]",daylight,[],,,cpu_compute,0.25,3,792335164395500404,20,60,1,20,windows-rtx4060,0,0,grid_2x2,true,82,1f4e3f3ce1069ad1b142225e539ac838483cf248849a3ee4b2d0608dd6f525bd,71ed4d4e65751a5957c2b1b7954da195b59eb885,data/raw/formal-v1/formal-v1__profile__daylight__cpu_compute__p025__r03,"{""daylight"":""games/pyxel/apps-src/30SecondsOfDaylight/src/main.py""}","{""daylight"":""21a365375249e9d7ea05e78dcfe040f09cc1f0c66bd410bae084190c743a028f""}",8d83f445715d566ca38a1bc18719393e3f475c219ac123af1c73390b4f2e3254
1,684,formal-v1__profile__pyxel_platformer__memory_bandwidth__p100__r01,formal-v1,profile,not_applicable,pressure_profile,"[""pyxel_platformer""]",pyxel_platformer,[],,,memory_bandwidth,1,1,5382222049259964063,20,60,1,20,windows-rtx4060,0,0,grid_2x2,true,82,1f4e3f3ce1069ad1b142225e539ac838483cf248849a3ee4b2d0608dd6f525bd,71ed4d4e65751a5957c2b1b7954da195b59eb885,data/raw/formal-v1/formal-v1__profile__pyxel_platformer__memory_bandwidth__p100__r01,"{""pyxel_platformer"":""games/pyxel/10_platformer.py""}","{""pyxel_platformer"":""1b2c75b49dc9ab0254fb4b724682a4787868814a38d2f08920720dc5b6007ac5""}",0381a149840d9b6d02248a64e4dc871c7c5c09e9395105208b710d66c587acaa
1,685,formal-v1__profile__daylight__memory_bandwidth__p100__r02,formal-v1,profile,not_applicable,pressure_profile,"[""daylight""]",daylight,[],,,memory_bandwidth,1,2,9432935516054609177,20,60,1,20,windows-rtx4060,0,0,grid_2x2,true,82,1f4e3f3ce1069ad1b142225e539ac838483cf248849a3ee4b2d0608dd6f525bd,71ed4d4e65751a5957c2b1b7954da195b59eb885,data/raw/formal-v1/formal-v1__profile__daylight__memory_bandwidth__p100__r02,"{""daylight"":""games/pyxel/apps-src/30SecondsOfDaylight/src/main.py""}","{""daylight"":""21a365375249e9d7ea05e78dcfe040f09cc1f0c66bd410bae084190c743a028f""}",93b4845bc41dc82b79a0e0d284ab4b344786bd40580e9b99bf4ee7147d9647af
1,686,formal-v1__profile__space_rescue__cpu_compute__p000__r03,formal-v1,profile,not_applicable,pressure_profile,"[""space_rescue""]",space_rescue,[],,,cpu_compute,0,3,16445950695555674728,20,60,1,20,windows-rtx4060,0,0,grid_2x2,true,82,1f4e3f3ce1069ad1b142225e539ac838483cf248849a3ee4b2d0608dd6f525bd,71ed4d4e65751a5957c2b1b7954da195b59eb885,data/raw/formal-v1/formal-v1__profile__space_rescue__cpu_compute__p000__r03,"{""space_rescue"":""games/pyxel/apps-src/space_rescue/space_rescue.py""}","{""space_rescue"":""f3b0ab6784ae558e64f06a3f0a704e53f107a130aa3d43357659d0850131e461""}",1e3fabb64fae22f7531b3963ede075e67351a0ada2b5582bfd1cf09f3be678c5
1,687,formal-v1__profile__pyxel_shooter__gpu_memory__p100__r02,formal-v1,profile,not_applicable,pressure_profile,"[""pyxel_shooter""]",pyxel_shooter,[],,,gpu_memory,1,2,15985385741595330183,20,60,1,20,windows-rtx4060,0,0,grid_2x2,true,82,1f4e3f3ce1069ad1b142225e539ac838483cf248849a3ee4b2d0608dd6f525bd,71ed4d4e65751a5957c2b1b7954da195b59eb885,data/raw/formal-v1/formal-v1__profile__pyxel_shooter__gpu_memory__p100__r02,"{""pyxel_shooter"":""games/pyxel/09_shooter.py""}","{""pyxel_shooter"":""0f53e4156907eac41080a8f289e22c89365b3239517c754cf59a51af201d5563""}",77b9ffd7f2919460148ff485ff7169569e1a09ce670151483998aac0b96700e9
1,688,formal-v1__profile__pyxel_jump__memory_bandwidth__p025__r03,formal-v1,profile,not_applicable,pressure_profile,"[""pyxel_jump""]",pyxel_jump,[],,,memory_bandwidth,0.25,3,11553399620744291521,20,60,1,20,windows-rtx4060,0,0,grid_2x2,true,82,1f4e3f3ce1069ad1b142225e539ac838483cf248849a3ee4b2d0608dd6f525bd,71ed4d4e65751a5957c2b1b7954da195b59eb885,data/raw/formal-v1/formal-v1__profile__pyxel_jump__memory_bandwidth__p025__r03,"{""pyxel_jump"":""games/pyxel/02_jump_game.py""}","{""pyxel_jump"":""4743a825f1c9cae7e049ac52115f4ecf83350db546c00745a54af187d7bc2e46""}",9c356a1caaef8e30cf90c85addf9497e1beed7f66b0c9bd0cd48d723dc8303a8
1,689,formal-v1__profile__pyxel_platformer__memory_bandwidth__p000__r01,formal-v1,profile,not_applicable,pressure_profile,"[""pyxel_platformer""]",pyxel_platformer,[],,,memory_bandwidth,0,1,5530499916137772771,20,60,1,20,windows-rtx4060,0,0,grid_2x2,true,82,1f4e3f3ce1069ad1b142225e539ac838483cf248849a3ee4b2d0608dd6f525bd,71ed4d4e65751a5957c2b1b7954da195b59eb885,data/raw/formal-v1/formal-v1__profile__pyxel_platformer__memory_bandwidth__p000__r01,"{""pyxel_platformer"":""games/pyxel/10_platformer.py""}","{""pyxel_platformer"":""1b2c75b49dc9ab0254fb4b724682a4787868814a38d2f08920720dc5b6007ac5""}",3b1ec8d5285e3824cd6141f3fbf80e2101f2030de119ce0177628c23fa140322
1,690,formal-v1__profile__mega_wing__gpu_compute__p075__r01,formal-v1,profile,not_applicable,pressure_profile,"[""mega_wing""]",mega_wing,[],,,gpu_compute,0.75,1,5779947581129877519,20,60,1,20,windows-rtx4060,0,0,grid_2x2,true,82,1f4e3f3ce1069ad1b142225e539ac838483cf248849a3ee4b2d0608dd6f525bd,71ed4d4e65751a5957c2b1b7954da195b59eb885,data/raw/formal-v1/formal-v1__profile__mega_wing__gpu_compute__p075__r01,"{""mega_wing"":""games/pyxel/apps-src/mega_wing/mega_wing.py""}","{""mega_wing"":""86bad6c02a303806c58137503739241dc6b1e86695f7c0dbf672b5e1a1464e9f""}",3fca5f8da4df01db578825810b33524f86ba9d663b537cecd044d2aab615cab2
1,691,formal-v1__colocation__pyxel_jump+pyxel_shooter+space_rescue__r03,formal-v1,colocation-main,validation,colocation,"[""pyxel_jump"",""pyxel_shooter"",""space_rescue""]",pyxel_jump,"[""pyxel_shooter"",""space_rescue""]",pyxel_jump+pyxel_shooter+space_rescue,pyxel_jump+pyxel_shooter+space_rescue__r03,,,3,18062559485238238903,20,60,1,20,windows-rtx4060,0,0,grid_2x2,true,82,1f4e3f3ce1069ad1b142225e539ac838483cf248849a3ee4b2d0608dd6f525bd,71ed4d4e65751a5957c2b1b7954da195b59eb885,data/raw/formal-v1/formal-v1__colocation__pyxel_jump+pyxel_shooter+space_rescue__r03,"{""pyxel_jump"":""games/pyxel/02_jump_game.py"",""pyxel_shooter"":""games/pyxel/09_shooter.py"",""space_rescue"":""games/pyxel/apps-src/space_rescue/space_rescue.py""}","{""pyxel_jump"":""4743a825f1c9cae7e049ac52115f4ecf83350db546c00745a54af187d7bc2e46"",""pyxel_shooter"":""0f53e4156907eac41080a8f289e22c89365b3239517c754cf59a51af201d5563"",""space_rescue"":""f3b0ab6784ae558e64f06a3f0a704e53f107a130aa3d43357659d0850131e461""}",d3692b458b9dad7389300cb325cb87083d128babbbd233ec3e7a27356af4e3ea
1,692,formal-v1__profile__space_rescue__memory_bandwidth__p025__r02,formal-v1,profile,not_applicable,pressure_profile,"[""space_rescue""]",space_rescue,[],,,memory_bandwidth,0.25,2,17169280714646380743,20,60,1,20,windows-rtx4060,0,0,grid_2x2,true,82,1f4e3f3ce1069ad1b142225e539ac838483cf248849a3ee4b2d0608dd6f525bd,71ed4d4e65751a5957c2b1b7954da195b59eb885,data/raw/formal-v1/formal-v1__profile__space_rescue__memory_bandwidth__p025__r02,"{""space_rescue"":""games/pyxel/apps-src/space_rescue/space_rescue.py""}","{""space_rescue"":""f3b0ab6784ae558e64f06a3f0a704e53f107a130aa3d43357659d0850131e461""}",91d23eebaf0727525a4124fc876d91179c01f4624e67e69f538d8f24770e5074
1,693,formal-v1__profile__pyxel_jump__gpu_compute__p025__r03,formal-v1,profile,not_applicable,pressure_profile,"[""pyxel_jump""]",pyxel_jump,[],,,gpu_compute,0.25,3,17104872096298149474,20,60,1,20,windows-rtx4060,0,0,grid_2x2,true,82,1f4e3f3ce1069ad1b142225e539ac838483cf248849a3ee4b2d0608dd6f525bd,71ed4d4e65751a5957c2b1b7954da195b59eb885,data/raw/formal-v1/formal-v1__profile__pyxel_jump__gpu_compute__p025__r03,"{""pyxel_jump"":""games/pyxel/02_jump_game.py""}","{""pyxel_jump"":""4743a825f1c9cae7e049ac52115f4ecf83350db546c00745a54af187d7bc2e46""}",2ee1b3c4786960a7802f50bfeaa2938122ab51af63759a94d9e00bd04ef43d53
1,694,formal-v1__profile__pyxel_jump__cpu_compute__p000__r03,formal-v1,profile,not_applicable,pressure_profile,"[""pyxel_jump""]",pyxel_jump,[],,,cpu_compute,0,3,14285936815535495419,20,60,1,20,windows-rtx4060,0,0,grid_2x2,true,82,1f4e3f3ce1069ad1b142225e539ac838483cf248849a3ee4b2d0608dd6f525bd,71ed4d4e65751a5957c2b1b7954da195b59eb885,data/raw/formal-v1/formal-v1__profile__pyxel_jump__cpu_compute__p000__r03,"{""pyxel_jump"":""games/pyxel/02_jump_game.py""}","{""pyxel_jump"":""4743a825f1c9cae7e049ac52115f4ecf83350db546c00745a54af187d7bc2e46""}",457dc27e9ceba3e03ed34dbb21f1644ef72226925d24a2df131cb7a08a9331e0
1,695,formal-v1__profile__pyxel_platformer__cpu_compute__p100__r01,formal-v1,profile,not_applicable,pressure_profile,"[""pyxel_platformer""]",pyxel_platformer,[],,,cpu_compute,1,1,14323591777138316131,20,60,1,20,windows-rtx4060,0,0,grid_2x2,true,82,1f4e3f3ce1069ad1b142225e539ac838483cf248849a3ee4b2d0608dd6f525bd,71ed4d4e65751a5957c2b1b7954da195b59eb885,data/raw/formal-v1/formal-v1__profile__pyxel_platformer__cpu_compute__p100__r01,"{""pyxel_platformer"":""games/pyxel/10_platformer.py""}","{""pyxel_platformer"":""1b2c75b49dc9ab0254fb4b724682a4787868814a38d2f08920720dc5b6007ac5""}",a90229fa87204f4874fb1047a7ebbeb4081869e8e189cadafd11597dbe4ac142
1,696,formal-v1__colocation__pyxel_jump+pyxel_snake__r02,formal-v1,colocation-main,validation,colocation,"[""pyxel_jump"",""pyxel_snake""]",pyxel_jump,"[""pyxel_snake""]",pyxel_jump+pyxel_snake,pyxel_jump+pyxel_snake__r02,,,2,8719686687132582433,20,60,1,20,windows-rtx4060,0,0,grid_2x2,true,82,1f4e3f3ce1069ad1b142225e539ac838483cf248849a3ee4b2d0608dd6f525bd,71ed4d4e65751a5957c2b1b7954da195b59eb885,data/raw/formal-v1/formal-v1__colocation__pyxel_jump+pyxel_snake__r02,"{""pyxel_jump"":""games/pyxel/02_jump_game.py"",""pyxel_snake"":""games/pyxel/07_snake.py""}","{""pyxel_jump"":""4743a825f1c9cae7e049ac52115f4ecf83350db546c00745a54af187d7bc2e46"",""pyxel_snake"":""bc533fef92d1d358e570f69d979919fe5c1cd8c4da49841104b49a1e661a5ac3""}",b276166ba2bd78ee742534467a1616d9237d3c8bc649095437b0cbf3b5194bf8
1,697,formal-v1__profile__mega_wing__gpu_memory__p100__r02,formal-v1,profile,not_applicable,pressure_profile,"[""mega_wing""]",mega_wing,[],,,gpu_memory,1,2,4689226427240351128,20,60,1,20,windows-rtx4060,0,0,grid_2x2,true,82,1f4e3f3ce1069ad1b142225e539ac838483cf248849a3ee4b2d0608dd6f525bd,71ed4d4e65751a5957c2b1b7954da195b59eb885,data/raw/formal-v1/formal-v1__profile__mega_wing__gpu_memory__p100__r02,"{""mega_wing"":""games/pyxel/apps-src/mega_wing/mega_wing.py""}","{""mega_wing"":""86bad6c02a303806c58137503739241dc6b1e86695f7c0dbf672b5e1a1464e9f""}",4f173bcd08f0d41008d32f1ed21ce52f418d98dad1283296c1bf9add48d8fe7d
1,698,formal-v1__profile__pyxel_bubbles__gpu_compute__p025__r03,formal-v1,profile,not_applicable,pressure_profile,"[""pyxel_bubbles""]",pyxel_bubbles,[],,,gpu_compute,0.25,3,16430586050895063617,20,60,1,20,windows-rtx4060,0,0,grid_2x2,true,82,1f4e3f3ce1069ad1b142225e539ac838483cf248849a3ee4b2d0608dd6f525bd,71ed4d4e65751a5957c2b1b7954da195b59eb885,data/raw/formal-v1/formal-v1__profile__pyxel_bubbles__gpu_compute__p025__r03,"{""pyxel_bubbles"":""games/pyxel/06_click_game.py""}","{""pyxel_bubbles"":""54c101e90bdaed839ac4c4284494530d5df37a5819a35f1e41eebb0b3da5d900""}",5338ac94a2923bc29e3909cf8e879f19fd2eea79896b3f2a8810606ef8b67ca8
1,699,formal-v1__profile__daylight__cpu_compute__p000__r03,formal-v1,profile,not_applicable,pressure_profile,"[""daylight""]",daylight,[],,,cpu_compute,0,3,1493188836378741492,20,60,1,20,windows-rtx4060,0,0,grid_2x2,true,82,1f4e3f3ce1069ad1b142225e539ac838483cf248849a3ee4b2d0608dd6f525bd,71ed4d4e65751a5957c2b1b7954da195b59eb885,data/raw/formal-v1/formal-v1__profile__daylight__cpu_compute__p000__r03,"{""daylight"":""games/pyxel/apps-src/30SecondsOfDaylight/src/main.py""}","{""daylight"":""21a365375249e9d7ea05e78dcfe040f09cc1f0c66bd410bae084190c743a028f""}",cfdae4fa42dfd6ee65493d346688e39a5fbe772839316ed68ef6d417b6c21e26
1,700,formal-v1__profile__space_rescue__cpu_compute__p025__r01,formal-v1,profile,not_applicable,pressure_profile,"[""space_rescue""]",space_rescue,[],,,cpu_compute,0.25,1,5564895717931753697,20,60,1,20,windows-rtx4060,0,0,grid_2x2,true,82,1f4e3f3ce1069ad1b142225e539ac838483cf248849a3ee4b2d0608dd6f525bd,71ed4d4e65751a5957c2b1b7954da195b59eb885,data/raw/formal-v1/formal-v1__profile__space_rescue__cpu_compute__p025__r01,"{""space_rescue"":""games/pyxel/apps-src/space_rescue/space_rescue.py""}","{""space_rescue"":""f3b0ab6784ae558e64f06a3f0a704e53f107a130aa3d43357659d0850131e461""}",91f9dbad80841d5f238887111dd9741c9776cd8f9076d344c917f89e5b8141b8
1,701,formal-v1__colocation__daylight+pyxel_bubbles+space_rescue__r01,formal-v1,colocation-main,train,colocation,"[""daylight"",""pyxel_bubbles"",""space_rescue""]",daylight,"[""pyxel_bubbles"",""space_rescue""]",daylight+pyxel_bubbles+space_rescue,daylight+pyxel_bubbles+space_rescue__r01,,,1,423702352028061056,20,60,1,20,windows-rtx4060,0,0,grid_2x2,true,82,1f4e3f3ce1069ad1b142225e539ac838483cf248849a3ee4b2d0608dd6f525bd,71ed4d4e65751a5957c2b1b7954da195b59eb885,data/raw/formal-v1/formal-v1__colocation__daylight+pyxel_bubbles+space_rescue__r01,"{""daylight"":""games/pyxel/apps-src/30SecondsOfDaylight/src/main.py"",""pyxel_bubbles"":""games/pyxel/06_click_game.py"",""space_rescue"":""games/pyxel/apps-src/space_rescue/space_rescue.py""}","{""daylight"":""21a365375249e9d7ea05e78dcfe040f09cc1f0c66bd410bae084190c743a028f"",""pyxel_bubbles"":""54c101e90bdaed839ac4c4284494530d5df37a5819a35f1e41eebb0b3da5d900"",""space_rescue"":""f3b0ab6784ae558e64f06a3f0a704e53f107a130aa3d43357659d0850131e461""}",fda61e541b345c19dbdbd4999aed6518e3caa11b95f2247d86999c678a34a639
1,702,formal-v1__profile__pyxel_bubbles__memory_bandwidth__p025__r01,formal-v1,profile,not_applicable,pressure_profile,"[""pyxel_bubbles""]",pyxel_bubbles,[],,,memory_bandwidth,0.25,1,10494915136479935047,20,60,1,20,windows-rtx4060,0,0,grid_2x2,true,82,1f4e3f3ce1069ad1b142225e539ac838483cf248849a3ee4b2d0608dd6f525bd,71ed4d4e65751a5957c2b1b7954da195b59eb885,data/raw/formal-v1/formal-v1__profile__pyxel_bubbles__memory_bandwidth__p025__r01,"{""pyxel_bubbles"":""games/pyxel/06_click_game.py""}","{""pyxel_bubbles"":""54c101e90bdaed839ac4c4284494530d5df37a5819a35f1e41eebb0b3da5d900""}",18cd1e527a78f6bb686570c7de9a105984382851957802f21d3f7ab3e2ca43cf
1,703,formal-v1__profile__pyxel_shooter__memory_bandwidth__p000__r03,formal-v1,profile,not_applicable,pressure_profile,"[""pyxel_shooter""]",pyxel_shooter,[],,,memory_bandwidth,0,3,874052927078879399,20,60,1,20,windows-rtx4060,0,0,grid_2x2,true,82,1f4e3f3ce1069ad1b142225e539ac838483cf248849a3ee4b2d0608dd6f525bd,71ed4d4e65751a5957c2b1b7954da195b59eb885,data/raw/formal-v1/formal-v1__profile__pyxel_shooter__memory_bandwidth__p000__r03,"{""pyxel_shooter"":""games/pyxel/09_shooter.py""}","{""pyxel_shooter"":""0f53e4156907eac41080a8f289e22c89365b3239517c754cf59a51af201d5563""}",0440b36e67c299d24caf6527004284dfdee00848cbe159b8238c7b2b10c34fdc
1,704,formal-v1__profile__pyxel_jump__gpu_compute__p050__r02,formal-v1,profile,not_applicable,pressure_profile,"[""pyxel_jump""]",pyxel_jump,[],,,gpu_compute,0.5,2,10359116280675138896,20,60,1,20,windows-rtx4060,0,0,grid_2x2,true,82,1f4e3f3ce1069ad1b142225e539ac838483cf248849a3ee4b2d0608dd6f525bd,71ed4d4e65751a5957c2b1b7954da195b59eb885,data/raw/formal-v1/formal-v1__profile__pyxel_jump__gpu_compute__p050__r02,"{""pyxel_jump"":""games/pyxel/02_jump_game.py""}","{""pyxel_jump"":""4743a825f1c9cae7e049ac52115f4ecf83350db546c00745a54af187d7bc2e46""}",9c244543ea3a2981646e468c064066ede38ce8c0d8cdd494cc4a0d96a52ac6d9
1,705,formal-v1__profile__pyxel_shooter__gpu_memory__p075__r01,formal-v1,profile,not_applicable,pressure_profile,"[""pyxel_shooter""]",pyxel_shooter,[],,,gpu_memory,0.75,1,514561153268668884,20,60,1,20,windows-rtx4060,0,0,grid_2x2,true,82,1f4e3f3ce1069ad1b142225e539ac838483cf248849a3ee4b2d0608dd6f525bd,71ed4d4e65751a5957c2b1b7954da195b59eb885,data/raw/formal-v1/formal-v1__profile__pyxel_shooter__gpu_memory__p075__r01,"{""pyxel_shooter"":""games/pyxel/09_shooter.py""}","{""pyxel_shooter"":""0f53e4156907eac41080a8f289e22c89365b3239517c754cf59a51af201d5563""}",f672796f30ad77377d636c79a3825c01cfb76ed5e50564cee5b43baa6615cd07
1,706,formal-v1__colocation__pyxel_shooter+space_rescue__r03,formal-v1,colocation-main,train,colocation,"[""pyxel_shooter"",""space_rescue""]",pyxel_shooter,"[""space_rescue""]",pyxel_shooter+space_rescue,pyxel_shooter+space_rescue__r03,,,3,5935736765789248513,20,60,1,20,windows-rtx4060,0,0,grid_2x2,true,82,1f4e3f3ce1069ad1b142225e539ac838483cf248849a3ee4b2d0608dd6f525bd,71ed4d4e65751a5957c2b1b7954da195b59eb885,data/raw/formal-v1/formal-v1__colocation__pyxel_shooter+space_rescue__r03,"{""pyxel_shooter"":""games/pyxel/09_shooter.py"",""space_rescue"":""games/pyxel/apps-src/space_rescue/space_rescue.py""}","{""pyxel_shooter"":""0f53e4156907eac41080a8f289e22c89365b3239517c754cf59a51af201d5563"",""space_rescue"":""f3b0ab6784ae558e64f06a3f0a704e53f107a130aa3d43357659d0850131e461""}",f48971b58b9f1be5100f52bc2c00b0149dfe66764d8f5248705965203c1f9ceb
1,707,formal-v1__profile__pyxel_platformer__gpu_memory__p100__r02,formal-v1,profile,not_applicable,pressure_profile,"[""pyxel_platformer""]",pyxel_platformer,[],,,gpu_memory,1,2,1496282205260929984,20,60,1,20,windows-rtx4060,0,0,grid_2x2,true,82,1f4e3f3ce1069ad1b142225e539ac838483cf248849a3ee4b2d0608dd6f525bd,71ed4d4e65751a5957c2b1b7954da195b59eb885,data/raw/formal-v1/formal-v1__profile__pyxel_platformer__gpu_memory__p100__r02,"{""pyxel_platformer"":""games/pyxel/10_platformer.py""}","{""pyxel_platformer"":""1b2c75b49dc9ab0254fb4b724682a4787868814a38d2f08920720dc5b6007ac5""}",43aade8669aced443fa1cf959a37f633e3ff124a3688f3656ccb1d3c75a6b1ef
1,708,formal-v1__colocation__daylight+pyxel_jump+space_rescue__r03,formal-v1,colocation-main,train,colocation,"[""daylight"",""pyxel_jump"",""space_rescue""]",daylight,"[""pyxel_jump"",""space_rescue""]",daylight+pyxel_jump+space_rescue,daylight+pyxel_jump+space_rescue__r03,,,3,13707573931073423570,20,60,1,20,windows-rtx4060,0,0,grid_2x2,true,82,1f4e3f3ce1069ad1b142225e539ac838483cf248849a3ee4b2d0608dd6f525bd,71ed4d4e65751a5957c2b1b7954da195b59eb885,data/raw/formal-v1/formal-v1__colocation__daylight+pyxel_jump+space_rescue__r03,"{""daylight"":""games/pyxel/apps-src/30SecondsOfDaylight/src/main.py"",""pyxel_jump"":""games/pyxel/02_jump_game.py"",""space_rescue"":""games/pyxel/apps-src/space_rescue/space_rescue.py""}","{""daylight"":""21a365375249e9d7ea05e78dcfe040f09cc1f0c66bd410bae084190c743a028f"",""pyxel_jump"":""4743a825f1c9cae7e049ac52115f4ecf83350db546c00745a54af187d7bc2e46"",""space_rescue"":""f3b0ab6784ae558e64f06a3f0a704e53f107a130aa3d43357659d0850131e461""}",d09af02bb8b25c11e16d1b6497f7cde18c400f21592b2ed020edef15c41654f5
1,709,formal-v1__extra__pyxel_jump+pyxel_platformer+pyxel_shooter+space_rescue__r02,formal-v1,colocation-extra-test,extra_test,extra_test,"[""pyxel_jump"",""pyxel_platformer"",""pyxel_shooter"",""space_rescue""]",pyxel_jump,"[""pyxel_platformer"",""pyxel_shooter"",""space_rescue""]",pyxel_jump+pyxel_platformer+pyxel_shooter+space_rescue,pyxel_jump+pyxel_platformer+pyxel_shooter+space_rescue__r02,,,2,3593831768122101321,20,60,1,20,windows-rtx4060,0,0,grid_2x2,true,82,1f4e3f3ce1069ad1b142225e539ac838483cf248849a3ee4b2d0608dd6f525bd,71ed4d4e65751a5957c2b1b7954da195b59eb885,data/raw/formal-v1/formal-v1__extra__pyxel_jump+pyxel_platformer+pyxel_shooter+space_rescue__r02,"{""pyxel_jump"":""games/pyxel/02_jump_game.py"",""pyxel_platformer"":""games/pyxel/10_platformer.py"",""pyxel_shooter"":""games/pyxel/09_shooter.py"",""space_rescue"":""games/pyxel/apps-src/space_rescue/space_rescue.py""}","{""pyxel_jump"":""4743a825f1c9cae7e049ac52115f4ecf83350db546c00745a54af187d7bc2e46"",""pyxel_platformer"":""1b2c75b49dc9ab0254fb4b724682a4787868814a38d2f08920720dc5b6007ac5"",""pyxel_shooter"":""0f53e4156907eac41080a8f289e22c89365b3239517c754cf59a51af201d5563"",""space_rescue"":""f3b0ab6784ae558e64f06a3f0a704e53f107a130aa3d43357659d0850131e461""}",18ba5b9e775ebf53aeebbf1065cfc202839c0621ad098463338183d2ecae3826
1,710,formal-v1__profile__daylight__gpu_compute__p000__r01,formal-v1,profile,not_applicable,pressure_profile,"[""daylight""]",daylight,[],,,gpu_compute,0,1,842912029377813173,20,60,1,20,windows-rtx4060,0,0,grid_2x2,true,82,1f4e3f3ce1069ad1b142225e539ac838483cf248849a3ee4b2d0608dd6f525bd,71ed4d4e65751a5957c2b1b7954da195b59eb885,data/raw/formal-v1/formal-v1__profile__daylight__gpu_compute__p000__r01,"{""daylight"":""games/pyxel/apps-src/30SecondsOfDaylight/src/main.py""}","{""daylight"":""21a365375249e9d7ea05e78dcfe040f09cc1f0c66bd410bae084190c743a028f""}",23a680b155b1fc34f1042a01bb90991916d9095af602fcff2ef22e45baf49592
1,711,formal-v1__profile__space_rescue__cpu_compute__p050__r02,formal-v1,profile,not_applicable,pressure_profile,"[""space_rescue""]",space_rescue,[],,,cpu_compute,0.5,2,17440181082909761766,20,60,1,20,windows-rtx4060,0,0,grid_2x2,true,82,1f4e3f3ce1069ad1b142225e539ac838483cf248849a3ee4b2d0608dd6f525bd,71ed4d4e65751a5957c2b1b7954da195b59eb885,data/raw/formal-v1/formal-v1__profile__space_rescue__cpu_compute__p050__r02,"{""space_rescue"":""games/pyxel/apps-src/space_rescue/space_rescue.py""}","{""space_rescue"":""f3b0ab6784ae558e64f06a3f0a704e53f107a130aa3d43357659d0850131e461""}",6048df0c2c7e0ea5661c513759c5c952f5d5d3f421170e0932d9ab0b31698ef8
1,712,formal-v1__profile__pyxel_bubbles__cpu_compute__p000__r02,formal-v1,profile,not_applicable,pressure_profile,"[""pyxel_bubbles""]",pyxel_bubbles,[],,,cpu_compute,0,2,15375276537990914304,20,60,1,20,windows-rtx4060,0,0,grid_2x2,true,82,1f4e3f3ce1069ad1b142225e539ac838483cf248849a3ee4b2d0608dd6f525bd,71ed4d4e65751a5957c2b1b7954da195b59eb885,data/raw/formal-v1/formal-v1__profile__pyxel_bubbles__cpu_compute__p000__r02,"{""pyxel_bubbles"":""games/pyxel/06_click_game.py""}","{""pyxel_bubbles"":""54c101e90bdaed839ac4c4284494530d5df37a5819a35f1e41eebb0b3da5d900""}",cdc5fe4f7c6756bb83f780747d491028505d79eb59e02f3f1508225e9028decc
1,713,formal-v1__colocation__pyxel_platformer+pyxel_snake+space_rescue__r03,formal-v1,colocation-main,validation,colocation,"[""pyxel_platformer"",""pyxel_snake"",""space_rescue""]",pyxel_platformer,"[""pyxel_snake"",""space_rescue""]",pyxel_platformer+pyxel_snake+space_rescue,pyxel_platformer+pyxel_snake+space_rescue__r03,,,3,17351296107458380326,20,60,1,20,windows-rtx4060,0,0,grid_2x2,true,82,1f4e3f3ce1069ad1b142225e539ac838483cf248849a3ee4b2d0608dd6f525bd,71ed4d4e65751a5957c2b1b7954da195b59eb885,data/raw/formal-v1/formal-v1__colocation__pyxel_platformer+pyxel_snake+space_rescue__r03,"{""pyxel_platformer"":""games/pyxel/10_platformer.py"",""pyxel_snake"":""games/pyxel/07_snake.py"",""space_rescue"":""games/pyxel/apps-src/space_rescue/space_rescue.py""}","{""pyxel_platformer"":""1b2c75b49dc9ab0254fb4b724682a4787868814a38d2f08920720dc5b6007ac5"",""pyxel_snake"":""bc533fef92d1d358e570f69d979919fe5c1cd8c4da49841104b49a1e661a5ac3"",""space_rescue"":""f3b0ab6784ae558e64f06a3f0a704e53f107a130aa3d43357659d0850131e461""}",aef744d8b3ac7f6260ff0359c739f2e95704bf1e9a6341f90cd543bd3cc139c8
1,714,formal-v1__profile__pyxel_platformer__memory_bandwidth__p025__r01,formal-v1,profile,not_applicable,pressure_profile,"[""pyxel_platformer""]",pyxel_platformer,[],,,memory_bandwidth,0.25,1,9143348690438876356,20,60,1,20,windows-rtx4060,0,0,grid_2x2,true,82,1f4e3f3ce1069ad1b142225e539ac838483cf248849a3ee4b2d0608dd6f525bd,71ed4d4e65751a5957c2b1b7954da195b59eb885,data/raw/formal-v1/formal-v1__profile__pyxel_platformer__memory_bandwidth__p025__r01,"{""pyxel_platformer"":""games/pyxel/10_platformer.py""}","{""pyxel_platformer"":""1b2c75b49dc9ab0254fb4b724682a4787868814a38d2f08920720dc5b6007ac5""}",316f1dd8dec2ebdc8e8f2a42fc93297815cfd2da9f14f76dcb14e29111bfa62e
1,715,formal-v1__profile__pyxel_platformer__gpu_memory__p025__r03,formal-v1,profile,not_applicable,pressure_profile,"[""pyxel_platformer""]",pyxel_platformer,[],,,gpu_memory,0.25,3,14571975332059729005,20,60,1,20,windows-rtx4060,0,0,grid_2x2,true,82,1f4e3f3ce1069ad1b142225e539ac838483cf248849a3ee4b2d0608dd6f525bd,71ed4d4e65751a5957c2b1b7954da195b59eb885,data/raw/formal-v1/formal-v1__profile__pyxel_platformer__gpu_memory__p025__r03,"{""pyxel_platformer"":""games/pyxel/10_platformer.py""}","{""pyxel_platformer"":""1b2c75b49dc9ab0254fb4b724682a4787868814a38d2f08920720dc5b6007ac5""}",286dc1776815c27d8bd2d913a243be3387d41bae4ff25581d36fc416eaeb14c5
1,716,formal-v1__colocation__pyxel_bubbles+pyxel_jump+pyxel_snake__r03,formal-v1,colocation-main,train,colocation,"[""pyxel_bubbles"",""pyxel_jump"",""pyxel_snake""]",pyxel_bubbles,"[""pyxel_jump"",""pyxel_snake""]",pyxel_bubbles+pyxel_jump+pyxel_snake,pyxel_bubbles+pyxel_jump+pyxel_snake__r03,,,3,11116689002804186240,20,60,1,20,windows-rtx4060,0,0,grid_2x2,true,82,1f4e3f3ce1069ad1b142225e539ac838483cf248849a3ee4b2d0608dd6f525bd,71ed4d4e65751a5957c2b1b7954da195b59eb885,data/raw/formal-v1/formal-v1__colocation__pyxel_bubbles+pyxel_jump+pyxel_snake__r03,"{""pyxel_bubbles"":""games/pyxel/06_click_game.py"",""pyxel_jump"":""games/pyxel/02_jump_game.py"",""pyxel_snake"":""games/pyxel/07_snake.py""}","{""pyxel_bubbles"":""54c101e90bdaed839ac4c4284494530d5df37a5819a35f1e41eebb0b3da5d900"",""pyxel_jump"":""4743a825f1c9cae7e049ac52115f4ecf83350db546c00745a54af187d7bc2e46"",""pyxel_snake"":""bc533fef92d1d358e570f69d979919fe5c1cd8c4da49841104b49a1e661a5ac3""}",a3e6533e2d71303bb8a04cffbd788de5c6e17cb160fd0d2b9cf093353223436a
1,717,formal-v1__profile__pyxel_snake__memory_bandwidth__p000__r02,formal-v1,profile,not_applicable,pressure_profile,"[""pyxel_snake""]",pyxel_snake,[],,,memory_bandwidth,0,2,7869016819422928092,20,60,1,20,windows-rtx4060,0,0,grid_2x2,true,82,1f4e3f3ce1069ad1b142225e539ac838483cf248849a3ee4b2d0608dd6f525bd,71ed4d4e65751a5957c2b1b7954da195b59eb885,data/raw/formal-v1/formal-v1__profile__pyxel_snake__memory_bandwidth__p000__r02,"{""pyxel_snake"":""games/pyxel/07_snake.py""}","{""pyxel_snake"":""bc533fef92d1d358e570f69d979919fe5c1cd8c4da49841104b49a1e661a5ac3""}",5b56ff5a045837973b7cdd2b892462efcc586737e5ea4827bc61b8da113467ec
1,718,formal-v1__profile__daylight__cpu_compute__p100__r01,formal-v1,profile,not_applicable,pressure_profile,"[""daylight""]",daylight,[],,,cpu_compute,1,1,5373647913223301694,20,60,1,20,windows-rtx4060,0,0,grid_2x2,true,82,1f4e3f3ce1069ad1b142225e539ac838483cf248849a3ee4b2d0608dd6f525bd,71ed4d4e65751a5957c2b1b7954da195b59eb885,data/raw/formal-v1/formal-v1__profile__daylight__cpu_compute__p100__r01,"{""daylight"":""games/pyxel/apps-src/30SecondsOfDaylight/src/main.py""}","{""daylight"":""21a365375249e9d7ea05e78dcfe040f09cc1f0c66bd410bae084190c743a028f""}",70bd04518dc6ac910c3acbe9ce3a82a715c72043dc6dff70eb52f9f9dbd530f4
1,719,formal-v1__profile__pyxel_bubbles__gpu_compute__p000__r01,formal-v1,profile,not_applicable,pressure_profile,"[""pyxel_bubbles""]",pyxel_bubbles,[],,,gpu_compute,0,1,2337096506740699799,20,60,1,20,windows-rtx4060,0,0,grid_2x2,true,82,1f4e3f3ce1069ad1b142225e539ac838483cf248849a3ee4b2d0608dd6f525bd,71ed4d4e65751a5957c2b1b7954da195b59eb885,data/raw/formal-v1/formal-v1__profile__pyxel_bubbles__gpu_compute__p000__r01,"{""pyxel_bubbles"":""games/pyxel/06_click_game.py""}","{""pyxel_bubbles"":""54c101e90bdaed839ac4c4284494530d5df37a5819a35f1e41eebb0b3da5d900""}",f47c6be8552c8acdae52726fd6d9c39c9c22531ab67c8e1f5ad7e2fa58e5affd
1,720,formal-v1__profile__pyxel_jump__cpu_compute__p100__r01,formal-v1,profile,not_applicable,pressure_profile,"[""pyxel_jump""]",pyxel_jump,[],,,cpu_compute,1,1,9698429589293458491,20,60,1,20,windows-rtx4060,0,0,grid_2x2,true,82,1f4e3f3ce1069ad1b142225e539ac838483cf248849a3ee4b2d0608dd6f525bd,71ed4d4e65751a5957c2b1b7954da195b59eb885,data/raw/formal-v1/formal-v1__profile__pyxel_jump__cpu_compute__p100__r01,"{""pyxel_jump"":""games/pyxel/02_jump_game.py""}","{""pyxel_jump"":""4743a825f1c9cae7e049ac52115f4ecf83350db546c00745a54af187d7bc2e46""}",54d11eac2c6b8bb57c4df462a3bb4c9f6a33d6f0f737a76de70bd699b0aeb88e
