schema_version,execution_index,run_id,experiment_id,stage,split,mode,workload_ids,target_id,neighbor_ids,combination_key,colocation_id,resource,pressure_requested,pressure_applied,repeat,seed,warmup_s,duration_s,sample_interval_s,cooldown_s,host_id,gpu_index,display_index,window_layout,require_visible_windows,max_gpu_temp_c,config_sha256,root_commit,run_directory,game_entrypoints,game_sha256s,row_sha256
2,1,formal-highfps-v1__colocation__pyxel_jump+pyxel_platformer__r02,formal-highfps-v1,colocation-main,train,colocation,"[""pyxel_jump"",""pyxel_platformer""]",pyxel_jump,"[""pyxel_platformer""]",pyxel_jump+pyxel_platformer,pyxel_jump+pyxel_platformer__r02,,,,2,539541111971655804,10,30,1,10,windows-rtx4060,0,0,grid_2x2,true,80,057fabc1d66b32acf1ad702c264f6243a8e4c6fd5858eefea40153d124f4f0a3,b2f42d80ffebc10a43999056ff5c1814b8e87fd7,data/raw/formal-highfps-v1/formal-highfps-v1__colocation__pyxel_jump+pyxel_platformer__r02,"{""pyxel_jump"":""games/pyxel/02_jump_game.py"",""pyxel_platformer"":""games/pyxel/10_platformer.py""}","{""pyxel_jump"":""4743a825f1c9cae7e049ac52115f4ecf83350db546c00745a54af187d7bc2e46"",""pyxel_platformer"":""1b2c75b49dc9ab0254fb4b724682a4787868814a38d2f08920720dc5b6007ac5""}",fc6357eb44f2c60bb823ee68ac9ffa361ea451b26483a06dba894963107d9eba
2,2,formal-highfps-v1__extra__pyxel_bubbles+pyxel_jump+pyxel_shooter+pyxel_snake__r01,formal-highfps-v1,colocation-extra-test,extra_test,extra_test,"[""pyxel_bubbles"",""pyxel_jump"",""pyxel_shooter"",""pyxel_snake""]",pyxel_bubbles,"[""pyxel_jump"",""pyxel_shooter"",""pyxel_snake""]",pyxel_bubbles+pyxel_jump+pyxel_shooter+pyxel_snake,pyxel_bubbles+pyxel_jump+pyxel_shooter+pyxel_snake__r01,,,,1,2588038058385549033,10,30,1,10,windows-rtx4060,0,0,grid_2x2,true,80,057fabc1d66b32acf1ad702c264f6243a8e4c6fd5858eefea40153d124f4f0a3,b2f42d80ffebc10a43999056ff5c1814b8e87fd7,data/raw/formal-highfps-v1/formal-highfps-v1__extra__pyxel_bubbles+pyxel_jump+pyxel_shooter+pyxel_snake__r01,"{""pyxel_bubbles"":""games/pyxel/06_click_game.py"",""pyxel_jump"":""games/pyxel/02_jump_game.py"",""pyxel_shooter"":""games/pyxel/09_shooter.py"",""pyxel_snake"":""games/pyxel/07_snake.py""}","{""pyxel_bubbles"":""54c101e90bdaed839ac4c4284494530d5df37a5819a35f1e41eebb0b3da5d900"",""pyxel_jump"":""4743a825f1c9cae7e049ac52115f4ecf83350db546c00745a54af187d7bc2e46"",""pyxel_shooter"":""0f53e4156907eac41080a8f289e22c89365b3239517c754cf59a51af201d5563"",""pyxel_snake"":""bc533fef92d1d358e570f69d979919fe5c1cd8c4da49841104b49a1e661a5ac3""}",888ca8fb22773b0fee4c8267bd579a7e132036310c35ce740713d5d931ef9f95
2,3,formal-highfps-v1__colocation__pyxel_shooter+pyxel_snake+space_rescue__r02,formal-highfps-v1,colocation-main,validation,colocation,"[""pyxel_shooter"",""pyxel_snake"",""space_rescue""]",pyxel_shooter,"[""pyxel_snake"",""space_rescue""]",pyxel_shooter+pyxel_snake+space_rescue,pyxel_shooter+pyxel_snake+space_rescue__r02,,,,2,11797324761857393826,10,30,1,10,windows-rtx4060,0,0,grid_2x2,true,80,057fabc1d66b32acf1ad702c264f6243a8e4c6fd5858eefea40153d124f4f0a3,b2f42d80ffebc10a43999056ff5c1814b8e87fd7,data/raw/formal-highfps-v1/formal-highfps-v1__colocation__pyxel_shooter+pyxel_snake+space_rescue__r02,"{""pyxel_shooter"":""games/pyxel/09_shooter.py"",""pyxel_snake"":""games/pyxel/07_snake.py"",""space_rescue"":""games/pyxel/apps-src/space_rescue/space_rescue.py""}","{""pyxel_shooter"":""0f53e4156907eac41080a8f289e22c89365b3239517c754cf59a51af201d5563"",""pyxel_snake"":""bc533fef92d1d358e570f69d979919fe5c1cd8c4da49841104b49a1e661a5ac3"",""space_rescue"":""f3b0ab6784ae558e64f06a3f0a704e53f107a130aa3d43357659d0850131e461""}",8e0654233579d7e4c714c527ea7929773dab0a0f7137e3d55d3513250ee370e7
2,4,formal-highfps-v1__extra__daylight+pyxel_bubbles+pyxel_shooter+space_rescue__r03,formal-highfps-v1,colocation-extra-test,extra_test,extra_test,"[""daylight"",""pyxel_bubbles"",""pyxel_shooter"",""space_rescue""]",daylight,"[""pyxel_bubbles"",""pyxel_shooter"",""space_rescue""]",daylight+pyxel_bubbles+pyxel_shooter+space_rescue,daylight+pyxel_bubbles+pyxel_shooter+space_rescue__r03,,,,3,15073077576397670072,10,30,1,10,windows-rtx4060,0,0,grid_2x2,true,80,057fabc1d66b32acf1ad702c264f6243a8e4c6fd5858eefea40153d124f4f0a3,b2f42d80ffebc10a43999056ff5c1814b8e87fd7,data/raw/formal-highfps-v1/formal-highfps-v1__extra__daylight+pyxel_bubbles+pyxel_shooter+space_rescue__r03,"{""daylight"":""games/pyxel/apps-src/30SecondsOfDaylight/src/main.py"",""pyxel_bubbles"":""games/pyxel/06_click_game.py"",""pyxel_shooter"":""games/pyxel/09_shooter.py"",""space_rescue"":""games/pyxel/apps-src/space_rescue/space_rescue.py""}","{""daylight"":""21a365375249e9d7ea05e78dcfe040f09cc1f0c66bd410bae084190c743a028f"",""pyxel_bubbles"":""54c101e90bdaed839ac4c4284494530d5df37a5819a35f1e41eebb0b3da5d900"",""pyxel_shooter"":""0f53e4156907eac41080a8f289e22c89365b3239517c754cf59a51af201d5563"",""space_rescue"":""f3b0ab6784ae558e64f06a3f0a704e53f107a130aa3d43357659d0850131e461""}",c397d516096449c75ccbcb9e4aa60246008d252950c2fb08660ddb513e6b2b45
2,5,formal-highfps-v1__extra__mega_wing+pyxel_shooter+pyxel_snake+space_rescue__r01,formal-highfps-v1,colocation-extra-test,extra_test,extra_test,"[""mega_wing"",""pyxel_shooter"",""pyxel_snake"",""space_rescue""]",mega_wing,"[""pyxel_shooter"",""pyxel_snake"",""space_rescue""]",mega_wing+pyxel_shooter+pyxel_snake+space_rescue,mega_wing+pyxel_shooter+pyxel_snake+space_rescue__r01,,,,1,6250839922291618935,10,30,1,10,windows-rtx4060,0,0,grid_2x2,true,80,057fabc1d66b32acf1ad702c264f6243a8e4c6fd5858eefea40153d124f4f0a3,b2f42d80ffebc10a43999056ff5c1814b8e87fd7,data/raw/formal-highfps-v1/formal-highfps-v1__extra__mega_wing+pyxel_shooter+pyxel_snake+space_rescue__r01,"{""mega_wing"":""games/pyxel/apps-src/mega_wing/mega_wing.py"",""pyxel_shooter"":""games/pyxel/09_shooter.py"",""pyxel_snake"":""games/pyxel/07_snake.py"",""space_rescue"":""games/pyxel/apps-src/space_rescue/space_rescue.py""}","{""mega_wing"":""86bad6c02a303806c58137503739241dc6b1e86695f7c0dbf672b5e1a1464e9f"",""pyxel_shooter"":""0f53e4156907eac41080a8f289e22c89365b3239517c754cf59a51af201d5563"",""pyxel_snake"":""bc533fef92d1d358e570f69d979919fe5c1cd8c4da49841104b49a1e661a5ac3"",""space_rescue"":""f3b0ab6784ae558e64f06a3f0a704e53f107a130aa3d43357659d0850131e461""}",19dfc194c15cf1e44f5b8db892f2b645d6ec4ef113c45a15e35c4a8f73f4f332
2,6,formal-highfps-v1__solo__daylight__r01,formal-highfps-v1,solo,not_applicable,solo,"[""daylight""]",daylight,[],,,,,,1,44879349506408657,10,30,1,10,windows-rtx4060,0,0,grid_2x2,true,80,057fabc1d66b32acf1ad702c264f6243a8e4c6fd5858eefea40153d124f4f0a3,b2f42d80ffebc10a43999056ff5c1814b8e87fd7,data/raw/formal-highfps-v1/formal-highfps-v1__solo__daylight__r01,"{""daylight"":""games/pyxel/apps-src/30SecondsOfDaylight/src/main.py""}","{""daylight"":""21a365375249e9d7ea05e78dcfe040f09cc1f0c66bd410bae084190c743a028f""}",c409ef1002b43b623725032596586e30a5b4dd76787eaa79f4dcc595aba5d3fd
2,7,formal-highfps-v1__solo__mega_wing__r03,formal-highfps-v1,solo,not_applicable,solo,"[""mega_wing""]",mega_wing,[],,,,,,3,4598453964554603727,10,30,1,10,windows-rtx4060,0,0,grid_2x2,true,80,057fabc1d66b32acf1ad702c264f6243a8e4c6fd5858eefea40153d124f4f0a3,b2f42d80ffebc10a43999056ff5c1814b8e87fd7,data/raw/formal-highfps-v1/formal-highfps-v1__solo__mega_wing__r03,"{""mega_wing"":""games/pyxel/apps-src/mega_wing/mega_wing.py""}","{""mega_wing"":""86bad6c02a303806c58137503739241dc6b1e86695f7c0dbf672b5e1a1464e9f""}",0c89f2fe4125835743f4dbdd8127e19801bc3e5c0f1e173001f85a6a294754b4
2,8,formal-highfps-v1__colocation__mega_wing+pyxel_snake+space_rescue__r03,formal-highfps-v1,colocation-main,train,colocation,"[""mega_wing"",""pyxel_snake"",""space_rescue""]",mega_wing,"[""pyxel_snake"",""space_rescue""]",mega_wing+pyxel_snake+space_rescue,mega_wing+pyxel_snake+space_rescue__r03,,,,3,8142017781895895066,10,30,1,10,windows-rtx4060,0,0,grid_2x2,true,80,057fabc1d66b32acf1ad702c264f6243a8e4c6fd5858eefea40153d124f4f0a3,b2f42d80ffebc10a43999056ff5c1814b8e87fd7,data/raw/formal-highfps-v1/formal-highfps-v1__colocation__mega_wing+pyxel_snake+space_rescue__r03,"{""mega_wing"":""games/pyxel/apps-src/mega_wing/mega_wing.py"",""pyxel_snake"":""games/pyxel/07_snake.py"",""space_rescue"":""games/pyxel/apps-src/space_rescue/space_rescue.py""}","{""mega_wing"":""86bad6c02a303806c58137503739241dc6b1e86695f7c0dbf672b5e1a1464e9f"",""pyxel_snake"":""bc533fef92d1d358e570f69d979919fe5c1cd8c4da49841104b49a1e661a5ac3"",""space_rescue"":""f3b0ab6784ae558e64f06a3f0a704e53f107a130aa3d43357659d0850131e461""}",b72c8f669785676ede60dbf12fb3af8059f60cc9d90a08b26a771239eb6a53bd
2,9,formal-highfps-v1__solo__pyxel_bubbles__r03,formal-highfps-v1,solo,not_applicable,solo,"[""pyxel_bubbles""]",pyxel_bubbles,[],,,,,,3,13166571500155742058,10,30,1,10,windows-rtx4060,0,0,grid_2x2,true,80,057fabc1d66b32acf1ad702c264f6243a8e4c6fd5858eefea40153d124f4f0a3,b2f42d80ffebc10a43999056ff5c1814b8e87fd7,data/raw/formal-highfps-v1/formal-highfps-v1__solo__pyxel_bubbles__r03,"{""pyxel_bubbles"":""games/pyxel/06_click_game.py""}","{""pyxel_bubbles"":""54c101e90bdaed839ac4c4284494530d5df37a5819a35f1e41eebb0b3da5d900""}",ab2ffde7618a518187af924ce70b48b9876604917909cbbdf41a88fa3224a695
2,10,formal-highfps-v1__colocation__daylight+pyxel_bubbles+pyxel_platformer__r02,formal-highfps-v1,colocation-main,test,colocation,"[""daylight"",""pyxel_bubbles"",""pyxel_platformer""]",daylight,"[""pyxel_bubbles"",""pyxel_platformer""]",daylight+pyxel_bubbles+pyxel_platformer,daylight+pyxel_bubbles+pyxel_platformer__r02,,,,2,3256605726736093810,10,30,1,10,windows-rtx4060,0,0,grid_2x2,true,80,057fabc1d66b32acf1ad702c264f6243a8e4c6fd5858eefea40153d124f4f0a3,b2f42d80ffebc10a43999056ff5c1814b8e87fd7,data/raw/formal-highfps-v1/formal-highfps-v1__colocation__daylight+pyxel_bubbles+pyxel_platformer__r02,"{""daylight"":""games/pyxel/apps-src/30SecondsOfDaylight/src/main.py"",""pyxel_bubbles"":""games/pyxel/06_click_game.py"",""pyxel_platformer"":""games/pyxel/10_platformer.py""}","{""daylight"":""21a365375249e9d7ea05e78dcfe040f09cc1f0c66bd410bae084190c743a028f"",""pyxel_bubbles"":""54c101e90bdaed839ac4c4284494530d5df37a5819a35f1e41eebb0b3da5d900"",""pyxel_platformer"":""1b2c75b49dc9ab0254fb4b724682a4787868814a38d2f08920720dc5b6007ac5""}",4b4338bbfdb0b1403c98cf34fa53aac33299aca3c551c50750ecf19b480b407a
2,11,formal-highfps-v1__colocation__daylight+mega_wing__r01,formal-highfps-v1,colocation-main,test,colocation,"[""daylight"",""mega_wing""]",daylight,"[""mega_wing""]",daylight+mega_wing,daylight+mega_wing__r01,,,,1,10943283578462191745,10,30,1,10,windows-rtx4060,0,0,grid_2x2,true,80,057fabc1d66b32acf1ad702c264f6243a8e4c6fd5858eefea40153d124f4f0a3,b2f42d80ffebc10a43999056ff5c1814b8e87fd7,data/raw/formal-highfps-v1/formal-highfps-v1__colocation__daylight+mega_wing__r01,"{""daylight"":""games/pyxel/apps-src/30SecondsOfDaylight/src/main.py"",""mega_wing"":""games/pyxel/apps-src/mega_wing/mega_wing.py""}","{""daylight"":""21a365375249e9d7ea05e78dcfe040f09cc1f0c66bd410bae084190c743a028f"",""mega_wing"":""86bad6c02a303806c58137503739241dc6b1e86695f7c0dbf672b5e1a1464e9f""}",c12ecd3b009ed6d64809c1944ac672990fa4047e86e3a91df671e42d4e174916
2,12,formal-highfps-v1__colocation__mega_wing+pyxel_platformer+pyxel_shooter__r02,formal-highfps-v1,colocation-main,test,colocation,"[""mega_wing"",""pyxel_platformer"",""pyxel_shooter""]",mega_wing,"[""pyxel_platformer"",""pyxel_shooter""]",mega_wing+pyxel_platformer+pyxel_shooter,mega_wing+pyxel_platformer+pyxel_shooter__r02,,,,2,13682341556401358875,10,30,1,10,windows-rtx4060,0,0,grid_2x2,true,80,057fabc1d66b32acf1ad702c264f6243a8e4c6fd5858eefea40153d124f4f0a3,b2f42d80ffebc10a43999056ff5c1814b8e87fd7,data/raw/formal-highfps-v1/formal-highfps-v1__colocation__mega_wing+pyxel_platformer+pyxel_shooter__r02,"{""mega_wing"":""games/pyxel/apps-src/mega_wing/mega_wing.py"",""pyxel_platformer"":""games/pyxel/10_platformer.py"",""pyxel_shooter"":""games/pyxel/09_shooter.py""}","{""mega_wing"":""86bad6c02a303806c58137503739241dc6b1e86695f7c0dbf672b5e1a1464e9f"",""pyxel_platformer"":""1b2c75b49dc9ab0254fb4b724682a4787868814a38d2f08920720dc5b6007ac5"",""pyxel_shooter"":""0f53e4156907eac41080a8f289e22c89365b3239517c754cf59a51af201d5563""}",b915591ac55aee19ca6e95a3a973223e09ac23d327a7f225d29f342dead2f122
2,13,formal-highfps-v1__extra__daylight+pyxel_bubbles+pyxel_shooter+space_rescue__r02,formal-highfps-v1,colocation-extra-test,extra_test,extra_test,"[""daylight"",""pyxel_bubbles"",""pyxel_shooter"",""space_rescue""]",daylight,"[""pyxel_bubbles"",""pyxel_shooter"",""space_rescue""]",daylight+pyxel_bubbles+pyxel_shooter+space_rescue,daylight+pyxel_bubbles+pyxel_shooter+space_rescue__r02,,,,2,1072938454727186155,10,30,1,10,windows-rtx4060,0,0,grid_2x2,true,80,057fabc1d66b32acf1ad702c264f6243a8e4c6fd5858eefea40153d124f4f0a3,b2f42d80ffebc10a43999056ff5c1814b8e87fd7,data/raw/formal-highfps-v1/formal-highfps-v1__extra__daylight+pyxel_bubbles+pyxel_shooter+space_rescue__r02,"{""daylight"":""games/pyxel/apps-src/30SecondsOfDaylight/src/main.py"",""pyxel_bubbles"":""games/pyxel/06_click_game.py"",""pyxel_shooter"":""games/pyxel/09_shooter.py"",""space_rescue"":""games/pyxel/apps-src/space_rescue/space_rescue.py""}","{""daylight"":""21a365375249e9d7ea05e78dcfe040f09cc1f0c66bd410bae084190c743a028f"",""pyxel_bubbles"":""54c101e90bdaed839ac4c4284494530d5df37a5819a35f1e41eebb0b3da5d900"",""pyxel_shooter"":""0f53e4156907eac41080a8f289e22c89365b3239517c754cf59a51af201d5563"",""space_rescue"":""f3b0ab6784ae558e64f06a3f0a704e53f107a130aa3d43357659d0850131e461""}",537cd045f022fd63145b9c2392ab1836c6c64641b043a9fa9f5887214903a279
2,14,formal-highfps-v1__colocation__pyxel_bubbles+pyxel_jump+pyxel_platformer__r03,formal-highfps-v1,colocation-main,train,colocation,"[""pyxel_bubbles"",""pyxel_jump"",""pyxel_platformer""]",pyxel_bubbles,"[""pyxel_jump"",""pyxel_platformer""]",pyxel_bubbles+pyxel_jump+pyxel_platformer,pyxel_bubbles+pyxel_jump+pyxel_platformer__r03,,,,3,14613532575322629756,10,30,1,10,windows-rtx4060,0,0,grid_2x2,true,80,057fabc1d66b32acf1ad702c264f6243a8e4c6fd5858eefea40153d124f4f0a3,b2f42d80ffebc10a43999056ff5c1814b8e87fd7,data/raw/formal-highfps-v1/formal-highfps-v1__colocation__pyxel_bubbles+pyxel_jump+pyxel_platformer__r03,"{""pyxel_bubbles"":""games/pyxel/06_click_game.py"",""pyxel_jump"":""games/pyxel/02_jump_game.py"",""pyxel_platformer"":""games/pyxel/10_platformer.py""}","{""pyxel_bubbles"":""54c101e90bdaed839ac4c4284494530d5df37a5819a35f1e41eebb0b3da5d900"",""pyxel_jump"":""4743a825f1c9cae7e049ac52115f4ecf83350db546c00745a54af187d7bc2e46"",""pyxel_platformer"":""1b2c75b49dc9ab0254fb4b724682a4787868814a38d2f08920720dc5b6007ac5""}",d634754344d02f7a42f583794681cda9a1cb642bbd02359592a5263b4f3a4f0f
2,15,formal-highfps-v1__colocation__mega_wing+pyxel_jump+pyxel_platformer__r03,formal-highfps-v1,colocation-main,train,colocation,"[""mega_wing"",""pyxel_jump"",""pyxel_platformer""]",mega_wing,"[""pyxel_jump"",""pyxel_platformer""]",mega_wing+pyxel_jump+pyxel_platformer,mega_wing+pyxel_jump+pyxel_platformer__r03,,,,3,8971933576963466641,10,30,1,10,windows-rtx4060,0,0,grid_2x2,true,80,057fabc1d66b32acf1ad702c264f6243a8e4c6fd5858eefea40153d124f4f0a3,b2f42d80ffebc10a43999056ff5c1814b8e87fd7,data/raw/formal-highfps-v1/formal-highfps-v1__colocation__mega_wing+pyxel_jump+pyxel_platformer__r03,"{""mega_wing"":""games/pyxel/apps-src/mega_wing/mega_wing.py"",""pyxel_jump"":""games/pyxel/02_jump_game.py"",""pyxel_platformer"":""games/pyxel/10_platformer.py""}","{""mega_wing"":""86bad6c02a303806c58137503739241dc6b1e86695f7c0dbf672b5e1a1464e9f"",""pyxel_jump"":""4743a825f1c9cae7e049ac52115f4ecf83350db546c00745a54af187d7bc2e46"",""pyxel_platformer"":""1b2c75b49dc9ab0254fb4b724682a4787868814a38d2f08920720dc5b6007ac5""}",28c3f7b2900bb9b86ffcaec98c2178cfef55405ebd6b0e15b3f340b2cfdf3e96
2,16,formal-highfps-v1__colocation__pyxel_platformer+pyxel_shooter+space_rescue__r03,formal-highfps-v1,colocation-main,validation,colocation,"[""pyxel_platformer"",""pyxel_shooter"",""space_rescue""]",pyxel_platformer,"[""pyxel_shooter"",""space_rescue""]",pyxel_platformer+pyxel_shooter+space_rescue,pyxel_platformer+pyxel_shooter+space_rescue__r03,,,,3,2378095048118436956,10,30,1,10,windows-rtx4060,0,0,grid_2x2,true,80,057fabc1d66b32acf1ad702c264f6243a8e4c6fd5858eefea40153d124f4f0a3,b2f42d80ffebc10a43999056ff5c1814b8e87fd7,data/raw/formal-highfps-v1/formal-highfps-v1__colocation__pyxel_platformer+pyxel_shooter+space_rescue__r03,"{""pyxel_platformer"":""games/pyxel/10_platformer.py"",""pyxel_shooter"":""games/pyxel/09_shooter.py"",""space_rescue"":""games/pyxel/apps-src/space_rescue/space_rescue.py""}","{""pyxel_platformer"":""1b2c75b49dc9ab0254fb4b724682a4787868814a38d2f08920720dc5b6007ac5"",""pyxel_shooter"":""0f53e4156907eac41080a8f289e22c89365b3239517c754cf59a51af201d5563"",""space_rescue"":""f3b0ab6784ae558e64f06a3f0a704e53f107a130aa3d43357659d0850131e461""}",b8075eb6ba19eb45ecf851bedfe7d0d0ca6328aa210faef9dbca0d05922e612f
2,17,formal-highfps-v1__colocation__daylight+pyxel_bubbles__r03,formal-highfps-v1,colocation-main,validation,colocation,"[""daylight"",""pyxel_bubbles""]",daylight,"[""pyxel_bubbles""]",daylight+pyxel_bubbles,daylight+pyxel_bubbles__r03,,,,3,6488750937728922443,10,30,1,10,windows-rtx4060,0,0,grid_2x2,true,80,057fabc1d66b32acf1ad702c264f6243a8e4c6fd5858eefea40153d124f4f0a3,b2f42d80ffebc10a43999056ff5c1814b8e87fd7,data/raw/formal-highfps-v1/formal-highfps-v1__colocation__daylight+pyxel_bubbles__r03,"{""daylight"":""games/pyxel/apps-src/30SecondsOfDaylight/src/main.py"",""pyxel_bubbles"":""games/pyxel/06_click_game.py""}","{""daylight"":""21a365375249e9d7ea05e78dcfe040f09cc1f0c66bd410bae084190c743a028f"",""pyxel_bubbles"":""54c101e90bdaed839ac4c4284494530d5df37a5819a35f1e41eebb0b3da5d900""}",404c6825bc3c3f0cb3a64df3e12023111338dca6312e2cf12d38954d41385414
2,18,formal-highfps-v1__colocation__daylight+pyxel_bubbles+space_rescue__r03,formal-highfps-v1,colocation-main,train,colocation,"[""daylight"",""pyxel_bubbles"",""space_rescue""]",daylight,"[""pyxel_bubbles"",""space_rescue""]",daylight+pyxel_bubbles+space_rescue,daylight+pyxel_bubbles+space_rescue__r03,,,,3,5061490885627023538,10,30,1,10,windows-rtx4060,0,0,grid_2x2,true,80,057fabc1d66b32acf1ad702c264f6243a8e4c6fd5858eefea40153d124f4f0a3,b2f42d80ffebc10a43999056ff5c1814b8e87fd7,data/raw/formal-highfps-v1/formal-highfps-v1__colocation__daylight+pyxel_bubbles+space_rescue__r03,"{""daylight"":""games/pyxel/apps-src/30SecondsOfDaylight/src/main.py"",""pyxel_bubbles"":""games/pyxel/06_click_game.py"",""space_rescue"":""games/pyxel/apps-src/space_rescue/space_rescue.py""}","{""daylight"":""21a365375249e9d7ea05e78dcfe040f09cc1f0c66bd410bae084190c743a028f"",""pyxel_bubbles"":""54c101e90bdaed839ac4c4284494530d5df37a5819a35f1e41eebb0b3da5d900"",""space_rescue"":""f3b0ab6784ae558e64f06a3f0a704e53f107a130aa3d43357659d0850131e461""}",fc6a00096f1f80cc21226e843619f739cb4a418632d70306c1774eedc9a2e053
2,19,formal-highfps-v1__solo__space_rescue__r03,formal-highfps-v1,solo,not_applicable,solo,"[""space_rescue""]",space_rescue,[],,,,,,3,4399632551700385762,10,30,1,10,windows-rtx4060,0,0,grid_2x2,true,80,057fabc1d66b32acf1ad702c264f6243a8e4c6fd5858eefea40153d124f4f0a3,b2f42d80ffebc10a43999056ff5c1814b8e87fd7,data/raw/formal-highfps-v1/formal-highfps-v1__solo__space_rescue__r03,"{""space_rescue"":""games/pyxel/apps-src/space_rescue/space_rescue.py""}","{""space_rescue"":""f3b0ab6784ae558e64f06a3f0a704e53f107a130aa3d43357659d0850131e461""}",0bbc4e3169aaf208c50dcd94239368fba021fbea96d7e9d348eece3b67479b94
2,20,formal-highfps-v1__extra__mega_wing+pyxel_bubbles+pyxel_jump+space_rescue__r01,formal-highfps-v1,colocation-extra-test,extra_test,extra_test,"[""mega_wing"",""pyxel_bubbles"",""pyxel_jump"",""space_rescue""]",mega_wing,"[""pyxel_bubbles"",""pyxel_jump"",""space_rescue""]",mega_wing+pyxel_bubbles+pyxel_jump+space_rescue,mega_wing+pyxel_bubbles+pyxel_jump+space_rescue__r01,,,,1,16989947642046775293,10,30,1,10,windows-rtx4060,0,0,grid_2x2,true,80,057fabc1d66b32acf1ad702c264f6243a8e4c6fd5858eefea40153d124f4f0a3,b2f42d80ffebc10a43999056ff5c1814b8e87fd7,data/raw/formal-highfps-v1/formal-highfps-v1__extra__mega_wing+pyxel_bubbles+pyxel_jump+space_rescue__r01,"{""mega_wing"":""games/pyxel/apps-src/mega_wing/mega_wing.py"",""pyxel_bubbles"":""games/pyxel/06_click_game.py"",""pyxel_jump"":""games/pyxel/02_jump_game.py"",""space_rescue"":""games/pyxel/apps-src/space_rescue/space_rescue.py""}","{""mega_wing"":""86bad6c02a303806c58137503739241dc6b1e86695f7c0dbf672b5e1a1464e9f"",""pyxel_bubbles"":""54c101e90bdaed839ac4c4284494530d5df37a5819a35f1e41eebb0b3da5d900"",""pyxel_jump"":""4743a825f1c9cae7e049ac52115f4ecf83350db546c00745a54af187d7bc2e46"",""space_rescue"":""f3b0ab6784ae558e64f06a3f0a704e53f107a130aa3d43357659d0850131e461""}",4fe0a6d83cb3c7cdcae73ad08b021d64783dfaae705eeaf5d395ef1c9c32d69c
2,21,formal-highfps-v1__colocation__pyxel_bubbles+pyxel_platformer+pyxel_shooter__r03,formal-highfps-v1,colocation-main,validation,colocation,"[""pyxel_bubbles"",""pyxel_platformer"",""pyxel_shooter""]",pyxel_bubbles,"[""pyxel_platformer"",""pyxel_shooter""]",pyxel_bubbles+pyxel_platformer+pyxel_shooter,pyxel_bubbles+pyxel_platformer+pyxel_shooter__r03,,,,3,8498269675985014006,10,30,1,10,windows-rtx4060,0,0,grid_2x2,true,80,057fabc1d66b32acf1ad702c264f6243a8e4c6fd5858eefea40153d124f4f0a3,b2f42d80ffebc10a43999056ff5c1814b8e87fd7,data/raw/formal-highfps-v1/formal-highfps-v1__colocation__pyxel_bubbles+pyxel_platformer+pyxel_shooter__r03,"{""pyxel_bubbles"":""games/pyxel/06_click_game.py"",""pyxel_platformer"":""games/pyxel/10_platformer.py"",""pyxel_shooter"":""games/pyxel/09_shooter.py""}","{""pyxel_bubbles"":""54c101e90bdaed839ac4c4284494530d5df37a5819a35f1e41eebb0b3da5d900"",""pyxel_platformer"":""1b2c75b49dc9ab0254fb4b724682a4787868814a38d2f08920720dc5b6007ac5"",""pyxel_shooter"":""0f53e4156907eac41080a8f289e22c89365b3239517c754cf59a51af201d5563""}",f2504b342c5b4e30d82349dc7a0adeb7de587097a721cf382f9ff6138e743b30
2,22,formal-highfps-v1__colocation__pyxel_jump+pyxel_platformer+space_rescue__r03,formal-highfps-v1,colocation-main,train,colocation,"[""pyxel_jump"",""pyxel_platformer"",""space_rescue""]",pyxel_jump,"[""pyxel_platformer"",""space_rescue""]",pyxel_jump+pyxel_platformer+space_rescue,pyxel_jump+pyxel_platformer+space_rescue__r03,,,,3,11073372992232688367,10,30,1,10,windows-rtx4060,0,0,grid_2x2,true,80,057fabc1d66b32acf1ad702c264f6243a8e4c6fd5858eefea40153d124f4f0a3,b2f42d80ffebc10a43999056ff5c1814b8e87fd7,data/raw/formal-highfps-v1/formal-highfps-v1__colocation__pyxel_jump+pyxel_platformer+space_rescue__r03,"{""pyxel_jump"":""games/pyxel/02_jump_game.py"",""pyxel_platformer"":""games/pyxel/10_platformer.py"",""space_rescue"":""games/pyxel/apps-src/space_rescue/space_rescue.py""}","{""pyxel_jump"":""4743a825f1c9cae7e049ac52115f4ecf83350db546c00745a54af187d7bc2e46"",""pyxel_platformer"":""1b2c75b49dc9ab0254fb4b724682a4787868814a38d2f08920720dc5b6007ac5"",""space_rescue"":""f3b0ab6784ae558e64f06a3f0a704e53f107a130aa3d43357659d0850131e461""}",28dd4ed0f2f2b182c68f7702c66b373286e3723612a1b7b55f045d8cd0f778c0
2,23,formal-highfps-v1__colocation__mega_wing+pyxel_snake__r01,formal-highfps-v1,colocation-main,train,colocation,"[""mega_wing"",""pyxel_snake""]",mega_wing,"[""pyxel_snake""]",mega_wing+pyxel_snake,mega_wing+pyxel_snake__r01,,,,1,1304870235819937978,10,30,1,10,windows-rtx4060,0,0,grid_2x2,true,80,057fabc1d66b32acf1ad702c264f6243a8e4c6fd5858eefea40153d124f4f0a3,b2f42d80ffebc10a43999056ff5c1814b8e87fd7,data/raw/formal-highfps-v1/formal-highfps-v1__colocation__mega_wing+pyxel_snake__r01,"{""mega_wing"":""games/pyxel/apps-src/mega_wing/mega_wing.py"",""pyxel_snake"":""games/pyxel/07_snake.py""}","{""mega_wing"":""86bad6c02a303806c58137503739241dc6b1e86695f7c0dbf672b5e1a1464e9f"",""pyxel_snake"":""bc533fef92d1d358e570f69d979919fe5c1cd8c4da49841104b49a1e661a5ac3""}",39e6868925fa839af269cc27d9c2ef6cf01529871f559311a92698794b7a444c
2,24,formal-highfps-v1__colocation__daylight+pyxel_platformer+pyxel_shooter__r01,formal-highfps-v1,colocation-main,validation,colocation,"[""daylight"",""pyxel_platformer"",""pyxel_shooter""]",daylight,"[""pyxel_platformer"",""pyxel_shooter""]",daylight+pyxel_platformer+pyxel_shooter,daylight+pyxel_platformer+pyxel_shooter__r01,,,,1,4715957220980102501,10,30,1,10,windows-rtx4060,0,0,grid_2x2,true,80,057fabc1d66b32acf1ad702c264f6243a8e4c6fd5858eefea40153d124f4f0a3,b2f42d80ffebc10a43999056ff5c1814b8e87fd7,data/raw/formal-highfps-v1/formal-highfps-v1__colocation__daylight+pyxel_platformer+pyxel_shooter__r01,"{""daylight"":""games/pyxel/apps-src/30SecondsOfDaylight/src/main.py"",""pyxel_platformer"":""games/pyxel/10_platformer.py"",""pyxel_shooter"":""games/pyxel/09_shooter.py""}","{""daylight"":""21a365375249e9d7ea05e78dcfe040f09cc1f0c66bd410bae084190c743a028f"",""pyxel_platformer"":""1b2c75b49dc9ab0254fb4b724682a4787868814a38d2f08920720dc5b6007ac5"",""pyxel_shooter"":""0f53e4156907eac41080a8f289e22c89365b3239517c754cf59a51af201d5563""}",2f6aed5c04e7080e5bfffc3edee88113b0a289c4d99a0cb107d8cc8500222888
2,25,formal-highfps-v1__colocation__pyxel_jump+pyxel_snake__r01,formal-highfps-v1,colocation-main,validation,colocation,"[""pyxel_jump"",""pyxel_snake""]",pyxel_jump,"[""pyxel_snake""]",pyxel_jump+pyxel_snake,pyxel_jump+pyxel_snake__r01,,,,1,595837154992754466,10,30,1,10,windows-rtx4060,0,0,grid_2x2,true,80,057fabc1d66b32acf1ad702c264f6243a8e4c6fd5858eefea40153d124f4f0a3,b2f42d80ffebc10a43999056ff5c1814b8e87fd7,data/raw/formal-highfps-v1/formal-highfps-v1__colocation__pyxel_jump+pyxel_snake__r01,"{""pyxel_jump"":""games/pyxel/02_jump_game.py"",""pyxel_snake"":""games/pyxel/07_snake.py""}","{""pyxel_jump"":""4743a825f1c9cae7e049ac52115f4ecf83350db546c00745a54af187d7bc2e46"",""pyxel_snake"":""bc533fef92d1d358e570f69d979919fe5c1cd8c4da49841104b49a1e661a5ac3""}",9f90f59b33af1479f30122eb16763223de09590ca7e80f0f1527c20d65ccceea
2,26,formal-highfps-v1__colocation__mega_wing+pyxel_jump__r03,formal-highfps-v1,colocation-main,test,colocation,"[""mega_wing"",""pyxel_jump""]",mega_wing,"[""pyxel_jump""]",mega_wing+pyxel_jump,mega_wing+pyxel_jump__r03,,,,3,193343621440929961,10,30,1,10,windows-rtx4060,0,0,grid_2x2,true,80,057fabc1d66b32acf1ad702c264f6243a8e4c6fd5858eefea40153d124f4f0a3,b2f42d80ffebc10a43999056ff5c1814b8e87fd7,data/raw/formal-highfps-v1/formal-highfps-v1__colocation__mega_wing+pyxel_jump__r03,"{""mega_wing"":""games/pyxel/apps-src/mega_wing/mega_wing.py"",""pyxel_jump"":""games/pyxel/02_jump_game.py""}","{""mega_wing"":""86bad6c02a303806c58137503739241dc6b1e86695f7c0dbf672b5e1a1464e9f"",""pyxel_jump"":""4743a825f1c9cae7e049ac52115f4ecf83350db546c00745a54af187d7bc2e46""}",b8f24b8d8c25637e40e66f960bd11ccb42eb48314617247ddbcdb2a682c06fe4
2,27,formal-highfps-v1__extra__daylight+pyxel_bubbles+pyxel_jump+pyxel_platformer__r01,formal-highfps-v1,colocation-extra-test,extra_test,extra_test,"[""daylight"",""pyxel_bubbles"",""pyxel_jump"",""pyxel_platformer""]",daylight,"[""pyxel_bubbles"",""pyxel_jump"",""pyxel_platformer""]",daylight+pyxel_bubbles+pyxel_jump+pyxel_platformer,daylight+pyxel_bubbles+pyxel_jump+pyxel_platformer__r01,,,,1,5737806892131697747,10,30,1,10,windows-rtx4060,0,0,grid_2x2,true,80,057fabc1d66b32acf1ad702c264f6243a8e4c6fd5858eefea40153d124f4f0a3,b2f42d80ffebc10a43999056ff5c1814b8e87fd7,data/raw/formal-highfps-v1/formal-highfps-v1__extra__daylight+pyxel_bubbles+pyxel_jump+pyxel_platformer__r01,"{""daylight"":""games/pyxel/apps-src/30SecondsOfDaylight/src/main.py"",""pyxel_bubbles"":""games/pyxel/06_click_game.py"",""pyxel_jump"":""games/pyxel/02_jump_game.py"",""pyxel_platformer"":""games/pyxel/10_platformer.py""}","{""daylight"":""21a365375249e9d7ea05e78dcfe040f09cc1f0c66bd410bae084190c743a028f"",""pyxel_bubbles"":""54c101e90bdaed839ac4c4284494530d5df37a5819a35f1e41eebb0b3da5d900"",""pyxel_jump"":""4743a825f1c9cae7e049ac52115f4ecf83350db546c00745a54af187d7bc2e46"",""pyxel_platformer"":""1b2c75b49dc9ab0254fb4b724682a4787868814a38d2f08920720dc5b6007ac5""}",50ea157826bdcc526cdbd08177fe8c2cea40a3ce502f205af4fec3f96573f811
2,28,formal-highfps-v1__colocation__pyxel_platformer+pyxel_snake+space_rescue__r02,formal-highfps-v1,colocation-main,validation,colocation,"[""pyxel_platformer"",""pyxel_snake"",""space_rescue""]",pyxel_platformer,"[""pyxel_snake"",""space_rescue""]",pyxel_platformer+pyxel_snake+space_rescue,pyxel_platformer+pyxel_snake+space_rescue__r02,,,,2,1690107461402874264,10,30,1,10,windows-rtx4060,0,0,grid_2x2,true,80,057fabc1d66b32acf1ad702c264f6243a8e4c6fd5858eefea40153d124f4f0a3,b2f42d80ffebc10a43999056ff5c1814b8e87fd7,data/raw/formal-highfps-v1/formal-highfps-v1__colocation__pyxel_platformer+pyxel_snake+space_rescue__r02,"{""pyxel_platformer"":""games/pyxel/10_platformer.py"",""pyxel_snake"":""games/pyxel/07_snake.py"",""space_rescue"":""games/pyxel/apps-src/space_rescue/space_rescue.py""}","{""pyxel_platformer"":""1b2c75b49dc9ab0254fb4b724682a4787868814a38d2f08920720dc5b6007ac5"",""pyxel_snake"":""bc533fef92d1d358e570f69d979919fe5c1cd8c4da49841104b49a1e661a5ac3"",""space_rescue"":""f3b0ab6784ae558e64f06a3f0a704e53f107a130aa3d43357659d0850131e461""}",5e2eec1d18148b32b50cb376171f2ac3bf1201ce7bd2bf6df4acb1c4f8c3a6b3
2,29,formal-highfps-v1__colocation__daylight+pyxel_jump__r03,formal-highfps-v1,colocation-main,test,colocation,"[""daylight"",""pyxel_jump""]",daylight,"[""pyxel_jump""]",daylight+pyxel_jump,daylight+pyxel_jump__r03,,,,3,4442143163570228282,10,30,1,10,windows-rtx4060,0,0,grid_2x2,true,80,057fabc1d66b32acf1ad702c264f6243a8e4c6fd5858eefea40153d124f4f0a3,b2f42d80ffebc10a43999056ff5c1814b8e87fd7,data/raw/formal-highfps-v1/formal-highfps-v1__colocation__daylight+pyxel_jump__r03,"{""daylight"":""games/pyxel/apps-src/30SecondsOfDaylight/src/main.py"",""pyxel_jump"":""games/pyxel/02_jump_game.py""}","{""daylight"":""21a365375249e9d7ea05e78dcfe040f09cc1f0c66bd410bae084190c743a028f"",""pyxel_jump"":""4743a825f1c9cae7e049ac52115f4ecf83350db546c00745a54af187d7bc2e46""}",a383c44e783c4e10eed09f1e56a124f2f300a374e66940ddf94ff89660e189d2
2,30,formal-highfps-v1__colocation__daylight+pyxel_shooter+pyxel_snake__r03,formal-highfps-v1,colocation-main,train,colocation,"[""daylight"",""pyxel_shooter"",""pyxel_snake""]",daylight,"[""pyxel_shooter"",""pyxel_snake""]",daylight+pyxel_shooter+pyxel_snake,daylight+pyxel_shooter+pyxel_snake__r03,,,,3,3275937800275558484,10,30,1,10,windows-rtx4060,0,0,grid_2x2,true,80,057fabc1d66b32acf1ad702c264f6243a8e4c6fd5858eefea40153d124f4f0a3,b2f42d80ffebc10a43999056ff5c1814b8e87fd7,data/raw/formal-highfps-v1/formal-highfps-v1__colocation__daylight+pyxel_shooter+pyxel_snake__r03,"{""daylight"":""games/pyxel/apps-src/30SecondsOfDaylight/src/main.py"",""pyxel_shooter"":""games/pyxel/09_shooter.py"",""pyxel_snake"":""games/pyxel/07_snake.py""}","{""daylight"":""21a365375249e9d7ea05e78dcfe040f09cc1f0c66bd410bae084190c743a028f"",""pyxel_shooter"":""0f53e4156907eac41080a8f289e22c89365b3239517c754cf59a51af201d5563"",""pyxel_snake"":""bc533fef92d1d358e570f69d979919fe5c1cd8c4da49841104b49a1e661a5ac3""}",5c59fc0f58dd535fc0e4dad9acb83c1a080f07a8112e627f85eb5778c2a1c0c2
2,31,formal-highfps-v1__colocation__pyxel_bubbles+pyxel_platformer+pyxel_shooter__r02,formal-highfps-v1,colocation-main,validation,colocation,"[""pyxel_bubbles"",""pyxel_platformer"",""pyxel_shooter""]",pyxel_bubbles,"[""pyxel_platformer"",""pyxel_shooter""]",pyxel_bubbles+pyxel_platformer+pyxel_shooter,pyxel_bubbles+pyxel_platformer+pyxel_shooter__r02,,,,2,7247971371436558227,10,30,1,10,windows-rtx4060,0,0,grid_2x2,true,80,057fabc1d66b32acf1ad702c264f6243a8e4c6fd5858eefea40153d124f4f0a3,b2f42d80ffebc10a43999056ff5c1814b8e87fd7,data/raw/formal-highfps-v1/formal-highfps-v1__colocation__pyxel_bubbles+pyxel_platformer+pyxel_shooter__r02,"{""pyxel_bubbles"":""games/pyxel/06_click_game.py"",""pyxel_platformer"":""games/pyxel/10_platformer.py"",""pyxel_shooter"":""games/pyxel/09_shooter.py""}","{""pyxel_bubbles"":""54c101e90bdaed839ac4c4284494530d5df37a5819a35f1e41eebb0b3da5d900"",""pyxel_platformer"":""1b2c75b49dc9ab0254fb4b724682a4787868814a38d2f08920720dc5b6007ac5"",""pyxel_shooter"":""0f53e4156907eac41080a8f289e22c89365b3239517c754cf59a51af201d5563""}",433c9ec298d847321207c960a2634c6cbf60a822338d55c219a2c1d475bef334
2,32,formal-highfps-v1__colocation__pyxel_jump+pyxel_snake__r03,formal-highfps-v1,colocation-main,validation,colocation,"[""pyxel_jump"",""pyxel_snake""]",pyxel_jump,"[""pyxel_snake""]",pyxel_jump+pyxel_snake,pyxel_jump+pyxel_snake__r03,,,,3,669151184381926978,10,30,1,10,windows-rtx4060,0,0,grid_2x2,true,80,057fabc1d66b32acf1ad702c264f6243a8e4c6fd5858eefea40153d124f4f0a3,b2f42d80ffebc10a43999056ff5c1814b8e87fd7,data/raw/formal-highfps-v1/formal-highfps-v1__colocation__pyxel_jump+pyxel_snake__r03,"{""pyxel_jump"":""games/pyxel/02_jump_game.py"",""pyxel_snake"":""games/pyxel/07_snake.py""}","{""pyxel_jump"":""4743a825f1c9cae7e049ac52115f4ecf83350db546c00745a54af187d7bc2e46"",""pyxel_snake"":""bc533fef92d1d358e570f69d979919fe5c1cd8c4da49841104b49a1e661a5ac3""}",098974213487de8624882dc956bc01cf29cb917ebce1a7a5832fef2b1767b96d
2,33,formal-highfps-v1__colocation__mega_wing+pyxel_platformer+pyxel_shooter__r03,formal-highfps-v1,colocation-main,test,colocation,"[""mega_wing"",""pyxel_platformer"",""pyxel_shooter""]",mega_wing,"[""pyxel_platformer"",""pyxel_shooter""]",mega_wing+pyxel_platformer+pyxel_shooter,mega_wing+pyxel_platformer+pyxel_shooter__r03,,,,3,12612950904275602089,10,30,1,10,windows-rtx4060,0,0,grid_2x2,true,80,057fabc1d66b32acf1ad702c264f6243a8e4c6fd5858eefea40153d124f4f0a3,b2f42d80ffebc10a43999056ff5c1814b8e87fd7,data/raw/formal-highfps-v1/formal-highfps-v1__colocation__mega_wing+pyxel_platformer+pyxel_shooter__r03,"{""mega_wing"":""games/pyxel/apps-src/mega_wing/mega_wing.py"",""pyxel_platformer"":""games/pyxel/10_platformer.py"",""pyxel_shooter"":""games/pyxel/09_shooter.py""}","{""mega_wing"":""86bad6c02a303806c58137503739241dc6b1e86695f7c0dbf672b5e1a1464e9f"",""pyxel_platformer"":""1b2c75b49dc9ab0254fb4b724682a4787868814a38d2f08920720dc5b6007ac5"",""pyxel_shooter"":""0f53e4156907eac41080a8f289e22c89365b3239517c754cf59a51af201d5563""}",788a355d64efaa3da5b4b7dc27ccd7f568e473cd341743092902860225cc12c2
2,34,formal-highfps-v1__colocation__pyxel_jump+pyxel_shooter+pyxel_snake__r03,formal-highfps-v1,colocation-main,train,colocation,"[""pyxel_jump"",""pyxel_shooter"",""pyxel_snake""]",pyxel_jump,"[""pyxel_shooter"",""pyxel_snake""]",pyxel_jump+pyxel_shooter+pyxel_snake,pyxel_jump+pyxel_shooter+pyxel_snake__r03,,,,3,2843541963674284268,10,30,1,10,windows-rtx4060,0,0,grid_2x2,true,80,057fabc1d66b32acf1ad702c264f6243a8e4c6fd5858eefea40153d124f4f0a3,b2f42d80ffebc10a43999056ff5c1814b8e87fd7,data/raw/formal-highfps-v1/formal-highfps-v1__colocation__pyxel_jump+pyxel_shooter+pyxel_snake__r03,"{""pyxel_jump"":""games/pyxel/02_jump_game.py"",""pyxel_shooter"":""games/pyxel/09_shooter.py"",""pyxel_snake"":""games/pyxel/07_snake.py""}","{""pyxel_jump"":""4743a825f1c9cae7e049ac52115f4ecf83350db546c00745a54af187d7bc2e46"",""pyxel_shooter"":""0f53e4156907eac41080a8f289e22c89365b3239517c754cf59a51af201d5563"",""pyxel_snake"":""bc533fef92d1d358e570f69d979919fe5c1cd8c4da49841104b49a1e661a5ac3""}",a7dc720a063c1dc834c717973bd327c08db8ca1f8c8ade1bf6909226e3ecc917
2,35,formal-highfps-v1__colocation__daylight+mega_wing+pyxel_shooter__r03,formal-highfps-v1,colocation-main,validation,colocation,"[""daylight"",""mega_wing"",""pyxel_shooter""]",daylight,"[""mega_wing"",""pyxel_shooter""]",daylight+mega_wing+pyxel_shooter,daylight+mega_wing+pyxel_shooter__r03,,,,3,13312590361058943931,10,30,1,10,windows-rtx4060,0,0,grid_2x2,true,80,057fabc1d66b32acf1ad702c264f6243a8e4c6fd5858eefea40153d124f4f0a3,b2f42d80ffebc10a43999056ff5c1814b8e87fd7,data/raw/formal-highfps-v1/formal-highfps-v1__colocation__daylight+mega_wing+pyxel_shooter__r03,"{""daylight"":""games/pyxel/apps-src/30SecondsOfDaylight/src/main.py"",""mega_wing"":""games/pyxel/apps-src/mega_wing/mega_wing.py"",""pyxel_shooter"":""games/pyxel/09_shooter.py""}","{""daylight"":""21a365375249e9d7ea05e78dcfe040f09cc1f0c66bd410bae084190c743a028f"",""mega_wing"":""86bad6c02a303806c58137503739241dc6b1e86695f7c0dbf672b5e1a1464e9f"",""pyxel_shooter"":""0f53e4156907eac41080a8f289e22c89365b3239517c754cf59a51af201d5563""}",43bff5d888a174d630d9282f110ddd251579bb3a4ed4f12ef2a38f5c1cf52855
2,36,formal-highfps-v1__extra__mega_wing+pyxel_bubbles+pyxel_platformer+pyxel_shooter__r02,formal-highfps-v1,colocation-extra-test,extra_test,extra_test,"[""mega_wing"",""pyxel_bubbles"",""pyxel_platformer"",""pyxel_shooter""]",mega_wing,"[""pyxel_bubbles"",""pyxel_platformer"",""pyxel_shooter""]",mega_wing+pyxel_bubbles+pyxel_platformer+pyxel_shooter,mega_wing+pyxel_bubbles+pyxel_platformer+pyxel_shooter__r02,,,,2,704646156157745153,10,30,1,10,windows-rtx4060,0,0,grid_2x2,true,80,057fabc1d66b32acf1ad702c264f6243a8e4c6fd5858eefea40153d124f4f0a3,b2f42d80ffebc10a43999056ff5c1814b8e87fd7,data/raw/formal-highfps-v1/formal-highfps-v1__extra__mega_wing+pyxel_bubbles+pyxel_platformer+pyxel_shooter__r02,"{""mega_wing"":""games/pyxel/apps-src/mega_wing/mega_wing.py"",""pyxel_bubbles"":""games/pyxel/06_click_game.py"",""pyxel_platformer"":""games/pyxel/10_platformer.py"",""pyxel_shooter"":""games/pyxel/09_shooter.py""}","{""mega_wing"":""86bad6c02a303806c58137503739241dc6b1e86695f7c0dbf672b5e1a1464e9f"",""pyxel_bubbles"":""54c101e90bdaed839ac4c4284494530d5df37a5819a35f1e41eebb0b3da5d900"",""pyxel_platformer"":""1b2c75b49dc9ab0254fb4b724682a4787868814a38d2f08920720dc5b6007ac5"",""pyxel_shooter"":""0f53e4156907eac41080a8f289e22c89365b3239517c754cf59a51af201d5563""}",1c81df63f968b37909ca2de1e33b37e51053d9bcb4e440a1062caf90e27ac148
2,37,formal-highfps-v1__colocation__daylight+pyxel_jump+pyxel_shooter__r01,formal-highfps-v1,colocation-main,train,colocation,"[""daylight"",""pyxel_jump"",""pyxel_shooter""]",daylight,"[""pyxel_jump"",""pyxel_shooter""]",daylight+pyxel_jump+pyxel_shooter,daylight+pyxel_jump+pyxel_shooter__r01,,,,1,1241517636271496513,10,30,1,10,windows-rtx4060,0,0,grid_2x2,true,80,057fabc1d66b32acf1ad702c264f6243a8e4c6fd5858eefea40153d124f4f0a3,b2f42d80ffebc10a43999056ff5c1814b8e87fd7,data/raw/formal-highfps-v1/formal-highfps-v1__colocation__daylight+pyxel_jump+pyxel_shooter__r01,"{""daylight"":""games/pyxel/apps-src/30SecondsOfDaylight/src/main.py"",""pyxel_jump"":""games/pyxel/02_jump_game.py"",""pyxel_shooter"":""games/pyxel/09_shooter.py""}","{""daylight"":""21a365375249e9d7ea05e78dcfe040f09cc1f0c66bd410bae084190c743a028f"",""pyxel_jump"":""4743a825f1c9cae7e049ac52115f4ecf83350db546c00745a54af187d7bc2e46"",""pyxel_shooter"":""0f53e4156907eac41080a8f289e22c89365b3239517c754cf59a51af201d5563""}",ae495855b09dae160a80312c05576afcae5c1e6398b0965e17964f282c624896
2,38,formal-highfps-v1__colocation__pyxel_bubbles+pyxel_snake+space_rescue__r02,formal-highfps-v1,colocation-main,train,colocation,"[""pyxel_bubbles"",""pyxel_snake"",""space_rescue""]",pyxel_bubbles,"[""pyxel_snake"",""space_rescue""]",pyxel_bubbles+pyxel_snake+space_rescue,pyxel_bubbles+pyxel_snake+space_rescue__r02,,,,2,843203424084328921,10,30,1,10,windows-rtx4060,0,0,grid_2x2,true,80,057fabc1d66b32acf1ad702c264f6243a8e4c6fd5858eefea40153d124f4f0a3,b2f42d80ffebc10a43999056ff5c1814b8e87fd7,data/raw/formal-highfps-v1/formal-highfps-v1__colocation__pyxel_bubbles+pyxel_snake+space_rescue__r02,"{""pyxel_bubbles"":""games/pyxel/06_click_game.py"",""pyxel_snake"":""games/pyxel/07_snake.py"",""space_rescue"":""games/pyxel/apps-src/space_rescue/space_rescue.py""}","{""pyxel_bubbles"":""54c101e90bdaed839ac4c4284494530d5df37a5819a35f1e41eebb0b3da5d900"",""pyxel_snake"":""bc533fef92d1d358e570f69d979919fe5c1cd8c4da49841104b49a1e661a5ac3"",""space_rescue"":""f3b0ab6784ae558e64f06a3f0a704e53f107a130aa3d43357659d0850131e461""}",6923c21e02cc89008118166e5d37534b861561ae0887b648e811a069fdbb5b90
2,39,formal-highfps-v1__solo__daylight__r02,formal-highfps-v1,solo,not_applicable,solo,"[""daylight""]",daylight,[],,,,,,2,16533069033604845672,10,30,1,10,windows-rtx4060,0,0,grid_2x2,true,80,057fabc1d66b32acf1ad702c264f6243a8e4c6fd5858eefea40153d124f4f0a3,b2f42d80ffebc10a43999056ff5c1814b8e87fd7,data/raw/formal-highfps-v1/formal-highfps-v1__solo__daylight__r02,"{""daylight"":""games/pyxel/apps-src/30SecondsOfDaylight/src/main.py""}","{""daylight"":""21a365375249e9d7ea05e78dcfe040f09cc1f0c66bd410bae084190c743a028f""}",5cc6c68155b0f8c1e1792911f7a77999051e4a6922d71373a2840a0fe65e3890
2,40,formal-highfps-v1__colocation__daylight+pyxel_jump+pyxel_shooter__r03,formal-highfps-v1,colocation-main,train,colocation,"[""daylight"",""pyxel_jump"",""pyxel_shooter""]",daylight,"[""pyxel_jump"",""pyxel_shooter""]",daylight+pyxel_jump+pyxel_shooter,daylight+pyxel_jump+pyxel_shooter__r03,,,,3,9575953382854801708,10,30,1,10,windows-rtx4060,0,0,grid_2x2,true,80,057fabc1d66b32acf1ad702c264f6243a8e4c6fd5858eefea40153d124f4f0a3,b2f42d80ffebc10a43999056ff5c1814b8e87fd7,data/raw/formal-highfps-v1/formal-highfps-v1__colocation__daylight+pyxel_jump+pyxel_shooter__r03,"{""daylight"":""games/pyxel/apps-src/30SecondsOfDaylight/src/main.py"",""pyxel_jump"":""games/pyxel/02_jump_game.py"",""pyxel_shooter"":""games/pyxel/09_shooter.py""}","{""daylight"":""21a365375249e9d7ea05e78dcfe040f09cc1f0c66bd410bae084190c743a028f"",""pyxel_jump"":""4743a825f1c9cae7e049ac52115f4ecf83350db546c00745a54af187d7bc2e46"",""pyxel_shooter"":""0f53e4156907eac41080a8f289e22c89365b3239517c754cf59a51af201d5563""}",3c7a4b5a37202d842beaf4c1cd0ad70b65770434971033690a96f374bfa8a5e2
2,41,formal-highfps-v1__extra__pyxel_bubbles+pyxel_jump+pyxel_shooter+pyxel_snake__r03,formal-highfps-v1,colocation-extra-test,extra_test,extra_test,"[""pyxel_bubbles"",""pyxel_jump"",""pyxel_shooter"",""pyxel_snake""]",pyxel_bubbles,"[""pyxel_jump"",""pyxel_shooter"",""pyxel_snake""]",pyxel_bubbles+pyxel_jump+pyxel_shooter+pyxel_snake,pyxel_bubbles+pyxel_jump+pyxel_shooter+pyxel_snake__r03,,,,3,9007439181799404875,10,30,1,10,windows-rtx4060,0,0,grid_2x2,true,80,057fabc1d66b32acf1ad702c264f6243a8e4c6fd5858eefea40153d124f4f0a3,b2f42d80ffebc10a43999056ff5c1814b8e87fd7,data/raw/formal-highfps-v1/formal-highfps-v1__extra__pyxel_bubbles+pyxel_jump+pyxel_shooter+pyxel_snake__r03,"{""pyxel_bubbles"":""games/pyxel/06_click_game.py"",""pyxel_jump"":""games/pyxel/02_jump_game.py"",""pyxel_shooter"":""games/pyxel/09_shooter.py"",""pyxel_snake"":""games/pyxel/07_snake.py""}","{""pyxel_bubbles"":""54c101e90bdaed839ac4c4284494530d5df37a5819a35f1e41eebb0b3da5d900"",""pyxel_jump"":""4743a825f1c9cae7e049ac52115f4ecf83350db546c00745a54af187d7bc2e46"",""pyxel_shooter"":""0f53e4156907eac41080a8f289e22c89365b3239517c754cf59a51af201d5563"",""pyxel_snake"":""bc533fef92d1d358e570f69d979919fe5c1cd8c4da49841104b49a1e661a5ac3""}",0d6adab741cfa429d9b60ec0791bbc3ead9a4b2a8434d03ae1f85528b74809c9
2,42,formal-highfps-v1__extra__daylight+mega_wing+pyxel_bubbles+pyxel_snake__r03,formal-highfps-v1,colocation-extra-test,extra_test,extra_test,"[""daylight"",""mega_wing"",""pyxel_bubbles"",""pyxel_snake""]",daylight,"[""mega_wing"",""pyxel_bubbles"",""pyxel_snake""]",daylight+mega_wing+pyxel_bubbles+pyxel_snake,daylight+mega_wing+pyxel_bubbles+pyxel_snake__r03,,,,3,8849750027729184624,10,30,1,10,windows-rtx4060,0,0,grid_2x2,true,80,057fabc1d66b32acf1ad702c264f6243a8e4c6fd5858eefea40153d124f4f0a3,b2f42d80ffebc10a43999056ff5c1814b8e87fd7,data/raw/formal-highfps-v1/formal-highfps-v1__extra__daylight+mega_wing+pyxel_bubbles+pyxel_snake__r03,"{""daylight"":""games/pyxel/apps-src/30SecondsOfDaylight/src/main.py"",""mega_wing"":""games/pyxel/apps-src/mega_wing/mega_wing.py"",""pyxel_bubbles"":""games/pyxel/06_click_game.py"",""pyxel_snake"":""games/pyxel/07_snake.py""}","{""daylight"":""21a365375249e9d7ea05e78dcfe040f09cc1f0c66bd410bae084190c743a028f"",""mega_wing"":""86bad6c02a303806c58137503739241dc6b1e86695f7c0dbf672b5e1a1464e9f"",""pyxel_bubbles"":""54c101e90bdaed839ac4c4284494530d5df37a5819a35f1e41eebb0b3da5d900"",""pyxel_snake"":""bc533fef92d1d358e570f69d979919fe5c1cd8c4da49841104b49a1e661a5ac3""}",f78eb0ddab5f051cf9ec700c87849d6d6e702ae64f45fa83cece9d74fda6f943
2,43,formal-highfps-v1__colocation__pyxel_bubbles+pyxel_jump__r03,formal-highfps-v1,colocation-main,train,colocation,"[""pyxel_bubbles"",""pyxel_jump""]",pyxel_bubbles,"[""pyxel_jump""]",pyxel_bubbles+pyxel_jump,pyxel_bubbles+pyxel_jump__r03,,,,3,15951009516146925294,10,30,1,10,windows-rtx4060,0,0,grid_2x2,true,80,057fabc1d66b32acf1ad702c264f6243a8e4c6fd5858eefea40153d124f4f0a3,b2f42d80ffebc10a43999056ff5c1814b8e87fd7,data/raw/formal-highfps-v1/formal-highfps-v1__colocation__pyxel_bubbles+pyxel_jump__r03,"{""pyxel_bubbles"":""games/pyxel/06_click_game.py"",""pyxel_jump"":""games/pyxel/02_jump_game.py""}","{""pyxel_bubbles"":""54c101e90bdaed839ac4c4284494530d5df37a5819a35f1e41eebb0b3da5d900"",""pyxel_jump"":""4743a825f1c9cae7e049ac52115f4ecf83350db546c00745a54af187d7bc2e46""}",bb4e9e3dbc8a59f481867cf4190aed7ea25788bbc62a9f272e270f770afd2ae8
2,44,formal-highfps-v1__colocation__pyxel_shooter+pyxel_snake__r02,formal-highfps-v1,colocation-main,train,colocation,"[""pyxel_shooter"",""pyxel_snake""]",pyxel_shooter,"[""pyxel_snake""]",pyxel_shooter+pyxel_snake,pyxel_shooter+pyxel_snake__r02,,,,2,10785529920502355013,10,30,1,10,windows-rtx4060,0,0,grid_2x2,true,80,057fabc1d66b32acf1ad702c264f6243a8e4c6fd5858eefea40153d124f4f0a3,b2f42d80ffebc10a43999056ff5c1814b8e87fd7,data/raw/formal-highfps-v1/formal-highfps-v1__colocation__pyxel_shooter+pyxel_snake__r02,"{""pyxel_shooter"":""games/pyxel/09_shooter.py"",""pyxel_snake"":""games/pyxel/07_snake.py""}","{""pyxel_shooter"":""0f53e4156907eac41080a8f289e22c89365b3239517c754cf59a51af201d5563"",""pyxel_snake"":""bc533fef92d1d358e570f69d979919fe5c1cd8c4da49841104b49a1e661a5ac3""}",3210dd778b3d45de5d1d596939c2e8de174b0fc337051b07e2844c68491239e2
2,45,formal-highfps-v1__colocation__daylight+space_rescue__r01,formal-highfps-v1,colocation-main,test,colocation,"[""daylight"",""space_rescue""]",daylight,"[""space_rescue""]",daylight+space_rescue,daylight+space_rescue__r01,,,,1,17465217366096432256,10,30,1,10,windows-rtx4060,0,0,grid_2x2,true,80,057fabc1d66b32acf1ad702c264f6243a8e4c6fd5858eefea40153d124f4f0a3,b2f42d80ffebc10a43999056ff5c1814b8e87fd7,data/raw/formal-highfps-v1/formal-highfps-v1__colocation__daylight+space_rescue__r01,"{""daylight"":""games/pyxel/apps-src/30SecondsOfDaylight/src/main.py"",""space_rescue"":""games/pyxel/apps-src/space_rescue/space_rescue.py""}","{""daylight"":""21a365375249e9d7ea05e78dcfe040f09cc1f0c66bd410bae084190c743a028f"",""space_rescue"":""f3b0ab6784ae558e64f06a3f0a704e53f107a130aa3d43357659d0850131e461""}",e1f9963bdbee0a1e335de993c097ad7ad4a63088b95c8ad10f0ceb4dc7e85db3
2,46,formal-highfps-v1__colocation__mega_wing+pyxel_jump+pyxel_platformer__r02,formal-highfps-v1,colocation-main,train,colocation,"[""mega_wing"",""pyxel_jump"",""pyxel_platformer""]",mega_wing,"[""pyxel_jump"",""pyxel_platformer""]",mega_wing+pyxel_jump+pyxel_platformer,mega_wing+pyxel_jump+pyxel_platformer__r02,,,,2,7103667109493370920,10,30,1,10,windows-rtx4060,0,0,grid_2x2,true,80,057fabc1d66b32acf1ad702c264f6243a8e4c6fd5858eefea40153d124f4f0a3,b2f42d80ffebc10a43999056ff5c1814b8e87fd7,data/raw/formal-highfps-v1/formal-highfps-v1__colocation__mega_wing+pyxel_jump+pyxel_platformer__r02,"{""mega_wing"":""games/pyxel/apps-src/mega_wing/mega_wing.py"",""pyxel_jump"":""games/pyxel/02_jump_game.py"",""pyxel_platformer"":""games/pyxel/10_platformer.py""}","{""mega_wing"":""86bad6c02a303806c58137503739241dc6b1e86695f7c0dbf672b5e1a1464e9f"",""pyxel_jump"":""4743a825f1c9cae7e049ac52115f4ecf83350db546c00745a54af187d7bc2e46"",""pyxel_platformer"":""1b2c75b49dc9ab0254fb4b724682a4787868814a38d2f08920720dc5b6007ac5""}",735c84fcb4108f3861416e3f3266bec2928088240747c3c0d30aa966008e82f8
2,47,formal-highfps-v1__colocation__daylight+pyxel_bubbles__r02,formal-highfps-v1,colocation-main,validation,colocation,"[""daylight"",""pyxel_bubbles""]",daylight,"[""pyxel_bubbles""]",daylight+pyxel_bubbles,daylight+pyxel_bubbles__r02,,,,2,10777077298818543837,10,30,1,10,windows-rtx4060,0,0,grid_2x2,true,80,057fabc1d66b32acf1ad702c264f6243a8e4c6fd5858eefea40153d124f4f0a3,b2f42d80ffebc10a43999056ff5c1814b8e87fd7,data/raw/formal-highfps-v1/formal-highfps-v1__colocation__daylight+pyxel_bubbles__r02,"{""daylight"":""games/pyxel/apps-src/30SecondsOfDaylight/src/main.py"",""pyxel_bubbles"":""games/pyxel/06_click_game.py""}","{""daylight"":""21a365375249e9d7ea05e78dcfe040f09cc1f0c66bd410bae084190c743a028f"",""pyxel_bubbles"":""54c101e90bdaed839ac4c4284494530d5df37a5819a35f1e41eebb0b3da5d900""}",b722daff08d60ef1b0be12127f378220a9a66b20514d97bc8d02ace1ede6a139
2,48,formal-highfps-v1__colocation__daylight+mega_wing__r03,formal-highfps-v1,colocation-main,test,colocation,"[""daylight"",""mega_wing""]",daylight,"[""mega_wing""]",daylight+mega_wing,daylight+mega_wing__r03,,,,3,5803397515155226020,10,30,1,10,windows-rtx4060,0,0,grid_2x2,true,80,057fabc1d66b32acf1ad702c264f6243a8e4c6fd5858eefea40153d124f4f0a3,b2f42d80ffebc10a43999056ff5c1814b8e87fd7,data/raw/formal-highfps-v1/formal-highfps-v1__colocation__daylight+mega_wing__r03,"{""daylight"":""games/pyxel/apps-src/30SecondsOfDaylight/src/main.py"",""mega_wing"":""games/pyxel/apps-src/mega_wing/mega_wing.py""}","{""daylight"":""21a365375249e9d7ea05e78dcfe040f09cc1f0c66bd410bae084190c743a028f"",""mega_wing"":""86bad6c02a303806c58137503739241dc6b1e86695f7c0dbf672b5e1a1464e9f""}",620715b0df5dc74678c70885119fa53de8393ffc65ea212b5666396c91300745
2,49,formal-highfps-v1__extra__daylight+pyxel_bubbles+pyxel_jump+pyxel_platformer__r03,formal-highfps-v1,colocation-extra-test,extra_test,extra_test,"[""daylight"",""pyxel_bubbles"",""pyxel_jump"",""pyxel_platformer""]",daylight,"[""pyxel_bubbles"",""pyxel_jump"",""pyxel_platformer""]",daylight+pyxel_bubbles+pyxel_jump+pyxel_platformer,daylight+pyxel_bubbles+pyxel_jump+pyxel_platformer__r03,,,,3,11592946096852787606,10,30,1,10,windows-rtx4060,0,0,grid_2x2,true,80,057fabc1d66b32acf1ad702c264f6243a8e4c6fd5858eefea40153d124f4f0a3,b2f42d80ffebc10a43999056ff5c1814b8e87fd7,data/raw/formal-highfps-v1/formal-highfps-v1__extra__daylight+pyxel_bubbles+pyxel_jump+pyxel_platformer__r03,"{""daylight"":""games/pyxel/apps-src/30SecondsOfDaylight/src/main.py"",""pyxel_bubbles"":""games/pyxel/06_click_game.py"",""pyxel_jump"":""games/pyxel/02_jump_game.py"",""pyxel_platformer"":""games/pyxel/10_platformer.py""}","{""daylight"":""21a365375249e9d7ea05e78dcfe040f09cc1f0c66bd410bae084190c743a028f"",""pyxel_bubbles"":""54c101e90bdaed839ac4c4284494530d5df37a5819a35f1e41eebb0b3da5d900"",""pyxel_jump"":""4743a825f1c9cae7e049ac52115f4ecf83350db546c00745a54af187d7bc2e46"",""pyxel_platformer"":""1b2c75b49dc9ab0254fb4b724682a4787868814a38d2f08920720dc5b6007ac5""}",3d2cd386b88365add33228b0565c1f21982e0070aacc86d211cfe55710c8a940
2,50,formal-highfps-v1__colocation__pyxel_bubbles+pyxel_shooter__r02,formal-highfps-v1,colocation-main,train,colocation,"[""pyxel_bubbles"",""pyxel_shooter""]",pyxel_bubbles,"[""pyxel_shooter""]",pyxel_bubbles+pyxel_shooter,pyxel_bubbles+pyxel_shooter__r02,,,,2,9170896173043008947,10,30,1,10,windows-rtx4060,0,0,grid_2x2,true,80,057fabc1d66b32acf1ad702c264f6243a8e4c6fd5858eefea40153d124f4f0a3,b2f42d80ffebc10a43999056ff5c1814b8e87fd7,data/raw/formal-highfps-v1/formal-highfps-v1__colocation__pyxel_bubbles+pyxel_shooter__r02,"{""pyxel_bubbles"":""games/pyxel/06_click_game.py"",""pyxel_shooter"":""games/pyxel/09_shooter.py""}","{""pyxel_bubbles"":""54c101e90bdaed839ac4c4284494530d5df37a5819a35f1e41eebb0b3da5d900"",""pyxel_shooter"":""0f53e4156907eac41080a8f289e22c89365b3239517c754cf59a51af201d5563""}",43adea0b9756b2941194bdcae416d6aaee459c1059036b6832a89200c599c908
2,51,formal-highfps-v1__colocation__pyxel_bubbles+pyxel_jump+pyxel_platformer__r02,formal-highfps-v1,colocation-main,train,colocation,"[""pyxel_bubbles"",""pyxel_jump"",""pyxel_platformer""]",pyxel_bubbles,"[""pyxel_jump"",""pyxel_platformer""]",pyxel_bubbles+pyxel_jump+pyxel_platformer,pyxel_bubbles+pyxel_jump+pyxel_platformer__r02,,,,2,13936887509654102309,10,30,1,10,windows-rtx4060,0,0,grid_2x2,true,80,057fabc1d66b32acf1ad702c264f6243a8e4c6fd5858eefea40153d124f4f0a3,b2f42d80ffebc10a43999056ff5c1814b8e87fd7,data/raw/formal-highfps-v1/formal-highfps-v1__colocation__pyxel_bubbles+pyxel_jump+pyxel_platformer__r02,"{""pyxel_bubbles"":""games/pyxel/06_click_game.py"",""pyxel_jump"":""games/pyxel/02_jump_game.py"",""pyxel_platformer"":""games/pyxel/10_platformer.py""}","{""pyxel_bubbles"":""54c101e90bdaed839ac4c4284494530d5df37a5819a35f1e41eebb0b3da5d900"",""pyxel_jump"":""4743a825f1c9cae7e049ac52115f4ecf83350db546c00745a54af187d7bc2e46"",""pyxel_platformer"":""1b2c75b49dc9ab0254fb4b724682a4787868814a38d2f08920720dc5b6007ac5""}",66aed3d6e6bd44012f45291486b565ad35550cc125fa1a1dc45d6584d18eea81
2,52,formal-highfps-v1__colocation__mega_wing+pyxel_snake__r03,formal-highfps-v1,colocation-main,train,colocation,"[""mega_wing"",""pyxel_snake""]",mega_wing,"[""pyxel_snake""]",mega_wing+pyxel_snake,mega_wing+pyxel_snake__r03,,,,3,16135326234349536714,10,30,1,10,windows-rtx4060,0,0,grid_2x2,true,80,057fabc1d66b32acf1ad702c264f6243a8e4c6fd5858eefea40153d124f4f0a3,b2f42d80ffebc10a43999056ff5c1814b8e87fd7,data/raw/formal-highfps-v1/formal-highfps-v1__colocation__mega_wing+pyxel_snake__r03,"{""mega_wing"":""games/pyxel/apps-src/mega_wing/mega_wing.py"",""pyxel_snake"":""games/pyxel/07_snake.py""}","{""mega_wing"":""86bad6c02a303806c58137503739241dc6b1e86695f7c0dbf672b5e1a1464e9f"",""pyxel_snake"":""bc533fef92d1d358e570f69d979919fe5c1cd8c4da49841104b49a1e661a5ac3""}",3705a2ab849be5244398ccc65344896f2cf5e2f3ae7afc841600514118617f66
2,53,formal-highfps-v1__colocation__pyxel_bubbles+pyxel_jump__r01,formal-highfps-v1,colocation-main,train,colocation,"[""pyxel_bubbles"",""pyxel_jump""]",pyxel_bubbles,"[""pyxel_jump""]",pyxel_bubbles+pyxel_jump,pyxel_bubbles+pyxel_jump__r01,,,,1,15330020178810135891,10,30,1,10,windows-rtx4060,0,0,grid_2x2,true,80,057fabc1d66b32acf1ad702c264f6243a8e4c6fd5858eefea40153d124f4f0a3,b2f42d80ffebc10a43999056ff5c1814b8e87fd7,data/raw/formal-highfps-v1/formal-highfps-v1__colocation__pyxel_bubbles+pyxel_jump__r01,"{""pyxel_bubbles"":""games/pyxel/06_click_game.py"",""pyxel_jump"":""games/pyxel/02_jump_game.py""}","{""pyxel_bubbles"":""54c101e90bdaed839ac4c4284494530d5df37a5819a35f1e41eebb0b3da5d900"",""pyxel_jump"":""4743a825f1c9cae7e049ac52115f4ecf83350db546c00745a54af187d7bc2e46""}",9c8e441e2e0158c992b2768630b49c245b0c42b4c3ab9ec1ece2d7d7fcb0269f
2,54,formal-highfps-v1__colocation__mega_wing+pyxel_jump__r02,formal-highfps-v1,colocation-main,test,colocation,"[""mega_wing"",""pyxel_jump""]",mega_wing,"[""pyxel_jump""]",mega_wing+pyxel_jump,mega_wing+pyxel_jump__r02,,,,2,7124216624875434605,10,30,1,10,windows-rtx4060,0,0,grid_2x2,true,80,057fabc1d66b32acf1ad702c264f6243a8e4c6fd5858eefea40153d124f4f0a3,b2f42d80ffebc10a43999056ff5c1814b8e87fd7,data/raw/formal-highfps-v1/formal-highfps-v1__colocation__mega_wing+pyxel_jump__r02,"{""mega_wing"":""games/pyxel/apps-src/mega_wing/mega_wing.py"",""pyxel_jump"":""games/pyxel/02_jump_game.py""}","{""mega_wing"":""86bad6c02a303806c58137503739241dc6b1e86695f7c0dbf672b5e1a1464e9f"",""pyxel_jump"":""4743a825f1c9cae7e049ac52115f4ecf83350db546c00745a54af187d7bc2e46""}",d143996f215fbf44638eee910df0e78aec7639a2a98be841674fed018f5df510
2,55,formal-highfps-v1__extra__daylight+pyxel_platformer+pyxel_shooter+pyxel_snake__r02,formal-highfps-v1,colocation-extra-test,extra_test,extra_test,"[""daylight"",""pyxel_platformer"",""pyxel_shooter"",""pyxel_snake""]",daylight,"[""pyxel_platformer"",""pyxel_shooter"",""pyxel_snake""]",daylight+pyxel_platformer+pyxel_shooter+pyxel_snake,daylight+pyxel_platformer+pyxel_shooter+pyxel_snake__r02,,,,2,3906944403983349564,10,30,1,10,windows-rtx4060,0,0,grid_2x2,true,80,057fabc1d66b32acf1ad702c264f6243a8e4c6fd5858eefea40153d124f4f0a3,b2f42d80ffebc10a43999056ff5c1814b8e87fd7,data/raw/formal-highfps-v1/formal-highfps-v1__extra__daylight+pyxel_platformer+pyxel_shooter+pyxel_snake__r02,"{""daylight"":""games/pyxel/apps-src/30SecondsOfDaylight/src/main.py"",""pyxel_platformer"":""games/pyxel/10_platformer.py"",""pyxel_shooter"":""games/pyxel/09_shooter.py"",""pyxel_snake"":""games/pyxel/07_snake.py""}","{""daylight"":""21a365375249e9d7ea05e78dcfe040f09cc1f0c66bd410bae084190c743a028f"",""pyxel_platformer"":""1b2c75b49dc9ab0254fb4b724682a4787868814a38d2f08920720dc5b6007ac5"",""pyxel_shooter"":""0f53e4156907eac41080a8f289e22c89365b3239517c754cf59a51af201d5563"",""pyxel_snake"":""bc533fef92d1d358e570f69d979919fe5c1cd8c4da49841104b49a1e661a5ac3""}",530d8747d603f4c729e817f1e4e0e84c506bff7a39a7b47bf3f07e0c4e032194
2,56,formal-highfps-v1__solo__space_rescue__r01,formal-highfps-v1,solo,not_applicable,solo,"[""space_rescue""]",space_rescue,[],,,,,,1,9627262142379762492,10,30,1,10,windows-rtx4060,0,0,grid_2x2,true,80,057fabc1d66b32acf1ad702c264f6243a8e4c6fd5858eefea40153d124f4f0a3,b2f42d80ffebc10a43999056ff5c1814b8e87fd7,data/raw/formal-highfps-v1/formal-highfps-v1__solo__space_rescue__r01,"{""space_rescue"":""games/pyxel/apps-src/space_rescue/space_rescue.py""}","{""space_rescue"":""f3b0ab6784ae558e64f06a3f0a704e53f107a130aa3d43357659d0850131e461""}",532514e774639337668a63bc932d3f8c6f8525ff0875206e97f04cd315acf0ef
2,57,formal-highfps-v1__colocation__mega_wing+pyxel_platformer+space_rescue__r01,formal-highfps-v1,colocation-main,train,colocation,"[""mega_wing"",""pyxel_platformer"",""space_rescue""]",mega_wing,"[""pyxel_platformer"",""space_rescue""]",mega_wing+pyxel_platformer+space_rescue,mega_wing+pyxel_platformer+space_rescue__r01,,,,1,14177532899396249871,10,30,1,10,windows-rtx4060,0,0,grid_2x2,true,80,057fabc1d66b32acf1ad702c264f6243a8e4c6fd5858eefea40153d124f4f0a3,b2f42d80ffebc10a43999056ff5c1814b8e87fd7,data/raw/formal-highfps-v1/formal-highfps-v1__colocation__mega_wing+pyxel_platformer+space_rescue__r01,"{""mega_wing"":""games/pyxel/apps-src/mega_wing/mega_wing.py"",""pyxel_platformer"":""games/pyxel/10_platformer.py"",""space_rescue"":""games/pyxel/apps-src/space_rescue/space_rescue.py""}","{""mega_wing"":""86bad6c02a303806c58137503739241dc6b1e86695f7c0dbf672b5e1a1464e9f"",""pyxel_platformer"":""1b2c75b49dc9ab0254fb4b724682a4787868814a38d2f08920720dc5b6007ac5"",""space_rescue"":""f3b0ab6784ae558e64f06a3f0a704e53f107a130aa3d43357659d0850131e461""}",ad676b7b58322c905b74ccdcaaf87593d6d558b7a04b23b0a7102a3dc2cb4811
2,58,formal-highfps-v1__colocation__pyxel_bubbles+pyxel_jump__r02,formal-highfps-v1,colocation-main,train,colocation,"[""pyxel_bubbles"",""pyxel_jump""]",pyxel_bubbles,"[""pyxel_jump""]",pyxel_bubbles+pyxel_jump,pyxel_bubbles+pyxel_jump__r02,,,,2,4855025473587185934,10,30,1,10,windows-rtx4060,0,0,grid_2x2,true,80,057fabc1d66b32acf1ad702c264f6243a8e4c6fd5858eefea40153d124f4f0a3,b2f42d80ffebc10a43999056ff5c1814b8e87fd7,data/raw/formal-highfps-v1/formal-highfps-v1__colocation__pyxel_bubbles+pyxel_jump__r02,"{""pyxel_bubbles"":""games/pyxel/06_click_game.py"",""pyxel_jump"":""games/pyxel/02_jump_game.py""}","{""pyxel_bubbles"":""54c101e90bdaed839ac4c4284494530d5df37a5819a35f1e41eebb0b3da5d900"",""pyxel_jump"":""4743a825f1c9cae7e049ac52115f4ecf83350db546c00745a54af187d7bc2e46""}",66d31db1e9f0172c631f4abbd844a300c7352c506e85bc48c8bb9cfd8b47633e
2,59,formal-highfps-v1__colocation__pyxel_shooter+pyxel_snake__r03,formal-highfps-v1,colocation-main,train,colocation,"[""pyxel_shooter"",""pyxel_snake""]",pyxel_shooter,"[""pyxel_snake""]",pyxel_shooter+pyxel_snake,pyxel_shooter+pyxel_snake__r03,,,,3,5833663211782969573,10,30,1,10,windows-rtx4060,0,0,grid_2x2,true,80,057fabc1d66b32acf1ad702c264f6243a8e4c6fd5858eefea40153d124f4f0a3,b2f42d80ffebc10a43999056ff5c1814b8e87fd7,data/raw/formal-highfps-v1/formal-highfps-v1__colocation__pyxel_shooter+pyxel_snake__r03,"{""pyxel_shooter"":""games/pyxel/09_shooter.py"",""pyxel_snake"":""games/pyxel/07_snake.py""}","{""pyxel_shooter"":""0f53e4156907eac41080a8f289e22c89365b3239517c754cf59a51af201d5563"",""pyxel_snake"":""bc533fef92d1d358e570f69d979919fe5c1cd8c4da49841104b49a1e661a5ac3""}",93f87f4c1ed1281f66a41af6fe8df2996286a706e6f29d98145936cf4984f6a5
2,60,formal-highfps-v1__colocation__mega_wing+pyxel_bubbles+pyxel_shooter__r02,formal-highfps-v1,colocation-main,train,colocation,"[""mega_wing"",""pyxel_bubbles"",""pyxel_shooter""]",mega_wing,"[""pyxel_bubbles"",""pyxel_shooter""]",mega_wing+pyxel_bubbles+pyxel_shooter,mega_wing+pyxel_bubbles+pyxel_shooter__r02,,,,2,17145521271227757646,10,30,1,10,windows-rtx4060,0,0,grid_2x2,true,80,057fabc1d66b32acf1ad702c264f6243a8e4c6fd5858eefea40153d124f4f0a3,b2f42d80ffebc10a43999056ff5c1814b8e87fd7,data/raw/formal-highfps-v1/formal-highfps-v1__colocation__mega_wing+pyxel_bubbles+pyxel_shooter__r02,"{""mega_wing"":""games/pyxel/apps-src/mega_wing/mega_wing.py"",""pyxel_bubbles"":""games/pyxel/06_click_game.py"",""pyxel_shooter"":""games/pyxel/09_shooter.py""}","{""mega_wing"":""86bad6c02a303806c58137503739241dc6b1e86695f7c0dbf672b5e1a1464e9f"",""pyxel_bubbles"":""54c101e90bdaed839ac4c4284494530d5df37a5819a35f1e41eebb0b3da5d900"",""pyxel_shooter"":""0f53e4156907eac41080a8f289e22c89365b3239517c754cf59a51af201d5563""}",587854289168de7348b03138fb1226fa9be5da5b01eae3b3b22bb4c97aeaae4b
2,61,formal-highfps-v1__colocation__mega_wing+pyxel_platformer+space_rescue__r03,formal-highfps-v1,colocation-main,train,colocation,"[""mega_wing"",""pyxel_platformer"",""space_rescue""]",mega_wing,"[""pyxel_platformer"",""space_rescue""]",mega_wing+pyxel_platformer+space_rescue,mega_wing+pyxel_platformer+space_rescue__r03,,,,3,7256825349866931314,10,30,1,10,windows-rtx4060,0,0,grid_2x2,true,80,057fabc1d66b32acf1ad702c264f6243a8e4c6fd5858eefea40153d124f4f0a3,b2f42d80ffebc10a43999056ff5c1814b8e87fd7,data/raw/formal-highfps-v1/formal-highfps-v1__colocation__mega_wing+pyxel_platformer+space_rescue__r03,"{""mega_wing"":""games/pyxel/apps-src/mega_wing/mega_wing.py"",""pyxel_platformer"":""games/pyxel/10_platformer.py"",""space_rescue"":""games/pyxel/apps-src/space_rescue/space_rescue.py""}","{""mega_wing"":""86bad6c02a303806c58137503739241dc6b1e86695f7c0dbf672b5e1a1464e9f"",""pyxel_platformer"":""1b2c75b49dc9ab0254fb4b724682a4787868814a38d2f08920720dc5b6007ac5"",""space_rescue"":""f3b0ab6784ae558e64f06a3f0a704e53f107a130aa3d43357659d0850131e461""}",74d1f387cd93d6ed51b578d099aa3c77882f85935c4f22e1d47b4b3393d6c23f
2,62,formal-highfps-v1__colocation__daylight+mega_wing+pyxel_snake__r01,formal-highfps-v1,colocation-main,train,colocation,"[""daylight"",""mega_wing"",""pyxel_snake""]",daylight,"[""mega_wing"",""pyxel_snake""]",daylight+mega_wing+pyxel_snake,daylight+mega_wing+pyxel_snake__r01,,,,1,3683215363547589313,10,30,1,10,windows-rtx4060,0,0,grid_2x2,true,80,057fabc1d66b32acf1ad702c264f6243a8e4c6fd5858eefea40153d124f4f0a3,b2f42d80ffebc10a43999056ff5c1814b8e87fd7,data/raw/formal-highfps-v1/formal-highfps-v1__colocation__daylight+mega_wing+pyxel_snake__r01,"{""daylight"":""games/pyxel/apps-src/30SecondsOfDaylight/src/main.py"",""mega_wing"":""games/pyxel/apps-src/mega_wing/mega_wing.py"",""pyxel_snake"":""games/pyxel/07_snake.py""}","{""daylight"":""21a365375249e9d7ea05e78dcfe040f09cc1f0c66bd410bae084190c743a028f"",""mega_wing"":""86bad6c02a303806c58137503739241dc6b1e86695f7c0dbf672b5e1a1464e9f"",""pyxel_snake"":""bc533fef92d1d358e570f69d979919fe5c1cd8c4da49841104b49a1e661a5ac3""}",b210234a7ebb65a75bd87c88db3b5ddc8dd93791e49430274e3740d822a3158f
2,63,formal-highfps-v1__colocation__mega_wing+pyxel_bubbles+pyxel_shooter__r03,formal-highfps-v1,colocation-main,train,colocation,"[""mega_wing"",""pyxel_bubbles"",""pyxel_shooter""]",mega_wing,"[""pyxel_bubbles"",""pyxel_shooter""]",mega_wing+pyxel_bubbles+pyxel_shooter,mega_wing+pyxel_bubbles+pyxel_shooter__r03,,,,3,1046086840173876320,10,30,1,10,windows-rtx4060,0,0,grid_2x2,true,80,057fabc1d66b32acf1ad702c264f6243a8e4c6fd5858eefea40153d124f4f0a3,b2f42d80ffebc10a43999056ff5c1814b8e87fd7,data/raw/formal-highfps-v1/formal-highfps-v1__colocation__mega_wing+pyxel_bubbles+pyxel_shooter__r03,"{""mega_wing"":""games/pyxel/apps-src/mega_wing/mega_wing.py"",""pyxel_bubbles"":""games/pyxel/06_click_game.py"",""pyxel_shooter"":""games/pyxel/09_shooter.py""}","{""mega_wing"":""86bad6c02a303806c58137503739241dc6b1e86695f7c0dbf672b5e1a1464e9f"",""pyxel_bubbles"":""54c101e90bdaed839ac4c4284494530d5df37a5819a35f1e41eebb0b3da5d900"",""pyxel_shooter"":""0f53e4156907eac41080a8f289e22c89365b3239517c754cf59a51af201d5563""}",77ecc99c30545b87661c6f4fcf7b2ddb38f69411da44bc729be83366e0906c93
2,64,formal-highfps-v1__colocation__daylight+space_rescue__r03,formal-highfps-v1,colocation-main,test,colocation,"[""daylight"",""space_rescue""]",daylight,"[""space_rescue""]",daylight+space_rescue,daylight+space_rescue__r03,,,,3,6596288018360110466,10,30,1,10,windows-rtx4060,0,0,grid_2x2,true,80,057fabc1d66b32acf1ad702c264f6243a8e4c6fd5858eefea40153d124f4f0a3,b2f42d80ffebc10a43999056ff5c1814b8e87fd7,data/raw/formal-highfps-v1/formal-highfps-v1__colocation__daylight+space_rescue__r03,"{""daylight"":""games/pyxel/apps-src/30SecondsOfDaylight/src/main.py"",""space_rescue"":""games/pyxel/apps-src/space_rescue/space_rescue.py""}","{""daylight"":""21a365375249e9d7ea05e78dcfe040f09cc1f0c66bd410bae084190c743a028f"",""space_rescue"":""f3b0ab6784ae558e64f06a3f0a704e53f107a130aa3d43357659d0850131e461""}",99edff5c549c0b10470c58cf1c30076fb35d4d9ac134ee551c67c9c4036a06ba
2,65,formal-highfps-v1__colocation__pyxel_jump+space_rescue__r01,formal-highfps-v1,colocation-main,train,colocation,"[""pyxel_jump"",""space_rescue""]",pyxel_jump,"[""space_rescue""]",pyxel_jump+space_rescue,pyxel_jump+space_rescue__r01,,,,1,6392386723247648102,10,30,1,10,windows-rtx4060,0,0,grid_2x2,true,80,057fabc1d66b32acf1ad702c264f6243a8e4c6fd5858eefea40153d124f4f0a3,b2f42d80ffebc10a43999056ff5c1814b8e87fd7,data/raw/formal-highfps-v1/formal-highfps-v1__colocation__pyxel_jump+space_rescue__r01,"{""pyxel_jump"":""games/pyxel/02_jump_game.py"",""space_rescue"":""games/pyxel/apps-src/space_rescue/space_rescue.py""}","{""pyxel_jump"":""4743a825f1c9cae7e049ac52115f4ecf83350db546c00745a54af187d7bc2e46"",""space_rescue"":""f3b0ab6784ae558e64f06a3f0a704e53f107a130aa3d43357659d0850131e461""}",1b78137a138ec61539f3e6f4fcd9063294fe1ffed95988bfdc331c4127dfa557
2,66,formal-highfps-v1__colocation__pyxel_jump+space_rescue__r03,formal-highfps-v1,colocation-main,train,colocation,"[""pyxel_jump"",""space_rescue""]",pyxel_jump,"[""space_rescue""]",pyxel_jump+space_rescue,pyxel_jump+space_rescue__r03,,,,3,15646512563815329766,10,30,1,10,windows-rtx4060,0,0,grid_2x2,true,80,057fabc1d66b32acf1ad702c264f6243a8e4c6fd5858eefea40153d124f4f0a3,b2f42d80ffebc10a43999056ff5c1814b8e87fd7,data/raw/formal-highfps-v1/formal-highfps-v1__colocation__pyxel_jump+space_rescue__r03,"{""pyxel_jump"":""games/pyxel/02_jump_game.py"",""space_rescue"":""games/pyxel/apps-src/space_rescue/space_rescue.py""}","{""pyxel_jump"":""4743a825f1c9cae7e049ac52115f4ecf83350db546c00745a54af187d7bc2e46"",""space_rescue"":""f3b0ab6784ae558e64f06a3f0a704e53f107a130aa3d43357659d0850131e461""}",08b6e623518a9bb81a23f8533ca6a7d8a38092d42fffab04f324e169cf6d001e
2,67,formal-highfps-v1__colocation__pyxel_bubbles+space_rescue__r01,formal-highfps-v1,colocation-main,train,colocation,"[""pyxel_bubbles"",""space_rescue""]",pyxel_bubbles,"[""space_rescue""]",pyxel_bubbles+space_rescue,pyxel_bubbles+space_rescue__r01,,,,1,16246424883467677436,10,30,1,10,windows-rtx4060,0,0,grid_2x2,true,80,057fabc1d66b32acf1ad702c264f6243a8e4c6fd5858eefea40153d124f4f0a3,b2f42d80ffebc10a43999056ff5c1814b8e87fd7,data/raw/formal-highfps-v1/formal-highfps-v1__colocation__pyxel_bubbles+space_rescue__r01,"{""pyxel_bubbles"":""games/pyxel/06_click_game.py"",""space_rescue"":""games/pyxel/apps-src/space_rescue/space_rescue.py""}","{""pyxel_bubbles"":""54c101e90bdaed839ac4c4284494530d5df37a5819a35f1e41eebb0b3da5d900"",""space_rescue"":""f3b0ab6784ae558e64f06a3f0a704e53f107a130aa3d43357659d0850131e461""}",ce83de5d67764e0ec8ed12489dbd41cc0a50634b586e2a4d62f3980d5bcba64d
2,68,formal-highfps-v1__colocation__pyxel_bubbles+pyxel_jump+pyxel_snake__r01,formal-highfps-v1,colocation-main,train,colocation,"[""pyxel_bubbles"",""pyxel_jump"",""pyxel_snake""]",pyxel_bubbles,"[""pyxel_jump"",""pyxel_snake""]",pyxel_bubbles+pyxel_jump+pyxel_snake,pyxel_bubbles+pyxel_jump+pyxel_snake__r01,,,,1,10652256037132298761,10,30,1,10,windows-rtx4060,0,0,grid_2x2,true,80,057fabc1d66b32acf1ad702c264f6243a8e4c6fd5858eefea40153d124f4f0a3,b2f42d80ffebc10a43999056ff5c1814b8e87fd7,data/raw/formal-highfps-v1/formal-highfps-v1__colocation__pyxel_bubbles+pyxel_jump+pyxel_snake__r01,"{""pyxel_bubbles"":""games/pyxel/06_click_game.py"",""pyxel_jump"":""games/pyxel/02_jump_game.py"",""pyxel_snake"":""games/pyxel/07_snake.py""}","{""pyxel_bubbles"":""54c101e90bdaed839ac4c4284494530d5df37a5819a35f1e41eebb0b3da5d900"",""pyxel_jump"":""4743a825f1c9cae7e049ac52115f4ecf83350db546c00745a54af187d7bc2e46"",""pyxel_snake"":""bc533fef92d1d358e570f69d979919fe5c1cd8c4da49841104b49a1e661a5ac3""}",93c25bfdf39adce80354bdaf3d3ebfe6269a14bbe9abee951bf57560e1f15044
2,69,formal-highfps-v1__solo__pyxel_snake__r01,formal-highfps-v1,solo,not_applicable,solo,"[""pyxel_snake""]",pyxel_snake,[],,,,,,1,13632667971943617081,10,30,1,10,windows-rtx4060,0,0,grid_2x2,true,80,057fabc1d66b32acf1ad702c264f6243a8e4c6fd5858eefea40153d124f4f0a3,b2f42d80ffebc10a43999056ff5c1814b8e87fd7,data/raw/formal-highfps-v1/formal-highfps-v1__solo__pyxel_snake__r01,"{""pyxel_snake"":""games/pyxel/07_snake.py""}","{""pyxel_snake"":""bc533fef92d1d358e570f69d979919fe5c1cd8c4da49841104b49a1e661a5ac3""}",533f500d5c20e5c16c1dea1cddf05c3ba6bbec45da57efde32ef7213aaef368c
2,70,formal-highfps-v1__colocation__pyxel_bubbles+pyxel_snake__r02,formal-highfps-v1,colocation-main,test,colocation,"[""pyxel_bubbles"",""pyxel_snake""]",pyxel_bubbles,"[""pyxel_snake""]",pyxel_bubbles+pyxel_snake,pyxel_bubbles+pyxel_snake__r02,,,,2,16014323964850878645,10,30,1,10,windows-rtx4060,0,0,grid_2x2,true,80,057fabc1d66b32acf1ad702c264f6243a8e4c6fd5858eefea40153d124f4f0a3,b2f42d80ffebc10a43999056ff5c1814b8e87fd7,data/raw/formal-highfps-v1/formal-highfps-v1__colocation__pyxel_bubbles+pyxel_snake__r02,"{""pyxel_bubbles"":""games/pyxel/06_click_game.py"",""pyxel_snake"":""games/pyxel/07_snake.py""}","{""pyxel_bubbles"":""54c101e90bdaed839ac4c4284494530d5df37a5819a35f1e41eebb0b3da5d900"",""pyxel_snake"":""bc533fef92d1d358e570f69d979919fe5c1cd8c4da49841104b49a1e661a5ac3""}",8e6d3f82f38348ed0067cb671e6c4bd65c604e8da3ca80a102116caf8e5864be
2,71,formal-highfps-v1__colocation__daylight+pyxel_shooter+pyxel_snake__r02,formal-highfps-v1,colocation-main,train,colocation,"[""daylight"",""pyxel_shooter"",""pyxel_snake""]",daylight,"[""pyxel_shooter"",""pyxel_snake""]",daylight+pyxel_shooter+pyxel_snake,daylight+pyxel_shooter+pyxel_snake__r02,,,,2,16060450979115828123,10,30,1,10,windows-rtx4060,0,0,grid_2x2,true,80,057fabc1d66b32acf1ad702c264f6243a8e4c6fd5858eefea40153d124f4f0a3,b2f42d80ffebc10a43999056ff5c1814b8e87fd7,data/raw/formal-highfps-v1/formal-highfps-v1__colocation__daylight+pyxel_shooter+pyxel_snake__r02,"{""daylight"":""games/pyxel/apps-src/30SecondsOfDaylight/src/main.py"",""pyxel_shooter"":""games/pyxel/09_shooter.py"",""pyxel_snake"":""games/pyxel/07_snake.py""}","{""daylight"":""21a365375249e9d7ea05e78dcfe040f09cc1f0c66bd410bae084190c743a028f"",""pyxel_shooter"":""0f53e4156907eac41080a8f289e22c89365b3239517c754cf59a51af201d5563"",""pyxel_snake"":""bc533fef92d1d358e570f69d979919fe5c1cd8c4da49841104b49a1e661a5ac3""}",ec9d24d50a5f68cedb6c82b53ac1a0e5de1a651c626fe08f173b776ff8775bed
2,72,formal-highfps-v1__solo__pyxel_bubbles__r01,formal-highfps-v1,solo,not_applicable,solo,"[""pyxel_bubbles""]",pyxel_bubbles,[],,,,,,1,17111230279661221694,10,30,1,10,windows-rtx4060,0,0,grid_2x2,true,80,057fabc1d66b32acf1ad702c264f6243a8e4c6fd5858eefea40153d124f4f0a3,b2f42d80ffebc10a43999056ff5c1814b8e87fd7,data/raw/formal-highfps-v1/formal-highfps-v1__solo__pyxel_bubbles__r01,"{""pyxel_bubbles"":""games/pyxel/06_click_game.py""}","{""pyxel_bubbles"":""54c101e90bdaed839ac4c4284494530d5df37a5819a35f1e41eebb0b3da5d900""}",1c4432ddf97b740c9a9dcd2445996fa2c970d1ba03bae085c49346ae8233352c
2,73,formal-highfps-v1__colocation__pyxel_bubbles+pyxel_snake__r01,formal-highfps-v1,colocation-main,test,colocation,"[""pyxel_bubbles"",""pyxel_snake""]",pyxel_bubbles,"[""pyxel_snake""]",pyxel_bubbles+pyxel_snake,pyxel_bubbles+pyxel_snake__r01,,,,1,4272144397152138260,10,30,1,10,windows-rtx4060,0,0,grid_2x2,true,80,057fabc1d66b32acf1ad702c264f6243a8e4c6fd5858eefea40153d124f4f0a3,b2f42d80ffebc10a43999056ff5c1814b8e87fd7,data/raw/formal-highfps-v1/formal-highfps-v1__colocation__pyxel_bubbles+pyxel_snake__r01,"{""pyxel_bubbles"":""games/pyxel/06_click_game.py"",""pyxel_snake"":""games/pyxel/07_snake.py""}","{""pyxel_bubbles"":""54c101e90bdaed839ac4c4284494530d5df37a5819a35f1e41eebb0b3da5d900"",""pyxel_snake"":""bc533fef92d1d358e570f69d979919fe5c1cd8c4da49841104b49a1e661a5ac3""}",cffc66d8c2c5f9a17e26e0b90b285d182906514d559fabe4001f5e0e6ebbea3b
2,74,formal-highfps-v1__solo__pyxel_snake__r03,formal-highfps-v1,solo,not_applicable,solo,"[""pyxel_snake""]",pyxel_snake,[],,,,,,3,11244710782208348410,10,30,1,10,windows-rtx4060,0,0,grid_2x2,true,80,057fabc1d66b32acf1ad702c264f6243a8e4c6fd5858eefea40153d124f4f0a3,b2f42d80ffebc10a43999056ff5c1814b8e87fd7,data/raw/formal-highfps-v1/formal-highfps-v1__solo__pyxel_snake__r03,"{""pyxel_snake"":""games/pyxel/07_snake.py""}","{""pyxel_snake"":""bc533fef92d1d358e570f69d979919fe5c1cd8c4da49841104b49a1e661a5ac3""}",21baab7b048e8157a9e43b6c634555ef8c20490bf75a4d1c6107ef5aac9c9cf5
2,75,formal-highfps-v1__extra__daylight+pyxel_platformer+pyxel_shooter+pyxel_snake__r01,formal-highfps-v1,colocation-extra-test,extra_test,extra_test,"[""daylight"",""pyxel_platformer"",""pyxel_shooter"",""pyxel_snake""]",daylight,"[""pyxel_platformer"",""pyxel_shooter"",""pyxel_snake""]",daylight+pyxel_platformer+pyxel_shooter+pyxel_snake,daylight+pyxel_platformer+pyxel_shooter+pyxel_snake__r01,,,,1,16076299598703602005,10,30,1,10,windows-rtx4060,0,0,grid_2x2,true,80,057fabc1d66b32acf1ad702c264f6243a8e4c6fd5858eefea40153d124f4f0a3,b2f42d80ffebc10a43999056ff5c1814b8e87fd7,data/raw/formal-highfps-v1/formal-highfps-v1__extra__daylight+pyxel_platformer+pyxel_shooter+pyxel_snake__r01,"{""daylight"":""games/pyxel/apps-src/30SecondsOfDaylight/src/main.py"",""pyxel_platformer"":""games/pyxel/10_platformer.py"",""pyxel_shooter"":""games/pyxel/09_shooter.py"",""pyxel_snake"":""games/pyxel/07_snake.py""}","{""daylight"":""21a365375249e9d7ea05e78dcfe040f09cc1f0c66bd410bae084190c743a028f"",""pyxel_platformer"":""1b2c75b49dc9ab0254fb4b724682a4787868814a38d2f08920720dc5b6007ac5"",""pyxel_shooter"":""0f53e4156907eac41080a8f289e22c89365b3239517c754cf59a51af201d5563"",""pyxel_snake"":""bc533fef92d1d358e570f69d979919fe5c1cd8c4da49841104b49a1e661a5ac3""}",a58031fe7c5a6cf69b6fbe54475095fdf6aac080540da27a75026279c9553faa
2,76,formal-highfps-v1__colocation__daylight+pyxel_bubbles+pyxel_platformer__r01,formal-highfps-v1,colocation-main,test,colocation,"[""daylight"",""pyxel_bubbles"",""pyxel_platformer""]",daylight,"[""pyxel_bubbles"",""pyxel_platformer""]",daylight+pyxel_bubbles+pyxel_platformer,daylight+pyxel_bubbles+pyxel_platformer__r01,,,,1,12478490643540389889,10,30,1,10,windows-rtx4060,0,0,grid_2x2,true,80,057fabc1d66b32acf1ad702c264f6243a8e4c6fd5858eefea40153d124f4f0a3,b2f42d80ffebc10a43999056ff5c1814b8e87fd7,data/raw/formal-highfps-v1/formal-highfps-v1__colocation__daylight+pyxel_bubbles+pyxel_platformer__r01,"{""daylight"":""games/pyxel/apps-src/30SecondsOfDaylight/src/main.py"",""pyxel_bubbles"":""games/pyxel/06_click_game.py"",""pyxel_platformer"":""games/pyxel/10_platformer.py""}","{""daylight"":""21a365375249e9d7ea05e78dcfe040f09cc1f0c66bd410bae084190c743a028f"",""pyxel_bubbles"":""54c101e90bdaed839ac4c4284494530d5df37a5819a35f1e41eebb0b3da5d900"",""pyxel_platformer"":""1b2c75b49dc9ab0254fb4b724682a4787868814a38d2f08920720dc5b6007ac5""}",73cf58de95c989ad2c53bb245783dd933bc7219fb22b9703e2a8acea10e2e654
2,77,formal-highfps-v1__colocation__daylight+pyxel_shooter__r02,formal-highfps-v1,colocation-main,test,colocation,"[""daylight"",""pyxel_shooter""]",daylight,"[""pyxel_shooter""]",daylight+pyxel_shooter,daylight+pyxel_shooter__r02,,,,2,6307768475063823143,10,30,1,10,windows-rtx4060,0,0,grid_2x2,true,80,057fabc1d66b32acf1ad702c264f6243a8e4c6fd5858eefea40153d124f4f0a3,b2f42d80ffebc10a43999056ff5c1814b8e87fd7,data/raw/formal-highfps-v1/formal-highfps-v1__colocation__daylight+pyxel_shooter__r02,"{""daylight"":""games/pyxel/apps-src/30SecondsOfDaylight/src/main.py"",""pyxel_shooter"":""games/pyxel/09_shooter.py""}","{""daylight"":""21a365375249e9d7ea05e78dcfe040f09cc1f0c66bd410bae084190c743a028f"",""pyxel_shooter"":""0f53e4156907eac41080a8f289e22c89365b3239517c754cf59a51af201d5563""}",e233a2af881e0288a7e4d9fd78690691ab94fe37551c0f12b6049240f796fd4b
2,78,formal-highfps-v1__colocation__pyxel_jump+pyxel_shooter+pyxel_snake__r01,formal-highfps-v1,colocation-main,train,colocation,"[""pyxel_jump"",""pyxel_shooter"",""pyxel_snake""]",pyxel_jump,"[""pyxel_shooter"",""pyxel_snake""]",pyxel_jump+pyxel_shooter+pyxel_snake,pyxel_jump+pyxel_shooter+pyxel_snake__r01,,,,1,13404442039301235090,10,30,1,10,windows-rtx4060,0,0,grid_2x2,true,80,057fabc1d66b32acf1ad702c264f6243a8e4c6fd5858eefea40153d124f4f0a3,b2f42d80ffebc10a43999056ff5c1814b8e87fd7,data/raw/formal-highfps-v1/formal-highfps-v1__colocation__pyxel_jump+pyxel_shooter+pyxel_snake__r01,"{""pyxel_jump"":""games/pyxel/02_jump_game.py"",""pyxel_shooter"":""games/pyxel/09_shooter.py"",""pyxel_snake"":""games/pyxel/07_snake.py""}","{""pyxel_jump"":""4743a825f1c9cae7e049ac52115f4ecf83350db546c00745a54af187d7bc2e46"",""pyxel_shooter"":""0f53e4156907eac41080a8f289e22c89365b3239517c754cf59a51af201d5563"",""pyxel_snake"":""bc533fef92d1d358e570f69d979919fe5c1cd8c4da49841104b49a1e661a5ac3""}",f843f18d8aeb0469d5aae2c54993c36e194748a243ad9e3fb523e645b564dfdb
2,79,formal-highfps-v1__colocation__mega_wing+pyxel_snake+space_rescue__r02,formal-highfps-v1,colocation-main,train,colocation,"[""mega_wing"",""pyxel_snake"",""space_rescue""]",mega_wing,"[""pyxel_snake"",""space_rescue""]",mega_wing+pyxel_snake+space_rescue,mega_wing+pyxel_snake+space_rescue__r02,,,,2,10501798218637475275,10,30,1,10,windows-rtx4060,0,0,grid_2x2,true,80,057fabc1d66b32acf1ad702c264f6243a8e4c6fd5858eefea40153d124f4f0a3,b2f42d80ffebc10a43999056ff5c1814b8e87fd7,data/raw/formal-highfps-v1/formal-highfps-v1__colocation__mega_wing+pyxel_snake+space_rescue__r02,"{""mega_wing"":""games/pyxel/apps-src/mega_wing/mega_wing.py"",""pyxel_snake"":""games/pyxel/07_snake.py"",""space_rescue"":""games/pyxel/apps-src/space_rescue/space_rescue.py""}","{""mega_wing"":""86bad6c02a303806c58137503739241dc6b1e86695f7c0dbf672b5e1a1464e9f"",""pyxel_snake"":""bc533fef92d1d358e570f69d979919fe5c1cd8c4da49841104b49a1e661a5ac3"",""space_rescue"":""f3b0ab6784ae558e64f06a3f0a704e53f107a130aa3d43357659d0850131e461""}",03140297055f25a1198f13088ddd6622cff71383d2d12f8ebbf719d706bdee00
2,80,formal-highfps-v1__colocation__pyxel_jump+pyxel_shooter__r02,formal-highfps-v1,colocation-main,train,colocation,"[""pyxel_jump"",""pyxel_shooter""]",pyxel_jump,"[""pyxel_shooter""]",pyxel_jump+pyxel_shooter,pyxel_jump+pyxel_shooter__r02,,,,2,3021531922104725446,10,30,1,10,windows-rtx4060,0,0,grid_2x2,true,80,057fabc1d66b32acf1ad702c264f6243a8e4c6fd5858eefea40153d124f4f0a3,b2f42d80ffebc10a43999056ff5c1814b8e87fd7,data/raw/formal-highfps-v1/formal-highfps-v1__colocation__pyxel_jump+pyxel_shooter__r02,"{""pyxel_jump"":""games/pyxel/02_jump_game.py"",""pyxel_shooter"":""games/pyxel/09_shooter.py""}","{""pyxel_jump"":""4743a825f1c9cae7e049ac52115f4ecf83350db546c00745a54af187d7bc2e46"",""pyxel_shooter"":""0f53e4156907eac41080a8f289e22c89365b3239517c754cf59a51af201d5563""}",17560eee51318324b8dc8ca37169fb4bad0adaf65f6222ea57b62a5c08b3f7c2
2,81,formal-highfps-v1__solo__pyxel_snake__r02,formal-highfps-v1,solo,not_applicable,solo,"[""pyxel_snake""]",pyxel_snake,[],,,,,,2,11464821163851428927,10,30,1,10,windows-rtx4060,0,0,grid_2x2,true,80,057fabc1d66b32acf1ad702c264f6243a8e4c6fd5858eefea40153d124f4f0a3,b2f42d80ffebc10a43999056ff5c1814b8e87fd7,data/raw/formal-highfps-v1/formal-highfps-v1__solo__pyxel_snake__r02,"{""pyxel_snake"":""games/pyxel/07_snake.py""}","{""pyxel_snake"":""bc533fef92d1d358e570f69d979919fe5c1cd8c4da49841104b49a1e661a5ac3""}",8d36aaa50fe68593ab498fa266c32c71d8652424d8f5ae7841eda2b7fa7a6794
2,82,formal-highfps-v1__solo__pyxel_jump__r03,formal-highfps-v1,solo,not_applicable,solo,"[""pyxel_jump""]",pyxel_jump,[],,,,,,3,796735531785357142,10,30,1,10,windows-rtx4060,0,0,grid_2x2,true,80,057fabc1d66b32acf1ad702c264f6243a8e4c6fd5858eefea40153d124f4f0a3,b2f42d80ffebc10a43999056ff5c1814b8e87fd7,data/raw/formal-highfps-v1/formal-highfps-v1__solo__pyxel_jump__r03,"{""pyxel_jump"":""games/pyxel/02_jump_game.py""}","{""pyxel_jump"":""4743a825f1c9cae7e049ac52115f4ecf83350db546c00745a54af187d7bc2e46""}",1c1e704535ce247c71fdd144622aa80d758d8021872e0e599061e495fb7e1d7d
2,83,formal-highfps-v1__extra__mega_wing+pyxel_jump+pyxel_platformer+pyxel_snake__r03,formal-highfps-v1,colocation-extra-test,extra_test,extra_test,"[""mega_wing"",""pyxel_jump"",""pyxel_platformer"",""pyxel_snake""]",mega_wing,"[""pyxel_jump"",""pyxel_platformer"",""pyxel_snake""]",mega_wing+pyxel_jump+pyxel_platformer+pyxel_snake,mega_wing+pyxel_jump+pyxel_platformer+pyxel_snake__r03,,,,3,13832200803943975500,10,30,1,10,windows-rtx4060,0,0,grid_2x2,true,80,057fabc1d66b32acf1ad702c264f6243a8e4c6fd5858eefea40153d124f4f0a3,b2f42d80ffebc10a43999056ff5c1814b8e87fd7,data/raw/formal-highfps-v1/formal-highfps-v1__extra__mega_wing+pyxel_jump+pyxel_platformer+pyxel_snake__r03,"{""mega_wing"":""games/pyxel/apps-src/mega_wing/mega_wing.py"",""pyxel_jump"":""games/pyxel/02_jump_game.py"",""pyxel_platformer"":""games/pyxel/10_platformer.py"",""pyxel_snake"":""games/pyxel/07_snake.py""}","{""mega_wing"":""86bad6c02a303806c58137503739241dc6b1e86695f7c0dbf672b5e1a1464e9f"",""pyxel_jump"":""4743a825f1c9cae7e049ac52115f4ecf83350db546c00745a54af187d7bc2e46"",""pyxel_platformer"":""1b2c75b49dc9ab0254fb4b724682a4787868814a38d2f08920720dc5b6007ac5"",""pyxel_snake"":""bc533fef92d1d358e570f69d979919fe5c1cd8c4da49841104b49a1e661a5ac3""}",cca621c8936bbdbba612a79d205a8f7292b3917c616246586ea37f28668b84c5
2,84,formal-highfps-v1__colocation__mega_wing+pyxel_snake+space_rescue__r01,formal-highfps-v1,colocation-main,train,colocation,"[""mega_wing"",""pyxel_snake"",""space_rescue""]",mega_wing,"[""pyxel_snake"",""space_rescue""]",mega_wing+pyxel_snake+space_rescue,mega_wing+pyxel_snake+space_rescue__r01,,,,1,2211813992741978679,10,30,1,10,windows-rtx4060,0,0,grid_2x2,true,80,057fabc1d66b32acf1ad702c264f6243a8e4c6fd5858eefea40153d124f4f0a3,b2f42d80ffebc10a43999056ff5c1814b8e87fd7,data/raw/formal-highfps-v1/formal-highfps-v1__colocation__mega_wing+pyxel_snake+space_rescue__r01,"{""mega_wing"":""games/pyxel/apps-src/mega_wing/mega_wing.py"",""pyxel_snake"":""games/pyxel/07_snake.py"",""space_rescue"":""games/pyxel/apps-src/space_rescue/space_rescue.py""}","{""mega_wing"":""86bad6c02a303806c58137503739241dc6b1e86695f7c0dbf672b5e1a1464e9f"",""pyxel_snake"":""bc533fef92d1d358e570f69d979919fe5c1cd8c4da49841104b49a1e661a5ac3"",""space_rescue"":""f3b0ab6784ae558e64f06a3f0a704e53f107a130aa3d43357659d0850131e461""}",caaacbbd02f49db6645c33954671f00bbddc613c74e8dfc0a06462b9ea918b54
2,85,formal-highfps-v1__solo__pyxel_platformer__r01,formal-highfps-v1,solo,not_applicable,solo,"[""pyxel_platformer""]",pyxel_platformer,[],,,,,,1,7297784855627931527,10,30,1,10,windows-rtx4060,0,0,grid_2x2,true,80,057fabc1d66b32acf1ad702c264f6243a8e4c6fd5858eefea40153d124f4f0a3,b2f42d80ffebc10a43999056ff5c1814b8e87fd7,data/raw/formal-highfps-v1/formal-highfps-v1__solo__pyxel_platformer__r01,"{""pyxel_platformer"":""games/pyxel/10_platformer.py""}","{""pyxel_platformer"":""1b2c75b49dc9ab0254fb4b724682a4787868814a38d2f08920720dc5b6007ac5""}",568bba735db486467bf0c7a1deab2a4b256697b3deb39a28da7876b1d9c2b441
2,86,formal-highfps-v1__colocation__mega_wing+space_rescue__r01,formal-highfps-v1,colocation-main,validation,colocation,"[""mega_wing"",""space_rescue""]",mega_wing,"[""space_rescue""]",mega_wing+space_rescue,mega_wing+space_rescue__r01,,,,1,10325571706049029634,10,30,1,10,windows-rtx4060,0,0,grid_2x2,true,80,057fabc1d66b32acf1ad702c264f6243a8e4c6fd5858eefea40153d124f4f0a3,b2f42d80ffebc10a43999056ff5c1814b8e87fd7,data/raw/formal-highfps-v1/formal-highfps-v1__colocation__mega_wing+space_rescue__r01,"{""mega_wing"":""games/pyxel/apps-src/mega_wing/mega_wing.py"",""space_rescue"":""games/pyxel/apps-src/space_rescue/space_rescue.py""}","{""mega_wing"":""86bad6c02a303806c58137503739241dc6b1e86695f7c0dbf672b5e1a1464e9f"",""space_rescue"":""f3b0ab6784ae558e64f06a3f0a704e53f107a130aa3d43357659d0850131e461""}",282f03d73d6e64bef930b33c61ad985f937fc956392ae22216534eeecb1eec11
2,87,formal-highfps-v1__colocation__mega_wing+pyxel_jump__r01,formal-highfps-v1,colocation-main,test,colocation,"[""mega_wing"",""pyxel_jump""]",mega_wing,"[""pyxel_jump""]",mega_wing+pyxel_jump,mega_wing+pyxel_jump__r01,,,,1,10951231338318609641,10,30,1,10,windows-rtx4060,0,0,grid_2x2,true,80,057fabc1d66b32acf1ad702c264f6243a8e4c6fd5858eefea40153d124f4f0a3,b2f42d80ffebc10a43999056ff5c1814b8e87fd7,data/raw/formal-highfps-v1/formal-highfps-v1__colocation__mega_wing+pyxel_jump__r01,"{""mega_wing"":""games/pyxel/apps-src/mega_wing/mega_wing.py"",""pyxel_jump"":""games/pyxel/02_jump_game.py""}","{""mega_wing"":""86bad6c02a303806c58137503739241dc6b1e86695f7c0dbf672b5e1a1464e9f"",""pyxel_jump"":""4743a825f1c9cae7e049ac52115f4ecf83350db546c00745a54af187d7bc2e46""}",21ba5920a72ef604ffc7ed17d56befa766189b0b6b5fd090ad3a9353f6d62a73
2,88,formal-highfps-v1__colocation__pyxel_platformer+pyxel_snake__r01,formal-highfps-v1,colocation-main,test,colocation,"[""pyxel_platformer"",""pyxel_snake""]",pyxel_platformer,"[""pyxel_snake""]",pyxel_platformer+pyxel_snake,pyxel_platformer+pyxel_snake__r01,,,,1,1696166496034655509,10,30,1,10,windows-rtx4060,0,0,grid_2x2,true,80,057fabc1d66b32acf1ad702c264f6243a8e4c6fd5858eefea40153d124f4f0a3,b2f42d80ffebc10a43999056ff5c1814b8e87fd7,data/raw/formal-highfps-v1/formal-highfps-v1__colocation__pyxel_platformer+pyxel_snake__r01,"{""pyxel_platformer"":""games/pyxel/10_platformer.py"",""pyxel_snake"":""games/pyxel/07_snake.py""}","{""pyxel_platformer"":""1b2c75b49dc9ab0254fb4b724682a4787868814a38d2f08920720dc5b6007ac5"",""pyxel_snake"":""bc533fef92d1d358e570f69d979919fe5c1cd8c4da49841104b49a1e661a5ac3""}",53fcfb478b3f32d861e4f03c3d3963a1971b3d8acbf5bf5de14ca6a11c858de8
2,89,formal-highfps-v1__colocation__pyxel_platformer+pyxel_shooter+space_rescue__r01,formal-highfps-v1,colocation-main,validation,colocation,"[""pyxel_platformer"",""pyxel_shooter"",""space_rescue""]",pyxel_platformer,"[""pyxel_shooter"",""space_rescue""]",pyxel_platformer+pyxel_shooter+space_rescue,pyxel_platformer+pyxel_shooter+space_rescue__r01,,,,1,530035123137566220,10,30,1,10,windows-rtx4060,0,0,grid_2x2,true,80,057fabc1d66b32acf1ad702c264f6243a8e4c6fd5858eefea40153d124f4f0a3,b2f42d80ffebc10a43999056ff5c1814b8e87fd7,data/raw/formal-highfps-v1/formal-highfps-v1__colocation__pyxel_platformer+pyxel_shooter+space_rescue__r01,"{""pyxel_platformer"":""games/pyxel/10_platformer.py"",""pyxel_shooter"":""games/pyxel/09_shooter.py"",""space_rescue"":""games/pyxel/apps-src/space_rescue/space_rescue.py""}","{""pyxel_platformer"":""1b2c75b49dc9ab0254fb4b724682a4787868814a38d2f08920720dc5b6007ac5"",""pyxel_shooter"":""0f53e4156907eac41080a8f289e22c89365b3239517c754cf59a51af201d5563"",""space_rescue"":""f3b0ab6784ae558e64f06a3f0a704e53f107a130aa3d43357659d0850131e461""}",ef6c6287c318d93685c36eb4fd85eb8c5f9b63e05417eb2ea558974c8b4f0f87
2,90,formal-highfps-v1__colocation__pyxel_bubbles+pyxel_platformer__r01,formal-highfps-v1,colocation-main,train,colocation,"[""pyxel_bubbles"",""pyxel_platformer""]",pyxel_bubbles,"[""pyxel_platformer""]",pyxel_bubbles+pyxel_platformer,pyxel_bubbles+pyxel_platformer__r01,,,,1,15902120588225086509,10,30,1,10,windows-rtx4060,0,0,grid_2x2,true,80,057fabc1d66b32acf1ad702c264f6243a8e4c6fd5858eefea40153d124f4f0a3,b2f42d80ffebc10a43999056ff5c1814b8e87fd7,data/raw/formal-highfps-v1/formal-highfps-v1__colocation__pyxel_bubbles+pyxel_platformer__r01,"{""pyxel_bubbles"":""games/pyxel/06_click_game.py"",""pyxel_platformer"":""games/pyxel/10_platformer.py""}","{""pyxel_bubbles"":""54c101e90bdaed839ac4c4284494530d5df37a5819a35f1e41eebb0b3da5d900"",""pyxel_platformer"":""1b2c75b49dc9ab0254fb4b724682a4787868814a38d2f08920720dc5b6007ac5""}",f039cb996d509bfa13b1de71dfa6df1d00ca804bc8f9b7cac7741aa8aa5f3bfa
2,91,formal-highfps-v1__colocation__pyxel_platformer+pyxel_shooter__r02,formal-highfps-v1,colocation-main,train,colocation,"[""pyxel_platformer"",""pyxel_shooter""]",pyxel_platformer,"[""pyxel_shooter""]",pyxel_platformer+pyxel_shooter,pyxel_platformer+pyxel_shooter__r02,,,,2,13951401537072748805,10,30,1,10,windows-rtx4060,0,0,grid_2x2,true,80,057fabc1d66b32acf1ad702c264f6243a8e4c6fd5858eefea40153d124f4f0a3,b2f42d80ffebc10a43999056ff5c1814b8e87fd7,data/raw/formal-highfps-v1/formal-highfps-v1__colocation__pyxel_platformer+pyxel_shooter__r02,"{""pyxel_platformer"":""games/pyxel/10_platformer.py"",""pyxel_shooter"":""games/pyxel/09_shooter.py""}","{""pyxel_platformer"":""1b2c75b49dc9ab0254fb4b724682a4787868814a38d2f08920720dc5b6007ac5"",""pyxel_shooter"":""0f53e4156907eac41080a8f289e22c89365b3239517c754cf59a51af201d5563""}",cb4a84a03fce6d6c45d5570a688cea216b23fa18e4cd80967e85d64f44305db1
2,92,formal-highfps-v1__colocation__mega_wing+pyxel_bubbles+space_rescue__r03,formal-highfps-v1,colocation-main,train,colocation,"[""mega_wing"",""pyxel_bubbles"",""space_rescue""]",mega_wing,"[""pyxel_bubbles"",""space_rescue""]",mega_wing+pyxel_bubbles+space_rescue,mega_wing+pyxel_bubbles+space_rescue__r03,,,,3,10978761875731769058,10,30,1,10,windows-rtx4060,0,0,grid_2x2,true,80,057fabc1d66b32acf1ad702c264f6243a8e4c6fd5858eefea40153d124f4f0a3,b2f42d80ffebc10a43999056ff5c1814b8e87fd7,data/raw/formal-highfps-v1/formal-highfps-v1__colocation__mega_wing+pyxel_bubbles+space_rescue__r03,"{""mega_wing"":""games/pyxel/apps-src/mega_wing/mega_wing.py"",""pyxel_bubbles"":""games/pyxel/06_click_game.py"",""space_rescue"":""games/pyxel/apps-src/space_rescue/space_rescue.py""}","{""mega_wing"":""86bad6c02a303806c58137503739241dc6b1e86695f7c0dbf672b5e1a1464e9f"",""pyxel_bubbles"":""54c101e90bdaed839ac4c4284494530d5df37a5819a35f1e41eebb0b3da5d900"",""space_rescue"":""f3b0ab6784ae558e64f06a3f0a704e53f107a130aa3d43357659d0850131e461""}",f3b6dfebaa6bef15e6d9a463fe73775691fcdb04be2daa8182c29a6d0221b13b
2,93,formal-highfps-v1__colocation__mega_wing+pyxel_bubbles+pyxel_snake__r01,formal-highfps-v1,colocation-main,train,colocation,"[""mega_wing"",""pyxel_bubbles"",""pyxel_snake""]",mega_wing,"[""pyxel_bubbles"",""pyxel_snake""]",mega_wing+pyxel_bubbles+pyxel_snake,mega_wing+pyxel_bubbles+pyxel_snake__r01,,,,1,5213251114307413380,10,30,1,10,windows-rtx4060,0,0,grid_2x2,true,80,057fabc1d66b32acf1ad702c264f6243a8e4c6fd5858eefea40153d124f4f0a3,b2f42d80ffebc10a43999056ff5c1814b8e87fd7,data/raw/formal-highfps-v1/formal-highfps-v1__colocation__mega_wing+pyxel_bubbles+pyxel_snake__r01,"{""mega_wing"":""games/pyxel/apps-src/mega_wing/mega_wing.py"",""pyxel_bubbles"":""games/pyxel/06_click_game.py"",""pyxel_snake"":""games/pyxel/07_snake.py""}","{""mega_wing"":""86bad6c02a303806c58137503739241dc6b1e86695f7c0dbf672b5e1a1464e9f"",""pyxel_bubbles"":""54c101e90bdaed839ac4c4284494530d5df37a5819a35f1e41eebb0b3da5d900"",""pyxel_snake"":""bc533fef92d1d358e570f69d979919fe5c1cd8c4da49841104b49a1e661a5ac3""}",a84166b53338353bcac7e78111b26d6489c10a19d4020f7029a24d2bc4f447ad
2,94,formal-highfps-v1__solo__pyxel_platformer__r02,formal-highfps-v1,solo,not_applicable,solo,"[""pyxel_platformer""]",pyxel_platformer,[],,,,,,2,13166478515344074274,10,30,1,10,windows-rtx4060,0,0,grid_2x2,true,80,057fabc1d66b32acf1ad702c264f6243a8e4c6fd5858eefea40153d124f4f0a3,b2f42d80ffebc10a43999056ff5c1814b8e87fd7,data/raw/formal-highfps-v1/formal-highfps-v1__solo__pyxel_platformer__r02,"{""pyxel_platformer"":""games/pyxel/10_platformer.py""}","{""pyxel_platformer"":""1b2c75b49dc9ab0254fb4b724682a4787868814a38d2f08920720dc5b6007ac5""}",956ec8a14d0408b725a6d3ac48136e70eb4ab9c5e09b68b326097e21a9e7519a
2,95,formal-highfps-v1__colocation__daylight+pyxel_platformer__r03,formal-highfps-v1,colocation-main,validation,colocation,"[""daylight"",""pyxel_platformer""]",daylight,"[""pyxel_platformer""]",daylight+pyxel_platformer,daylight+pyxel_platformer__r03,,,,3,17641492199377615183,10,30,1,10,windows-rtx4060,0,0,grid_2x2,true,80,057fabc1d66b32acf1ad702c264f6243a8e4c6fd5858eefea40153d124f4f0a3,b2f42d80ffebc10a43999056ff5c1814b8e87fd7,data/raw/formal-highfps-v1/formal-highfps-v1__colocation__daylight+pyxel_platformer__r03,"{""daylight"":""games/pyxel/apps-src/30SecondsOfDaylight/src/main.py"",""pyxel_platformer"":""games/pyxel/10_platformer.py""}","{""daylight"":""21a365375249e9d7ea05e78dcfe040f09cc1f0c66bd410bae084190c743a028f"",""pyxel_platformer"":""1b2c75b49dc9ab0254fb4b724682a4787868814a38d2f08920720dc5b6007ac5""}",e2d3751e05d794888f1153a5797047408c29e111202725c3011c9f51d8b96e48
2,96,formal-highfps-v1__colocation__pyxel_platformer+pyxel_shooter+space_rescue__r02,formal-highfps-v1,colocation-main,validation,colocation,"[""pyxel_platformer"",""pyxel_shooter"",""space_rescue""]",pyxel_platformer,"[""pyxel_shooter"",""space_rescue""]",pyxel_platformer+pyxel_shooter+space_rescue,pyxel_platformer+pyxel_shooter+space_rescue__r02,,,,2,9920325526379105926,10,30,1,10,windows-rtx4060,0,0,grid_2x2,true,80,057fabc1d66b32acf1ad702c264f6243a8e4c6fd5858eefea40153d124f4f0a3,b2f42d80ffebc10a43999056ff5c1814b8e87fd7,data/raw/formal-highfps-v1/formal-highfps-v1__colocation__pyxel_platformer+pyxel_shooter+space_rescue__r02,"{""pyxel_platformer"":""games/pyxel/10_platformer.py"",""pyxel_shooter"":""games/pyxel/09_shooter.py"",""space_rescue"":""games/pyxel/apps-src/space_rescue/space_rescue.py""}","{""pyxel_platformer"":""1b2c75b49dc9ab0254fb4b724682a4787868814a38d2f08920720dc5b6007ac5"",""pyxel_shooter"":""0f53e4156907eac41080a8f289e22c89365b3239517c754cf59a51af201d5563"",""space_rescue"":""f3b0ab6784ae558e64f06a3f0a704e53f107a130aa3d43357659d0850131e461""}",8eac24de1619fc657c9f784807091eaee2d087bf7caea13220af160db135ad2e
2,97,formal-highfps-v1__colocation__daylight+pyxel_platformer+pyxel_snake__r01,formal-highfps-v1,colocation-main,validation,colocation,"[""daylight"",""pyxel_platformer"",""pyxel_snake""]",daylight,"[""pyxel_platformer"",""pyxel_snake""]",daylight+pyxel_platformer+pyxel_snake,daylight+pyxel_platformer+pyxel_snake__r01,,,,1,2315718514598189427,10,30,1,10,windows-rtx4060,0,0,grid_2x2,true,80,057fabc1d66b32acf1ad702c264f6243a8e4c6fd5858eefea40153d124f4f0a3,b2f42d80ffebc10a43999056ff5c1814b8e87fd7,data/raw/formal-highfps-v1/formal-highfps-v1__colocation__daylight+pyxel_platformer+pyxel_snake__r01,"{""daylight"":""games/pyxel/apps-src/30SecondsOfDaylight/src/main.py"",""pyxel_platformer"":""games/pyxel/10_platformer.py"",""pyxel_snake"":""games/pyxel/07_snake.py""}","{""daylight"":""21a365375249e9d7ea05e78dcfe040f09cc1f0c66bd410bae084190c743a028f"",""pyxel_platformer"":""1b2c75b49dc9ab0254fb4b724682a4787868814a38d2f08920720dc5b6007ac5"",""pyxel_snake"":""bc533fef92d1d358e570f69d979919fe5c1cd8c4da49841104b49a1e661a5ac3""}",08448b6eed22dbdb8904b72d45227231a9466a271e56b6cfe84b07197dc8c4c2
2,98,formal-highfps-v1__colocation__daylight+pyxel_bubbles+pyxel_jump__r03,formal-highfps-v1,colocation-main,test,colocation,"[""daylight"",""pyxel_bubbles"",""pyxel_jump""]",daylight,"[""pyxel_bubbles"",""pyxel_jump""]",daylight+pyxel_bubbles+pyxel_jump,daylight+pyxel_bubbles+pyxel_jump__r03,,,,3,16335151718453586146,10,30,1,10,windows-rtx4060,0,0,grid_2x2,true,80,057fabc1d66b32acf1ad702c264f6243a8e4c6fd5858eefea40153d124f4f0a3,b2f42d80ffebc10a43999056ff5c1814b8e87fd7,data/raw/formal-highfps-v1/formal-highfps-v1__colocation__daylight+pyxel_bubbles+pyxel_jump__r03,"{""daylight"":""games/pyxel/apps-src/30SecondsOfDaylight/src/main.py"",""pyxel_bubbles"":""games/pyxel/06_click_game.py"",""pyxel_jump"":""games/pyxel/02_jump_game.py""}","{""daylight"":""21a365375249e9d7ea05e78dcfe040f09cc1f0c66bd410bae084190c743a028f"",""pyxel_bubbles"":""54c101e90bdaed839ac4c4284494530d5df37a5819a35f1e41eebb0b3da5d900"",""pyxel_jump"":""4743a825f1c9cae7e049ac52115f4ecf83350db546c00745a54af187d7bc2e46""}",89af3a343bca0c9d9534bfda0b893145239e4fc08bc9c9ea09605d05abecc9c7
2,99,formal-highfps-v1__extra__daylight+pyxel_jump+pyxel_snake+space_rescue__r02,formal-highfps-v1,colocation-extra-test,extra_test,extra_test,"[""daylight"",""pyxel_jump"",""pyxel_snake"",""space_rescue""]",daylight,"[""pyxel_jump"",""pyxel_snake"",""space_rescue""]",daylight+pyxel_jump+pyxel_snake+space_rescue,daylight+pyxel_jump+pyxel_snake+space_rescue__r02,,,,2,12588195661761314844,10,30,1,10,windows-rtx4060,0,0,grid_2x2,true,80,057fabc1d66b32acf1ad702c264f6243a8e4c6fd5858eefea40153d124f4f0a3,b2f42d80ffebc10a43999056ff5c1814b8e87fd7,data/raw/formal-highfps-v1/formal-highfps-v1__extra__daylight+pyxel_jump+pyxel_snake+space_rescue__r02,"{""daylight"":""games/pyxel/apps-src/30SecondsOfDaylight/src/main.py"",""pyxel_jump"":""games/pyxel/02_jump_game.py"",""pyxel_snake"":""games/pyxel/07_snake.py"",""space_rescue"":""games/pyxel/apps-src/space_rescue/space_rescue.py""}","{""daylight"":""21a365375249e9d7ea05e78dcfe040f09cc1f0c66bd410bae084190c743a028f"",""pyxel_jump"":""4743a825f1c9cae7e049ac52115f4ecf83350db546c00745a54af187d7bc2e46"",""pyxel_snake"":""bc533fef92d1d358e570f69d979919fe5c1cd8c4da49841104b49a1e661a5ac3"",""space_rescue"":""f3b0ab6784ae558e64f06a3f0a704e53f107a130aa3d43357659d0850131e461""}",ed571a7553921ea9322d24d86efad74d69bd3c91e6aac921ec04c6a399e032da
2,100,formal-highfps-v1__solo__space_rescue__r02,formal-highfps-v1,solo,not_applicable,solo,"[""space_rescue""]",space_rescue,[],,,,,,2,17469599324371223650,10,30,1,10,windows-rtx4060,0,0,grid_2x2,true,80,057fabc1d66b32acf1ad702c264f6243a8e4c6fd5858eefea40153d124f4f0a3,b2f42d80ffebc10a43999056ff5c1814b8e87fd7,data/raw/formal-highfps-v1/formal-highfps-v1__solo__space_rescue__r02,"{""space_rescue"":""games/pyxel/apps-src/space_rescue/space_rescue.py""}","{""space_rescue"":""f3b0ab6784ae558e64f06a3f0a704e53f107a130aa3d43357659d0850131e461""}",bb9500da7923cc448fac8d94c38e21d9d3bfbd1a853ad7737e47544a05a2023e
2,101,formal-highfps-v1__colocation__daylight+mega_wing+pyxel_snake__r03,formal-highfps-v1,colocation-main,train,colocation,"[""daylight"",""mega_wing"",""pyxel_snake""]",daylight,"[""mega_wing"",""pyxel_snake""]",daylight+mega_wing+pyxel_snake,daylight+mega_wing+pyxel_snake__r03,,,,3,12724699600798452488,10,30,1,10,windows-rtx4060,0,0,grid_2x2,true,80,057fabc1d66b32acf1ad702c264f6243a8e4c6fd5858eefea40153d124f4f0a3,b2f42d80ffebc10a43999056ff5c1814b8e87fd7,data/raw/formal-highfps-v1/formal-highfps-v1__colocation__daylight+mega_wing+pyxel_snake__r03,"{""daylight"":""games/pyxel/apps-src/30SecondsOfDaylight/src/main.py"",""mega_wing"":""games/pyxel/apps-src/mega_wing/mega_wing.py"",""pyxel_snake"":""games/pyxel/07_snake.py""}","{""daylight"":""21a365375249e9d7ea05e78dcfe040f09cc1f0c66bd410bae084190c743a028f"",""mega_wing"":""86bad6c02a303806c58137503739241dc6b1e86695f7c0dbf672b5e1a1464e9f"",""pyxel_snake"":""bc533fef92d1d358e570f69d979919fe5c1cd8c4da49841104b49a1e661a5ac3""}",6976e0614199db80cfded9a7f6ca346fddd5eee6eb5a51a2ffa2305631e0c4ef
2,102,formal-highfps-v1__colocation__pyxel_bubbles+pyxel_snake+space_rescue__r01,formal-highfps-v1,colocation-main,train,colocation,"[""pyxel_bubbles"",""pyxel_snake"",""space_rescue""]",pyxel_bubbles,"[""pyxel_snake"",""space_rescue""]",pyxel_bubbles+pyxel_snake+space_rescue,pyxel_bubbles+pyxel_snake+space_rescue__r01,,,,1,10895786778204655259,10,30,1,10,windows-rtx4060,0,0,grid_2x2,true,80,057fabc1d66b32acf1ad702c264f6243a8e4c6fd5858eefea40153d124f4f0a3,b2f42d80ffebc10a43999056ff5c1814b8e87fd7,data/raw/formal-highfps-v1/formal-highfps-v1__colocation__pyxel_bubbles+pyxel_snake+space_rescue__r01,"{""pyxel_bubbles"":""games/pyxel/06_click_game.py"",""pyxel_snake"":""games/pyxel/07_snake.py"",""space_rescue"":""games/pyxel/apps-src/space_rescue/space_rescue.py""}","{""pyxel_bubbles"":""54c101e90bdaed839ac4c4284494530d5df37a5819a35f1e41eebb0b3da5d900"",""pyxel_snake"":""bc533fef92d1d358e570f69d979919fe5c1cd8c4da49841104b49a1e661a5ac3"",""space_rescue"":""f3b0ab6784ae558e64f06a3f0a704e53f107a130aa3d43357659d0850131e461""}",a326e71d7af223d8aa306edc66266209a0232097f03d74438b9f526804fb33aa
2,103,formal-highfps-v1__extra__pyxel_bubbles+pyxel_jump+pyxel_shooter+pyxel_snake__r02,formal-highfps-v1,colocation-extra-test,extra_test,extra_test,"[""pyxel_bubbles"",""pyxel_jump"",""pyxel_shooter"",""pyxel_snake""]",pyxel_bubbles,"[""pyxel_jump"",""pyxel_shooter"",""pyxel_snake""]",pyxel_bubbles+pyxel_jump+pyxel_shooter+pyxel_snake,pyxel_bubbles+pyxel_jump+pyxel_shooter+pyxel_snake__r02,,,,2,9400649919561552429,10,30,1,10,windows-rtx4060,0,0,grid_2x2,true,80,057fabc1d66b32acf1ad702c264f6243a8e4c6fd5858eefea40153d124f4f0a3,b2f42d80ffebc10a43999056ff5c1814b8e87fd7,data/raw/formal-highfps-v1/formal-highfps-v1__extra__pyxel_bubbles+pyxel_jump+pyxel_shooter+pyxel_snake__r02,"{""pyxel_bubbles"":""games/pyxel/06_click_game.py"",""pyxel_jump"":""games/pyxel/02_jump_game.py"",""pyxel_shooter"":""games/pyxel/09_shooter.py"",""pyxel_snake"":""games/pyxel/07_snake.py""}","{""pyxel_bubbles"":""54c101e90bdaed839ac4c4284494530d5df37a5819a35f1e41eebb0b3da5d900"",""pyxel_jump"":""4743a825f1c9cae7e049ac52115f4ecf83350db546c00745a54af187d7bc2e46"",""pyxel_shooter"":""0f53e4156907eac41080a8f289e22c89365b3239517c754cf59a51af201d5563"",""pyxel_snake"":""bc533fef92d1d358e570f69d979919fe5c1cd8c4da49841104b49a1e661a5ac3""}",c4dfc87e0f129bb8a593d3eb150d91723beb67680b0d456929121b475e33ab79
2,104,formal-highfps-v1__colocation__daylight+pyxel_platformer+pyxel_snake__r02,formal-highfps-v1,colocation-main,validation,colocation,"[""daylight"",""pyxel_platformer"",""pyxel_snake""]",daylight,"[""pyxel_platformer"",""pyxel_snake""]",daylight+pyxel_platformer+pyxel_snake,daylight+pyxel_platformer+pyxel_snake__r02,,,,2,13348702882007050725,10,30,1,10,windows-rtx4060,0,0,grid_2x2,true,80,057fabc1d66b32acf1ad702c264f6243a8e4c6fd5858eefea40153d124f4f0a3,b2f42d80ffebc10a43999056ff5c1814b8e87fd7,data/raw/formal-highfps-v1/formal-highfps-v1__colocation__daylight+pyxel_platformer+pyxel_snake__r02,"{""daylight"":""games/pyxel/apps-src/30SecondsOfDaylight/src/main.py"",""pyxel_platformer"":""games/pyxel/10_platformer.py"",""pyxel_snake"":""games/pyxel/07_snake.py""}","{""daylight"":""21a365375249e9d7ea05e78dcfe040f09cc1f0c66bd410bae084190c743a028f"",""pyxel_platformer"":""1b2c75b49dc9ab0254fb4b724682a4787868814a38d2f08920720dc5b6007ac5"",""pyxel_snake"":""bc533fef92d1d358e570f69d979919fe5c1cd8c4da49841104b49a1e661a5ac3""}",acf8e95364ec0ca0984c5361db925c46c55b67db3bf6295d0ec9b5ac5b4bd8d7
2,105,formal-highfps-v1__colocation__mega_wing+pyxel_bubbles+pyxel_shooter__r01,formal-highfps-v1,colocation-main,train,colocation,"[""mega_wing"",""pyxel_bubbles"",""pyxel_shooter""]",mega_wing,"[""pyxel_bubbles"",""pyxel_shooter""]",mega_wing+pyxel_bubbles+pyxel_shooter,mega_wing+pyxel_bubbles+pyxel_shooter__r01,,,,1,13660992632416912501,10,30,1,10,windows-rtx4060,0,0,grid_2x2,true,80,057fabc1d66b32acf1ad702c264f6243a8e4c6fd5858eefea40153d124f4f0a3,b2f42d80ffebc10a43999056ff5c1814b8e87fd7,data/raw/formal-highfps-v1/formal-highfps-v1__colocation__mega_wing+pyxel_bubbles+pyxel_shooter__r01,"{""mega_wing"":""games/pyxel/apps-src/mega_wing/mega_wing.py"",""pyxel_bubbles"":""games/pyxel/06_click_game.py"",""pyxel_shooter"":""games/pyxel/09_shooter.py""}","{""mega_wing"":""86bad6c02a303806c58137503739241dc6b1e86695f7c0dbf672b5e1a1464e9f"",""pyxel_bubbles"":""54c101e90bdaed839ac4c4284494530d5df37a5819a35f1e41eebb0b3da5d900"",""pyxel_shooter"":""0f53e4156907eac41080a8f289e22c89365b3239517c754cf59a51af201d5563""}",cc9a13ee2aded8bbf64e40d3552e5f21b6326046a7cdea97535ea08b2f6f7dc1
2,106,formal-highfps-v1__extra__mega_wing+pyxel_shooter+pyxel_snake+space_rescue__r03,formal-highfps-v1,colocation-extra-test,extra_test,extra_test,"[""mega_wing"",""pyxel_shooter"",""pyxel_snake"",""space_rescue""]",mega_wing,"[""pyxel_shooter"",""pyxel_snake"",""space_rescue""]",mega_wing+pyxel_shooter+pyxel_snake+space_rescue,mega_wing+pyxel_shooter+pyxel_snake+space_rescue__r03,,,,3,17426353318728662774,10,30,1,10,windows-rtx4060,0,0,grid_2x2,true,80,057fabc1d66b32acf1ad702c264f6243a8e4c6fd5858eefea40153d124f4f0a3,b2f42d80ffebc10a43999056ff5c1814b8e87fd7,data/raw/formal-highfps-v1/formal-highfps-v1__extra__mega_wing+pyxel_shooter+pyxel_snake+space_rescue__r03,"{""mega_wing"":""games/pyxel/apps-src/mega_wing/mega_wing.py"",""pyxel_shooter"":""games/pyxel/09_shooter.py"",""pyxel_snake"":""games/pyxel/07_snake.py"",""space_rescue"":""games/pyxel/apps-src/space_rescue/space_rescue.py""}","{""mega_wing"":""86bad6c02a303806c58137503739241dc6b1e86695f7c0dbf672b5e1a1464e9f"",""pyxel_shooter"":""0f53e4156907eac41080a8f289e22c89365b3239517c754cf59a51af201d5563"",""pyxel_snake"":""bc533fef92d1d358e570f69d979919fe5c1cd8c4da49841104b49a1e661a5ac3"",""space_rescue"":""f3b0ab6784ae558e64f06a3f0a704e53f107a130aa3d43357659d0850131e461""}",9e2ff6adb79bda115fcfc53e121673748070b89fb0be9d021ed82cb910bcb4a8
2,107,formal-highfps-v1__colocation__mega_wing+pyxel_shooter__r03,formal-highfps-v1,colocation-main,train,colocation,"[""mega_wing"",""pyxel_shooter""]",mega_wing,"[""pyxel_shooter""]",mega_wing+pyxel_shooter,mega_wing+pyxel_shooter__r03,,,,3,6293622523290271236,10,30,1,10,windows-rtx4060,0,0,grid_2x2,true,80,057fabc1d66b32acf1ad702c264f6243a8e4c6fd5858eefea40153d124f4f0a3,b2f42d80ffebc10a43999056ff5c1814b8e87fd7,data/raw/formal-highfps-v1/formal-highfps-v1__colocation__mega_wing+pyxel_shooter__r03,"{""mega_wing"":""games/pyxel/apps-src/mega_wing/mega_wing.py"",""pyxel_shooter"":""games/pyxel/09_shooter.py""}","{""mega_wing"":""86bad6c02a303806c58137503739241dc6b1e86695f7c0dbf672b5e1a1464e9f"",""pyxel_shooter"":""0f53e4156907eac41080a8f289e22c89365b3239517c754cf59a51af201d5563""}",ddf5729cbe6d6ec36454d82729048f476456e48c3ce5bb4fc3b76469f2c71bf2
2,108,formal-highfps-v1__colocation__pyxel_platformer+pyxel_snake__r02,formal-highfps-v1,colocation-main,test,colocation,"[""pyxel_platformer"",""pyxel_snake""]",pyxel_platformer,"[""pyxel_snake""]",pyxel_platformer+pyxel_snake,pyxel_platformer+pyxel_snake__r02,,,,2,7514933475297872201,10,30,1,10,windows-rtx4060,0,0,grid_2x2,true,80,057fabc1d66b32acf1ad702c264f6243a8e4c6fd5858eefea40153d124f4f0a3,b2f42d80ffebc10a43999056ff5c1814b8e87fd7,data/raw/formal-highfps-v1/formal-highfps-v1__colocation__pyxel_platformer+pyxel_snake__r02,"{""pyxel_platformer"":""games/pyxel/10_platformer.py"",""pyxel_snake"":""games/pyxel/07_snake.py""}","{""pyxel_platformer"":""1b2c75b49dc9ab0254fb4b724682a4787868814a38d2f08920720dc5b6007ac5"",""pyxel_snake"":""bc533fef92d1d358e570f69d979919fe5c1cd8c4da49841104b49a1e661a5ac3""}",b62a7524e39fabf720d2586117fc300c4c70ab6ca92c8e5aee35f1cca365fb46
2,109,formal-highfps-v1__colocation__pyxel_platformer+pyxel_shooter__r01,formal-highfps-v1,colocation-main,train,colocation,"[""pyxel_platformer"",""pyxel_shooter""]",pyxel_platformer,"[""pyxel_shooter""]",pyxel_platformer+pyxel_shooter,pyxel_platformer+pyxel_shooter__r01,,,,1,8933751458129542535,10,30,1,10,windows-rtx4060,0,0,grid_2x2,true,80,057fabc1d66b32acf1ad702c264f6243a8e4c6fd5858eefea40153d124f4f0a3,b2f42d80ffebc10a43999056ff5c1814b8e87fd7,data/raw/formal-highfps-v1/formal-highfps-v1__colocation__pyxel_platformer+pyxel_shooter__r01,"{""pyxel_platformer"":""games/pyxel/10_platformer.py"",""pyxel_shooter"":""games/pyxel/09_shooter.py""}","{""pyxel_platformer"":""1b2c75b49dc9ab0254fb4b724682a4787868814a38d2f08920720dc5b6007ac5"",""pyxel_shooter"":""0f53e4156907eac41080a8f289e22c89365b3239517c754cf59a51af201d5563""}",560a3749888454f44048f3a7f980a1d3523a1a24276317a8e4e81130e5c24503
2,110,formal-highfps-v1__colocation__daylight+pyxel_platformer+pyxel_shooter__r03,formal-highfps-v1,colocation-main,validation,colocation,"[""daylight"",""pyxel_platformer"",""pyxel_shooter""]",daylight,"[""pyxel_platformer"",""pyxel_shooter""]",daylight+pyxel_platformer+pyxel_shooter,daylight+pyxel_platformer+pyxel_shooter__r03,,,,3,16822868372042291631,10,30,1,10,windows-rtx4060,0,0,grid_2x2,true,80,057fabc1d66b32acf1ad702c264f6243a8e4c6fd5858eefea40153d124f4f0a3,b2f42d80ffebc10a43999056ff5c1814b8e87fd7,data/raw/formal-highfps-v1/formal-highfps-v1__colocation__daylight+pyxel_platformer+pyxel_shooter__r03,"{""daylight"":""games/pyxel/apps-src/30SecondsOfDaylight/src/main.py"",""pyxel_platformer"":""games/pyxel/10_platformer.py"",""pyxel_shooter"":""games/pyxel/09_shooter.py""}","{""daylight"":""21a365375249e9d7ea05e78dcfe040f09cc1f0c66bd410bae084190c743a028f"",""pyxel_platformer"":""1b2c75b49dc9ab0254fb4b724682a4787868814a38d2f08920720dc5b6007ac5"",""pyxel_shooter"":""0f53e4156907eac41080a8f289e22c89365b3239517c754cf59a51af201d5563""}",1244539e4ce9ddb32069a615c2b0f44e2c8b2da7547bfb879ea28b0d1ed1a906
2,111,formal-highfps-v1__extra__mega_wing+pyxel_bubbles+pyxel_platformer+pyxel_shooter__r03,formal-highfps-v1,colocation-extra-test,extra_test,extra_test,"[""mega_wing"",""pyxel_bubbles"",""pyxel_platformer"",""pyxel_shooter""]",mega_wing,"[""pyxel_bubbles"",""pyxel_platformer"",""pyxel_shooter""]",mega_wing+pyxel_bubbles+pyxel_platformer+pyxel_shooter,mega_wing+pyxel_bubbles+pyxel_platformer+pyxel_shooter__r03,,,,3,15157778988543986875,10,30,1,10,windows-rtx4060,0,0,grid_2x2,true,80,057fabc1d66b32acf1ad702c264f6243a8e4c6fd5858eefea40153d124f4f0a3,b2f42d80ffebc10a43999056ff5c1814b8e87fd7,data/raw/formal-highfps-v1/formal-highfps-v1__extra__mega_wing+pyxel_bubbles+pyxel_platformer+pyxel_shooter__r03,"{""mega_wing"":""games/pyxel/apps-src/mega_wing/mega_wing.py"",""pyxel_bubbles"":""games/pyxel/06_click_game.py"",""pyxel_platformer"":""games/pyxel/10_platformer.py"",""pyxel_shooter"":""games/pyxel/09_shooter.py""}","{""mega_wing"":""86bad6c02a303806c58137503739241dc6b1e86695f7c0dbf672b5e1a1464e9f"",""pyxel_bubbles"":""54c101e90bdaed839ac4c4284494530d5df37a5819a35f1e41eebb0b3da5d900"",""pyxel_platformer"":""1b2c75b49dc9ab0254fb4b724682a4787868814a38d2f08920720dc5b6007ac5"",""pyxel_shooter"":""0f53e4156907eac41080a8f289e22c89365b3239517c754cf59a51af201d5563""}",84286fbc34b419388adced8baf4aa822ddf4e2ab39d1cff431c4df0a7e40743a
2,112,formal-highfps-v1__extra__daylight+pyxel_bubbles+pyxel_shooter+space_rescue__r01,formal-highfps-v1,colocation-extra-test,extra_test,extra_test,"[""daylight"",""pyxel_bubbles"",""pyxel_shooter"",""space_rescue""]",daylight,"[""pyxel_bubbles"",""pyxel_shooter"",""space_rescue""]",daylight+pyxel_bubbles+pyxel_shooter+space_rescue,daylight+pyxel_bubbles+pyxel_shooter+space_rescue__r01,,,,1,9290543302165654706,10,30,1,10,windows-rtx4060,0,0,grid_2x2,true,80,057fabc1d66b32acf1ad702c264f6243a8e4c6fd5858eefea40153d124f4f0a3,b2f42d80ffebc10a43999056ff5c1814b8e87fd7,data/raw/formal-highfps-v1/formal-highfps-v1__extra__daylight+pyxel_bubbles+pyxel_shooter+space_rescue__r01,"{""daylight"":""games/pyxel/apps-src/30SecondsOfDaylight/src/main.py"",""pyxel_bubbles"":""games/pyxel/06_click_game.py"",""pyxel_shooter"":""games/pyxel/09_shooter.py"",""space_rescue"":""games/pyxel/apps-src/space_rescue/space_rescue.py""}","{""daylight"":""21a365375249e9d7ea05e78dcfe040f09cc1f0c66bd410bae084190c743a028f"",""pyxel_bubbles"":""54c101e90bdaed839ac4c4284494530d5df37a5819a35f1e41eebb0b3da5d900"",""pyxel_shooter"":""0f53e4156907eac41080a8f289e22c89365b3239517c754cf59a51af201d5563"",""space_rescue"":""f3b0ab6784ae558e64f06a3f0a704e53f107a130aa3d43357659d0850131e461""}",e540cdbceb0c0b7bff8a3891bedbcdd181938a60530dc87ca64a5b22e65333fd
2,113,formal-highfps-v1__colocation__pyxel_shooter+space_rescue__r01,formal-highfps-v1,colocation-main,train,colocation,"[""pyxel_shooter"",""space_rescue""]",pyxel_shooter,"[""space_rescue""]",pyxel_shooter+space_rescue,pyxel_shooter+space_rescue__r01,,,,1,3409492940256028323,10,30,1,10,windows-rtx4060,0,0,grid_2x2,true,80,057fabc1d66b32acf1ad702c264f6243a8e4c6fd5858eefea40153d124f4f0a3,b2f42d80ffebc10a43999056ff5c1814b8e87fd7,data/raw/formal-highfps-v1/formal-highfps-v1__colocation__pyxel_shooter+space_rescue__r01,"{""pyxel_shooter"":""games/pyxel/09_shooter.py"",""space_rescue"":""games/pyxel/apps-src/space_rescue/space_rescue.py""}","{""pyxel_shooter"":""0f53e4156907eac41080a8f289e22c89365b3239517c754cf59a51af201d5563"",""space_rescue"":""f3b0ab6784ae558e64f06a3f0a704e53f107a130aa3d43357659d0850131e461""}",f7bbc2a421567fc222f6bbdf057cc976c7e72683b1389bceb7b57380b40a419d
2,114,formal-highfps-v1__colocation__pyxel_jump+pyxel_platformer+space_rescue__r01,formal-highfps-v1,colocation-main,train,colocation,"[""pyxel_jump"",""pyxel_platformer"",""space_rescue""]",pyxel_jump,"[""pyxel_platformer"",""space_rescue""]",pyxel_jump+pyxel_platformer+space_rescue,pyxel_jump+pyxel_platformer+space_rescue__r01,,,,1,15477863439223556564,10,30,1,10,windows-rtx4060,0,0,grid_2x2,true,80,057fabc1d66b32acf1ad702c264f6243a8e4c6fd5858eefea40153d124f4f0a3,b2f42d80ffebc10a43999056ff5c1814b8e87fd7,data/raw/formal-highfps-v1/formal-highfps-v1__colocation__pyxel_jump+pyxel_platformer+space_rescue__r01,"{""pyxel_jump"":""games/pyxel/02_jump_game.py"",""pyxel_platformer"":""games/pyxel/10_platformer.py"",""space_rescue"":""games/pyxel/apps-src/space_rescue/space_rescue.py""}","{""pyxel_jump"":""4743a825f1c9cae7e049ac52115f4ecf83350db546c00745a54af187d7bc2e46"",""pyxel_platformer"":""1b2c75b49dc9ab0254fb4b724682a4787868814a38d2f08920720dc5b6007ac5"",""space_rescue"":""f3b0ab6784ae558e64f06a3f0a704e53f107a130aa3d43357659d0850131e461""}",3a84cad27821d704a07e8b21b2567c89d9ca0644450197f4c52186fd6f836a33
2,115,formal-highfps-v1__extra__mega_wing+pyxel_shooter+pyxel_snake+space_rescue__r02,formal-highfps-v1,colocation-extra-test,extra_test,extra_test,"[""mega_wing"",""pyxel_shooter"",""pyxel_snake"",""space_rescue""]",mega_wing,"[""pyxel_shooter"",""pyxel_snake"",""space_rescue""]",mega_wing+pyxel_shooter+pyxel_snake+space_rescue,mega_wing+pyxel_shooter+pyxel_snake+space_rescue__r02,,,,2,2237034306085882399,10,30,1,10,windows-rtx4060,0,0,grid_2x2,true,80,057fabc1d66b32acf1ad702c264f6243a8e4c6fd5858eefea40153d124f4f0a3,b2f42d80ffebc10a43999056ff5c1814b8e87fd7,data/raw/formal-highfps-v1/formal-highfps-v1__extra__mega_wing+pyxel_shooter+pyxel_snake+space_rescue__r02,"{""mega_wing"":""games/pyxel/apps-src/mega_wing/mega_wing.py"",""pyxel_shooter"":""games/pyxel/09_shooter.py"",""pyxel_snake"":""games/pyxel/07_snake.py"",""space_rescue"":""games/pyxel/apps-src/space_rescue/space_rescue.py""}","{""mega_wing"":""86bad6c02a303806c58137503739241dc6b1e86695f7c0dbf672b5e1a1464e9f"",""pyxel_shooter"":""0f53e4156907eac41080a8f289e22c89365b3239517c754cf59a51af201d5563"",""pyxel_snake"":""bc533fef92d1d358e570f69d979919fe5c1cd8c4da49841104b49a1e661a5ac3"",""space_rescue"":""f3b0ab6784ae558e64f06a3f0a704e53f107a130aa3d43357659d0850131e461""}",f393b9917593826a126b5f4829488728c34554b4addf9bd16217a57384661734
2,116,formal-highfps-v1__solo__mega_wing__r01,formal-highfps-v1,solo,not_applicable,solo,"[""mega_wing""]",mega_wing,[],,,,,,1,1500800984451425268,10,30,1,10,windows-rtx4060,0,0,grid_2x2,true,80,057fabc1d66b32acf1ad702c264f6243a8e4c6fd5858eefea40153d124f4f0a3,b2f42d80ffebc10a43999056ff5c1814b8e87fd7,data/raw/formal-highfps-v1/formal-highfps-v1__solo__mega_wing__r01,"{""mega_wing"":""games/pyxel/apps-src/mega_wing/mega_wing.py""}","{""mega_wing"":""86bad6c02a303806c58137503739241dc6b1e86695f7c0dbf672b5e1a1464e9f""}",5b19561b9b33ec79419549fc6d1da1538d646b7f88c939171fe96d76f4da0220
2,117,formal-highfps-v1__colocation__daylight+mega_wing+pyxel_jump__r02,formal-highfps-v1,colocation-main,train,colocation,"[""daylight"",""mega_wing"",""pyxel_jump""]",daylight,"[""mega_wing"",""pyxel_jump""]",daylight+mega_wing+pyxel_jump,daylight+mega_wing+pyxel_jump__r02,,,,2,7222004332748656175,10,30,1,10,windows-rtx4060,0,0,grid_2x2,true,80,057fabc1d66b32acf1ad702c264f6243a8e4c6fd5858eefea40153d124f4f0a3,b2f42d80ffebc10a43999056ff5c1814b8e87fd7,data/raw/formal-highfps-v1/formal-highfps-v1__colocation__daylight+mega_wing+pyxel_jump__r02,"{""daylight"":""games/pyxel/apps-src/30SecondsOfDaylight/src/main.py"",""mega_wing"":""games/pyxel/apps-src/mega_wing/mega_wing.py"",""pyxel_jump"":""games/pyxel/02_jump_game.py""}","{""daylight"":""21a365375249e9d7ea05e78dcfe040f09cc1f0c66bd410bae084190c743a028f"",""mega_wing"":""86bad6c02a303806c58137503739241dc6b1e86695f7c0dbf672b5e1a1464e9f"",""pyxel_jump"":""4743a825f1c9cae7e049ac52115f4ecf83350db546c00745a54af187d7bc2e46""}",2c7f17a504e12b2052ecc1b2932ed43a1781adeb12cbe426c170cf4c8307061f
2,118,formal-highfps-v1__colocation__daylight+mega_wing+pyxel_snake__r02,formal-highfps-v1,colocation-main,train,colocation,"[""daylight"",""mega_wing"",""pyxel_snake""]",daylight,"[""mega_wing"",""pyxel_snake""]",daylight+mega_wing+pyxel_snake,daylight+mega_wing+pyxel_snake__r02,,,,2,16449235478986671915,10,30,1,10,windows-rtx4060,0,0,grid_2x2,true,80,057fabc1d66b32acf1ad702c264f6243a8e4c6fd5858eefea40153d124f4f0a3,b2f42d80ffebc10a43999056ff5c1814b8e87fd7,data/raw/formal-highfps-v1/formal-highfps-v1__colocation__daylight+mega_wing+pyxel_snake__r02,"{""daylight"":""games/pyxel/apps-src/30SecondsOfDaylight/src/main.py"",""mega_wing"":""games/pyxel/apps-src/mega_wing/mega_wing.py"",""pyxel_snake"":""games/pyxel/07_snake.py""}","{""daylight"":""21a365375249e9d7ea05e78dcfe040f09cc1f0c66bd410bae084190c743a028f"",""mega_wing"":""86bad6c02a303806c58137503739241dc6b1e86695f7c0dbf672b5e1a1464e9f"",""pyxel_snake"":""bc533fef92d1d358e570f69d979919fe5c1cd8c4da49841104b49a1e661a5ac3""}",15e5dc2d5427bf3a18fb19bff6d33a80d091868edd7bc65558c1017d5d4fea2d
2,119,formal-highfps-v1__colocation__mega_wing+pyxel_bubbles__r03,formal-highfps-v1,colocation-main,test,colocation,"[""mega_wing"",""pyxel_bubbles""]",mega_wing,"[""pyxel_bubbles""]",mega_wing+pyxel_bubbles,mega_wing+pyxel_bubbles__r03,,,,3,3866551881507876657,10,30,1,10,windows-rtx4060,0,0,grid_2x2,true,80,057fabc1d66b32acf1ad702c264f6243a8e4c6fd5858eefea40153d124f4f0a3,b2f42d80ffebc10a43999056ff5c1814b8e87fd7,data/raw/formal-highfps-v1/formal-highfps-v1__colocation__mega_wing+pyxel_bubbles__r03,"{""mega_wing"":""games/pyxel/apps-src/mega_wing/mega_wing.py"",""pyxel_bubbles"":""games/pyxel/06_click_game.py""}","{""mega_wing"":""86bad6c02a303806c58137503739241dc6b1e86695f7c0dbf672b5e1a1464e9f"",""pyxel_bubbles"":""54c101e90bdaed839ac4c4284494530d5df37a5819a35f1e41eebb0b3da5d900""}",1d724dd7924a11cbe1bf59c5b3195799f36caec9c0aa33662baa07a1c74f1bc1
2,120,formal-highfps-v1__colocation__pyxel_jump+pyxel_platformer__r01,formal-highfps-v1,colocation-main,train,colocation,"[""pyxel_jump"",""pyxel_platformer""]",pyxel_jump,"[""pyxel_platformer""]",pyxel_jump+pyxel_platformer,pyxel_jump+pyxel_platformer__r01,,,,1,2222832000482788960,10,30,1,10,windows-rtx4060,0,0,grid_2x2,true,80,057fabc1d66b32acf1ad702c264f6243a8e4c6fd5858eefea40153d124f4f0a3,b2f42d80ffebc10a43999056ff5c1814b8e87fd7,data/raw/formal-highfps-v1/formal-highfps-v1__colocation__pyxel_jump+pyxel_platformer__r01,"{""pyxel_jump"":""games/pyxel/02_jump_game.py"",""pyxel_platformer"":""games/pyxel/10_platformer.py""}","{""pyxel_jump"":""4743a825f1c9cae7e049ac52115f4ecf83350db546c00745a54af187d7bc2e46"",""pyxel_platformer"":""1b2c75b49dc9ab0254fb4b724682a4787868814a38d2f08920720dc5b6007ac5""}",5af2ca330fa52f02b59d41c352bc1c4ba9d7af4b615533173c7005a94273b1bf
2,121,formal-highfps-v1__colocation__daylight+mega_wing+space_rescue__r01,formal-highfps-v1,colocation-main,train,colocation,"[""daylight"",""mega_wing"",""space_rescue""]",daylight,"[""mega_wing"",""space_rescue""]",daylight+mega_wing+space_rescue,daylight+mega_wing+space_rescue__r01,,,,1,15957915614535664156,10,30,1,10,windows-rtx4060,0,0,grid_2x2,true,80,057fabc1d66b32acf1ad702c264f6243a8e4c6fd5858eefea40153d124f4f0a3,b2f42d80ffebc10a43999056ff5c1814b8e87fd7,data/raw/formal-highfps-v1/formal-highfps-v1__colocation__daylight+mega_wing+space_rescue__r01,"{""daylight"":""games/pyxel/apps-src/30SecondsOfDaylight/src/main.py"",""mega_wing"":""games/pyxel/apps-src/mega_wing/mega_wing.py"",""space_rescue"":""games/pyxel/apps-src/space_rescue/space_rescue.py""}","{""daylight"":""21a365375249e9d7ea05e78dcfe040f09cc1f0c66bd410bae084190c743a028f"",""mega_wing"":""86bad6c02a303806c58137503739241dc6b1e86695f7c0dbf672b5e1a1464e9f"",""space_rescue"":""f3b0ab6784ae558e64f06a3f0a704e53f107a130aa3d43357659d0850131e461""}",5f9d001a5e3f14d0405f7723063d4597b2ec738423f2ff5f28c48d4b6668f653
2,122,formal-highfps-v1__colocation__pyxel_jump+pyxel_shooter+space_rescue__r01,formal-highfps-v1,colocation-main,validation,colocation,"[""pyxel_jump"",""pyxel_shooter"",""space_rescue""]",pyxel_jump,"[""pyxel_shooter"",""space_rescue""]",pyxel_jump+pyxel_shooter+space_rescue,pyxel_jump+pyxel_shooter+space_rescue__r01,,,,1,10585855373280229993,10,30,1,10,windows-rtx4060,0,0,grid_2x2,true,80,057fabc1d66b32acf1ad702c264f6243a8e4c6fd5858eefea40153d124f4f0a3,b2f42d80ffebc10a43999056ff5c1814b8e87fd7,data/raw/formal-highfps-v1/formal-highfps-v1__colocation__pyxel_jump+pyxel_shooter+space_rescue__r01,"{""pyxel_jump"":""games/pyxel/02_jump_game.py"",""pyxel_shooter"":""games/pyxel/09_shooter.py"",""space_rescue"":""games/pyxel/apps-src/space_rescue/space_rescue.py""}","{""pyxel_jump"":""4743a825f1c9cae7e049ac52115f4ecf83350db546c00745a54af187d7bc2e46"",""pyxel_shooter"":""0f53e4156907eac41080a8f289e22c89365b3239517c754cf59a51af201d5563"",""space_rescue"":""f3b0ab6784ae558e64f06a3f0a704e53f107a130aa3d43357659d0850131e461""}",d02a8ff5a59f4682325c3c1f5ee0ba3d2af3cb38fbab82382ef0f4c3b4940409
2,123,formal-highfps-v1__colocation__daylight+pyxel_snake__r03,formal-highfps-v1,colocation-main,train,colocation,"[""daylight"",""pyxel_snake""]",daylight,"[""pyxel_snake""]",daylight+pyxel_snake,daylight+pyxel_snake__r03,,,,3,7978178955031978726,10,30,1,10,windows-rtx4060,0,0,grid_2x2,true,80,057fabc1d66b32acf1ad702c264f6243a8e4c6fd5858eefea40153d124f4f0a3,b2f42d80ffebc10a43999056ff5c1814b8e87fd7,data/raw/formal-highfps-v1/formal-highfps-v1__colocation__daylight+pyxel_snake__r03,"{""daylight"":""games/pyxel/apps-src/30SecondsOfDaylight/src/main.py"",""pyxel_snake"":""games/pyxel/07_snake.py""}","{""daylight"":""21a365375249e9d7ea05e78dcfe040f09cc1f0c66bd410bae084190c743a028f"",""pyxel_snake"":""bc533fef92d1d358e570f69d979919fe5c1cd8c4da49841104b49a1e661a5ac3""}",24a0425af25ee25a1e13f356bbfe9ef1e82f0ab7cdb4d5ea684bca01cf34584b
2,124,formal-highfps-v1__colocation__mega_wing+pyxel_platformer__r01,formal-highfps-v1,colocation-main,test,colocation,"[""mega_wing"",""pyxel_platformer""]",mega_wing,"[""pyxel_platformer""]",mega_wing+pyxel_platformer,mega_wing+pyxel_platformer__r01,,,,1,9144383866124476024,10,30,1,10,windows-rtx4060,0,0,grid_2x2,true,80,057fabc1d66b32acf1ad702c264f6243a8e4c6fd5858eefea40153d124f4f0a3,b2f42d80ffebc10a43999056ff5c1814b8e87fd7,data/raw/formal-highfps-v1/formal-highfps-v1__colocation__mega_wing+pyxel_platformer__r01,"{""mega_wing"":""games/pyxel/apps-src/mega_wing/mega_wing.py"",""pyxel_platformer"":""games/pyxel/10_platformer.py""}","{""mega_wing"":""86bad6c02a303806c58137503739241dc6b1e86695f7c0dbf672b5e1a1464e9f"",""pyxel_platformer"":""1b2c75b49dc9ab0254fb4b724682a4787868814a38d2f08920720dc5b6007ac5""}",a8fb23d990e4e6aa1cfcd54269585a16b9afbf9063c073ee71c685a149943c22
2,125,formal-highfps-v1__colocation__mega_wing+pyxel_bubbles+pyxel_jump__r01,formal-highfps-v1,colocation-main,train,colocation,"[""mega_wing"",""pyxel_bubbles"",""pyxel_jump""]",mega_wing,"[""pyxel_bubbles"",""pyxel_jump""]",mega_wing+pyxel_bubbles+pyxel_jump,mega_wing+pyxel_bubbles+pyxel_jump__r01,,,,1,12568386172004482002,10,30,1,10,windows-rtx4060,0,0,grid_2x2,true,80,057fabc1d66b32acf1ad702c264f6243a8e4c6fd5858eefea40153d124f4f0a3,b2f42d80ffebc10a43999056ff5c1814b8e87fd7,data/raw/formal-highfps-v1/formal-highfps-v1__colocation__mega_wing+pyxel_bubbles+pyxel_jump__r01,"{""mega_wing"":""games/pyxel/apps-src/mega_wing/mega_wing.py"",""pyxel_bubbles"":""games/pyxel/06_click_game.py"",""pyxel_jump"":""games/pyxel/02_jump_game.py""}","{""mega_wing"":""86bad6c02a303806c58137503739241dc6b1e86695f7c0dbf672b5e1a1464e9f"",""pyxel_bubbles"":""54c101e90bdaed839ac4c4284494530d5df37a5819a35f1e41eebb0b3da5d900"",""pyxel_jump"":""4743a825f1c9cae7e049ac52115f4ecf83350db546c00745a54af187d7bc2e46""}",dbdec6d64422e0506b678f9c76f737d309c3a3253d1da6cc77acb5dec0d88809
2,126,formal-highfps-v1__colocation__pyxel_platformer+space_rescue__r03,formal-highfps-v1,colocation-main,train,colocation,"[""pyxel_platformer"",""space_rescue""]",pyxel_platformer,"[""space_rescue""]",pyxel_platformer+space_rescue,pyxel_platformer+space_rescue__r03,,,,3,12216575843737977223,10,30,1,10,windows-rtx4060,0,0,grid_2x2,true,80,057fabc1d66b32acf1ad702c264f6243a8e4c6fd5858eefea40153d124f4f0a3,b2f42d80ffebc10a43999056ff5c1814b8e87fd7,data/raw/formal-highfps-v1/formal-highfps-v1__colocation__pyxel_platformer+space_rescue__r03,"{""pyxel_platformer"":""games/pyxel/10_platformer.py"",""space_rescue"":""games/pyxel/apps-src/space_rescue/space_rescue.py""}","{""pyxel_platformer"":""1b2c75b49dc9ab0254fb4b724682a4787868814a38d2f08920720dc5b6007ac5"",""space_rescue"":""f3b0ab6784ae558e64f06a3f0a704e53f107a130aa3d43357659d0850131e461""}",7541f27c58acbf52f215a7ed6fa33a2cb92f1915a25ae40331747c1915dec16f
2,127,formal-highfps-v1__colocation__pyxel_platformer+pyxel_snake+space_rescue__r01,formal-highfps-v1,colocation-main,validation,colocation,"[""pyxel_platformer"",""pyxel_snake"",""space_rescue""]",pyxel_platformer,"[""pyxel_snake"",""space_rescue""]",pyxel_platformer+pyxel_snake+space_rescue,pyxel_platformer+pyxel_snake+space_rescue__r01,,,,1,166779263219510929,10,30,1,10,windows-rtx4060,0,0,grid_2x2,true,80,057fabc1d66b32acf1ad702c264f6243a8e4c6fd5858eefea40153d124f4f0a3,b2f42d80ffebc10a43999056ff5c1814b8e87fd7,data/raw/formal-highfps-v1/formal-highfps-v1__colocation__pyxel_platformer+pyxel_snake+space_rescue__r01,"{""pyxel_platformer"":""games/pyxel/10_platformer.py"",""pyxel_snake"":""games/pyxel/07_snake.py"",""space_rescue"":""games/pyxel/apps-src/space_rescue/space_rescue.py""}","{""pyxel_platformer"":""1b2c75b49dc9ab0254fb4b724682a4787868814a38d2f08920720dc5b6007ac5"",""pyxel_snake"":""bc533fef92d1d358e570f69d979919fe5c1cd8c4da49841104b49a1e661a5ac3"",""space_rescue"":""f3b0ab6784ae558e64f06a3f0a704e53f107a130aa3d43357659d0850131e461""}",1ea0b51835b546d71ba73754d90741e242bb142864bacd048c566290e336c697
2,128,formal-highfps-v1__colocation__pyxel_bubbles+pyxel_jump+pyxel_snake__r02,formal-highfps-v1,colocation-main,train,colocation,"[""pyxel_bubbles"",""pyxel_jump"",""pyxel_snake""]",pyxel_bubbles,"[""pyxel_jump"",""pyxel_snake""]",pyxel_bubbles+pyxel_jump+pyxel_snake,pyxel_bubbles+pyxel_jump+pyxel_snake__r02,,,,2,18007583804090981825,10,30,1,10,windows-rtx4060,0,0,grid_2x2,true,80,057fabc1d66b32acf1ad702c264f6243a8e4c6fd5858eefea40153d124f4f0a3,b2f42d80ffebc10a43999056ff5c1814b8e87fd7,data/raw/formal-highfps-v1/formal-highfps-v1__colocation__pyxel_bubbles+pyxel_jump+pyxel_snake__r02,"{""pyxel_bubbles"":""games/pyxel/06_click_game.py"",""pyxel_jump"":""games/pyxel/02_jump_game.py"",""pyxel_snake"":""games/pyxel/07_snake.py""}","{""pyxel_bubbles"":""54c101e90bdaed839ac4c4284494530d5df37a5819a35f1e41eebb0b3da5d900"",""pyxel_jump"":""4743a825f1c9cae7e049ac52115f4ecf83350db546c00745a54af187d7bc2e46"",""pyxel_snake"":""bc533fef92d1d358e570f69d979919fe5c1cd8c4da49841104b49a1e661a5ac3""}",4ce1ee090fca73337f6cade3f936167591fc4846fe198123fe3e1110a02a1d8b
2,129,formal-highfps-v1__colocation__pyxel_shooter+pyxel_snake+space_rescue__r01,formal-highfps-v1,colocation-main,validation,colocation,"[""pyxel_shooter"",""pyxel_snake"",""space_rescue""]",pyxel_shooter,"[""pyxel_snake"",""space_rescue""]",pyxel_shooter+pyxel_snake+space_rescue,pyxel_shooter+pyxel_snake+space_rescue__r01,,,,1,6654188469517042076,10,30,1,10,windows-rtx4060,0,0,grid_2x2,true,80,057fabc1d66b32acf1ad702c264f6243a8e4c6fd5858eefea40153d124f4f0a3,b2f42d80ffebc10a43999056ff5c1814b8e87fd7,data/raw/formal-highfps-v1/formal-highfps-v1__colocation__pyxel_shooter+pyxel_snake+space_rescue__r01,"{""pyxel_shooter"":""games/pyxel/09_shooter.py"",""pyxel_snake"":""games/pyxel/07_snake.py"",""space_rescue"":""games/pyxel/apps-src/space_rescue/space_rescue.py""}","{""pyxel_shooter"":""0f53e4156907eac41080a8f289e22c89365b3239517c754cf59a51af201d5563"",""pyxel_snake"":""bc533fef92d1d358e570f69d979919fe5c1cd8c4da49841104b49a1e661a5ac3"",""space_rescue"":""f3b0ab6784ae558e64f06a3f0a704e53f107a130aa3d43357659d0850131e461""}",054c6230b99d5c4e3205b3fd8dddeeb734aa833a39293017a9cb8d24d6da93d4
2,130,formal-highfps-v1__colocation__mega_wing+pyxel_jump+pyxel_platformer__r01,formal-highfps-v1,colocation-main,train,colocation,"[""mega_wing"",""pyxel_jump"",""pyxel_platformer""]",mega_wing,"[""pyxel_jump"",""pyxel_platformer""]",mega_wing+pyxel_jump+pyxel_platformer,mega_wing+pyxel_jump+pyxel_platformer__r01,,,,1,7191685246271050818,10,30,1,10,windows-rtx4060,0,0,grid_2x2,true,80,057fabc1d66b32acf1ad702c264f6243a8e4c6fd5858eefea40153d124f4f0a3,b2f42d80ffebc10a43999056ff5c1814b8e87fd7,data/raw/formal-highfps-v1/formal-highfps-v1__colocation__mega_wing+pyxel_jump+pyxel_platformer__r01,"{""mega_wing"":""games/pyxel/apps-src/mega_wing/mega_wing.py"",""pyxel_jump"":""games/pyxel/02_jump_game.py"",""pyxel_platformer"":""games/pyxel/10_platformer.py""}","{""mega_wing"":""86bad6c02a303806c58137503739241dc6b1e86695f7c0dbf672b5e1a1464e9f"",""pyxel_jump"":""4743a825f1c9cae7e049ac52115f4ecf83350db546c00745a54af187d7bc2e46"",""pyxel_platformer"":""1b2c75b49dc9ab0254fb4b724682a4787868814a38d2f08920720dc5b6007ac5""}",e949b6776d3493367ab9fe47e6718e3af4261fd1f5b5739392cbe55b354991a1
2,131,formal-highfps-v1__colocation__daylight+pyxel_jump+pyxel_shooter__r02,formal-highfps-v1,colocation-main,train,colocation,"[""daylight"",""pyxel_jump"",""pyxel_shooter""]",daylight,"[""pyxel_jump"",""pyxel_shooter""]",daylight+pyxel_jump+pyxel_shooter,daylight+pyxel_jump+pyxel_shooter__r02,,,,2,2064611591229211055,10,30,1,10,windows-rtx4060,0,0,grid_2x2,true,80,057fabc1d66b32acf1ad702c264f6243a8e4c6fd5858eefea40153d124f4f0a3,b2f42d80ffebc10a43999056ff5c1814b8e87fd7,data/raw/formal-highfps-v1/formal-highfps-v1__colocation__daylight+pyxel_jump+pyxel_shooter__r02,"{""daylight"":""games/pyxel/apps-src/30SecondsOfDaylight/src/main.py"",""pyxel_jump"":""games/pyxel/02_jump_game.py"",""pyxel_shooter"":""games/pyxel/09_shooter.py""}","{""daylight"":""21a365375249e9d7ea05e78dcfe040f09cc1f0c66bd410bae084190c743a028f"",""pyxel_jump"":""4743a825f1c9cae7e049ac52115f4ecf83350db546c00745a54af187d7bc2e46"",""pyxel_shooter"":""0f53e4156907eac41080a8f289e22c89365b3239517c754cf59a51af201d5563""}",08f30f45a83518acecf998e8cefc086103798434859e9fe5177fa5bec0f6c94e
2,132,formal-highfps-v1__colocation__pyxel_jump+pyxel_shooter__r01,formal-highfps-v1,colocation-main,train,colocation,"[""pyxel_jump"",""pyxel_shooter""]",pyxel_jump,"[""pyxel_shooter""]",pyxel_jump+pyxel_shooter,pyxel_jump+pyxel_shooter__r01,,,,1,11687499499354652478,10,30,1,10,windows-rtx4060,0,0,grid_2x2,true,80,057fabc1d66b32acf1ad702c264f6243a8e4c6fd5858eefea40153d124f4f0a3,b2f42d80ffebc10a43999056ff5c1814b8e87fd7,data/raw/formal-highfps-v1/formal-highfps-v1__colocation__pyxel_jump+pyxel_shooter__r01,"{""pyxel_jump"":""games/pyxel/02_jump_game.py"",""pyxel_shooter"":""games/pyxel/09_shooter.py""}","{""pyxel_jump"":""4743a825f1c9cae7e049ac52115f4ecf83350db546c00745a54af187d7bc2e46"",""pyxel_shooter"":""0f53e4156907eac41080a8f289e22c89365b3239517c754cf59a51af201d5563""}",7dd32a66147ab385c72f08fdbca666f4993793d48f3a13d2c2ce93b647b964df
2,133,formal-highfps-v1__colocation__daylight+pyxel_bubbles+pyxel_platformer__r03,formal-highfps-v1,colocation-main,test,colocation,"[""daylight"",""pyxel_bubbles"",""pyxel_platformer""]",daylight,"[""pyxel_bubbles"",""pyxel_platformer""]",daylight+pyxel_bubbles+pyxel_platformer,daylight+pyxel_bubbles+pyxel_platformer__r03,,,,3,12678075072709660838,10,30,1,10,windows-rtx4060,0,0,grid_2x2,true,80,057fabc1d66b32acf1ad702c264f6243a8e4c6fd5858eefea40153d124f4f0a3,b2f42d80ffebc10a43999056ff5c1814b8e87fd7,data/raw/formal-highfps-v1/formal-highfps-v1__colocation__daylight+pyxel_bubbles+pyxel_platformer__r03,"{""daylight"":""games/pyxel/apps-src/30SecondsOfDaylight/src/main.py"",""pyxel_bubbles"":""games/pyxel/06_click_game.py"",""pyxel_platformer"":""games/pyxel/10_platformer.py""}","{""daylight"":""21a365375249e9d7ea05e78dcfe040f09cc1f0c66bd410bae084190c743a028f"",""pyxel_bubbles"":""54c101e90bdaed839ac4c4284494530d5df37a5819a35f1e41eebb0b3da5d900"",""pyxel_platformer"":""1b2c75b49dc9ab0254fb4b724682a4787868814a38d2f08920720dc5b6007ac5""}",4abf69d937a2e017ed403f69be2636929234de3d929b714ecdcf71109c77b898
2,134,formal-highfps-v1__colocation__daylight+mega_wing__r02,formal-highfps-v1,colocation-main,test,colocation,"[""daylight"",""mega_wing""]",daylight,"[""mega_wing""]",daylight+mega_wing,daylight+mega_wing__r02,,,,2,6551194622992065329,10,30,1,10,windows-rtx4060,0,0,grid_2x2,true,80,057fabc1d66b32acf1ad702c264f6243a8e4c6fd5858eefea40153d124f4f0a3,b2f42d80ffebc10a43999056ff5c1814b8e87fd7,data/raw/formal-highfps-v1/formal-highfps-v1__colocation__daylight+mega_wing__r02,"{""daylight"":""games/pyxel/apps-src/30SecondsOfDaylight/src/main.py"",""mega_wing"":""games/pyxel/apps-src/mega_wing/mega_wing.py""}","{""daylight"":""21a365375249e9d7ea05e78dcfe040f09cc1f0c66bd410bae084190c743a028f"",""mega_wing"":""86bad6c02a303806c58137503739241dc6b1e86695f7c0dbf672b5e1a1464e9f""}",eab4b63b9fadd575f6e21d9b22c46d0ed5d066d6516fa4aed9bd2551269e5cf2
2,135,formal-highfps-v1__solo__pyxel_shooter__r01,formal-highfps-v1,solo,not_applicable,solo,"[""pyxel_shooter""]",pyxel_shooter,[],,,,,,1,3277195567229385787,10,30,1,10,windows-rtx4060,0,0,grid_2x2,true,80,057fabc1d66b32acf1ad702c264f6243a8e4c6fd5858eefea40153d124f4f0a3,b2f42d80ffebc10a43999056ff5c1814b8e87fd7,data/raw/formal-highfps-v1/formal-highfps-v1__solo__pyxel_shooter__r01,"{""pyxel_shooter"":""games/pyxel/09_shooter.py""}","{""pyxel_shooter"":""0f53e4156907eac41080a8f289e22c89365b3239517c754cf59a51af201d5563""}",97378c05f2d176c5ab1d8dd8fcbd9c13a492de0a30bad92399ae8b8b563ee177
2,136,formal-highfps-v1__colocation__pyxel_snake+space_rescue__r02,formal-highfps-v1,colocation-main,train,colocation,"[""pyxel_snake"",""space_rescue""]",pyxel_snake,"[""space_rescue""]",pyxel_snake+space_rescue,pyxel_snake+space_rescue__r02,,,,2,812211289709381654,10,30,1,10,windows-rtx4060,0,0,grid_2x2,true,80,057fabc1d66b32acf1ad702c264f6243a8e4c6fd5858eefea40153d124f4f0a3,b2f42d80ffebc10a43999056ff5c1814b8e87fd7,data/raw/formal-highfps-v1/formal-highfps-v1__colocation__pyxel_snake+space_rescue__r02,"{""pyxel_snake"":""games/pyxel/07_snake.py"",""space_rescue"":""games/pyxel/apps-src/space_rescue/space_rescue.py""}","{""pyxel_snake"":""bc533fef92d1d358e570f69d979919fe5c1cd8c4da49841104b49a1e661a5ac3"",""space_rescue"":""f3b0ab6784ae558e64f06a3f0a704e53f107a130aa3d43357659d0850131e461""}",cf5932c7e3f18202de57ddfbf34d83b10380d5aeacbb62a3b04cc0f44a6efcf2
2,137,formal-highfps-v1__colocation__mega_wing+pyxel_bubbles__r02,formal-highfps-v1,colocation-main,test,colocation,"[""mega_wing"",""pyxel_bubbles""]",mega_wing,"[""pyxel_bubbles""]",mega_wing+pyxel_bubbles,mega_wing+pyxel_bubbles__r02,,,,2,17747459958470337110,10,30,1,10,windows-rtx4060,0,0,grid_2x2,true,80,057fabc1d66b32acf1ad702c264f6243a8e4c6fd5858eefea40153d124f4f0a3,b2f42d80ffebc10a43999056ff5c1814b8e87fd7,data/raw/formal-highfps-v1/formal-highfps-v1__colocation__mega_wing+pyxel_bubbles__r02,"{""mega_wing"":""games/pyxel/apps-src/mega_wing/mega_wing.py"",""pyxel_bubbles"":""games/pyxel/06_click_game.py""}","{""mega_wing"":""86bad6c02a303806c58137503739241dc6b1e86695f7c0dbf672b5e1a1464e9f"",""pyxel_bubbles"":""54c101e90bdaed839ac4c4284494530d5df37a5819a35f1e41eebb0b3da5d900""}",d7296cf2019578f3652c7f0a4da3b9e3a233db0836b36e36e555672d36a6cf18
2,138,formal-highfps-v1__colocation__daylight+mega_wing+pyxel_jump__r03,formal-highfps-v1,colocation-main,train,colocation,"[""daylight"",""mega_wing"",""pyxel_jump""]",daylight,"[""mega_wing"",""pyxel_jump""]",daylight+mega_wing+pyxel_jump,daylight+mega_wing+pyxel_jump__r03,,,,3,7795244758432961513,10,30,1,10,windows-rtx4060,0,0,grid_2x2,true,80,057fabc1d66b32acf1ad702c264f6243a8e4c6fd5858eefea40153d124f4f0a3,b2f42d80ffebc10a43999056ff5c1814b8e87fd7,data/raw/formal-highfps-v1/formal-highfps-v1__colocation__daylight+mega_wing+pyxel_jump__r03,"{""daylight"":""games/pyxel/apps-src/30SecondsOfDaylight/src/main.py"",""mega_wing"":""games/pyxel/apps-src/mega_wing/mega_wing.py"",""pyxel_jump"":""games/pyxel/02_jump_game.py""}","{""daylight"":""21a365375249e9d7ea05e78dcfe040f09cc1f0c66bd410bae084190c743a028f"",""mega_wing"":""86bad6c02a303806c58137503739241dc6b1e86695f7c0dbf672b5e1a1464e9f"",""pyxel_jump"":""4743a825f1c9cae7e049ac52115f4ecf83350db546c00745a54af187d7bc2e46""}",7cfedf9e94908e2ccd0a3e13015ab57667cdc02099e2a6b5014bf4300a1d1846
2,139,formal-highfps-v1__extra__mega_wing+pyxel_bubbles+pyxel_jump+space_rescue__r03,formal-highfps-v1,colocation-extra-test,extra_test,extra_test,"[""mega_wing"",""pyxel_bubbles"",""pyxel_jump"",""space_rescue""]",mega_wing,"[""pyxel_bubbles"",""pyxel_jump"",""space_rescue""]",mega_wing+pyxel_bubbles+pyxel_jump+space_rescue,mega_wing+pyxel_bubbles+pyxel_jump+space_rescue__r03,,,,3,7783474005910821502,10,30,1,10,windows-rtx4060,0,0,grid_2x2,true,80,057fabc1d66b32acf1ad702c264f6243a8e4c6fd5858eefea40153d124f4f0a3,b2f42d80ffebc10a43999056ff5c1814b8e87fd7,data/raw/formal-highfps-v1/formal-highfps-v1__extra__mega_wing+pyxel_bubbles+pyxel_jump+space_rescue__r03,"{""mega_wing"":""games/pyxel/apps-src/mega_wing/mega_wing.py"",""pyxel_bubbles"":""games/pyxel/06_click_game.py"",""pyxel_jump"":""games/pyxel/02_jump_game.py"",""space_rescue"":""games/pyxel/apps-src/space_rescue/space_rescue.py""}","{""mega_wing"":""86bad6c02a303806c58137503739241dc6b1e86695f7c0dbf672b5e1a1464e9f"",""pyxel_bubbles"":""54c101e90bdaed839ac4c4284494530d5df37a5819a35f1e41eebb0b3da5d900"",""pyxel_jump"":""4743a825f1c9cae7e049ac52115f4ecf83350db546c00745a54af187d7bc2e46"",""space_rescue"":""f3b0ab6784ae558e64f06a3f0a704e53f107a130aa3d43357659d0850131e461""}",3d67e946a91b344a5e5bf584009d22a9d332f9fc153c0e51a1e160a525da7bf6
2,140,formal-highfps-v1__colocation__pyxel_platformer+space_rescue__r01,formal-highfps-v1,colocation-main,train,colocation,"[""pyxel_platformer"",""space_rescue""]",pyxel_platformer,"[""space_rescue""]",pyxel_platformer+space_rescue,pyxel_platformer+space_rescue__r01,,,,1,2131886455317589181,10,30,1,10,windows-rtx4060,0,0,grid_2x2,true,80,057fabc1d66b32acf1ad702c264f6243a8e4c6fd5858eefea40153d124f4f0a3,b2f42d80ffebc10a43999056ff5c1814b8e87fd7,data/raw/formal-highfps-v1/formal-highfps-v1__colocation__pyxel_platformer+space_rescue__r01,"{""pyxel_platformer"":""games/pyxel/10_platformer.py"",""space_rescue"":""games/pyxel/apps-src/space_rescue/space_rescue.py""}","{""pyxel_platformer"":""1b2c75b49dc9ab0254fb4b724682a4787868814a38d2f08920720dc5b6007ac5"",""space_rescue"":""f3b0ab6784ae558e64f06a3f0a704e53f107a130aa3d43357659d0850131e461""}",d1e81ddfd85b87337fb743d47509e88e1b8dd6f24fd02e7117139ff5abaf40ed
2,141,formal-highfps-v1__solo__mega_wing__r02,formal-highfps-v1,solo,not_applicable,solo,"[""mega_wing""]",mega_wing,[],,,,,,2,6782080090585756855,10,30,1,10,windows-rtx4060,0,0,grid_2x2,true,80,057fabc1d66b32acf1ad702c264f6243a8e4c6fd5858eefea40153d124f4f0a3,b2f42d80ffebc10a43999056ff5c1814b8e87fd7,data/raw/formal-highfps-v1/formal-highfps-v1__solo__mega_wing__r02,"{""mega_wing"":""games/pyxel/apps-src/mega_wing/mega_wing.py""}","{""mega_wing"":""86bad6c02a303806c58137503739241dc6b1e86695f7c0dbf672b5e1a1464e9f""}",d4b17cb08ed8a46fb8a04a9980128477b825e3fa59093911c1d97ac5bbd153b9
2,142,formal-highfps-v1__colocation__daylight+pyxel_jump__r02,formal-highfps-v1,colocation-main,test,colocation,"[""daylight"",""pyxel_jump""]",daylight,"[""pyxel_jump""]",daylight+pyxel_jump,daylight+pyxel_jump__r02,,,,2,9029325478432763297,10,30,1,10,windows-rtx4060,0,0,grid_2x2,true,80,057fabc1d66b32acf1ad702c264f6243a8e4c6fd5858eefea40153d124f4f0a3,b2f42d80ffebc10a43999056ff5c1814b8e87fd7,data/raw/formal-highfps-v1/formal-highfps-v1__colocation__daylight+pyxel_jump__r02,"{""daylight"":""games/pyxel/apps-src/30SecondsOfDaylight/src/main.py"",""pyxel_jump"":""games/pyxel/02_jump_game.py""}","{""daylight"":""21a365375249e9d7ea05e78dcfe040f09cc1f0c66bd410bae084190c743a028f"",""pyxel_jump"":""4743a825f1c9cae7e049ac52115f4ecf83350db546c00745a54af187d7bc2e46""}",ac6aab2c24064dc4ea821e72c2d01ba0001411b58a5a514985c7f82a41706b62
2,143,formal-highfps-v1__colocation__mega_wing+space_rescue__r03,formal-highfps-v1,colocation-main,validation,colocation,"[""mega_wing"",""space_rescue""]",mega_wing,"[""space_rescue""]",mega_wing+space_rescue,mega_wing+space_rescue__r03,,,,3,11531573012873339119,10,30,1,10,windows-rtx4060,0,0,grid_2x2,true,80,057fabc1d66b32acf1ad702c264f6243a8e4c6fd5858eefea40153d124f4f0a3,b2f42d80ffebc10a43999056ff5c1814b8e87fd7,data/raw/formal-highfps-v1/formal-highfps-v1__colocation__mega_wing+space_rescue__r03,"{""mega_wing"":""games/pyxel/apps-src/mega_wing/mega_wing.py"",""space_rescue"":""games/pyxel/apps-src/space_rescue/space_rescue.py""}","{""mega_wing"":""86bad6c02a303806c58137503739241dc6b1e86695f7c0dbf672b5e1a1464e9f"",""space_rescue"":""f3b0ab6784ae558e64f06a3f0a704e53f107a130aa3d43357659d0850131e461""}",72ce0739cf0c92f0babdc880e8b1cae4db82feca018d9d0563b2e859848ad259
2,144,formal-highfps-v1__colocation__mega_wing+pyxel_platformer__r02,formal-highfps-v1,colocation-main,test,colocation,"[""mega_wing"",""pyxel_platformer""]",mega_wing,"[""pyxel_platformer""]",mega_wing+pyxel_platformer,mega_wing+pyxel_platformer__r02,,,,2,1539321592536955873,10,30,1,10,windows-rtx4060,0,0,grid_2x2,true,80,057fabc1d66b32acf1ad702c264f6243a8e4c6fd5858eefea40153d124f4f0a3,b2f42d80ffebc10a43999056ff5c1814b8e87fd7,data/raw/formal-highfps-v1/formal-highfps-v1__colocation__mega_wing+pyxel_platformer__r02,"{""mega_wing"":""games/pyxel/apps-src/mega_wing/mega_wing.py"",""pyxel_platformer"":""games/pyxel/10_platformer.py""}","{""mega_wing"":""86bad6c02a303806c58137503739241dc6b1e86695f7c0dbf672b5e1a1464e9f"",""pyxel_platformer"":""1b2c75b49dc9ab0254fb4b724682a4787868814a38d2f08920720dc5b6007ac5""}",3b88b0a90c0ddddaff704268b680b251ba5bb292f3857728b5b24543251d09be
2,145,formal-highfps-v1__extra__daylight+pyxel_jump+pyxel_snake+space_rescue__r01,formal-highfps-v1,colocation-extra-test,extra_test,extra_test,"[""daylight"",""pyxel_jump"",""pyxel_snake"",""space_rescue""]",daylight,"[""pyxel_jump"",""pyxel_snake"",""space_rescue""]",daylight+pyxel_jump+pyxel_snake+space_rescue,daylight+pyxel_jump+pyxel_snake+space_rescue__r01,,,,1,9777641872591028060,10,30,1,10,windows-rtx4060,0,0,grid_2x2,true,80,057fabc1d66b32acf1ad702c264f6243a8e4c6fd5858eefea40153d124f4f0a3,b2f42d80ffebc10a43999056ff5c1814b8e87fd7,data/raw/formal-highfps-v1/formal-highfps-v1__extra__daylight+pyxel_jump+pyxel_snake+space_rescue__r01,"{""daylight"":""games/pyxel/apps-src/30SecondsOfDaylight/src/main.py"",""pyxel_jump"":""games/pyxel/02_jump_game.py"",""pyxel_snake"":""games/pyxel/07_snake.py"",""space_rescue"":""games/pyxel/apps-src/space_rescue/space_rescue.py""}","{""daylight"":""21a365375249e9d7ea05e78dcfe040f09cc1f0c66bd410bae084190c743a028f"",""pyxel_jump"":""4743a825f1c9cae7e049ac52115f4ecf83350db546c00745a54af187d7bc2e46"",""pyxel_snake"":""bc533fef92d1d358e570f69d979919fe5c1cd8c4da49841104b49a1e661a5ac3"",""space_rescue"":""f3b0ab6784ae558e64f06a3f0a704e53f107a130aa3d43357659d0850131e461""}",bd724a55b03a998d8d2444aac7f7069b3479734ae27dae6399181b4932cbd33c
2,146,formal-highfps-v1__colocation__daylight+pyxel_bubbles+pyxel_jump__r01,formal-highfps-v1,colocation-main,test,colocation,"[""daylight"",""pyxel_bubbles"",""pyxel_jump""]",daylight,"[""pyxel_bubbles"",""pyxel_jump""]",daylight+pyxel_bubbles+pyxel_jump,daylight+pyxel_bubbles+pyxel_jump__r01,,,,1,10034402020970911095,10,30,1,10,windows-rtx4060,0,0,grid_2x2,true,80,057fabc1d66b32acf1ad702c264f6243a8e4c6fd5858eefea40153d124f4f0a3,b2f42d80ffebc10a43999056ff5c1814b8e87fd7,data/raw/formal-highfps-v1/formal-highfps-v1__colocation__daylight+pyxel_bubbles+pyxel_jump__r01,"{""daylight"":""games/pyxel/apps-src/30SecondsOfDaylight/src/main.py"",""pyxel_bubbles"":""games/pyxel/06_click_game.py"",""pyxel_jump"":""games/pyxel/02_jump_game.py""}","{""daylight"":""21a365375249e9d7ea05e78dcfe040f09cc1f0c66bd410bae084190c743a028f"",""pyxel_bubbles"":""54c101e90bdaed839ac4c4284494530d5df37a5819a35f1e41eebb0b3da5d900"",""pyxel_jump"":""4743a825f1c9cae7e049ac52115f4ecf83350db546c00745a54af187d7bc2e46""}",6f4298fa9f63defda233e5386759a4798f4afca05fd5e896a8b75045fb2a5ccc
2,147,formal-highfps-v1__colocation__mega_wing+pyxel_bubbles+pyxel_jump__r02,formal-highfps-v1,colocation-main,train,colocation,"[""mega_wing"",""pyxel_bubbles"",""pyxel_jump""]",mega_wing,"[""pyxel_bubbles"",""pyxel_jump""]",mega_wing+pyxel_bubbles+pyxel_jump,mega_wing+pyxel_bubbles+pyxel_jump__r02,,,,2,2229726004738622377,10,30,1,10,windows-rtx4060,0,0,grid_2x2,true,80,057fabc1d66b32acf1ad702c264f6243a8e4c6fd5858eefea40153d124f4f0a3,b2f42d80ffebc10a43999056ff5c1814b8e87fd7,data/raw/formal-highfps-v1/formal-highfps-v1__colocation__mega_wing+pyxel_bubbles+pyxel_jump__r02,"{""mega_wing"":""games/pyxel/apps-src/mega_wing/mega_wing.py"",""pyxel_bubbles"":""games/pyxel/06_click_game.py"",""pyxel_jump"":""games/pyxel/02_jump_game.py""}","{""mega_wing"":""86bad6c02a303806c58137503739241dc6b1e86695f7c0dbf672b5e1a1464e9f"",""pyxel_bubbles"":""54c101e90bdaed839ac4c4284494530d5df37a5819a35f1e41eebb0b3da5d900"",""pyxel_jump"":""4743a825f1c9cae7e049ac52115f4ecf83350db546c00745a54af187d7bc2e46""}",6afc185a8762a99e3d2e4379e4d5fd629a642b313a49b455e74c9b5ff9fd16ae
2,148,formal-highfps-v1__colocation__pyxel_jump+pyxel_platformer+pyxel_snake__r02,formal-highfps-v1,colocation-main,train,colocation,"[""pyxel_jump"",""pyxel_platformer"",""pyxel_snake""]",pyxel_jump,"[""pyxel_platformer"",""pyxel_snake""]",pyxel_jump+pyxel_platformer+pyxel_snake,pyxel_jump+pyxel_platformer+pyxel_snake__r02,,,,2,16689545828599394491,10,30,1,10,windows-rtx4060,0,0,grid_2x2,true,80,057fabc1d66b32acf1ad702c264f6243a8e4c6fd5858eefea40153d124f4f0a3,b2f42d80ffebc10a43999056ff5c1814b8e87fd7,data/raw/formal-highfps-v1/formal-highfps-v1__colocation__pyxel_jump+pyxel_platformer+pyxel_snake__r02,"{""pyxel_jump"":""games/pyxel/02_jump_game.py"",""pyxel_platformer"":""games/pyxel/10_platformer.py"",""pyxel_snake"":""games/pyxel/07_snake.py""}","{""pyxel_jump"":""4743a825f1c9cae7e049ac52115f4ecf83350db546c00745a54af187d7bc2e46"",""pyxel_platformer"":""1b2c75b49dc9ab0254fb4b724682a4787868814a38d2f08920720dc5b6007ac5"",""pyxel_snake"":""bc533fef92d1d358e570f69d979919fe5c1cd8c4da49841104b49a1e661a5ac3""}",69974aaa968e6c6fd83ed9e4415b1f93600d69a913894894b3c5b05892bee08c
2,149,formal-highfps-v1__colocation__mega_wing+space_rescue__r02,formal-highfps-v1,colocation-main,validation,colocation,"[""mega_wing"",""space_rescue""]",mega_wing,"[""space_rescue""]",mega_wing+space_rescue,mega_wing+space_rescue__r02,,,,2,8060724843457176203,10,30,1,10,windows-rtx4060,0,0,grid_2x2,true,80,057fabc1d66b32acf1ad702c264f6243a8e4c6fd5858eefea40153d124f4f0a3,b2f42d80ffebc10a43999056ff5c1814b8e87fd7,data/raw/formal-highfps-v1/formal-highfps-v1__colocation__mega_wing+space_rescue__r02,"{""mega_wing"":""games/pyxel/apps-src/mega_wing/mega_wing.py"",""space_rescue"":""games/pyxel/apps-src/space_rescue/space_rescue.py""}","{""mega_wing"":""86bad6c02a303806c58137503739241dc6b1e86695f7c0dbf672b5e1a1464e9f"",""space_rescue"":""f3b0ab6784ae558e64f06a3f0a704e53f107a130aa3d43357659d0850131e461""}",edcf57df15d71451318e090ce8b509f613ec31974681f9907e7205c230396acb
2,150,formal-highfps-v1__colocation__pyxel_bubbles+pyxel_jump+pyxel_platformer__r01,formal-highfps-v1,colocation-main,train,colocation,"[""pyxel_bubbles"",""pyxel_jump"",""pyxel_platformer""]",pyxel_bubbles,"[""pyxel_jump"",""pyxel_platformer""]",pyxel_bubbles+pyxel_jump+pyxel_platformer,pyxel_bubbles+pyxel_jump+pyxel_platformer__r01,,,,1,15472522791530990153,10,30,1,10,windows-rtx4060,0,0,grid_2x2,true,80,057fabc1d66b32acf1ad702c264f6243a8e4c6fd5858eefea40153d124f4f0a3,b2f42d80ffebc10a43999056ff5c1814b8e87fd7,data/raw/formal-highfps-v1/formal-highfps-v1__colocation__pyxel_bubbles+pyxel_jump+pyxel_platformer__r01,"{""pyxel_bubbles"":""games/pyxel/06_click_game.py"",""pyxel_jump"":""games/pyxel/02_jump_game.py"",""pyxel_platformer"":""games/pyxel/10_platformer.py""}","{""pyxel_bubbles"":""54c101e90bdaed839ac4c4284494530d5df37a5819a35f1e41eebb0b3da5d900"",""pyxel_jump"":""4743a825f1c9cae7e049ac52115f4ecf83350db546c00745a54af187d7bc2e46"",""pyxel_platformer"":""1b2c75b49dc9ab0254fb4b724682a4787868814a38d2f08920720dc5b6007ac5""}",d0aa6a0a23f46fc7edb048c6cd2401398910f1345511cc5c439dce99ee3f71c5
2,151,formal-highfps-v1__colocation__pyxel_jump+pyxel_platformer+space_rescue__r02,formal-highfps-v1,colocation-main,train,colocation,"[""pyxel_jump"",""pyxel_platformer"",""space_rescue""]",pyxel_jump,"[""pyxel_platformer"",""space_rescue""]",pyxel_jump+pyxel_platformer+space_rescue,pyxel_jump+pyxel_platformer+space_rescue__r02,,,,2,9238944108849120796,10,30,1,10,windows-rtx4060,0,0,grid_2x2,true,80,057fabc1d66b32acf1ad702c264f6243a8e4c6fd5858eefea40153d124f4f0a3,b2f42d80ffebc10a43999056ff5c1814b8e87fd7,data/raw/formal-highfps-v1/formal-highfps-v1__colocation__pyxel_jump+pyxel_platformer+space_rescue__r02,"{""pyxel_jump"":""games/pyxel/02_jump_game.py"",""pyxel_platformer"":""games/pyxel/10_platformer.py"",""space_rescue"":""games/pyxel/apps-src/space_rescue/space_rescue.py""}","{""pyxel_jump"":""4743a825f1c9cae7e049ac52115f4ecf83350db546c00745a54af187d7bc2e46"",""pyxel_platformer"":""1b2c75b49dc9ab0254fb4b724682a4787868814a38d2f08920720dc5b6007ac5"",""space_rescue"":""f3b0ab6784ae558e64f06a3f0a704e53f107a130aa3d43357659d0850131e461""}",22f06e0b1ad170e0cfdff77d3f5df3678a22a1f01380ae4cba0e984d4c99ef69
2,152,formal-highfps-v1__extra__pyxel_jump+pyxel_platformer+pyxel_shooter+space_rescue__r01,formal-highfps-v1,colocation-extra-test,extra_test,extra_test,"[""pyxel_jump"",""pyxel_platformer"",""pyxel_shooter"",""space_rescue""]",pyxel_jump,"[""pyxel_platformer"",""pyxel_shooter"",""space_rescue""]",pyxel_jump+pyxel_platformer+pyxel_shooter+space_rescue,pyxel_jump+pyxel_platformer+pyxel_shooter+space_rescue__r01,,,,1,8773923703025005668,10,30,1,10,windows-rtx4060,0,0,grid_2x2,true,80,057fabc1d66b32acf1ad702c264f6243a8e4c6fd5858eefea40153d124f4f0a3,b2f42d80ffebc10a43999056ff5c1814b8e87fd7,data/raw/formal-highfps-v1/formal-highfps-v1__extra__pyxel_jump+pyxel_platformer+pyxel_shooter+space_rescue__r01,"{""pyxel_jump"":""games/pyxel/02_jump_game.py"",""pyxel_platformer"":""games/pyxel/10_platformer.py"",""pyxel_shooter"":""games/pyxel/09_shooter.py"",""space_rescue"":""games/pyxel/apps-src/space_rescue/space_rescue.py""}","{""pyxel_jump"":""4743a825f1c9cae7e049ac52115f4ecf83350db546c00745a54af187d7bc2e46"",""pyxel_platformer"":""1b2c75b49dc9ab0254fb4b724682a4787868814a38d2f08920720dc5b6007ac5"",""pyxel_shooter"":""0f53e4156907eac41080a8f289e22c89365b3239517c754cf59a51af201d5563"",""space_rescue"":""f3b0ab6784ae558e64f06a3f0a704e53f107a130aa3d43357659d0850131e461""}",7fa4e5f3d01e54a6b9b017f1919a147897aa34c789d41f25daa1b9b7995943ba
2,153,formal-highfps-v1__colocation__daylight+mega_wing+space_rescue__r02,formal-highfps-v1,colocation-main,train,colocation,"[""daylight"",""mega_wing"",""space_rescue""]",daylight,"[""mega_wing"",""space_rescue""]",daylight+mega_wing+space_rescue,daylight+mega_wing+space_rescue__r02,,,,2,13201791575080300822,10,30,1,10,windows-rtx4060,0,0,grid_2x2,true,80,057fabc1d66b32acf1ad702c264f6243a8e4c6fd5858eefea40153d124f4f0a3,b2f42d80ffebc10a43999056ff5c1814b8e87fd7,data/raw/formal-highfps-v1/formal-highfps-v1__colocation__daylight+mega_wing+space_rescue__r02,"{""daylight"":""games/pyxel/apps-src/30SecondsOfDaylight/src/main.py"",""mega_wing"":""games/pyxel/apps-src/mega_wing/mega_wing.py"",""space_rescue"":""games/pyxel/apps-src/space_rescue/space_rescue.py""}","{""daylight"":""21a365375249e9d7ea05e78dcfe040f09cc1f0c66bd410bae084190c743a028f"",""mega_wing"":""86bad6c02a303806c58137503739241dc6b1e86695f7c0dbf672b5e1a1464e9f"",""space_rescue"":""f3b0ab6784ae558e64f06a3f0a704e53f107a130aa3d43357659d0850131e461""}",d910807f5402ae25f7a80f7b1d1e5273a74caeb50b5d3d3bd0e83467b6b43ff7
2,154,formal-highfps-v1__colocation__daylight+pyxel_jump+space_rescue__r02,formal-highfps-v1,colocation-main,train,colocation,"[""daylight"",""pyxel_jump"",""space_rescue""]",daylight,"[""pyxel_jump"",""space_rescue""]",daylight+pyxel_jump+space_rescue,daylight+pyxel_jump+space_rescue__r02,,,,2,18067767290852735786,10,30,1,10,windows-rtx4060,0,0,grid_2x2,true,80,057fabc1d66b32acf1ad702c264f6243a8e4c6fd5858eefea40153d124f4f0a3,b2f42d80ffebc10a43999056ff5c1814b8e87fd7,data/raw/formal-highfps-v1/formal-highfps-v1__colocation__daylight+pyxel_jump+space_rescue__r02,"{""daylight"":""games/pyxel/apps-src/30SecondsOfDaylight/src/main.py"",""pyxel_jump"":""games/pyxel/02_jump_game.py"",""space_rescue"":""games/pyxel/apps-src/space_rescue/space_rescue.py""}","{""daylight"":""21a365375249e9d7ea05e78dcfe040f09cc1f0c66bd410bae084190c743a028f"",""pyxel_jump"":""4743a825f1c9cae7e049ac52115f4ecf83350db546c00745a54af187d7bc2e46"",""space_rescue"":""f3b0ab6784ae558e64f06a3f0a704e53f107a130aa3d43357659d0850131e461""}",6f968ca5ea02806a2516a349769689147c3d3162e118817f8db4a4df96fba163
2,155,formal-highfps-v1__colocation__daylight+mega_wing+pyxel_shooter__r01,formal-highfps-v1,colocation-main,validation,colocation,"[""daylight"",""mega_wing"",""pyxel_shooter""]",daylight,"[""mega_wing"",""pyxel_shooter""]",daylight+mega_wing+pyxel_shooter,daylight+mega_wing+pyxel_shooter__r01,,,,1,15468395089088265240,10,30,1,10,windows-rtx4060,0,0,grid_2x2,true,80,057fabc1d66b32acf1ad702c264f6243a8e4c6fd5858eefea40153d124f4f0a3,b2f42d80ffebc10a43999056ff5c1814b8e87fd7,data/raw/formal-highfps-v1/formal-highfps-v1__colocation__daylight+mega_wing+pyxel_shooter__r01,"{""daylight"":""games/pyxel/apps-src/30SecondsOfDaylight/src/main.py"",""mega_wing"":""games/pyxel/apps-src/mega_wing/mega_wing.py"",""pyxel_shooter"":""games/pyxel/09_shooter.py""}","{""daylight"":""21a365375249e9d7ea05e78dcfe040f09cc1f0c66bd410bae084190c743a028f"",""mega_wing"":""86bad6c02a303806c58137503739241dc6b1e86695f7c0dbf672b5e1a1464e9f"",""pyxel_shooter"":""0f53e4156907eac41080a8f289e22c89365b3239517c754cf59a51af201d5563""}",c0a99f76ac3ef12ec2bd92d70f67dea387ed500c8ebb46f9b5eb5d420d728e4a
2,156,formal-highfps-v1__colocation__pyxel_jump+space_rescue__r02,formal-highfps-v1,colocation-main,train,colocation,"[""pyxel_jump"",""space_rescue""]",pyxel_jump,"[""space_rescue""]",pyxel_jump+space_rescue,pyxel_jump+space_rescue__r02,,,,2,5232719047817812495,10,30,1,10,windows-rtx4060,0,0,grid_2x2,true,80,057fabc1d66b32acf1ad702c264f6243a8e4c6fd5858eefea40153d124f4f0a3,b2f42d80ffebc10a43999056ff5c1814b8e87fd7,data/raw/formal-highfps-v1/formal-highfps-v1__colocation__pyxel_jump+space_rescue__r02,"{""pyxel_jump"":""games/pyxel/02_jump_game.py"",""space_rescue"":""games/pyxel/apps-src/space_rescue/space_rescue.py""}","{""pyxel_jump"":""4743a825f1c9cae7e049ac52115f4ecf83350db546c00745a54af187d7bc2e46"",""space_rescue"":""f3b0ab6784ae558e64f06a3f0a704e53f107a130aa3d43357659d0850131e461""}",84298221255159e571c15a841993bff06bfc1e1621606605abafc446c428696f
2,157,formal-highfps-v1__colocation__daylight+pyxel_platformer__r02,formal-highfps-v1,colocation-main,validation,colocation,"[""daylight"",""pyxel_platformer""]",daylight,"[""pyxel_platformer""]",daylight+pyxel_platformer,daylight+pyxel_platformer__r02,,,,2,14208229474584862758,10,30,1,10,windows-rtx4060,0,0,grid_2x2,true,80,057fabc1d66b32acf1ad702c264f6243a8e4c6fd5858eefea40153d124f4f0a3,b2f42d80ffebc10a43999056ff5c1814b8e87fd7,data/raw/formal-highfps-v1/formal-highfps-v1__colocation__daylight+pyxel_platformer__r02,"{""daylight"":""games/pyxel/apps-src/30SecondsOfDaylight/src/main.py"",""pyxel_platformer"":""games/pyxel/10_platformer.py""}","{""daylight"":""21a365375249e9d7ea05e78dcfe040f09cc1f0c66bd410bae084190c743a028f"",""pyxel_platformer"":""1b2c75b49dc9ab0254fb4b724682a4787868814a38d2f08920720dc5b6007ac5""}",0986992ca7222ee8ea2293b640af2af045f1577ca4d30d195d6e1146ec975454
2,158,formal-highfps-v1__extra__daylight+pyxel_jump+pyxel_snake+space_rescue__r03,formal-highfps-v1,colocation-extra-test,extra_test,extra_test,"[""daylight"",""pyxel_jump"",""pyxel_snake"",""space_rescue""]",daylight,"[""pyxel_jump"",""pyxel_snake"",""space_rescue""]",daylight+pyxel_jump+pyxel_snake+space_rescue,daylight+pyxel_jump+pyxel_snake+space_rescue__r03,,,,3,5817121819038531617,10,30,1,10,windows-rtx4060,0,0,grid_2x2,true,80,057fabc1d66b32acf1ad702c264f6243a8e4c6fd5858eefea40153d124f4f0a3,b2f42d80ffebc10a43999056ff5c1814b8e87fd7,data/raw/formal-highfps-v1/formal-highfps-v1__extra__daylight+pyxel_jump+pyxel_snake+space_rescue__r03,"{""daylight"":""games/pyxel/apps-src/30SecondsOfDaylight/src/main.py"",""pyxel_jump"":""games/pyxel/02_jump_game.py"",""pyxel_snake"":""games/pyxel/07_snake.py"",""space_rescue"":""games/pyxel/apps-src/space_rescue/space_rescue.py""}","{""daylight"":""21a365375249e9d7ea05e78dcfe040f09cc1f0c66bd410bae084190c743a028f"",""pyxel_jump"":""4743a825f1c9cae7e049ac52115f4ecf83350db546c00745a54af187d7bc2e46"",""pyxel_snake"":""bc533fef92d1d358e570f69d979919fe5c1cd8c4da49841104b49a1e661a5ac3"",""space_rescue"":""f3b0ab6784ae558e64f06a3f0a704e53f107a130aa3d43357659d0850131e461""}",4fe63eb89eb7d71b4a1ec90c937403ccc174a9b69c4174cb2ed730d61348a974
2,159,formal-highfps-v1__colocation__daylight+mega_wing+space_rescue__r03,formal-highfps-v1,colocation-main,train,colocation,"[""daylight"",""mega_wing"",""space_rescue""]",daylight,"[""mega_wing"",""space_rescue""]",daylight+mega_wing+space_rescue,daylight+mega_wing+space_rescue__r03,,,,3,3371092001652227661,10,30,1,10,windows-rtx4060,0,0,grid_2x2,true,80,057fabc1d66b32acf1ad702c264f6243a8e4c6fd5858eefea40153d124f4f0a3,b2f42d80ffebc10a43999056ff5c1814b8e87fd7,data/raw/formal-highfps-v1/formal-highfps-v1__colocation__daylight+mega_wing+space_rescue__r03,"{""daylight"":""games/pyxel/apps-src/30SecondsOfDaylight/src/main.py"",""mega_wing"":""games/pyxel/apps-src/mega_wing/mega_wing.py"",""space_rescue"":""games/pyxel/apps-src/space_rescue/space_rescue.py""}","{""daylight"":""21a365375249e9d7ea05e78dcfe040f09cc1f0c66bd410bae084190c743a028f"",""mega_wing"":""86bad6c02a303806c58137503739241dc6b1e86695f7c0dbf672b5e1a1464e9f"",""space_rescue"":""f3b0ab6784ae558e64f06a3f0a704e53f107a130aa3d43357659d0850131e461""}",07d2b69f37f07b47833a861cdd3ba7f0def42f070f50155c51fb6f21114b9919
2,160,formal-highfps-v1__extra__daylight+mega_wing+pyxel_bubbles+pyxel_snake__r02,formal-highfps-v1,colocation-extra-test,extra_test,extra_test,"[""daylight"",""mega_wing"",""pyxel_bubbles"",""pyxel_snake""]",daylight,"[""mega_wing"",""pyxel_bubbles"",""pyxel_snake""]",daylight+mega_wing+pyxel_bubbles+pyxel_snake,daylight+mega_wing+pyxel_bubbles+pyxel_snake__r02,,,,2,3484541607843470007,10,30,1,10,windows-rtx4060,0,0,grid_2x2,true,80,057fabc1d66b32acf1ad702c264f6243a8e4c6fd5858eefea40153d124f4f0a3,b2f42d80ffebc10a43999056ff5c1814b8e87fd7,data/raw/formal-highfps-v1/formal-highfps-v1__extra__daylight+mega_wing+pyxel_bubbles+pyxel_snake__r02,"{""daylight"":""games/pyxel/apps-src/30SecondsOfDaylight/src/main.py"",""mega_wing"":""games/pyxel/apps-src/mega_wing/mega_wing.py"",""pyxel_bubbles"":""games/pyxel/06_click_game.py"",""pyxel_snake"":""games/pyxel/07_snake.py""}","{""daylight"":""21a365375249e9d7ea05e78dcfe040f09cc1f0c66bd410bae084190c743a028f"",""mega_wing"":""86bad6c02a303806c58137503739241dc6b1e86695f7c0dbf672b5e1a1464e9f"",""pyxel_bubbles"":""54c101e90bdaed839ac4c4284494530d5df37a5819a35f1e41eebb0b3da5d900"",""pyxel_snake"":""bc533fef92d1d358e570f69d979919fe5c1cd8c4da49841104b49a1e661a5ac3""}",02a720d3150c6df14f211e0ebf80b14369a625d1d83a4ce32cbaa89bcb7f72e0
2,161,formal-highfps-v1__colocation__mega_wing+pyxel_bubbles+pyxel_jump__r03,formal-highfps-v1,colocation-main,train,colocation,"[""mega_wing"",""pyxel_bubbles"",""pyxel_jump""]",mega_wing,"[""pyxel_bubbles"",""pyxel_jump""]",mega_wing+pyxel_bubbles+pyxel_jump,mega_wing+pyxel_bubbles+pyxel_jump__r03,,,,3,3317236851309327285,10,30,1,10,windows-rtx4060,0,0,grid_2x2,true,80,057fabc1d66b32acf1ad702c264f6243a8e4c6fd5858eefea40153d124f4f0a3,b2f42d80ffebc10a43999056ff5c1814b8e87fd7,data/raw/formal-highfps-v1/formal-highfps-v1__colocation__mega_wing+pyxel_bubbles+pyxel_jump__r03,"{""mega_wing"":""games/pyxel/apps-src/mega_wing/mega_wing.py"",""pyxel_bubbles"":""games/pyxel/06_click_game.py"",""pyxel_jump"":""games/pyxel/02_jump_game.py""}","{""mega_wing"":""86bad6c02a303806c58137503739241dc6b1e86695f7c0dbf672b5e1a1464e9f"",""pyxel_bubbles"":""54c101e90bdaed839ac4c4284494530d5df37a5819a35f1e41eebb0b3da5d900"",""pyxel_jump"":""4743a825f1c9cae7e049ac52115f4ecf83350db546c00745a54af187d7bc2e46""}",f56f7cf890db028b81b48f85965658174c7f564906693a11db3bb450297d8dac
2,162,formal-highfps-v1__colocation__mega_wing+pyxel_platformer+space_rescue__r02,formal-highfps-v1,colocation-main,train,colocation,"[""mega_wing"",""pyxel_platformer"",""space_rescue""]",mega_wing,"[""pyxel_platformer"",""space_rescue""]",mega_wing+pyxel_platformer+space_rescue,mega_wing+pyxel_platformer+space_rescue__r02,,,,2,6439483011326769169,10,30,1,10,windows-rtx4060,0,0,grid_2x2,true,80,057fabc1d66b32acf1ad702c264f6243a8e4c6fd5858eefea40153d124f4f0a3,b2f42d80ffebc10a43999056ff5c1814b8e87fd7,data/raw/formal-highfps-v1/formal-highfps-v1__colocation__mega_wing+pyxel_platformer+space_rescue__r02,"{""mega_wing"":""games/pyxel/apps-src/mega_wing/mega_wing.py"",""pyxel_platformer"":""games/pyxel/10_platformer.py"",""space_rescue"":""games/pyxel/apps-src/space_rescue/space_rescue.py""}","{""mega_wing"":""86bad6c02a303806c58137503739241dc6b1e86695f7c0dbf672b5e1a1464e9f"",""pyxel_platformer"":""1b2c75b49dc9ab0254fb4b724682a4787868814a38d2f08920720dc5b6007ac5"",""space_rescue"":""f3b0ab6784ae558e64f06a3f0a704e53f107a130aa3d43357659d0850131e461""}",b92f7452bfb7fd1e23ec588ad44ef057615c4e6732bb6cc595f074593ec2be73
2,163,formal-highfps-v1__colocation__mega_wing+pyxel_shooter__r01,formal-highfps-v1,colocation-main,train,colocation,"[""mega_wing"",""pyxel_shooter""]",mega_wing,"[""pyxel_shooter""]",mega_wing+pyxel_shooter,mega_wing+pyxel_shooter__r01,,,,1,15428212448458187375,10,30,1,10,windows-rtx4060,0,0,grid_2x2,true,80,057fabc1d66b32acf1ad702c264f6243a8e4c6fd5858eefea40153d124f4f0a3,b2f42d80ffebc10a43999056ff5c1814b8e87fd7,data/raw/formal-highfps-v1/formal-highfps-v1__colocation__mega_wing+pyxel_shooter__r01,"{""mega_wing"":""games/pyxel/apps-src/mega_wing/mega_wing.py"",""pyxel_shooter"":""games/pyxel/09_shooter.py""}","{""mega_wing"":""86bad6c02a303806c58137503739241dc6b1e86695f7c0dbf672b5e1a1464e9f"",""pyxel_shooter"":""0f53e4156907eac41080a8f289e22c89365b3239517c754cf59a51af201d5563""}",c7a96610866eefaf8f34313a92935bd1ba5cd712c5db7f1ddfeae7e3fdebbb6d
2,164,formal-highfps-v1__colocation__pyxel_bubbles+pyxel_snake__r03,formal-highfps-v1,colocation-main,test,colocation,"[""pyxel_bubbles"",""pyxel_snake""]",pyxel_bubbles,"[""pyxel_snake""]",pyxel_bubbles+pyxel_snake,pyxel_bubbles+pyxel_snake__r03,,,,3,15193202307042370391,10,30,1,10,windows-rtx4060,0,0,grid_2x2,true,80,057fabc1d66b32acf1ad702c264f6243a8e4c6fd5858eefea40153d124f4f0a3,b2f42d80ffebc10a43999056ff5c1814b8e87fd7,data/raw/formal-highfps-v1/formal-highfps-v1__colocation__pyxel_bubbles+pyxel_snake__r03,"{""pyxel_bubbles"":""games/pyxel/06_click_game.py"",""pyxel_snake"":""games/pyxel/07_snake.py""}","{""pyxel_bubbles"":""54c101e90bdaed839ac4c4284494530d5df37a5819a35f1e41eebb0b3da5d900"",""pyxel_snake"":""bc533fef92d1d358e570f69d979919fe5c1cd8c4da49841104b49a1e661a5ac3""}",a6ace493f546065e248a070b74213626f40a227889d208723631909746b21053
2,165,formal-highfps-v1__colocation__pyxel_platformer+space_rescue__r02,formal-highfps-v1,colocation-main,train,colocation,"[""pyxel_platformer"",""space_rescue""]",pyxel_platformer,"[""space_rescue""]",pyxel_platformer+space_rescue,pyxel_platformer+space_rescue__r02,,,,2,15404733295755424698,10,30,1,10,windows-rtx4060,0,0,grid_2x2,true,80,057fabc1d66b32acf1ad702c264f6243a8e4c6fd5858eefea40153d124f4f0a3,b2f42d80ffebc10a43999056ff5c1814b8e87fd7,data/raw/formal-highfps-v1/formal-highfps-v1__colocation__pyxel_platformer+space_rescue__r02,"{""pyxel_platformer"":""games/pyxel/10_platformer.py"",""space_rescue"":""games/pyxel/apps-src/space_rescue/space_rescue.py""}","{""pyxel_platformer"":""1b2c75b49dc9ab0254fb4b724682a4787868814a38d2f08920720dc5b6007ac5"",""space_rescue"":""f3b0ab6784ae558e64f06a3f0a704e53f107a130aa3d43357659d0850131e461""}",ffa9f51034f193d2666e43ceb897fd1562e0184b72632568084b9289daa46b73
2,166,formal-highfps-v1__extra__mega_wing+pyxel_bubbles+pyxel_platformer+pyxel_shooter__r01,formal-highfps-v1,colocation-extra-test,extra_test,extra_test,"[""mega_wing"",""pyxel_bubbles"",""pyxel_platformer"",""pyxel_shooter""]",mega_wing,"[""pyxel_bubbles"",""pyxel_platformer"",""pyxel_shooter""]",mega_wing+pyxel_bubbles+pyxel_platformer+pyxel_shooter,mega_wing+pyxel_bubbles+pyxel_platformer+pyxel_shooter__r01,,,,1,16469893538406321818,10,30,1,10,windows-rtx4060,0,0,grid_2x2,true,80,057fabc1d66b32acf1ad702c264f6243a8e4c6fd5858eefea40153d124f4f0a3,b2f42d80ffebc10a43999056ff5c1814b8e87fd7,data/raw/formal-highfps-v1/formal-highfps-v1__extra__mega_wing+pyxel_bubbles+pyxel_platformer+pyxel_shooter__r01,"{""mega_wing"":""games/pyxel/apps-src/mega_wing/mega_wing.py"",""pyxel_bubbles"":""games/pyxel/06_click_game.py"",""pyxel_platformer"":""games/pyxel/10_platformer.py"",""pyxel_shooter"":""games/pyxel/09_shooter.py""}","{""mega_wing"":""86bad6c02a303806c58137503739241dc6b1e86695f7c0dbf672b5e1a1464e9f"",""pyxel_bubbles"":""54c101e90bdaed839ac4c4284494530d5df37a5819a35f1e41eebb0b3da5d900"",""pyxel_platformer"":""1b2c75b49dc9ab0254fb4b724682a4787868814a38d2f08920720dc5b6007ac5"",""pyxel_shooter"":""0f53e4156907eac41080a8f289e22c89365b3239517c754cf59a51af201d5563""}",901ea5f76c432677ff8573d7f4c5acbb0ef111531615cb525ddbffe7fac2b874
2,167,formal-highfps-v1__colocation__pyxel_platformer+pyxel_shooter__r03,formal-highfps-v1,colocation-main,train,colocation,"[""pyxel_platformer"",""pyxel_shooter""]",pyxel_platformer,"[""pyxel_shooter""]",pyxel_platformer+pyxel_shooter,pyxel_platformer+pyxel_shooter__r03,,,,3,7117624119942554937,10,30,1,10,windows-rtx4060,0,0,grid_2x2,true,80,057fabc1d66b32acf1ad702c264f6243a8e4c6fd5858eefea40153d124f4f0a3,b2f42d80ffebc10a43999056ff5c1814b8e87fd7,data/raw/formal-highfps-v1/formal-highfps-v1__colocation__pyxel_platformer+pyxel_shooter__r03,"{""pyxel_platformer"":""games/pyxel/10_platformer.py"",""pyxel_shooter"":""games/pyxel/09_shooter.py""}","{""pyxel_platformer"":""1b2c75b49dc9ab0254fb4b724682a4787868814a38d2f08920720dc5b6007ac5"",""pyxel_shooter"":""0f53e4156907eac41080a8f289e22c89365b3239517c754cf59a51af201d5563""}",3741a24830b68efbabda32d913376e6a231eb949af7595ce805053bc66e3ce42
2,168,formal-highfps-v1__extra__daylight+mega_wing+pyxel_platformer+space_rescue__r03,formal-highfps-v1,colocation-extra-test,extra_test,extra_test,"[""daylight"",""mega_wing"",""pyxel_platformer"",""space_rescue""]",daylight,"[""mega_wing"",""pyxel_platformer"",""space_rescue""]",daylight+mega_wing+pyxel_platformer+space_rescue,daylight+mega_wing+pyxel_platformer+space_rescue__r03,,,,3,11447321451998350184,10,30,1,10,windows-rtx4060,0,0,grid_2x2,true,80,057fabc1d66b32acf1ad702c264f6243a8e4c6fd5858eefea40153d124f4f0a3,b2f42d80ffebc10a43999056ff5c1814b8e87fd7,data/raw/formal-highfps-v1/formal-highfps-v1__extra__daylight+mega_wing+pyxel_platformer+space_rescue__r03,"{""daylight"":""games/pyxel/apps-src/30SecondsOfDaylight/src/main.py"",""mega_wing"":""games/pyxel/apps-src/mega_wing/mega_wing.py"",""pyxel_platformer"":""games/pyxel/10_platformer.py"",""space_rescue"":""games/pyxel/apps-src/space_rescue/space_rescue.py""}","{""daylight"":""21a365375249e9d7ea05e78dcfe040f09cc1f0c66bd410bae084190c743a028f"",""mega_wing"":""86bad6c02a303806c58137503739241dc6b1e86695f7c0dbf672b5e1a1464e9f"",""pyxel_platformer"":""1b2c75b49dc9ab0254fb4b724682a4787868814a38d2f08920720dc5b6007ac5"",""space_rescue"":""f3b0ab6784ae558e64f06a3f0a704e53f107a130aa3d43357659d0850131e461""}",1f3bebb16788704ffba433acf42cc827f66cec7c068c6e5851470abde9934542
2,169,formal-highfps-v1__extra__daylight+pyxel_bubbles+pyxel_jump+pyxel_platformer__r02,formal-highfps-v1,colocation-extra-test,extra_test,extra_test,"[""daylight"",""pyxel_bubbles"",""pyxel_jump"",""pyxel_platformer""]",daylight,"[""pyxel_bubbles"",""pyxel_jump"",""pyxel_platformer""]",daylight+pyxel_bubbles+pyxel_jump+pyxel_platformer,daylight+pyxel_bubbles+pyxel_jump+pyxel_platformer__r02,,,,2,2825193241993824269,10,30,1,10,windows-rtx4060,0,0,grid_2x2,true,80,057fabc1d66b32acf1ad702c264f6243a8e4c6fd5858eefea40153d124f4f0a3,b2f42d80ffebc10a43999056ff5c1814b8e87fd7,data/raw/formal-highfps-v1/formal-highfps-v1__extra__daylight+pyxel_bubbles+pyxel_jump+pyxel_platformer__r02,"{""daylight"":""games/pyxel/apps-src/30SecondsOfDaylight/src/main.py"",""pyxel_bubbles"":""games/pyxel/06_click_game.py"",""pyxel_jump"":""games/pyxel/02_jump_game.py"",""pyxel_platformer"":""games/pyxel/10_platformer.py""}","{""daylight"":""21a365375249e9d7ea05e78dcfe040f09cc1f0c66bd410bae084190c743a028f"",""pyxel_bubbles"":""54c101e90bdaed839ac4c4284494530d5df37a5819a35f1e41eebb0b3da5d900"",""pyxel_jump"":""4743a825f1c9cae7e049ac52115f4ecf83350db546c00745a54af187d7bc2e46"",""pyxel_platformer"":""1b2c75b49dc9ab0254fb4b724682a4787868814a38d2f08920720dc5b6007ac5""}",44f9942e3d727263cbf790f40c86278af97ea3800b7eaf4b28abeb9ed1c78838
2,170,formal-highfps-v1__colocation__daylight+pyxel_shooter__r01,formal-highfps-v1,colocation-main,test,colocation,"[""daylight"",""pyxel_shooter""]",daylight,"[""pyxel_shooter""]",daylight+pyxel_shooter,daylight+pyxel_shooter__r01,,,,1,807166208853376220,10,30,1,10,windows-rtx4060,0,0,grid_2x2,true,80,057fabc1d66b32acf1ad702c264f6243a8e4c6fd5858eefea40153d124f4f0a3,b2f42d80ffebc10a43999056ff5c1814b8e87fd7,data/raw/formal-highfps-v1/formal-highfps-v1__colocation__daylight+pyxel_shooter__r01,"{""daylight"":""games/pyxel/apps-src/30SecondsOfDaylight/src/main.py"",""pyxel_shooter"":""games/pyxel/09_shooter.py""}","{""daylight"":""21a365375249e9d7ea05e78dcfe040f09cc1f0c66bd410bae084190c743a028f"",""pyxel_shooter"":""0f53e4156907eac41080a8f289e22c89365b3239517c754cf59a51af201d5563""}",6cdbf6f0b667b45759a07e8d9974d99083180b6cd6f6d4c5caac5cda4c44c8b6
2,171,formal-highfps-v1__colocation__pyxel_jump+pyxel_shooter+pyxel_snake__r02,formal-highfps-v1,colocation-main,train,colocation,"[""pyxel_jump"",""pyxel_shooter"",""pyxel_snake""]",pyxel_jump,"[""pyxel_shooter"",""pyxel_snake""]",pyxel_jump+pyxel_shooter+pyxel_snake,pyxel_jump+pyxel_shooter+pyxel_snake__r02,,,,2,350507075886467266,10,30,1,10,windows-rtx4060,0,0,grid_2x2,true,80,057fabc1d66b32acf1ad702c264f6243a8e4c6fd5858eefea40153d124f4f0a3,b2f42d80ffebc10a43999056ff5c1814b8e87fd7,data/raw/formal-highfps-v1/formal-highfps-v1__colocation__pyxel_jump+pyxel_shooter+pyxel_snake__r02,"{""pyxel_jump"":""games/pyxel/02_jump_game.py"",""pyxel_shooter"":""games/pyxel/09_shooter.py"",""pyxel_snake"":""games/pyxel/07_snake.py""}","{""pyxel_jump"":""4743a825f1c9cae7e049ac52115f4ecf83350db546c00745a54af187d7bc2e46"",""pyxel_shooter"":""0f53e4156907eac41080a8f289e22c89365b3239517c754cf59a51af201d5563"",""pyxel_snake"":""bc533fef92d1d358e570f69d979919fe5c1cd8c4da49841104b49a1e661a5ac3""}",e53d61edcdfc95ab5a3e6901a3290b405673370b08d8e8df546dcea34d409af8
2,172,formal-highfps-v1__extra__pyxel_jump+pyxel_platformer+pyxel_shooter+space_rescue__r03,formal-highfps-v1,colocation-extra-test,extra_test,extra_test,"[""pyxel_jump"",""pyxel_platformer"",""pyxel_shooter"",""space_rescue""]",pyxel_jump,"[""pyxel_platformer"",""pyxel_shooter"",""space_rescue""]",pyxel_jump+pyxel_platformer+pyxel_shooter+space_rescue,pyxel_jump+pyxel_platformer+pyxel_shooter+space_rescue__r03,,,,3,17533994871369061609,10,30,1,10,windows-rtx4060,0,0,grid_2x2,true,80,057fabc1d66b32acf1ad702c264f6243a8e4c6fd5858eefea40153d124f4f0a3,b2f42d80ffebc10a43999056ff5c1814b8e87fd7,data/raw/formal-highfps-v1/formal-highfps-v1__extra__pyxel_jump+pyxel_platformer+pyxel_shooter+space_rescue__r03,"{""pyxel_jump"":""games/pyxel/02_jump_game.py"",""pyxel_platformer"":""games/pyxel/10_platformer.py"",""pyxel_shooter"":""games/pyxel/09_shooter.py"",""space_rescue"":""games/pyxel/apps-src/space_rescue/space_rescue.py""}","{""pyxel_jump"":""4743a825f1c9cae7e049ac52115f4ecf83350db546c00745a54af187d7bc2e46"",""pyxel_platformer"":""1b2c75b49dc9ab0254fb4b724682a4787868814a38d2f08920720dc5b6007ac5"",""pyxel_shooter"":""0f53e4156907eac41080a8f289e22c89365b3239517c754cf59a51af201d5563"",""space_rescue"":""f3b0ab6784ae558e64f06a3f0a704e53f107a130aa3d43357659d0850131e461""}",e6a68ab9f261f54146d46031bedf8100c272e5fa4d024e5fe17c9165b46fcc96
2,173,formal-highfps-v1__extra__daylight+mega_wing+pyxel_platformer+space_rescue__r02,formal-highfps-v1,colocation-extra-test,extra_test,extra_test,"[""daylight"",""mega_wing"",""pyxel_platformer"",""space_rescue""]",daylight,"[""mega_wing"",""pyxel_platformer"",""space_rescue""]",daylight+mega_wing+pyxel_platformer+space_rescue,daylight+mega_wing+pyxel_platformer+space_rescue__r02,,,,2,10031557160750798792,10,30,1,10,windows-rtx4060,0,0,grid_2x2,true,80,057fabc1d66b32acf1ad702c264f6243a8e4c6fd5858eefea40153d124f4f0a3,b2f42d80ffebc10a43999056ff5c1814b8e87fd7,data/raw/formal-highfps-v1/formal-highfps-v1__extra__daylight+mega_wing+pyxel_platformer+space_rescue__r02,"{""daylight"":""games/pyxel/apps-src/30SecondsOfDaylight/src/main.py"",""mega_wing"":""games/pyxel/apps-src/mega_wing/mega_wing.py"",""pyxel_platformer"":""games/pyxel/10_platformer.py"",""space_rescue"":""games/pyxel/apps-src/space_rescue/space_rescue.py""}","{""daylight"":""21a365375249e9d7ea05e78dcfe040f09cc1f0c66bd410bae084190c743a028f"",""mega_wing"":""86bad6c02a303806c58137503739241dc6b1e86695f7c0dbf672b5e1a1464e9f"",""pyxel_platformer"":""1b2c75b49dc9ab0254fb4b724682a4787868814a38d2f08920720dc5b6007ac5"",""space_rescue"":""f3b0ab6784ae558e64f06a3f0a704e53f107a130aa3d43357659d0850131e461""}",6d55a32c299c7b90a47ec87a863399ef918391983074763118f186c9a6794284
2,174,formal-highfps-v1__colocation__pyxel_bubbles+pyxel_platformer__r03,formal-highfps-v1,colocation-main,train,colocation,"[""pyxel_bubbles"",""pyxel_platformer""]",pyxel_bubbles,"[""pyxel_platformer""]",pyxel_bubbles+pyxel_platformer,pyxel_bubbles+pyxel_platformer__r03,,,,3,10013231083899079250,10,30,1,10,windows-rtx4060,0,0,grid_2x2,true,80,057fabc1d66b32acf1ad702c264f6243a8e4c6fd5858eefea40153d124f4f0a3,b2f42d80ffebc10a43999056ff5c1814b8e87fd7,data/raw/formal-highfps-v1/formal-highfps-v1__colocation__pyxel_bubbles+pyxel_platformer__r03,"{""pyxel_bubbles"":""games/pyxel/06_click_game.py"",""pyxel_platformer"":""games/pyxel/10_platformer.py""}","{""pyxel_bubbles"":""54c101e90bdaed839ac4c4284494530d5df37a5819a35f1e41eebb0b3da5d900"",""pyxel_platformer"":""1b2c75b49dc9ab0254fb4b724682a4787868814a38d2f08920720dc5b6007ac5""}",0fe0db240778a62884fdacd7c8f44ceb1061c32542d6ed366ea1b0294d8ece4e
2,175,formal-highfps-v1__solo__pyxel_jump__r01,formal-highfps-v1,solo,not_applicable,solo,"[""pyxel_jump""]",pyxel_jump,[],,,,,,1,4388592058020453810,10,30,1,10,windows-rtx4060,0,0,grid_2x2,true,80,057fabc1d66b32acf1ad702c264f6243a8e4c6fd5858eefea40153d124f4f0a3,b2f42d80ffebc10a43999056ff5c1814b8e87fd7,data/raw/formal-highfps-v1/formal-highfps-v1__solo__pyxel_jump__r01,"{""pyxel_jump"":""games/pyxel/02_jump_game.py""}","{""pyxel_jump"":""4743a825f1c9cae7e049ac52115f4ecf83350db546c00745a54af187d7bc2e46""}",ae24df5e4ba37c08c4c50ec4611aaf4f4846bda735222eb575aed6de2f377004
2,176,formal-highfps-v1__extra__daylight+mega_wing+pyxel_platformer+space_rescue__r01,formal-highfps-v1,colocation-extra-test,extra_test,extra_test,"[""daylight"",""mega_wing"",""pyxel_platformer"",""space_rescue""]",daylight,"[""mega_wing"",""pyxel_platformer"",""space_rescue""]",daylight+mega_wing+pyxel_platformer+space_rescue,daylight+mega_wing+pyxel_platformer+space_rescue__r01,,,,1,4170152349691884193,10,30,1,10,windows-rtx4060,0,0,grid_2x2,true,80,057fabc1d66b32acf1ad702c264f6243a8e4c6fd5858eefea40153d124f4f0a3,b2f42d80ffebc10a43999056ff5c1814b8e87fd7,data/raw/formal-highfps-v1/formal-highfps-v1__extra__daylight+mega_wing+pyxel_platformer+space_rescue__r01,"{""daylight"":""games/pyxel/apps-src/30SecondsOfDaylight/src/main.py"",""mega_wing"":""games/pyxel/apps-src/mega_wing/mega_wing.py"",""pyxel_platformer"":""games/pyxel/10_platformer.py"",""space_rescue"":""games/pyxel/apps-src/space_rescue/space_rescue.py""}","{""daylight"":""21a365375249e9d7ea05e78dcfe040f09cc1f0c66bd410bae084190c743a028f"",""mega_wing"":""86bad6c02a303806c58137503739241dc6b1e86695f7c0dbf672b5e1a1464e9f"",""pyxel_platformer"":""1b2c75b49dc9ab0254fb4b724682a4787868814a38d2f08920720dc5b6007ac5"",""space_rescue"":""f3b0ab6784ae558e64f06a3f0a704e53f107a130aa3d43357659d0850131e461""}",f4909f4d726624fcb16509912f5a310e9c4dd5e715bee73d22c816da27eaabfc
2,177,formal-highfps-v1__colocation__pyxel_jump+pyxel_shooter+space_rescue__r02,formal-highfps-v1,colocation-main,validation,colocation,"[""pyxel_jump"",""pyxel_shooter"",""space_rescue""]",pyxel_jump,"[""pyxel_shooter"",""space_rescue""]",pyxel_jump+pyxel_shooter+space_rescue,pyxel_jump+pyxel_shooter+space_rescue__r02,,,,2,6800746612884511209,10,30,1,10,windows-rtx4060,0,0,grid_2x2,true,80,057fabc1d66b32acf1ad702c264f6243a8e4c6fd5858eefea40153d124f4f0a3,b2f42d80ffebc10a43999056ff5c1814b8e87fd7,data/raw/formal-highfps-v1/formal-highfps-v1__colocation__pyxel_jump+pyxel_shooter+space_rescue__r02,"{""pyxel_jump"":""games/pyxel/02_jump_game.py"",""pyxel_shooter"":""games/pyxel/09_shooter.py"",""space_rescue"":""games/pyxel/apps-src/space_rescue/space_rescue.py""}","{""pyxel_jump"":""4743a825f1c9cae7e049ac52115f4ecf83350db546c00745a54af187d7bc2e46"",""pyxel_shooter"":""0f53e4156907eac41080a8f289e22c89365b3239517c754cf59a51af201d5563"",""space_rescue"":""f3b0ab6784ae558e64f06a3f0a704e53f107a130aa3d43357659d0850131e461""}",c23665bb62ae28ee45ef5d1f906c4dc2519aa26df444df1a29a32ee8ac4057c7
2,178,formal-highfps-v1__colocation__daylight+pyxel_platformer__r01,formal-highfps-v1,colocation-main,validation,colocation,"[""daylight"",""pyxel_platformer""]",daylight,"[""pyxel_platformer""]",daylight+pyxel_platformer,daylight+pyxel_platformer__r01,,,,1,17667804392849421537,10,30,1,10,windows-rtx4060,0,0,grid_2x2,true,80,057fabc1d66b32acf1ad702c264f6243a8e4c6fd5858eefea40153d124f4f0a3,b2f42d80ffebc10a43999056ff5c1814b8e87fd7,data/raw/formal-highfps-v1/formal-highfps-v1__colocation__daylight+pyxel_platformer__r01,"{""daylight"":""games/pyxel/apps-src/30SecondsOfDaylight/src/main.py"",""pyxel_platformer"":""games/pyxel/10_platformer.py""}","{""daylight"":""21a365375249e9d7ea05e78dcfe040f09cc1f0c66bd410bae084190c743a028f"",""pyxel_platformer"":""1b2c75b49dc9ab0254fb4b724682a4787868814a38d2f08920720dc5b6007ac5""}",b57f833dfdc4e23e304f07964c0a30c976bfa4e788021d9bfcb2054452ddc70f
2,179,formal-highfps-v1__colocation__mega_wing+pyxel_bubbles+pyxel_snake__r03,formal-highfps-v1,colocation-main,train,colocation,"[""mega_wing"",""pyxel_bubbles"",""pyxel_snake""]",mega_wing,"[""pyxel_bubbles"",""pyxel_snake""]",mega_wing+pyxel_bubbles+pyxel_snake,mega_wing+pyxel_bubbles+pyxel_snake__r03,,,,3,3563337720581285518,10,30,1,10,windows-rtx4060,0,0,grid_2x2,true,80,057fabc1d66b32acf1ad702c264f6243a8e4c6fd5858eefea40153d124f4f0a3,b2f42d80ffebc10a43999056ff5c1814b8e87fd7,data/raw/formal-highfps-v1/formal-highfps-v1__colocation__mega_wing+pyxel_bubbles+pyxel_snake__r03,"{""mega_wing"":""games/pyxel/apps-src/mega_wing/mega_wing.py"",""pyxel_bubbles"":""games/pyxel/06_click_game.py"",""pyxel_snake"":""games/pyxel/07_snake.py""}","{""mega_wing"":""86bad6c02a303806c58137503739241dc6b1e86695f7c0dbf672b5e1a1464e9f"",""pyxel_bubbles"":""54c101e90bdaed839ac4c4284494530d5df37a5819a35f1e41eebb0b3da5d900"",""pyxel_snake"":""bc533fef92d1d358e570f69d979919fe5c1cd8c4da49841104b49a1e661a5ac3""}",28b82c76542ff70ea50aca9b4eb81dbf3ea59e0bb7f8323371f28a3e8ec65ee2
2,180,formal-highfps-v1__solo__pyxel_shooter__r03,formal-highfps-v1,solo,not_applicable,solo,"[""pyxel_shooter""]",pyxel_shooter,[],,,,,,3,3475367116711643472,10,30,1,10,windows-rtx4060,0,0,grid_2x2,true,80,057fabc1d66b32acf1ad702c264f6243a8e4c6fd5858eefea40153d124f4f0a3,b2f42d80ffebc10a43999056ff5c1814b8e87fd7,data/raw/formal-highfps-v1/formal-highfps-v1__solo__pyxel_shooter__r03,"{""pyxel_shooter"":""games/pyxel/09_shooter.py""}","{""pyxel_shooter"":""0f53e4156907eac41080a8f289e22c89365b3239517c754cf59a51af201d5563""}",049b85a0f9835e3151d605727eba0545a70deeefb3f446d2b87feb497c5b19a5
2,181,formal-highfps-v1__colocation__daylight+pyxel_platformer+pyxel_snake__r03,formal-highfps-v1,colocation-main,validation,colocation,"[""daylight"",""pyxel_platformer"",""pyxel_snake""]",daylight,"[""pyxel_platformer"",""pyxel_snake""]",daylight+pyxel_platformer+pyxel_snake,daylight+pyxel_platformer+pyxel_snake__r03,,,,3,7488304403953802738,10,30,1,10,windows-rtx4060,0,0,grid_2x2,true,80,057fabc1d66b32acf1ad702c264f6243a8e4c6fd5858eefea40153d124f4f0a3,b2f42d80ffebc10a43999056ff5c1814b8e87fd7,data/raw/formal-highfps-v1/formal-highfps-v1__colocation__daylight+pyxel_platformer+pyxel_snake__r03,"{""daylight"":""games/pyxel/apps-src/30SecondsOfDaylight/src/main.py"",""pyxel_platformer"":""games/pyxel/10_platformer.py"",""pyxel_snake"":""games/pyxel/07_snake.py""}","{""daylight"":""21a365375249e9d7ea05e78dcfe040f09cc1f0c66bd410bae084190c743a028f"",""pyxel_platformer"":""1b2c75b49dc9ab0254fb4b724682a4787868814a38d2f08920720dc5b6007ac5"",""pyxel_snake"":""bc533fef92d1d358e570f69d979919fe5c1cd8c4da49841104b49a1e661a5ac3""}",643b4b8b62fd0841222ef6e1dc68e6b74a8a2c2cf2532cd5d5497f2180f2b2bc
2,182,formal-highfps-v1__solo__pyxel_shooter__r02,formal-highfps-v1,solo,not_applicable,solo,"[""pyxel_shooter""]",pyxel_shooter,[],,,,,,2,377228495676953109,10,30,1,10,windows-rtx4060,0,0,grid_2x2,true,80,057fabc1d66b32acf1ad702c264f6243a8e4c6fd5858eefea40153d124f4f0a3,b2f42d80ffebc10a43999056ff5c1814b8e87fd7,data/raw/formal-highfps-v1/formal-highfps-v1__solo__pyxel_shooter__r02,"{""pyxel_shooter"":""games/pyxel/09_shooter.py""}","{""pyxel_shooter"":""0f53e4156907eac41080a8f289e22c89365b3239517c754cf59a51af201d5563""}",4bb36694c8585ac2daf4a504068d50f21896801b405c26ef71b73339d41da1a0
2,183,formal-highfps-v1__colocation__daylight+pyxel_bubbles+pyxel_jump__r02,formal-highfps-v1,colocation-main,test,colocation,"[""daylight"",""pyxel_bubbles"",""pyxel_jump""]",daylight,"[""pyxel_bubbles"",""pyxel_jump""]",daylight+pyxel_bubbles+pyxel_jump,daylight+pyxel_bubbles+pyxel_jump__r02,,,,2,6972834449024229760,10,30,1,10,windows-rtx4060,0,0,grid_2x2,true,80,057fabc1d66b32acf1ad702c264f6243a8e4c6fd5858eefea40153d124f4f0a3,b2f42d80ffebc10a43999056ff5c1814b8e87fd7,data/raw/formal-highfps-v1/formal-highfps-v1__colocation__daylight+pyxel_bubbles+pyxel_jump__r02,"{""daylight"":""games/pyxel/apps-src/30SecondsOfDaylight/src/main.py"",""pyxel_bubbles"":""games/pyxel/06_click_game.py"",""pyxel_jump"":""games/pyxel/02_jump_game.py""}","{""daylight"":""21a365375249e9d7ea05e78dcfe040f09cc1f0c66bd410bae084190c743a028f"",""pyxel_bubbles"":""54c101e90bdaed839ac4c4284494530d5df37a5819a35f1e41eebb0b3da5d900"",""pyxel_jump"":""4743a825f1c9cae7e049ac52115f4ecf83350db546c00745a54af187d7bc2e46""}",fe9190c9e9d2693ea82c02aba676817d330f2793f297ee4c34b7e9e4e7216f2d
2,184,formal-highfps-v1__colocation__daylight+pyxel_platformer+pyxel_shooter__r02,formal-highfps-v1,colocation-main,validation,colocation,"[""daylight"",""pyxel_platformer"",""pyxel_shooter""]",daylight,"[""pyxel_platformer"",""pyxel_shooter""]",daylight+pyxel_platformer+pyxel_shooter,daylight+pyxel_platformer+pyxel_shooter__r02,,,,2,10176949720502414486,10,30,1,10,windows-rtx4060,0,0,grid_2x2,true,80,057fabc1d66b32acf1ad702c264f6243a8e4c6fd5858eefea40153d124f4f0a3,b2f42d80ffebc10a43999056ff5c1814b8e87fd7,data/raw/formal-highfps-v1/formal-highfps-v1__colocation__daylight+pyxel_platformer+pyxel_shooter__r02,"{""daylight"":""games/pyxel/apps-src/30SecondsOfDaylight/src/main.py"",""pyxel_platformer"":""games/pyxel/10_platformer.py"",""pyxel_shooter"":""games/pyxel/09_shooter.py""}","{""daylight"":""21a365375249e9d7ea05e78dcfe040f09cc1f0c66bd410bae084190c743a028f"",""pyxel_platformer"":""1b2c75b49dc9ab0254fb4b724682a4787868814a38d2f08920720dc5b6007ac5"",""pyxel_shooter"":""0f53e4156907eac41080a8f289e22c89365b3239517c754cf59a51af201d5563""}",96cc4c7bb22bb720b72a314775b0175d50f91fb31776ee4d90f793b8257b19de
2,185,formal-highfps-v1__colocation__pyxel_platformer+pyxel_snake__r03,formal-highfps-v1,colocation-main,test,colocation,"[""pyxel_platformer"",""pyxel_snake""]",pyxel_platformer,"[""pyxel_snake""]",pyxel_platformer+pyxel_snake,pyxel_platformer+pyxel_snake__r03,,,,3,17859305433267736836,10,30,1,10,windows-rtx4060,0,0,grid_2x2,true,80,057fabc1d66b32acf1ad702c264f6243a8e4c6fd5858eefea40153d124f4f0a3,b2f42d80ffebc10a43999056ff5c1814b8e87fd7,data/raw/formal-highfps-v1/formal-highfps-v1__colocation__pyxel_platformer+pyxel_snake__r03,"{""pyxel_platformer"":""games/pyxel/10_platformer.py"",""pyxel_snake"":""games/pyxel/07_snake.py""}","{""pyxel_platformer"":""1b2c75b49dc9ab0254fb4b724682a4787868814a38d2f08920720dc5b6007ac5"",""pyxel_snake"":""bc533fef92d1d358e570f69d979919fe5c1cd8c4da49841104b49a1e661a5ac3""}",6b47fec2ce19c5d7bb9d7ec317c14e869089e4b06c7b24294182aeab7fc08ec9
2,186,formal-highfps-v1__colocation__pyxel_bubbles+pyxel_snake+space_rescue__r03,formal-highfps-v1,colocation-main,train,colocation,"[""pyxel_bubbles"",""pyxel_snake"",""space_rescue""]",pyxel_bubbles,"[""pyxel_snake"",""space_rescue""]",pyxel_bubbles+pyxel_snake+space_rescue,pyxel_bubbles+pyxel_snake+space_rescue__r03,,,,3,17740235794491381031,10,30,1,10,windows-rtx4060,0,0,grid_2x2,true,80,057fabc1d66b32acf1ad702c264f6243a8e4c6fd5858eefea40153d124f4f0a3,b2f42d80ffebc10a43999056ff5c1814b8e87fd7,data/raw/formal-highfps-v1/formal-highfps-v1__colocation__pyxel_bubbles+pyxel_snake+space_rescue__r03,"{""pyxel_bubbles"":""games/pyxel/06_click_game.py"",""pyxel_snake"":""games/pyxel/07_snake.py"",""space_rescue"":""games/pyxel/apps-src/space_rescue/space_rescue.py""}","{""pyxel_bubbles"":""54c101e90bdaed839ac4c4284494530d5df37a5819a35f1e41eebb0b3da5d900"",""pyxel_snake"":""bc533fef92d1d358e570f69d979919fe5c1cd8c4da49841104b49a1e661a5ac3"",""space_rescue"":""f3b0ab6784ae558e64f06a3f0a704e53f107a130aa3d43357659d0850131e461""}",349f49d20d4a25831d846109b91bb3b339c8684dfd734cdd8f2f7238481cecca
2,187,formal-highfps-v1__colocation__pyxel_bubbles+pyxel_shooter+pyxel_snake__r01,formal-highfps-v1,colocation-main,train,colocation,"[""pyxel_bubbles"",""pyxel_shooter"",""pyxel_snake""]",pyxel_bubbles,"[""pyxel_shooter"",""pyxel_snake""]",pyxel_bubbles+pyxel_shooter+pyxel_snake,pyxel_bubbles+pyxel_shooter+pyxel_snake__r01,,,,1,1737315477552542881,10,30,1,10,windows-rtx4060,0,0,grid_2x2,true,80,057fabc1d66b32acf1ad702c264f6243a8e4c6fd5858eefea40153d124f4f0a3,b2f42d80ffebc10a43999056ff5c1814b8e87fd7,data/raw/formal-highfps-v1/formal-highfps-v1__colocation__pyxel_bubbles+pyxel_shooter+pyxel_snake__r01,"{""pyxel_bubbles"":""games/pyxel/06_click_game.py"",""pyxel_shooter"":""games/pyxel/09_shooter.py"",""pyxel_snake"":""games/pyxel/07_snake.py""}","{""pyxel_bubbles"":""54c101e90bdaed839ac4c4284494530d5df37a5819a35f1e41eebb0b3da5d900"",""pyxel_shooter"":""0f53e4156907eac41080a8f289e22c89365b3239517c754cf59a51af201d5563"",""pyxel_snake"":""bc533fef92d1d358e570f69d979919fe5c1cd8c4da49841104b49a1e661a5ac3""}",56dec2fbf3248b0035cda639bad5ae0464bef6f32d4b80d990d26db4898a1cc7
2,188,formal-highfps-v1__colocation__mega_wing+pyxel_shooter__r02,formal-highfps-v1,colocation-main,train,colocation,"[""mega_wing"",""pyxel_shooter""]",mega_wing,"[""pyxel_shooter""]",mega_wing+pyxel_shooter,mega_wing+pyxel_shooter__r02,,,,2,2819729645822397115,10,30,1,10,windows-rtx4060,0,0,grid_2x2,true,80,057fabc1d66b32acf1ad702c264f6243a8e4c6fd5858eefea40153d124f4f0a3,b2f42d80ffebc10a43999056ff5c1814b8e87fd7,data/raw/formal-highfps-v1/formal-highfps-v1__colocation__mega_wing+pyxel_shooter__r02,"{""mega_wing"":""games/pyxel/apps-src/mega_wing/mega_wing.py"",""pyxel_shooter"":""games/pyxel/09_shooter.py""}","{""mega_wing"":""86bad6c02a303806c58137503739241dc6b1e86695f7c0dbf672b5e1a1464e9f"",""pyxel_shooter"":""0f53e4156907eac41080a8f289e22c89365b3239517c754cf59a51af201d5563""}",2a18b608cba8f5f16e4b3cfa399884810c9520ebe3fcc7512103a31dfcbf4798
2,189,formal-highfps-v1__colocation__mega_wing+pyxel_platformer__r03,formal-highfps-v1,colocation-main,test,colocation,"[""mega_wing"",""pyxel_platformer""]",mega_wing,"[""pyxel_platformer""]",mega_wing+pyxel_platformer,mega_wing+pyxel_platformer__r03,,,,3,15449421436939081751,10,30,1,10,windows-rtx4060,0,0,grid_2x2,true,80,057fabc1d66b32acf1ad702c264f6243a8e4c6fd5858eefea40153d124f4f0a3,b2f42d80ffebc10a43999056ff5c1814b8e87fd7,data/raw/formal-highfps-v1/formal-highfps-v1__colocation__mega_wing+pyxel_platformer__r03,"{""mega_wing"":""games/pyxel/apps-src/mega_wing/mega_wing.py"",""pyxel_platformer"":""games/pyxel/10_platformer.py""}","{""mega_wing"":""86bad6c02a303806c58137503739241dc6b1e86695f7c0dbf672b5e1a1464e9f"",""pyxel_platformer"":""1b2c75b49dc9ab0254fb4b724682a4787868814a38d2f08920720dc5b6007ac5""}",91d8a8197e7d0d9351df769b7d9ae1d0d97762fc812d413ba9399dfe9ff81d8c
2,190,formal-highfps-v1__colocation__daylight+mega_wing+pyxel_shooter__r02,formal-highfps-v1,colocation-main,validation,colocation,"[""daylight"",""mega_wing"",""pyxel_shooter""]",daylight,"[""mega_wing"",""pyxel_shooter""]",daylight+mega_wing+pyxel_shooter,daylight+mega_wing+pyxel_shooter__r02,,,,2,10879989153267615226,10,30,1,10,windows-rtx4060,0,0,grid_2x2,true,80,057fabc1d66b32acf1ad702c264f6243a8e4c6fd5858eefea40153d124f4f0a3,b2f42d80ffebc10a43999056ff5c1814b8e87fd7,data/raw/formal-highfps-v1/formal-highfps-v1__colocation__daylight+mega_wing+pyxel_shooter__r02,"{""daylight"":""games/pyxel/apps-src/30SecondsOfDaylight/src/main.py"",""mega_wing"":""games/pyxel/apps-src/mega_wing/mega_wing.py"",""pyxel_shooter"":""games/pyxel/09_shooter.py""}","{""daylight"":""21a365375249e9d7ea05e78dcfe040f09cc1f0c66bd410bae084190c743a028f"",""mega_wing"":""86bad6c02a303806c58137503739241dc6b1e86695f7c0dbf672b5e1a1464e9f"",""pyxel_shooter"":""0f53e4156907eac41080a8f289e22c89365b3239517c754cf59a51af201d5563""}",7451218ee273d1afaf09c26fe1326eb736e6fe78ac758140d5d17c3d3d197c2b
2,191,formal-highfps-v1__colocation__daylight+pyxel_snake__r01,formal-highfps-v1,colocation-main,train,colocation,"[""daylight"",""pyxel_snake""]",daylight,"[""pyxel_snake""]",daylight+pyxel_snake,daylight+pyxel_snake__r01,,,,1,5250172929288085803,10,30,1,10,windows-rtx4060,0,0,grid_2x2,true,80,057fabc1d66b32acf1ad702c264f6243a8e4c6fd5858eefea40153d124f4f0a3,b2f42d80ffebc10a43999056ff5c1814b8e87fd7,data/raw/formal-highfps-v1/formal-highfps-v1__colocation__daylight+pyxel_snake__r01,"{""daylight"":""games/pyxel/apps-src/30SecondsOfDaylight/src/main.py"",""pyxel_snake"":""games/pyxel/07_snake.py""}","{""daylight"":""21a365375249e9d7ea05e78dcfe040f09cc1f0c66bd410bae084190c743a028f"",""pyxel_snake"":""bc533fef92d1d358e570f69d979919fe5c1cd8c4da49841104b49a1e661a5ac3""}",e01ef62279b4a345257f062a4cac882d7901fd74b7c26b1946e160f7272b40e7
2,192,formal-highfps-v1__colocation__pyxel_snake+space_rescue__r01,formal-highfps-v1,colocation-main,train,colocation,"[""pyxel_snake"",""space_rescue""]",pyxel_snake,"[""space_rescue""]",pyxel_snake+space_rescue,pyxel_snake+space_rescue__r01,,,,1,2397847521604434650,10,30,1,10,windows-rtx4060,0,0,grid_2x2,true,80,057fabc1d66b32acf1ad702c264f6243a8e4c6fd5858eefea40153d124f4f0a3,b2f42d80ffebc10a43999056ff5c1814b8e87fd7,data/raw/formal-highfps-v1/formal-highfps-v1__colocation__pyxel_snake+space_rescue__r01,"{""pyxel_snake"":""games/pyxel/07_snake.py"",""space_rescue"":""games/pyxel/apps-src/space_rescue/space_rescue.py""}","{""pyxel_snake"":""bc533fef92d1d358e570f69d979919fe5c1cd8c4da49841104b49a1e661a5ac3"",""space_rescue"":""f3b0ab6784ae558e64f06a3f0a704e53f107a130aa3d43357659d0850131e461""}",392182bdef3d8093521bb6006aba649f778b09b7ef4cd43086180fcd3437ec26
2,193,formal-highfps-v1__extra__daylight+pyxel_platformer+pyxel_shooter+pyxel_snake__r03,formal-highfps-v1,colocation-extra-test,extra_test,extra_test,"[""daylight"",""pyxel_platformer"",""pyxel_shooter"",""pyxel_snake""]",daylight,"[""pyxel_platformer"",""pyxel_shooter"",""pyxel_snake""]",daylight+pyxel_platformer+pyxel_shooter+pyxel_snake,daylight+pyxel_platformer+pyxel_shooter+pyxel_snake__r03,,,,3,13328020676611241538,10,30,1,10,windows-rtx4060,0,0,grid_2x2,true,80,057fabc1d66b32acf1ad702c264f6243a8e4c6fd5858eefea40153d124f4f0a3,b2f42d80ffebc10a43999056ff5c1814b8e87fd7,data/raw/formal-highfps-v1/formal-highfps-v1__extra__daylight+pyxel_platformer+pyxel_shooter+pyxel_snake__r03,"{""daylight"":""games/pyxel/apps-src/30SecondsOfDaylight/src/main.py"",""pyxel_platformer"":""games/pyxel/10_platformer.py"",""pyxel_shooter"":""games/pyxel/09_shooter.py"",""pyxel_snake"":""games/pyxel/07_snake.py""}","{""daylight"":""21a365375249e9d7ea05e78dcfe040f09cc1f0c66bd410bae084190c743a028f"",""pyxel_platformer"":""1b2c75b49dc9ab0254fb4b724682a4787868814a38d2f08920720dc5b6007ac5"",""pyxel_shooter"":""0f53e4156907eac41080a8f289e22c89365b3239517c754cf59a51af201d5563"",""pyxel_snake"":""bc533fef92d1d358e570f69d979919fe5c1cd8c4da49841104b49a1e661a5ac3""}",4b4e797c531a19abec6ee03d90ebc75b903632cd595cb44cfc6c83a97a60be91
2,194,formal-highfps-v1__solo__pyxel_bubbles__r02,formal-highfps-v1,solo,not_applicable,solo,"[""pyxel_bubbles""]",pyxel_bubbles,[],,,,,,2,9258445529914912663,10,30,1,10,windows-rtx4060,0,0,grid_2x2,true,80,057fabc1d66b32acf1ad702c264f6243a8e4c6fd5858eefea40153d124f4f0a3,b2f42d80ffebc10a43999056ff5c1814b8e87fd7,data/raw/formal-highfps-v1/formal-highfps-v1__solo__pyxel_bubbles__r02,"{""pyxel_bubbles"":""games/pyxel/06_click_game.py""}","{""pyxel_bubbles"":""54c101e90bdaed839ac4c4284494530d5df37a5819a35f1e41eebb0b3da5d900""}",ae3c8279125aef104535ba8f29ae837ca5ab74fd09c7a9f169564b52bc4ecaa1
2,195,formal-highfps-v1__colocation__pyxel_bubbles+pyxel_shooter__r01,formal-highfps-v1,colocation-main,train,colocation,"[""pyxel_bubbles"",""pyxel_shooter""]",pyxel_bubbles,"[""pyxel_shooter""]",pyxel_bubbles+pyxel_shooter,pyxel_bubbles+pyxel_shooter__r01,,,,1,18084132692930187695,10,30,1,10,windows-rtx4060,0,0,grid_2x2,true,80,057fabc1d66b32acf1ad702c264f6243a8e4c6fd5858eefea40153d124f4f0a3,b2f42d80ffebc10a43999056ff5c1814b8e87fd7,data/raw/formal-highfps-v1/formal-highfps-v1__colocation__pyxel_bubbles+pyxel_shooter__r01,"{""pyxel_bubbles"":""games/pyxel/06_click_game.py"",""pyxel_shooter"":""games/pyxel/09_shooter.py""}","{""pyxel_bubbles"":""54c101e90bdaed839ac4c4284494530d5df37a5819a35f1e41eebb0b3da5d900"",""pyxel_shooter"":""0f53e4156907eac41080a8f289e22c89365b3239517c754cf59a51af201d5563""}",a1498ac31585e82b2570285477976bc56bc9ecf08a8b2ee54e1bf3d2245f4b26
2,196,formal-highfps-v1__colocation__mega_wing+pyxel_bubbles__r01,formal-highfps-v1,colocation-main,test,colocation,"[""mega_wing"",""pyxel_bubbles""]",mega_wing,"[""pyxel_bubbles""]",mega_wing+pyxel_bubbles,mega_wing+pyxel_bubbles__r01,,,,1,7664317210654164220,10,30,1,10,windows-rtx4060,0,0,grid_2x2,true,80,057fabc1d66b32acf1ad702c264f6243a8e4c6fd5858eefea40153d124f4f0a3,b2f42d80ffebc10a43999056ff5c1814b8e87fd7,data/raw/formal-highfps-v1/formal-highfps-v1__colocation__mega_wing+pyxel_bubbles__r01,"{""mega_wing"":""games/pyxel/apps-src/mega_wing/mega_wing.py"",""pyxel_bubbles"":""games/pyxel/06_click_game.py""}","{""mega_wing"":""86bad6c02a303806c58137503739241dc6b1e86695f7c0dbf672b5e1a1464e9f"",""pyxel_bubbles"":""54c101e90bdaed839ac4c4284494530d5df37a5819a35f1e41eebb0b3da5d900""}",80b256aa2b8cf98191d40805f920c80a5398b0083591846986046ee0b35fbbc9
2,197,formal-highfps-v1__colocation__mega_wing+pyxel_bubbles+space_rescue__r02,formal-highfps-v1,colocation-main,train,colocation,"[""mega_wing"",""pyxel_bubbles"",""space_rescue""]",mega_wing,"[""pyxel_bubbles"",""space_rescue""]",mega_wing+pyxel_bubbles+space_rescue,mega_wing+pyxel_bubbles+space_rescue__r02,,,,2,12421338202025968334,10,30,1,10,windows-rtx4060,0,0,grid_2x2,true,80,057fabc1d66b32acf1ad702c264f6243a8e4c6fd5858eefea40153d124f4f0a3,b2f42d80ffebc10a43999056ff5c1814b8e87fd7,data/raw/formal-highfps-v1/formal-highfps-v1__colocation__mega_wing+pyxel_bubbles+space_rescue__r02,"{""mega_wing"":""games/pyxel/apps-src/mega_wing/mega_wing.py"",""pyxel_bubbles"":""games/pyxel/06_click_game.py"",""space_rescue"":""games/pyxel/apps-src/space_rescue/space_rescue.py""}","{""mega_wing"":""86bad6c02a303806c58137503739241dc6b1e86695f7c0dbf672b5e1a1464e9f"",""pyxel_bubbles"":""54c101e90bdaed839ac4c4284494530d5df37a5819a35f1e41eebb0b3da5d900"",""space_rescue"":""f3b0ab6784ae558e64f06a3f0a704e53f107a130aa3d43357659d0850131e461""}",7991fafaf44d55bbb502b1cd7c6fdb946b5daacb42006b8c06f72a37dd940995
2,198,formal-highfps-v1__colocation__daylight+pyxel_snake__r02,formal-highfps-v1,colocation-main,train,colocation,"[""daylight"",""pyxel_snake""]",daylight,"[""pyxel_snake""]",daylight+pyxel_snake,daylight+pyxel_snake__r02,,,,2,9318859405188917377,10,30,1,10,windows-rtx4060,0,0,grid_2x2,true,80,057fabc1d66b32acf1ad702c264f6243a8e4c6fd5858eefea40153d124f4f0a3,b2f42d80ffebc10a43999056ff5c1814b8e87fd7,data/raw/formal-highfps-v1/formal-highfps-v1__colocation__daylight+pyxel_snake__r02,"{""daylight"":""games/pyxel/apps-src/30SecondsOfDaylight/src/main.py"",""pyxel_snake"":""games/pyxel/07_snake.py""}","{""daylight"":""21a365375249e9d7ea05e78dcfe040f09cc1f0c66bd410bae084190c743a028f"",""pyxel_snake"":""bc533fef92d1d358e570f69d979919fe5c1cd8c4da49841104b49a1e661a5ac3""}",13783b48ca29f0478f84df951720f25b6ae7d42e22827f3c578601131a66f8d7
2,199,formal-highfps-v1__colocation__mega_wing+pyxel_platformer+pyxel_shooter__r01,formal-highfps-v1,colocation-main,test,colocation,"[""mega_wing"",""pyxel_platformer"",""pyxel_shooter""]",mega_wing,"[""pyxel_platformer"",""pyxel_shooter""]",mega_wing+pyxel_platformer+pyxel_shooter,mega_wing+pyxel_platformer+pyxel_shooter__r01,,,,1,16027148539821522231,10,30,1,10,windows-rtx4060,0,0,grid_2x2,true,80,057fabc1d66b32acf1ad702c264f6243a8e4c6fd5858eefea40153d124f4f0a3,b2f42d80ffebc10a43999056ff5c1814b8e87fd7,data/raw/formal-highfps-v1/formal-highfps-v1__colocation__mega_wing+pyxel_platformer+pyxel_shooter__r01,"{""mega_wing"":""games/pyxel/apps-src/mega_wing/mega_wing.py"",""pyxel_platformer"":""games/pyxel/10_platformer.py"",""pyxel_shooter"":""games/pyxel/09_shooter.py""}","{""mega_wing"":""86bad6c02a303806c58137503739241dc6b1e86695f7c0dbf672b5e1a1464e9f"",""pyxel_platformer"":""1b2c75b49dc9ab0254fb4b724682a4787868814a38d2f08920720dc5b6007ac5"",""pyxel_shooter"":""0f53e4156907eac41080a8f289e22c89365b3239517c754cf59a51af201d5563""}",4c5f31fd87549b320ea654ed0b7ae3838fcf9d9a02b771b658a4fc418b750a74
2,200,formal-highfps-v1__colocation__pyxel_bubbles+pyxel_platformer__r02,formal-highfps-v1,colocation-main,train,colocation,"[""pyxel_bubbles"",""pyxel_platformer""]",pyxel_bubbles,"[""pyxel_platformer""]",pyxel_bubbles+pyxel_platformer,pyxel_bubbles+pyxel_platformer__r02,,,,2,12381208389790326575,10,30,1,10,windows-rtx4060,0,0,grid_2x2,true,80,057fabc1d66b32acf1ad702c264f6243a8e4c6fd5858eefea40153d124f4f0a3,b2f42d80ffebc10a43999056ff5c1814b8e87fd7,data/raw/formal-highfps-v1/formal-highfps-v1__colocation__pyxel_bubbles+pyxel_platformer__r02,"{""pyxel_bubbles"":""games/pyxel/06_click_game.py"",""pyxel_platformer"":""games/pyxel/10_platformer.py""}","{""pyxel_bubbles"":""54c101e90bdaed839ac4c4284494530d5df37a5819a35f1e41eebb0b3da5d900"",""pyxel_platformer"":""1b2c75b49dc9ab0254fb4b724682a4787868814a38d2f08920720dc5b6007ac5""}",740c561e2c0b5d5de387a439d04b18a14b707adcd518dd77695389fcd90e5663
2,201,formal-highfps-v1__colocation__mega_wing+pyxel_bubbles+space_rescue__r01,formal-highfps-v1,colocation-main,train,colocation,"[""mega_wing"",""pyxel_bubbles"",""space_rescue""]",mega_wing,"[""pyxel_bubbles"",""space_rescue""]",mega_wing+pyxel_bubbles+space_rescue,mega_wing+pyxel_bubbles+space_rescue__r01,,,,1,7970642093461217183,10,30,1,10,windows-rtx4060,0,0,grid_2x2,true,80,057fabc1d66b32acf1ad702c264f6243a8e4c6fd5858eefea40153d124f4f0a3,b2f42d80ffebc10a43999056ff5c1814b8e87fd7,data/raw/formal-highfps-v1/formal-highfps-v1__colocation__mega_wing+pyxel_bubbles+space_rescue__r01,"{""mega_wing"":""games/pyxel/apps-src/mega_wing/mega_wing.py"",""pyxel_bubbles"":""games/pyxel/06_click_game.py"",""space_rescue"":""games/pyxel/apps-src/space_rescue/space_rescue.py""}","{""mega_wing"":""86bad6c02a303806c58137503739241dc6b1e86695f7c0dbf672b5e1a1464e9f"",""pyxel_bubbles"":""54c101e90bdaed839ac4c4284494530d5df37a5819a35f1e41eebb0b3da5d900"",""space_rescue"":""f3b0ab6784ae558e64f06a3f0a704e53f107a130aa3d43357659d0850131e461""}",ca2f4c46ddb57f79e97cfd5d7209f852c03eabf10bede26a487321d89cbcc66b
2,202,formal-highfps-v1__colocation__pyxel_bubbles+pyxel_shooter+pyxel_snake__r03,formal-highfps-v1,colocation-main,train,colocation,"[""pyxel_bubbles"",""pyxel_shooter"",""pyxel_snake""]",pyxel_bubbles,"[""pyxel_shooter"",""pyxel_snake""]",pyxel_bubbles+pyxel_shooter+pyxel_snake,pyxel_bubbles+pyxel_shooter+pyxel_snake__r03,,,,3,9562112611226621041,10,30,1,10,windows-rtx4060,0,0,grid_2x2,true,80,057fabc1d66b32acf1ad702c264f6243a8e4c6fd5858eefea40153d124f4f0a3,b2f42d80ffebc10a43999056ff5c1814b8e87fd7,data/raw/formal-highfps-v1/formal-highfps-v1__colocation__pyxel_bubbles+pyxel_shooter+pyxel_snake__r03,"{""pyxel_bubbles"":""games/pyxel/06_click_game.py"",""pyxel_shooter"":""games/pyxel/09_shooter.py"",""pyxel_snake"":""games/pyxel/07_snake.py""}","{""pyxel_bubbles"":""54c101e90bdaed839ac4c4284494530d5df37a5819a35f1e41eebb0b3da5d900"",""pyxel_shooter"":""0f53e4156907eac41080a8f289e22c89365b3239517c754cf59a51af201d5563"",""pyxel_snake"":""bc533fef92d1d358e570f69d979919fe5c1cd8c4da49841104b49a1e661a5ac3""}",889060f5941b689f3f6a3f3d0b333ebf79c38f6ab133c454d7bfee722faa5e85
2,203,formal-highfps-v1__colocation__daylight+pyxel_shooter+pyxel_snake__r01,formal-highfps-v1,colocation-main,train,colocation,"[""daylight"",""pyxel_shooter"",""pyxel_snake""]",daylight,"[""pyxel_shooter"",""pyxel_snake""]",daylight+pyxel_shooter+pyxel_snake,daylight+pyxel_shooter+pyxel_snake__r01,,,,1,16835801411798003167,10,30,1,10,windows-rtx4060,0,0,grid_2x2,true,80,057fabc1d66b32acf1ad702c264f6243a8e4c6fd5858eefea40153d124f4f0a3,b2f42d80ffebc10a43999056ff5c1814b8e87fd7,data/raw/formal-highfps-v1/formal-highfps-v1__colocation__daylight+pyxel_shooter+pyxel_snake__r01,"{""daylight"":""games/pyxel/apps-src/30SecondsOfDaylight/src/main.py"",""pyxel_shooter"":""games/pyxel/09_shooter.py"",""pyxel_snake"":""games/pyxel/07_snake.py""}","{""daylight"":""21a365375249e9d7ea05e78dcfe040f09cc1f0c66bd410bae084190c743a028f"",""pyxel_shooter"":""0f53e4156907eac41080a8f289e22c89365b3239517c754cf59a51af201d5563"",""pyxel_snake"":""bc533fef92d1d358e570f69d979919fe5c1cd8c4da49841104b49a1e661a5ac3""}",c549e85e1b07f6925eb824640633c6204b2b1e28a1f6bfe7e07754f94127b7f0
2,204,formal-highfps-v1__colocation__pyxel_shooter+pyxel_snake__r01,formal-highfps-v1,colocation-main,train,colocation,"[""pyxel_shooter"",""pyxel_snake""]",pyxel_shooter,"[""pyxel_snake""]",pyxel_shooter+pyxel_snake,pyxel_shooter+pyxel_snake__r01,,,,1,15369143439222277393,10,30,1,10,windows-rtx4060,0,0,grid_2x2,true,80,057fabc1d66b32acf1ad702c264f6243a8e4c6fd5858eefea40153d124f4f0a3,b2f42d80ffebc10a43999056ff5c1814b8e87fd7,data/raw/formal-highfps-v1/formal-highfps-v1__colocation__pyxel_shooter+pyxel_snake__r01,"{""pyxel_shooter"":""games/pyxel/09_shooter.py"",""pyxel_snake"":""games/pyxel/07_snake.py""}","{""pyxel_shooter"":""0f53e4156907eac41080a8f289e22c89365b3239517c754cf59a51af201d5563"",""pyxel_snake"":""bc533fef92d1d358e570f69d979919fe5c1cd8c4da49841104b49a1e661a5ac3""}",c46fed87adbfb9d4d089777581b25518b13d11b0d2d67fba7b40d6d5ae1a861c
2,205,formal-highfps-v1__colocation__mega_wing+pyxel_bubbles+pyxel_snake__r02,formal-highfps-v1,colocation-main,train,colocation,"[""mega_wing"",""pyxel_bubbles"",""pyxel_snake""]",mega_wing,"[""pyxel_bubbles"",""pyxel_snake""]",mega_wing+pyxel_bubbles+pyxel_snake,mega_wing+pyxel_bubbles+pyxel_snake__r02,,,,2,1945997934514641319,10,30,1,10,windows-rtx4060,0,0,grid_2x2,true,80,057fabc1d66b32acf1ad702c264f6243a8e4c6fd5858eefea40153d124f4f0a3,b2f42d80ffebc10a43999056ff5c1814b8e87fd7,data/raw/formal-highfps-v1/formal-highfps-v1__colocation__mega_wing+pyxel_bubbles+pyxel_snake__r02,"{""mega_wing"":""games/pyxel/apps-src/mega_wing/mega_wing.py"",""pyxel_bubbles"":""games/pyxel/06_click_game.py"",""pyxel_snake"":""games/pyxel/07_snake.py""}","{""mega_wing"":""86bad6c02a303806c58137503739241dc6b1e86695f7c0dbf672b5e1a1464e9f"",""pyxel_bubbles"":""54c101e90bdaed839ac4c4284494530d5df37a5819a35f1e41eebb0b3da5d900"",""pyxel_snake"":""bc533fef92d1d358e570f69d979919fe5c1cd8c4da49841104b49a1e661a5ac3""}",facf501df1493b3eb9ff54abd98f776977c44ff625d63f762e20254df33a201b
2,206,formal-highfps-v1__solo__pyxel_jump__r02,formal-highfps-v1,solo,not_applicable,solo,"[""pyxel_jump""]",pyxel_jump,[],,,,,,2,10400501753561450736,10,30,1,10,windows-rtx4060,0,0,grid_2x2,true,80,057fabc1d66b32acf1ad702c264f6243a8e4c6fd5858eefea40153d124f4f0a3,b2f42d80ffebc10a43999056ff5c1814b8e87fd7,data/raw/formal-highfps-v1/formal-highfps-v1__solo__pyxel_jump__r02,"{""pyxel_jump"":""games/pyxel/02_jump_game.py""}","{""pyxel_jump"":""4743a825f1c9cae7e049ac52115f4ecf83350db546c00745a54af187d7bc2e46""}",d10d605359d6e28fc2765a6ba89f3bafb7d35f321e43d7853259e102252ce236
2,207,formal-highfps-v1__colocation__pyxel_jump+pyxel_platformer__r03,formal-highfps-v1,colocation-main,train,colocation,"[""pyxel_jump"",""pyxel_platformer""]",pyxel_jump,"[""pyxel_platformer""]",pyxel_jump+pyxel_platformer,pyxel_jump+pyxel_platformer__r03,,,,3,1231325593875672064,10,30,1,10,windows-rtx4060,0,0,grid_2x2,true,80,057fabc1d66b32acf1ad702c264f6243a8e4c6fd5858eefea40153d124f4f0a3,b2f42d80ffebc10a43999056ff5c1814b8e87fd7,data/raw/formal-highfps-v1/formal-highfps-v1__colocation__pyxel_jump+pyxel_platformer__r03,"{""pyxel_jump"":""games/pyxel/02_jump_game.py"",""pyxel_platformer"":""games/pyxel/10_platformer.py""}","{""pyxel_jump"":""4743a825f1c9cae7e049ac52115f4ecf83350db546c00745a54af187d7bc2e46"",""pyxel_platformer"":""1b2c75b49dc9ab0254fb4b724682a4787868814a38d2f08920720dc5b6007ac5""}",ea8427e0fc429b216ac3ac662eda7d60363b2f9a2cea055f01dac3b8c0c9fb8a
2,208,formal-highfps-v1__colocation__mega_wing+pyxel_snake__r02,formal-highfps-v1,colocation-main,train,colocation,"[""mega_wing"",""pyxel_snake""]",mega_wing,"[""pyxel_snake""]",mega_wing+pyxel_snake,mega_wing+pyxel_snake__r02,,,,2,17353871402522320280,10,30,1,10,windows-rtx4060,0,0,grid_2x2,true,80,057fabc1d66b32acf1ad702c264f6243a8e4c6fd5858eefea40153d124f4f0a3,b2f42d80ffebc10a43999056ff5c1814b8e87fd7,data/raw/formal-highfps-v1/formal-highfps-v1__colocation__mega_wing+pyxel_snake__r02,"{""mega_wing"":""games/pyxel/apps-src/mega_wing/mega_wing.py"",""pyxel_snake"":""games/pyxel/07_snake.py""}","{""mega_wing"":""86bad6c02a303806c58137503739241dc6b1e86695f7c0dbf672b5e1a1464e9f"",""pyxel_snake"":""bc533fef92d1d358e570f69d979919fe5c1cd8c4da49841104b49a1e661a5ac3""}",b661b1dd9f147fb9ee85d424a63e73c095d69d24ceffebc0038a75112850f90f
2,209,formal-highfps-v1__colocation__pyxel_jump+pyxel_shooter__r03,formal-highfps-v1,colocation-main,train,colocation,"[""pyxel_jump"",""pyxel_shooter""]",pyxel_jump,"[""pyxel_shooter""]",pyxel_jump+pyxel_shooter,pyxel_jump+pyxel_shooter__r03,,,,3,9109420943320906756,10,30,1,10,windows-rtx4060,0,0,grid_2x2,true,80,057fabc1d66b32acf1ad702c264f6243a8e4c6fd5858eefea40153d124f4f0a3,b2f42d80ffebc10a43999056ff5c1814b8e87fd7,data/raw/formal-highfps-v1/formal-highfps-v1__colocation__pyxel_jump+pyxel_shooter__r03,"{""pyxel_jump"":""games/pyxel/02_jump_game.py"",""pyxel_shooter"":""games/pyxel/09_shooter.py""}","{""pyxel_jump"":""4743a825f1c9cae7e049ac52115f4ecf83350db546c00745a54af187d7bc2e46"",""pyxel_shooter"":""0f53e4156907eac41080a8f289e22c89365b3239517c754cf59a51af201d5563""}",61ea860a866ae69da80c1be8ee43df9931ed4d2201435668b17d806ceddc8437
2,210,formal-highfps-v1__colocation__pyxel_jump+pyxel_platformer+pyxel_snake__r01,formal-highfps-v1,colocation-main,train,colocation,"[""pyxel_jump"",""pyxel_platformer"",""pyxel_snake""]",pyxel_jump,"[""pyxel_platformer"",""pyxel_snake""]",pyxel_jump+pyxel_platformer+pyxel_snake,pyxel_jump+pyxel_platformer+pyxel_snake__r01,,,,1,11195647565786268137,10,30,1,10,windows-rtx4060,0,0,grid_2x2,true,80,057fabc1d66b32acf1ad702c264f6243a8e4c6fd5858eefea40153d124f4f0a3,b2f42d80ffebc10a43999056ff5c1814b8e87fd7,data/raw/formal-highfps-v1/formal-highfps-v1__colocation__pyxel_jump+pyxel_platformer+pyxel_snake__r01,"{""pyxel_jump"":""games/pyxel/02_jump_game.py"",""pyxel_platformer"":""games/pyxel/10_platformer.py"",""pyxel_snake"":""games/pyxel/07_snake.py""}","{""pyxel_jump"":""4743a825f1c9cae7e049ac52115f4ecf83350db546c00745a54af187d7bc2e46"",""pyxel_platformer"":""1b2c75b49dc9ab0254fb4b724682a4787868814a38d2f08920720dc5b6007ac5"",""pyxel_snake"":""bc533fef92d1d358e570f69d979919fe5c1cd8c4da49841104b49a1e661a5ac3""}",ef732e49e2ee56452b696048213309730051de0db448b316302d68e01f384808
2,211,formal-highfps-v1__colocation__pyxel_shooter+pyxel_snake+space_rescue__r03,formal-highfps-v1,colocation-main,validation,colocation,"[""pyxel_shooter"",""pyxel_snake"",""space_rescue""]",pyxel_shooter,"[""pyxel_snake"",""space_rescue""]",pyxel_shooter+pyxel_snake+space_rescue,pyxel_shooter+pyxel_snake+space_rescue__r03,,,,3,14775508081036918402,10,30,1,10,windows-rtx4060,0,0,grid_2x2,true,80,057fabc1d66b32acf1ad702c264f6243a8e4c6fd5858eefea40153d124f4f0a3,b2f42d80ffebc10a43999056ff5c1814b8e87fd7,data/raw/formal-highfps-v1/formal-highfps-v1__colocation__pyxel_shooter+pyxel_snake+space_rescue__r03,"{""pyxel_shooter"":""games/pyxel/09_shooter.py"",""pyxel_snake"":""games/pyxel/07_snake.py"",""space_rescue"":""games/pyxel/apps-src/space_rescue/space_rescue.py""}","{""pyxel_shooter"":""0f53e4156907eac41080a8f289e22c89365b3239517c754cf59a51af201d5563"",""pyxel_snake"":""bc533fef92d1d358e570f69d979919fe5c1cd8c4da49841104b49a1e661a5ac3"",""space_rescue"":""f3b0ab6784ae558e64f06a3f0a704e53f107a130aa3d43357659d0850131e461""}",8176fc01829134c0e7a5867d711d86872c65b941ba8a425fcbd2e47a5af4e7ce
2,212,formal-highfps-v1__extra__daylight+mega_wing+pyxel_bubbles+pyxel_snake__r01,formal-highfps-v1,colocation-extra-test,extra_test,extra_test,"[""daylight"",""mega_wing"",""pyxel_bubbles"",""pyxel_snake""]",daylight,"[""mega_wing"",""pyxel_bubbles"",""pyxel_snake""]",daylight+mega_wing+pyxel_bubbles+pyxel_snake,daylight+mega_wing+pyxel_bubbles+pyxel_snake__r01,,,,1,17927576907099472139,10,30,1,10,windows-rtx4060,0,0,grid_2x2,true,80,057fabc1d66b32acf1ad702c264f6243a8e4c6fd5858eefea40153d124f4f0a3,b2f42d80ffebc10a43999056ff5c1814b8e87fd7,data/raw/formal-highfps-v1/formal-highfps-v1__extra__daylight+mega_wing+pyxel_bubbles+pyxel_snake__r01,"{""daylight"":""games/pyxel/apps-src/30SecondsOfDaylight/src/main.py"",""mega_wing"":""games/pyxel/apps-src/mega_wing/mega_wing.py"",""pyxel_bubbles"":""games/pyxel/06_click_game.py"",""pyxel_snake"":""games/pyxel/07_snake.py""}","{""daylight"":""21a365375249e9d7ea05e78dcfe040f09cc1f0c66bd410bae084190c743a028f"",""mega_wing"":""86bad6c02a303806c58137503739241dc6b1e86695f7c0dbf672b5e1a1464e9f"",""pyxel_bubbles"":""54c101e90bdaed839ac4c4284494530d5df37a5819a35f1e41eebb0b3da5d900"",""pyxel_snake"":""bc533fef92d1d358e570f69d979919fe5c1cd8c4da49841104b49a1e661a5ac3""}",cc85fd4a1095a40ab9882eccf8fb22ea6d8aa38690bdb770dd616c052770a23a
2,213,formal-highfps-v1__colocation__pyxel_bubbles+pyxel_shooter+pyxel_snake__r02,formal-highfps-v1,colocation-main,train,colocation,"[""pyxel_bubbles"",""pyxel_shooter"",""pyxel_snake""]",pyxel_bubbles,"[""pyxel_shooter"",""pyxel_snake""]",pyxel_bubbles+pyxel_shooter+pyxel_snake,pyxel_bubbles+pyxel_shooter+pyxel_snake__r02,,,,2,14555748007631107451,10,30,1,10,windows-rtx4060,0,0,grid_2x2,true,80,057fabc1d66b32acf1ad702c264f6243a8e4c6fd5858eefea40153d124f4f0a3,b2f42d80ffebc10a43999056ff5c1814b8e87fd7,data/raw/formal-highfps-v1/formal-highfps-v1__colocation__pyxel_bubbles+pyxel_shooter+pyxel_snake__r02,"{""pyxel_bubbles"":""games/pyxel/06_click_game.py"",""pyxel_shooter"":""games/pyxel/09_shooter.py"",""pyxel_snake"":""games/pyxel/07_snake.py""}","{""pyxel_bubbles"":""54c101e90bdaed839ac4c4284494530d5df37a5819a35f1e41eebb0b3da5d900"",""pyxel_shooter"":""0f53e4156907eac41080a8f289e22c89365b3239517c754cf59a51af201d5563"",""pyxel_snake"":""bc533fef92d1d358e570f69d979919fe5c1cd8c4da49841104b49a1e661a5ac3""}",3ca09225f977780e1d84004f54520a0574e69bb39b34b86f6cae4093d8a4fd12
2,214,formal-highfps-v1__extra__mega_wing+pyxel_jump+pyxel_platformer+pyxel_snake__r01,formal-highfps-v1,colocation-extra-test,extra_test,extra_test,"[""mega_wing"",""pyxel_jump"",""pyxel_platformer"",""pyxel_snake""]",mega_wing,"[""pyxel_jump"",""pyxel_platformer"",""pyxel_snake""]",mega_wing+pyxel_jump+pyxel_platformer+pyxel_snake,mega_wing+pyxel_jump+pyxel_platformer+pyxel_snake__r01,,,,1,11220244974776969020,10,30,1,10,windows-rtx4060,0,0,grid_2x2,true,80,057fabc1d66b32acf1ad702c264f6243a8e4c6fd5858eefea40153d124f4f0a3,b2f42d80ffebc10a43999056ff5c1814b8e87fd7,data/raw/formal-highfps-v1/formal-highfps-v1__extra__mega_wing+pyxel_jump+pyxel_platformer+pyxel_snake__r01,"{""mega_wing"":""games/pyxel/apps-src/mega_wing/mega_wing.py"",""pyxel_jump"":""games/pyxel/02_jump_game.py"",""pyxel_platformer"":""games/pyxel/10_platformer.py"",""pyxel_snake"":""games/pyxel/07_snake.py""}","{""mega_wing"":""86bad6c02a303806c58137503739241dc6b1e86695f7c0dbf672b5e1a1464e9f"",""pyxel_jump"":""4743a825f1c9cae7e049ac52115f4ecf83350db546c00745a54af187d7bc2e46"",""pyxel_platformer"":""1b2c75b49dc9ab0254fb4b724682a4787868814a38d2f08920720dc5b6007ac5"",""pyxel_snake"":""bc533fef92d1d358e570f69d979919fe5c1cd8c4da49841104b49a1e661a5ac3""}",f4910f0c4dd878a5e05926b54b2d1b5f80c4c86a624434bb4f4557e2b5ceb8bd
2,215,formal-highfps-v1__colocation__daylight+space_rescue__r02,formal-highfps-v1,colocation-main,test,colocation,"[""daylight"",""space_rescue""]",daylight,"[""space_rescue""]",daylight+space_rescue,daylight+space_rescue__r02,,,,2,2343974428120052302,10,30,1,10,windows-rtx4060,0,0,grid_2x2,true,80,057fabc1d66b32acf1ad702c264f6243a8e4c6fd5858eefea40153d124f4f0a3,b2f42d80ffebc10a43999056ff5c1814b8e87fd7,data/raw/formal-highfps-v1/formal-highfps-v1__colocation__daylight+space_rescue__r02,"{""daylight"":""games/pyxel/apps-src/30SecondsOfDaylight/src/main.py"",""space_rescue"":""games/pyxel/apps-src/space_rescue/space_rescue.py""}","{""daylight"":""21a365375249e9d7ea05e78dcfe040f09cc1f0c66bd410bae084190c743a028f"",""space_rescue"":""f3b0ab6784ae558e64f06a3f0a704e53f107a130aa3d43357659d0850131e461""}",dbfb00849f5c0677d8242e63d671d21cc4b4bd99a18c4310e4cecdf52b6fd081
2,216,formal-highfps-v1__colocation__daylight+pyxel_jump+space_rescue__r01,formal-highfps-v1,colocation-main,train,colocation,"[""daylight"",""pyxel_jump"",""space_rescue""]",daylight,"[""pyxel_jump"",""space_rescue""]",daylight+pyxel_jump+space_rescue,daylight+pyxel_jump+space_rescue__r01,,,,1,7581442912106823602,10,30,1,10,windows-rtx4060,0,0,grid_2x2,true,80,057fabc1d66b32acf1ad702c264f6243a8e4c6fd5858eefea40153d124f4f0a3,b2f42d80ffebc10a43999056ff5c1814b8e87fd7,data/raw/formal-highfps-v1/formal-highfps-v1__colocation__daylight+pyxel_jump+space_rescue__r01,"{""daylight"":""games/pyxel/apps-src/30SecondsOfDaylight/src/main.py"",""pyxel_jump"":""games/pyxel/02_jump_game.py"",""space_rescue"":""games/pyxel/apps-src/space_rescue/space_rescue.py""}","{""daylight"":""21a365375249e9d7ea05e78dcfe040f09cc1f0c66bd410bae084190c743a028f"",""pyxel_jump"":""4743a825f1c9cae7e049ac52115f4ecf83350db546c00745a54af187d7bc2e46"",""space_rescue"":""f3b0ab6784ae558e64f06a3f0a704e53f107a130aa3d43357659d0850131e461""}",be4e153235fb42a431c08a291246b2f690f0db754eb17b341c1cba87233a63ec
2,217,formal-highfps-v1__extra__mega_wing+pyxel_jump+pyxel_platformer+pyxel_snake__r02,formal-highfps-v1,colocation-extra-test,extra_test,extra_test,"[""mega_wing"",""pyxel_jump"",""pyxel_platformer"",""pyxel_snake""]",mega_wing,"[""pyxel_jump"",""pyxel_platformer"",""pyxel_snake""]",mega_wing+pyxel_jump+pyxel_platformer+pyxel_snake,mega_wing+pyxel_jump+pyxel_platformer+pyxel_snake__r02,,,,2,5412096916679900861,10,30,1,10,windows-rtx4060,0,0,grid_2x2,true,80,057fabc1d66b32acf1ad702c264f6243a8e4c6fd5858eefea40153d124f4f0a3,b2f42d80ffebc10a43999056ff5c1814b8e87fd7,data/raw/formal-highfps-v1/formal-highfps-v1__extra__mega_wing+pyxel_jump+pyxel_platformer+pyxel_snake__r02,"{""mega_wing"":""games/pyxel/apps-src/mega_wing/mega_wing.py"",""pyxel_jump"":""games/pyxel/02_jump_game.py"",""pyxel_platformer"":""games/pyxel/10_platformer.py"",""pyxel_snake"":""games/pyxel/07_snake.py""}","{""mega_wing"":""86bad6c02a303806c58137503739241dc6b1e86695f7c0dbf672b5e1a1464e9f"",""pyxel_jump"":""4743a825f1c9cae7e049ac52115f4ecf83350db546c00745a54af187d7bc2e46"",""pyxel_platformer"":""1b2c75b49dc9ab0254fb4b724682a4787868814a38d2f08920720dc5b6007ac5"",""pyxel_snake"":""bc533fef92d1d358e570f69d979919fe5c1cd8c4da49841104b49a1e661a5ac3""}",07cbc21616f7aee5d25bad560a49e825449bd17d24b33869070227b81acd368e
2,218,formal-highfps-v1__colocation__daylight+pyxel_shooter__r03,formal-highfps-v1,colocation-main,test,colocation,"[""daylight"",""pyxel_shooter""]",daylight,"[""pyxel_shooter""]",daylight+pyxel_shooter,daylight+pyxel_shooter__r03,,,,3,10033489765748907662,10,30,1,10,windows-rtx4060,0,0,grid_2x2,true,80,057fabc1d66b32acf1ad702c264f6243a8e4c6fd5858eefea40153d124f4f0a3,b2f42d80ffebc10a43999056ff5c1814b8e87fd7,data/raw/formal-highfps-v1/formal-highfps-v1__colocation__daylight+pyxel_shooter__r03,"{""daylight"":""games/pyxel/apps-src/30SecondsOfDaylight/src/main.py"",""pyxel_shooter"":""games/pyxel/09_shooter.py""}","{""daylight"":""21a365375249e9d7ea05e78dcfe040f09cc1f0c66bd410bae084190c743a028f"",""pyxel_shooter"":""0f53e4156907eac41080a8f289e22c89365b3239517c754cf59a51af201d5563""}",6724cc06b98cbd49a4eeb2f51ed6ec3f79c87310dfd1e34ac12345626ab4d184
2,219,formal-highfps-v1__colocation__pyxel_snake+space_rescue__r03,formal-highfps-v1,colocation-main,train,colocation,"[""pyxel_snake"",""space_rescue""]",pyxel_snake,"[""space_rescue""]",pyxel_snake+space_rescue,pyxel_snake+space_rescue__r03,,,,3,14281140852980524376,10,30,1,10,windows-rtx4060,0,0,grid_2x2,true,80,057fabc1d66b32acf1ad702c264f6243a8e4c6fd5858eefea40153d124f4f0a3,b2f42d80ffebc10a43999056ff5c1814b8e87fd7,data/raw/formal-highfps-v1/formal-highfps-v1__colocation__pyxel_snake+space_rescue__r03,"{""pyxel_snake"":""games/pyxel/07_snake.py"",""space_rescue"":""games/pyxel/apps-src/space_rescue/space_rescue.py""}","{""pyxel_snake"":""bc533fef92d1d358e570f69d979919fe5c1cd8c4da49841104b49a1e661a5ac3"",""space_rescue"":""f3b0ab6784ae558e64f06a3f0a704e53f107a130aa3d43357659d0850131e461""}",9c6793bcc5eb1d255df9ad536b0c1c1a88a433f4d80470b0c601d8a496e6bc3f
2,220,formal-highfps-v1__colocation__pyxel_bubbles+pyxel_platformer+pyxel_shooter__r01,formal-highfps-v1,colocation-main,validation,colocation,"[""pyxel_bubbles"",""pyxel_platformer"",""pyxel_shooter""]",pyxel_bubbles,"[""pyxel_platformer"",""pyxel_shooter""]",pyxel_bubbles+pyxel_platformer+pyxel_shooter,pyxel_bubbles+pyxel_platformer+pyxel_shooter__r01,,,,1,4733635584818572693,10,30,1,10,windows-rtx4060,0,0,grid_2x2,true,80,057fabc1d66b32acf1ad702c264f6243a8e4c6fd5858eefea40153d124f4f0a3,b2f42d80ffebc10a43999056ff5c1814b8e87fd7,data/raw/formal-highfps-v1/formal-highfps-v1__colocation__pyxel_bubbles+pyxel_platformer+pyxel_shooter__r01,"{""pyxel_bubbles"":""games/pyxel/06_click_game.py"",""pyxel_platformer"":""games/pyxel/10_platformer.py"",""pyxel_shooter"":""games/pyxel/09_shooter.py""}","{""pyxel_bubbles"":""54c101e90bdaed839ac4c4284494530d5df37a5819a35f1e41eebb0b3da5d900"",""pyxel_platformer"":""1b2c75b49dc9ab0254fb4b724682a4787868814a38d2f08920720dc5b6007ac5"",""pyxel_shooter"":""0f53e4156907eac41080a8f289e22c89365b3239517c754cf59a51af201d5563""}",b605f973df21e4fe155d73dfbb7e504ec048e5d575dff5a1965c5760cdea67e6
2,221,formal-highfps-v1__extra__mega_wing+pyxel_bubbles+pyxel_jump+space_rescue__r02,formal-highfps-v1,colocation-extra-test,extra_test,extra_test,"[""mega_wing"",""pyxel_bubbles"",""pyxel_jump"",""space_rescue""]",mega_wing,"[""pyxel_bubbles"",""pyxel_jump"",""space_rescue""]",mega_wing+pyxel_bubbles+pyxel_jump+space_rescue,mega_wing+pyxel_bubbles+pyxel_jump+space_rescue__r02,,,,2,6164434642108722684,10,30,1,10,windows-rtx4060,0,0,grid_2x2,true,80,057fabc1d66b32acf1ad702c264f6243a8e4c6fd5858eefea40153d124f4f0a3,b2f42d80ffebc10a43999056ff5c1814b8e87fd7,data/raw/formal-highfps-v1/formal-highfps-v1__extra__mega_wing+pyxel_bubbles+pyxel_jump+space_rescue__r02,"{""mega_wing"":""games/pyxel/apps-src/mega_wing/mega_wing.py"",""pyxel_bubbles"":""games/pyxel/06_click_game.py"",""pyxel_jump"":""games/pyxel/02_jump_game.py"",""space_rescue"":""games/pyxel/apps-src/space_rescue/space_rescue.py""}","{""mega_wing"":""86bad6c02a303806c58137503739241dc6b1e86695f7c0dbf672b5e1a1464e9f"",""pyxel_bubbles"":""54c101e90bdaed839ac4c4284494530d5df37a5819a35f1e41eebb0b3da5d900"",""pyxel_jump"":""4743a825f1c9cae7e049ac52115f4ecf83350db546c00745a54af187d7bc2e46"",""space_rescue"":""f3b0ab6784ae558e64f06a3f0a704e53f107a130aa3d43357659d0850131e461""}",a0a2f9f4f24ae2f20bd7dcec62029cdbed22bb47a171c1253bcd57f60759fb60
2,222,formal-highfps-v1__colocation__daylight+pyxel_jump__r01,formal-highfps-v1,colocation-main,test,colocation,"[""daylight"",""pyxel_jump""]",daylight,"[""pyxel_jump""]",daylight+pyxel_jump,daylight+pyxel_jump__r01,,,,1,1262859870248397632,10,30,1,10,windows-rtx4060,0,0,grid_2x2,true,80,057fabc1d66b32acf1ad702c264f6243a8e4c6fd5858eefea40153d124f4f0a3,b2f42d80ffebc10a43999056ff5c1814b8e87fd7,data/raw/formal-highfps-v1/formal-highfps-v1__colocation__daylight+pyxel_jump__r01,"{""daylight"":""games/pyxel/apps-src/30SecondsOfDaylight/src/main.py"",""pyxel_jump"":""games/pyxel/02_jump_game.py""}","{""daylight"":""21a365375249e9d7ea05e78dcfe040f09cc1f0c66bd410bae084190c743a028f"",""pyxel_jump"":""4743a825f1c9cae7e049ac52115f4ecf83350db546c00745a54af187d7bc2e46""}",43695a65d5526ee4aa39c9d2b1bd84ce2ed846d71fc806485a54eee22a4a289e
2,223,formal-highfps-v1__colocation__pyxel_bubbles+space_rescue__r03,formal-highfps-v1,colocation-main,train,colocation,"[""pyxel_bubbles"",""space_rescue""]",pyxel_bubbles,"[""space_rescue""]",pyxel_bubbles+space_rescue,pyxel_bubbles+space_rescue__r03,,,,3,8057252044865931481,10,30,1,10,windows-rtx4060,0,0,grid_2x2,true,80,057fabc1d66b32acf1ad702c264f6243a8e4c6fd5858eefea40153d124f4f0a3,b2f42d80ffebc10a43999056ff5c1814b8e87fd7,data/raw/formal-highfps-v1/formal-highfps-v1__colocation__pyxel_bubbles+space_rescue__r03,"{""pyxel_bubbles"":""games/pyxel/06_click_game.py"",""space_rescue"":""games/pyxel/apps-src/space_rescue/space_rescue.py""}","{""pyxel_bubbles"":""54c101e90bdaed839ac4c4284494530d5df37a5819a35f1e41eebb0b3da5d900"",""space_rescue"":""f3b0ab6784ae558e64f06a3f0a704e53f107a130aa3d43357659d0850131e461""}",fe46aa9a4e09133d7463a10c0f72e5d6d30a0f28d5cdf98f9dae37dc48c3711c
2,224,formal-highfps-v1__colocation__pyxel_shooter+space_rescue__r02,formal-highfps-v1,colocation-main,train,colocation,"[""pyxel_shooter"",""space_rescue""]",pyxel_shooter,"[""space_rescue""]",pyxel_shooter+space_rescue,pyxel_shooter+space_rescue__r02,,,,2,15498335833253296561,10,30,1,10,windows-rtx4060,0,0,grid_2x2,true,80,057fabc1d66b32acf1ad702c264f6243a8e4c6fd5858eefea40153d124f4f0a3,b2f42d80ffebc10a43999056ff5c1814b8e87fd7,data/raw/formal-highfps-v1/formal-highfps-v1__colocation__pyxel_shooter+space_rescue__r02,"{""pyxel_shooter"":""games/pyxel/09_shooter.py"",""space_rescue"":""games/pyxel/apps-src/space_rescue/space_rescue.py""}","{""pyxel_shooter"":""0f53e4156907eac41080a8f289e22c89365b3239517c754cf59a51af201d5563"",""space_rescue"":""f3b0ab6784ae558e64f06a3f0a704e53f107a130aa3d43357659d0850131e461""}",3813687d51ffcfffaded6719ba8439a64559a327b9ea52116a3c8e58c7bfd4d7
2,225,formal-highfps-v1__colocation__pyxel_bubbles+pyxel_shooter__r03,formal-highfps-v1,colocation-main,train,colocation,"[""pyxel_bubbles"",""pyxel_shooter""]",pyxel_bubbles,"[""pyxel_shooter""]",pyxel_bubbles+pyxel_shooter,pyxel_bubbles+pyxel_shooter__r03,,,,3,7784978273315133933,10,30,1,10,windows-rtx4060,0,0,grid_2x2,true,80,057fabc1d66b32acf1ad702c264f6243a8e4c6fd5858eefea40153d124f4f0a3,b2f42d80ffebc10a43999056ff5c1814b8e87fd7,data/raw/formal-highfps-v1/formal-highfps-v1__colocation__pyxel_bubbles+pyxel_shooter__r03,"{""pyxel_bubbles"":""games/pyxel/06_click_game.py"",""pyxel_shooter"":""games/pyxel/09_shooter.py""}","{""pyxel_bubbles"":""54c101e90bdaed839ac4c4284494530d5df37a5819a35f1e41eebb0b3da5d900"",""pyxel_shooter"":""0f53e4156907eac41080a8f289e22c89365b3239517c754cf59a51af201d5563""}",6ee652a0f36eb4878b460194a0051ee72cb64506a45492dab902103618de07a1
2,226,formal-highfps-v1__solo__pyxel_platformer__r03,formal-highfps-v1,solo,not_applicable,solo,"[""pyxel_platformer""]",pyxel_platformer,[],,,,,,3,13258129796867873336,10,30,1,10,windows-rtx4060,0,0,grid_2x2,true,80,057fabc1d66b32acf1ad702c264f6243a8e4c6fd5858eefea40153d124f4f0a3,b2f42d80ffebc10a43999056ff5c1814b8e87fd7,data/raw/formal-highfps-v1/formal-highfps-v1__solo__pyxel_platformer__r03,"{""pyxel_platformer"":""games/pyxel/10_platformer.py""}","{""pyxel_platformer"":""1b2c75b49dc9ab0254fb4b724682a4787868814a38d2f08920720dc5b6007ac5""}",6bed03a742efd6561fef75764c8403d1dbe58bbe387bb879d84cba9d54790ca7
2,227,formal-highfps-v1__colocation__daylight+mega_wing+pyxel_jump__r01,formal-highfps-v1,colocation-main,train,colocation,"[""daylight"",""mega_wing"",""pyxel_jump""]",daylight,"[""mega_wing"",""pyxel_jump""]",daylight+mega_wing+pyxel_jump,daylight+mega_wing+pyxel_jump__r01,,,,1,10667228663385005767,10,30,1,10,windows-rtx4060,0,0,grid_2x2,true,80,057fabc1d66b32acf1ad702c264f6243a8e4c6fd5858eefea40153d124f4f0a3,b2f42d80ffebc10a43999056ff5c1814b8e87fd7,data/raw/formal-highfps-v1/formal-highfps-v1__colocation__daylight+mega_wing+pyxel_jump__r01,"{""daylight"":""games/pyxel/apps-src/30SecondsOfDaylight/src/main.py"",""mega_wing"":""games/pyxel/apps-src/mega_wing/mega_wing.py"",""pyxel_jump"":""games/pyxel/02_jump_game.py""}","{""daylight"":""21a365375249e9d7ea05e78dcfe040f09cc1f0c66bd410bae084190c743a028f"",""mega_wing"":""86bad6c02a303806c58137503739241dc6b1e86695f7c0dbf672b5e1a1464e9f"",""pyxel_jump"":""4743a825f1c9cae7e049ac52115f4ecf83350db546c00745a54af187d7bc2e46""}",6ff7653c9ad57217dd069f9083a11fe8d32430d4ead1a9df1bc3ec7e3313938a
2,228,formal-highfps-v1__colocation__daylight+pyxel_bubbles+space_rescue__r02,formal-highfps-v1,colocation-main,train,colocation,"[""daylight"",""pyxel_bubbles"",""space_rescue""]",daylight,"[""pyxel_bubbles"",""space_rescue""]",daylight+pyxel_bubbles+space_rescue,daylight+pyxel_bubbles+space_rescue__r02,,,,2,13076157871158550893,10,30,1,10,windows-rtx4060,0,0,grid_2x2,true,80,057fabc1d66b32acf1ad702c264f6243a8e4c6fd5858eefea40153d124f4f0a3,b2f42d80ffebc10a43999056ff5c1814b8e87fd7,data/raw/formal-highfps-v1/formal-highfps-v1__colocation__daylight+pyxel_bubbles+space_rescue__r02,"{""daylight"":""games/pyxel/apps-src/30SecondsOfDaylight/src/main.py"",""pyxel_bubbles"":""games/pyxel/06_click_game.py"",""space_rescue"":""games/pyxel/apps-src/space_rescue/space_rescue.py""}","{""daylight"":""21a365375249e9d7ea05e78dcfe040f09cc1f0c66bd410bae084190c743a028f"",""pyxel_bubbles"":""54c101e90bdaed839ac4c4284494530d5df37a5819a35f1e41eebb0b3da5d900"",""space_rescue"":""f3b0ab6784ae558e64f06a3f0a704e53f107a130aa3d43357659d0850131e461""}",5eb1d2f90d043c4186d610b98fba4e4311a5736ffbb2968eac1220861fe3d7b6
2,229,formal-highfps-v1__colocation__pyxel_bubbles+space_rescue__r02,formal-highfps-v1,colocation-main,train,colocation,"[""pyxel_bubbles"",""space_rescue""]",pyxel_bubbles,"[""space_rescue""]",pyxel_bubbles+space_rescue,pyxel_bubbles+space_rescue__r02,,,,2,14757913708617749831,10,30,1,10,windows-rtx4060,0,0,grid_2x2,true,80,057fabc1d66b32acf1ad702c264f6243a8e4c6fd5858eefea40153d124f4f0a3,b2f42d80ffebc10a43999056ff5c1814b8e87fd7,data/raw/formal-highfps-v1/formal-highfps-v1__colocation__pyxel_bubbles+space_rescue__r02,"{""pyxel_bubbles"":""games/pyxel/06_click_game.py"",""space_rescue"":""games/pyxel/apps-src/space_rescue/space_rescue.py""}","{""pyxel_bubbles"":""54c101e90bdaed839ac4c4284494530d5df37a5819a35f1e41eebb0b3da5d900"",""space_rescue"":""f3b0ab6784ae558e64f06a3f0a704e53f107a130aa3d43357659d0850131e461""}",5d38281ad98099c8d1d949b856cc2a165bcec117b53ee353a5696bbf3c1183e4
2,230,formal-highfps-v1__solo__daylight__r03,formal-highfps-v1,solo,not_applicable,solo,"[""daylight""]",daylight,[],,,,,,3,9575667836681725899,10,30,1,10,windows-rtx4060,0,0,grid_2x2,true,80,057fabc1d66b32acf1ad702c264f6243a8e4c6fd5858eefea40153d124f4f0a3,b2f42d80ffebc10a43999056ff5c1814b8e87fd7,data/raw/formal-highfps-v1/formal-highfps-v1__solo__daylight__r03,"{""daylight"":""games/pyxel/apps-src/30SecondsOfDaylight/src/main.py""}","{""daylight"":""21a365375249e9d7ea05e78dcfe040f09cc1f0c66bd410bae084190c743a028f""}",b221aa6a442af74b39057044c3c754ca6242b9834e727aa8e1f03b072b0001bc
2,231,formal-highfps-v1__colocation__pyxel_jump+pyxel_platformer+pyxel_snake__r03,formal-highfps-v1,colocation-main,train,colocation,"[""pyxel_jump"",""pyxel_platformer"",""pyxel_snake""]",pyxel_jump,"[""pyxel_platformer"",""pyxel_snake""]",pyxel_jump+pyxel_platformer+pyxel_snake,pyxel_jump+pyxel_platformer+pyxel_snake__r03,,,,3,16650848774399994307,10,30,1,10,windows-rtx4060,0,0,grid_2x2,true,80,057fabc1d66b32acf1ad702c264f6243a8e4c6fd5858eefea40153d124f4f0a3,b2f42d80ffebc10a43999056ff5c1814b8e87fd7,data/raw/formal-highfps-v1/formal-highfps-v1__colocation__pyxel_jump+pyxel_platformer+pyxel_snake__r03,"{""pyxel_jump"":""games/pyxel/02_jump_game.py"",""pyxel_platformer"":""games/pyxel/10_platformer.py"",""pyxel_snake"":""games/pyxel/07_snake.py""}","{""pyxel_jump"":""4743a825f1c9cae7e049ac52115f4ecf83350db546c00745a54af187d7bc2e46"",""pyxel_platformer"":""1b2c75b49dc9ab0254fb4b724682a4787868814a38d2f08920720dc5b6007ac5"",""pyxel_snake"":""bc533fef92d1d358e570f69d979919fe5c1cd8c4da49841104b49a1e661a5ac3""}",e4160aab0553407e55e5ba01d88d25376cfeeadbe1c05c69483651932b6ec926
2,232,formal-highfps-v1__colocation__daylight+pyxel_bubbles__r01,formal-highfps-v1,colocation-main,validation,colocation,"[""daylight"",""pyxel_bubbles""]",daylight,"[""pyxel_bubbles""]",daylight+pyxel_bubbles,daylight+pyxel_bubbles__r01,,,,1,12275198146320755184,10,30,1,10,windows-rtx4060,0,0,grid_2x2,true,80,057fabc1d66b32acf1ad702c264f6243a8e4c6fd5858eefea40153d124f4f0a3,b2f42d80ffebc10a43999056ff5c1814b8e87fd7,data/raw/formal-highfps-v1/formal-highfps-v1__colocation__daylight+pyxel_bubbles__r01,"{""daylight"":""games/pyxel/apps-src/30SecondsOfDaylight/src/main.py"",""pyxel_bubbles"":""games/pyxel/06_click_game.py""}","{""daylight"":""21a365375249e9d7ea05e78dcfe040f09cc1f0c66bd410bae084190c743a028f"",""pyxel_bubbles"":""54c101e90bdaed839ac4c4284494530d5df37a5819a35f1e41eebb0b3da5d900""}",5d334eda97643751d98035fc9d0fd8d632764d7dc4687c2d43b55aba11e0428e
2,233,formal-highfps-v1__colocation__pyxel_jump+pyxel_shooter+space_rescue__r03,formal-highfps-v1,colocation-main,validation,colocation,"[""pyxel_jump"",""pyxel_shooter"",""space_rescue""]",pyxel_jump,"[""pyxel_shooter"",""space_rescue""]",pyxel_jump+pyxel_shooter+space_rescue,pyxel_jump+pyxel_shooter+space_rescue__r03,,,,3,18062559485238238903,10,30,1,10,windows-rtx4060,0,0,grid_2x2,true,80,057fabc1d66b32acf1ad702c264f6243a8e4c6fd5858eefea40153d124f4f0a3,b2f42d80ffebc10a43999056ff5c1814b8e87fd7,data/raw/formal-highfps-v1/formal-highfps-v1__colocation__pyxel_jump+pyxel_shooter+space_rescue__r03,"{""pyxel_jump"":""games/pyxel/02_jump_game.py"",""pyxel_shooter"":""games/pyxel/09_shooter.py"",""space_rescue"":""games/pyxel/apps-src/space_rescue/space_rescue.py""}","{""pyxel_jump"":""4743a825f1c9cae7e049ac52115f4ecf83350db546c00745a54af187d7bc2e46"",""pyxel_shooter"":""0f53e4156907eac41080a8f289e22c89365b3239517c754cf59a51af201d5563"",""space_rescue"":""f3b0ab6784ae558e64f06a3f0a704e53f107a130aa3d43357659d0850131e461""}",c430df0199e33444e3319a760bdecfe067501cdd000ab3eac7d8cd9f3440d3e0
2,234,formal-highfps-v1__colocation__pyxel_jump+pyxel_snake__r02,formal-highfps-v1,colocation-main,validation,colocation,"[""pyxel_jump"",""pyxel_snake""]",pyxel_jump,"[""pyxel_snake""]",pyxel_jump+pyxel_snake,pyxel_jump+pyxel_snake__r02,,,,2,8719686687132582433,10,30,1,10,windows-rtx4060,0,0,grid_2x2,true,80,057fabc1d66b32acf1ad702c264f6243a8e4c6fd5858eefea40153d124f4f0a3,b2f42d80ffebc10a43999056ff5c1814b8e87fd7,data/raw/formal-highfps-v1/formal-highfps-v1__colocation__pyxel_jump+pyxel_snake__r02,"{""pyxel_jump"":""games/pyxel/02_jump_game.py"",""pyxel_snake"":""games/pyxel/07_snake.py""}","{""pyxel_jump"":""4743a825f1c9cae7e049ac52115f4ecf83350db546c00745a54af187d7bc2e46"",""pyxel_snake"":""bc533fef92d1d358e570f69d979919fe5c1cd8c4da49841104b49a1e661a5ac3""}",a9f2714b3bd43b39debbed65e83fe89768e1ee1c5cc9fb98f3d973dc8c3ac3d7
2,235,formal-highfps-v1__colocation__daylight+pyxel_bubbles+space_rescue__r01,formal-highfps-v1,colocation-main,train,colocation,"[""daylight"",""pyxel_bubbles"",""space_rescue""]",daylight,"[""pyxel_bubbles"",""space_rescue""]",daylight+pyxel_bubbles+space_rescue,daylight+pyxel_bubbles+space_rescue__r01,,,,1,423702352028061056,10,30,1,10,windows-rtx4060,0,0,grid_2x2,true,80,057fabc1d66b32acf1ad702c264f6243a8e4c6fd5858eefea40153d124f4f0a3,b2f42d80ffebc10a43999056ff5c1814b8e87fd7,data/raw/formal-highfps-v1/formal-highfps-v1__colocation__daylight+pyxel_bubbles+space_rescue__r01,"{""daylight"":""games/pyxel/apps-src/30SecondsOfDaylight/src/main.py"",""pyxel_bubbles"":""games/pyxel/06_click_game.py"",""space_rescue"":""games/pyxel/apps-src/space_rescue/space_rescue.py""}","{""daylight"":""21a365375249e9d7ea05e78dcfe040f09cc1f0c66bd410bae084190c743a028f"",""pyxel_bubbles"":""54c101e90bdaed839ac4c4284494530d5df37a5819a35f1e41eebb0b3da5d900"",""space_rescue"":""f3b0ab6784ae558e64f06a3f0a704e53f107a130aa3d43357659d0850131e461""}",b9a84cf9a36646ee870d78218a388afad2456d40fa84d92de2fcf6071f32c5b5
2,236,formal-highfps-v1__colocation__pyxel_shooter+space_rescue__r03,formal-highfps-v1,colocation-main,train,colocation,"[""pyxel_shooter"",""space_rescue""]",pyxel_shooter,"[""space_rescue""]",pyxel_shooter+space_rescue,pyxel_shooter+space_rescue__r03,,,,3,5935736765789248513,10,30,1,10,windows-rtx4060,0,0,grid_2x2,true,80,057fabc1d66b32acf1ad702c264f6243a8e4c6fd5858eefea40153d124f4f0a3,b2f42d80ffebc10a43999056ff5c1814b8e87fd7,data/raw/formal-highfps-v1/formal-highfps-v1__colocation__pyxel_shooter+space_rescue__r03,"{""pyxel_shooter"":""games/pyxel/09_shooter.py"",""space_rescue"":""games/pyxel/apps-src/space_rescue/space_rescue.py""}","{""pyxel_shooter"":""0f53e4156907eac41080a8f289e22c89365b3239517c754cf59a51af201d5563"",""space_rescue"":""f3b0ab6784ae558e64f06a3f0a704e53f107a130aa3d43357659d0850131e461""}",b76dd0ddac6544b4f1e8979961b276f228d59b3b7a5d61dba5b41e4e01c37a28
2,237,formal-highfps-v1__colocation__daylight+pyxel_jump+space_rescue__r03,formal-highfps-v1,colocation-main,train,colocation,"[""daylight"",""pyxel_jump"",""space_rescue""]",daylight,"[""pyxel_jump"",""space_rescue""]",daylight+pyxel_jump+space_rescue,daylight+pyxel_jump+space_rescue__r03,,,,3,13707573931073423570,10,30,1,10,windows-rtx4060,0,0,grid_2x2,true,80,057fabc1d66b32acf1ad702c264f6243a8e4c6fd5858eefea40153d124f4f0a3,b2f42d80ffebc10a43999056ff5c1814b8e87fd7,data/raw/formal-highfps-v1/formal-highfps-v1__colocation__daylight+pyxel_jump+space_rescue__r03,"{""daylight"":""games/pyxel/apps-src/30SecondsOfDaylight/src/main.py"",""pyxel_jump"":""games/pyxel/02_jump_game.py"",""space_rescue"":""games/pyxel/apps-src/space_rescue/space_rescue.py""}","{""daylight"":""21a365375249e9d7ea05e78dcfe040f09cc1f0c66bd410bae084190c743a028f"",""pyxel_jump"":""4743a825f1c9cae7e049ac52115f4ecf83350db546c00745a54af187d7bc2e46"",""space_rescue"":""f3b0ab6784ae558e64f06a3f0a704e53f107a130aa3d43357659d0850131e461""}",8ca432ac944b4fc871935795334baf6892faeda2e2cdc2e6fa624a8ba936fb3c
2,238,formal-highfps-v1__extra__pyxel_jump+pyxel_platformer+pyxel_shooter+space_rescue__r02,formal-highfps-v1,colocation-extra-test,extra_test,extra_test,"[""pyxel_jump"",""pyxel_platformer"",""pyxel_shooter"",""space_rescue""]",pyxel_jump,"[""pyxel_platformer"",""pyxel_shooter"",""space_rescue""]",pyxel_jump+pyxel_platformer+pyxel_shooter+space_rescue,pyxel_jump+pyxel_platformer+pyxel_shooter+space_rescue__r02,,,,2,3593831768122101321,10,30,1,10,windows-rtx4060,0,0,grid_2x2,true,80,057fabc1d66b32acf1ad702c264f6243a8e4c6fd5858eefea40153d124f4f0a3,b2f42d80ffebc10a43999056ff5c1814b8e87fd7,data/raw/formal-highfps-v1/formal-highfps-v1__extra__pyxel_jump+pyxel_platformer+pyxel_shooter+space_rescue__r02,"{""pyxel_jump"":""games/pyxel/02_jump_game.py"",""pyxel_platformer"":""games/pyxel/10_platformer.py"",""pyxel_shooter"":""games/pyxel/09_shooter.py"",""space_rescue"":""games/pyxel/apps-src/space_rescue/space_rescue.py""}","{""pyxel_jump"":""4743a825f1c9cae7e049ac52115f4ecf83350db546c00745a54af187d7bc2e46"",""pyxel_platformer"":""1b2c75b49dc9ab0254fb4b724682a4787868814a38d2f08920720dc5b6007ac5"",""pyxel_shooter"":""0f53e4156907eac41080a8f289e22c89365b3239517c754cf59a51af201d5563"",""space_rescue"":""f3b0ab6784ae558e64f06a3f0a704e53f107a130aa3d43357659d0850131e461""}",b1f293b3b77cb2b8e42da0a547afea03d1b11ca90675e96cf9db3961a4b8e1ac
2,239,formal-highfps-v1__colocation__pyxel_platformer+pyxel_snake+space_rescue__r03,formal-highfps-v1,colocation-main,validation,colocation,"[""pyxel_platformer"",""pyxel_snake"",""space_rescue""]",pyxel_platformer,"[""pyxel_snake"",""space_rescue""]",pyxel_platformer+pyxel_snake+space_rescue,pyxel_platformer+pyxel_snake+space_rescue__r03,,,,3,17351296107458380326,10,30,1,10,windows-rtx4060,0,0,grid_2x2,true,80,057fabc1d66b32acf1ad702c264f6243a8e4c6fd5858eefea40153d124f4f0a3,b2f42d80ffebc10a43999056ff5c1814b8e87fd7,data/raw/formal-highfps-v1/formal-highfps-v1__colocation__pyxel_platformer+pyxel_snake+space_rescue__r03,"{""pyxel_platformer"":""games/pyxel/10_platformer.py"",""pyxel_snake"":""games/pyxel/07_snake.py"",""space_rescue"":""games/pyxel/apps-src/space_rescue/space_rescue.py""}","{""pyxel_platformer"":""1b2c75b49dc9ab0254fb4b724682a4787868814a38d2f08920720dc5b6007ac5"",""pyxel_snake"":""bc533fef92d1d358e570f69d979919fe5c1cd8c4da49841104b49a1e661a5ac3"",""space_rescue"":""f3b0ab6784ae558e64f06a3f0a704e53f107a130aa3d43357659d0850131e461""}",15657c73a019a304c5f6d00b7c36a8e3ad61d1175aa4d9ed03b38a63231b1b1f
2,240,formal-highfps-v1__colocation__pyxel_bubbles+pyxel_jump+pyxel_snake__r03,formal-highfps-v1,colocation-main,train,colocation,"[""pyxel_bubbles"",""pyxel_jump"",""pyxel_snake""]",pyxel_bubbles,"[""pyxel_jump"",""pyxel_snake""]",pyxel_bubbles+pyxel_jump+pyxel_snake,pyxel_bubbles+pyxel_jump+pyxel_snake__r03,,,,3,11116689002804186240,10,30,1,10,windows-rtx4060,0,0,grid_2x2,true,80,057fabc1d66b32acf1ad702c264f6243a8e4c6fd5858eefea40153d124f4f0a3,b2f42d80ffebc10a43999056ff5c1814b8e87fd7,data/raw/formal-highfps-v1/formal-highfps-v1__colocation__pyxel_bubbles+pyxel_jump+pyxel_snake__r03,"{""pyxel_bubbles"":""games/pyxel/06_click_game.py"",""pyxel_jump"":""games/pyxel/02_jump_game.py"",""pyxel_snake"":""games/pyxel/07_snake.py""}","{""pyxel_bubbles"":""54c101e90bdaed839ac4c4284494530d5df37a5819a35f1e41eebb0b3da5d900"",""pyxel_jump"":""4743a825f1c9cae7e049ac52115f4ecf83350db546c00745a54af187d7bc2e46"",""pyxel_snake"":""bc533fef92d1d358e570f69d979919fe5c1cd8c4da49841104b49a1e661a5ac3""}",3b65174fb1f7e645163cbff47e14b1832ab4d5991033a9248778550a0670d1de
