schema_version,execution_index,run_id,experiment_id,stage,split,mode,workload_ids,target_id,neighbor_ids,combination_key,colocation_id,resource,pressure_requested,pressure_applied,repeat,seed,warmup_s,duration_s,sample_interval_s,cooldown_s,host_id,gpu_index,display_index,window_layout,require_visible_windows,max_gpu_temp_c,config_sha256,root_commit,run_directory,game_entrypoints,game_sha256s,row_sha256
2,1,formal-effectiveness-v1__colocation__pyxel_jump+pyxel_platformer__cpu_compute__p100__r02,formal-effectiveness-v1,colocation-main,train,colocation,"[""pyxel_jump"",""pyxel_platformer""]",pyxel_jump,"[""pyxel_platformer""]",pyxel_jump+pyxel_platformer,pyxel_jump+pyxel_platformer__r02,cpu_compute,1,1,2,539541111971655804,10,30,1,10,windows-rtx4060,0,0,grid_2x2,true,80,a3dff8e23947af7a1f707a1f42d8f93c174f4319793309adacb9ca4b12aff028,0fd49623591e8e13e140a1551085bea01e08e9c3,data/raw/formal-effectiveness-v1/formal-effectiveness-v1__colocation__pyxel_jump+pyxel_platformer__cpu_compute__p100__r02,"{""pyxel_jump"":""games/pyxel/02_jump_game.py"",""pyxel_platformer"":""games/pyxel/10_platformer.py""}","{""pyxel_jump"":""4743a825f1c9cae7e049ac52115f4ecf83350db546c00745a54af187d7bc2e46"",""pyxel_platformer"":""1b2c75b49dc9ab0254fb4b724682a4787868814a38d2f08920720dc5b6007ac5""}",9cdd9a189e50c4b1a0e52da5cc75c9f678ffbe9f62262cb9c0b346f6fdf1e7cd
2,2,formal-effectiveness-v1__extra__pyxel_bubbles+pyxel_jump+pyxel_shooter+pyxel_snake__cpu_compute__p100__r01,formal-effectiveness-v1,colocation-extra-test,extra_test,extra_test,"[""pyxel_bubbles"",""pyxel_jump"",""pyxel_shooter"",""pyxel_snake""]",pyxel_bubbles,"[""pyxel_jump"",""pyxel_shooter"",""pyxel_snake""]",pyxel_bubbles+pyxel_jump+pyxel_shooter+pyxel_snake,pyxel_bubbles+pyxel_jump+pyxel_shooter+pyxel_snake__r01,cpu_compute,1,1,1,2588038058385549033,10,30,1,10,windows-rtx4060,0,0,grid_2x2,true,80,a3dff8e23947af7a1f707a1f42d8f93c174f4319793309adacb9ca4b12aff028,0fd49623591e8e13e140a1551085bea01e08e9c3,data/raw/formal-effectiveness-v1/formal-effectiveness-v1__extra__pyxel_bubbles+pyxel_jump+pyxel_shooter+pyxel_snake__cpu_compute__p100__r01,"{""pyxel_bubbles"":""games/pyxel/06_click_game.py"",""pyxel_jump"":""games/pyxel/02_jump_game.py"",""pyxel_shooter"":""games/pyxel/09_shooter.py"",""pyxel_snake"":""games/pyxel/07_snake.py""}","{""pyxel_bubbles"":""54c101e90bdaed839ac4c4284494530d5df37a5819a35f1e41eebb0b3da5d900"",""pyxel_jump"":""4743a825f1c9cae7e049ac52115f4ecf83350db546c00745a54af187d7bc2e46"",""pyxel_shooter"":""0f53e4156907eac41080a8f289e22c89365b3239517c754cf59a51af201d5563"",""pyxel_snake"":""bc533fef92d1d358e570f69d979919fe5c1cd8c4da49841104b49a1e661a5ac3""}",ab11212c3019de66aaff6153a9be6c04faa7964c25bec052088b61e94257cb9b
2,3,formal-effectiveness-v1__colocation__pyxel_shooter+pyxel_snake+space_rescue__cpu_compute__p100__r02,formal-effectiveness-v1,colocation-main,validation,colocation,"[""pyxel_shooter"",""pyxel_snake"",""space_rescue""]",pyxel_shooter,"[""pyxel_snake"",""space_rescue""]",pyxel_shooter+pyxel_snake+space_rescue,pyxel_shooter+pyxel_snake+space_rescue__r02,cpu_compute,1,1,2,11797324761857393826,10,30,1,10,windows-rtx4060,0,0,grid_2x2,true,80,a3dff8e23947af7a1f707a1f42d8f93c174f4319793309adacb9ca4b12aff028,0fd49623591e8e13e140a1551085bea01e08e9c3,data/raw/formal-effectiveness-v1/formal-effectiveness-v1__colocation__pyxel_shooter+pyxel_snake+space_rescue__cpu_compute__p100__r02,"{""pyxel_shooter"":""games/pyxel/09_shooter.py"",""pyxel_snake"":""games/pyxel/07_snake.py"",""space_rescue"":""games/pyxel/apps-src/space_rescue/space_rescue.py""}","{""pyxel_shooter"":""0f53e4156907eac41080a8f289e22c89365b3239517c754cf59a51af201d5563"",""pyxel_snake"":""bc533fef92d1d358e570f69d979919fe5c1cd8c4da49841104b49a1e661a5ac3"",""space_rescue"":""f3b0ab6784ae558e64f06a3f0a704e53f107a130aa3d43357659d0850131e461""}",0f92c98c436588c117e06b9a4dd1331d9072e541bc392c437516538f7b553cc3
2,4,formal-effectiveness-v1__extra__daylight+pyxel_bubbles+pyxel_shooter+space_rescue__cpu_compute__p100__r03,formal-effectiveness-v1,colocation-extra-test,extra_test,extra_test,"[""daylight"",""pyxel_bubbles"",""pyxel_shooter"",""space_rescue""]",daylight,"[""pyxel_bubbles"",""pyxel_shooter"",""space_rescue""]",daylight+pyxel_bubbles+pyxel_shooter+space_rescue,daylight+pyxel_bubbles+pyxel_shooter+space_rescue__r03,cpu_compute,1,1,3,15073077576397670072,10,30,1,10,windows-rtx4060,0,0,grid_2x2,true,80,a3dff8e23947af7a1f707a1f42d8f93c174f4319793309adacb9ca4b12aff028,0fd49623591e8e13e140a1551085bea01e08e9c3,data/raw/formal-effectiveness-v1/formal-effectiveness-v1__extra__daylight+pyxel_bubbles+pyxel_shooter+space_rescue__cpu_compute__p100__r03,"{""daylight"":""games/pyxel/apps-src/30SecondsOfDaylight/src/main.py"",""pyxel_bubbles"":""games/pyxel/06_click_game.py"",""pyxel_shooter"":""games/pyxel/09_shooter.py"",""space_rescue"":""games/pyxel/apps-src/space_rescue/space_rescue.py""}","{""daylight"":""21a365375249e9d7ea05e78dcfe040f09cc1f0c66bd410bae084190c743a028f"",""pyxel_bubbles"":""54c101e90bdaed839ac4c4284494530d5df37a5819a35f1e41eebb0b3da5d900"",""pyxel_shooter"":""0f53e4156907eac41080a8f289e22c89365b3239517c754cf59a51af201d5563"",""space_rescue"":""f3b0ab6784ae558e64f06a3f0a704e53f107a130aa3d43357659d0850131e461""}",411559612986bba4d429d4b711edd411286ca5f334482c0057fd60701ebbcd2e
2,5,formal-effectiveness-v1__extra__mega_wing+pyxel_shooter+pyxel_snake+space_rescue__cpu_compute__p100__r01,formal-effectiveness-v1,colocation-extra-test,extra_test,extra_test,"[""mega_wing"",""pyxel_shooter"",""pyxel_snake"",""space_rescue""]",mega_wing,"[""pyxel_shooter"",""pyxel_snake"",""space_rescue""]",mega_wing+pyxel_shooter+pyxel_snake+space_rescue,mega_wing+pyxel_shooter+pyxel_snake+space_rescue__r01,cpu_compute,1,1,1,6250839922291618935,10,30,1,10,windows-rtx4060,0,0,grid_2x2,true,80,a3dff8e23947af7a1f707a1f42d8f93c174f4319793309adacb9ca4b12aff028,0fd49623591e8e13e140a1551085bea01e08e9c3,data/raw/formal-effectiveness-v1/formal-effectiveness-v1__extra__mega_wing+pyxel_shooter+pyxel_snake+space_rescue__cpu_compute__p100__r01,"{""mega_wing"":""games/pyxel/apps-src/mega_wing/mega_wing.py"",""pyxel_shooter"":""games/pyxel/09_shooter.py"",""pyxel_snake"":""games/pyxel/07_snake.py"",""space_rescue"":""games/pyxel/apps-src/space_rescue/space_rescue.py""}","{""mega_wing"":""86bad6c02a303806c58137503739241dc6b1e86695f7c0dbf672b5e1a1464e9f"",""pyxel_shooter"":""0f53e4156907eac41080a8f289e22c89365b3239517c754cf59a51af201d5563"",""pyxel_snake"":""bc533fef92d1d358e570f69d979919fe5c1cd8c4da49841104b49a1e661a5ac3"",""space_rescue"":""f3b0ab6784ae558e64f06a3f0a704e53f107a130aa3d43357659d0850131e461""}",f3ad979e29796f3637b7944d38b99d0df227ab203a9b9e631a501d26b4215740
2,6,formal-effectiveness-v1__colocation__mega_wing+pyxel_snake+space_rescue__cpu_compute__p100__r03,formal-effectiveness-v1,colocation-main,train,colocation,"[""mega_wing"",""pyxel_snake"",""space_rescue""]",mega_wing,"[""pyxel_snake"",""space_rescue""]",mega_wing+pyxel_snake+space_rescue,mega_wing+pyxel_snake+space_rescue__r03,cpu_compute,1,1,3,8142017781895895066,10,30,1,10,windows-rtx4060,0,0,grid_2x2,true,80,a3dff8e23947af7a1f707a1f42d8f93c174f4319793309adacb9ca4b12aff028,0fd49623591e8e13e140a1551085bea01e08e9c3,data/raw/formal-effectiveness-v1/formal-effectiveness-v1__colocation__mega_wing+pyxel_snake+space_rescue__cpu_compute__p100__r03,"{""mega_wing"":""games/pyxel/apps-src/mega_wing/mega_wing.py"",""pyxel_snake"":""games/pyxel/07_snake.py"",""space_rescue"":""games/pyxel/apps-src/space_rescue/space_rescue.py""}","{""mega_wing"":""86bad6c02a303806c58137503739241dc6b1e86695f7c0dbf672b5e1a1464e9f"",""pyxel_snake"":""bc533fef92d1d358e570f69d979919fe5c1cd8c4da49841104b49a1e661a5ac3"",""space_rescue"":""f3b0ab6784ae558e64f06a3f0a704e53f107a130aa3d43357659d0850131e461""}",f46ebc2ebcdc815b246e11e88092293c6579078e86bace12b159920170b7cc32
2,7,formal-effectiveness-v1__colocation__daylight+pyxel_bubbles+pyxel_platformer__cpu_compute__p100__r02,formal-effectiveness-v1,colocation-main,test,colocation,"[""daylight"",""pyxel_bubbles"",""pyxel_platformer""]",daylight,"[""pyxel_bubbles"",""pyxel_platformer""]",daylight+pyxel_bubbles+pyxel_platformer,daylight+pyxel_bubbles+pyxel_platformer__r02,cpu_compute,1,1,2,3256605726736093810,10,30,1,10,windows-rtx4060,0,0,grid_2x2,true,80,a3dff8e23947af7a1f707a1f42d8f93c174f4319793309adacb9ca4b12aff028,0fd49623591e8e13e140a1551085bea01e08e9c3,data/raw/formal-effectiveness-v1/formal-effectiveness-v1__colocation__daylight+pyxel_bubbles+pyxel_platformer__cpu_compute__p100__r02,"{""daylight"":""games/pyxel/apps-src/30SecondsOfDaylight/src/main.py"",""pyxel_bubbles"":""games/pyxel/06_click_game.py"",""pyxel_platformer"":""games/pyxel/10_platformer.py""}","{""daylight"":""21a365375249e9d7ea05e78dcfe040f09cc1f0c66bd410bae084190c743a028f"",""pyxel_bubbles"":""54c101e90bdaed839ac4c4284494530d5df37a5819a35f1e41eebb0b3da5d900"",""pyxel_platformer"":""1b2c75b49dc9ab0254fb4b724682a4787868814a38d2f08920720dc5b6007ac5""}",281f957aa25d9f45fc898d1363805bc160d6642cfa166898efb9c74ecd13e0ba
2,8,formal-effectiveness-v1__colocation__daylight+mega_wing__cpu_compute__p100__r01,formal-effectiveness-v1,colocation-main,test,colocation,"[""daylight"",""mega_wing""]",daylight,"[""mega_wing""]",daylight+mega_wing,daylight+mega_wing__r01,cpu_compute,1,1,1,10943283578462191745,10,30,1,10,windows-rtx4060,0,0,grid_2x2,true,80,a3dff8e23947af7a1f707a1f42d8f93c174f4319793309adacb9ca4b12aff028,0fd49623591e8e13e140a1551085bea01e08e9c3,data/raw/formal-effectiveness-v1/formal-effectiveness-v1__colocation__daylight+mega_wing__cpu_compute__p100__r01,"{""daylight"":""games/pyxel/apps-src/30SecondsOfDaylight/src/main.py"",""mega_wing"":""games/pyxel/apps-src/mega_wing/mega_wing.py""}","{""daylight"":""21a365375249e9d7ea05e78dcfe040f09cc1f0c66bd410bae084190c743a028f"",""mega_wing"":""86bad6c02a303806c58137503739241dc6b1e86695f7c0dbf672b5e1a1464e9f""}",4759858d587862391426b0e43738e3fb56f45229d03bd4cf0cf49865e55da20a
2,9,formal-effectiveness-v1__colocation__mega_wing+pyxel_platformer+pyxel_shooter__cpu_compute__p100__r02,formal-effectiveness-v1,colocation-main,test,colocation,"[""mega_wing"",""pyxel_platformer"",""pyxel_shooter""]",mega_wing,"[""pyxel_platformer"",""pyxel_shooter""]",mega_wing+pyxel_platformer+pyxel_shooter,mega_wing+pyxel_platformer+pyxel_shooter__r02,cpu_compute,1,1,2,13682341556401358875,10,30,1,10,windows-rtx4060,0,0,grid_2x2,true,80,a3dff8e23947af7a1f707a1f42d8f93c174f4319793309adacb9ca4b12aff028,0fd49623591e8e13e140a1551085bea01e08e9c3,data/raw/formal-effectiveness-v1/formal-effectiveness-v1__colocation__mega_wing+pyxel_platformer+pyxel_shooter__cpu_compute__p100__r02,"{""mega_wing"":""games/pyxel/apps-src/mega_wing/mega_wing.py"",""pyxel_platformer"":""games/pyxel/10_platformer.py"",""pyxel_shooter"":""games/pyxel/09_shooter.py""}","{""mega_wing"":""86bad6c02a303806c58137503739241dc6b1e86695f7c0dbf672b5e1a1464e9f"",""pyxel_platformer"":""1b2c75b49dc9ab0254fb4b724682a4787868814a38d2f08920720dc5b6007ac5"",""pyxel_shooter"":""0f53e4156907eac41080a8f289e22c89365b3239517c754cf59a51af201d5563""}",fa5cc4435f3e0b96b079ab62fdc1f6f38f1457763918203df9accd11cc3bee19
2,10,formal-effectiveness-v1__extra__daylight+pyxel_bubbles+pyxel_shooter+space_rescue__cpu_compute__p100__r02,formal-effectiveness-v1,colocation-extra-test,extra_test,extra_test,"[""daylight"",""pyxel_bubbles"",""pyxel_shooter"",""space_rescue""]",daylight,"[""pyxel_bubbles"",""pyxel_shooter"",""space_rescue""]",daylight+pyxel_bubbles+pyxel_shooter+space_rescue,daylight+pyxel_bubbles+pyxel_shooter+space_rescue__r02,cpu_compute,1,1,2,1072938454727186155,10,30,1,10,windows-rtx4060,0,0,grid_2x2,true,80,a3dff8e23947af7a1f707a1f42d8f93c174f4319793309adacb9ca4b12aff028,0fd49623591e8e13e140a1551085bea01e08e9c3,data/raw/formal-effectiveness-v1/formal-effectiveness-v1__extra__daylight+pyxel_bubbles+pyxel_shooter+space_rescue__cpu_compute__p100__r02,"{""daylight"":""games/pyxel/apps-src/30SecondsOfDaylight/src/main.py"",""pyxel_bubbles"":""games/pyxel/06_click_game.py"",""pyxel_shooter"":""games/pyxel/09_shooter.py"",""space_rescue"":""games/pyxel/apps-src/space_rescue/space_rescue.py""}","{""daylight"":""21a365375249e9d7ea05e78dcfe040f09cc1f0c66bd410bae084190c743a028f"",""pyxel_bubbles"":""54c101e90bdaed839ac4c4284494530d5df37a5819a35f1e41eebb0b3da5d900"",""pyxel_shooter"":""0f53e4156907eac41080a8f289e22c89365b3239517c754cf59a51af201d5563"",""space_rescue"":""f3b0ab6784ae558e64f06a3f0a704e53f107a130aa3d43357659d0850131e461""}",59b4c10307faab956565b2281ae85bc4614cce93928d9731b0f010a84ea2b526
2,11,formal-effectiveness-v1__colocation__pyxel_bubbles+pyxel_jump+pyxel_platformer__cpu_compute__p100__r03,formal-effectiveness-v1,colocation-main,train,colocation,"[""pyxel_bubbles"",""pyxel_jump"",""pyxel_platformer""]",pyxel_bubbles,"[""pyxel_jump"",""pyxel_platformer""]",pyxel_bubbles+pyxel_jump+pyxel_platformer,pyxel_bubbles+pyxel_jump+pyxel_platformer__r03,cpu_compute,1,1,3,14613532575322629756,10,30,1,10,windows-rtx4060,0,0,grid_2x2,true,80,a3dff8e23947af7a1f707a1f42d8f93c174f4319793309adacb9ca4b12aff028,0fd49623591e8e13e140a1551085bea01e08e9c3,data/raw/formal-effectiveness-v1/formal-effectiveness-v1__colocation__pyxel_bubbles+pyxel_jump+pyxel_platformer__cpu_compute__p100__r03,"{""pyxel_bubbles"":""games/pyxel/06_click_game.py"",""pyxel_jump"":""games/pyxel/02_jump_game.py"",""pyxel_platformer"":""games/pyxel/10_platformer.py""}","{""pyxel_bubbles"":""54c101e90bdaed839ac4c4284494530d5df37a5819a35f1e41eebb0b3da5d900"",""pyxel_jump"":""4743a825f1c9cae7e049ac52115f4ecf83350db546c00745a54af187d7bc2e46"",""pyxel_platformer"":""1b2c75b49dc9ab0254fb4b724682a4787868814a38d2f08920720dc5b6007ac5""}",bbdf16103c876c533cfb185675b41d3fe8307235ce311fa87c7c1541c03c99b2
2,12,formal-effectiveness-v1__colocation__mega_wing+pyxel_jump+pyxel_platformer__cpu_compute__p100__r03,formal-effectiveness-v1,colocation-main,train,colocation,"[""mega_wing"",""pyxel_jump"",""pyxel_platformer""]",mega_wing,"[""pyxel_jump"",""pyxel_platformer""]",mega_wing+pyxel_jump+pyxel_platformer,mega_wing+pyxel_jump+pyxel_platformer__r03,cpu_compute,1,1,3,8971933576963466641,10,30,1,10,windows-rtx4060,0,0,grid_2x2,true,80,a3dff8e23947af7a1f707a1f42d8f93c174f4319793309adacb9ca4b12aff028,0fd49623591e8e13e140a1551085bea01e08e9c3,data/raw/formal-effectiveness-v1/formal-effectiveness-v1__colocation__mega_wing+pyxel_jump+pyxel_platformer__cpu_compute__p100__r03,"{""mega_wing"":""games/pyxel/apps-src/mega_wing/mega_wing.py"",""pyxel_jump"":""games/pyxel/02_jump_game.py"",""pyxel_platformer"":""games/pyxel/10_platformer.py""}","{""mega_wing"":""86bad6c02a303806c58137503739241dc6b1e86695f7c0dbf672b5e1a1464e9f"",""pyxel_jump"":""4743a825f1c9cae7e049ac52115f4ecf83350db546c00745a54af187d7bc2e46"",""pyxel_platformer"":""1b2c75b49dc9ab0254fb4b724682a4787868814a38d2f08920720dc5b6007ac5""}",6789207d164d3e3486f70f97993e7273aebd596624bbc3c91b75a0b9f1096651
2,13,formal-effectiveness-v1__colocation__pyxel_platformer+pyxel_shooter+space_rescue__cpu_compute__p100__r03,formal-effectiveness-v1,colocation-main,validation,colocation,"[""pyxel_platformer"",""pyxel_shooter"",""space_rescue""]",pyxel_platformer,"[""pyxel_shooter"",""space_rescue""]",pyxel_platformer+pyxel_shooter+space_rescue,pyxel_platformer+pyxel_shooter+space_rescue__r03,cpu_compute,1,1,3,2378095048118436956,10,30,1,10,windows-rtx4060,0,0,grid_2x2,true,80,a3dff8e23947af7a1f707a1f42d8f93c174f4319793309adacb9ca4b12aff028,0fd49623591e8e13e140a1551085bea01e08e9c3,data/raw/formal-effectiveness-v1/formal-effectiveness-v1__colocation__pyxel_platformer+pyxel_shooter+space_rescue__cpu_compute__p100__r03,"{""pyxel_platformer"":""games/pyxel/10_platformer.py"",""pyxel_shooter"":""games/pyxel/09_shooter.py"",""space_rescue"":""games/pyxel/apps-src/space_rescue/space_rescue.py""}","{""pyxel_platformer"":""1b2c75b49dc9ab0254fb4b724682a4787868814a38d2f08920720dc5b6007ac5"",""pyxel_shooter"":""0f53e4156907eac41080a8f289e22c89365b3239517c754cf59a51af201d5563"",""space_rescue"":""f3b0ab6784ae558e64f06a3f0a704e53f107a130aa3d43357659d0850131e461""}",9ccbc513bcd747f944c4e1617cb4427bdf3adb3e1bbb2ec88bda6be34b9907d5
2,14,formal-effectiveness-v1__colocation__daylight+pyxel_bubbles__cpu_compute__p100__r03,formal-effectiveness-v1,colocation-main,validation,colocation,"[""daylight"",""pyxel_bubbles""]",daylight,"[""pyxel_bubbles""]",daylight+pyxel_bubbles,daylight+pyxel_bubbles__r03,cpu_compute,1,1,3,6488750937728922443,10,30,1,10,windows-rtx4060,0,0,grid_2x2,true,80,a3dff8e23947af7a1f707a1f42d8f93c174f4319793309adacb9ca4b12aff028,0fd49623591e8e13e140a1551085bea01e08e9c3,data/raw/formal-effectiveness-v1/formal-effectiveness-v1__colocation__daylight+pyxel_bubbles__cpu_compute__p100__r03,"{""daylight"":""games/pyxel/apps-src/30SecondsOfDaylight/src/main.py"",""pyxel_bubbles"":""games/pyxel/06_click_game.py""}","{""daylight"":""21a365375249e9d7ea05e78dcfe040f09cc1f0c66bd410bae084190c743a028f"",""pyxel_bubbles"":""54c101e90bdaed839ac4c4284494530d5df37a5819a35f1e41eebb0b3da5d900""}",7cf5825a7e6921e9e5520d5adefa7dffec50fe0da00ff4d27609e3f4fe7bb12d
2,15,formal-effectiveness-v1__colocation__daylight+pyxel_bubbles+space_rescue__cpu_compute__p100__r03,formal-effectiveness-v1,colocation-main,train,colocation,"[""daylight"",""pyxel_bubbles"",""space_rescue""]",daylight,"[""pyxel_bubbles"",""space_rescue""]",daylight+pyxel_bubbles+space_rescue,daylight+pyxel_bubbles+space_rescue__r03,cpu_compute,1,1,3,5061490885627023538,10,30,1,10,windows-rtx4060,0,0,grid_2x2,true,80,a3dff8e23947af7a1f707a1f42d8f93c174f4319793309adacb9ca4b12aff028,0fd49623591e8e13e140a1551085bea01e08e9c3,data/raw/formal-effectiveness-v1/formal-effectiveness-v1__colocation__daylight+pyxel_bubbles+space_rescue__cpu_compute__p100__r03,"{""daylight"":""games/pyxel/apps-src/30SecondsOfDaylight/src/main.py"",""pyxel_bubbles"":""games/pyxel/06_click_game.py"",""space_rescue"":""games/pyxel/apps-src/space_rescue/space_rescue.py""}","{""daylight"":""21a365375249e9d7ea05e78dcfe040f09cc1f0c66bd410bae084190c743a028f"",""pyxel_bubbles"":""54c101e90bdaed839ac4c4284494530d5df37a5819a35f1e41eebb0b3da5d900"",""space_rescue"":""f3b0ab6784ae558e64f06a3f0a704e53f107a130aa3d43357659d0850131e461""}",092d2813368c8b53b66c5b42efe85c4478e0085088de406a611f1b1ad7a6750b
2,16,formal-effectiveness-v1__extra__mega_wing+pyxel_bubbles+pyxel_jump+space_rescue__cpu_compute__p100__r01,formal-effectiveness-v1,colocation-extra-test,extra_test,extra_test,"[""mega_wing"",""pyxel_bubbles"",""pyxel_jump"",""space_rescue""]",mega_wing,"[""pyxel_bubbles"",""pyxel_jump"",""space_rescue""]",mega_wing+pyxel_bubbles+pyxel_jump+space_rescue,mega_wing+pyxel_bubbles+pyxel_jump+space_rescue__r01,cpu_compute,1,1,1,16989947642046775293,10,30,1,10,windows-rtx4060,0,0,grid_2x2,true,80,a3dff8e23947af7a1f707a1f42d8f93c174f4319793309adacb9ca4b12aff028,0fd49623591e8e13e140a1551085bea01e08e9c3,data/raw/formal-effectiveness-v1/formal-effectiveness-v1__extra__mega_wing+pyxel_bubbles+pyxel_jump+space_rescue__cpu_compute__p100__r01,"{""mega_wing"":""games/pyxel/apps-src/mega_wing/mega_wing.py"",""pyxel_bubbles"":""games/pyxel/06_click_game.py"",""pyxel_jump"":""games/pyxel/02_jump_game.py"",""space_rescue"":""games/pyxel/apps-src/space_rescue/space_rescue.py""}","{""mega_wing"":""86bad6c02a303806c58137503739241dc6b1e86695f7c0dbf672b5e1a1464e9f"",""pyxel_bubbles"":""54c101e90bdaed839ac4c4284494530d5df37a5819a35f1e41eebb0b3da5d900"",""pyxel_jump"":""4743a825f1c9cae7e049ac52115f4ecf83350db546c00745a54af187d7bc2e46"",""space_rescue"":""f3b0ab6784ae558e64f06a3f0a704e53f107a130aa3d43357659d0850131e461""}",aed8431463fddb5635897cb16395408ba4832014d9abeffc36e5a2b8570aadef
2,17,formal-effectiveness-v1__colocation__pyxel_bubbles+pyxel_platformer+pyxel_shooter__cpu_compute__p100__r03,formal-effectiveness-v1,colocation-main,validation,colocation,"[""pyxel_bubbles"",""pyxel_platformer"",""pyxel_shooter""]",pyxel_bubbles,"[""pyxel_platformer"",""pyxel_shooter""]",pyxel_bubbles+pyxel_platformer+pyxel_shooter,pyxel_bubbles+pyxel_platformer+pyxel_shooter__r03,cpu_compute,1,1,3,8498269675985014006,10,30,1,10,windows-rtx4060,0,0,grid_2x2,true,80,a3dff8e23947af7a1f707a1f42d8f93c174f4319793309adacb9ca4b12aff028,0fd49623591e8e13e140a1551085bea01e08e9c3,data/raw/formal-effectiveness-v1/formal-effectiveness-v1__colocation__pyxel_bubbles+pyxel_platformer+pyxel_shooter__cpu_compute__p100__r03,"{""pyxel_bubbles"":""games/pyxel/06_click_game.py"",""pyxel_platformer"":""games/pyxel/10_platformer.py"",""pyxel_shooter"":""games/pyxel/09_shooter.py""}","{""pyxel_bubbles"":""54c101e90bdaed839ac4c4284494530d5df37a5819a35f1e41eebb0b3da5d900"",""pyxel_platformer"":""1b2c75b49dc9ab0254fb4b724682a4787868814a38d2f08920720dc5b6007ac5"",""pyxel_shooter"":""0f53e4156907eac41080a8f289e22c89365b3239517c754cf59a51af201d5563""}",970945e04a797a44eb140686c3a51ee3a0681d94665f620736050607237a666c
2,18,formal-effectiveness-v1__colocation__pyxel_jump+pyxel_platformer+space_rescue__cpu_compute__p100__r03,formal-effectiveness-v1,colocation-main,train,colocation,"[""pyxel_jump"",""pyxel_platformer"",""space_rescue""]",pyxel_jump,"[""pyxel_platformer"",""space_rescue""]",pyxel_jump+pyxel_platformer+space_rescue,pyxel_jump+pyxel_platformer+space_rescue__r03,cpu_compute,1,1,3,11073372992232688367,10,30,1,10,windows-rtx4060,0,0,grid_2x2,true,80,a3dff8e23947af7a1f707a1f42d8f93c174f4319793309adacb9ca4b12aff028,0fd49623591e8e13e140a1551085bea01e08e9c3,data/raw/formal-effectiveness-v1/formal-effectiveness-v1__colocation__pyxel_jump+pyxel_platformer+space_rescue__cpu_compute__p100__r03,"{""pyxel_jump"":""games/pyxel/02_jump_game.py"",""pyxel_platformer"":""games/pyxel/10_platformer.py"",""space_rescue"":""games/pyxel/apps-src/space_rescue/space_rescue.py""}","{""pyxel_jump"":""4743a825f1c9cae7e049ac52115f4ecf83350db546c00745a54af187d7bc2e46"",""pyxel_platformer"":""1b2c75b49dc9ab0254fb4b724682a4787868814a38d2f08920720dc5b6007ac5"",""space_rescue"":""f3b0ab6784ae558e64f06a3f0a704e53f107a130aa3d43357659d0850131e461""}",fc7c92a8f2cab7bec53c804f94026525a3481c3f1b9f3a71850d71c7ad13f342
2,19,formal-effectiveness-v1__colocation__mega_wing+pyxel_snake__cpu_compute__p100__r01,formal-effectiveness-v1,colocation-main,train,colocation,"[""mega_wing"",""pyxel_snake""]",mega_wing,"[""pyxel_snake""]",mega_wing+pyxel_snake,mega_wing+pyxel_snake__r01,cpu_compute,1,1,1,1304870235819937978,10,30,1,10,windows-rtx4060,0,0,grid_2x2,true,80,a3dff8e23947af7a1f707a1f42d8f93c174f4319793309adacb9ca4b12aff028,0fd49623591e8e13e140a1551085bea01e08e9c3,data/raw/formal-effectiveness-v1/formal-effectiveness-v1__colocation__mega_wing+pyxel_snake__cpu_compute__p100__r01,"{""mega_wing"":""games/pyxel/apps-src/mega_wing/mega_wing.py"",""pyxel_snake"":""games/pyxel/07_snake.py""}","{""mega_wing"":""86bad6c02a303806c58137503739241dc6b1e86695f7c0dbf672b5e1a1464e9f"",""pyxel_snake"":""bc533fef92d1d358e570f69d979919fe5c1cd8c4da49841104b49a1e661a5ac3""}",bd8cb5341c9b62cb3010365ae76994a3fabff381e95682ee760b5bea3f37bfe9
2,20,formal-effectiveness-v1__colocation__daylight+pyxel_platformer+pyxel_shooter__cpu_compute__p100__r01,formal-effectiveness-v1,colocation-main,validation,colocation,"[""daylight"",""pyxel_platformer"",""pyxel_shooter""]",daylight,"[""pyxel_platformer"",""pyxel_shooter""]",daylight+pyxel_platformer+pyxel_shooter,daylight+pyxel_platformer+pyxel_shooter__r01,cpu_compute,1,1,1,4715957220980102501,10,30,1,10,windows-rtx4060,0,0,grid_2x2,true,80,a3dff8e23947af7a1f707a1f42d8f93c174f4319793309adacb9ca4b12aff028,0fd49623591e8e13e140a1551085bea01e08e9c3,data/raw/formal-effectiveness-v1/formal-effectiveness-v1__colocation__daylight+pyxel_platformer+pyxel_shooter__cpu_compute__p100__r01,"{""daylight"":""games/pyxel/apps-src/30SecondsOfDaylight/src/main.py"",""pyxel_platformer"":""games/pyxel/10_platformer.py"",""pyxel_shooter"":""games/pyxel/09_shooter.py""}","{""daylight"":""21a365375249e9d7ea05e78dcfe040f09cc1f0c66bd410bae084190c743a028f"",""pyxel_platformer"":""1b2c75b49dc9ab0254fb4b724682a4787868814a38d2f08920720dc5b6007ac5"",""pyxel_shooter"":""0f53e4156907eac41080a8f289e22c89365b3239517c754cf59a51af201d5563""}",0be11194f8c53b74e51bc92cb84541f28fb17757bce86925fa41b82d9d1e72a0
2,21,formal-effectiveness-v1__colocation__pyxel_jump+pyxel_snake__cpu_compute__p100__r01,formal-effectiveness-v1,colocation-main,validation,colocation,"[""pyxel_jump"",""pyxel_snake""]",pyxel_jump,"[""pyxel_snake""]",pyxel_jump+pyxel_snake,pyxel_jump+pyxel_snake__r01,cpu_compute,1,1,1,595837154992754466,10,30,1,10,windows-rtx4060,0,0,grid_2x2,true,80,a3dff8e23947af7a1f707a1f42d8f93c174f4319793309adacb9ca4b12aff028,0fd49623591e8e13e140a1551085bea01e08e9c3,data/raw/formal-effectiveness-v1/formal-effectiveness-v1__colocation__pyxel_jump+pyxel_snake__cpu_compute__p100__r01,"{""pyxel_jump"":""games/pyxel/02_jump_game.py"",""pyxel_snake"":""games/pyxel/07_snake.py""}","{""pyxel_jump"":""4743a825f1c9cae7e049ac52115f4ecf83350db546c00745a54af187d7bc2e46"",""pyxel_snake"":""bc533fef92d1d358e570f69d979919fe5c1cd8c4da49841104b49a1e661a5ac3""}",da26002e5329c514884a18ea01b8246fbf4879f4ba355d90f899a1b13b59128a
2,22,formal-effectiveness-v1__colocation__mega_wing+pyxel_jump__cpu_compute__p100__r03,formal-effectiveness-v1,colocation-main,test,colocation,"[""mega_wing"",""pyxel_jump""]",mega_wing,"[""pyxel_jump""]",mega_wing+pyxel_jump,mega_wing+pyxel_jump__r03,cpu_compute,1,1,3,193343621440929961,10,30,1,10,windows-rtx4060,0,0,grid_2x2,true,80,a3dff8e23947af7a1f707a1f42d8f93c174f4319793309adacb9ca4b12aff028,0fd49623591e8e13e140a1551085bea01e08e9c3,data/raw/formal-effectiveness-v1/formal-effectiveness-v1__colocation__mega_wing+pyxel_jump__cpu_compute__p100__r03,"{""mega_wing"":""games/pyxel/apps-src/mega_wing/mega_wing.py"",""pyxel_jump"":""games/pyxel/02_jump_game.py""}","{""mega_wing"":""86bad6c02a303806c58137503739241dc6b1e86695f7c0dbf672b5e1a1464e9f"",""pyxel_jump"":""4743a825f1c9cae7e049ac52115f4ecf83350db546c00745a54af187d7bc2e46""}",e3e9f7c122098d53211bf9782fb6fd9d019ab5dc4d66d9664306f192304fa4ed
2,23,formal-effectiveness-v1__extra__daylight+pyxel_bubbles+pyxel_jump+pyxel_platformer__cpu_compute__p100__r01,formal-effectiveness-v1,colocation-extra-test,extra_test,extra_test,"[""daylight"",""pyxel_bubbles"",""pyxel_jump"",""pyxel_platformer""]",daylight,"[""pyxel_bubbles"",""pyxel_jump"",""pyxel_platformer""]",daylight+pyxel_bubbles+pyxel_jump+pyxel_platformer,daylight+pyxel_bubbles+pyxel_jump+pyxel_platformer__r01,cpu_compute,1,1,1,5737806892131697747,10,30,1,10,windows-rtx4060,0,0,grid_2x2,true,80,a3dff8e23947af7a1f707a1f42d8f93c174f4319793309adacb9ca4b12aff028,0fd49623591e8e13e140a1551085bea01e08e9c3,data/raw/formal-effectiveness-v1/formal-effectiveness-v1__extra__daylight+pyxel_bubbles+pyxel_jump+pyxel_platformer__cpu_compute__p100__r01,"{""daylight"":""games/pyxel/apps-src/30SecondsOfDaylight/src/main.py"",""pyxel_bubbles"":""games/pyxel/06_click_game.py"",""pyxel_jump"":""games/pyxel/02_jump_game.py"",""pyxel_platformer"":""games/pyxel/10_platformer.py""}","{""daylight"":""21a365375249e9d7ea05e78dcfe040f09cc1f0c66bd410bae084190c743a028f"",""pyxel_bubbles"":""54c101e90bdaed839ac4c4284494530d5df37a5819a35f1e41eebb0b3da5d900"",""pyxel_jump"":""4743a825f1c9cae7e049ac52115f4ecf83350db546c00745a54af187d7bc2e46"",""pyxel_platformer"":""1b2c75b49dc9ab0254fb4b724682a4787868814a38d2f08920720dc5b6007ac5""}",50edc5eea6c75f114254fb3338f3beee07291f54017bb1cde48bdc2f166ef2e4
2,24,formal-effectiveness-v1__colocation__pyxel_platformer+pyxel_snake+space_rescue__cpu_compute__p100__r02,formal-effectiveness-v1,colocation-main,validation,colocation,"[""pyxel_platformer"",""pyxel_snake"",""space_rescue""]",pyxel_platformer,"[""pyxel_snake"",""space_rescue""]",pyxel_platformer+pyxel_snake+space_rescue,pyxel_platformer+pyxel_snake+space_rescue__r02,cpu_compute,1,1,2,1690107461402874264,10,30,1,10,windows-rtx4060,0,0,grid_2x2,true,80,a3dff8e23947af7a1f707a1f42d8f93c174f4319793309adacb9ca4b12aff028,0fd49623591e8e13e140a1551085bea01e08e9c3,data/raw/formal-effectiveness-v1/formal-effectiveness-v1__colocation__pyxel_platformer+pyxel_snake+space_rescue__cpu_compute__p100__r02,"{""pyxel_platformer"":""games/pyxel/10_platformer.py"",""pyxel_snake"":""games/pyxel/07_snake.py"",""space_rescue"":""games/pyxel/apps-src/space_rescue/space_rescue.py""}","{""pyxel_platformer"":""1b2c75b49dc9ab0254fb4b724682a4787868814a38d2f08920720dc5b6007ac5"",""pyxel_snake"":""bc533fef92d1d358e570f69d979919fe5c1cd8c4da49841104b49a1e661a5ac3"",""space_rescue"":""f3b0ab6784ae558e64f06a3f0a704e53f107a130aa3d43357659d0850131e461""}",bc810f7489902a26ce236f02646aa9c2b3ecbe10725bf58ab39dd7f8e876a286
2,25,formal-effectiveness-v1__colocation__daylight+pyxel_jump__cpu_compute__p100__r03,formal-effectiveness-v1,colocation-main,test,colocation,"[""daylight"",""pyxel_jump""]",daylight,"[""pyxel_jump""]",daylight+pyxel_jump,daylight+pyxel_jump__r03,cpu_compute,1,1,3,4442143163570228282,10,30,1,10,windows-rtx4060,0,0,grid_2x2,true,80,a3dff8e23947af7a1f707a1f42d8f93c174f4319793309adacb9ca4b12aff028,0fd49623591e8e13e140a1551085bea01e08e9c3,data/raw/formal-effectiveness-v1/formal-effectiveness-v1__colocation__daylight+pyxel_jump__cpu_compute__p100__r03,"{""daylight"":""games/pyxel/apps-src/30SecondsOfDaylight/src/main.py"",""pyxel_jump"":""games/pyxel/02_jump_game.py""}","{""daylight"":""21a365375249e9d7ea05e78dcfe040f09cc1f0c66bd410bae084190c743a028f"",""pyxel_jump"":""4743a825f1c9cae7e049ac52115f4ecf83350db546c00745a54af187d7bc2e46""}",c698e45bacd1100934ea15fa16e88b1627aba3b39a4a0da7585d3f428918ea18
2,26,formal-effectiveness-v1__colocation__daylight+pyxel_shooter+pyxel_snake__cpu_compute__p100__r03,formal-effectiveness-v1,colocation-main,train,colocation,"[""daylight"",""pyxel_shooter"",""pyxel_snake""]",daylight,"[""pyxel_shooter"",""pyxel_snake""]",daylight+pyxel_shooter+pyxel_snake,daylight+pyxel_shooter+pyxel_snake__r03,cpu_compute,1,1,3,3275937800275558484,10,30,1,10,windows-rtx4060,0,0,grid_2x2,true,80,a3dff8e23947af7a1f707a1f42d8f93c174f4319793309adacb9ca4b12aff028,0fd49623591e8e13e140a1551085bea01e08e9c3,data/raw/formal-effectiveness-v1/formal-effectiveness-v1__colocation__daylight+pyxel_shooter+pyxel_snake__cpu_compute__p100__r03,"{""daylight"":""games/pyxel/apps-src/30SecondsOfDaylight/src/main.py"",""pyxel_shooter"":""games/pyxel/09_shooter.py"",""pyxel_snake"":""games/pyxel/07_snake.py""}","{""daylight"":""21a365375249e9d7ea05e78dcfe040f09cc1f0c66bd410bae084190c743a028f"",""pyxel_shooter"":""0f53e4156907eac41080a8f289e22c89365b3239517c754cf59a51af201d5563"",""pyxel_snake"":""bc533fef92d1d358e570f69d979919fe5c1cd8c4da49841104b49a1e661a5ac3""}",4bdc41286efcf865cd076e296f05db84f968bce2b750101552428a3be3e17577
2,27,formal-effectiveness-v1__colocation__pyxel_bubbles+pyxel_platformer+pyxel_shooter__cpu_compute__p100__r02,formal-effectiveness-v1,colocation-main,validation,colocation,"[""pyxel_bubbles"",""pyxel_platformer"",""pyxel_shooter""]",pyxel_bubbles,"[""pyxel_platformer"",""pyxel_shooter""]",pyxel_bubbles+pyxel_platformer+pyxel_shooter,pyxel_bubbles+pyxel_platformer+pyxel_shooter__r02,cpu_compute,1,1,2,7247971371436558227,10,30,1,10,windows-rtx4060,0,0,grid_2x2,true,80,a3dff8e23947af7a1f707a1f42d8f93c174f4319793309adacb9ca4b12aff028,0fd49623591e8e13e140a1551085bea01e08e9c3,data/raw/formal-effectiveness-v1/formal-effectiveness-v1__colocation__pyxel_bubbles+pyxel_platformer+pyxel_shooter__cpu_compute__p100__r02,"{""pyxel_bubbles"":""games/pyxel/06_click_game.py"",""pyxel_platformer"":""games/pyxel/10_platformer.py"",""pyxel_shooter"":""games/pyxel/09_shooter.py""}","{""pyxel_bubbles"":""54c101e90bdaed839ac4c4284494530d5df37a5819a35f1e41eebb0b3da5d900"",""pyxel_platformer"":""1b2c75b49dc9ab0254fb4b724682a4787868814a38d2f08920720dc5b6007ac5"",""pyxel_shooter"":""0f53e4156907eac41080a8f289e22c89365b3239517c754cf59a51af201d5563""}",c27f80e3087bc36e96518c6495173260597a135bec5d0feeee5d3fb5aef7a7b0
2,28,formal-effectiveness-v1__colocation__pyxel_jump+pyxel_snake__cpu_compute__p100__r03,formal-effectiveness-v1,colocation-main,validation,colocation,"[""pyxel_jump"",""pyxel_snake""]",pyxel_jump,"[""pyxel_snake""]",pyxel_jump+pyxel_snake,pyxel_jump+pyxel_snake__r03,cpu_compute,1,1,3,669151184381926978,10,30,1,10,windows-rtx4060,0,0,grid_2x2,true,80,a3dff8e23947af7a1f707a1f42d8f93c174f4319793309adacb9ca4b12aff028,0fd49623591e8e13e140a1551085bea01e08e9c3,data/raw/formal-effectiveness-v1/formal-effectiveness-v1__colocation__pyxel_jump+pyxel_snake__cpu_compute__p100__r03,"{""pyxel_jump"":""games/pyxel/02_jump_game.py"",""pyxel_snake"":""games/pyxel/07_snake.py""}","{""pyxel_jump"":""4743a825f1c9cae7e049ac52115f4ecf83350db546c00745a54af187d7bc2e46"",""pyxel_snake"":""bc533fef92d1d358e570f69d979919fe5c1cd8c4da49841104b49a1e661a5ac3""}",bf80e80ddedf60cdefd4663248b6c5e45b1f1bed4f22814cb3575d74cabddb78
2,29,formal-effectiveness-v1__colocation__mega_wing+pyxel_platformer+pyxel_shooter__cpu_compute__p100__r03,formal-effectiveness-v1,colocation-main,test,colocation,"[""mega_wing"",""pyxel_platformer"",""pyxel_shooter""]",mega_wing,"[""pyxel_platformer"",""pyxel_shooter""]",mega_wing+pyxel_platformer+pyxel_shooter,mega_wing+pyxel_platformer+pyxel_shooter__r03,cpu_compute,1,1,3,12612950904275602089,10,30,1,10,windows-rtx4060,0,0,grid_2x2,true,80,a3dff8e23947af7a1f707a1f42d8f93c174f4319793309adacb9ca4b12aff028,0fd49623591e8e13e140a1551085bea01e08e9c3,data/raw/formal-effectiveness-v1/formal-effectiveness-v1__colocation__mega_wing+pyxel_platformer+pyxel_shooter__cpu_compute__p100__r03,"{""mega_wing"":""games/pyxel/apps-src/mega_wing/mega_wing.py"",""pyxel_platformer"":""games/pyxel/10_platformer.py"",""pyxel_shooter"":""games/pyxel/09_shooter.py""}","{""mega_wing"":""86bad6c02a303806c58137503739241dc6b1e86695f7c0dbf672b5e1a1464e9f"",""pyxel_platformer"":""1b2c75b49dc9ab0254fb4b724682a4787868814a38d2f08920720dc5b6007ac5"",""pyxel_shooter"":""0f53e4156907eac41080a8f289e22c89365b3239517c754cf59a51af201d5563""}",1f1762b702efbbb8f981120bc62055593819a29a2513b440b5c87901a058d99e
2,30,formal-effectiveness-v1__colocation__pyxel_jump+pyxel_shooter+pyxel_snake__cpu_compute__p100__r03,formal-effectiveness-v1,colocation-main,train,colocation,"[""pyxel_jump"",""pyxel_shooter"",""pyxel_snake""]",pyxel_jump,"[""pyxel_shooter"",""pyxel_snake""]",pyxel_jump+pyxel_shooter+pyxel_snake,pyxel_jump+pyxel_shooter+pyxel_snake__r03,cpu_compute,1,1,3,2843541963674284268,10,30,1,10,windows-rtx4060,0,0,grid_2x2,true,80,a3dff8e23947af7a1f707a1f42d8f93c174f4319793309adacb9ca4b12aff028,0fd49623591e8e13e140a1551085bea01e08e9c3,data/raw/formal-effectiveness-v1/formal-effectiveness-v1__colocation__pyxel_jump+pyxel_shooter+pyxel_snake__cpu_compute__p100__r03,"{""pyxel_jump"":""games/pyxel/02_jump_game.py"",""pyxel_shooter"":""games/pyxel/09_shooter.py"",""pyxel_snake"":""games/pyxel/07_snake.py""}","{""pyxel_jump"":""4743a825f1c9cae7e049ac52115f4ecf83350db546c00745a54af187d7bc2e46"",""pyxel_shooter"":""0f53e4156907eac41080a8f289e22c89365b3239517c754cf59a51af201d5563"",""pyxel_snake"":""bc533fef92d1d358e570f69d979919fe5c1cd8c4da49841104b49a1e661a5ac3""}",d05fc71f309f74933ce198c8100eaf1910b4b4e17393a8c581bb8325d743a9fc
2,31,formal-effectiveness-v1__colocation__daylight+mega_wing+pyxel_shooter__cpu_compute__p100__r03,formal-effectiveness-v1,colocation-main,validation,colocation,"[""daylight"",""mega_wing"",""pyxel_shooter""]",daylight,"[""mega_wing"",""pyxel_shooter""]",daylight+mega_wing+pyxel_shooter,daylight+mega_wing+pyxel_shooter__r03,cpu_compute,1,1,3,13312590361058943931,10,30,1,10,windows-rtx4060,0,0,grid_2x2,true,80,a3dff8e23947af7a1f707a1f42d8f93c174f4319793309adacb9ca4b12aff028,0fd49623591e8e13e140a1551085bea01e08e9c3,data/raw/formal-effectiveness-v1/formal-effectiveness-v1__colocation__daylight+mega_wing+pyxel_shooter__cpu_compute__p100__r03,"{""daylight"":""games/pyxel/apps-src/30SecondsOfDaylight/src/main.py"",""mega_wing"":""games/pyxel/apps-src/mega_wing/mega_wing.py"",""pyxel_shooter"":""games/pyxel/09_shooter.py""}","{""daylight"":""21a365375249e9d7ea05e78dcfe040f09cc1f0c66bd410bae084190c743a028f"",""mega_wing"":""86bad6c02a303806c58137503739241dc6b1e86695f7c0dbf672b5e1a1464e9f"",""pyxel_shooter"":""0f53e4156907eac41080a8f289e22c89365b3239517c754cf59a51af201d5563""}",c98160f5bf6aa1a12a21111e2cfc110011211c6cb7edc7f8434759dd12d68ac1
2,32,formal-effectiveness-v1__extra__mega_wing+pyxel_bubbles+pyxel_platformer+pyxel_shooter__cpu_compute__p100__r02,formal-effectiveness-v1,colocation-extra-test,extra_test,extra_test,"[""mega_wing"",""pyxel_bubbles"",""pyxel_platformer"",""pyxel_shooter""]",mega_wing,"[""pyxel_bubbles"",""pyxel_platformer"",""pyxel_shooter""]",mega_wing+pyxel_bubbles+pyxel_platformer+pyxel_shooter,mega_wing+pyxel_bubbles+pyxel_platformer+pyxel_shooter__r02,cpu_compute,1,1,2,704646156157745153,10,30,1,10,windows-rtx4060,0,0,grid_2x2,true,80,a3dff8e23947af7a1f707a1f42d8f93c174f4319793309adacb9ca4b12aff028,0fd49623591e8e13e140a1551085bea01e08e9c3,data/raw/formal-effectiveness-v1/formal-effectiveness-v1__extra__mega_wing+pyxel_bubbles+pyxel_platformer+pyxel_shooter__cpu_compute__p100__r02,"{""mega_wing"":""games/pyxel/apps-src/mega_wing/mega_wing.py"",""pyxel_bubbles"":""games/pyxel/06_click_game.py"",""pyxel_platformer"":""games/pyxel/10_platformer.py"",""pyxel_shooter"":""games/pyxel/09_shooter.py""}","{""mega_wing"":""86bad6c02a303806c58137503739241dc6b1e86695f7c0dbf672b5e1a1464e9f"",""pyxel_bubbles"":""54c101e90bdaed839ac4c4284494530d5df37a5819a35f1e41eebb0b3da5d900"",""pyxel_platformer"":""1b2c75b49dc9ab0254fb4b724682a4787868814a38d2f08920720dc5b6007ac5"",""pyxel_shooter"":""0f53e4156907eac41080a8f289e22c89365b3239517c754cf59a51af201d5563""}",ba89beae8534431f2f1460d4f6da2bbca5498b1b95af472eb41dbde0ca45924c
2,33,formal-effectiveness-v1__colocation__daylight+pyxel_jump+pyxel_shooter__cpu_compute__p100__r01,formal-effectiveness-v1,colocation-main,train,colocation,"[""daylight"",""pyxel_jump"",""pyxel_shooter""]",daylight,"[""pyxel_jump"",""pyxel_shooter""]",daylight+pyxel_jump+pyxel_shooter,daylight+pyxel_jump+pyxel_shooter__r01,cpu_compute,1,1,1,1241517636271496513,10,30,1,10,windows-rtx4060,0,0,grid_2x2,true,80,a3dff8e23947af7a1f707a1f42d8f93c174f4319793309adacb9ca4b12aff028,0fd49623591e8e13e140a1551085bea01e08e9c3,data/raw/formal-effectiveness-v1/formal-effectiveness-v1__colocation__daylight+pyxel_jump+pyxel_shooter__cpu_compute__p100__r01,"{""daylight"":""games/pyxel/apps-src/30SecondsOfDaylight/src/main.py"",""pyxel_jump"":""games/pyxel/02_jump_game.py"",""pyxel_shooter"":""games/pyxel/09_shooter.py""}","{""daylight"":""21a365375249e9d7ea05e78dcfe040f09cc1f0c66bd410bae084190c743a028f"",""pyxel_jump"":""4743a825f1c9cae7e049ac52115f4ecf83350db546c00745a54af187d7bc2e46"",""pyxel_shooter"":""0f53e4156907eac41080a8f289e22c89365b3239517c754cf59a51af201d5563""}",39f030fe2a97751283adf97a26019675309b94f6bb384f6b1ce04afcd64a7208
2,34,formal-effectiveness-v1__colocation__pyxel_bubbles+pyxel_snake+space_rescue__cpu_compute__p100__r02,formal-effectiveness-v1,colocation-main,train,colocation,"[""pyxel_bubbles"",""pyxel_snake"",""space_rescue""]",pyxel_bubbles,"[""pyxel_snake"",""space_rescue""]",pyxel_bubbles+pyxel_snake+space_rescue,pyxel_bubbles+pyxel_snake+space_rescue__r02,cpu_compute,1,1,2,843203424084328921,10,30,1,10,windows-rtx4060,0,0,grid_2x2,true,80,a3dff8e23947af7a1f707a1f42d8f93c174f4319793309adacb9ca4b12aff028,0fd49623591e8e13e140a1551085bea01e08e9c3,data/raw/formal-effectiveness-v1/formal-effectiveness-v1__colocation__pyxel_bubbles+pyxel_snake+space_rescue__cpu_compute__p100__r02,"{""pyxel_bubbles"":""games/pyxel/06_click_game.py"",""pyxel_snake"":""games/pyxel/07_snake.py"",""space_rescue"":""games/pyxel/apps-src/space_rescue/space_rescue.py""}","{""pyxel_bubbles"":""54c101e90bdaed839ac4c4284494530d5df37a5819a35f1e41eebb0b3da5d900"",""pyxel_snake"":""bc533fef92d1d358e570f69d979919fe5c1cd8c4da49841104b49a1e661a5ac3"",""space_rescue"":""f3b0ab6784ae558e64f06a3f0a704e53f107a130aa3d43357659d0850131e461""}",50d1291de037a05a6788675af843725a8633731d75c8fc2686388365da927629
2,35,formal-effectiveness-v1__colocation__daylight+pyxel_jump+pyxel_shooter__cpu_compute__p100__r03,formal-effectiveness-v1,colocation-main,train,colocation,"[""daylight"",""pyxel_jump"",""pyxel_shooter""]",daylight,"[""pyxel_jump"",""pyxel_shooter""]",daylight+pyxel_jump+pyxel_shooter,daylight+pyxel_jump+pyxel_shooter__r03,cpu_compute,1,1,3,9575953382854801708,10,30,1,10,windows-rtx4060,0,0,grid_2x2,true,80,a3dff8e23947af7a1f707a1f42d8f93c174f4319793309adacb9ca4b12aff028,0fd49623591e8e13e140a1551085bea01e08e9c3,data/raw/formal-effectiveness-v1/formal-effectiveness-v1__colocation__daylight+pyxel_jump+pyxel_shooter__cpu_compute__p100__r03,"{""daylight"":""games/pyxel/apps-src/30SecondsOfDaylight/src/main.py"",""pyxel_jump"":""games/pyxel/02_jump_game.py"",""pyxel_shooter"":""games/pyxel/09_shooter.py""}","{""daylight"":""21a365375249e9d7ea05e78dcfe040f09cc1f0c66bd410bae084190c743a028f"",""pyxel_jump"":""4743a825f1c9cae7e049ac52115f4ecf83350db546c00745a54af187d7bc2e46"",""pyxel_shooter"":""0f53e4156907eac41080a8f289e22c89365b3239517c754cf59a51af201d5563""}",310de14c4da72ca27b4ecaaddb25d79aa5c4458eed9a0114abfeaf87180829c0
2,36,formal-effectiveness-v1__extra__pyxel_bubbles+pyxel_jump+pyxel_shooter+pyxel_snake__cpu_compute__p100__r03,formal-effectiveness-v1,colocation-extra-test,extra_test,extra_test,"[""pyxel_bubbles"",""pyxel_jump"",""pyxel_shooter"",""pyxel_snake""]",pyxel_bubbles,"[""pyxel_jump"",""pyxel_shooter"",""pyxel_snake""]",pyxel_bubbles+pyxel_jump+pyxel_shooter+pyxel_snake,pyxel_bubbles+pyxel_jump+pyxel_shooter+pyxel_snake__r03,cpu_compute,1,1,3,9007439181799404875,10,30,1,10,windows-rtx4060,0,0,grid_2x2,true,80,a3dff8e23947af7a1f707a1f42d8f93c174f4319793309adacb9ca4b12aff028,0fd49623591e8e13e140a1551085bea01e08e9c3,data/raw/formal-effectiveness-v1/formal-effectiveness-v1__extra__pyxel_bubbles+pyxel_jump+pyxel_shooter+pyxel_snake__cpu_compute__p100__r03,"{""pyxel_bubbles"":""games/pyxel/06_click_game.py"",""pyxel_jump"":""games/pyxel/02_jump_game.py"",""pyxel_shooter"":""games/pyxel/09_shooter.py"",""pyxel_snake"":""games/pyxel/07_snake.py""}","{""pyxel_bubbles"":""54c101e90bdaed839ac4c4284494530d5df37a5819a35f1e41eebb0b3da5d900"",""pyxel_jump"":""4743a825f1c9cae7e049ac52115f4ecf83350db546c00745a54af187d7bc2e46"",""pyxel_shooter"":""0f53e4156907eac41080a8f289e22c89365b3239517c754cf59a51af201d5563"",""pyxel_snake"":""bc533fef92d1d358e570f69d979919fe5c1cd8c4da49841104b49a1e661a5ac3""}",d2729d84b3284ff3999603aa3773e58d81b9f1b615b1dd4261b0ea74dd151e7c
2,37,formal-effectiveness-v1__extra__daylight+mega_wing+pyxel_bubbles+pyxel_snake__cpu_compute__p100__r03,formal-effectiveness-v1,colocation-extra-test,extra_test,extra_test,"[""daylight"",""mega_wing"",""pyxel_bubbles"",""pyxel_snake""]",daylight,"[""mega_wing"",""pyxel_bubbles"",""pyxel_snake""]",daylight+mega_wing+pyxel_bubbles+pyxel_snake,daylight+mega_wing+pyxel_bubbles+pyxel_snake__r03,cpu_compute,1,1,3,8849750027729184624,10,30,1,10,windows-rtx4060,0,0,grid_2x2,true,80,a3dff8e23947af7a1f707a1f42d8f93c174f4319793309adacb9ca4b12aff028,0fd49623591e8e13e140a1551085bea01e08e9c3,data/raw/formal-effectiveness-v1/formal-effectiveness-v1__extra__daylight+mega_wing+pyxel_bubbles+pyxel_snake__cpu_compute__p100__r03,"{""daylight"":""games/pyxel/apps-src/30SecondsOfDaylight/src/main.py"",""mega_wing"":""games/pyxel/apps-src/mega_wing/mega_wing.py"",""pyxel_bubbles"":""games/pyxel/06_click_game.py"",""pyxel_snake"":""games/pyxel/07_snake.py""}","{""daylight"":""21a365375249e9d7ea05e78dcfe040f09cc1f0c66bd410bae084190c743a028f"",""mega_wing"":""86bad6c02a303806c58137503739241dc6b1e86695f7c0dbf672b5e1a1464e9f"",""pyxel_bubbles"":""54c101e90bdaed839ac4c4284494530d5df37a5819a35f1e41eebb0b3da5d900"",""pyxel_snake"":""bc533fef92d1d358e570f69d979919fe5c1cd8c4da49841104b49a1e661a5ac3""}",205663300b7b72321979725b959ace6ef50dc7cf117d8448f6c511276341cc83
2,38,formal-effectiveness-v1__colocation__pyxel_bubbles+pyxel_jump__cpu_compute__p100__r03,formal-effectiveness-v1,colocation-main,train,colocation,"[""pyxel_bubbles"",""pyxel_jump""]",pyxel_bubbles,"[""pyxel_jump""]",pyxel_bubbles+pyxel_jump,pyxel_bubbles+pyxel_jump__r03,cpu_compute,1,1,3,15951009516146925294,10,30,1,10,windows-rtx4060,0,0,grid_2x2,true,80,a3dff8e23947af7a1f707a1f42d8f93c174f4319793309adacb9ca4b12aff028,0fd49623591e8e13e140a1551085bea01e08e9c3,data/raw/formal-effectiveness-v1/formal-effectiveness-v1__colocation__pyxel_bubbles+pyxel_jump__cpu_compute__p100__r03,"{""pyxel_bubbles"":""games/pyxel/06_click_game.py"",""pyxel_jump"":""games/pyxel/02_jump_game.py""}","{""pyxel_bubbles"":""54c101e90bdaed839ac4c4284494530d5df37a5819a35f1e41eebb0b3da5d900"",""pyxel_jump"":""4743a825f1c9cae7e049ac52115f4ecf83350db546c00745a54af187d7bc2e46""}",3d22814257295a5ccb8e97e5ca92fa2852b53a40dd8b662251893f06090833ab
2,39,formal-effectiveness-v1__colocation__pyxel_shooter+pyxel_snake__cpu_compute__p100__r02,formal-effectiveness-v1,colocation-main,train,colocation,"[""pyxel_shooter"",""pyxel_snake""]",pyxel_shooter,"[""pyxel_snake""]",pyxel_shooter+pyxel_snake,pyxel_shooter+pyxel_snake__r02,cpu_compute,1,1,2,10785529920502355013,10,30,1,10,windows-rtx4060,0,0,grid_2x2,true,80,a3dff8e23947af7a1f707a1f42d8f93c174f4319793309adacb9ca4b12aff028,0fd49623591e8e13e140a1551085bea01e08e9c3,data/raw/formal-effectiveness-v1/formal-effectiveness-v1__colocation__pyxel_shooter+pyxel_snake__cpu_compute__p100__r02,"{""pyxel_shooter"":""games/pyxel/09_shooter.py"",""pyxel_snake"":""games/pyxel/07_snake.py""}","{""pyxel_shooter"":""0f53e4156907eac41080a8f289e22c89365b3239517c754cf59a51af201d5563"",""pyxel_snake"":""bc533fef92d1d358e570f69d979919fe5c1cd8c4da49841104b49a1e661a5ac3""}",20415b63993d7bb305e5e6b5a96b4cf48aab3975e006693e85b92b4cd739eb14
2,40,formal-effectiveness-v1__colocation__daylight+space_rescue__cpu_compute__p100__r01,formal-effectiveness-v1,colocation-main,test,colocation,"[""daylight"",""space_rescue""]",daylight,"[""space_rescue""]",daylight+space_rescue,daylight+space_rescue__r01,cpu_compute,1,1,1,17465217366096432256,10,30,1,10,windows-rtx4060,0,0,grid_2x2,true,80,a3dff8e23947af7a1f707a1f42d8f93c174f4319793309adacb9ca4b12aff028,0fd49623591e8e13e140a1551085bea01e08e9c3,data/raw/formal-effectiveness-v1/formal-effectiveness-v1__colocation__daylight+space_rescue__cpu_compute__p100__r01,"{""daylight"":""games/pyxel/apps-src/30SecondsOfDaylight/src/main.py"",""space_rescue"":""games/pyxel/apps-src/space_rescue/space_rescue.py""}","{""daylight"":""21a365375249e9d7ea05e78dcfe040f09cc1f0c66bd410bae084190c743a028f"",""space_rescue"":""f3b0ab6784ae558e64f06a3f0a704e53f107a130aa3d43357659d0850131e461""}",4a25ff5cf13ceb53b2e6be1e36c6d82d877f3ac876fe5c943209cfc8c89f360b
2,41,formal-effectiveness-v1__colocation__mega_wing+pyxel_jump+pyxel_platformer__cpu_compute__p100__r02,formal-effectiveness-v1,colocation-main,train,colocation,"[""mega_wing"",""pyxel_jump"",""pyxel_platformer""]",mega_wing,"[""pyxel_jump"",""pyxel_platformer""]",mega_wing+pyxel_jump+pyxel_platformer,mega_wing+pyxel_jump+pyxel_platformer__r02,cpu_compute,1,1,2,7103667109493370920,10,30,1,10,windows-rtx4060,0,0,grid_2x2,true,80,a3dff8e23947af7a1f707a1f42d8f93c174f4319793309adacb9ca4b12aff028,0fd49623591e8e13e140a1551085bea01e08e9c3,data/raw/formal-effectiveness-v1/formal-effectiveness-v1__colocation__mega_wing+pyxel_jump+pyxel_platformer__cpu_compute__p100__r02,"{""mega_wing"":""games/pyxel/apps-src/mega_wing/mega_wing.py"",""pyxel_jump"":""games/pyxel/02_jump_game.py"",""pyxel_platformer"":""games/pyxel/10_platformer.py""}","{""mega_wing"":""86bad6c02a303806c58137503739241dc6b1e86695f7c0dbf672b5e1a1464e9f"",""pyxel_jump"":""4743a825f1c9cae7e049ac52115f4ecf83350db546c00745a54af187d7bc2e46"",""pyxel_platformer"":""1b2c75b49dc9ab0254fb4b724682a4787868814a38d2f08920720dc5b6007ac5""}",f042b71d53e13dc35aa5cffedb4f4a8ad183d217828bebbc162f221d80f20f33
2,42,formal-effectiveness-v1__colocation__daylight+pyxel_bubbles__cpu_compute__p100__r02,formal-effectiveness-v1,colocation-main,validation,colocation,"[""daylight"",""pyxel_bubbles""]",daylight,"[""pyxel_bubbles""]",daylight+pyxel_bubbles,daylight+pyxel_bubbles__r02,cpu_compute,1,1,2,10777077298818543837,10,30,1,10,windows-rtx4060,0,0,grid_2x2,true,80,a3dff8e23947af7a1f707a1f42d8f93c174f4319793309adacb9ca4b12aff028,0fd49623591e8e13e140a1551085bea01e08e9c3,data/raw/formal-effectiveness-v1/formal-effectiveness-v1__colocation__daylight+pyxel_bubbles__cpu_compute__p100__r02,"{""daylight"":""games/pyxel/apps-src/30SecondsOfDaylight/src/main.py"",""pyxel_bubbles"":""games/pyxel/06_click_game.py""}","{""daylight"":""21a365375249e9d7ea05e78dcfe040f09cc1f0c66bd410bae084190c743a028f"",""pyxel_bubbles"":""54c101e90bdaed839ac4c4284494530d5df37a5819a35f1e41eebb0b3da5d900""}",acd2553a38dfc6debfce0c1eb9c9f41b4200566ab2733592d4f82761ce0d0eae
2,43,formal-effectiveness-v1__colocation__daylight+mega_wing__cpu_compute__p100__r03,formal-effectiveness-v1,colocation-main,test,colocation,"[""daylight"",""mega_wing""]",daylight,"[""mega_wing""]",daylight+mega_wing,daylight+mega_wing__r03,cpu_compute,1,1,3,5803397515155226020,10,30,1,10,windows-rtx4060,0,0,grid_2x2,true,80,a3dff8e23947af7a1f707a1f42d8f93c174f4319793309adacb9ca4b12aff028,0fd49623591e8e13e140a1551085bea01e08e9c3,data/raw/formal-effectiveness-v1/formal-effectiveness-v1__colocation__daylight+mega_wing__cpu_compute__p100__r03,"{""daylight"":""games/pyxel/apps-src/30SecondsOfDaylight/src/main.py"",""mega_wing"":""games/pyxel/apps-src/mega_wing/mega_wing.py""}","{""daylight"":""21a365375249e9d7ea05e78dcfe040f09cc1f0c66bd410bae084190c743a028f"",""mega_wing"":""86bad6c02a303806c58137503739241dc6b1e86695f7c0dbf672b5e1a1464e9f""}",ebcc40c694bdb43e79495726d7de6d96d15d8c87555cf06145fd6ac09815a389
2,44,formal-effectiveness-v1__extra__daylight+pyxel_bubbles+pyxel_jump+pyxel_platformer__cpu_compute__p100__r03,formal-effectiveness-v1,colocation-extra-test,extra_test,extra_test,"[""daylight"",""pyxel_bubbles"",""pyxel_jump"",""pyxel_platformer""]",daylight,"[""pyxel_bubbles"",""pyxel_jump"",""pyxel_platformer""]",daylight+pyxel_bubbles+pyxel_jump+pyxel_platformer,daylight+pyxel_bubbles+pyxel_jump+pyxel_platformer__r03,cpu_compute,1,1,3,11592946096852787606,10,30,1,10,windows-rtx4060,0,0,grid_2x2,true,80,a3dff8e23947af7a1f707a1f42d8f93c174f4319793309adacb9ca4b12aff028,0fd49623591e8e13e140a1551085bea01e08e9c3,data/raw/formal-effectiveness-v1/formal-effectiveness-v1__extra__daylight+pyxel_bubbles+pyxel_jump+pyxel_platformer__cpu_compute__p100__r03,"{""daylight"":""games/pyxel/apps-src/30SecondsOfDaylight/src/main.py"",""pyxel_bubbles"":""games/pyxel/06_click_game.py"",""pyxel_jump"":""games/pyxel/02_jump_game.py"",""pyxel_platformer"":""games/pyxel/10_platformer.py""}","{""daylight"":""21a365375249e9d7ea05e78dcfe040f09cc1f0c66bd410bae084190c743a028f"",""pyxel_bubbles"":""54c101e90bdaed839ac4c4284494530d5df37a5819a35f1e41eebb0b3da5d900"",""pyxel_jump"":""4743a825f1c9cae7e049ac52115f4ecf83350db546c00745a54af187d7bc2e46"",""pyxel_platformer"":""1b2c75b49dc9ab0254fb4b724682a4787868814a38d2f08920720dc5b6007ac5""}",395578506f7bde3e536583ef85544d8291340760ea3204290e1f93ff0c062729
2,45,formal-effectiveness-v1__colocation__pyxel_bubbles+pyxel_shooter__cpu_compute__p100__r02,formal-effectiveness-v1,colocation-main,train,colocation,"[""pyxel_bubbles"",""pyxel_shooter""]",pyxel_bubbles,"[""pyxel_shooter""]",pyxel_bubbles+pyxel_shooter,pyxel_bubbles+pyxel_shooter__r02,cpu_compute,1,1,2,9170896173043008947,10,30,1,10,windows-rtx4060,0,0,grid_2x2,true,80,a3dff8e23947af7a1f707a1f42d8f93c174f4319793309adacb9ca4b12aff028,0fd49623591e8e13e140a1551085bea01e08e9c3,data/raw/formal-effectiveness-v1/formal-effectiveness-v1__colocation__pyxel_bubbles+pyxel_shooter__cpu_compute__p100__r02,"{""pyxel_bubbles"":""games/pyxel/06_click_game.py"",""pyxel_shooter"":""games/pyxel/09_shooter.py""}","{""pyxel_bubbles"":""54c101e90bdaed839ac4c4284494530d5df37a5819a35f1e41eebb0b3da5d900"",""pyxel_shooter"":""0f53e4156907eac41080a8f289e22c89365b3239517c754cf59a51af201d5563""}",87e5063561ad361a8ff78735af631004d714cd3a775ec2f5145eb1a5fa571c45
2,46,formal-effectiveness-v1__colocation__pyxel_bubbles+pyxel_jump+pyxel_platformer__cpu_compute__p100__r02,formal-effectiveness-v1,colocation-main,train,colocation,"[""pyxel_bubbles"",""pyxel_jump"",""pyxel_platformer""]",pyxel_bubbles,"[""pyxel_jump"",""pyxel_platformer""]",pyxel_bubbles+pyxel_jump+pyxel_platformer,pyxel_bubbles+pyxel_jump+pyxel_platformer__r02,cpu_compute,1,1,2,13936887509654102309,10,30,1,10,windows-rtx4060,0,0,grid_2x2,true,80,a3dff8e23947af7a1f707a1f42d8f93c174f4319793309adacb9ca4b12aff028,0fd49623591e8e13e140a1551085bea01e08e9c3,data/raw/formal-effectiveness-v1/formal-effectiveness-v1__colocation__pyxel_bubbles+pyxel_jump+pyxel_platformer__cpu_compute__p100__r02,"{""pyxel_bubbles"":""games/pyxel/06_click_game.py"",""pyxel_jump"":""games/pyxel/02_jump_game.py"",""pyxel_platformer"":""games/pyxel/10_platformer.py""}","{""pyxel_bubbles"":""54c101e90bdaed839ac4c4284494530d5df37a5819a35f1e41eebb0b3da5d900"",""pyxel_jump"":""4743a825f1c9cae7e049ac52115f4ecf83350db546c00745a54af187d7bc2e46"",""pyxel_platformer"":""1b2c75b49dc9ab0254fb4b724682a4787868814a38d2f08920720dc5b6007ac5""}",85dea8a791cc2140ecab68dbb072d8378bd2d23c11b0cb97d36cabc20f322cdd
2,47,formal-effectiveness-v1__colocation__mega_wing+pyxel_snake__cpu_compute__p100__r03,formal-effectiveness-v1,colocation-main,train,colocation,"[""mega_wing"",""pyxel_snake""]",mega_wing,"[""pyxel_snake""]",mega_wing+pyxel_snake,mega_wing+pyxel_snake__r03,cpu_compute,1,1,3,16135326234349536714,10,30,1,10,windows-rtx4060,0,0,grid_2x2,true,80,a3dff8e23947af7a1f707a1f42d8f93c174f4319793309adacb9ca4b12aff028,0fd49623591e8e13e140a1551085bea01e08e9c3,data/raw/formal-effectiveness-v1/formal-effectiveness-v1__colocation__mega_wing+pyxel_snake__cpu_compute__p100__r03,"{""mega_wing"":""games/pyxel/apps-src/mega_wing/mega_wing.py"",""pyxel_snake"":""games/pyxel/07_snake.py""}","{""mega_wing"":""86bad6c02a303806c58137503739241dc6b1e86695f7c0dbf672b5e1a1464e9f"",""pyxel_snake"":""bc533fef92d1d358e570f69d979919fe5c1cd8c4da49841104b49a1e661a5ac3""}",3565a42076570ca09323d0a8afe8c7685fede94cec8e5cc015589d065951a595
2,48,formal-effectiveness-v1__colocation__pyxel_bubbles+pyxel_jump__cpu_compute__p100__r01,formal-effectiveness-v1,colocation-main,train,colocation,"[""pyxel_bubbles"",""pyxel_jump""]",pyxel_bubbles,"[""pyxel_jump""]",pyxel_bubbles+pyxel_jump,pyxel_bubbles+pyxel_jump__r01,cpu_compute,1,1,1,15330020178810135891,10,30,1,10,windows-rtx4060,0,0,grid_2x2,true,80,a3dff8e23947af7a1f707a1f42d8f93c174f4319793309adacb9ca4b12aff028,0fd49623591e8e13e140a1551085bea01e08e9c3,data/raw/formal-effectiveness-v1/formal-effectiveness-v1__colocation__pyxel_bubbles+pyxel_jump__cpu_compute__p100__r01,"{""pyxel_bubbles"":""games/pyxel/06_click_game.py"",""pyxel_jump"":""games/pyxel/02_jump_game.py""}","{""pyxel_bubbles"":""54c101e90bdaed839ac4c4284494530d5df37a5819a35f1e41eebb0b3da5d900"",""pyxel_jump"":""4743a825f1c9cae7e049ac52115f4ecf83350db546c00745a54af187d7bc2e46""}",019cb7e966ec62d40d534295c66890bba0c0c9467131762eede4d5ac19bf3587
2,49,formal-effectiveness-v1__colocation__mega_wing+pyxel_jump__cpu_compute__p100__r02,formal-effectiveness-v1,colocation-main,test,colocation,"[""mega_wing"",""pyxel_jump""]",mega_wing,"[""pyxel_jump""]",mega_wing+pyxel_jump,mega_wing+pyxel_jump__r02,cpu_compute,1,1,2,7124216624875434605,10,30,1,10,windows-rtx4060,0,0,grid_2x2,true,80,a3dff8e23947af7a1f707a1f42d8f93c174f4319793309adacb9ca4b12aff028,0fd49623591e8e13e140a1551085bea01e08e9c3,data/raw/formal-effectiveness-v1/formal-effectiveness-v1__colocation__mega_wing+pyxel_jump__cpu_compute__p100__r02,"{""mega_wing"":""games/pyxel/apps-src/mega_wing/mega_wing.py"",""pyxel_jump"":""games/pyxel/02_jump_game.py""}","{""mega_wing"":""86bad6c02a303806c58137503739241dc6b1e86695f7c0dbf672b5e1a1464e9f"",""pyxel_jump"":""4743a825f1c9cae7e049ac52115f4ecf83350db546c00745a54af187d7bc2e46""}",3fe72c05a1ec43165bdb894c928e1b2b3a64509cc45ed61f8d1b26944a8fdb3e
2,50,formal-effectiveness-v1__extra__daylight+pyxel_platformer+pyxel_shooter+pyxel_snake__cpu_compute__p100__r02,formal-effectiveness-v1,colocation-extra-test,extra_test,extra_test,"[""daylight"",""pyxel_platformer"",""pyxel_shooter"",""pyxel_snake""]",daylight,"[""pyxel_platformer"",""pyxel_shooter"",""pyxel_snake""]",daylight+pyxel_platformer+pyxel_shooter+pyxel_snake,daylight+pyxel_platformer+pyxel_shooter+pyxel_snake__r02,cpu_compute,1,1,2,3906944403983349564,10,30,1,10,windows-rtx4060,0,0,grid_2x2,true,80,a3dff8e23947af7a1f707a1f42d8f93c174f4319793309adacb9ca4b12aff028,0fd49623591e8e13e140a1551085bea01e08e9c3,data/raw/formal-effectiveness-v1/formal-effectiveness-v1__extra__daylight+pyxel_platformer+pyxel_shooter+pyxel_snake__cpu_compute__p100__r02,"{""daylight"":""games/pyxel/apps-src/30SecondsOfDaylight/src/main.py"",""pyxel_platformer"":""games/pyxel/10_platformer.py"",""pyxel_shooter"":""games/pyxel/09_shooter.py"",""pyxel_snake"":""games/pyxel/07_snake.py""}","{""daylight"":""21a365375249e9d7ea05e78dcfe040f09cc1f0c66bd410bae084190c743a028f"",""pyxel_platformer"":""1b2c75b49dc9ab0254fb4b724682a4787868814a38d2f08920720dc5b6007ac5"",""pyxel_shooter"":""0f53e4156907eac41080a8f289e22c89365b3239517c754cf59a51af201d5563"",""pyxel_snake"":""bc533fef92d1d358e570f69d979919fe5c1cd8c4da49841104b49a1e661a5ac3""}",2ffcf798435b953a3c12789301d2a345da96094853f0492389efa38552d39eeb
2,51,formal-effectiveness-v1__colocation__mega_wing+pyxel_platformer+space_rescue__cpu_compute__p100__r01,formal-effectiveness-v1,colocation-main,train,colocation,"[""mega_wing"",""pyxel_platformer"",""space_rescue""]",mega_wing,"[""pyxel_platformer"",""space_rescue""]",mega_wing+pyxel_platformer+space_rescue,mega_wing+pyxel_platformer+space_rescue__r01,cpu_compute,1,1,1,14177532899396249871,10,30,1,10,windows-rtx4060,0,0,grid_2x2,true,80,a3dff8e23947af7a1f707a1f42d8f93c174f4319793309adacb9ca4b12aff028,0fd49623591e8e13e140a1551085bea01e08e9c3,data/raw/formal-effectiveness-v1/formal-effectiveness-v1__colocation__mega_wing+pyxel_platformer+space_rescue__cpu_compute__p100__r01,"{""mega_wing"":""games/pyxel/apps-src/mega_wing/mega_wing.py"",""pyxel_platformer"":""games/pyxel/10_platformer.py"",""space_rescue"":""games/pyxel/apps-src/space_rescue/space_rescue.py""}","{""mega_wing"":""86bad6c02a303806c58137503739241dc6b1e86695f7c0dbf672b5e1a1464e9f"",""pyxel_platformer"":""1b2c75b49dc9ab0254fb4b724682a4787868814a38d2f08920720dc5b6007ac5"",""space_rescue"":""f3b0ab6784ae558e64f06a3f0a704e53f107a130aa3d43357659d0850131e461""}",2be5d8323ca684cbd7a7ed4ba94b474aede9068b5c17da36a195633632aecb77
2,52,formal-effectiveness-v1__colocation__pyxel_bubbles+pyxel_jump__cpu_compute__p100__r02,formal-effectiveness-v1,colocation-main,train,colocation,"[""pyxel_bubbles"",""pyxel_jump""]",pyxel_bubbles,"[""pyxel_jump""]",pyxel_bubbles+pyxel_jump,pyxel_bubbles+pyxel_jump__r02,cpu_compute,1,1,2,4855025473587185934,10,30,1,10,windows-rtx4060,0,0,grid_2x2,true,80,a3dff8e23947af7a1f707a1f42d8f93c174f4319793309adacb9ca4b12aff028,0fd49623591e8e13e140a1551085bea01e08e9c3,data/raw/formal-effectiveness-v1/formal-effectiveness-v1__colocation__pyxel_bubbles+pyxel_jump__cpu_compute__p100__r02,"{""pyxel_bubbles"":""games/pyxel/06_click_game.py"",""pyxel_jump"":""games/pyxel/02_jump_game.py""}","{""pyxel_bubbles"":""54c101e90bdaed839ac4c4284494530d5df37a5819a35f1e41eebb0b3da5d900"",""pyxel_jump"":""4743a825f1c9cae7e049ac52115f4ecf83350db546c00745a54af187d7bc2e46""}",2859b5c0df6fe0a891c4bd833701aee20ea0ead93ecb08846f3f78ceff9cdc4e
2,53,formal-effectiveness-v1__colocation__pyxel_shooter+pyxel_snake__cpu_compute__p100__r03,formal-effectiveness-v1,colocation-main,train,colocation,"[""pyxel_shooter"",""pyxel_snake""]",pyxel_shooter,"[""pyxel_snake""]",pyxel_shooter+pyxel_snake,pyxel_shooter+pyxel_snake__r03,cpu_compute,1,1,3,5833663211782969573,10,30,1,10,windows-rtx4060,0,0,grid_2x2,true,80,a3dff8e23947af7a1f707a1f42d8f93c174f4319793309adacb9ca4b12aff028,0fd49623591e8e13e140a1551085bea01e08e9c3,data/raw/formal-effectiveness-v1/formal-effectiveness-v1__colocation__pyxel_shooter+pyxel_snake__cpu_compute__p100__r03,"{""pyxel_shooter"":""games/pyxel/09_shooter.py"",""pyxel_snake"":""games/pyxel/07_snake.py""}","{""pyxel_shooter"":""0f53e4156907eac41080a8f289e22c89365b3239517c754cf59a51af201d5563"",""pyxel_snake"":""bc533fef92d1d358e570f69d979919fe5c1cd8c4da49841104b49a1e661a5ac3""}",15730dfe23036b43af8dfaed4502b226132a562c321dae0cd1be8f0f1788ed87
2,54,formal-effectiveness-v1__colocation__mega_wing+pyxel_bubbles+pyxel_shooter__cpu_compute__p100__r02,formal-effectiveness-v1,colocation-main,train,colocation,"[""mega_wing"",""pyxel_bubbles"",""pyxel_shooter""]",mega_wing,"[""pyxel_bubbles"",""pyxel_shooter""]",mega_wing+pyxel_bubbles+pyxel_shooter,mega_wing+pyxel_bubbles+pyxel_shooter__r02,cpu_compute,1,1,2,17145521271227757646,10,30,1,10,windows-rtx4060,0,0,grid_2x2,true,80,a3dff8e23947af7a1f707a1f42d8f93c174f4319793309adacb9ca4b12aff028,0fd49623591e8e13e140a1551085bea01e08e9c3,data/raw/formal-effectiveness-v1/formal-effectiveness-v1__colocation__mega_wing+pyxel_bubbles+pyxel_shooter__cpu_compute__p100__r02,"{""mega_wing"":""games/pyxel/apps-src/mega_wing/mega_wing.py"",""pyxel_bubbles"":""games/pyxel/06_click_game.py"",""pyxel_shooter"":""games/pyxel/09_shooter.py""}","{""mega_wing"":""86bad6c02a303806c58137503739241dc6b1e86695f7c0dbf672b5e1a1464e9f"",""pyxel_bubbles"":""54c101e90bdaed839ac4c4284494530d5df37a5819a35f1e41eebb0b3da5d900"",""pyxel_shooter"":""0f53e4156907eac41080a8f289e22c89365b3239517c754cf59a51af201d5563""}",03add57c00c5e5762cc15d8b207a9e6bbb1aac15a4baea82a818ea5800d254c9
2,55,formal-effectiveness-v1__colocation__mega_wing+pyxel_platformer+space_rescue__cpu_compute__p100__r03,formal-effectiveness-v1,colocation-main,train,colocation,"[""mega_wing"",""pyxel_platformer"",""space_rescue""]",mega_wing,"[""pyxel_platformer"",""space_rescue""]",mega_wing+pyxel_platformer+space_rescue,mega_wing+pyxel_platformer+space_rescue__r03,cpu_compute,1,1,3,7256825349866931314,10,30,1,10,windows-rtx4060,0,0,grid_2x2,true,80,a3dff8e23947af7a1f707a1f42d8f93c174f4319793309adacb9ca4b12aff028,0fd49623591e8e13e140a1551085bea01e08e9c3,data/raw/formal-effectiveness-v1/formal-effectiveness-v1__colocation__mega_wing+pyxel_platformer+space_rescue__cpu_compute__p100__r03,"{""mega_wing"":""games/pyxel/apps-src/mega_wing/mega_wing.py"",""pyxel_platformer"":""games/pyxel/10_platformer.py"",""space_rescue"":""games/pyxel/apps-src/space_rescue/space_rescue.py""}","{""mega_wing"":""86bad6c02a303806c58137503739241dc6b1e86695f7c0dbf672b5e1a1464e9f"",""pyxel_platformer"":""1b2c75b49dc9ab0254fb4b724682a4787868814a38d2f08920720dc5b6007ac5"",""space_rescue"":""f3b0ab6784ae558e64f06a3f0a704e53f107a130aa3d43357659d0850131e461""}",18bda42dc4a8684ebfbe311dd98f2db9911f087b2675fbfbd52806029812dd94
2,56,formal-effectiveness-v1__colocation__daylight+mega_wing+pyxel_snake__cpu_compute__p100__r01,formal-effectiveness-v1,colocation-main,train,colocation,"[""daylight"",""mega_wing"",""pyxel_snake""]",daylight,"[""mega_wing"",""pyxel_snake""]",daylight+mega_wing+pyxel_snake,daylight+mega_wing+pyxel_snake__r01,cpu_compute,1,1,1,3683215363547589313,10,30,1,10,windows-rtx4060,0,0,grid_2x2,true,80,a3dff8e23947af7a1f707a1f42d8f93c174f4319793309adacb9ca4b12aff028,0fd49623591e8e13e140a1551085bea01e08e9c3,data/raw/formal-effectiveness-v1/formal-effectiveness-v1__colocation__daylight+mega_wing+pyxel_snake__cpu_compute__p100__r01,"{""daylight"":""games/pyxel/apps-src/30SecondsOfDaylight/src/main.py"",""mega_wing"":""games/pyxel/apps-src/mega_wing/mega_wing.py"",""pyxel_snake"":""games/pyxel/07_snake.py""}","{""daylight"":""21a365375249e9d7ea05e78dcfe040f09cc1f0c66bd410bae084190c743a028f"",""mega_wing"":""86bad6c02a303806c58137503739241dc6b1e86695f7c0dbf672b5e1a1464e9f"",""pyxel_snake"":""bc533fef92d1d358e570f69d979919fe5c1cd8c4da49841104b49a1e661a5ac3""}",3ad71eeb3ab8d56aeebceee60620021ee8d4e640f61f0bf6f812548b37a979de
2,57,formal-effectiveness-v1__colocation__mega_wing+pyxel_bubbles+pyxel_shooter__cpu_compute__p100__r03,formal-effectiveness-v1,colocation-main,train,colocation,"[""mega_wing"",""pyxel_bubbles"",""pyxel_shooter""]",mega_wing,"[""pyxel_bubbles"",""pyxel_shooter""]",mega_wing+pyxel_bubbles+pyxel_shooter,mega_wing+pyxel_bubbles+pyxel_shooter__r03,cpu_compute,1,1,3,1046086840173876320,10,30,1,10,windows-rtx4060,0,0,grid_2x2,true,80,a3dff8e23947af7a1f707a1f42d8f93c174f4319793309adacb9ca4b12aff028,0fd49623591e8e13e140a1551085bea01e08e9c3,data/raw/formal-effectiveness-v1/formal-effectiveness-v1__colocation__mega_wing+pyxel_bubbles+pyxel_shooter__cpu_compute__p100__r03,"{""mega_wing"":""games/pyxel/apps-src/mega_wing/mega_wing.py"",""pyxel_bubbles"":""games/pyxel/06_click_game.py"",""pyxel_shooter"":""games/pyxel/09_shooter.py""}","{""mega_wing"":""86bad6c02a303806c58137503739241dc6b1e86695f7c0dbf672b5e1a1464e9f"",""pyxel_bubbles"":""54c101e90bdaed839ac4c4284494530d5df37a5819a35f1e41eebb0b3da5d900"",""pyxel_shooter"":""0f53e4156907eac41080a8f289e22c89365b3239517c754cf59a51af201d5563""}",dd1106becc07f52496b68db97a0aa2d6711af5b16905a775d41a5ad50c93cfa0
2,58,formal-effectiveness-v1__colocation__daylight+space_rescue__cpu_compute__p100__r03,formal-effectiveness-v1,colocation-main,test,colocation,"[""daylight"",""space_rescue""]",daylight,"[""space_rescue""]",daylight+space_rescue,daylight+space_rescue__r03,cpu_compute,1,1,3,6596288018360110466,10,30,1,10,windows-rtx4060,0,0,grid_2x2,true,80,a3dff8e23947af7a1f707a1f42d8f93c174f4319793309adacb9ca4b12aff028,0fd49623591e8e13e140a1551085bea01e08e9c3,data/raw/formal-effectiveness-v1/formal-effectiveness-v1__colocation__daylight+space_rescue__cpu_compute__p100__r03,"{""daylight"":""games/pyxel/apps-src/30SecondsOfDaylight/src/main.py"",""space_rescue"":""games/pyxel/apps-src/space_rescue/space_rescue.py""}","{""daylight"":""21a365375249e9d7ea05e78dcfe040f09cc1f0c66bd410bae084190c743a028f"",""space_rescue"":""f3b0ab6784ae558e64f06a3f0a704e53f107a130aa3d43357659d0850131e461""}",a587f1531e557dc66ac09c205ad2ceea6df1841a78bd916eb8d4d11a42ebe8ac
2,59,formal-effectiveness-v1__colocation__pyxel_jump+space_rescue__cpu_compute__p100__r01,formal-effectiveness-v1,colocation-main,train,colocation,"[""pyxel_jump"",""space_rescue""]",pyxel_jump,"[""space_rescue""]",pyxel_jump+space_rescue,pyxel_jump+space_rescue__r01,cpu_compute,1,1,1,6392386723247648102,10,30,1,10,windows-rtx4060,0,0,grid_2x2,true,80,a3dff8e23947af7a1f707a1f42d8f93c174f4319793309adacb9ca4b12aff028,0fd49623591e8e13e140a1551085bea01e08e9c3,data/raw/formal-effectiveness-v1/formal-effectiveness-v1__colocation__pyxel_jump+space_rescue__cpu_compute__p100__r01,"{""pyxel_jump"":""games/pyxel/02_jump_game.py"",""space_rescue"":""games/pyxel/apps-src/space_rescue/space_rescue.py""}","{""pyxel_jump"":""4743a825f1c9cae7e049ac52115f4ecf83350db546c00745a54af187d7bc2e46"",""space_rescue"":""f3b0ab6784ae558e64f06a3f0a704e53f107a130aa3d43357659d0850131e461""}",f5b7c23fac455b4130c4975ae58ac42406601fe828462d3575fc3ca582c417c9
2,60,formal-effectiveness-v1__colocation__pyxel_jump+space_rescue__cpu_compute__p100__r03,formal-effectiveness-v1,colocation-main,train,colocation,"[""pyxel_jump"",""space_rescue""]",pyxel_jump,"[""space_rescue""]",pyxel_jump+space_rescue,pyxel_jump+space_rescue__r03,cpu_compute,1,1,3,15646512563815329766,10,30,1,10,windows-rtx4060,0,0,grid_2x2,true,80,a3dff8e23947af7a1f707a1f42d8f93c174f4319793309adacb9ca4b12aff028,0fd49623591e8e13e140a1551085bea01e08e9c3,data/raw/formal-effectiveness-v1/formal-effectiveness-v1__colocation__pyxel_jump+space_rescue__cpu_compute__p100__r03,"{""pyxel_jump"":""games/pyxel/02_jump_game.py"",""space_rescue"":""games/pyxel/apps-src/space_rescue/space_rescue.py""}","{""pyxel_jump"":""4743a825f1c9cae7e049ac52115f4ecf83350db546c00745a54af187d7bc2e46"",""space_rescue"":""f3b0ab6784ae558e64f06a3f0a704e53f107a130aa3d43357659d0850131e461""}",f588b2cd2363629225e2f3ccff32b14d64eac77febf7b77e4b7fb513af75cba0
2,61,formal-effectiveness-v1__colocation__pyxel_bubbles+space_rescue__cpu_compute__p100__r01,formal-effectiveness-v1,colocation-main,train,colocation,"[""pyxel_bubbles"",""space_rescue""]",pyxel_bubbles,"[""space_rescue""]",pyxel_bubbles+space_rescue,pyxel_bubbles+space_rescue__r01,cpu_compute,1,1,1,16246424883467677436,10,30,1,10,windows-rtx4060,0,0,grid_2x2,true,80,a3dff8e23947af7a1f707a1f42d8f93c174f4319793309adacb9ca4b12aff028,0fd49623591e8e13e140a1551085bea01e08e9c3,data/raw/formal-effectiveness-v1/formal-effectiveness-v1__colocation__pyxel_bubbles+space_rescue__cpu_compute__p100__r01,"{""pyxel_bubbles"":""games/pyxel/06_click_game.py"",""space_rescue"":""games/pyxel/apps-src/space_rescue/space_rescue.py""}","{""pyxel_bubbles"":""54c101e90bdaed839ac4c4284494530d5df37a5819a35f1e41eebb0b3da5d900"",""space_rescue"":""f3b0ab6784ae558e64f06a3f0a704e53f107a130aa3d43357659d0850131e461""}",8f5bb022b7de0f0169be9b18aa612c5c3dcaad5d6bc93eed241670ba3fd2a2be
2,62,formal-effectiveness-v1__colocation__pyxel_bubbles+pyxel_jump+pyxel_snake__cpu_compute__p100__r01,formal-effectiveness-v1,colocation-main,train,colocation,"[""pyxel_bubbles"",""pyxel_jump"",""pyxel_snake""]",pyxel_bubbles,"[""pyxel_jump"",""pyxel_snake""]",pyxel_bubbles+pyxel_jump+pyxel_snake,pyxel_bubbles+pyxel_jump+pyxel_snake__r01,cpu_compute,1,1,1,10652256037132298761,10,30,1,10,windows-rtx4060,0,0,grid_2x2,true,80,a3dff8e23947af7a1f707a1f42d8f93c174f4319793309adacb9ca4b12aff028,0fd49623591e8e13e140a1551085bea01e08e9c3,data/raw/formal-effectiveness-v1/formal-effectiveness-v1__colocation__pyxel_bubbles+pyxel_jump+pyxel_snake__cpu_compute__p100__r01,"{""pyxel_bubbles"":""games/pyxel/06_click_game.py"",""pyxel_jump"":""games/pyxel/02_jump_game.py"",""pyxel_snake"":""games/pyxel/07_snake.py""}","{""pyxel_bubbles"":""54c101e90bdaed839ac4c4284494530d5df37a5819a35f1e41eebb0b3da5d900"",""pyxel_jump"":""4743a825f1c9cae7e049ac52115f4ecf83350db546c00745a54af187d7bc2e46"",""pyxel_snake"":""bc533fef92d1d358e570f69d979919fe5c1cd8c4da49841104b49a1e661a5ac3""}",920abed39b58b025bd4c10dde7feb79cdb455f327da1e31167c98a9cc078effc
2,63,formal-effectiveness-v1__colocation__pyxel_bubbles+pyxel_snake__cpu_compute__p100__r02,formal-effectiveness-v1,colocation-main,test,colocation,"[""pyxel_bubbles"",""pyxel_snake""]",pyxel_bubbles,"[""pyxel_snake""]",pyxel_bubbles+pyxel_snake,pyxel_bubbles+pyxel_snake__r02,cpu_compute,1,1,2,16014323964850878645,10,30,1,10,windows-rtx4060,0,0,grid_2x2,true,80,a3dff8e23947af7a1f707a1f42d8f93c174f4319793309adacb9ca4b12aff028,0fd49623591e8e13e140a1551085bea01e08e9c3,data/raw/formal-effectiveness-v1/formal-effectiveness-v1__colocation__pyxel_bubbles+pyxel_snake__cpu_compute__p100__r02,"{""pyxel_bubbles"":""games/pyxel/06_click_game.py"",""pyxel_snake"":""games/pyxel/07_snake.py""}","{""pyxel_bubbles"":""54c101e90bdaed839ac4c4284494530d5df37a5819a35f1e41eebb0b3da5d900"",""pyxel_snake"":""bc533fef92d1d358e570f69d979919fe5c1cd8c4da49841104b49a1e661a5ac3""}",34e1fab2536ecd0a2aeca50aeaf67345bcc513c97cdaa27be8d29faaff4263b9
2,64,formal-effectiveness-v1__colocation__daylight+pyxel_shooter+pyxel_snake__cpu_compute__p100__r02,formal-effectiveness-v1,colocation-main,train,colocation,"[""daylight"",""pyxel_shooter"",""pyxel_snake""]",daylight,"[""pyxel_shooter"",""pyxel_snake""]",daylight+pyxel_shooter+pyxel_snake,daylight+pyxel_shooter+pyxel_snake__r02,cpu_compute,1,1,2,16060450979115828123,10,30,1,10,windows-rtx4060,0,0,grid_2x2,true,80,a3dff8e23947af7a1f707a1f42d8f93c174f4319793309adacb9ca4b12aff028,0fd49623591e8e13e140a1551085bea01e08e9c3,data/raw/formal-effectiveness-v1/formal-effectiveness-v1__colocation__daylight+pyxel_shooter+pyxel_snake__cpu_compute__p100__r02,"{""daylight"":""games/pyxel/apps-src/30SecondsOfDaylight/src/main.py"",""pyxel_shooter"":""games/pyxel/09_shooter.py"",""pyxel_snake"":""games/pyxel/07_snake.py""}","{""daylight"":""21a365375249e9d7ea05e78dcfe040f09cc1f0c66bd410bae084190c743a028f"",""pyxel_shooter"":""0f53e4156907eac41080a8f289e22c89365b3239517c754cf59a51af201d5563"",""pyxel_snake"":""bc533fef92d1d358e570f69d979919fe5c1cd8c4da49841104b49a1e661a5ac3""}",d1abbd0c58aa7a98dcca56da8dd0d0a917b6023c619bc59283a3354c81ea0dc6
2,65,formal-effectiveness-v1__colocation__pyxel_bubbles+pyxel_snake__cpu_compute__p100__r01,formal-effectiveness-v1,colocation-main,test,colocation,"[""pyxel_bubbles"",""pyxel_snake""]",pyxel_bubbles,"[""pyxel_snake""]",pyxel_bubbles+pyxel_snake,pyxel_bubbles+pyxel_snake__r01,cpu_compute,1,1,1,4272144397152138260,10,30,1,10,windows-rtx4060,0,0,grid_2x2,true,80,a3dff8e23947af7a1f707a1f42d8f93c174f4319793309adacb9ca4b12aff028,0fd49623591e8e13e140a1551085bea01e08e9c3,data/raw/formal-effectiveness-v1/formal-effectiveness-v1__colocation__pyxel_bubbles+pyxel_snake__cpu_compute__p100__r01,"{""pyxel_bubbles"":""games/pyxel/06_click_game.py"",""pyxel_snake"":""games/pyxel/07_snake.py""}","{""pyxel_bubbles"":""54c101e90bdaed839ac4c4284494530d5df37a5819a35f1e41eebb0b3da5d900"",""pyxel_snake"":""bc533fef92d1d358e570f69d979919fe5c1cd8c4da49841104b49a1e661a5ac3""}",9fed9035d185537034bf2f89e9de37f0673f758afb6a97632f080ed6fc21c4cc
2,66,formal-effectiveness-v1__extra__daylight+pyxel_platformer+pyxel_shooter+pyxel_snake__cpu_compute__p100__r01,formal-effectiveness-v1,colocation-extra-test,extra_test,extra_test,"[""daylight"",""pyxel_platformer"",""pyxel_shooter"",""pyxel_snake""]",daylight,"[""pyxel_platformer"",""pyxel_shooter"",""pyxel_snake""]",daylight+pyxel_platformer+pyxel_shooter+pyxel_snake,daylight+pyxel_platformer+pyxel_shooter+pyxel_snake__r01,cpu_compute,1,1,1,16076299598703602005,10,30,1,10,windows-rtx4060,0,0,grid_2x2,true,80,a3dff8e23947af7a1f707a1f42d8f93c174f4319793309adacb9ca4b12aff028,0fd49623591e8e13e140a1551085bea01e08e9c3,data/raw/formal-effectiveness-v1/formal-effectiveness-v1__extra__daylight+pyxel_platformer+pyxel_shooter+pyxel_snake__cpu_compute__p100__r01,"{""daylight"":""games/pyxel/apps-src/30SecondsOfDaylight/src/main.py"",""pyxel_platformer"":""games/pyxel/10_platformer.py"",""pyxel_shooter"":""games/pyxel/09_shooter.py"",""pyxel_snake"":""games/pyxel/07_snake.py""}","{""daylight"":""21a365375249e9d7ea05e78dcfe040f09cc1f0c66bd410bae084190c743a028f"",""pyxel_platformer"":""1b2c75b49dc9ab0254fb4b724682a4787868814a38d2f08920720dc5b6007ac5"",""pyxel_shooter"":""0f53e4156907eac41080a8f289e22c89365b3239517c754cf59a51af201d5563"",""pyxel_snake"":""bc533fef92d1d358e570f69d979919fe5c1cd8c4da49841104b49a1e661a5ac3""}",418da7212c991a2eb821a50fcfe0b93660303b907f9c2b286e8a6bcbaac26a9c
2,67,formal-effectiveness-v1__colocation__daylight+pyxel_bubbles+pyxel_platformer__cpu_compute__p100__r01,formal-effectiveness-v1,colocation-main,test,colocation,"[""daylight"",""pyxel_bubbles"",""pyxel_platformer""]",daylight,"[""pyxel_bubbles"",""pyxel_platformer""]",daylight+pyxel_bubbles+pyxel_platformer,daylight+pyxel_bubbles+pyxel_platformer__r01,cpu_compute,1,1,1,12478490643540389889,10,30,1,10,windows-rtx4060,0,0,grid_2x2,true,80,a3dff8e23947af7a1f707a1f42d8f93c174f4319793309adacb9ca4b12aff028,0fd49623591e8e13e140a1551085bea01e08e9c3,data/raw/formal-effectiveness-v1/formal-effectiveness-v1__colocation__daylight+pyxel_bubbles+pyxel_platformer__cpu_compute__p100__r01,"{""daylight"":""games/pyxel/apps-src/30SecondsOfDaylight/src/main.py"",""pyxel_bubbles"":""games/pyxel/06_click_game.py"",""pyxel_platformer"":""games/pyxel/10_platformer.py""}","{""daylight"":""21a365375249e9d7ea05e78dcfe040f09cc1f0c66bd410bae084190c743a028f"",""pyxel_bubbles"":""54c101e90bdaed839ac4c4284494530d5df37a5819a35f1e41eebb0b3da5d900"",""pyxel_platformer"":""1b2c75b49dc9ab0254fb4b724682a4787868814a38d2f08920720dc5b6007ac5""}",8876e908be4d14a36671b9081cc66ec119f5b5606ebb1e68bcedff88878f9705
2,68,formal-effectiveness-v1__colocation__daylight+pyxel_shooter__cpu_compute__p100__r02,formal-effectiveness-v1,colocation-main,test,colocation,"[""daylight"",""pyxel_shooter""]",daylight,"[""pyxel_shooter""]",daylight+pyxel_shooter,daylight+pyxel_shooter__r02,cpu_compute,1,1,2,6307768475063823143,10,30,1,10,windows-rtx4060,0,0,grid_2x2,true,80,a3dff8e23947af7a1f707a1f42d8f93c174f4319793309adacb9ca4b12aff028,0fd49623591e8e13e140a1551085bea01e08e9c3,data/raw/formal-effectiveness-v1/formal-effectiveness-v1__colocation__daylight+pyxel_shooter__cpu_compute__p100__r02,"{""daylight"":""games/pyxel/apps-src/30SecondsOfDaylight/src/main.py"",""pyxel_shooter"":""games/pyxel/09_shooter.py""}","{""daylight"":""21a365375249e9d7ea05e78dcfe040f09cc1f0c66bd410bae084190c743a028f"",""pyxel_shooter"":""0f53e4156907eac41080a8f289e22c89365b3239517c754cf59a51af201d5563""}",ccbff243b8ee589270ef6efd29bcf6dae59bf1295b948bb126b55a94ffb7e6de
2,69,formal-effectiveness-v1__colocation__pyxel_jump+pyxel_shooter+pyxel_snake__cpu_compute__p100__r01,formal-effectiveness-v1,colocation-main,train,colocation,"[""pyxel_jump"",""pyxel_shooter"",""pyxel_snake""]",pyxel_jump,"[""pyxel_shooter"",""pyxel_snake""]",pyxel_jump+pyxel_shooter+pyxel_snake,pyxel_jump+pyxel_shooter+pyxel_snake__r01,cpu_compute,1,1,1,13404442039301235090,10,30,1,10,windows-rtx4060,0,0,grid_2x2,true,80,a3dff8e23947af7a1f707a1f42d8f93c174f4319793309adacb9ca4b12aff028,0fd49623591e8e13e140a1551085bea01e08e9c3,data/raw/formal-effectiveness-v1/formal-effectiveness-v1__colocation__pyxel_jump+pyxel_shooter+pyxel_snake__cpu_compute__p100__r01,"{""pyxel_jump"":""games/pyxel/02_jump_game.py"",""pyxel_shooter"":""games/pyxel/09_shooter.py"",""pyxel_snake"":""games/pyxel/07_snake.py""}","{""pyxel_jump"":""4743a825f1c9cae7e049ac52115f4ecf83350db546c00745a54af187d7bc2e46"",""pyxel_shooter"":""0f53e4156907eac41080a8f289e22c89365b3239517c754cf59a51af201d5563"",""pyxel_snake"":""bc533fef92d1d358e570f69d979919fe5c1cd8c4da49841104b49a1e661a5ac3""}",005b83e56ce12399098caf01c2c626618705425c54c679fff3096a9cbea4789c
2,70,formal-effectiveness-v1__colocation__mega_wing+pyxel_snake+space_rescue__cpu_compute__p100__r02,formal-effectiveness-v1,colocation-main,train,colocation,"[""mega_wing"",""pyxel_snake"",""space_rescue""]",mega_wing,"[""pyxel_snake"",""space_rescue""]",mega_wing+pyxel_snake+space_rescue,mega_wing+pyxel_snake+space_rescue__r02,cpu_compute,1,1,2,10501798218637475275,10,30,1,10,windows-rtx4060,0,0,grid_2x2,true,80,a3dff8e23947af7a1f707a1f42d8f93c174f4319793309adacb9ca4b12aff028,0fd49623591e8e13e140a1551085bea01e08e9c3,data/raw/formal-effectiveness-v1/formal-effectiveness-v1__colocation__mega_wing+pyxel_snake+space_rescue__cpu_compute__p100__r02,"{""mega_wing"":""games/pyxel/apps-src/mega_wing/mega_wing.py"",""pyxel_snake"":""games/pyxel/07_snake.py"",""space_rescue"":""games/pyxel/apps-src/space_rescue/space_rescue.py""}","{""mega_wing"":""86bad6c02a303806c58137503739241dc6b1e86695f7c0dbf672b5e1a1464e9f"",""pyxel_snake"":""bc533fef92d1d358e570f69d979919fe5c1cd8c4da49841104b49a1e661a5ac3"",""space_rescue"":""f3b0ab6784ae558e64f06a3f0a704e53f107a130aa3d43357659d0850131e461""}",2402616d296bd99844c60363146052088e5e1c4546d89b3fd6187be22b6f4f4b
2,71,formal-effectiveness-v1__colocation__pyxel_jump+pyxel_shooter__cpu_compute__p100__r02,formal-effectiveness-v1,colocation-main,train,colocation,"[""pyxel_jump"",""pyxel_shooter""]",pyxel_jump,"[""pyxel_shooter""]",pyxel_jump+pyxel_shooter,pyxel_jump+pyxel_shooter__r02,cpu_compute,1,1,2,3021531922104725446,10,30,1,10,windows-rtx4060,0,0,grid_2x2,true,80,a3dff8e23947af7a1f707a1f42d8f93c174f4319793309adacb9ca4b12aff028,0fd49623591e8e13e140a1551085bea01e08e9c3,data/raw/formal-effectiveness-v1/formal-effectiveness-v1__colocation__pyxel_jump+pyxel_shooter__cpu_compute__p100__r02,"{""pyxel_jump"":""games/pyxel/02_jump_game.py"",""pyxel_shooter"":""games/pyxel/09_shooter.py""}","{""pyxel_jump"":""4743a825f1c9cae7e049ac52115f4ecf83350db546c00745a54af187d7bc2e46"",""pyxel_shooter"":""0f53e4156907eac41080a8f289e22c89365b3239517c754cf59a51af201d5563""}",b683a54b228d2e65f54a3fb666e2e319eb863f8146756a5ea8e3401aab346f46
2,72,formal-effectiveness-v1__extra__mega_wing+pyxel_jump+pyxel_platformer+pyxel_snake__cpu_compute__p100__r03,formal-effectiveness-v1,colocation-extra-test,extra_test,extra_test,"[""mega_wing"",""pyxel_jump"",""pyxel_platformer"",""pyxel_snake""]",mega_wing,"[""pyxel_jump"",""pyxel_platformer"",""pyxel_snake""]",mega_wing+pyxel_jump+pyxel_platformer+pyxel_snake,mega_wing+pyxel_jump+pyxel_platformer+pyxel_snake__r03,cpu_compute,1,1,3,13832200803943975500,10,30,1,10,windows-rtx4060,0,0,grid_2x2,true,80,a3dff8e23947af7a1f707a1f42d8f93c174f4319793309adacb9ca4b12aff028,0fd49623591e8e13e140a1551085bea01e08e9c3,data/raw/formal-effectiveness-v1/formal-effectiveness-v1__extra__mega_wing+pyxel_jump+pyxel_platformer+pyxel_snake__cpu_compute__p100__r03,"{""mega_wing"":""games/pyxel/apps-src/mega_wing/mega_wing.py"",""pyxel_jump"":""games/pyxel/02_jump_game.py"",""pyxel_platformer"":""games/pyxel/10_platformer.py"",""pyxel_snake"":""games/pyxel/07_snake.py""}","{""mega_wing"":""86bad6c02a303806c58137503739241dc6b1e86695f7c0dbf672b5e1a1464e9f"",""pyxel_jump"":""4743a825f1c9cae7e049ac52115f4ecf83350db546c00745a54af187d7bc2e46"",""pyxel_platformer"":""1b2c75b49dc9ab0254fb4b724682a4787868814a38d2f08920720dc5b6007ac5"",""pyxel_snake"":""bc533fef92d1d358e570f69d979919fe5c1cd8c4da49841104b49a1e661a5ac3""}",482380e711c623c2b5dab0433c2b415a613b44060d730c98217fe05c511310d9
2,73,formal-effectiveness-v1__colocation__mega_wing+pyxel_snake+space_rescue__cpu_compute__p100__r01,formal-effectiveness-v1,colocation-main,train,colocation,"[""mega_wing"",""pyxel_snake"",""space_rescue""]",mega_wing,"[""pyxel_snake"",""space_rescue""]",mega_wing+pyxel_snake+space_rescue,mega_wing+pyxel_snake+space_rescue__r01,cpu_compute,1,1,1,2211813992741978679,10,30,1,10,windows-rtx4060,0,0,grid_2x2,true,80,a3dff8e23947af7a1f707a1f42d8f93c174f4319793309adacb9ca4b12aff028,0fd49623591e8e13e140a1551085bea01e08e9c3,data/raw/formal-effectiveness-v1/formal-effectiveness-v1__colocation__mega_wing+pyxel_snake+space_rescue__cpu_compute__p100__r01,"{""mega_wing"":""games/pyxel/apps-src/mega_wing/mega_wing.py"",""pyxel_snake"":""games/pyxel/07_snake.py"",""space_rescue"":""games/pyxel/apps-src/space_rescue/space_rescue.py""}","{""mega_wing"":""86bad6c02a303806c58137503739241dc6b1e86695f7c0dbf672b5e1a1464e9f"",""pyxel_snake"":""bc533fef92d1d358e570f69d979919fe5c1cd8c4da49841104b49a1e661a5ac3"",""space_rescue"":""f3b0ab6784ae558e64f06a3f0a704e53f107a130aa3d43357659d0850131e461""}",f68cc7d3c4839bf2c426fed67b56d092dcd4a0ec13c2900c0112b938b109105c
2,74,formal-effectiveness-v1__colocation__mega_wing+space_rescue__cpu_compute__p100__r01,formal-effectiveness-v1,colocation-main,validation,colocation,"[""mega_wing"",""space_rescue""]",mega_wing,"[""space_rescue""]",mega_wing+space_rescue,mega_wing+space_rescue__r01,cpu_compute,1,1,1,10325571706049029634,10,30,1,10,windows-rtx4060,0,0,grid_2x2,true,80,a3dff8e23947af7a1f707a1f42d8f93c174f4319793309adacb9ca4b12aff028,0fd49623591e8e13e140a1551085bea01e08e9c3,data/raw/formal-effectiveness-v1/formal-effectiveness-v1__colocation__mega_wing+space_rescue__cpu_compute__p100__r01,"{""mega_wing"":""games/pyxel/apps-src/mega_wing/mega_wing.py"",""space_rescue"":""games/pyxel/apps-src/space_rescue/space_rescue.py""}","{""mega_wing"":""86bad6c02a303806c58137503739241dc6b1e86695f7c0dbf672b5e1a1464e9f"",""space_rescue"":""f3b0ab6784ae558e64f06a3f0a704e53f107a130aa3d43357659d0850131e461""}",81e48d2008ac2a8bed75f7de9bfe3a9eff833970c5b74ccb6bfeca846893340b
2,75,formal-effectiveness-v1__colocation__mega_wing+pyxel_jump__cpu_compute__p100__r01,formal-effectiveness-v1,colocation-main,test,colocation,"[""mega_wing"",""pyxel_jump""]",mega_wing,"[""pyxel_jump""]",mega_wing+pyxel_jump,mega_wing+pyxel_jump__r01,cpu_compute,1,1,1,10951231338318609641,10,30,1,10,windows-rtx4060,0,0,grid_2x2,true,80,a3dff8e23947af7a1f707a1f42d8f93c174f4319793309adacb9ca4b12aff028,0fd49623591e8e13e140a1551085bea01e08e9c3,data/raw/formal-effectiveness-v1/formal-effectiveness-v1__colocation__mega_wing+pyxel_jump__cpu_compute__p100__r01,"{""mega_wing"":""games/pyxel/apps-src/mega_wing/mega_wing.py"",""pyxel_jump"":""games/pyxel/02_jump_game.py""}","{""mega_wing"":""86bad6c02a303806c58137503739241dc6b1e86695f7c0dbf672b5e1a1464e9f"",""pyxel_jump"":""4743a825f1c9cae7e049ac52115f4ecf83350db546c00745a54af187d7bc2e46""}",f6906bbbc9374a4bfc77abe16b49d6954b6a7b2b3ee1558becfc8c64c6a0aee4
2,76,formal-effectiveness-v1__colocation__pyxel_platformer+pyxel_snake__cpu_compute__p100__r01,formal-effectiveness-v1,colocation-main,test,colocation,"[""pyxel_platformer"",""pyxel_snake""]",pyxel_platformer,"[""pyxel_snake""]",pyxel_platformer+pyxel_snake,pyxel_platformer+pyxel_snake__r01,cpu_compute,1,1,1,1696166496034655509,10,30,1,10,windows-rtx4060,0,0,grid_2x2,true,80,a3dff8e23947af7a1f707a1f42d8f93c174f4319793309adacb9ca4b12aff028,0fd49623591e8e13e140a1551085bea01e08e9c3,data/raw/formal-effectiveness-v1/formal-effectiveness-v1__colocation__pyxel_platformer+pyxel_snake__cpu_compute__p100__r01,"{""pyxel_platformer"":""games/pyxel/10_platformer.py"",""pyxel_snake"":""games/pyxel/07_snake.py""}","{""pyxel_platformer"":""1b2c75b49dc9ab0254fb4b724682a4787868814a38d2f08920720dc5b6007ac5"",""pyxel_snake"":""bc533fef92d1d358e570f69d979919fe5c1cd8c4da49841104b49a1e661a5ac3""}",048d115fe8b1d729fddb95452805a7dd484a2d96f056a837deecf95162600ee9
2,77,formal-effectiveness-v1__colocation__pyxel_platformer+pyxel_shooter+space_rescue__cpu_compute__p100__r01,formal-effectiveness-v1,colocation-main,validation,colocation,"[""pyxel_platformer"",""pyxel_shooter"",""space_rescue""]",pyxel_platformer,"[""pyxel_shooter"",""space_rescue""]",pyxel_platformer+pyxel_shooter+space_rescue,pyxel_platformer+pyxel_shooter+space_rescue__r01,cpu_compute,1,1,1,530035123137566220,10,30,1,10,windows-rtx4060,0,0,grid_2x2,true,80,a3dff8e23947af7a1f707a1f42d8f93c174f4319793309adacb9ca4b12aff028,0fd49623591e8e13e140a1551085bea01e08e9c3,data/raw/formal-effectiveness-v1/formal-effectiveness-v1__colocation__pyxel_platformer+pyxel_shooter+space_rescue__cpu_compute__p100__r01,"{""pyxel_platformer"":""games/pyxel/10_platformer.py"",""pyxel_shooter"":""games/pyxel/09_shooter.py"",""space_rescue"":""games/pyxel/apps-src/space_rescue/space_rescue.py""}","{""pyxel_platformer"":""1b2c75b49dc9ab0254fb4b724682a4787868814a38d2f08920720dc5b6007ac5"",""pyxel_shooter"":""0f53e4156907eac41080a8f289e22c89365b3239517c754cf59a51af201d5563"",""space_rescue"":""f3b0ab6784ae558e64f06a3f0a704e53f107a130aa3d43357659d0850131e461""}",1250a8578380a0ab4d0f8cd6cf6700cb9fabc9e8a02d73108496e42d81cd7b39
2,78,formal-effectiveness-v1__colocation__pyxel_bubbles+pyxel_platformer__cpu_compute__p100__r01,formal-effectiveness-v1,colocation-main,train,colocation,"[""pyxel_bubbles"",""pyxel_platformer""]",pyxel_bubbles,"[""pyxel_platformer""]",pyxel_bubbles+pyxel_platformer,pyxel_bubbles+pyxel_platformer__r01,cpu_compute,1,1,1,15902120588225086509,10,30,1,10,windows-rtx4060,0,0,grid_2x2,true,80,a3dff8e23947af7a1f707a1f42d8f93c174f4319793309adacb9ca4b12aff028,0fd49623591e8e13e140a1551085bea01e08e9c3,data/raw/formal-effectiveness-v1/formal-effectiveness-v1__colocation__pyxel_bubbles+pyxel_platformer__cpu_compute__p100__r01,"{""pyxel_bubbles"":""games/pyxel/06_click_game.py"",""pyxel_platformer"":""games/pyxel/10_platformer.py""}","{""pyxel_bubbles"":""54c101e90bdaed839ac4c4284494530d5df37a5819a35f1e41eebb0b3da5d900"",""pyxel_platformer"":""1b2c75b49dc9ab0254fb4b724682a4787868814a38d2f08920720dc5b6007ac5""}",60672e6819b9955695cd3017d8ee98a14a60cd25a2a602e99b87be7f3d27794c
2,79,formal-effectiveness-v1__colocation__pyxel_platformer+pyxel_shooter__cpu_compute__p100__r02,formal-effectiveness-v1,colocation-main,train,colocation,"[""pyxel_platformer"",""pyxel_shooter""]",pyxel_platformer,"[""pyxel_shooter""]",pyxel_platformer+pyxel_shooter,pyxel_platformer+pyxel_shooter__r02,cpu_compute,1,1,2,13951401537072748805,10,30,1,10,windows-rtx4060,0,0,grid_2x2,true,80,a3dff8e23947af7a1f707a1f42d8f93c174f4319793309adacb9ca4b12aff028,0fd49623591e8e13e140a1551085bea01e08e9c3,data/raw/formal-effectiveness-v1/formal-effectiveness-v1__colocation__pyxel_platformer+pyxel_shooter__cpu_compute__p100__r02,"{""pyxel_platformer"":""games/pyxel/10_platformer.py"",""pyxel_shooter"":""games/pyxel/09_shooter.py""}","{""pyxel_platformer"":""1b2c75b49dc9ab0254fb4b724682a4787868814a38d2f08920720dc5b6007ac5"",""pyxel_shooter"":""0f53e4156907eac41080a8f289e22c89365b3239517c754cf59a51af201d5563""}",96e2647528f2e189213646a47431ce9455e21124b26fbaa522ee5786bab01f45
2,80,formal-effectiveness-v1__colocation__mega_wing+pyxel_bubbles+space_rescue__cpu_compute__p100__r03,formal-effectiveness-v1,colocation-main,train,colocation,"[""mega_wing"",""pyxel_bubbles"",""space_rescue""]",mega_wing,"[""pyxel_bubbles"",""space_rescue""]",mega_wing+pyxel_bubbles+space_rescue,mega_wing+pyxel_bubbles+space_rescue__r03,cpu_compute,1,1,3,10978761875731769058,10,30,1,10,windows-rtx4060,0,0,grid_2x2,true,80,a3dff8e23947af7a1f707a1f42d8f93c174f4319793309adacb9ca4b12aff028,0fd49623591e8e13e140a1551085bea01e08e9c3,data/raw/formal-effectiveness-v1/formal-effectiveness-v1__colocation__mega_wing+pyxel_bubbles+space_rescue__cpu_compute__p100__r03,"{""mega_wing"":""games/pyxel/apps-src/mega_wing/mega_wing.py"",""pyxel_bubbles"":""games/pyxel/06_click_game.py"",""space_rescue"":""games/pyxel/apps-src/space_rescue/space_rescue.py""}","{""mega_wing"":""86bad6c02a303806c58137503739241dc6b1e86695f7c0dbf672b5e1a1464e9f"",""pyxel_bubbles"":""54c101e90bdaed839ac4c4284494530d5df37a5819a35f1e41eebb0b3da5d900"",""space_rescue"":""f3b0ab6784ae558e64f06a3f0a704e53f107a130aa3d43357659d0850131e461""}",d171416500730d1dd04528d3068d9c0f2047c5668ee144185517f0b4cc7cb118
2,81,formal-effectiveness-v1__colocation__mega_wing+pyxel_bubbles+pyxel_snake__cpu_compute__p100__r01,formal-effectiveness-v1,colocation-main,train,colocation,"[""mega_wing"",""pyxel_bubbles"",""pyxel_snake""]",mega_wing,"[""pyxel_bubbles"",""pyxel_snake""]",mega_wing+pyxel_bubbles+pyxel_snake,mega_wing+pyxel_bubbles+pyxel_snake__r01,cpu_compute,1,1,1,5213251114307413380,10,30,1,10,windows-rtx4060,0,0,grid_2x2,true,80,a3dff8e23947af7a1f707a1f42d8f93c174f4319793309adacb9ca4b12aff028,0fd49623591e8e13e140a1551085bea01e08e9c3,data/raw/formal-effectiveness-v1/formal-effectiveness-v1__colocation__mega_wing+pyxel_bubbles+pyxel_snake__cpu_compute__p100__r01,"{""mega_wing"":""games/pyxel/apps-src/mega_wing/mega_wing.py"",""pyxel_bubbles"":""games/pyxel/06_click_game.py"",""pyxel_snake"":""games/pyxel/07_snake.py""}","{""mega_wing"":""86bad6c02a303806c58137503739241dc6b1e86695f7c0dbf672b5e1a1464e9f"",""pyxel_bubbles"":""54c101e90bdaed839ac4c4284494530d5df37a5819a35f1e41eebb0b3da5d900"",""pyxel_snake"":""bc533fef92d1d358e570f69d979919fe5c1cd8c4da49841104b49a1e661a5ac3""}",8e7e80902da2083b01af2d712c60e231e528a4517f168cf71abb2f2d85eb76e3
2,82,formal-effectiveness-v1__colocation__daylight+pyxel_platformer__cpu_compute__p100__r03,formal-effectiveness-v1,colocation-main,validation,colocation,"[""daylight"",""pyxel_platformer""]",daylight,"[""pyxel_platformer""]",daylight+pyxel_platformer,daylight+pyxel_platformer__r03,cpu_compute,1,1,3,17641492199377615183,10,30,1,10,windows-rtx4060,0,0,grid_2x2,true,80,a3dff8e23947af7a1f707a1f42d8f93c174f4319793309adacb9ca4b12aff028,0fd49623591e8e13e140a1551085bea01e08e9c3,data/raw/formal-effectiveness-v1/formal-effectiveness-v1__colocation__daylight+pyxel_platformer__cpu_compute__p100__r03,"{""daylight"":""games/pyxel/apps-src/30SecondsOfDaylight/src/main.py"",""pyxel_platformer"":""games/pyxel/10_platformer.py""}","{""daylight"":""21a365375249e9d7ea05e78dcfe040f09cc1f0c66bd410bae084190c743a028f"",""pyxel_platformer"":""1b2c75b49dc9ab0254fb4b724682a4787868814a38d2f08920720dc5b6007ac5""}",d70420b53a55d2e6c51dce70e870fe3d9a4e9d4ab239cfa30bcd471caae70d74
2,83,formal-effectiveness-v1__colocation__pyxel_platformer+pyxel_shooter+space_rescue__cpu_compute__p100__r02,formal-effectiveness-v1,colocation-main,validation,colocation,"[""pyxel_platformer"",""pyxel_shooter"",""space_rescue""]",pyxel_platformer,"[""pyxel_shooter"",""space_rescue""]",pyxel_platformer+pyxel_shooter+space_rescue,pyxel_platformer+pyxel_shooter+space_rescue__r02,cpu_compute,1,1,2,9920325526379105926,10,30,1,10,windows-rtx4060,0,0,grid_2x2,true,80,a3dff8e23947af7a1f707a1f42d8f93c174f4319793309adacb9ca4b12aff028,0fd49623591e8e13e140a1551085bea01e08e9c3,data/raw/formal-effectiveness-v1/formal-effectiveness-v1__colocation__pyxel_platformer+pyxel_shooter+space_rescue__cpu_compute__p100__r02,"{""pyxel_platformer"":""games/pyxel/10_platformer.py"",""pyxel_shooter"":""games/pyxel/09_shooter.py"",""space_rescue"":""games/pyxel/apps-src/space_rescue/space_rescue.py""}","{""pyxel_platformer"":""1b2c75b49dc9ab0254fb4b724682a4787868814a38d2f08920720dc5b6007ac5"",""pyxel_shooter"":""0f53e4156907eac41080a8f289e22c89365b3239517c754cf59a51af201d5563"",""space_rescue"":""f3b0ab6784ae558e64f06a3f0a704e53f107a130aa3d43357659d0850131e461""}",e6549a1678b67542e5104420cd59bfa2133a3e247546ba8bbf34b02dfd29d592
2,84,formal-effectiveness-v1__colocation__daylight+pyxel_platformer+pyxel_snake__cpu_compute__p100__r01,formal-effectiveness-v1,colocation-main,validation,colocation,"[""daylight"",""pyxel_platformer"",""pyxel_snake""]",daylight,"[""pyxel_platformer"",""pyxel_snake""]",daylight+pyxel_platformer+pyxel_snake,daylight+pyxel_platformer+pyxel_snake__r01,cpu_compute,1,1,1,2315718514598189427,10,30,1,10,windows-rtx4060,0,0,grid_2x2,true,80,a3dff8e23947af7a1f707a1f42d8f93c174f4319793309adacb9ca4b12aff028,0fd49623591e8e13e140a1551085bea01e08e9c3,data/raw/formal-effectiveness-v1/formal-effectiveness-v1__colocation__daylight+pyxel_platformer+pyxel_snake__cpu_compute__p100__r01,"{""daylight"":""games/pyxel/apps-src/30SecondsOfDaylight/src/main.py"",""pyxel_platformer"":""games/pyxel/10_platformer.py"",""pyxel_snake"":""games/pyxel/07_snake.py""}","{""daylight"":""21a365375249e9d7ea05e78dcfe040f09cc1f0c66bd410bae084190c743a028f"",""pyxel_platformer"":""1b2c75b49dc9ab0254fb4b724682a4787868814a38d2f08920720dc5b6007ac5"",""pyxel_snake"":""bc533fef92d1d358e570f69d979919fe5c1cd8c4da49841104b49a1e661a5ac3""}",b6652a68315c7cdef93623e5e884a8dd2770d88c30e386808e2835ac611890be
2,85,formal-effectiveness-v1__colocation__daylight+pyxel_bubbles+pyxel_jump__cpu_compute__p100__r03,formal-effectiveness-v1,colocation-main,test,colocation,"[""daylight"",""pyxel_bubbles"",""pyxel_jump""]",daylight,"[""pyxel_bubbles"",""pyxel_jump""]",daylight+pyxel_bubbles+pyxel_jump,daylight+pyxel_bubbles+pyxel_jump__r03,cpu_compute,1,1,3,16335151718453586146,10,30,1,10,windows-rtx4060,0,0,grid_2x2,true,80,a3dff8e23947af7a1f707a1f42d8f93c174f4319793309adacb9ca4b12aff028,0fd49623591e8e13e140a1551085bea01e08e9c3,data/raw/formal-effectiveness-v1/formal-effectiveness-v1__colocation__daylight+pyxel_bubbles+pyxel_jump__cpu_compute__p100__r03,"{""daylight"":""games/pyxel/apps-src/30SecondsOfDaylight/src/main.py"",""pyxel_bubbles"":""games/pyxel/06_click_game.py"",""pyxel_jump"":""games/pyxel/02_jump_game.py""}","{""daylight"":""21a365375249e9d7ea05e78dcfe040f09cc1f0c66bd410bae084190c743a028f"",""pyxel_bubbles"":""54c101e90bdaed839ac4c4284494530d5df37a5819a35f1e41eebb0b3da5d900"",""pyxel_jump"":""4743a825f1c9cae7e049ac52115f4ecf83350db546c00745a54af187d7bc2e46""}",4cb1df5f57fe9db966a05d8073913377b8f4313e21f3de61e09dbfea6ecd98f9
2,86,formal-effectiveness-v1__extra__daylight+pyxel_jump+pyxel_snake+space_rescue__cpu_compute__p100__r02,formal-effectiveness-v1,colocation-extra-test,extra_test,extra_test,"[""daylight"",""pyxel_jump"",""pyxel_snake"",""space_rescue""]",daylight,"[""pyxel_jump"",""pyxel_snake"",""space_rescue""]",daylight+pyxel_jump+pyxel_snake+space_rescue,daylight+pyxel_jump+pyxel_snake+space_rescue__r02,cpu_compute,1,1,2,12588195661761314844,10,30,1,10,windows-rtx4060,0,0,grid_2x2,true,80,a3dff8e23947af7a1f707a1f42d8f93c174f4319793309adacb9ca4b12aff028,0fd49623591e8e13e140a1551085bea01e08e9c3,data/raw/formal-effectiveness-v1/formal-effectiveness-v1__extra__daylight+pyxel_jump+pyxel_snake+space_rescue__cpu_compute__p100__r02,"{""daylight"":""games/pyxel/apps-src/30SecondsOfDaylight/src/main.py"",""pyxel_jump"":""games/pyxel/02_jump_game.py"",""pyxel_snake"":""games/pyxel/07_snake.py"",""space_rescue"":""games/pyxel/apps-src/space_rescue/space_rescue.py""}","{""daylight"":""21a365375249e9d7ea05e78dcfe040f09cc1f0c66bd410bae084190c743a028f"",""pyxel_jump"":""4743a825f1c9cae7e049ac52115f4ecf83350db546c00745a54af187d7bc2e46"",""pyxel_snake"":""bc533fef92d1d358e570f69d979919fe5c1cd8c4da49841104b49a1e661a5ac3"",""space_rescue"":""f3b0ab6784ae558e64f06a3f0a704e53f107a130aa3d43357659d0850131e461""}",271c62dc8352035dd644169c1eb6445ee4e2f97609bf4f1ddce9b95e5fbab42a
2,87,formal-effectiveness-v1__colocation__daylight+mega_wing+pyxel_snake__cpu_compute__p100__r03,formal-effectiveness-v1,colocation-main,train,colocation,"[""daylight"",""mega_wing"",""pyxel_snake""]",daylight,"[""mega_wing"",""pyxel_snake""]",daylight+mega_wing+pyxel_snake,daylight+mega_wing+pyxel_snake__r03,cpu_compute,1,1,3,12724699600798452488,10,30,1,10,windows-rtx4060,0,0,grid_2x2,true,80,a3dff8e23947af7a1f707a1f42d8f93c174f4319793309adacb9ca4b12aff028,0fd49623591e8e13e140a1551085bea01e08e9c3,data/raw/formal-effectiveness-v1/formal-effectiveness-v1__colocation__daylight+mega_wing+pyxel_snake__cpu_compute__p100__r03,"{""daylight"":""games/pyxel/apps-src/30SecondsOfDaylight/src/main.py"",""mega_wing"":""games/pyxel/apps-src/mega_wing/mega_wing.py"",""pyxel_snake"":""games/pyxel/07_snake.py""}","{""daylight"":""21a365375249e9d7ea05e78dcfe040f09cc1f0c66bd410bae084190c743a028f"",""mega_wing"":""86bad6c02a303806c58137503739241dc6b1e86695f7c0dbf672b5e1a1464e9f"",""pyxel_snake"":""bc533fef92d1d358e570f69d979919fe5c1cd8c4da49841104b49a1e661a5ac3""}",9a17e7e459f27e45b7ab51003c5cc272904eeb29b0516b46077ecf9094336670
2,88,formal-effectiveness-v1__colocation__pyxel_bubbles+pyxel_snake+space_rescue__cpu_compute__p100__r01,formal-effectiveness-v1,colocation-main,train,colocation,"[""pyxel_bubbles"",""pyxel_snake"",""space_rescue""]",pyxel_bubbles,"[""pyxel_snake"",""space_rescue""]",pyxel_bubbles+pyxel_snake+space_rescue,pyxel_bubbles+pyxel_snake+space_rescue__r01,cpu_compute,1,1,1,10895786778204655259,10,30,1,10,windows-rtx4060,0,0,grid_2x2,true,80,a3dff8e23947af7a1f707a1f42d8f93c174f4319793309adacb9ca4b12aff028,0fd49623591e8e13e140a1551085bea01e08e9c3,data/raw/formal-effectiveness-v1/formal-effectiveness-v1__colocation__pyxel_bubbles+pyxel_snake+space_rescue__cpu_compute__p100__r01,"{""pyxel_bubbles"":""games/pyxel/06_click_game.py"",""pyxel_snake"":""games/pyxel/07_snake.py"",""space_rescue"":""games/pyxel/apps-src/space_rescue/space_rescue.py""}","{""pyxel_bubbles"":""54c101e90bdaed839ac4c4284494530d5df37a5819a35f1e41eebb0b3da5d900"",""pyxel_snake"":""bc533fef92d1d358e570f69d979919fe5c1cd8c4da49841104b49a1e661a5ac3"",""space_rescue"":""f3b0ab6784ae558e64f06a3f0a704e53f107a130aa3d43357659d0850131e461""}",e4e5e2a3394316b522ad0979e4637ecb405aaef8e1a1c4db22d5e16db8f654d4
2,89,formal-effectiveness-v1__extra__pyxel_bubbles+pyxel_jump+pyxel_shooter+pyxel_snake__cpu_compute__p100__r02,formal-effectiveness-v1,colocation-extra-test,extra_test,extra_test,"[""pyxel_bubbles"",""pyxel_jump"",""pyxel_shooter"",""pyxel_snake""]",pyxel_bubbles,"[""pyxel_jump"",""pyxel_shooter"",""pyxel_snake""]",pyxel_bubbles+pyxel_jump+pyxel_shooter+pyxel_snake,pyxel_bubbles+pyxel_jump+pyxel_shooter+pyxel_snake__r02,cpu_compute,1,1,2,9400649919561552429,10,30,1,10,windows-rtx4060,0,0,grid_2x2,true,80,a3dff8e23947af7a1f707a1f42d8f93c174f4319793309adacb9ca4b12aff028,0fd49623591e8e13e140a1551085bea01e08e9c3,data/raw/formal-effectiveness-v1/formal-effectiveness-v1__extra__pyxel_bubbles+pyxel_jump+pyxel_shooter+pyxel_snake__cpu_compute__p100__r02,"{""pyxel_bubbles"":""games/pyxel/06_click_game.py"",""pyxel_jump"":""games/pyxel/02_jump_game.py"",""pyxel_shooter"":""games/pyxel/09_shooter.py"",""pyxel_snake"":""games/pyxel/07_snake.py""}","{""pyxel_bubbles"":""54c101e90bdaed839ac4c4284494530d5df37a5819a35f1e41eebb0b3da5d900"",""pyxel_jump"":""4743a825f1c9cae7e049ac52115f4ecf83350db546c00745a54af187d7bc2e46"",""pyxel_shooter"":""0f53e4156907eac41080a8f289e22c89365b3239517c754cf59a51af201d5563"",""pyxel_snake"":""bc533fef92d1d358e570f69d979919fe5c1cd8c4da49841104b49a1e661a5ac3""}",8e4e19070842bbe932ea980d23f6080289550bdea28c0545e5193c4026038535
2,90,formal-effectiveness-v1__colocation__daylight+pyxel_platformer+pyxel_snake__cpu_compute__p100__r02,formal-effectiveness-v1,colocation-main,validation,colocation,"[""daylight"",""pyxel_platformer"",""pyxel_snake""]",daylight,"[""pyxel_platformer"",""pyxel_snake""]",daylight+pyxel_platformer+pyxel_snake,daylight+pyxel_platformer+pyxel_snake__r02,cpu_compute,1,1,2,13348702882007050725,10,30,1,10,windows-rtx4060,0,0,grid_2x2,true,80,a3dff8e23947af7a1f707a1f42d8f93c174f4319793309adacb9ca4b12aff028,0fd49623591e8e13e140a1551085bea01e08e9c3,data/raw/formal-effectiveness-v1/formal-effectiveness-v1__colocation__daylight+pyxel_platformer+pyxel_snake__cpu_compute__p100__r02,"{""daylight"":""games/pyxel/apps-src/30SecondsOfDaylight/src/main.py"",""pyxel_platformer"":""games/pyxel/10_platformer.py"",""pyxel_snake"":""games/pyxel/07_snake.py""}","{""daylight"":""21a365375249e9d7ea05e78dcfe040f09cc1f0c66bd410bae084190c743a028f"",""pyxel_platformer"":""1b2c75b49dc9ab0254fb4b724682a4787868814a38d2f08920720dc5b6007ac5"",""pyxel_snake"":""bc533fef92d1d358e570f69d979919fe5c1cd8c4da49841104b49a1e661a5ac3""}",57aa23a8e2c5fdb3cfb1e68e638ca0dc0c84e7c63bdd05b4259f04f0f3aa6c4a
2,91,formal-effectiveness-v1__colocation__mega_wing+pyxel_bubbles+pyxel_shooter__cpu_compute__p100__r01,formal-effectiveness-v1,colocation-main,train,colocation,"[""mega_wing"",""pyxel_bubbles"",""pyxel_shooter""]",mega_wing,"[""pyxel_bubbles"",""pyxel_shooter""]",mega_wing+pyxel_bubbles+pyxel_shooter,mega_wing+pyxel_bubbles+pyxel_shooter__r01,cpu_compute,1,1,1,13660992632416912501,10,30,1,10,windows-rtx4060,0,0,grid_2x2,true,80,a3dff8e23947af7a1f707a1f42d8f93c174f4319793309adacb9ca4b12aff028,0fd49623591e8e13e140a1551085bea01e08e9c3,data/raw/formal-effectiveness-v1/formal-effectiveness-v1__colocation__mega_wing+pyxel_bubbles+pyxel_shooter__cpu_compute__p100__r01,"{""mega_wing"":""games/pyxel/apps-src/mega_wing/mega_wing.py"",""pyxel_bubbles"":""games/pyxel/06_click_game.py"",""pyxel_shooter"":""games/pyxel/09_shooter.py""}","{""mega_wing"":""86bad6c02a303806c58137503739241dc6b1e86695f7c0dbf672b5e1a1464e9f"",""pyxel_bubbles"":""54c101e90bdaed839ac4c4284494530d5df37a5819a35f1e41eebb0b3da5d900"",""pyxel_shooter"":""0f53e4156907eac41080a8f289e22c89365b3239517c754cf59a51af201d5563""}",b1e2e0d5c90d1f37ed677585a4aee21d075cbef500bba43ea7cc729d0aa859e7
2,92,formal-effectiveness-v1__extra__mega_wing+pyxel_shooter+pyxel_snake+space_rescue__cpu_compute__p100__r03,formal-effectiveness-v1,colocation-extra-test,extra_test,extra_test,"[""mega_wing"",""pyxel_shooter"",""pyxel_snake"",""space_rescue""]",mega_wing,"[""pyxel_shooter"",""pyxel_snake"",""space_rescue""]",mega_wing+pyxel_shooter+pyxel_snake+space_rescue,mega_wing+pyxel_shooter+pyxel_snake+space_rescue__r03,cpu_compute,1,1,3,17426353318728662774,10,30,1,10,windows-rtx4060,0,0,grid_2x2,true,80,a3dff8e23947af7a1f707a1f42d8f93c174f4319793309adacb9ca4b12aff028,0fd49623591e8e13e140a1551085bea01e08e9c3,data/raw/formal-effectiveness-v1/formal-effectiveness-v1__extra__mega_wing+pyxel_shooter+pyxel_snake+space_rescue__cpu_compute__p100__r03,"{""mega_wing"":""games/pyxel/apps-src/mega_wing/mega_wing.py"",""pyxel_shooter"":""games/pyxel/09_shooter.py"",""pyxel_snake"":""games/pyxel/07_snake.py"",""space_rescue"":""games/pyxel/apps-src/space_rescue/space_rescue.py""}","{""mega_wing"":""86bad6c02a303806c58137503739241dc6b1e86695f7c0dbf672b5e1a1464e9f"",""pyxel_shooter"":""0f53e4156907eac41080a8f289e22c89365b3239517c754cf59a51af201d5563"",""pyxel_snake"":""bc533fef92d1d358e570f69d979919fe5c1cd8c4da49841104b49a1e661a5ac3"",""space_rescue"":""f3b0ab6784ae558e64f06a3f0a704e53f107a130aa3d43357659d0850131e461""}",ac506ad0d8f4268cdaac9b2dfa91ae3416f2dba7c48841c7e4099b0062c1b2fe
2,93,formal-effectiveness-v1__colocation__mega_wing+pyxel_shooter__cpu_compute__p100__r03,formal-effectiveness-v1,colocation-main,train,colocation,"[""mega_wing"",""pyxel_shooter""]",mega_wing,"[""pyxel_shooter""]",mega_wing+pyxel_shooter,mega_wing+pyxel_shooter__r03,cpu_compute,1,1,3,6293622523290271236,10,30,1,10,windows-rtx4060,0,0,grid_2x2,true,80,a3dff8e23947af7a1f707a1f42d8f93c174f4319793309adacb9ca4b12aff028,0fd49623591e8e13e140a1551085bea01e08e9c3,data/raw/formal-effectiveness-v1/formal-effectiveness-v1__colocation__mega_wing+pyxel_shooter__cpu_compute__p100__r03,"{""mega_wing"":""games/pyxel/apps-src/mega_wing/mega_wing.py"",""pyxel_shooter"":""games/pyxel/09_shooter.py""}","{""mega_wing"":""86bad6c02a303806c58137503739241dc6b1e86695f7c0dbf672b5e1a1464e9f"",""pyxel_shooter"":""0f53e4156907eac41080a8f289e22c89365b3239517c754cf59a51af201d5563""}",4ec368c77a3181810d2d7e669eedbf7fd66892fe0e0c7208ff840d4313cbe3f9
2,94,formal-effectiveness-v1__colocation__pyxel_platformer+pyxel_snake__cpu_compute__p100__r02,formal-effectiveness-v1,colocation-main,test,colocation,"[""pyxel_platformer"",""pyxel_snake""]",pyxel_platformer,"[""pyxel_snake""]",pyxel_platformer+pyxel_snake,pyxel_platformer+pyxel_snake__r02,cpu_compute,1,1,2,7514933475297872201,10,30,1,10,windows-rtx4060,0,0,grid_2x2,true,80,a3dff8e23947af7a1f707a1f42d8f93c174f4319793309adacb9ca4b12aff028,0fd49623591e8e13e140a1551085bea01e08e9c3,data/raw/formal-effectiveness-v1/formal-effectiveness-v1__colocation__pyxel_platformer+pyxel_snake__cpu_compute__p100__r02,"{""pyxel_platformer"":""games/pyxel/10_platformer.py"",""pyxel_snake"":""games/pyxel/07_snake.py""}","{""pyxel_platformer"":""1b2c75b49dc9ab0254fb4b724682a4787868814a38d2f08920720dc5b6007ac5"",""pyxel_snake"":""bc533fef92d1d358e570f69d979919fe5c1cd8c4da49841104b49a1e661a5ac3""}",e280fbd3d8c7e167347b8da391856963007613dbefefccb19b6986fb695c9c01
2,95,formal-effectiveness-v1__colocation__pyxel_platformer+pyxel_shooter__cpu_compute__p100__r01,formal-effectiveness-v1,colocation-main,train,colocation,"[""pyxel_platformer"",""pyxel_shooter""]",pyxel_platformer,"[""pyxel_shooter""]",pyxel_platformer+pyxel_shooter,pyxel_platformer+pyxel_shooter__r01,cpu_compute,1,1,1,8933751458129542535,10,30,1,10,windows-rtx4060,0,0,grid_2x2,true,80,a3dff8e23947af7a1f707a1f42d8f93c174f4319793309adacb9ca4b12aff028,0fd49623591e8e13e140a1551085bea01e08e9c3,data/raw/formal-effectiveness-v1/formal-effectiveness-v1__colocation__pyxel_platformer+pyxel_shooter__cpu_compute__p100__r01,"{""pyxel_platformer"":""games/pyxel/10_platformer.py"",""pyxel_shooter"":""games/pyxel/09_shooter.py""}","{""pyxel_platformer"":""1b2c75b49dc9ab0254fb4b724682a4787868814a38d2f08920720dc5b6007ac5"",""pyxel_shooter"":""0f53e4156907eac41080a8f289e22c89365b3239517c754cf59a51af201d5563""}",c6cb462432f6e881f7a719c17e12f4390b909dd0b68936fb9c2506a093db16d9
2,96,formal-effectiveness-v1__colocation__daylight+pyxel_platformer+pyxel_shooter__cpu_compute__p100__r03,formal-effectiveness-v1,colocation-main,validation,colocation,"[""daylight"",""pyxel_platformer"",""pyxel_shooter""]",daylight,"[""pyxel_platformer"",""pyxel_shooter""]",daylight+pyxel_platformer+pyxel_shooter,daylight+pyxel_platformer+pyxel_shooter__r03,cpu_compute,1,1,3,16822868372042291631,10,30,1,10,windows-rtx4060,0,0,grid_2x2,true,80,a3dff8e23947af7a1f707a1f42d8f93c174f4319793309adacb9ca4b12aff028,0fd49623591e8e13e140a1551085bea01e08e9c3,data/raw/formal-effectiveness-v1/formal-effectiveness-v1__colocation__daylight+pyxel_platformer+pyxel_shooter__cpu_compute__p100__r03,"{""daylight"":""games/pyxel/apps-src/30SecondsOfDaylight/src/main.py"",""pyxel_platformer"":""games/pyxel/10_platformer.py"",""pyxel_shooter"":""games/pyxel/09_shooter.py""}","{""daylight"":""21a365375249e9d7ea05e78dcfe040f09cc1f0c66bd410bae084190c743a028f"",""pyxel_platformer"":""1b2c75b49dc9ab0254fb4b724682a4787868814a38d2f08920720dc5b6007ac5"",""pyxel_shooter"":""0f53e4156907eac41080a8f289e22c89365b3239517c754cf59a51af201d5563""}",bb54cf14d9620b554fef4cc517de7884c59766d791b9ff5a36efde0b2b1a7418
2,97,formal-effectiveness-v1__extra__mega_wing+pyxel_bubbles+pyxel_platformer+pyxel_shooter__cpu_compute__p100__r03,formal-effectiveness-v1,colocation-extra-test,extra_test,extra_test,"[""mega_wing"",""pyxel_bubbles"",""pyxel_platformer"",""pyxel_shooter""]",mega_wing,"[""pyxel_bubbles"",""pyxel_platformer"",""pyxel_shooter""]",mega_wing+pyxel_bubbles+pyxel_platformer+pyxel_shooter,mega_wing+pyxel_bubbles+pyxel_platformer+pyxel_shooter__r03,cpu_compute,1,1,3,15157778988543986875,10,30,1,10,windows-rtx4060,0,0,grid_2x2,true,80,a3dff8e23947af7a1f707a1f42d8f93c174f4319793309adacb9ca4b12aff028,0fd49623591e8e13e140a1551085bea01e08e9c3,data/raw/formal-effectiveness-v1/formal-effectiveness-v1__extra__mega_wing+pyxel_bubbles+pyxel_platformer+pyxel_shooter__cpu_compute__p100__r03,"{""mega_wing"":""games/pyxel/apps-src/mega_wing/mega_wing.py"",""pyxel_bubbles"":""games/pyxel/06_click_game.py"",""pyxel_platformer"":""games/pyxel/10_platformer.py"",""pyxel_shooter"":""games/pyxel/09_shooter.py""}","{""mega_wing"":""86bad6c02a303806c58137503739241dc6b1e86695f7c0dbf672b5e1a1464e9f"",""pyxel_bubbles"":""54c101e90bdaed839ac4c4284494530d5df37a5819a35f1e41eebb0b3da5d900"",""pyxel_platformer"":""1b2c75b49dc9ab0254fb4b724682a4787868814a38d2f08920720dc5b6007ac5"",""pyxel_shooter"":""0f53e4156907eac41080a8f289e22c89365b3239517c754cf59a51af201d5563""}",3e2de0801d5d8e549181f76d5e2b03ed9b8b666cf8990b231ec807e14e4ab3cc
2,98,formal-effectiveness-v1__extra__daylight+pyxel_bubbles+pyxel_shooter+space_rescue__cpu_compute__p100__r01,formal-effectiveness-v1,colocation-extra-test,extra_test,extra_test,"[""daylight"",""pyxel_bubbles"",""pyxel_shooter"",""space_rescue""]",daylight,"[""pyxel_bubbles"",""pyxel_shooter"",""space_rescue""]",daylight+pyxel_bubbles+pyxel_shooter+space_rescue,daylight+pyxel_bubbles+pyxel_shooter+space_rescue__r01,cpu_compute,1,1,1,9290543302165654706,10,30,1,10,windows-rtx4060,0,0,grid_2x2,true,80,a3dff8e23947af7a1f707a1f42d8f93c174f4319793309adacb9ca4b12aff028,0fd49623591e8e13e140a1551085bea01e08e9c3,data/raw/formal-effectiveness-v1/formal-effectiveness-v1__extra__daylight+pyxel_bubbles+pyxel_shooter+space_rescue__cpu_compute__p100__r01,"{""daylight"":""games/pyxel/apps-src/30SecondsOfDaylight/src/main.py"",""pyxel_bubbles"":""games/pyxel/06_click_game.py"",""pyxel_shooter"":""games/pyxel/09_shooter.py"",""space_rescue"":""games/pyxel/apps-src/space_rescue/space_rescue.py""}","{""daylight"":""21a365375249e9d7ea05e78dcfe040f09cc1f0c66bd410bae084190c743a028f"",""pyxel_bubbles"":""54c101e90bdaed839ac4c4284494530d5df37a5819a35f1e41eebb0b3da5d900"",""pyxel_shooter"":""0f53e4156907eac41080a8f289e22c89365b3239517c754cf59a51af201d5563"",""space_rescue"":""f3b0ab6784ae558e64f06a3f0a704e53f107a130aa3d43357659d0850131e461""}",c35b8514f334a678c54e4a728897975dba3948e9083f4ff033e998f39d727cc6
2,99,formal-effectiveness-v1__colocation__pyxel_shooter+space_rescue__cpu_compute__p100__r01,formal-effectiveness-v1,colocation-main,train,colocation,"[""pyxel_shooter"",""space_rescue""]",pyxel_shooter,"[""space_rescue""]",pyxel_shooter+space_rescue,pyxel_shooter+space_rescue__r01,cpu_compute,1,1,1,3409492940256028323,10,30,1,10,windows-rtx4060,0,0,grid_2x2,true,80,a3dff8e23947af7a1f707a1f42d8f93c174f4319793309adacb9ca4b12aff028,0fd49623591e8e13e140a1551085bea01e08e9c3,data/raw/formal-effectiveness-v1/formal-effectiveness-v1__colocation__pyxel_shooter+space_rescue__cpu_compute__p100__r01,"{""pyxel_shooter"":""games/pyxel/09_shooter.py"",""space_rescue"":""games/pyxel/apps-src/space_rescue/space_rescue.py""}","{""pyxel_shooter"":""0f53e4156907eac41080a8f289e22c89365b3239517c754cf59a51af201d5563"",""space_rescue"":""f3b0ab6784ae558e64f06a3f0a704e53f107a130aa3d43357659d0850131e461""}",4ef9b2c43836f038de05b1bc25143b272a6e44e19004536c33df5ee2695b0f43
2,100,formal-effectiveness-v1__colocation__pyxel_jump+pyxel_platformer+space_rescue__cpu_compute__p100__r01,formal-effectiveness-v1,colocation-main,train,colocation,"[""pyxel_jump"",""pyxel_platformer"",""space_rescue""]",pyxel_jump,"[""pyxel_platformer"",""space_rescue""]",pyxel_jump+pyxel_platformer+space_rescue,pyxel_jump+pyxel_platformer+space_rescue__r01,cpu_compute,1,1,1,15477863439223556564,10,30,1,10,windows-rtx4060,0,0,grid_2x2,true,80,a3dff8e23947af7a1f707a1f42d8f93c174f4319793309adacb9ca4b12aff028,0fd49623591e8e13e140a1551085bea01e08e9c3,data/raw/formal-effectiveness-v1/formal-effectiveness-v1__colocation__pyxel_jump+pyxel_platformer+space_rescue__cpu_compute__p100__r01,"{""pyxel_jump"":""games/pyxel/02_jump_game.py"",""pyxel_platformer"":""games/pyxel/10_platformer.py"",""space_rescue"":""games/pyxel/apps-src/space_rescue/space_rescue.py""}","{""pyxel_jump"":""4743a825f1c9cae7e049ac52115f4ecf83350db546c00745a54af187d7bc2e46"",""pyxel_platformer"":""1b2c75b49dc9ab0254fb4b724682a4787868814a38d2f08920720dc5b6007ac5"",""space_rescue"":""f3b0ab6784ae558e64f06a3f0a704e53f107a130aa3d43357659d0850131e461""}",7a09a68d18edfa8fda4058ec6f98988b1e7404999ad75f0d4ed41b69d1494f69
2,101,formal-effectiveness-v1__extra__mega_wing+pyxel_shooter+pyxel_snake+space_rescue__cpu_compute__p100__r02,formal-effectiveness-v1,colocation-extra-test,extra_test,extra_test,"[""mega_wing"",""pyxel_shooter"",""pyxel_snake"",""space_rescue""]",mega_wing,"[""pyxel_shooter"",""pyxel_snake"",""space_rescue""]",mega_wing+pyxel_shooter+pyxel_snake+space_rescue,mega_wing+pyxel_shooter+pyxel_snake+space_rescue__r02,cpu_compute,1,1,2,2237034306085882399,10,30,1,10,windows-rtx4060,0,0,grid_2x2,true,80,a3dff8e23947af7a1f707a1f42d8f93c174f4319793309adacb9ca4b12aff028,0fd49623591e8e13e140a1551085bea01e08e9c3,data/raw/formal-effectiveness-v1/formal-effectiveness-v1__extra__mega_wing+pyxel_shooter+pyxel_snake+space_rescue__cpu_compute__p100__r02,"{""mega_wing"":""games/pyxel/apps-src/mega_wing/mega_wing.py"",""pyxel_shooter"":""games/pyxel/09_shooter.py"",""pyxel_snake"":""games/pyxel/07_snake.py"",""space_rescue"":""games/pyxel/apps-src/space_rescue/space_rescue.py""}","{""mega_wing"":""86bad6c02a303806c58137503739241dc6b1e86695f7c0dbf672b5e1a1464e9f"",""pyxel_shooter"":""0f53e4156907eac41080a8f289e22c89365b3239517c754cf59a51af201d5563"",""pyxel_snake"":""bc533fef92d1d358e570f69d979919fe5c1cd8c4da49841104b49a1e661a5ac3"",""space_rescue"":""f3b0ab6784ae558e64f06a3f0a704e53f107a130aa3d43357659d0850131e461""}",edf4888e8dcf94da7eeacb25087486d2bc609b551546f2cb9cde3b9fc5ca240d
2,102,formal-effectiveness-v1__colocation__daylight+mega_wing+pyxel_jump__cpu_compute__p100__r02,formal-effectiveness-v1,colocation-main,train,colocation,"[""daylight"",""mega_wing"",""pyxel_jump""]",daylight,"[""mega_wing"",""pyxel_jump""]",daylight+mega_wing+pyxel_jump,daylight+mega_wing+pyxel_jump__r02,cpu_compute,1,1,2,7222004332748656175,10,30,1,10,windows-rtx4060,0,0,grid_2x2,true,80,a3dff8e23947af7a1f707a1f42d8f93c174f4319793309adacb9ca4b12aff028,0fd49623591e8e13e140a1551085bea01e08e9c3,data/raw/formal-effectiveness-v1/formal-effectiveness-v1__colocation__daylight+mega_wing+pyxel_jump__cpu_compute__p100__r02,"{""daylight"":""games/pyxel/apps-src/30SecondsOfDaylight/src/main.py"",""mega_wing"":""games/pyxel/apps-src/mega_wing/mega_wing.py"",""pyxel_jump"":""games/pyxel/02_jump_game.py""}","{""daylight"":""21a365375249e9d7ea05e78dcfe040f09cc1f0c66bd410bae084190c743a028f"",""mega_wing"":""86bad6c02a303806c58137503739241dc6b1e86695f7c0dbf672b5e1a1464e9f"",""pyxel_jump"":""4743a825f1c9cae7e049ac52115f4ecf83350db546c00745a54af187d7bc2e46""}",e6698686f6253965064175aca6cde81f92976851659a5c838d15d4eae217b0b5
2,103,formal-effectiveness-v1__colocation__daylight+mega_wing+pyxel_snake__cpu_compute__p100__r02,formal-effectiveness-v1,colocation-main,train,colocation,"[""daylight"",""mega_wing"",""pyxel_snake""]",daylight,"[""mega_wing"",""pyxel_snake""]",daylight+mega_wing+pyxel_snake,daylight+mega_wing+pyxel_snake__r02,cpu_compute,1,1,2,16449235478986671915,10,30,1,10,windows-rtx4060,0,0,grid_2x2,true,80,a3dff8e23947af7a1f707a1f42d8f93c174f4319793309adacb9ca4b12aff028,0fd49623591e8e13e140a1551085bea01e08e9c3,data/raw/formal-effectiveness-v1/formal-effectiveness-v1__colocation__daylight+mega_wing+pyxel_snake__cpu_compute__p100__r02,"{""daylight"":""games/pyxel/apps-src/30SecondsOfDaylight/src/main.py"",""mega_wing"":""games/pyxel/apps-src/mega_wing/mega_wing.py"",""pyxel_snake"":""games/pyxel/07_snake.py""}","{""daylight"":""21a365375249e9d7ea05e78dcfe040f09cc1f0c66bd410bae084190c743a028f"",""mega_wing"":""86bad6c02a303806c58137503739241dc6b1e86695f7c0dbf672b5e1a1464e9f"",""pyxel_snake"":""bc533fef92d1d358e570f69d979919fe5c1cd8c4da49841104b49a1e661a5ac3""}",476b913dff7a62dfc8c84632614ed4beb6abc34d33cf62e28537d0135b5d2f99
2,104,formal-effectiveness-v1__colocation__mega_wing+pyxel_bubbles__cpu_compute__p100__r03,formal-effectiveness-v1,colocation-main,test,colocation,"[""mega_wing"",""pyxel_bubbles""]",mega_wing,"[""pyxel_bubbles""]",mega_wing+pyxel_bubbles,mega_wing+pyxel_bubbles__r03,cpu_compute,1,1,3,3866551881507876657,10,30,1,10,windows-rtx4060,0,0,grid_2x2,true,80,a3dff8e23947af7a1f707a1f42d8f93c174f4319793309adacb9ca4b12aff028,0fd49623591e8e13e140a1551085bea01e08e9c3,data/raw/formal-effectiveness-v1/formal-effectiveness-v1__colocation__mega_wing+pyxel_bubbles__cpu_compute__p100__r03,"{""mega_wing"":""games/pyxel/apps-src/mega_wing/mega_wing.py"",""pyxel_bubbles"":""games/pyxel/06_click_game.py""}","{""mega_wing"":""86bad6c02a303806c58137503739241dc6b1e86695f7c0dbf672b5e1a1464e9f"",""pyxel_bubbles"":""54c101e90bdaed839ac4c4284494530d5df37a5819a35f1e41eebb0b3da5d900""}",4fbe2f5983d6e1e1cab8c971aa64e96ef629ef0e3a4c82cb07bbfa6af23fa5c1
2,105,formal-effectiveness-v1__colocation__pyxel_jump+pyxel_platformer__cpu_compute__p100__r01,formal-effectiveness-v1,colocation-main,train,colocation,"[""pyxel_jump"",""pyxel_platformer""]",pyxel_jump,"[""pyxel_platformer""]",pyxel_jump+pyxel_platformer,pyxel_jump+pyxel_platformer__r01,cpu_compute,1,1,1,2222832000482788960,10,30,1,10,windows-rtx4060,0,0,grid_2x2,true,80,a3dff8e23947af7a1f707a1f42d8f93c174f4319793309adacb9ca4b12aff028,0fd49623591e8e13e140a1551085bea01e08e9c3,data/raw/formal-effectiveness-v1/formal-effectiveness-v1__colocation__pyxel_jump+pyxel_platformer__cpu_compute__p100__r01,"{""pyxel_jump"":""games/pyxel/02_jump_game.py"",""pyxel_platformer"":""games/pyxel/10_platformer.py""}","{""pyxel_jump"":""4743a825f1c9cae7e049ac52115f4ecf83350db546c00745a54af187d7bc2e46"",""pyxel_platformer"":""1b2c75b49dc9ab0254fb4b724682a4787868814a38d2f08920720dc5b6007ac5""}",2cc164701774b7dc76944c288b6e5ff1d60e87b162ff754576d0dd06da1a095f
2,106,formal-effectiveness-v1__colocation__daylight+mega_wing+space_rescue__cpu_compute__p100__r01,formal-effectiveness-v1,colocation-main,train,colocation,"[""daylight"",""mega_wing"",""space_rescue""]",daylight,"[""mega_wing"",""space_rescue""]",daylight+mega_wing+space_rescue,daylight+mega_wing+space_rescue__r01,cpu_compute,1,1,1,15957915614535664156,10,30,1,10,windows-rtx4060,0,0,grid_2x2,true,80,a3dff8e23947af7a1f707a1f42d8f93c174f4319793309adacb9ca4b12aff028,0fd49623591e8e13e140a1551085bea01e08e9c3,data/raw/formal-effectiveness-v1/formal-effectiveness-v1__colocation__daylight+mega_wing+space_rescue__cpu_compute__p100__r01,"{""daylight"":""games/pyxel/apps-src/30SecondsOfDaylight/src/main.py"",""mega_wing"":""games/pyxel/apps-src/mega_wing/mega_wing.py"",""space_rescue"":""games/pyxel/apps-src/space_rescue/space_rescue.py""}","{""daylight"":""21a365375249e9d7ea05e78dcfe040f09cc1f0c66bd410bae084190c743a028f"",""mega_wing"":""86bad6c02a303806c58137503739241dc6b1e86695f7c0dbf672b5e1a1464e9f"",""space_rescue"":""f3b0ab6784ae558e64f06a3f0a704e53f107a130aa3d43357659d0850131e461""}",f9dd83388ca4870ce365c4fb32cf6d3159f071258c4d1c78bd808c94054f302b
2,107,formal-effectiveness-v1__colocation__pyxel_jump+pyxel_shooter+space_rescue__cpu_compute__p100__r01,formal-effectiveness-v1,colocation-main,validation,colocation,"[""pyxel_jump"",""pyxel_shooter"",""space_rescue""]",pyxel_jump,"[""pyxel_shooter"",""space_rescue""]",pyxel_jump+pyxel_shooter+space_rescue,pyxel_jump+pyxel_shooter+space_rescue__r01,cpu_compute,1,1,1,10585855373280229993,10,30,1,10,windows-rtx4060,0,0,grid_2x2,true,80,a3dff8e23947af7a1f707a1f42d8f93c174f4319793309adacb9ca4b12aff028,0fd49623591e8e13e140a1551085bea01e08e9c3,data/raw/formal-effectiveness-v1/formal-effectiveness-v1__colocation__pyxel_jump+pyxel_shooter+space_rescue__cpu_compute__p100__r01,"{""pyxel_jump"":""games/pyxel/02_jump_game.py"",""pyxel_shooter"":""games/pyxel/09_shooter.py"",""space_rescue"":""games/pyxel/apps-src/space_rescue/space_rescue.py""}","{""pyxel_jump"":""4743a825f1c9cae7e049ac52115f4ecf83350db546c00745a54af187d7bc2e46"",""pyxel_shooter"":""0f53e4156907eac41080a8f289e22c89365b3239517c754cf59a51af201d5563"",""space_rescue"":""f3b0ab6784ae558e64f06a3f0a704e53f107a130aa3d43357659d0850131e461""}",441eebc48194fda467b1195e29ca98dfafeb9d895784644e6f1eddfeaf95052c
2,108,formal-effectiveness-v1__colocation__daylight+pyxel_snake__cpu_compute__p100__r03,formal-effectiveness-v1,colocation-main,train,colocation,"[""daylight"",""pyxel_snake""]",daylight,"[""pyxel_snake""]",daylight+pyxel_snake,daylight+pyxel_snake__r03,cpu_compute,1,1,3,7978178955031978726,10,30,1,10,windows-rtx4060,0,0,grid_2x2,true,80,a3dff8e23947af7a1f707a1f42d8f93c174f4319793309adacb9ca4b12aff028,0fd49623591e8e13e140a1551085bea01e08e9c3,data/raw/formal-effectiveness-v1/formal-effectiveness-v1__colocation__daylight+pyxel_snake__cpu_compute__p100__r03,"{""daylight"":""games/pyxel/apps-src/30SecondsOfDaylight/src/main.py"",""pyxel_snake"":""games/pyxel/07_snake.py""}","{""daylight"":""21a365375249e9d7ea05e78dcfe040f09cc1f0c66bd410bae084190c743a028f"",""pyxel_snake"":""bc533fef92d1d358e570f69d979919fe5c1cd8c4da49841104b49a1e661a5ac3""}",15674f56414a886a0c0b90a5ac6ce495bf910c97b6b9d90d46c860eec471b1a9
2,109,formal-effectiveness-v1__colocation__mega_wing+pyxel_platformer__cpu_compute__p100__r01,formal-effectiveness-v1,colocation-main,test,colocation,"[""mega_wing"",""pyxel_platformer""]",mega_wing,"[""pyxel_platformer""]",mega_wing+pyxel_platformer,mega_wing+pyxel_platformer__r01,cpu_compute,1,1,1,9144383866124476024,10,30,1,10,windows-rtx4060,0,0,grid_2x2,true,80,a3dff8e23947af7a1f707a1f42d8f93c174f4319793309adacb9ca4b12aff028,0fd49623591e8e13e140a1551085bea01e08e9c3,data/raw/formal-effectiveness-v1/formal-effectiveness-v1__colocation__mega_wing+pyxel_platformer__cpu_compute__p100__r01,"{""mega_wing"":""games/pyxel/apps-src/mega_wing/mega_wing.py"",""pyxel_platformer"":""games/pyxel/10_platformer.py""}","{""mega_wing"":""86bad6c02a303806c58137503739241dc6b1e86695f7c0dbf672b5e1a1464e9f"",""pyxel_platformer"":""1b2c75b49dc9ab0254fb4b724682a4787868814a38d2f08920720dc5b6007ac5""}",1c11b122adbd12587cd19b928e7e95c0c8a1f13707edabaa0c5cd07fc0cb46ef
2,110,formal-effectiveness-v1__colocation__mega_wing+pyxel_bubbles+pyxel_jump__cpu_compute__p100__r01,formal-effectiveness-v1,colocation-main,train,colocation,"[""mega_wing"",""pyxel_bubbles"",""pyxel_jump""]",mega_wing,"[""pyxel_bubbles"",""pyxel_jump""]",mega_wing+pyxel_bubbles+pyxel_jump,mega_wing+pyxel_bubbles+pyxel_jump__r01,cpu_compute,1,1,1,12568386172004482002,10,30,1,10,windows-rtx4060,0,0,grid_2x2,true,80,a3dff8e23947af7a1f707a1f42d8f93c174f4319793309adacb9ca4b12aff028,0fd49623591e8e13e140a1551085bea01e08e9c3,data/raw/formal-effectiveness-v1/formal-effectiveness-v1__colocation__mega_wing+pyxel_bubbles+pyxel_jump__cpu_compute__p100__r01,"{""mega_wing"":""games/pyxel/apps-src/mega_wing/mega_wing.py"",""pyxel_bubbles"":""games/pyxel/06_click_game.py"",""pyxel_jump"":""games/pyxel/02_jump_game.py""}","{""mega_wing"":""86bad6c02a303806c58137503739241dc6b1e86695f7c0dbf672b5e1a1464e9f"",""pyxel_bubbles"":""54c101e90bdaed839ac4c4284494530d5df37a5819a35f1e41eebb0b3da5d900"",""pyxel_jump"":""4743a825f1c9cae7e049ac52115f4ecf83350db546c00745a54af187d7bc2e46""}",06b2097dca209d23fd5ff90cf586e42be80e7cd149b856e773186591b3642cc4
2,111,formal-effectiveness-v1__colocation__pyxel_platformer+space_rescue__cpu_compute__p100__r03,formal-effectiveness-v1,colocation-main,train,colocation,"[""pyxel_platformer"",""space_rescue""]",pyxel_platformer,"[""space_rescue""]",pyxel_platformer+space_rescue,pyxel_platformer+space_rescue__r03,cpu_compute,1,1,3,12216575843737977223,10,30,1,10,windows-rtx4060,0,0,grid_2x2,true,80,a3dff8e23947af7a1f707a1f42d8f93c174f4319793309adacb9ca4b12aff028,0fd49623591e8e13e140a1551085bea01e08e9c3,data/raw/formal-effectiveness-v1/formal-effectiveness-v1__colocation__pyxel_platformer+space_rescue__cpu_compute__p100__r03,"{""pyxel_platformer"":""games/pyxel/10_platformer.py"",""space_rescue"":""games/pyxel/apps-src/space_rescue/space_rescue.py""}","{""pyxel_platformer"":""1b2c75b49dc9ab0254fb4b724682a4787868814a38d2f08920720dc5b6007ac5"",""space_rescue"":""f3b0ab6784ae558e64f06a3f0a704e53f107a130aa3d43357659d0850131e461""}",2990a97db49424aee6524590b307da955fc3e1bed52adab2fdc7afdf354752c6
2,112,formal-effectiveness-v1__colocation__pyxel_platformer+pyxel_snake+space_rescue__cpu_compute__p100__r01,formal-effectiveness-v1,colocation-main,validation,colocation,"[""pyxel_platformer"",""pyxel_snake"",""space_rescue""]",pyxel_platformer,"[""pyxel_snake"",""space_rescue""]",pyxel_platformer+pyxel_snake+space_rescue,pyxel_platformer+pyxel_snake+space_rescue__r01,cpu_compute,1,1,1,166779263219510929,10,30,1,10,windows-rtx4060,0,0,grid_2x2,true,80,a3dff8e23947af7a1f707a1f42d8f93c174f4319793309adacb9ca4b12aff028,0fd49623591e8e13e140a1551085bea01e08e9c3,data/raw/formal-effectiveness-v1/formal-effectiveness-v1__colocation__pyxel_platformer+pyxel_snake+space_rescue__cpu_compute__p100__r01,"{""pyxel_platformer"":""games/pyxel/10_platformer.py"",""pyxel_snake"":""games/pyxel/07_snake.py"",""space_rescue"":""games/pyxel/apps-src/space_rescue/space_rescue.py""}","{""pyxel_platformer"":""1b2c75b49dc9ab0254fb4b724682a4787868814a38d2f08920720dc5b6007ac5"",""pyxel_snake"":""bc533fef92d1d358e570f69d979919fe5c1cd8c4da49841104b49a1e661a5ac3"",""space_rescue"":""f3b0ab6784ae558e64f06a3f0a704e53f107a130aa3d43357659d0850131e461""}",09726c9de2f100a9c8dda880fb1864fb7677dbffb2ae6176d6e33a18cd4e9017
2,113,formal-effectiveness-v1__colocation__pyxel_bubbles+pyxel_jump+pyxel_snake__cpu_compute__p100__r02,formal-effectiveness-v1,colocation-main,train,colocation,"[""pyxel_bubbles"",""pyxel_jump"",""pyxel_snake""]",pyxel_bubbles,"[""pyxel_jump"",""pyxel_snake""]",pyxel_bubbles+pyxel_jump+pyxel_snake,pyxel_bubbles+pyxel_jump+pyxel_snake__r02,cpu_compute,1,1,2,18007583804090981825,10,30,1,10,windows-rtx4060,0,0,grid_2x2,true,80,a3dff8e23947af7a1f707a1f42d8f93c174f4319793309adacb9ca4b12aff028,0fd49623591e8e13e140a1551085bea01e08e9c3,data/raw/formal-effectiveness-v1/formal-effectiveness-v1__colocation__pyxel_bubbles+pyxel_jump+pyxel_snake__cpu_compute__p100__r02,"{""pyxel_bubbles"":""games/pyxel/06_click_game.py"",""pyxel_jump"":""games/pyxel/02_jump_game.py"",""pyxel_snake"":""games/pyxel/07_snake.py""}","{""pyxel_bubbles"":""54c101e90bdaed839ac4c4284494530d5df37a5819a35f1e41eebb0b3da5d900"",""pyxel_jump"":""4743a825f1c9cae7e049ac52115f4ecf83350db546c00745a54af187d7bc2e46"",""pyxel_snake"":""bc533fef92d1d358e570f69d979919fe5c1cd8c4da49841104b49a1e661a5ac3""}",8052f23bfb99694d1713f655a8c3485e331a584cc469773e549429beed4f96e4
2,114,formal-effectiveness-v1__colocation__pyxel_shooter+pyxel_snake+space_rescue__cpu_compute__p100__r01,formal-effectiveness-v1,colocation-main,validation,colocation,"[""pyxel_shooter"",""pyxel_snake"",""space_rescue""]",pyxel_shooter,"[""pyxel_snake"",""space_rescue""]",pyxel_shooter+pyxel_snake+space_rescue,pyxel_shooter+pyxel_snake+space_rescue__r01,cpu_compute,1,1,1,6654188469517042076,10,30,1,10,windows-rtx4060,0,0,grid_2x2,true,80,a3dff8e23947af7a1f707a1f42d8f93c174f4319793309adacb9ca4b12aff028,0fd49623591e8e13e140a1551085bea01e08e9c3,data/raw/formal-effectiveness-v1/formal-effectiveness-v1__colocation__pyxel_shooter+pyxel_snake+space_rescue__cpu_compute__p100__r01,"{""pyxel_shooter"":""games/pyxel/09_shooter.py"",""pyxel_snake"":""games/pyxel/07_snake.py"",""space_rescue"":""games/pyxel/apps-src/space_rescue/space_rescue.py""}","{""pyxel_shooter"":""0f53e4156907eac41080a8f289e22c89365b3239517c754cf59a51af201d5563"",""pyxel_snake"":""bc533fef92d1d358e570f69d979919fe5c1cd8c4da49841104b49a1e661a5ac3"",""space_rescue"":""f3b0ab6784ae558e64f06a3f0a704e53f107a130aa3d43357659d0850131e461""}",4073d669f98a355e3c97656e95def901fee0df695e3e9292aaf6fb3c07f0d0f2
2,115,formal-effectiveness-v1__colocation__mega_wing+pyxel_jump+pyxel_platformer__cpu_compute__p100__r01,formal-effectiveness-v1,colocation-main,train,colocation,"[""mega_wing"",""pyxel_jump"",""pyxel_platformer""]",mega_wing,"[""pyxel_jump"",""pyxel_platformer""]",mega_wing+pyxel_jump+pyxel_platformer,mega_wing+pyxel_jump+pyxel_platformer__r01,cpu_compute,1,1,1,7191685246271050818,10,30,1,10,windows-rtx4060,0,0,grid_2x2,true,80,a3dff8e23947af7a1f707a1f42d8f93c174f4319793309adacb9ca4b12aff028,0fd49623591e8e13e140a1551085bea01e08e9c3,data/raw/formal-effectiveness-v1/formal-effectiveness-v1__colocation__mega_wing+pyxel_jump+pyxel_platformer__cpu_compute__p100__r01,"{""mega_wing"":""games/pyxel/apps-src/mega_wing/mega_wing.py"",""pyxel_jump"":""games/pyxel/02_jump_game.py"",""pyxel_platformer"":""games/pyxel/10_platformer.py""}","{""mega_wing"":""86bad6c02a303806c58137503739241dc6b1e86695f7c0dbf672b5e1a1464e9f"",""pyxel_jump"":""4743a825f1c9cae7e049ac52115f4ecf83350db546c00745a54af187d7bc2e46"",""pyxel_platformer"":""1b2c75b49dc9ab0254fb4b724682a4787868814a38d2f08920720dc5b6007ac5""}",613990336c215597bd42abb6891d8a986882c0fcd73d9200744ff81109eb3944
2,116,formal-effectiveness-v1__colocation__daylight+pyxel_jump+pyxel_shooter__cpu_compute__p100__r02,formal-effectiveness-v1,colocation-main,train,colocation,"[""daylight"",""pyxel_jump"",""pyxel_shooter""]",daylight,"[""pyxel_jump"",""pyxel_shooter""]",daylight+pyxel_jump+pyxel_shooter,daylight+pyxel_jump+pyxel_shooter__r02,cpu_compute,1,1,2,2064611591229211055,10,30,1,10,windows-rtx4060,0,0,grid_2x2,true,80,a3dff8e23947af7a1f707a1f42d8f93c174f4319793309adacb9ca4b12aff028,0fd49623591e8e13e140a1551085bea01e08e9c3,data/raw/formal-effectiveness-v1/formal-effectiveness-v1__colocation__daylight+pyxel_jump+pyxel_shooter__cpu_compute__p100__r02,"{""daylight"":""games/pyxel/apps-src/30SecondsOfDaylight/src/main.py"",""pyxel_jump"":""games/pyxel/02_jump_game.py"",""pyxel_shooter"":""games/pyxel/09_shooter.py""}","{""daylight"":""21a365375249e9d7ea05e78dcfe040f09cc1f0c66bd410bae084190c743a028f"",""pyxel_jump"":""4743a825f1c9cae7e049ac52115f4ecf83350db546c00745a54af187d7bc2e46"",""pyxel_shooter"":""0f53e4156907eac41080a8f289e22c89365b3239517c754cf59a51af201d5563""}",e775b40fd56393a583b4ec45bf172821c013bbbd3d9e7edc87acc1003ad01fa4
2,117,formal-effectiveness-v1__colocation__pyxel_jump+pyxel_shooter__cpu_compute__p100__r01,formal-effectiveness-v1,colocation-main,train,colocation,"[""pyxel_jump"",""pyxel_shooter""]",pyxel_jump,"[""pyxel_shooter""]",pyxel_jump+pyxel_shooter,pyxel_jump+pyxel_shooter__r01,cpu_compute,1,1,1,11687499499354652478,10,30,1,10,windows-rtx4060,0,0,grid_2x2,true,80,a3dff8e23947af7a1f707a1f42d8f93c174f4319793309adacb9ca4b12aff028,0fd49623591e8e13e140a1551085bea01e08e9c3,data/raw/formal-effectiveness-v1/formal-effectiveness-v1__colocation__pyxel_jump+pyxel_shooter__cpu_compute__p100__r01,"{""pyxel_jump"":""games/pyxel/02_jump_game.py"",""pyxel_shooter"":""games/pyxel/09_shooter.py""}","{""pyxel_jump"":""4743a825f1c9cae7e049ac52115f4ecf83350db546c00745a54af187d7bc2e46"",""pyxel_shooter"":""0f53e4156907eac41080a8f289e22c89365b3239517c754cf59a51af201d5563""}",b225f4f9aae2890586d50b3456e16642850b8cc0077252dc1ea8a0030ac6b896
2,118,formal-effectiveness-v1__colocation__daylight+pyxel_bubbles+pyxel_platformer__cpu_compute__p100__r03,formal-effectiveness-v1,colocation-main,test,colocation,"[""daylight"",""pyxel_bubbles"",""pyxel_platformer""]",daylight,"[""pyxel_bubbles"",""pyxel_platformer""]",daylight+pyxel_bubbles+pyxel_platformer,daylight+pyxel_bubbles+pyxel_platformer__r03,cpu_compute,1,1,3,12678075072709660838,10,30,1,10,windows-rtx4060,0,0,grid_2x2,true,80,a3dff8e23947af7a1f707a1f42d8f93c174f4319793309adacb9ca4b12aff028,0fd49623591e8e13e140a1551085bea01e08e9c3,data/raw/formal-effectiveness-v1/formal-effectiveness-v1__colocation__daylight+pyxel_bubbles+pyxel_platformer__cpu_compute__p100__r03,"{""daylight"":""games/pyxel/apps-src/30SecondsOfDaylight/src/main.py"",""pyxel_bubbles"":""games/pyxel/06_click_game.py"",""pyxel_platformer"":""games/pyxel/10_platformer.py""}","{""daylight"":""21a365375249e9d7ea05e78dcfe040f09cc1f0c66bd410bae084190c743a028f"",""pyxel_bubbles"":""54c101e90bdaed839ac4c4284494530d5df37a5819a35f1e41eebb0b3da5d900"",""pyxel_platformer"":""1b2c75b49dc9ab0254fb4b724682a4787868814a38d2f08920720dc5b6007ac5""}",2061abd1ad6377d8196c8f6439e8a509084761f9dc37462f36f67042a048d70d
2,119,formal-effectiveness-v1__colocation__daylight+mega_wing__cpu_compute__p100__r02,formal-effectiveness-v1,colocation-main,test,colocation,"[""daylight"",""mega_wing""]",daylight,"[""mega_wing""]",daylight+mega_wing,daylight+mega_wing__r02,cpu_compute,1,1,2,6551194622992065329,10,30,1,10,windows-rtx4060,0,0,grid_2x2,true,80,a3dff8e23947af7a1f707a1f42d8f93c174f4319793309adacb9ca4b12aff028,0fd49623591e8e13e140a1551085bea01e08e9c3,data/raw/formal-effectiveness-v1/formal-effectiveness-v1__colocation__daylight+mega_wing__cpu_compute__p100__r02,"{""daylight"":""games/pyxel/apps-src/30SecondsOfDaylight/src/main.py"",""mega_wing"":""games/pyxel/apps-src/mega_wing/mega_wing.py""}","{""daylight"":""21a365375249e9d7ea05e78dcfe040f09cc1f0c66bd410bae084190c743a028f"",""mega_wing"":""86bad6c02a303806c58137503739241dc6b1e86695f7c0dbf672b5e1a1464e9f""}",5430423d250ce49ecb70245d59c53e22213af0d56c6ed1ce3e0060907fb3c434
2,120,formal-effectiveness-v1__colocation__pyxel_snake+space_rescue__cpu_compute__p100__r02,formal-effectiveness-v1,colocation-main,train,colocation,"[""pyxel_snake"",""space_rescue""]",pyxel_snake,"[""space_rescue""]",pyxel_snake+space_rescue,pyxel_snake+space_rescue__r02,cpu_compute,1,1,2,812211289709381654,10,30,1,10,windows-rtx4060,0,0,grid_2x2,true,80,a3dff8e23947af7a1f707a1f42d8f93c174f4319793309adacb9ca4b12aff028,0fd49623591e8e13e140a1551085bea01e08e9c3,data/raw/formal-effectiveness-v1/formal-effectiveness-v1__colocation__pyxel_snake+space_rescue__cpu_compute__p100__r02,"{""pyxel_snake"":""games/pyxel/07_snake.py"",""space_rescue"":""games/pyxel/apps-src/space_rescue/space_rescue.py""}","{""pyxel_snake"":""bc533fef92d1d358e570f69d979919fe5c1cd8c4da49841104b49a1e661a5ac3"",""space_rescue"":""f3b0ab6784ae558e64f06a3f0a704e53f107a130aa3d43357659d0850131e461""}",12b49e0c9fc51183b65537388dff5bc1bfe5b450e1f025acbae1b9566849e619
2,121,formal-effectiveness-v1__colocation__mega_wing+pyxel_bubbles__cpu_compute__p100__r02,formal-effectiveness-v1,colocation-main,test,colocation,"[""mega_wing"",""pyxel_bubbles""]",mega_wing,"[""pyxel_bubbles""]",mega_wing+pyxel_bubbles,mega_wing+pyxel_bubbles__r02,cpu_compute,1,1,2,17747459958470337110,10,30,1,10,windows-rtx4060,0,0,grid_2x2,true,80,a3dff8e23947af7a1f707a1f42d8f93c174f4319793309adacb9ca4b12aff028,0fd49623591e8e13e140a1551085bea01e08e9c3,data/raw/formal-effectiveness-v1/formal-effectiveness-v1__colocation__mega_wing+pyxel_bubbles__cpu_compute__p100__r02,"{""mega_wing"":""games/pyxel/apps-src/mega_wing/mega_wing.py"",""pyxel_bubbles"":""games/pyxel/06_click_game.py""}","{""mega_wing"":""86bad6c02a303806c58137503739241dc6b1e86695f7c0dbf672b5e1a1464e9f"",""pyxel_bubbles"":""54c101e90bdaed839ac4c4284494530d5df37a5819a35f1e41eebb0b3da5d900""}",df505e05b8524d7df3a37b5ca157b874820ae81a39e6d56b616416c75b307e24
2,122,formal-effectiveness-v1__colocation__daylight+mega_wing+pyxel_jump__cpu_compute__p100__r03,formal-effectiveness-v1,colocation-main,train,colocation,"[""daylight"",""mega_wing"",""pyxel_jump""]",daylight,"[""mega_wing"",""pyxel_jump""]",daylight+mega_wing+pyxel_jump,daylight+mega_wing+pyxel_jump__r03,cpu_compute,1,1,3,7795244758432961513,10,30,1,10,windows-rtx4060,0,0,grid_2x2,true,80,a3dff8e23947af7a1f707a1f42d8f93c174f4319793309adacb9ca4b12aff028,0fd49623591e8e13e140a1551085bea01e08e9c3,data/raw/formal-effectiveness-v1/formal-effectiveness-v1__colocation__daylight+mega_wing+pyxel_jump__cpu_compute__p100__r03,"{""daylight"":""games/pyxel/apps-src/30SecondsOfDaylight/src/main.py"",""mega_wing"":""games/pyxel/apps-src/mega_wing/mega_wing.py"",""pyxel_jump"":""games/pyxel/02_jump_game.py""}","{""daylight"":""21a365375249e9d7ea05e78dcfe040f09cc1f0c66bd410bae084190c743a028f"",""mega_wing"":""86bad6c02a303806c58137503739241dc6b1e86695f7c0dbf672b5e1a1464e9f"",""pyxel_jump"":""4743a825f1c9cae7e049ac52115f4ecf83350db546c00745a54af187d7bc2e46""}",4978dc1cb16750a0c4db70b4c76852b634c5fc64ddcac9778802f647d6ee3eb6
2,123,formal-effectiveness-v1__extra__mega_wing+pyxel_bubbles+pyxel_jump+space_rescue__cpu_compute__p100__r03,formal-effectiveness-v1,colocation-extra-test,extra_test,extra_test,"[""mega_wing"",""pyxel_bubbles"",""pyxel_jump"",""space_rescue""]",mega_wing,"[""pyxel_bubbles"",""pyxel_jump"",""space_rescue""]",mega_wing+pyxel_bubbles+pyxel_jump+space_rescue,mega_wing+pyxel_bubbles+pyxel_jump+space_rescue__r03,cpu_compute,1,1,3,7783474005910821502,10,30,1,10,windows-rtx4060,0,0,grid_2x2,true,80,a3dff8e23947af7a1f707a1f42d8f93c174f4319793309adacb9ca4b12aff028,0fd49623591e8e13e140a1551085bea01e08e9c3,data/raw/formal-effectiveness-v1/formal-effectiveness-v1__extra__mega_wing+pyxel_bubbles+pyxel_jump+space_rescue__cpu_compute__p100__r03,"{""mega_wing"":""games/pyxel/apps-src/mega_wing/mega_wing.py"",""pyxel_bubbles"":""games/pyxel/06_click_game.py"",""pyxel_jump"":""games/pyxel/02_jump_game.py"",""space_rescue"":""games/pyxel/apps-src/space_rescue/space_rescue.py""}","{""mega_wing"":""86bad6c02a303806c58137503739241dc6b1e86695f7c0dbf672b5e1a1464e9f"",""pyxel_bubbles"":""54c101e90bdaed839ac4c4284494530d5df37a5819a35f1e41eebb0b3da5d900"",""pyxel_jump"":""4743a825f1c9cae7e049ac52115f4ecf83350db546c00745a54af187d7bc2e46"",""space_rescue"":""f3b0ab6784ae558e64f06a3f0a704e53f107a130aa3d43357659d0850131e461""}",a2c11c6a2e8cac55126b7363223760cb78dd011224484c187ed89e661eeae17a
2,124,formal-effectiveness-v1__colocation__pyxel_platformer+space_rescue__cpu_compute__p100__r01,formal-effectiveness-v1,colocation-main,train,colocation,"[""pyxel_platformer"",""space_rescue""]",pyxel_platformer,"[""space_rescue""]",pyxel_platformer+space_rescue,pyxel_platformer+space_rescue__r01,cpu_compute,1,1,1,2131886455317589181,10,30,1,10,windows-rtx4060,0,0,grid_2x2,true,80,a3dff8e23947af7a1f707a1f42d8f93c174f4319793309adacb9ca4b12aff028,0fd49623591e8e13e140a1551085bea01e08e9c3,data/raw/formal-effectiveness-v1/formal-effectiveness-v1__colocation__pyxel_platformer+space_rescue__cpu_compute__p100__r01,"{""pyxel_platformer"":""games/pyxel/10_platformer.py"",""space_rescue"":""games/pyxel/apps-src/space_rescue/space_rescue.py""}","{""pyxel_platformer"":""1b2c75b49dc9ab0254fb4b724682a4787868814a38d2f08920720dc5b6007ac5"",""space_rescue"":""f3b0ab6784ae558e64f06a3f0a704e53f107a130aa3d43357659d0850131e461""}",e70b54af6d019aecb6415985b77f113c2dad0f04d46e4311c66f18b8b3050c0c
2,125,formal-effectiveness-v1__colocation__daylight+pyxel_jump__cpu_compute__p100__r02,formal-effectiveness-v1,colocation-main,test,colocation,"[""daylight"",""pyxel_jump""]",daylight,"[""pyxel_jump""]",daylight+pyxel_jump,daylight+pyxel_jump__r02,cpu_compute,1,1,2,9029325478432763297,10,30,1,10,windows-rtx4060,0,0,grid_2x2,true,80,a3dff8e23947af7a1f707a1f42d8f93c174f4319793309adacb9ca4b12aff028,0fd49623591e8e13e140a1551085bea01e08e9c3,data/raw/formal-effectiveness-v1/formal-effectiveness-v1__colocation__daylight+pyxel_jump__cpu_compute__p100__r02,"{""daylight"":""games/pyxel/apps-src/30SecondsOfDaylight/src/main.py"",""pyxel_jump"":""games/pyxel/02_jump_game.py""}","{""daylight"":""21a365375249e9d7ea05e78dcfe040f09cc1f0c66bd410bae084190c743a028f"",""pyxel_jump"":""4743a825f1c9cae7e049ac52115f4ecf83350db546c00745a54af187d7bc2e46""}",de2dd03719b758565b3b87ca14bc330e4945b9bd8440d7a7768659174cfb4de8
2,126,formal-effectiveness-v1__colocation__mega_wing+space_rescue__cpu_compute__p100__r03,formal-effectiveness-v1,colocation-main,validation,colocation,"[""mega_wing"",""space_rescue""]",mega_wing,"[""space_rescue""]",mega_wing+space_rescue,mega_wing+space_rescue__r03,cpu_compute,1,1,3,11531573012873339119,10,30,1,10,windows-rtx4060,0,0,grid_2x2,true,80,a3dff8e23947af7a1f707a1f42d8f93c174f4319793309adacb9ca4b12aff028,0fd49623591e8e13e140a1551085bea01e08e9c3,data/raw/formal-effectiveness-v1/formal-effectiveness-v1__colocation__mega_wing+space_rescue__cpu_compute__p100__r03,"{""mega_wing"":""games/pyxel/apps-src/mega_wing/mega_wing.py"",""space_rescue"":""games/pyxel/apps-src/space_rescue/space_rescue.py""}","{""mega_wing"":""86bad6c02a303806c58137503739241dc6b1e86695f7c0dbf672b5e1a1464e9f"",""space_rescue"":""f3b0ab6784ae558e64f06a3f0a704e53f107a130aa3d43357659d0850131e461""}",5a270b8b989a8e90c5f1e7bdfc6b7a8e84f20558d385d9c5077d0b917667df62
2,127,formal-effectiveness-v1__colocation__mega_wing+pyxel_platformer__cpu_compute__p100__r02,formal-effectiveness-v1,colocation-main,test,colocation,"[""mega_wing"",""pyxel_platformer""]",mega_wing,"[""pyxel_platformer""]",mega_wing+pyxel_platformer,mega_wing+pyxel_platformer__r02,cpu_compute,1,1,2,1539321592536955873,10,30,1,10,windows-rtx4060,0,0,grid_2x2,true,80,a3dff8e23947af7a1f707a1f42d8f93c174f4319793309adacb9ca4b12aff028,0fd49623591e8e13e140a1551085bea01e08e9c3,data/raw/formal-effectiveness-v1/formal-effectiveness-v1__colocation__mega_wing+pyxel_platformer__cpu_compute__p100__r02,"{""mega_wing"":""games/pyxel/apps-src/mega_wing/mega_wing.py"",""pyxel_platformer"":""games/pyxel/10_platformer.py""}","{""mega_wing"":""86bad6c02a303806c58137503739241dc6b1e86695f7c0dbf672b5e1a1464e9f"",""pyxel_platformer"":""1b2c75b49dc9ab0254fb4b724682a4787868814a38d2f08920720dc5b6007ac5""}",cd72dcd26a44b5a46b84338808cc540c19d1ac4378902652c6295bf707162315
2,128,formal-effectiveness-v1__extra__daylight+pyxel_jump+pyxel_snake+space_rescue__cpu_compute__p100__r01,formal-effectiveness-v1,colocation-extra-test,extra_test,extra_test,"[""daylight"",""pyxel_jump"",""pyxel_snake"",""space_rescue""]",daylight,"[""pyxel_jump"",""pyxel_snake"",""space_rescue""]",daylight+pyxel_jump+pyxel_snake+space_rescue,daylight+pyxel_jump+pyxel_snake+space_rescue__r01,cpu_compute,1,1,1,9777641872591028060,10,30,1,10,windows-rtx4060,0,0,grid_2x2,true,80,a3dff8e23947af7a1f707a1f42d8f93c174f4319793309adacb9ca4b12aff028,0fd49623591e8e13e140a1551085bea01e08e9c3,data/raw/formal-effectiveness-v1/formal-effectiveness-v1__extra__daylight+pyxel_jump+pyxel_snake+space_rescue__cpu_compute__p100__r01,"{""daylight"":""games/pyxel/apps-src/30SecondsOfDaylight/src/main.py"",""pyxel_jump"":""games/pyxel/02_jump_game.py"",""pyxel_snake"":""games/pyxel/07_snake.py"",""space_rescue"":""games/pyxel/apps-src/space_rescue/space_rescue.py""}","{""daylight"":""21a365375249e9d7ea05e78dcfe040f09cc1f0c66bd410bae084190c743a028f"",""pyxel_jump"":""4743a825f1c9cae7e049ac52115f4ecf83350db546c00745a54af187d7bc2e46"",""pyxel_snake"":""bc533fef92d1d358e570f69d979919fe5c1cd8c4da49841104b49a1e661a5ac3"",""space_rescue"":""f3b0ab6784ae558e64f06a3f0a704e53f107a130aa3d43357659d0850131e461""}",0b98d4ce6b8943f28f8b7f2530aa0222f6e01c6edc15c205c77d93ac99f0509d
2,129,formal-effectiveness-v1__colocation__daylight+pyxel_bubbles+pyxel_jump__cpu_compute__p100__r01,formal-effectiveness-v1,colocation-main,test,colocation,"[""daylight"",""pyxel_bubbles"",""pyxel_jump""]",daylight,"[""pyxel_bubbles"",""pyxel_jump""]",daylight+pyxel_bubbles+pyxel_jump,daylight+pyxel_bubbles+pyxel_jump__r01,cpu_compute,1,1,1,10034402020970911095,10,30,1,10,windows-rtx4060,0,0,grid_2x2,true,80,a3dff8e23947af7a1f707a1f42d8f93c174f4319793309adacb9ca4b12aff028,0fd49623591e8e13e140a1551085bea01e08e9c3,data/raw/formal-effectiveness-v1/formal-effectiveness-v1__colocation__daylight+pyxel_bubbles+pyxel_jump__cpu_compute__p100__r01,"{""daylight"":""games/pyxel/apps-src/30SecondsOfDaylight/src/main.py"",""pyxel_bubbles"":""games/pyxel/06_click_game.py"",""pyxel_jump"":""games/pyxel/02_jump_game.py""}","{""daylight"":""21a365375249e9d7ea05e78dcfe040f09cc1f0c66bd410bae084190c743a028f"",""pyxel_bubbles"":""54c101e90bdaed839ac4c4284494530d5df37a5819a35f1e41eebb0b3da5d900"",""pyxel_jump"":""4743a825f1c9cae7e049ac52115f4ecf83350db546c00745a54af187d7bc2e46""}",4eafa885eeae2a6e6d801ae66fe7f56ef8b32f4a246c12349fdcf5a25ef862bd
2,130,formal-effectiveness-v1__colocation__mega_wing+pyxel_bubbles+pyxel_jump__cpu_compute__p100__r02,formal-effectiveness-v1,colocation-main,train,colocation,"[""mega_wing"",""pyxel_bubbles"",""pyxel_jump""]",mega_wing,"[""pyxel_bubbles"",""pyxel_jump""]",mega_wing+pyxel_bubbles+pyxel_jump,mega_wing+pyxel_bubbles+pyxel_jump__r02,cpu_compute,1,1,2,2229726004738622377,10,30,1,10,windows-rtx4060,0,0,grid_2x2,true,80,a3dff8e23947af7a1f707a1f42d8f93c174f4319793309adacb9ca4b12aff028,0fd49623591e8e13e140a1551085bea01e08e9c3,data/raw/formal-effectiveness-v1/formal-effectiveness-v1__colocation__mega_wing+pyxel_bubbles+pyxel_jump__cpu_compute__p100__r02,"{""mega_wing"":""games/pyxel/apps-src/mega_wing/mega_wing.py"",""pyxel_bubbles"":""games/pyxel/06_click_game.py"",""pyxel_jump"":""games/pyxel/02_jump_game.py""}","{""mega_wing"":""86bad6c02a303806c58137503739241dc6b1e86695f7c0dbf672b5e1a1464e9f"",""pyxel_bubbles"":""54c101e90bdaed839ac4c4284494530d5df37a5819a35f1e41eebb0b3da5d900"",""pyxel_jump"":""4743a825f1c9cae7e049ac52115f4ecf83350db546c00745a54af187d7bc2e46""}",4d569ad959fb30b144de8f212ce9c21a84436aaaca5a7dfc1a46c7e812cd06b8
2,131,formal-effectiveness-v1__colocation__pyxel_jump+pyxel_platformer+pyxel_snake__cpu_compute__p100__r02,formal-effectiveness-v1,colocation-main,train,colocation,"[""pyxel_jump"",""pyxel_platformer"",""pyxel_snake""]",pyxel_jump,"[""pyxel_platformer"",""pyxel_snake""]",pyxel_jump+pyxel_platformer+pyxel_snake,pyxel_jump+pyxel_platformer+pyxel_snake__r02,cpu_compute,1,1,2,16689545828599394491,10,30,1,10,windows-rtx4060,0,0,grid_2x2,true,80,a3dff8e23947af7a1f707a1f42d8f93c174f4319793309adacb9ca4b12aff028,0fd49623591e8e13e140a1551085bea01e08e9c3,data/raw/formal-effectiveness-v1/formal-effectiveness-v1__colocation__pyxel_jump+pyxel_platformer+pyxel_snake__cpu_compute__p100__r02,"{""pyxel_jump"":""games/pyxel/02_jump_game.py"",""pyxel_platformer"":""games/pyxel/10_platformer.py"",""pyxel_snake"":""games/pyxel/07_snake.py""}","{""pyxel_jump"":""4743a825f1c9cae7e049ac52115f4ecf83350db546c00745a54af187d7bc2e46"",""pyxel_platformer"":""1b2c75b49dc9ab0254fb4b724682a4787868814a38d2f08920720dc5b6007ac5"",""pyxel_snake"":""bc533fef92d1d358e570f69d979919fe5c1cd8c4da49841104b49a1e661a5ac3""}",da885ce1130b166f362c864bfe7c0187fca036b353a028235a10637859ab95c6
2,132,formal-effectiveness-v1__colocation__mega_wing+space_rescue__cpu_compute__p100__r02,formal-effectiveness-v1,colocation-main,validation,colocation,"[""mega_wing"",""space_rescue""]",mega_wing,"[""space_rescue""]",mega_wing+space_rescue,mega_wing+space_rescue__r02,cpu_compute,1,1,2,8060724843457176203,10,30,1,10,windows-rtx4060,0,0,grid_2x2,true,80,a3dff8e23947af7a1f707a1f42d8f93c174f4319793309adacb9ca4b12aff028,0fd49623591e8e13e140a1551085bea01e08e9c3,data/raw/formal-effectiveness-v1/formal-effectiveness-v1__colocation__mega_wing+space_rescue__cpu_compute__p100__r02,"{""mega_wing"":""games/pyxel/apps-src/mega_wing/mega_wing.py"",""space_rescue"":""games/pyxel/apps-src/space_rescue/space_rescue.py""}","{""mega_wing"":""86bad6c02a303806c58137503739241dc6b1e86695f7c0dbf672b5e1a1464e9f"",""space_rescue"":""f3b0ab6784ae558e64f06a3f0a704e53f107a130aa3d43357659d0850131e461""}",1f6ea115927bfcbfc63a0a9d03f03ce6ebb94f5b8d5d3d8443b20d584330c6f2
2,133,formal-effectiveness-v1__colocation__pyxel_bubbles+pyxel_jump+pyxel_platformer__cpu_compute__p100__r01,formal-effectiveness-v1,colocation-main,train,colocation,"[""pyxel_bubbles"",""pyxel_jump"",""pyxel_platformer""]",pyxel_bubbles,"[""pyxel_jump"",""pyxel_platformer""]",pyxel_bubbles+pyxel_jump+pyxel_platformer,pyxel_bubbles+pyxel_jump+pyxel_platformer__r01,cpu_compute,1,1,1,15472522791530990153,10,30,1,10,windows-rtx4060,0,0,grid_2x2,true,80,a3dff8e23947af7a1f707a1f42d8f93c174f4319793309adacb9ca4b12aff028,0fd49623591e8e13e140a1551085bea01e08e9c3,data/raw/formal-effectiveness-v1/formal-effectiveness-v1__colocation__pyxel_bubbles+pyxel_jump+pyxel_platformer__cpu_compute__p100__r01,"{""pyxel_bubbles"":""games/pyxel/06_click_game.py"",""pyxel_jump"":""games/pyxel/02_jump_game.py"",""pyxel_platformer"":""games/pyxel/10_platformer.py""}","{""pyxel_bubbles"":""54c101e90bdaed839ac4c4284494530d5df37a5819a35f1e41eebb0b3da5d900"",""pyxel_jump"":""4743a825f1c9cae7e049ac52115f4ecf83350db546c00745a54af187d7bc2e46"",""pyxel_platformer"":""1b2c75b49dc9ab0254fb4b724682a4787868814a38d2f08920720dc5b6007ac5""}",273d3403a452ab0c0b18a3219ad5d01d7bed035acc4d4534372713e73507490c
2,134,formal-effectiveness-v1__colocation__pyxel_jump+pyxel_platformer+space_rescue__cpu_compute__p100__r02,formal-effectiveness-v1,colocation-main,train,colocation,"[""pyxel_jump"",""pyxel_platformer"",""space_rescue""]",pyxel_jump,"[""pyxel_platformer"",""space_rescue""]",pyxel_jump+pyxel_platformer+space_rescue,pyxel_jump+pyxel_platformer+space_rescue__r02,cpu_compute,1,1,2,9238944108849120796,10,30,1,10,windows-rtx4060,0,0,grid_2x2,true,80,a3dff8e23947af7a1f707a1f42d8f93c174f4319793309adacb9ca4b12aff028,0fd49623591e8e13e140a1551085bea01e08e9c3,data/raw/formal-effectiveness-v1/formal-effectiveness-v1__colocation__pyxel_jump+pyxel_platformer+space_rescue__cpu_compute__p100__r02,"{""pyxel_jump"":""games/pyxel/02_jump_game.py"",""pyxel_platformer"":""games/pyxel/10_platformer.py"",""space_rescue"":""games/pyxel/apps-src/space_rescue/space_rescue.py""}","{""pyxel_jump"":""4743a825f1c9cae7e049ac52115f4ecf83350db546c00745a54af187d7bc2e46"",""pyxel_platformer"":""1b2c75b49dc9ab0254fb4b724682a4787868814a38d2f08920720dc5b6007ac5"",""space_rescue"":""f3b0ab6784ae558e64f06a3f0a704e53f107a130aa3d43357659d0850131e461""}",46fdb9e3a99ad9be7f9fb983589cdee947d48d5155a032e019529d0b3e2ade47
2,135,formal-effectiveness-v1__extra__pyxel_jump+pyxel_platformer+pyxel_shooter+space_rescue__cpu_compute__p100__r01,formal-effectiveness-v1,colocation-extra-test,extra_test,extra_test,"[""pyxel_jump"",""pyxel_platformer"",""pyxel_shooter"",""space_rescue""]",pyxel_jump,"[""pyxel_platformer"",""pyxel_shooter"",""space_rescue""]",pyxel_jump+pyxel_platformer+pyxel_shooter+space_rescue,pyxel_jump+pyxel_platformer+pyxel_shooter+space_rescue__r01,cpu_compute,1,1,1,8773923703025005668,10,30,1,10,windows-rtx4060,0,0,grid_2x2,true,80,a3dff8e23947af7a1f707a1f42d8f93c174f4319793309adacb9ca4b12aff028,0fd49623591e8e13e140a1551085bea01e08e9c3,data/raw/formal-effectiveness-v1/formal-effectiveness-v1__extra__pyxel_jump+pyxel_platformer+pyxel_shooter+space_rescue__cpu_compute__p100__r01,"{""pyxel_jump"":""games/pyxel/02_jump_game.py"",""pyxel_platformer"":""games/pyxel/10_platformer.py"",""pyxel_shooter"":""games/pyxel/09_shooter.py"",""space_rescue"":""games/pyxel/apps-src/space_rescue/space_rescue.py""}","{""pyxel_jump"":""4743a825f1c9cae7e049ac52115f4ecf83350db546c00745a54af187d7bc2e46"",""pyxel_platformer"":""1b2c75b49dc9ab0254fb4b724682a4787868814a38d2f08920720dc5b6007ac5"",""pyxel_shooter"":""0f53e4156907eac41080a8f289e22c89365b3239517c754cf59a51af201d5563"",""space_rescue"":""f3b0ab6784ae558e64f06a3f0a704e53f107a130aa3d43357659d0850131e461""}",e1a5c5e16dabedec1f09e720a49e072127dd38c6d3cd47a0384c7b8a33ec5872
2,136,formal-effectiveness-v1__colocation__daylight+mega_wing+space_rescue__cpu_compute__p100__r02,formal-effectiveness-v1,colocation-main,train,colocation,"[""daylight"",""mega_wing"",""space_rescue""]",daylight,"[""mega_wing"",""space_rescue""]",daylight+mega_wing+space_rescue,daylight+mega_wing+space_rescue__r02,cpu_compute,1,1,2,13201791575080300822,10,30,1,10,windows-rtx4060,0,0,grid_2x2,true,80,a3dff8e23947af7a1f707a1f42d8f93c174f4319793309adacb9ca4b12aff028,0fd49623591e8e13e140a1551085bea01e08e9c3,data/raw/formal-effectiveness-v1/formal-effectiveness-v1__colocation__daylight+mega_wing+space_rescue__cpu_compute__p100__r02,"{""daylight"":""games/pyxel/apps-src/30SecondsOfDaylight/src/main.py"",""mega_wing"":""games/pyxel/apps-src/mega_wing/mega_wing.py"",""space_rescue"":""games/pyxel/apps-src/space_rescue/space_rescue.py""}","{""daylight"":""21a365375249e9d7ea05e78dcfe040f09cc1f0c66bd410bae084190c743a028f"",""mega_wing"":""86bad6c02a303806c58137503739241dc6b1e86695f7c0dbf672b5e1a1464e9f"",""space_rescue"":""f3b0ab6784ae558e64f06a3f0a704e53f107a130aa3d43357659d0850131e461""}",d5feaaa502c87356b7204e6a2cd8ed3c27898fd8a667ffc8a0414c060fe2d724
2,137,formal-effectiveness-v1__colocation__daylight+pyxel_jump+space_rescue__cpu_compute__p100__r02,formal-effectiveness-v1,colocation-main,train,colocation,"[""daylight"",""pyxel_jump"",""space_rescue""]",daylight,"[""pyxel_jump"",""space_rescue""]",daylight+pyxel_jump+space_rescue,daylight+pyxel_jump+space_rescue__r02,cpu_compute,1,1,2,18067767290852735786,10,30,1,10,windows-rtx4060,0,0,grid_2x2,true,80,a3dff8e23947af7a1f707a1f42d8f93c174f4319793309adacb9ca4b12aff028,0fd49623591e8e13e140a1551085bea01e08e9c3,data/raw/formal-effectiveness-v1/formal-effectiveness-v1__colocation__daylight+pyxel_jump+space_rescue__cpu_compute__p100__r02,"{""daylight"":""games/pyxel/apps-src/30SecondsOfDaylight/src/main.py"",""pyxel_jump"":""games/pyxel/02_jump_game.py"",""space_rescue"":""games/pyxel/apps-src/space_rescue/space_rescue.py""}","{""daylight"":""21a365375249e9d7ea05e78dcfe040f09cc1f0c66bd410bae084190c743a028f"",""pyxel_jump"":""4743a825f1c9cae7e049ac52115f4ecf83350db546c00745a54af187d7bc2e46"",""space_rescue"":""f3b0ab6784ae558e64f06a3f0a704e53f107a130aa3d43357659d0850131e461""}",a769108f5f09ff0261f103f2eeb22581c6786f36741dc7d042551ae5f3b24470
2,138,formal-effectiveness-v1__colocation__daylight+mega_wing+pyxel_shooter__cpu_compute__p100__r01,formal-effectiveness-v1,colocation-main,validation,colocation,"[""daylight"",""mega_wing"",""pyxel_shooter""]",daylight,"[""mega_wing"",""pyxel_shooter""]",daylight+mega_wing+pyxel_shooter,daylight+mega_wing+pyxel_shooter__r01,cpu_compute,1,1,1,15468395089088265240,10,30,1,10,windows-rtx4060,0,0,grid_2x2,true,80,a3dff8e23947af7a1f707a1f42d8f93c174f4319793309adacb9ca4b12aff028,0fd49623591e8e13e140a1551085bea01e08e9c3,data/raw/formal-effectiveness-v1/formal-effectiveness-v1__colocation__daylight+mega_wing+pyxel_shooter__cpu_compute__p100__r01,"{""daylight"":""games/pyxel/apps-src/30SecondsOfDaylight/src/main.py"",""mega_wing"":""games/pyxel/apps-src/mega_wing/mega_wing.py"",""pyxel_shooter"":""games/pyxel/09_shooter.py""}","{""daylight"":""21a365375249e9d7ea05e78dcfe040f09cc1f0c66bd410bae084190c743a028f"",""mega_wing"":""86bad6c02a303806c58137503739241dc6b1e86695f7c0dbf672b5e1a1464e9f"",""pyxel_shooter"":""0f53e4156907eac41080a8f289e22c89365b3239517c754cf59a51af201d5563""}",d729189400d04b0118ac665eb62ea0ff84fd3eb47e69419e04cc92dc3ee67c97
2,139,formal-effectiveness-v1__colocation__pyxel_jump+space_rescue__cpu_compute__p100__r02,formal-effectiveness-v1,colocation-main,train,colocation,"[""pyxel_jump"",""space_rescue""]",pyxel_jump,"[""space_rescue""]",pyxel_jump+space_rescue,pyxel_jump+space_rescue__r02,cpu_compute,1,1,2,5232719047817812495,10,30,1,10,windows-rtx4060,0,0,grid_2x2,true,80,a3dff8e23947af7a1f707a1f42d8f93c174f4319793309adacb9ca4b12aff028,0fd49623591e8e13e140a1551085bea01e08e9c3,data/raw/formal-effectiveness-v1/formal-effectiveness-v1__colocation__pyxel_jump+space_rescue__cpu_compute__p100__r02,"{""pyxel_jump"":""games/pyxel/02_jump_game.py"",""space_rescue"":""games/pyxel/apps-src/space_rescue/space_rescue.py""}","{""pyxel_jump"":""4743a825f1c9cae7e049ac52115f4ecf83350db546c00745a54af187d7bc2e46"",""space_rescue"":""f3b0ab6784ae558e64f06a3f0a704e53f107a130aa3d43357659d0850131e461""}",c8a129f676814d4576bfb3f0bed225473f4a2a0d6b1d5e1206d2607cb6201f2c
2,140,formal-effectiveness-v1__colocation__daylight+pyxel_platformer__cpu_compute__p100__r02,formal-effectiveness-v1,colocation-main,validation,colocation,"[""daylight"",""pyxel_platformer""]",daylight,"[""pyxel_platformer""]",daylight+pyxel_platformer,daylight+pyxel_platformer__r02,cpu_compute,1,1,2,14208229474584862758,10,30,1,10,windows-rtx4060,0,0,grid_2x2,true,80,a3dff8e23947af7a1f707a1f42d8f93c174f4319793309adacb9ca4b12aff028,0fd49623591e8e13e140a1551085bea01e08e9c3,data/raw/formal-effectiveness-v1/formal-effectiveness-v1__colocation__daylight+pyxel_platformer__cpu_compute__p100__r02,"{""daylight"":""games/pyxel/apps-src/30SecondsOfDaylight/src/main.py"",""pyxel_platformer"":""games/pyxel/10_platformer.py""}","{""daylight"":""21a365375249e9d7ea05e78dcfe040f09cc1f0c66bd410bae084190c743a028f"",""pyxel_platformer"":""1b2c75b49dc9ab0254fb4b724682a4787868814a38d2f08920720dc5b6007ac5""}",3943ff9b291f7a29d9df79350146b56818e740a048b47a149403e8ec03e323c2
2,141,formal-effectiveness-v1__extra__daylight+pyxel_jump+pyxel_snake+space_rescue__cpu_compute__p100__r03,formal-effectiveness-v1,colocation-extra-test,extra_test,extra_test,"[""daylight"",""pyxel_jump"",""pyxel_snake"",""space_rescue""]",daylight,"[""pyxel_jump"",""pyxel_snake"",""space_rescue""]",daylight+pyxel_jump+pyxel_snake+space_rescue,daylight+pyxel_jump+pyxel_snake+space_rescue__r03,cpu_compute,1,1,3,5817121819038531617,10,30,1,10,windows-rtx4060,0,0,grid_2x2,true,80,a3dff8e23947af7a1f707a1f42d8f93c174f4319793309adacb9ca4b12aff028,0fd49623591e8e13e140a1551085bea01e08e9c3,data/raw/formal-effectiveness-v1/formal-effectiveness-v1__extra__daylight+pyxel_jump+pyxel_snake+space_rescue__cpu_compute__p100__r03,"{""daylight"":""games/pyxel/apps-src/30SecondsOfDaylight/src/main.py"",""pyxel_jump"":""games/pyxel/02_jump_game.py"",""pyxel_snake"":""games/pyxel/07_snake.py"",""space_rescue"":""games/pyxel/apps-src/space_rescue/space_rescue.py""}","{""daylight"":""21a365375249e9d7ea05e78dcfe040f09cc1f0c66bd410bae084190c743a028f"",""pyxel_jump"":""4743a825f1c9cae7e049ac52115f4ecf83350db546c00745a54af187d7bc2e46"",""pyxel_snake"":""bc533fef92d1d358e570f69d979919fe5c1cd8c4da49841104b49a1e661a5ac3"",""space_rescue"":""f3b0ab6784ae558e64f06a3f0a704e53f107a130aa3d43357659d0850131e461""}",cba8a9977d600f04a0a9a6c79276a41012b97e3de6f1bacf55e9a5bfb275d213
2,142,formal-effectiveness-v1__colocation__daylight+mega_wing+space_rescue__cpu_compute__p100__r03,formal-effectiveness-v1,colocation-main,train,colocation,"[""daylight"",""mega_wing"",""space_rescue""]",daylight,"[""mega_wing"",""space_rescue""]",daylight+mega_wing+space_rescue,daylight+mega_wing+space_rescue__r03,cpu_compute,1,1,3,3371092001652227661,10,30,1,10,windows-rtx4060,0,0,grid_2x2,true,80,a3dff8e23947af7a1f707a1f42d8f93c174f4319793309adacb9ca4b12aff028,0fd49623591e8e13e140a1551085bea01e08e9c3,data/raw/formal-effectiveness-v1/formal-effectiveness-v1__colocation__daylight+mega_wing+space_rescue__cpu_compute__p100__r03,"{""daylight"":""games/pyxel/apps-src/30SecondsOfDaylight/src/main.py"",""mega_wing"":""games/pyxel/apps-src/mega_wing/mega_wing.py"",""space_rescue"":""games/pyxel/apps-src/space_rescue/space_rescue.py""}","{""daylight"":""21a365375249e9d7ea05e78dcfe040f09cc1f0c66bd410bae084190c743a028f"",""mega_wing"":""86bad6c02a303806c58137503739241dc6b1e86695f7c0dbf672b5e1a1464e9f"",""space_rescue"":""f3b0ab6784ae558e64f06a3f0a704e53f107a130aa3d43357659d0850131e461""}",c04f07a7ca7efa3e3119d96af436d8c9cf161e54f0d6f0877b8b1c96f938c2b7
2,143,formal-effectiveness-v1__extra__daylight+mega_wing+pyxel_bubbles+pyxel_snake__cpu_compute__p100__r02,formal-effectiveness-v1,colocation-extra-test,extra_test,extra_test,"[""daylight"",""mega_wing"",""pyxel_bubbles"",""pyxel_snake""]",daylight,"[""mega_wing"",""pyxel_bubbles"",""pyxel_snake""]",daylight+mega_wing+pyxel_bubbles+pyxel_snake,daylight+mega_wing+pyxel_bubbles+pyxel_snake__r02,cpu_compute,1,1,2,3484541607843470007,10,30,1,10,windows-rtx4060,0,0,grid_2x2,true,80,a3dff8e23947af7a1f707a1f42d8f93c174f4319793309adacb9ca4b12aff028,0fd49623591e8e13e140a1551085bea01e08e9c3,data/raw/formal-effectiveness-v1/formal-effectiveness-v1__extra__daylight+mega_wing+pyxel_bubbles+pyxel_snake__cpu_compute__p100__r02,"{""daylight"":""games/pyxel/apps-src/30SecondsOfDaylight/src/main.py"",""mega_wing"":""games/pyxel/apps-src/mega_wing/mega_wing.py"",""pyxel_bubbles"":""games/pyxel/06_click_game.py"",""pyxel_snake"":""games/pyxel/07_snake.py""}","{""daylight"":""21a365375249e9d7ea05e78dcfe040f09cc1f0c66bd410bae084190c743a028f"",""mega_wing"":""86bad6c02a303806c58137503739241dc6b1e86695f7c0dbf672b5e1a1464e9f"",""pyxel_bubbles"":""54c101e90bdaed839ac4c4284494530d5df37a5819a35f1e41eebb0b3da5d900"",""pyxel_snake"":""bc533fef92d1d358e570f69d979919fe5c1cd8c4da49841104b49a1e661a5ac3""}",7361dba692e0d3fae83457174ad7e95f76d10dd55d40be385cbf233360446eae
2,144,formal-effectiveness-v1__colocation__mega_wing+pyxel_bubbles+pyxel_jump__cpu_compute__p100__r03,formal-effectiveness-v1,colocation-main,train,colocation,"[""mega_wing"",""pyxel_bubbles"",""pyxel_jump""]",mega_wing,"[""pyxel_bubbles"",""pyxel_jump""]",mega_wing+pyxel_bubbles+pyxel_jump,mega_wing+pyxel_bubbles+pyxel_jump__r03,cpu_compute,1,1,3,3317236851309327285,10,30,1,10,windows-rtx4060,0,0,grid_2x2,true,80,a3dff8e23947af7a1f707a1f42d8f93c174f4319793309adacb9ca4b12aff028,0fd49623591e8e13e140a1551085bea01e08e9c3,data/raw/formal-effectiveness-v1/formal-effectiveness-v1__colocation__mega_wing+pyxel_bubbles+pyxel_jump__cpu_compute__p100__r03,"{""mega_wing"":""games/pyxel/apps-src/mega_wing/mega_wing.py"",""pyxel_bubbles"":""games/pyxel/06_click_game.py"",""pyxel_jump"":""games/pyxel/02_jump_game.py""}","{""mega_wing"":""86bad6c02a303806c58137503739241dc6b1e86695f7c0dbf672b5e1a1464e9f"",""pyxel_bubbles"":""54c101e90bdaed839ac4c4284494530d5df37a5819a35f1e41eebb0b3da5d900"",""pyxel_jump"":""4743a825f1c9cae7e049ac52115f4ecf83350db546c00745a54af187d7bc2e46""}",c3f160de994d0d7569a87030577e87eb33e7e53a5bda69f2fdba330bb7659892
2,145,formal-effectiveness-v1__colocation__mega_wing+pyxel_platformer+space_rescue__cpu_compute__p100__r02,formal-effectiveness-v1,colocation-main,train,colocation,"[""mega_wing"",""pyxel_platformer"",""space_rescue""]",mega_wing,"[""pyxel_platformer"",""space_rescue""]",mega_wing+pyxel_platformer+space_rescue,mega_wing+pyxel_platformer+space_rescue__r02,cpu_compute,1,1,2,6439483011326769169,10,30,1,10,windows-rtx4060,0,0,grid_2x2,true,80,a3dff8e23947af7a1f707a1f42d8f93c174f4319793309adacb9ca4b12aff028,0fd49623591e8e13e140a1551085bea01e08e9c3,data/raw/formal-effectiveness-v1/formal-effectiveness-v1__colocation__mega_wing+pyxel_platformer+space_rescue__cpu_compute__p100__r02,"{""mega_wing"":""games/pyxel/apps-src/mega_wing/mega_wing.py"",""pyxel_platformer"":""games/pyxel/10_platformer.py"",""space_rescue"":""games/pyxel/apps-src/space_rescue/space_rescue.py""}","{""mega_wing"":""86bad6c02a303806c58137503739241dc6b1e86695f7c0dbf672b5e1a1464e9f"",""pyxel_platformer"":""1b2c75b49dc9ab0254fb4b724682a4787868814a38d2f08920720dc5b6007ac5"",""space_rescue"":""f3b0ab6784ae558e64f06a3f0a704e53f107a130aa3d43357659d0850131e461""}",e31b1682ffd710a5107efd2261157fabc5cb521bdc7f52d2e35562819812af77
2,146,formal-effectiveness-v1__colocation__mega_wing+pyxel_shooter__cpu_compute__p100__r01,formal-effectiveness-v1,colocation-main,train,colocation,"[""mega_wing"",""pyxel_shooter""]",mega_wing,"[""pyxel_shooter""]",mega_wing+pyxel_shooter,mega_wing+pyxel_shooter__r01,cpu_compute,1,1,1,15428212448458187375,10,30,1,10,windows-rtx4060,0,0,grid_2x2,true,80,a3dff8e23947af7a1f707a1f42d8f93c174f4319793309adacb9ca4b12aff028,0fd49623591e8e13e140a1551085bea01e08e9c3,data/raw/formal-effectiveness-v1/formal-effectiveness-v1__colocation__mega_wing+pyxel_shooter__cpu_compute__p100__r01,"{""mega_wing"":""games/pyxel/apps-src/mega_wing/mega_wing.py"",""pyxel_shooter"":""games/pyxel/09_shooter.py""}","{""mega_wing"":""86bad6c02a303806c58137503739241dc6b1e86695f7c0dbf672b5e1a1464e9f"",""pyxel_shooter"":""0f53e4156907eac41080a8f289e22c89365b3239517c754cf59a51af201d5563""}",d0423bd6b1d55f9280fd5b0232eb0d74a39372e72b62a3df488b8b7028a8d8d6
2,147,formal-effectiveness-v1__colocation__pyxel_bubbles+pyxel_snake__cpu_compute__p100__r03,formal-effectiveness-v1,colocation-main,test,colocation,"[""pyxel_bubbles"",""pyxel_snake""]",pyxel_bubbles,"[""pyxel_snake""]",pyxel_bubbles+pyxel_snake,pyxel_bubbles+pyxel_snake__r03,cpu_compute,1,1,3,15193202307042370391,10,30,1,10,windows-rtx4060,0,0,grid_2x2,true,80,a3dff8e23947af7a1f707a1f42d8f93c174f4319793309adacb9ca4b12aff028,0fd49623591e8e13e140a1551085bea01e08e9c3,data/raw/formal-effectiveness-v1/formal-effectiveness-v1__colocation__pyxel_bubbles+pyxel_snake__cpu_compute__p100__r03,"{""pyxel_bubbles"":""games/pyxel/06_click_game.py"",""pyxel_snake"":""games/pyxel/07_snake.py""}","{""pyxel_bubbles"":""54c101e90bdaed839ac4c4284494530d5df37a5819a35f1e41eebb0b3da5d900"",""pyxel_snake"":""bc533fef92d1d358e570f69d979919fe5c1cd8c4da49841104b49a1e661a5ac3""}",79ef0f12dd0bd77911f43f4a3193e7e67da7e7ab4cc14e2fd07be07332854da5
2,148,formal-effectiveness-v1__colocation__pyxel_platformer+space_rescue__cpu_compute__p100__r02,formal-effectiveness-v1,colocation-main,train,colocation,"[""pyxel_platformer"",""space_rescue""]",pyxel_platformer,"[""space_rescue""]",pyxel_platformer+space_rescue,pyxel_platformer+space_rescue__r02,cpu_compute,1,1,2,15404733295755424698,10,30,1,10,windows-rtx4060,0,0,grid_2x2,true,80,a3dff8e23947af7a1f707a1f42d8f93c174f4319793309adacb9ca4b12aff028,0fd49623591e8e13e140a1551085bea01e08e9c3,data/raw/formal-effectiveness-v1/formal-effectiveness-v1__colocation__pyxel_platformer+space_rescue__cpu_compute__p100__r02,"{""pyxel_platformer"":""games/pyxel/10_platformer.py"",""space_rescue"":""games/pyxel/apps-src/space_rescue/space_rescue.py""}","{""pyxel_platformer"":""1b2c75b49dc9ab0254fb4b724682a4787868814a38d2f08920720dc5b6007ac5"",""space_rescue"":""f3b0ab6784ae558e64f06a3f0a704e53f107a130aa3d43357659d0850131e461""}",55e22460b08a71a23cdbbca52d404545637fb08b0130e11ad7b075e4291ed84a
2,149,formal-effectiveness-v1__extra__mega_wing+pyxel_bubbles+pyxel_platformer+pyxel_shooter__cpu_compute__p100__r01,formal-effectiveness-v1,colocation-extra-test,extra_test,extra_test,"[""mega_wing"",""pyxel_bubbles"",""pyxel_platformer"",""pyxel_shooter""]",mega_wing,"[""pyxel_bubbles"",""pyxel_platformer"",""pyxel_shooter""]",mega_wing+pyxel_bubbles+pyxel_platformer+pyxel_shooter,mega_wing+pyxel_bubbles+pyxel_platformer+pyxel_shooter__r01,cpu_compute,1,1,1,16469893538406321818,10,30,1,10,windows-rtx4060,0,0,grid_2x2,true,80,a3dff8e23947af7a1f707a1f42d8f93c174f4319793309adacb9ca4b12aff028,0fd49623591e8e13e140a1551085bea01e08e9c3,data/raw/formal-effectiveness-v1/formal-effectiveness-v1__extra__mega_wing+pyxel_bubbles+pyxel_platformer+pyxel_shooter__cpu_compute__p100__r01,"{""mega_wing"":""games/pyxel/apps-src/mega_wing/mega_wing.py"",""pyxel_bubbles"":""games/pyxel/06_click_game.py"",""pyxel_platformer"":""games/pyxel/10_platformer.py"",""pyxel_shooter"":""games/pyxel/09_shooter.py""}","{""mega_wing"":""86bad6c02a303806c58137503739241dc6b1e86695f7c0dbf672b5e1a1464e9f"",""pyxel_bubbles"":""54c101e90bdaed839ac4c4284494530d5df37a5819a35f1e41eebb0b3da5d900"",""pyxel_platformer"":""1b2c75b49dc9ab0254fb4b724682a4787868814a38d2f08920720dc5b6007ac5"",""pyxel_shooter"":""0f53e4156907eac41080a8f289e22c89365b3239517c754cf59a51af201d5563""}",afa1df8129bfd137e36202ba5e3ab7ce5bc448f235217598abbd543856f5d4d2
2,150,formal-effectiveness-v1__colocation__pyxel_platformer+pyxel_shooter__cpu_compute__p100__r03,formal-effectiveness-v1,colocation-main,train,colocation,"[""pyxel_platformer"",""pyxel_shooter""]",pyxel_platformer,"[""pyxel_shooter""]",pyxel_platformer+pyxel_shooter,pyxel_platformer+pyxel_shooter__r03,cpu_compute,1,1,3,7117624119942554937,10,30,1,10,windows-rtx4060,0,0,grid_2x2,true,80,a3dff8e23947af7a1f707a1f42d8f93c174f4319793309adacb9ca4b12aff028,0fd49623591e8e13e140a1551085bea01e08e9c3,data/raw/formal-effectiveness-v1/formal-effectiveness-v1__colocation__pyxel_platformer+pyxel_shooter__cpu_compute__p100__r03,"{""pyxel_platformer"":""games/pyxel/10_platformer.py"",""pyxel_shooter"":""games/pyxel/09_shooter.py""}","{""pyxel_platformer"":""1b2c75b49dc9ab0254fb4b724682a4787868814a38d2f08920720dc5b6007ac5"",""pyxel_shooter"":""0f53e4156907eac41080a8f289e22c89365b3239517c754cf59a51af201d5563""}",19521e6e7e06ef5d2f490d80e42492056d19c444aca09ac354ff530e5c6686be
2,151,formal-effectiveness-v1__extra__daylight+mega_wing+pyxel_platformer+space_rescue__cpu_compute__p100__r03,formal-effectiveness-v1,colocation-extra-test,extra_test,extra_test,"[""daylight"",""mega_wing"",""pyxel_platformer"",""space_rescue""]",daylight,"[""mega_wing"",""pyxel_platformer"",""space_rescue""]",daylight+mega_wing+pyxel_platformer+space_rescue,daylight+mega_wing+pyxel_platformer+space_rescue__r03,cpu_compute,1,1,3,11447321451998350184,10,30,1,10,windows-rtx4060,0,0,grid_2x2,true,80,a3dff8e23947af7a1f707a1f42d8f93c174f4319793309adacb9ca4b12aff028,0fd49623591e8e13e140a1551085bea01e08e9c3,data/raw/formal-effectiveness-v1/formal-effectiveness-v1__extra__daylight+mega_wing+pyxel_platformer+space_rescue__cpu_compute__p100__r03,"{""daylight"":""games/pyxel/apps-src/30SecondsOfDaylight/src/main.py"",""mega_wing"":""games/pyxel/apps-src/mega_wing/mega_wing.py"",""pyxel_platformer"":""games/pyxel/10_platformer.py"",""space_rescue"":""games/pyxel/apps-src/space_rescue/space_rescue.py""}","{""daylight"":""21a365375249e9d7ea05e78dcfe040f09cc1f0c66bd410bae084190c743a028f"",""mega_wing"":""86bad6c02a303806c58137503739241dc6b1e86695f7c0dbf672b5e1a1464e9f"",""pyxel_platformer"":""1b2c75b49dc9ab0254fb4b724682a4787868814a38d2f08920720dc5b6007ac5"",""space_rescue"":""f3b0ab6784ae558e64f06a3f0a704e53f107a130aa3d43357659d0850131e461""}",f72dfccf700dd5c85510895314ae585ddf0c2572e52b5e8c140650265bf291b9
2,152,formal-effectiveness-v1__extra__daylight+pyxel_bubbles+pyxel_jump+pyxel_platformer__cpu_compute__p100__r02,formal-effectiveness-v1,colocation-extra-test,extra_test,extra_test,"[""daylight"",""pyxel_bubbles"",""pyxel_jump"",""pyxel_platformer""]",daylight,"[""pyxel_bubbles"",""pyxel_jump"",""pyxel_platformer""]",daylight+pyxel_bubbles+pyxel_jump+pyxel_platformer,daylight+pyxel_bubbles+pyxel_jump+pyxel_platformer__r02,cpu_compute,1,1,2,2825193241993824269,10,30,1,10,windows-rtx4060,0,0,grid_2x2,true,80,a3dff8e23947af7a1f707a1f42d8f93c174f4319793309adacb9ca4b12aff028,0fd49623591e8e13e140a1551085bea01e08e9c3,data/raw/formal-effectiveness-v1/formal-effectiveness-v1__extra__daylight+pyxel_bubbles+pyxel_jump+pyxel_platformer__cpu_compute__p100__r02,"{""daylight"":""games/pyxel/apps-src/30SecondsOfDaylight/src/main.py"",""pyxel_bubbles"":""games/pyxel/06_click_game.py"",""pyxel_jump"":""games/pyxel/02_jump_game.py"",""pyxel_platformer"":""games/pyxel/10_platformer.py""}","{""daylight"":""21a365375249e9d7ea05e78dcfe040f09cc1f0c66bd410bae084190c743a028f"",""pyxel_bubbles"":""54c101e90bdaed839ac4c4284494530d5df37a5819a35f1e41eebb0b3da5d900"",""pyxel_jump"":""4743a825f1c9cae7e049ac52115f4ecf83350db546c00745a54af187d7bc2e46"",""pyxel_platformer"":""1b2c75b49dc9ab0254fb4b724682a4787868814a38d2f08920720dc5b6007ac5""}",c85db6e1b94980fc957214b85672c8c9970714a3d397d4d7b25e6d5ff50f9315
2,153,formal-effectiveness-v1__colocation__daylight+pyxel_shooter__cpu_compute__p100__r01,formal-effectiveness-v1,colocation-main,test,colocation,"[""daylight"",""pyxel_shooter""]",daylight,"[""pyxel_shooter""]",daylight+pyxel_shooter,daylight+pyxel_shooter__r01,cpu_compute,1,1,1,807166208853376220,10,30,1,10,windows-rtx4060,0,0,grid_2x2,true,80,a3dff8e23947af7a1f707a1f42d8f93c174f4319793309adacb9ca4b12aff028,0fd49623591e8e13e140a1551085bea01e08e9c3,data/raw/formal-effectiveness-v1/formal-effectiveness-v1__colocation__daylight+pyxel_shooter__cpu_compute__p100__r01,"{""daylight"":""games/pyxel/apps-src/30SecondsOfDaylight/src/main.py"",""pyxel_shooter"":""games/pyxel/09_shooter.py""}","{""daylight"":""21a365375249e9d7ea05e78dcfe040f09cc1f0c66bd410bae084190c743a028f"",""pyxel_shooter"":""0f53e4156907eac41080a8f289e22c89365b3239517c754cf59a51af201d5563""}",8920fe67cd92eb50c21566c46b7f202bd9b52ab2ab558dd5c422a9e57bbdf0fb
2,154,formal-effectiveness-v1__colocation__pyxel_jump+pyxel_shooter+pyxel_snake__cpu_compute__p100__r02,formal-effectiveness-v1,colocation-main,train,colocation,"[""pyxel_jump"",""pyxel_shooter"",""pyxel_snake""]",pyxel_jump,"[""pyxel_shooter"",""pyxel_snake""]",pyxel_jump+pyxel_shooter+pyxel_snake,pyxel_jump+pyxel_shooter+pyxel_snake__r02,cpu_compute,1,1,2,350507075886467266,10,30,1,10,windows-rtx4060,0,0,grid_2x2,true,80,a3dff8e23947af7a1f707a1f42d8f93c174f4319793309adacb9ca4b12aff028,0fd49623591e8e13e140a1551085bea01e08e9c3,data/raw/formal-effectiveness-v1/formal-effectiveness-v1__colocation__pyxel_jump+pyxel_shooter+pyxel_snake__cpu_compute__p100__r02,"{""pyxel_jump"":""games/pyxel/02_jump_game.py"",""pyxel_shooter"":""games/pyxel/09_shooter.py"",""pyxel_snake"":""games/pyxel/07_snake.py""}","{""pyxel_jump"":""4743a825f1c9cae7e049ac52115f4ecf83350db546c00745a54af187d7bc2e46"",""pyxel_shooter"":""0f53e4156907eac41080a8f289e22c89365b3239517c754cf59a51af201d5563"",""pyxel_snake"":""bc533fef92d1d358e570f69d979919fe5c1cd8c4da49841104b49a1e661a5ac3""}",58a3e17b1d39855b50f0ace8a2d202945ff93a47be6701352566545a610beb34
2,155,formal-effectiveness-v1__extra__pyxel_jump+pyxel_platformer+pyxel_shooter+space_rescue__cpu_compute__p100__r03,formal-effectiveness-v1,colocation-extra-test,extra_test,extra_test,"[""pyxel_jump"",""pyxel_platformer"",""pyxel_shooter"",""space_rescue""]",pyxel_jump,"[""pyxel_platformer"",""pyxel_shooter"",""space_rescue""]",pyxel_jump+pyxel_platformer+pyxel_shooter+space_rescue,pyxel_jump+pyxel_platformer+pyxel_shooter+space_rescue__r03,cpu_compute,1,1,3,17533994871369061609,10,30,1,10,windows-rtx4060,0,0,grid_2x2,true,80,a3dff8e23947af7a1f707a1f42d8f93c174f4319793309adacb9ca4b12aff028,0fd49623591e8e13e140a1551085bea01e08e9c3,data/raw/formal-effectiveness-v1/formal-effectiveness-v1__extra__pyxel_jump+pyxel_platformer+pyxel_shooter+space_rescue__cpu_compute__p100__r03,"{""pyxel_jump"":""games/pyxel/02_jump_game.py"",""pyxel_platformer"":""games/pyxel/10_platformer.py"",""pyxel_shooter"":""games/pyxel/09_shooter.py"",""space_rescue"":""games/pyxel/apps-src/space_rescue/space_rescue.py""}","{""pyxel_jump"":""4743a825f1c9cae7e049ac52115f4ecf83350db546c00745a54af187d7bc2e46"",""pyxel_platformer"":""1b2c75b49dc9ab0254fb4b724682a4787868814a38d2f08920720dc5b6007ac5"",""pyxel_shooter"":""0f53e4156907eac41080a8f289e22c89365b3239517c754cf59a51af201d5563"",""space_rescue"":""f3b0ab6784ae558e64f06a3f0a704e53f107a130aa3d43357659d0850131e461""}",783e8020f5099fdd97c0c2251a2e378bc896136c114b7920d9eb1d3c9f7f3159
2,156,formal-effectiveness-v1__extra__daylight+mega_wing+pyxel_platformer+space_rescue__cpu_compute__p100__r02,formal-effectiveness-v1,colocation-extra-test,extra_test,extra_test,"[""daylight"",""mega_wing"",""pyxel_platformer"",""space_rescue""]",daylight,"[""mega_wing"",""pyxel_platformer"",""space_rescue""]",daylight+mega_wing+pyxel_platformer+space_rescue,daylight+mega_wing+pyxel_platformer+space_rescue__r02,cpu_compute,1,1,2,10031557160750798792,10,30,1,10,windows-rtx4060,0,0,grid_2x2,true,80,a3dff8e23947af7a1f707a1f42d8f93c174f4319793309adacb9ca4b12aff028,0fd49623591e8e13e140a1551085bea01e08e9c3,data/raw/formal-effectiveness-v1/formal-effectiveness-v1__extra__daylight+mega_wing+pyxel_platformer+space_rescue__cpu_compute__p100__r02,"{""daylight"":""games/pyxel/apps-src/30SecondsOfDaylight/src/main.py"",""mega_wing"":""games/pyxel/apps-src/mega_wing/mega_wing.py"",""pyxel_platformer"":""games/pyxel/10_platformer.py"",""space_rescue"":""games/pyxel/apps-src/space_rescue/space_rescue.py""}","{""daylight"":""21a365375249e9d7ea05e78dcfe040f09cc1f0c66bd410bae084190c743a028f"",""mega_wing"":""86bad6c02a303806c58137503739241dc6b1e86695f7c0dbf672b5e1a1464e9f"",""pyxel_platformer"":""1b2c75b49dc9ab0254fb4b724682a4787868814a38d2f08920720dc5b6007ac5"",""space_rescue"":""f3b0ab6784ae558e64f06a3f0a704e53f107a130aa3d43357659d0850131e461""}",7311f3c391bc00ce7f03b8e37893ccaadad276c2ad005a7e379300230bc94e72
2,157,formal-effectiveness-v1__colocation__pyxel_bubbles+pyxel_platformer__cpu_compute__p100__r03,formal-effectiveness-v1,colocation-main,train,colocation,"[""pyxel_bubbles"",""pyxel_platformer""]",pyxel_bubbles,"[""pyxel_platformer""]",pyxel_bubbles+pyxel_platformer,pyxel_bubbles+pyxel_platformer__r03,cpu_compute,1,1,3,10013231083899079250,10,30,1,10,windows-rtx4060,0,0,grid_2x2,true,80,a3dff8e23947af7a1f707a1f42d8f93c174f4319793309adacb9ca4b12aff028,0fd49623591e8e13e140a1551085bea01e08e9c3,data/raw/formal-effectiveness-v1/formal-effectiveness-v1__colocation__pyxel_bubbles+pyxel_platformer__cpu_compute__p100__r03,"{""pyxel_bubbles"":""games/pyxel/06_click_game.py"",""pyxel_platformer"":""games/pyxel/10_platformer.py""}","{""pyxel_bubbles"":""54c101e90bdaed839ac4c4284494530d5df37a5819a35f1e41eebb0b3da5d900"",""pyxel_platformer"":""1b2c75b49dc9ab0254fb4b724682a4787868814a38d2f08920720dc5b6007ac5""}",5c5052aa1f4077f4590f597cb149b7baf73a4a3111c4a15c86f554dde509b16f
2,158,formal-effectiveness-v1__extra__daylight+mega_wing+pyxel_platformer+space_rescue__cpu_compute__p100__r01,formal-effectiveness-v1,colocation-extra-test,extra_test,extra_test,"[""daylight"",""mega_wing"",""pyxel_platformer"",""space_rescue""]",daylight,"[""mega_wing"",""pyxel_platformer"",""space_rescue""]",daylight+mega_wing+pyxel_platformer+space_rescue,daylight+mega_wing+pyxel_platformer+space_rescue__r01,cpu_compute,1,1,1,4170152349691884193,10,30,1,10,windows-rtx4060,0,0,grid_2x2,true,80,a3dff8e23947af7a1f707a1f42d8f93c174f4319793309adacb9ca4b12aff028,0fd49623591e8e13e140a1551085bea01e08e9c3,data/raw/formal-effectiveness-v1/formal-effectiveness-v1__extra__daylight+mega_wing+pyxel_platformer+space_rescue__cpu_compute__p100__r01,"{""daylight"":""games/pyxel/apps-src/30SecondsOfDaylight/src/main.py"",""mega_wing"":""games/pyxel/apps-src/mega_wing/mega_wing.py"",""pyxel_platformer"":""games/pyxel/10_platformer.py"",""space_rescue"":""games/pyxel/apps-src/space_rescue/space_rescue.py""}","{""daylight"":""21a365375249e9d7ea05e78dcfe040f09cc1f0c66bd410bae084190c743a028f"",""mega_wing"":""86bad6c02a303806c58137503739241dc6b1e86695f7c0dbf672b5e1a1464e9f"",""pyxel_platformer"":""1b2c75b49dc9ab0254fb4b724682a4787868814a38d2f08920720dc5b6007ac5"",""space_rescue"":""f3b0ab6784ae558e64f06a3f0a704e53f107a130aa3d43357659d0850131e461""}",7d6fd9fb8b3a6a3770de1586c8fb799393257deed040c1902aeea91bf54935ac
2,159,formal-effectiveness-v1__colocation__pyxel_jump+pyxel_shooter+space_rescue__cpu_compute__p100__r02,formal-effectiveness-v1,colocation-main,validation,colocation,"[""pyxel_jump"",""pyxel_shooter"",""space_rescue""]",pyxel_jump,"[""pyxel_shooter"",""space_rescue""]",pyxel_jump+pyxel_shooter+space_rescue,pyxel_jump+pyxel_shooter+space_rescue__r02,cpu_compute,1,1,2,6800746612884511209,10,30,1,10,windows-rtx4060,0,0,grid_2x2,true,80,a3dff8e23947af7a1f707a1f42d8f93c174f4319793309adacb9ca4b12aff028,0fd49623591e8e13e140a1551085bea01e08e9c3,data/raw/formal-effectiveness-v1/formal-effectiveness-v1__colocation__pyxel_jump+pyxel_shooter+space_rescue__cpu_compute__p100__r02,"{""pyxel_jump"":""games/pyxel/02_jump_game.py"",""pyxel_shooter"":""games/pyxel/09_shooter.py"",""space_rescue"":""games/pyxel/apps-src/space_rescue/space_rescue.py""}","{""pyxel_jump"":""4743a825f1c9cae7e049ac52115f4ecf83350db546c00745a54af187d7bc2e46"",""pyxel_shooter"":""0f53e4156907eac41080a8f289e22c89365b3239517c754cf59a51af201d5563"",""space_rescue"":""f3b0ab6784ae558e64f06a3f0a704e53f107a130aa3d43357659d0850131e461""}",ab4e710556002f16c389455a91e01f33aa163012b86aa412904cc905a0187e7a
2,160,formal-effectiveness-v1__colocation__daylight+pyxel_platformer__cpu_compute__p100__r01,formal-effectiveness-v1,colocation-main,validation,colocation,"[""daylight"",""pyxel_platformer""]",daylight,"[""pyxel_platformer""]",daylight+pyxel_platformer,daylight+pyxel_platformer__r01,cpu_compute,1,1,1,17667804392849421537,10,30,1,10,windows-rtx4060,0,0,grid_2x2,true,80,a3dff8e23947af7a1f707a1f42d8f93c174f4319793309adacb9ca4b12aff028,0fd49623591e8e13e140a1551085bea01e08e9c3,data/raw/formal-effectiveness-v1/formal-effectiveness-v1__colocation__daylight+pyxel_platformer__cpu_compute__p100__r01,"{""daylight"":""games/pyxel/apps-src/30SecondsOfDaylight/src/main.py"",""pyxel_platformer"":""games/pyxel/10_platformer.py""}","{""daylight"":""21a365375249e9d7ea05e78dcfe040f09cc1f0c66bd410bae084190c743a028f"",""pyxel_platformer"":""1b2c75b49dc9ab0254fb4b724682a4787868814a38d2f08920720dc5b6007ac5""}",0f01d51742057ceeab95afd7f9930ad2856217f38c2862afa754ec6c050ddb3c
2,161,formal-effectiveness-v1__colocation__mega_wing+pyxel_bubbles+pyxel_snake__cpu_compute__p100__r03,formal-effectiveness-v1,colocation-main,train,colocation,"[""mega_wing"",""pyxel_bubbles"",""pyxel_snake""]",mega_wing,"[""pyxel_bubbles"",""pyxel_snake""]",mega_wing+pyxel_bubbles+pyxel_snake,mega_wing+pyxel_bubbles+pyxel_snake__r03,cpu_compute,1,1,3,3563337720581285518,10,30,1,10,windows-rtx4060,0,0,grid_2x2,true,80,a3dff8e23947af7a1f707a1f42d8f93c174f4319793309adacb9ca4b12aff028,0fd49623591e8e13e140a1551085bea01e08e9c3,data/raw/formal-effectiveness-v1/formal-effectiveness-v1__colocation__mega_wing+pyxel_bubbles+pyxel_snake__cpu_compute__p100__r03,"{""mega_wing"":""games/pyxel/apps-src/mega_wing/mega_wing.py"",""pyxel_bubbles"":""games/pyxel/06_click_game.py"",""pyxel_snake"":""games/pyxel/07_snake.py""}","{""mega_wing"":""86bad6c02a303806c58137503739241dc6b1e86695f7c0dbf672b5e1a1464e9f"",""pyxel_bubbles"":""54c101e90bdaed839ac4c4284494530d5df37a5819a35f1e41eebb0b3da5d900"",""pyxel_snake"":""bc533fef92d1d358e570f69d979919fe5c1cd8c4da49841104b49a1e661a5ac3""}",c9486c1717ad5c1c525a3a3e0a6606a72b684964a92080539ce3cef6644cc951
2,162,formal-effectiveness-v1__colocation__daylight+pyxel_platformer+pyxel_snake__cpu_compute__p100__r03,formal-effectiveness-v1,colocation-main,validation,colocation,"[""daylight"",""pyxel_platformer"",""pyxel_snake""]",daylight,"[""pyxel_platformer"",""pyxel_snake""]",daylight+pyxel_platformer+pyxel_snake,daylight+pyxel_platformer+pyxel_snake__r03,cpu_compute,1,1,3,7488304403953802738,10,30,1,10,windows-rtx4060,0,0,grid_2x2,true,80,a3dff8e23947af7a1f707a1f42d8f93c174f4319793309adacb9ca4b12aff028,0fd49623591e8e13e140a1551085bea01e08e9c3,data/raw/formal-effectiveness-v1/formal-effectiveness-v1__colocation__daylight+pyxel_platformer+pyxel_snake__cpu_compute__p100__r03,"{""daylight"":""games/pyxel/apps-src/30SecondsOfDaylight/src/main.py"",""pyxel_platformer"":""games/pyxel/10_platformer.py"",""pyxel_snake"":""games/pyxel/07_snake.py""}","{""daylight"":""21a365375249e9d7ea05e78dcfe040f09cc1f0c66bd410bae084190c743a028f"",""pyxel_platformer"":""1b2c75b49dc9ab0254fb4b724682a4787868814a38d2f08920720dc5b6007ac5"",""pyxel_snake"":""bc533fef92d1d358e570f69d979919fe5c1cd8c4da49841104b49a1e661a5ac3""}",38220060986597ae9049cae3a8097b49a8895a9db9aee75f96cec8817a4d0a01
2,163,formal-effectiveness-v1__colocation__daylight+pyxel_bubbles+pyxel_jump__cpu_compute__p100__r02,formal-effectiveness-v1,colocation-main,test,colocation,"[""daylight"",""pyxel_bubbles"",""pyxel_jump""]",daylight,"[""pyxel_bubbles"",""pyxel_jump""]",daylight+pyxel_bubbles+pyxel_jump,daylight+pyxel_bubbles+pyxel_jump__r02,cpu_compute,1,1,2,6972834449024229760,10,30,1,10,windows-rtx4060,0,0,grid_2x2,true,80,a3dff8e23947af7a1f707a1f42d8f93c174f4319793309adacb9ca4b12aff028,0fd49623591e8e13e140a1551085bea01e08e9c3,data/raw/formal-effectiveness-v1/formal-effectiveness-v1__colocation__daylight+pyxel_bubbles+pyxel_jump__cpu_compute__p100__r02,"{""daylight"":""games/pyxel/apps-src/30SecondsOfDaylight/src/main.py"",""pyxel_bubbles"":""games/pyxel/06_click_game.py"",""pyxel_jump"":""games/pyxel/02_jump_game.py""}","{""daylight"":""21a365375249e9d7ea05e78dcfe040f09cc1f0c66bd410bae084190c743a028f"",""pyxel_bubbles"":""54c101e90bdaed839ac4c4284494530d5df37a5819a35f1e41eebb0b3da5d900"",""pyxel_jump"":""4743a825f1c9cae7e049ac52115f4ecf83350db546c00745a54af187d7bc2e46""}",282461cef4ad1dfc8aaf49fb9749081ab4111b0c5ed003303e9474d679416a60
2,164,formal-effectiveness-v1__colocation__daylight+pyxel_platformer+pyxel_shooter__cpu_compute__p100__r02,formal-effectiveness-v1,colocation-main,validation,colocation,"[""daylight"",""pyxel_platformer"",""pyxel_shooter""]",daylight,"[""pyxel_platformer"",""pyxel_shooter""]",daylight+pyxel_platformer+pyxel_shooter,daylight+pyxel_platformer+pyxel_shooter__r02,cpu_compute,1,1,2,10176949720502414486,10,30,1,10,windows-rtx4060,0,0,grid_2x2,true,80,a3dff8e23947af7a1f707a1f42d8f93c174f4319793309adacb9ca4b12aff028,0fd49623591e8e13e140a1551085bea01e08e9c3,data/raw/formal-effectiveness-v1/formal-effectiveness-v1__colocation__daylight+pyxel_platformer+pyxel_shooter__cpu_compute__p100__r02,"{""daylight"":""games/pyxel/apps-src/30SecondsOfDaylight/src/main.py"",""pyxel_platformer"":""games/pyxel/10_platformer.py"",""pyxel_shooter"":""games/pyxel/09_shooter.py""}","{""daylight"":""21a365375249e9d7ea05e78dcfe040f09cc1f0c66bd410bae084190c743a028f"",""pyxel_platformer"":""1b2c75b49dc9ab0254fb4b724682a4787868814a38d2f08920720dc5b6007ac5"",""pyxel_shooter"":""0f53e4156907eac41080a8f289e22c89365b3239517c754cf59a51af201d5563""}",f7f974b606cee13c01f84f61b425e0f0da7f0ef801d2ced35142e4ca84c2b793
2,165,formal-effectiveness-v1__colocation__pyxel_platformer+pyxel_snake__cpu_compute__p100__r03,formal-effectiveness-v1,colocation-main,test,colocation,"[""pyxel_platformer"",""pyxel_snake""]",pyxel_platformer,"[""pyxel_snake""]",pyxel_platformer+pyxel_snake,pyxel_platformer+pyxel_snake__r03,cpu_compute,1,1,3,17859305433267736836,10,30,1,10,windows-rtx4060,0,0,grid_2x2,true,80,a3dff8e23947af7a1f707a1f42d8f93c174f4319793309adacb9ca4b12aff028,0fd49623591e8e13e140a1551085bea01e08e9c3,data/raw/formal-effectiveness-v1/formal-effectiveness-v1__colocation__pyxel_platformer+pyxel_snake__cpu_compute__p100__r03,"{""pyxel_platformer"":""games/pyxel/10_platformer.py"",""pyxel_snake"":""games/pyxel/07_snake.py""}","{""pyxel_platformer"":""1b2c75b49dc9ab0254fb4b724682a4787868814a38d2f08920720dc5b6007ac5"",""pyxel_snake"":""bc533fef92d1d358e570f69d979919fe5c1cd8c4da49841104b49a1e661a5ac3""}",cb1a1f56a2d348e55c89fcbf39dfd485cbba816bfebe4a2d49cc67cc97465a6d
2,166,formal-effectiveness-v1__colocation__pyxel_bubbles+pyxel_snake+space_rescue__cpu_compute__p100__r03,formal-effectiveness-v1,colocation-main,train,colocation,"[""pyxel_bubbles"",""pyxel_snake"",""space_rescue""]",pyxel_bubbles,"[""pyxel_snake"",""space_rescue""]",pyxel_bubbles+pyxel_snake+space_rescue,pyxel_bubbles+pyxel_snake+space_rescue__r03,cpu_compute,1,1,3,17740235794491381031,10,30,1,10,windows-rtx4060,0,0,grid_2x2,true,80,a3dff8e23947af7a1f707a1f42d8f93c174f4319793309adacb9ca4b12aff028,0fd49623591e8e13e140a1551085bea01e08e9c3,data/raw/formal-effectiveness-v1/formal-effectiveness-v1__colocation__pyxel_bubbles+pyxel_snake+space_rescue__cpu_compute__p100__r03,"{""pyxel_bubbles"":""games/pyxel/06_click_game.py"",""pyxel_snake"":""games/pyxel/07_snake.py"",""space_rescue"":""games/pyxel/apps-src/space_rescue/space_rescue.py""}","{""pyxel_bubbles"":""54c101e90bdaed839ac4c4284494530d5df37a5819a35f1e41eebb0b3da5d900"",""pyxel_snake"":""bc533fef92d1d358e570f69d979919fe5c1cd8c4da49841104b49a1e661a5ac3"",""space_rescue"":""f3b0ab6784ae558e64f06a3f0a704e53f107a130aa3d43357659d0850131e461""}",1ab118f7f46bdaac7b122ffa1b9d6b6796556ba03a7377343f645469e5947eb5
2,167,formal-effectiveness-v1__colocation__pyxel_bubbles+pyxel_shooter+pyxel_snake__cpu_compute__p100__r01,formal-effectiveness-v1,colocation-main,train,colocation,"[""pyxel_bubbles"",""pyxel_shooter"",""pyxel_snake""]",pyxel_bubbles,"[""pyxel_shooter"",""pyxel_snake""]",pyxel_bubbles+pyxel_shooter+pyxel_snake,pyxel_bubbles+pyxel_shooter+pyxel_snake__r01,cpu_compute,1,1,1,1737315477552542881,10,30,1,10,windows-rtx4060,0,0,grid_2x2,true,80,a3dff8e23947af7a1f707a1f42d8f93c174f4319793309adacb9ca4b12aff028,0fd49623591e8e13e140a1551085bea01e08e9c3,data/raw/formal-effectiveness-v1/formal-effectiveness-v1__colocation__pyxel_bubbles+pyxel_shooter+pyxel_snake__cpu_compute__p100__r01,"{""pyxel_bubbles"":""games/pyxel/06_click_game.py"",""pyxel_shooter"":""games/pyxel/09_shooter.py"",""pyxel_snake"":""games/pyxel/07_snake.py""}","{""pyxel_bubbles"":""54c101e90bdaed839ac4c4284494530d5df37a5819a35f1e41eebb0b3da5d900"",""pyxel_shooter"":""0f53e4156907eac41080a8f289e22c89365b3239517c754cf59a51af201d5563"",""pyxel_snake"":""bc533fef92d1d358e570f69d979919fe5c1cd8c4da49841104b49a1e661a5ac3""}",294535df438ae4bccd8a091aa94c35e5234ecdb9fc36d2772bccc1d8bda3519b
2,168,formal-effectiveness-v1__colocation__mega_wing+pyxel_shooter__cpu_compute__p100__r02,formal-effectiveness-v1,colocation-main,train,colocation,"[""mega_wing"",""pyxel_shooter""]",mega_wing,"[""pyxel_shooter""]",mega_wing+pyxel_shooter,mega_wing+pyxel_shooter__r02,cpu_compute,1,1,2,2819729645822397115,10,30,1,10,windows-rtx4060,0,0,grid_2x2,true,80,a3dff8e23947af7a1f707a1f42d8f93c174f4319793309adacb9ca4b12aff028,0fd49623591e8e13e140a1551085bea01e08e9c3,data/raw/formal-effectiveness-v1/formal-effectiveness-v1__colocation__mega_wing+pyxel_shooter__cpu_compute__p100__r02,"{""mega_wing"":""games/pyxel/apps-src/mega_wing/mega_wing.py"",""pyxel_shooter"":""games/pyxel/09_shooter.py""}","{""mega_wing"":""86bad6c02a303806c58137503739241dc6b1e86695f7c0dbf672b5e1a1464e9f"",""pyxel_shooter"":""0f53e4156907eac41080a8f289e22c89365b3239517c754cf59a51af201d5563""}",f8d240b070e3317bedb4a24d8875cee485aa6a34794dbc050875e3c20b8809ca
2,169,formal-effectiveness-v1__colocation__mega_wing+pyxel_platformer__cpu_compute__p100__r03,formal-effectiveness-v1,colocation-main,test,colocation,"[""mega_wing"",""pyxel_platformer""]",mega_wing,"[""pyxel_platformer""]",mega_wing+pyxel_platformer,mega_wing+pyxel_platformer__r03,cpu_compute,1,1,3,15449421436939081751,10,30,1,10,windows-rtx4060,0,0,grid_2x2,true,80,a3dff8e23947af7a1f707a1f42d8f93c174f4319793309adacb9ca4b12aff028,0fd49623591e8e13e140a1551085bea01e08e9c3,data/raw/formal-effectiveness-v1/formal-effectiveness-v1__colocation__mega_wing+pyxel_platformer__cpu_compute__p100__r03,"{""mega_wing"":""games/pyxel/apps-src/mega_wing/mega_wing.py"",""pyxel_platformer"":""games/pyxel/10_platformer.py""}","{""mega_wing"":""86bad6c02a303806c58137503739241dc6b1e86695f7c0dbf672b5e1a1464e9f"",""pyxel_platformer"":""1b2c75b49dc9ab0254fb4b724682a4787868814a38d2f08920720dc5b6007ac5""}",e168b6f1f3883217022ced96a860e8949c08b86cc9e429722a50bee80f218bbd
2,170,formal-effectiveness-v1__colocation__daylight+mega_wing+pyxel_shooter__cpu_compute__p100__r02,formal-effectiveness-v1,colocation-main,validation,colocation,"[""daylight"",""mega_wing"",""pyxel_shooter""]",daylight,"[""mega_wing"",""pyxel_shooter""]",daylight+mega_wing+pyxel_shooter,daylight+mega_wing+pyxel_shooter__r02,cpu_compute,1,1,2,10879989153267615226,10,30,1,10,windows-rtx4060,0,0,grid_2x2,true,80,a3dff8e23947af7a1f707a1f42d8f93c174f4319793309adacb9ca4b12aff028,0fd49623591e8e13e140a1551085bea01e08e9c3,data/raw/formal-effectiveness-v1/formal-effectiveness-v1__colocation__daylight+mega_wing+pyxel_shooter__cpu_compute__p100__r02,"{""daylight"":""games/pyxel/apps-src/30SecondsOfDaylight/src/main.py"",""mega_wing"":""games/pyxel/apps-src/mega_wing/mega_wing.py"",""pyxel_shooter"":""games/pyxel/09_shooter.py""}","{""daylight"":""21a365375249e9d7ea05e78dcfe040f09cc1f0c66bd410bae084190c743a028f"",""mega_wing"":""86bad6c02a303806c58137503739241dc6b1e86695f7c0dbf672b5e1a1464e9f"",""pyxel_shooter"":""0f53e4156907eac41080a8f289e22c89365b3239517c754cf59a51af201d5563""}",2489cc3a3faae8a137b6ed4919fffb6318fd7349d09a895ee83968c5c8aa7c1f
2,171,formal-effectiveness-v1__colocation__daylight+pyxel_snake__cpu_compute__p100__r01,formal-effectiveness-v1,colocation-main,train,colocation,"[""daylight"",""pyxel_snake""]",daylight,"[""pyxel_snake""]",daylight+pyxel_snake,daylight+pyxel_snake__r01,cpu_compute,1,1,1,5250172929288085803,10,30,1,10,windows-rtx4060,0,0,grid_2x2,true,80,a3dff8e23947af7a1f707a1f42d8f93c174f4319793309adacb9ca4b12aff028,0fd49623591e8e13e140a1551085bea01e08e9c3,data/raw/formal-effectiveness-v1/formal-effectiveness-v1__colocation__daylight+pyxel_snake__cpu_compute__p100__r01,"{""daylight"":""games/pyxel/apps-src/30SecondsOfDaylight/src/main.py"",""pyxel_snake"":""games/pyxel/07_snake.py""}","{""daylight"":""21a365375249e9d7ea05e78dcfe040f09cc1f0c66bd410bae084190c743a028f"",""pyxel_snake"":""bc533fef92d1d358e570f69d979919fe5c1cd8c4da49841104b49a1e661a5ac3""}",8a510660747a45d67cf025146441819a27b29b6d1a8cc50923eb72509dc9fc62
2,172,formal-effectiveness-v1__colocation__pyxel_snake+space_rescue__cpu_compute__p100__r01,formal-effectiveness-v1,colocation-main,train,colocation,"[""pyxel_snake"",""space_rescue""]",pyxel_snake,"[""space_rescue""]",pyxel_snake+space_rescue,pyxel_snake+space_rescue__r01,cpu_compute,1,1,1,2397847521604434650,10,30,1,10,windows-rtx4060,0,0,grid_2x2,true,80,a3dff8e23947af7a1f707a1f42d8f93c174f4319793309adacb9ca4b12aff028,0fd49623591e8e13e140a1551085bea01e08e9c3,data/raw/formal-effectiveness-v1/formal-effectiveness-v1__colocation__pyxel_snake+space_rescue__cpu_compute__p100__r01,"{""pyxel_snake"":""games/pyxel/07_snake.py"",""space_rescue"":""games/pyxel/apps-src/space_rescue/space_rescue.py""}","{""pyxel_snake"":""bc533fef92d1d358e570f69d979919fe5c1cd8c4da49841104b49a1e661a5ac3"",""space_rescue"":""f3b0ab6784ae558e64f06a3f0a704e53f107a130aa3d43357659d0850131e461""}",b382c1c28fa6e449b58954733b0e8125e4efd77774d361d130b6a4ac05df0ffe
2,173,formal-effectiveness-v1__extra__daylight+pyxel_platformer+pyxel_shooter+pyxel_snake__cpu_compute__p100__r03,formal-effectiveness-v1,colocation-extra-test,extra_test,extra_test,"[""daylight"",""pyxel_platformer"",""pyxel_shooter"",""pyxel_snake""]",daylight,"[""pyxel_platformer"",""pyxel_shooter"",""pyxel_snake""]",daylight+pyxel_platformer+pyxel_shooter+pyxel_snake,daylight+pyxel_platformer+pyxel_shooter+pyxel_snake__r03,cpu_compute,1,1,3,13328020676611241538,10,30,1,10,windows-rtx4060,0,0,grid_2x2,true,80,a3dff8e23947af7a1f707a1f42d8f93c174f4319793309adacb9ca4b12aff028,0fd49623591e8e13e140a1551085bea01e08e9c3,data/raw/formal-effectiveness-v1/formal-effectiveness-v1__extra__daylight+pyxel_platformer+pyxel_shooter+pyxel_snake__cpu_compute__p100__r03,"{""daylight"":""games/pyxel/apps-src/30SecondsOfDaylight/src/main.py"",""pyxel_platformer"":""games/pyxel/10_platformer.py"",""pyxel_shooter"":""games/pyxel/09_shooter.py"",""pyxel_snake"":""games/pyxel/07_snake.py""}","{""daylight"":""21a365375249e9d7ea05e78dcfe040f09cc1f0c66bd410bae084190c743a028f"",""pyxel_platformer"":""1b2c75b49dc9ab0254fb4b724682a4787868814a38d2f08920720dc5b6007ac5"",""pyxel_shooter"":""0f53e4156907eac41080a8f289e22c89365b3239517c754cf59a51af201d5563"",""pyxel_snake"":""bc533fef92d1d358e570f69d979919fe5c1cd8c4da49841104b49a1e661a5ac3""}",44c572048fa54cb32abbd1c71bbf9bf56c02ee3de75b4bd777c26f694a5120e1
2,174,formal-effectiveness-v1__colocation__pyxel_bubbles+pyxel_shooter__cpu_compute__p100__r01,formal-effectiveness-v1,colocation-main,train,colocation,"[""pyxel_bubbles"",""pyxel_shooter""]",pyxel_bubbles,"[""pyxel_shooter""]",pyxel_bubbles+pyxel_shooter,pyxel_bubbles+pyxel_shooter__r01,cpu_compute,1,1,1,18084132692930187695,10,30,1,10,windows-rtx4060,0,0,grid_2x2,true,80,a3dff8e23947af7a1f707a1f42d8f93c174f4319793309adacb9ca4b12aff028,0fd49623591e8e13e140a1551085bea01e08e9c3,data/raw/formal-effectiveness-v1/formal-effectiveness-v1__colocation__pyxel_bubbles+pyxel_shooter__cpu_compute__p100__r01,"{""pyxel_bubbles"":""games/pyxel/06_click_game.py"",""pyxel_shooter"":""games/pyxel/09_shooter.py""}","{""pyxel_bubbles"":""54c101e90bdaed839ac4c4284494530d5df37a5819a35f1e41eebb0b3da5d900"",""pyxel_shooter"":""0f53e4156907eac41080a8f289e22c89365b3239517c754cf59a51af201d5563""}",4118a32269de7a2ec223f736ce761a8eb4268db458d8646d915fc0aa1247f580
2,175,formal-effectiveness-v1__colocation__mega_wing+pyxel_bubbles__cpu_compute__p100__r01,formal-effectiveness-v1,colocation-main,test,colocation,"[""mega_wing"",""pyxel_bubbles""]",mega_wing,"[""pyxel_bubbles""]",mega_wing+pyxel_bubbles,mega_wing+pyxel_bubbles__r01,cpu_compute,1,1,1,7664317210654164220,10,30,1,10,windows-rtx4060,0,0,grid_2x2,true,80,a3dff8e23947af7a1f707a1f42d8f93c174f4319793309adacb9ca4b12aff028,0fd49623591e8e13e140a1551085bea01e08e9c3,data/raw/formal-effectiveness-v1/formal-effectiveness-v1__colocation__mega_wing+pyxel_bubbles__cpu_compute__p100__r01,"{""mega_wing"":""games/pyxel/apps-src/mega_wing/mega_wing.py"",""pyxel_bubbles"":""games/pyxel/06_click_game.py""}","{""mega_wing"":""86bad6c02a303806c58137503739241dc6b1e86695f7c0dbf672b5e1a1464e9f"",""pyxel_bubbles"":""54c101e90bdaed839ac4c4284494530d5df37a5819a35f1e41eebb0b3da5d900""}",469760b87fb96f9e8bc8dbb1b4f1febd6d5566a15daea1ffe8b915e211935a10
2,176,formal-effectiveness-v1__colocation__mega_wing+pyxel_bubbles+space_rescue__cpu_compute__p100__r02,formal-effectiveness-v1,colocation-main,train,colocation,"[""mega_wing"",""pyxel_bubbles"",""space_rescue""]",mega_wing,"[""pyxel_bubbles"",""space_rescue""]",mega_wing+pyxel_bubbles+space_rescue,mega_wing+pyxel_bubbles+space_rescue__r02,cpu_compute,1,1,2,12421338202025968334,10,30,1,10,windows-rtx4060,0,0,grid_2x2,true,80,a3dff8e23947af7a1f707a1f42d8f93c174f4319793309adacb9ca4b12aff028,0fd49623591e8e13e140a1551085bea01e08e9c3,data/raw/formal-effectiveness-v1/formal-effectiveness-v1__colocation__mega_wing+pyxel_bubbles+space_rescue__cpu_compute__p100__r02,"{""mega_wing"":""games/pyxel/apps-src/mega_wing/mega_wing.py"",""pyxel_bubbles"":""games/pyxel/06_click_game.py"",""space_rescue"":""games/pyxel/apps-src/space_rescue/space_rescue.py""}","{""mega_wing"":""86bad6c02a303806c58137503739241dc6b1e86695f7c0dbf672b5e1a1464e9f"",""pyxel_bubbles"":""54c101e90bdaed839ac4c4284494530d5df37a5819a35f1e41eebb0b3da5d900"",""space_rescue"":""f3b0ab6784ae558e64f06a3f0a704e53f107a130aa3d43357659d0850131e461""}",fb75aa34b60f8791bd6e07dfb7d39c345f7b8f2d8dd4aec3128641b00ce03082
2,177,formal-effectiveness-v1__colocation__daylight+pyxel_snake__cpu_compute__p100__r02,formal-effectiveness-v1,colocation-main,train,colocation,"[""daylight"",""pyxel_snake""]",daylight,"[""pyxel_snake""]",daylight+pyxel_snake,daylight+pyxel_snake__r02,cpu_compute,1,1,2,9318859405188917377,10,30,1,10,windows-rtx4060,0,0,grid_2x2,true,80,a3dff8e23947af7a1f707a1f42d8f93c174f4319793309adacb9ca4b12aff028,0fd49623591e8e13e140a1551085bea01e08e9c3,data/raw/formal-effectiveness-v1/formal-effectiveness-v1__colocation__daylight+pyxel_snake__cpu_compute__p100__r02,"{""daylight"":""games/pyxel/apps-src/30SecondsOfDaylight/src/main.py"",""pyxel_snake"":""games/pyxel/07_snake.py""}","{""daylight"":""21a365375249e9d7ea05e78dcfe040f09cc1f0c66bd410bae084190c743a028f"",""pyxel_snake"":""bc533fef92d1d358e570f69d979919fe5c1cd8c4da49841104b49a1e661a5ac3""}",32f101dc5547bd132f1c62d56e9c834ffa736a029b69e36253c918149564540f
2,178,formal-effectiveness-v1__colocation__mega_wing+pyxel_platformer+pyxel_shooter__cpu_compute__p100__r01,formal-effectiveness-v1,colocation-main,test,colocation,"[""mega_wing"",""pyxel_platformer"",""pyxel_shooter""]",mega_wing,"[""pyxel_platformer"",""pyxel_shooter""]",mega_wing+pyxel_platformer+pyxel_shooter,mega_wing+pyxel_platformer+pyxel_shooter__r01,cpu_compute,1,1,1,16027148539821522231,10,30,1,10,windows-rtx4060,0,0,grid_2x2,true,80,a3dff8e23947af7a1f707a1f42d8f93c174f4319793309adacb9ca4b12aff028,0fd49623591e8e13e140a1551085bea01e08e9c3,data/raw/formal-effectiveness-v1/formal-effectiveness-v1__colocation__mega_wing+pyxel_platformer+pyxel_shooter__cpu_compute__p100__r01,"{""mega_wing"":""games/pyxel/apps-src/mega_wing/mega_wing.py"",""pyxel_platformer"":""games/pyxel/10_platformer.py"",""pyxel_shooter"":""games/pyxel/09_shooter.py""}","{""mega_wing"":""86bad6c02a303806c58137503739241dc6b1e86695f7c0dbf672b5e1a1464e9f"",""pyxel_platformer"":""1b2c75b49dc9ab0254fb4b724682a4787868814a38d2f08920720dc5b6007ac5"",""pyxel_shooter"":""0f53e4156907eac41080a8f289e22c89365b3239517c754cf59a51af201d5563""}",df27fc769d21a90664fcf860556ae1378e1997dbfa145bf33e72fce80232fbc8
2,179,formal-effectiveness-v1__colocation__pyxel_bubbles+pyxel_platformer__cpu_compute__p100__r02,formal-effectiveness-v1,colocation-main,train,colocation,"[""pyxel_bubbles"",""pyxel_platformer""]",pyxel_bubbles,"[""pyxel_platformer""]",pyxel_bubbles+pyxel_platformer,pyxel_bubbles+pyxel_platformer__r02,cpu_compute,1,1,2,12381208389790326575,10,30,1,10,windows-rtx4060,0,0,grid_2x2,true,80,a3dff8e23947af7a1f707a1f42d8f93c174f4319793309adacb9ca4b12aff028,0fd49623591e8e13e140a1551085bea01e08e9c3,data/raw/formal-effectiveness-v1/formal-effectiveness-v1__colocation__pyxel_bubbles+pyxel_platformer__cpu_compute__p100__r02,"{""pyxel_bubbles"":""games/pyxel/06_click_game.py"",""pyxel_platformer"":""games/pyxel/10_platformer.py""}","{""pyxel_bubbles"":""54c101e90bdaed839ac4c4284494530d5df37a5819a35f1e41eebb0b3da5d900"",""pyxel_platformer"":""1b2c75b49dc9ab0254fb4b724682a4787868814a38d2f08920720dc5b6007ac5""}",5c32ffa7771adae0c1da5197ffb046ee8bbb0f348f54743a806fa5a9c76e554c
2,180,formal-effectiveness-v1__colocation__mega_wing+pyxel_bubbles+space_rescue__cpu_compute__p100__r01,formal-effectiveness-v1,colocation-main,train,colocation,"[""mega_wing"",""pyxel_bubbles"",""space_rescue""]",mega_wing,"[""pyxel_bubbles"",""space_rescue""]",mega_wing+pyxel_bubbles+space_rescue,mega_wing+pyxel_bubbles+space_rescue__r01,cpu_compute,1,1,1,7970642093461217183,10,30,1,10,windows-rtx4060,0,0,grid_2x2,true,80,a3dff8e23947af7a1f707a1f42d8f93c174f4319793309adacb9ca4b12aff028,0fd49623591e8e13e140a1551085bea01e08e9c3,data/raw/formal-effectiveness-v1/formal-effectiveness-v1__colocation__mega_wing+pyxel_bubbles+space_rescue__cpu_compute__p100__r01,"{""mega_wing"":""games/pyxel/apps-src/mega_wing/mega_wing.py"",""pyxel_bubbles"":""games/pyxel/06_click_game.py"",""space_rescue"":""games/pyxel/apps-src/space_rescue/space_rescue.py""}","{""mega_wing"":""86bad6c02a303806c58137503739241dc6b1e86695f7c0dbf672b5e1a1464e9f"",""pyxel_bubbles"":""54c101e90bdaed839ac4c4284494530d5df37a5819a35f1e41eebb0b3da5d900"",""space_rescue"":""f3b0ab6784ae558e64f06a3f0a704e53f107a130aa3d43357659d0850131e461""}",60562ce3f76904807b764dbd33428131a1cf173ed23c48679219b62fb1457bde
2,181,formal-effectiveness-v1__colocation__pyxel_bubbles+pyxel_shooter+pyxel_snake__cpu_compute__p100__r03,formal-effectiveness-v1,colocation-main,train,colocation,"[""pyxel_bubbles"",""pyxel_shooter"",""pyxel_snake""]",pyxel_bubbles,"[""pyxel_shooter"",""pyxel_snake""]",pyxel_bubbles+pyxel_shooter+pyxel_snake,pyxel_bubbles+pyxel_shooter+pyxel_snake__r03,cpu_compute,1,1,3,9562112611226621041,10,30,1,10,windows-rtx4060,0,0,grid_2x2,true,80,a3dff8e23947af7a1f707a1f42d8f93c174f4319793309adacb9ca4b12aff028,0fd49623591e8e13e140a1551085bea01e08e9c3,data/raw/formal-effectiveness-v1/formal-effectiveness-v1__colocation__pyxel_bubbles+pyxel_shooter+pyxel_snake__cpu_compute__p100__r03,"{""pyxel_bubbles"":""games/pyxel/06_click_game.py"",""pyxel_shooter"":""games/pyxel/09_shooter.py"",""pyxel_snake"":""games/pyxel/07_snake.py""}","{""pyxel_bubbles"":""54c101e90bdaed839ac4c4284494530d5df37a5819a35f1e41eebb0b3da5d900"",""pyxel_shooter"":""0f53e4156907eac41080a8f289e22c89365b3239517c754cf59a51af201d5563"",""pyxel_snake"":""bc533fef92d1d358e570f69d979919fe5c1cd8c4da49841104b49a1e661a5ac3""}",28efc8d7726062fed6ac16b02b86c1e85bfde8a42be25a9071b0f6fd91006ed3
2,182,formal-effectiveness-v1__colocation__daylight+pyxel_shooter+pyxel_snake__cpu_compute__p100__r01,formal-effectiveness-v1,colocation-main,train,colocation,"[""daylight"",""pyxel_shooter"",""pyxel_snake""]",daylight,"[""pyxel_shooter"",""pyxel_snake""]",daylight+pyxel_shooter+pyxel_snake,daylight+pyxel_shooter+pyxel_snake__r01,cpu_compute,1,1,1,16835801411798003167,10,30,1,10,windows-rtx4060,0,0,grid_2x2,true,80,a3dff8e23947af7a1f707a1f42d8f93c174f4319793309adacb9ca4b12aff028,0fd49623591e8e13e140a1551085bea01e08e9c3,data/raw/formal-effectiveness-v1/formal-effectiveness-v1__colocation__daylight+pyxel_shooter+pyxel_snake__cpu_compute__p100__r01,"{""daylight"":""games/pyxel/apps-src/30SecondsOfDaylight/src/main.py"",""pyxel_shooter"":""games/pyxel/09_shooter.py"",""pyxel_snake"":""games/pyxel/07_snake.py""}","{""daylight"":""21a365375249e9d7ea05e78dcfe040f09cc1f0c66bd410bae084190c743a028f"",""pyxel_shooter"":""0f53e4156907eac41080a8f289e22c89365b3239517c754cf59a51af201d5563"",""pyxel_snake"":""bc533fef92d1d358e570f69d979919fe5c1cd8c4da49841104b49a1e661a5ac3""}",f6611a862bedc74c48ff7ef71a9e090cc49985eea8b67d42311347c83a4f5a9e
2,183,formal-effectiveness-v1__colocation__pyxel_shooter+pyxel_snake__cpu_compute__p100__r01,formal-effectiveness-v1,colocation-main,train,colocation,"[""pyxel_shooter"",""pyxel_snake""]",pyxel_shooter,"[""pyxel_snake""]",pyxel_shooter+pyxel_snake,pyxel_shooter+pyxel_snake__r01,cpu_compute,1,1,1,15369143439222277393,10,30,1,10,windows-rtx4060,0,0,grid_2x2,true,80,a3dff8e23947af7a1f707a1f42d8f93c174f4319793309adacb9ca4b12aff028,0fd49623591e8e13e140a1551085bea01e08e9c3,data/raw/formal-effectiveness-v1/formal-effectiveness-v1__colocation__pyxel_shooter+pyxel_snake__cpu_compute__p100__r01,"{""pyxel_shooter"":""games/pyxel/09_shooter.py"",""pyxel_snake"":""games/pyxel/07_snake.py""}","{""pyxel_shooter"":""0f53e4156907eac41080a8f289e22c89365b3239517c754cf59a51af201d5563"",""pyxel_snake"":""bc533fef92d1d358e570f69d979919fe5c1cd8c4da49841104b49a1e661a5ac3""}",670fab18aa6e79711d1416dd83999dfe3b5e250bf7199f26fad29e89d465feb6
2,184,formal-effectiveness-v1__colocation__mega_wing+pyxel_bubbles+pyxel_snake__cpu_compute__p100__r02,formal-effectiveness-v1,colocation-main,train,colocation,"[""mega_wing"",""pyxel_bubbles"",""pyxel_snake""]",mega_wing,"[""pyxel_bubbles"",""pyxel_snake""]",mega_wing+pyxel_bubbles+pyxel_snake,mega_wing+pyxel_bubbles+pyxel_snake__r02,cpu_compute,1,1,2,1945997934514641319,10,30,1,10,windows-rtx4060,0,0,grid_2x2,true,80,a3dff8e23947af7a1f707a1f42d8f93c174f4319793309adacb9ca4b12aff028,0fd49623591e8e13e140a1551085bea01e08e9c3,data/raw/formal-effectiveness-v1/formal-effectiveness-v1__colocation__mega_wing+pyxel_bubbles+pyxel_snake__cpu_compute__p100__r02,"{""mega_wing"":""games/pyxel/apps-src/mega_wing/mega_wing.py"",""pyxel_bubbles"":""games/pyxel/06_click_game.py"",""pyxel_snake"":""games/pyxel/07_snake.py""}","{""mega_wing"":""86bad6c02a303806c58137503739241dc6b1e86695f7c0dbf672b5e1a1464e9f"",""pyxel_bubbles"":""54c101e90bdaed839ac4c4284494530d5df37a5819a35f1e41eebb0b3da5d900"",""pyxel_snake"":""bc533fef92d1d358e570f69d979919fe5c1cd8c4da49841104b49a1e661a5ac3""}",7581f3a1528a8ecace45b3adad596c4afe01f3acfabf807767ff54014dfa5fb0
2,185,formal-effectiveness-v1__colocation__pyxel_jump+pyxel_platformer__cpu_compute__p100__r03,formal-effectiveness-v1,colocation-main,train,colocation,"[""pyxel_jump"",""pyxel_platformer""]",pyxel_jump,"[""pyxel_platformer""]",pyxel_jump+pyxel_platformer,pyxel_jump+pyxel_platformer__r03,cpu_compute,1,1,3,1231325593875672064,10,30,1,10,windows-rtx4060,0,0,grid_2x2,true,80,a3dff8e23947af7a1f707a1f42d8f93c174f4319793309adacb9ca4b12aff028,0fd49623591e8e13e140a1551085bea01e08e9c3,data/raw/formal-effectiveness-v1/formal-effectiveness-v1__colocation__pyxel_jump+pyxel_platformer__cpu_compute__p100__r03,"{""pyxel_jump"":""games/pyxel/02_jump_game.py"",""pyxel_platformer"":""games/pyxel/10_platformer.py""}","{""pyxel_jump"":""4743a825f1c9cae7e049ac52115f4ecf83350db546c00745a54af187d7bc2e46"",""pyxel_platformer"":""1b2c75b49dc9ab0254fb4b724682a4787868814a38d2f08920720dc5b6007ac5""}",147ea51bac4e592e8874ca77d41730cf7501ba2f5d3105b4ba5d1e3aca4daff4
2,186,formal-effectiveness-v1__colocation__mega_wing+pyxel_snake__cpu_compute__p100__r02,formal-effectiveness-v1,colocation-main,train,colocation,"[""mega_wing"",""pyxel_snake""]",mega_wing,"[""pyxel_snake""]",mega_wing+pyxel_snake,mega_wing+pyxel_snake__r02,cpu_compute,1,1,2,17353871402522320280,10,30,1,10,windows-rtx4060,0,0,grid_2x2,true,80,a3dff8e23947af7a1f707a1f42d8f93c174f4319793309adacb9ca4b12aff028,0fd49623591e8e13e140a1551085bea01e08e9c3,data/raw/formal-effectiveness-v1/formal-effectiveness-v1__colocation__mega_wing+pyxel_snake__cpu_compute__p100__r02,"{""mega_wing"":""games/pyxel/apps-src/mega_wing/mega_wing.py"",""pyxel_snake"":""games/pyxel/07_snake.py""}","{""mega_wing"":""86bad6c02a303806c58137503739241dc6b1e86695f7c0dbf672b5e1a1464e9f"",""pyxel_snake"":""bc533fef92d1d358e570f69d979919fe5c1cd8c4da49841104b49a1e661a5ac3""}",c1cc248f93df9b5d27adb99ec0c28d9b3d8e884576a02df2c16ee387c6248baa
2,187,formal-effectiveness-v1__colocation__pyxel_jump+pyxel_shooter__cpu_compute__p100__r03,formal-effectiveness-v1,colocation-main,train,colocation,"[""pyxel_jump"",""pyxel_shooter""]",pyxel_jump,"[""pyxel_shooter""]",pyxel_jump+pyxel_shooter,pyxel_jump+pyxel_shooter__r03,cpu_compute,1,1,3,9109420943320906756,10,30,1,10,windows-rtx4060,0,0,grid_2x2,true,80,a3dff8e23947af7a1f707a1f42d8f93c174f4319793309adacb9ca4b12aff028,0fd49623591e8e13e140a1551085bea01e08e9c3,data/raw/formal-effectiveness-v1/formal-effectiveness-v1__colocation__pyxel_jump+pyxel_shooter__cpu_compute__p100__r03,"{""pyxel_jump"":""games/pyxel/02_jump_game.py"",""pyxel_shooter"":""games/pyxel/09_shooter.py""}","{""pyxel_jump"":""4743a825f1c9cae7e049ac52115f4ecf83350db546c00745a54af187d7bc2e46"",""pyxel_shooter"":""0f53e4156907eac41080a8f289e22c89365b3239517c754cf59a51af201d5563""}",3862cf914209507a9762fc7e37384be21470cc2afadf4a5fa29f4affafcc461f
2,188,formal-effectiveness-v1__colocation__pyxel_jump+pyxel_platformer+pyxel_snake__cpu_compute__p100__r01,formal-effectiveness-v1,colocation-main,train,colocation,"[""pyxel_jump"",""pyxel_platformer"",""pyxel_snake""]",pyxel_jump,"[""pyxel_platformer"",""pyxel_snake""]",pyxel_jump+pyxel_platformer+pyxel_snake,pyxel_jump+pyxel_platformer+pyxel_snake__r01,cpu_compute,1,1,1,11195647565786268137,10,30,1,10,windows-rtx4060,0,0,grid_2x2,true,80,a3dff8e23947af7a1f707a1f42d8f93c174f4319793309adacb9ca4b12aff028,0fd49623591e8e13e140a1551085bea01e08e9c3,data/raw/formal-effectiveness-v1/formal-effectiveness-v1__colocation__pyxel_jump+pyxel_platformer+pyxel_snake__cpu_compute__p100__r01,"{""pyxel_jump"":""games/pyxel/02_jump_game.py"",""pyxel_platformer"":""games/pyxel/10_platformer.py"",""pyxel_snake"":""games/pyxel/07_snake.py""}","{""pyxel_jump"":""4743a825f1c9cae7e049ac52115f4ecf83350db546c00745a54af187d7bc2e46"",""pyxel_platformer"":""1b2c75b49dc9ab0254fb4b724682a4787868814a38d2f08920720dc5b6007ac5"",""pyxel_snake"":""bc533fef92d1d358e570f69d979919fe5c1cd8c4da49841104b49a1e661a5ac3""}",6b8a9e6f9e717d24042181732cae0d848434f4d5cff8439a30e24bb6f1acceee
2,189,formal-effectiveness-v1__colocation__pyxel_shooter+pyxel_snake+space_rescue__cpu_compute__p100__r03,formal-effectiveness-v1,colocation-main,validation,colocation,"[""pyxel_shooter"",""pyxel_snake"",""space_rescue""]",pyxel_shooter,"[""pyxel_snake"",""space_rescue""]",pyxel_shooter+pyxel_snake+space_rescue,pyxel_shooter+pyxel_snake+space_rescue__r03,cpu_compute,1,1,3,14775508081036918402,10,30,1,10,windows-rtx4060,0,0,grid_2x2,true,80,a3dff8e23947af7a1f707a1f42d8f93c174f4319793309adacb9ca4b12aff028,0fd49623591e8e13e140a1551085bea01e08e9c3,data/raw/formal-effectiveness-v1/formal-effectiveness-v1__colocation__pyxel_shooter+pyxel_snake+space_rescue__cpu_compute__p100__r03,"{""pyxel_shooter"":""games/pyxel/09_shooter.py"",""pyxel_snake"":""games/pyxel/07_snake.py"",""space_rescue"":""games/pyxel/apps-src/space_rescue/space_rescue.py""}","{""pyxel_shooter"":""0f53e4156907eac41080a8f289e22c89365b3239517c754cf59a51af201d5563"",""pyxel_snake"":""bc533fef92d1d358e570f69d979919fe5c1cd8c4da49841104b49a1e661a5ac3"",""space_rescue"":""f3b0ab6784ae558e64f06a3f0a704e53f107a130aa3d43357659d0850131e461""}",412d1e11515159e018e2b915a11d0b0b368c1b9490d476d06242adf4483d3864
2,190,formal-effectiveness-v1__extra__daylight+mega_wing+pyxel_bubbles+pyxel_snake__cpu_compute__p100__r01,formal-effectiveness-v1,colocation-extra-test,extra_test,extra_test,"[""daylight"",""mega_wing"",""pyxel_bubbles"",""pyxel_snake""]",daylight,"[""mega_wing"",""pyxel_bubbles"",""pyxel_snake""]",daylight+mega_wing+pyxel_bubbles+pyxel_snake,daylight+mega_wing+pyxel_bubbles+pyxel_snake__r01,cpu_compute,1,1,1,17927576907099472139,10,30,1,10,windows-rtx4060,0,0,grid_2x2,true,80,a3dff8e23947af7a1f707a1f42d8f93c174f4319793309adacb9ca4b12aff028,0fd49623591e8e13e140a1551085bea01e08e9c3,data/raw/formal-effectiveness-v1/formal-effectiveness-v1__extra__daylight+mega_wing+pyxel_bubbles+pyxel_snake__cpu_compute__p100__r01,"{""daylight"":""games/pyxel/apps-src/30SecondsOfDaylight/src/main.py"",""mega_wing"":""games/pyxel/apps-src/mega_wing/mega_wing.py"",""pyxel_bubbles"":""games/pyxel/06_click_game.py"",""pyxel_snake"":""games/pyxel/07_snake.py""}","{""daylight"":""21a365375249e9d7ea05e78dcfe040f09cc1f0c66bd410bae084190c743a028f"",""mega_wing"":""86bad6c02a303806c58137503739241dc6b1e86695f7c0dbf672b5e1a1464e9f"",""pyxel_bubbles"":""54c101e90bdaed839ac4c4284494530d5df37a5819a35f1e41eebb0b3da5d900"",""pyxel_snake"":""bc533fef92d1d358e570f69d979919fe5c1cd8c4da49841104b49a1e661a5ac3""}",727ef3e6abf88a503d59796ff0fc1db385f4d8d2bbf9756ffd1b34d26ab5a74b
2,191,formal-effectiveness-v1__colocation__pyxel_bubbles+pyxel_shooter+pyxel_snake__cpu_compute__p100__r02,formal-effectiveness-v1,colocation-main,train,colocation,"[""pyxel_bubbles"",""pyxel_shooter"",""pyxel_snake""]",pyxel_bubbles,"[""pyxel_shooter"",""pyxel_snake""]",pyxel_bubbles+pyxel_shooter+pyxel_snake,pyxel_bubbles+pyxel_shooter+pyxel_snake__r02,cpu_compute,1,1,2,14555748007631107451,10,30,1,10,windows-rtx4060,0,0,grid_2x2,true,80,a3dff8e23947af7a1f707a1f42d8f93c174f4319793309adacb9ca4b12aff028,0fd49623591e8e13e140a1551085bea01e08e9c3,data/raw/formal-effectiveness-v1/formal-effectiveness-v1__colocation__pyxel_bubbles+pyxel_shooter+pyxel_snake__cpu_compute__p100__r02,"{""pyxel_bubbles"":""games/pyxel/06_click_game.py"",""pyxel_shooter"":""games/pyxel/09_shooter.py"",""pyxel_snake"":""games/pyxel/07_snake.py""}","{""pyxel_bubbles"":""54c101e90bdaed839ac4c4284494530d5df37a5819a35f1e41eebb0b3da5d900"",""pyxel_shooter"":""0f53e4156907eac41080a8f289e22c89365b3239517c754cf59a51af201d5563"",""pyxel_snake"":""bc533fef92d1d358e570f69d979919fe5c1cd8c4da49841104b49a1e661a5ac3""}",93eb322d6efd103e343d22730e1ba072396c19c74e06954e764d0f28bb468932
2,192,formal-effectiveness-v1__extra__mega_wing+pyxel_jump+pyxel_platformer+pyxel_snake__cpu_compute__p100__r01,formal-effectiveness-v1,colocation-extra-test,extra_test,extra_test,"[""mega_wing"",""pyxel_jump"",""pyxel_platformer"",""pyxel_snake""]",mega_wing,"[""pyxel_jump"",""pyxel_platformer"",""pyxel_snake""]",mega_wing+pyxel_jump+pyxel_platformer+pyxel_snake,mega_wing+pyxel_jump+pyxel_platformer+pyxel_snake__r01,cpu_compute,1,1,1,11220244974776969020,10,30,1,10,windows-rtx4060,0,0,grid_2x2,true,80,a3dff8e23947af7a1f707a1f42d8f93c174f4319793309adacb9ca4b12aff028,0fd49623591e8e13e140a1551085bea01e08e9c3,data/raw/formal-effectiveness-v1/formal-effectiveness-v1__extra__mega_wing+pyxel_jump+pyxel_platformer+pyxel_snake__cpu_compute__p100__r01,"{""mega_wing"":""games/pyxel/apps-src/mega_wing/mega_wing.py"",""pyxel_jump"":""games/pyxel/02_jump_game.py"",""pyxel_platformer"":""games/pyxel/10_platformer.py"",""pyxel_snake"":""games/pyxel/07_snake.py""}","{""mega_wing"":""86bad6c02a303806c58137503739241dc6b1e86695f7c0dbf672b5e1a1464e9f"",""pyxel_jump"":""4743a825f1c9cae7e049ac52115f4ecf83350db546c00745a54af187d7bc2e46"",""pyxel_platformer"":""1b2c75b49dc9ab0254fb4b724682a4787868814a38d2f08920720dc5b6007ac5"",""pyxel_snake"":""bc533fef92d1d358e570f69d979919fe5c1cd8c4da49841104b49a1e661a5ac3""}",b05c2fe6ca9737f002e22b171db79bb5b5ec3914c4b8616edb91eddeca245ae8
2,193,formal-effectiveness-v1__colocation__daylight+space_rescue__cpu_compute__p100__r02,formal-effectiveness-v1,colocation-main,test,colocation,"[""daylight"",""space_rescue""]",daylight,"[""space_rescue""]",daylight+space_rescue,daylight+space_rescue__r02,cpu_compute,1,1,2,2343974428120052302,10,30,1,10,windows-rtx4060,0,0,grid_2x2,true,80,a3dff8e23947af7a1f707a1f42d8f93c174f4319793309adacb9ca4b12aff028,0fd49623591e8e13e140a1551085bea01e08e9c3,data/raw/formal-effectiveness-v1/formal-effectiveness-v1__colocation__daylight+space_rescue__cpu_compute__p100__r02,"{""daylight"":""games/pyxel/apps-src/30SecondsOfDaylight/src/main.py"",""space_rescue"":""games/pyxel/apps-src/space_rescue/space_rescue.py""}","{""daylight"":""21a365375249e9d7ea05e78dcfe040f09cc1f0c66bd410bae084190c743a028f"",""space_rescue"":""f3b0ab6784ae558e64f06a3f0a704e53f107a130aa3d43357659d0850131e461""}",499cc16d52f057335b71f45b975d151d29caeb480a401eb7ef3da09d883ff1de
2,194,formal-effectiveness-v1__colocation__daylight+pyxel_jump+space_rescue__cpu_compute__p100__r01,formal-effectiveness-v1,colocation-main,train,colocation,"[""daylight"",""pyxel_jump"",""space_rescue""]",daylight,"[""pyxel_jump"",""space_rescue""]",daylight+pyxel_jump+space_rescue,daylight+pyxel_jump+space_rescue__r01,cpu_compute,1,1,1,7581442912106823602,10,30,1,10,windows-rtx4060,0,0,grid_2x2,true,80,a3dff8e23947af7a1f707a1f42d8f93c174f4319793309adacb9ca4b12aff028,0fd49623591e8e13e140a1551085bea01e08e9c3,data/raw/formal-effectiveness-v1/formal-effectiveness-v1__colocation__daylight+pyxel_jump+space_rescue__cpu_compute__p100__r01,"{""daylight"":""games/pyxel/apps-src/30SecondsOfDaylight/src/main.py"",""pyxel_jump"":""games/pyxel/02_jump_game.py"",""space_rescue"":""games/pyxel/apps-src/space_rescue/space_rescue.py""}","{""daylight"":""21a365375249e9d7ea05e78dcfe040f09cc1f0c66bd410bae084190c743a028f"",""pyxel_jump"":""4743a825f1c9cae7e049ac52115f4ecf83350db546c00745a54af187d7bc2e46"",""space_rescue"":""f3b0ab6784ae558e64f06a3f0a704e53f107a130aa3d43357659d0850131e461""}",00eeef3f62ef613667f8969c96019d6a8c5311794abf75f595c96a1ef21650b7
2,195,formal-effectiveness-v1__extra__mega_wing+pyxel_jump+pyxel_platformer+pyxel_snake__cpu_compute__p100__r02,formal-effectiveness-v1,colocation-extra-test,extra_test,extra_test,"[""mega_wing"",""pyxel_jump"",""pyxel_platformer"",""pyxel_snake""]",mega_wing,"[""pyxel_jump"",""pyxel_platformer"",""pyxel_snake""]",mega_wing+pyxel_jump+pyxel_platformer+pyxel_snake,mega_wing+pyxel_jump+pyxel_platformer+pyxel_snake__r02,cpu_compute,1,1,2,5412096916679900861,10,30,1,10,windows-rtx4060,0,0,grid_2x2,true,80,a3dff8e23947af7a1f707a1f42d8f93c174f4319793309adacb9ca4b12aff028,0fd49623591e8e13e140a1551085bea01e08e9c3,data/raw/formal-effectiveness-v1/formal-effectiveness-v1__extra__mega_wing+pyxel_jump+pyxel_platformer+pyxel_snake__cpu_compute__p100__r02,"{""mega_wing"":""games/pyxel/apps-src/mega_wing/mega_wing.py"",""pyxel_jump"":""games/pyxel/02_jump_game.py"",""pyxel_platformer"":""games/pyxel/10_platformer.py"",""pyxel_snake"":""games/pyxel/07_snake.py""}","{""mega_wing"":""86bad6c02a303806c58137503739241dc6b1e86695f7c0dbf672b5e1a1464e9f"",""pyxel_jump"":""4743a825f1c9cae7e049ac52115f4ecf83350db546c00745a54af187d7bc2e46"",""pyxel_platformer"":""1b2c75b49dc9ab0254fb4b724682a4787868814a38d2f08920720dc5b6007ac5"",""pyxel_snake"":""bc533fef92d1d358e570f69d979919fe5c1cd8c4da49841104b49a1e661a5ac3""}",779f7a4e50ac9e12f53bdc37d651e51528917befd86e49816b10fff18244b18e
2,196,formal-effectiveness-v1__colocation__daylight+pyxel_shooter__cpu_compute__p100__r03,formal-effectiveness-v1,colocation-main,test,colocation,"[""daylight"",""pyxel_shooter""]",daylight,"[""pyxel_shooter""]",daylight+pyxel_shooter,daylight+pyxel_shooter__r03,cpu_compute,1,1,3,10033489765748907662,10,30,1,10,windows-rtx4060,0,0,grid_2x2,true,80,a3dff8e23947af7a1f707a1f42d8f93c174f4319793309adacb9ca4b12aff028,0fd49623591e8e13e140a1551085bea01e08e9c3,data/raw/formal-effectiveness-v1/formal-effectiveness-v1__colocation__daylight+pyxel_shooter__cpu_compute__p100__r03,"{""daylight"":""games/pyxel/apps-src/30SecondsOfDaylight/src/main.py"",""pyxel_shooter"":""games/pyxel/09_shooter.py""}","{""daylight"":""21a365375249e9d7ea05e78dcfe040f09cc1f0c66bd410bae084190c743a028f"",""pyxel_shooter"":""0f53e4156907eac41080a8f289e22c89365b3239517c754cf59a51af201d5563""}",c8505c37c9b50b3949880848d0549082f79568d68805f33267ad8554ab9739e6
2,197,formal-effectiveness-v1__colocation__pyxel_snake+space_rescue__cpu_compute__p100__r03,formal-effectiveness-v1,colocation-main,train,colocation,"[""pyxel_snake"",""space_rescue""]",pyxel_snake,"[""space_rescue""]",pyxel_snake+space_rescue,pyxel_snake+space_rescue__r03,cpu_compute,1,1,3,14281140852980524376,10,30,1,10,windows-rtx4060,0,0,grid_2x2,true,80,a3dff8e23947af7a1f707a1f42d8f93c174f4319793309adacb9ca4b12aff028,0fd49623591e8e13e140a1551085bea01e08e9c3,data/raw/formal-effectiveness-v1/formal-effectiveness-v1__colocation__pyxel_snake+space_rescue__cpu_compute__p100__r03,"{""pyxel_snake"":""games/pyxel/07_snake.py"",""space_rescue"":""games/pyxel/apps-src/space_rescue/space_rescue.py""}","{""pyxel_snake"":""bc533fef92d1d358e570f69d979919fe5c1cd8c4da49841104b49a1e661a5ac3"",""space_rescue"":""f3b0ab6784ae558e64f06a3f0a704e53f107a130aa3d43357659d0850131e461""}",b1650c849987937f07073d841da509ca7575dc8e3473a9f3bb58ecc8fc225226
2,198,formal-effectiveness-v1__colocation__pyxel_bubbles+pyxel_platformer+pyxel_shooter__cpu_compute__p100__r01,formal-effectiveness-v1,colocation-main,validation,colocation,"[""pyxel_bubbles"",""pyxel_platformer"",""pyxel_shooter""]",pyxel_bubbles,"[""pyxel_platformer"",""pyxel_shooter""]",pyxel_bubbles+pyxel_platformer+pyxel_shooter,pyxel_bubbles+pyxel_platformer+pyxel_shooter__r01,cpu_compute,1,1,1,4733635584818572693,10,30,1,10,windows-rtx4060,0,0,grid_2x2,true,80,a3dff8e23947af7a1f707a1f42d8f93c174f4319793309adacb9ca4b12aff028,0fd49623591e8e13e140a1551085bea01e08e9c3,data/raw/formal-effectiveness-v1/formal-effectiveness-v1__colocation__pyxel_bubbles+pyxel_platformer+pyxel_shooter__cpu_compute__p100__r01,"{""pyxel_bubbles"":""games/pyxel/06_click_game.py"",""pyxel_platformer"":""games/pyxel/10_platformer.py"",""pyxel_shooter"":""games/pyxel/09_shooter.py""}","{""pyxel_bubbles"":""54c101e90bdaed839ac4c4284494530d5df37a5819a35f1e41eebb0b3da5d900"",""pyxel_platformer"":""1b2c75b49dc9ab0254fb4b724682a4787868814a38d2f08920720dc5b6007ac5"",""pyxel_shooter"":""0f53e4156907eac41080a8f289e22c89365b3239517c754cf59a51af201d5563""}",bfd50dcc0a177833a5cafc041f1b861b71b702aa1c678e78d23e36c98ee1eb73
2,199,formal-effectiveness-v1__extra__mega_wing+pyxel_bubbles+pyxel_jump+space_rescue__cpu_compute__p100__r02,formal-effectiveness-v1,colocation-extra-test,extra_test,extra_test,"[""mega_wing"",""pyxel_bubbles"",""pyxel_jump"",""space_rescue""]",mega_wing,"[""pyxel_bubbles"",""pyxel_jump"",""space_rescue""]",mega_wing+pyxel_bubbles+pyxel_jump+space_rescue,mega_wing+pyxel_bubbles+pyxel_jump+space_rescue__r02,cpu_compute,1,1,2,6164434642108722684,10,30,1,10,windows-rtx4060,0,0,grid_2x2,true,80,a3dff8e23947af7a1f707a1f42d8f93c174f4319793309adacb9ca4b12aff028,0fd49623591e8e13e140a1551085bea01e08e9c3,data/raw/formal-effectiveness-v1/formal-effectiveness-v1__extra__mega_wing+pyxel_bubbles+pyxel_jump+space_rescue__cpu_compute__p100__r02,"{""mega_wing"":""games/pyxel/apps-src/mega_wing/mega_wing.py"",""pyxel_bubbles"":""games/pyxel/06_click_game.py"",""pyxel_jump"":""games/pyxel/02_jump_game.py"",""space_rescue"":""games/pyxel/apps-src/space_rescue/space_rescue.py""}","{""mega_wing"":""86bad6c02a303806c58137503739241dc6b1e86695f7c0dbf672b5e1a1464e9f"",""pyxel_bubbles"":""54c101e90bdaed839ac4c4284494530d5df37a5819a35f1e41eebb0b3da5d900"",""pyxel_jump"":""4743a825f1c9cae7e049ac52115f4ecf83350db546c00745a54af187d7bc2e46"",""space_rescue"":""f3b0ab6784ae558e64f06a3f0a704e53f107a130aa3d43357659d0850131e461""}",569d8d01e14e01fa1c3357758459f16829bf9e5353df7f16dc4a8139729f48a3
2,200,formal-effectiveness-v1__colocation__daylight+pyxel_jump__cpu_compute__p100__r01,formal-effectiveness-v1,colocation-main,test,colocation,"[""daylight"",""pyxel_jump""]",daylight,"[""pyxel_jump""]",daylight+pyxel_jump,daylight+pyxel_jump__r01,cpu_compute,1,1,1,1262859870248397632,10,30,1,10,windows-rtx4060,0,0,grid_2x2,true,80,a3dff8e23947af7a1f707a1f42d8f93c174f4319793309adacb9ca4b12aff028,0fd49623591e8e13e140a1551085bea01e08e9c3,data/raw/formal-effectiveness-v1/formal-effectiveness-v1__colocation__daylight+pyxel_jump__cpu_compute__p100__r01,"{""daylight"":""games/pyxel/apps-src/30SecondsOfDaylight/src/main.py"",""pyxel_jump"":""games/pyxel/02_jump_game.py""}","{""daylight"":""21a365375249e9d7ea05e78dcfe040f09cc1f0c66bd410bae084190c743a028f"",""pyxel_jump"":""4743a825f1c9cae7e049ac52115f4ecf83350db546c00745a54af187d7bc2e46""}",16b0f13a7218bfb7e6ce372bb5d62df83d0bccef0b03c2167440e14a0c329351
2,201,formal-effectiveness-v1__colocation__pyxel_bubbles+space_rescue__cpu_compute__p100__r03,formal-effectiveness-v1,colocation-main,train,colocation,"[""pyxel_bubbles"",""space_rescue""]",pyxel_bubbles,"[""space_rescue""]",pyxel_bubbles+space_rescue,pyxel_bubbles+space_rescue__r03,cpu_compute,1,1,3,8057252044865931481,10,30,1,10,windows-rtx4060,0,0,grid_2x2,true,80,a3dff8e23947af7a1f707a1f42d8f93c174f4319793309adacb9ca4b12aff028,0fd49623591e8e13e140a1551085bea01e08e9c3,data/raw/formal-effectiveness-v1/formal-effectiveness-v1__colocation__pyxel_bubbles+space_rescue__cpu_compute__p100__r03,"{""pyxel_bubbles"":""games/pyxel/06_click_game.py"",""space_rescue"":""games/pyxel/apps-src/space_rescue/space_rescue.py""}","{""pyxel_bubbles"":""54c101e90bdaed839ac4c4284494530d5df37a5819a35f1e41eebb0b3da5d900"",""space_rescue"":""f3b0ab6784ae558e64f06a3f0a704e53f107a130aa3d43357659d0850131e461""}",2e94aeeb1aeb71955fa50417e8aed2cd025fa3123fe46dcebd5b4c5a51fee545
2,202,formal-effectiveness-v1__colocation__pyxel_shooter+space_rescue__cpu_compute__p100__r02,formal-effectiveness-v1,colocation-main,train,colocation,"[""pyxel_shooter"",""space_rescue""]",pyxel_shooter,"[""space_rescue""]",pyxel_shooter+space_rescue,pyxel_shooter+space_rescue__r02,cpu_compute,1,1,2,15498335833253296561,10,30,1,10,windows-rtx4060,0,0,grid_2x2,true,80,a3dff8e23947af7a1f707a1f42d8f93c174f4319793309adacb9ca4b12aff028,0fd49623591e8e13e140a1551085bea01e08e9c3,data/raw/formal-effectiveness-v1/formal-effectiveness-v1__colocation__pyxel_shooter+space_rescue__cpu_compute__p100__r02,"{""pyxel_shooter"":""games/pyxel/09_shooter.py"",""space_rescue"":""games/pyxel/apps-src/space_rescue/space_rescue.py""}","{""pyxel_shooter"":""0f53e4156907eac41080a8f289e22c89365b3239517c754cf59a51af201d5563"",""space_rescue"":""f3b0ab6784ae558e64f06a3f0a704e53f107a130aa3d43357659d0850131e461""}",df93ef5cf0b2569721d055f17999c88a5a4021776f1de5e1dfdd630b15672139
2,203,formal-effectiveness-v1__colocation__pyxel_bubbles+pyxel_shooter__cpu_compute__p100__r03,formal-effectiveness-v1,colocation-main,train,colocation,"[""pyxel_bubbles"",""pyxel_shooter""]",pyxel_bubbles,"[""pyxel_shooter""]",pyxel_bubbles+pyxel_shooter,pyxel_bubbles+pyxel_shooter__r03,cpu_compute,1,1,3,7784978273315133933,10,30,1,10,windows-rtx4060,0,0,grid_2x2,true,80,a3dff8e23947af7a1f707a1f42d8f93c174f4319793309adacb9ca4b12aff028,0fd49623591e8e13e140a1551085bea01e08e9c3,data/raw/formal-effectiveness-v1/formal-effectiveness-v1__colocation__pyxel_bubbles+pyxel_shooter__cpu_compute__p100__r03,"{""pyxel_bubbles"":""games/pyxel/06_click_game.py"",""pyxel_shooter"":""games/pyxel/09_shooter.py""}","{""pyxel_bubbles"":""54c101e90bdaed839ac4c4284494530d5df37a5819a35f1e41eebb0b3da5d900"",""pyxel_shooter"":""0f53e4156907eac41080a8f289e22c89365b3239517c754cf59a51af201d5563""}",2fa3f3fb9d73d4fc8058aa863e4e9295fed9a0f08499eb06f2b36e4898d05f8d
2,204,formal-effectiveness-v1__colocation__daylight+mega_wing+pyxel_jump__cpu_compute__p100__r01,formal-effectiveness-v1,colocation-main,train,colocation,"[""daylight"",""mega_wing"",""pyxel_jump""]",daylight,"[""mega_wing"",""pyxel_jump""]",daylight+mega_wing+pyxel_jump,daylight+mega_wing+pyxel_jump__r01,cpu_compute,1,1,1,10667228663385005767,10,30,1,10,windows-rtx4060,0,0,grid_2x2,true,80,a3dff8e23947af7a1f707a1f42d8f93c174f4319793309adacb9ca4b12aff028,0fd49623591e8e13e140a1551085bea01e08e9c3,data/raw/formal-effectiveness-v1/formal-effectiveness-v1__colocation__daylight+mega_wing+pyxel_jump__cpu_compute__p100__r01,"{""daylight"":""games/pyxel/apps-src/30SecondsOfDaylight/src/main.py"",""mega_wing"":""games/pyxel/apps-src/mega_wing/mega_wing.py"",""pyxel_jump"":""games/pyxel/02_jump_game.py""}","{""daylight"":""21a365375249e9d7ea05e78dcfe040f09cc1f0c66bd410bae084190c743a028f"",""mega_wing"":""86bad6c02a303806c58137503739241dc6b1e86695f7c0dbf672b5e1a1464e9f"",""pyxel_jump"":""4743a825f1c9cae7e049ac52115f4ecf83350db546c00745a54af187d7bc2e46""}",2691bcb514b9cb8c7f20b7e81a51f67cf2ffd777dd563f085326f427b6ff78e2
2,205,formal-effectiveness-v1__colocation__daylight+pyxel_bubbles+space_rescue__cpu_compute__p100__r02,formal-effectiveness-v1,colocation-main,train,colocation,"[""daylight"",""pyxel_bubbles"",""space_rescue""]",daylight,"[""pyxel_bubbles"",""space_rescue""]",daylight+pyxel_bubbles+space_rescue,daylight+pyxel_bubbles+space_rescue__r02,cpu_compute,1,1,2,13076157871158550893,10,30,1,10,windows-rtx4060,0,0,grid_2x2,true,80,a3dff8e23947af7a1f707a1f42d8f93c174f4319793309adacb9ca4b12aff028,0fd49623591e8e13e140a1551085bea01e08e9c3,data/raw/formal-effectiveness-v1/formal-effectiveness-v1__colocation__daylight+pyxel_bubbles+space_rescue__cpu_compute__p100__r02,"{""daylight"":""games/pyxel/apps-src/30SecondsOfDaylight/src/main.py"",""pyxel_bubbles"":""games/pyxel/06_click_game.py"",""space_rescue"":""games/pyxel/apps-src/space_rescue/space_rescue.py""}","{""daylight"":""21a365375249e9d7ea05e78dcfe040f09cc1f0c66bd410bae084190c743a028f"",""pyxel_bubbles"":""54c101e90bdaed839ac4c4284494530d5df37a5819a35f1e41eebb0b3da5d900"",""space_rescue"":""f3b0ab6784ae558e64f06a3f0a704e53f107a130aa3d43357659d0850131e461""}",0d9b1146b7c3465d88f095c67c123e4e76e0c176e44e2f1c03961b9d8b8a39e5
2,206,formal-effectiveness-v1__colocation__pyxel_bubbles+space_rescue__cpu_compute__p100__r02,formal-effectiveness-v1,colocation-main,train,colocation,"[""pyxel_bubbles"",""space_rescue""]",pyxel_bubbles,"[""space_rescue""]",pyxel_bubbles+space_rescue,pyxel_bubbles+space_rescue__r02,cpu_compute,1,1,2,14757913708617749831,10,30,1,10,windows-rtx4060,0,0,grid_2x2,true,80,a3dff8e23947af7a1f707a1f42d8f93c174f4319793309adacb9ca4b12aff028,0fd49623591e8e13e140a1551085bea01e08e9c3,data/raw/formal-effectiveness-v1/formal-effectiveness-v1__colocation__pyxel_bubbles+space_rescue__cpu_compute__p100__r02,"{""pyxel_bubbles"":""games/pyxel/06_click_game.py"",""space_rescue"":""games/pyxel/apps-src/space_rescue/space_rescue.py""}","{""pyxel_bubbles"":""54c101e90bdaed839ac4c4284494530d5df37a5819a35f1e41eebb0b3da5d900"",""space_rescue"":""f3b0ab6784ae558e64f06a3f0a704e53f107a130aa3d43357659d0850131e461""}",4253b3588d83ad61cf788b63147342d1ea1a92f6cd28acb5390f7c942f3b4056
2,207,formal-effectiveness-v1__colocation__pyxel_jump+pyxel_platformer+pyxel_snake__cpu_compute__p100__r03,formal-effectiveness-v1,colocation-main,train,colocation,"[""pyxel_jump"",""pyxel_platformer"",""pyxel_snake""]",pyxel_jump,"[""pyxel_platformer"",""pyxel_snake""]",pyxel_jump+pyxel_platformer+pyxel_snake,pyxel_jump+pyxel_platformer+pyxel_snake__r03,cpu_compute,1,1,3,16650848774399994307,10,30,1,10,windows-rtx4060,0,0,grid_2x2,true,80,a3dff8e23947af7a1f707a1f42d8f93c174f4319793309adacb9ca4b12aff028,0fd49623591e8e13e140a1551085bea01e08e9c3,data/raw/formal-effectiveness-v1/formal-effectiveness-v1__colocation__pyxel_jump+pyxel_platformer+pyxel_snake__cpu_compute__p100__r03,"{""pyxel_jump"":""games/pyxel/02_jump_game.py"",""pyxel_platformer"":""games/pyxel/10_platformer.py"",""pyxel_snake"":""games/pyxel/07_snake.py""}","{""pyxel_jump"":""4743a825f1c9cae7e049ac52115f4ecf83350db546c00745a54af187d7bc2e46"",""pyxel_platformer"":""1b2c75b49dc9ab0254fb4b724682a4787868814a38d2f08920720dc5b6007ac5"",""pyxel_snake"":""bc533fef92d1d358e570f69d979919fe5c1cd8c4da49841104b49a1e661a5ac3""}",be44a6d775d6f5b2fbb553b0887348754441a1da285d3402563ef65fa6f40355
2,208,formal-effectiveness-v1__colocation__daylight+pyxel_bubbles__cpu_compute__p100__r01,formal-effectiveness-v1,colocation-main,validation,colocation,"[""daylight"",""pyxel_bubbles""]",daylight,"[""pyxel_bubbles""]",daylight+pyxel_bubbles,daylight+pyxel_bubbles__r01,cpu_compute,1,1,1,12275198146320755184,10,30,1,10,windows-rtx4060,0,0,grid_2x2,true,80,a3dff8e23947af7a1f707a1f42d8f93c174f4319793309adacb9ca4b12aff028,0fd49623591e8e13e140a1551085bea01e08e9c3,data/raw/formal-effectiveness-v1/formal-effectiveness-v1__colocation__daylight+pyxel_bubbles__cpu_compute__p100__r01,"{""daylight"":""games/pyxel/apps-src/30SecondsOfDaylight/src/main.py"",""pyxel_bubbles"":""games/pyxel/06_click_game.py""}","{""daylight"":""21a365375249e9d7ea05e78dcfe040f09cc1f0c66bd410bae084190c743a028f"",""pyxel_bubbles"":""54c101e90bdaed839ac4c4284494530d5df37a5819a35f1e41eebb0b3da5d900""}",454b929139b066954eec8fb92b29ff867540ecdd58156917f1d6b9fc97924939
2,209,formal-effectiveness-v1__colocation__pyxel_jump+pyxel_shooter+space_rescue__cpu_compute__p100__r03,formal-effectiveness-v1,colocation-main,validation,colocation,"[""pyxel_jump"",""pyxel_shooter"",""space_rescue""]",pyxel_jump,"[""pyxel_shooter"",""space_rescue""]",pyxel_jump+pyxel_shooter+space_rescue,pyxel_jump+pyxel_shooter+space_rescue__r03,cpu_compute,1,1,3,18062559485238238903,10,30,1,10,windows-rtx4060,0,0,grid_2x2,true,80,a3dff8e23947af7a1f707a1f42d8f93c174f4319793309adacb9ca4b12aff028,0fd49623591e8e13e140a1551085bea01e08e9c3,data/raw/formal-effectiveness-v1/formal-effectiveness-v1__colocation__pyxel_jump+pyxel_shooter+space_rescue__cpu_compute__p100__r03,"{""pyxel_jump"":""games/pyxel/02_jump_game.py"",""pyxel_shooter"":""games/pyxel/09_shooter.py"",""space_rescue"":""games/pyxel/apps-src/space_rescue/space_rescue.py""}","{""pyxel_jump"":""4743a825f1c9cae7e049ac52115f4ecf83350db546c00745a54af187d7bc2e46"",""pyxel_shooter"":""0f53e4156907eac41080a8f289e22c89365b3239517c754cf59a51af201d5563"",""space_rescue"":""f3b0ab6784ae558e64f06a3f0a704e53f107a130aa3d43357659d0850131e461""}",f2738c21eb6ef0e7419438ed3d2c8d9d2dc1b1e7ed9550238b19d34e24409543
2,210,formal-effectiveness-v1__colocation__pyxel_jump+pyxel_snake__cpu_compute__p100__r02,formal-effectiveness-v1,colocation-main,validation,colocation,"[""pyxel_jump"",""pyxel_snake""]",pyxel_jump,"[""pyxel_snake""]",pyxel_jump+pyxel_snake,pyxel_jump+pyxel_snake__r02,cpu_compute,1,1,2,8719686687132582433,10,30,1,10,windows-rtx4060,0,0,grid_2x2,true,80,a3dff8e23947af7a1f707a1f42d8f93c174f4319793309adacb9ca4b12aff028,0fd49623591e8e13e140a1551085bea01e08e9c3,data/raw/formal-effectiveness-v1/formal-effectiveness-v1__colocation__pyxel_jump+pyxel_snake__cpu_compute__p100__r02,"{""pyxel_jump"":""games/pyxel/02_jump_game.py"",""pyxel_snake"":""games/pyxel/07_snake.py""}","{""pyxel_jump"":""4743a825f1c9cae7e049ac52115f4ecf83350db546c00745a54af187d7bc2e46"",""pyxel_snake"":""bc533fef92d1d358e570f69d979919fe5c1cd8c4da49841104b49a1e661a5ac3""}",2d0934ae8453da8a3a6f8efd6d51eebf49763d3a4e358a5f86aed4b9f53b1e34
2,211,formal-effectiveness-v1__colocation__daylight+pyxel_bubbles+space_rescue__cpu_compute__p100__r01,formal-effectiveness-v1,colocation-main,train,colocation,"[""daylight"",""pyxel_bubbles"",""space_rescue""]",daylight,"[""pyxel_bubbles"",""space_rescue""]",daylight+pyxel_bubbles+space_rescue,daylight+pyxel_bubbles+space_rescue__r01,cpu_compute,1,1,1,423702352028061056,10,30,1,10,windows-rtx4060,0,0,grid_2x2,true,80,a3dff8e23947af7a1f707a1f42d8f93c174f4319793309adacb9ca4b12aff028,0fd49623591e8e13e140a1551085bea01e08e9c3,data/raw/formal-effectiveness-v1/formal-effectiveness-v1__colocation__daylight+pyxel_bubbles+space_rescue__cpu_compute__p100__r01,"{""daylight"":""games/pyxel/apps-src/30SecondsOfDaylight/src/main.py"",""pyxel_bubbles"":""games/pyxel/06_click_game.py"",""space_rescue"":""games/pyxel/apps-src/space_rescue/space_rescue.py""}","{""daylight"":""21a365375249e9d7ea05e78dcfe040f09cc1f0c66bd410bae084190c743a028f"",""pyxel_bubbles"":""54c101e90bdaed839ac4c4284494530d5df37a5819a35f1e41eebb0b3da5d900"",""space_rescue"":""f3b0ab6784ae558e64f06a3f0a704e53f107a130aa3d43357659d0850131e461""}",2854f0129d6e6a67666d1e35c53e892feb517061a12ef184504ac23a4ec480f8
2,212,formal-effectiveness-v1__colocation__pyxel_shooter+space_rescue__cpu_compute__p100__r03,formal-effectiveness-v1,colocation-main,train,colocation,"[""pyxel_shooter"",""space_rescue""]",pyxel_shooter,"[""space_rescue""]",pyxel_shooter+space_rescue,pyxel_shooter+space_rescue__r03,cpu_compute,1,1,3,5935736765789248513,10,30,1,10,windows-rtx4060,0,0,grid_2x2,true,80,a3dff8e23947af7a1f707a1f42d8f93c174f4319793309adacb9ca4b12aff028,0fd49623591e8e13e140a1551085bea01e08e9c3,data/raw/formal-effectiveness-v1/formal-effectiveness-v1__colocation__pyxel_shooter+space_rescue__cpu_compute__p100__r03,"{""pyxel_shooter"":""games/pyxel/09_shooter.py"",""space_rescue"":""games/pyxel/apps-src/space_rescue/space_rescue.py""}","{""pyxel_shooter"":""0f53e4156907eac41080a8f289e22c89365b3239517c754cf59a51af201d5563"",""space_rescue"":""f3b0ab6784ae558e64f06a3f0a704e53f107a130aa3d43357659d0850131e461""}",66c69e48883ccb3489d1377bd956518b3d8afa5b1b4374577fd96b02c3f51497
2,213,formal-effectiveness-v1__colocation__daylight+pyxel_jump+space_rescue__cpu_compute__p100__r03,formal-effectiveness-v1,colocation-main,train,colocation,"[""daylight"",""pyxel_jump"",""space_rescue""]",daylight,"[""pyxel_jump"",""space_rescue""]",daylight+pyxel_jump+space_rescue,daylight+pyxel_jump+space_rescue__r03,cpu_compute,1,1,3,13707573931073423570,10,30,1,10,windows-rtx4060,0,0,grid_2x2,true,80,a3dff8e23947af7a1f707a1f42d8f93c174f4319793309adacb9ca4b12aff028,0fd49623591e8e13e140a1551085bea01e08e9c3,data/raw/formal-effectiveness-v1/formal-effectiveness-v1__colocation__daylight+pyxel_jump+space_rescue__cpu_compute__p100__r03,"{""daylight"":""games/pyxel/apps-src/30SecondsOfDaylight/src/main.py"",""pyxel_jump"":""games/pyxel/02_jump_game.py"",""space_rescue"":""games/pyxel/apps-src/space_rescue/space_rescue.py""}","{""daylight"":""21a365375249e9d7ea05e78dcfe040f09cc1f0c66bd410bae084190c743a028f"",""pyxel_jump"":""4743a825f1c9cae7e049ac52115f4ecf83350db546c00745a54af187d7bc2e46"",""space_rescue"":""f3b0ab6784ae558e64f06a3f0a704e53f107a130aa3d43357659d0850131e461""}",d52f6139d4c4cdb198085242ed93eaf64228d6e5fb37cba3c89e652679bfaa8a
2,214,formal-effectiveness-v1__extra__pyxel_jump+pyxel_platformer+pyxel_shooter+space_rescue__cpu_compute__p100__r02,formal-effectiveness-v1,colocation-extra-test,extra_test,extra_test,"[""pyxel_jump"",""pyxel_platformer"",""pyxel_shooter"",""space_rescue""]",pyxel_jump,"[""pyxel_platformer"",""pyxel_shooter"",""space_rescue""]",pyxel_jump+pyxel_platformer+pyxel_shooter+space_rescue,pyxel_jump+pyxel_platformer+pyxel_shooter+space_rescue__r02,cpu_compute,1,1,2,3593831768122101321,10,30,1,10,windows-rtx4060,0,0,grid_2x2,true,80,a3dff8e23947af7a1f707a1f42d8f93c174f4319793309adacb9ca4b12aff028,0fd49623591e8e13e140a1551085bea01e08e9c3,data/raw/formal-effectiveness-v1/formal-effectiveness-v1__extra__pyxel_jump+pyxel_platformer+pyxel_shooter+space_rescue__cpu_compute__p100__r02,"{""pyxel_jump"":""games/pyxel/02_jump_game.py"",""pyxel_platformer"":""games/pyxel/10_platformer.py"",""pyxel_shooter"":""games/pyxel/09_shooter.py"",""space_rescue"":""games/pyxel/apps-src/space_rescue/space_rescue.py""}","{""pyxel_jump"":""4743a825f1c9cae7e049ac52115f4ecf83350db546c00745a54af187d7bc2e46"",""pyxel_platformer"":""1b2c75b49dc9ab0254fb4b724682a4787868814a38d2f08920720dc5b6007ac5"",""pyxel_shooter"":""0f53e4156907eac41080a8f289e22c89365b3239517c754cf59a51af201d5563"",""space_rescue"":""f3b0ab6784ae558e64f06a3f0a704e53f107a130aa3d43357659d0850131e461""}",8d7229552a2717ee4f3f6e536617f6d9882ec09f63a8a1c905da15d49e42bc55
2,215,formal-effectiveness-v1__colocation__pyxel_platformer+pyxel_snake+space_rescue__cpu_compute__p100__r03,formal-effectiveness-v1,colocation-main,validation,colocation,"[""pyxel_platformer"",""pyxel_snake"",""space_rescue""]",pyxel_platformer,"[""pyxel_snake"",""space_rescue""]",pyxel_platformer+pyxel_snake+space_rescue,pyxel_platformer+pyxel_snake+space_rescue__r03,cpu_compute,1,1,3,17351296107458380326,10,30,1,10,windows-rtx4060,0,0,grid_2x2,true,80,a3dff8e23947af7a1f707a1f42d8f93c174f4319793309adacb9ca4b12aff028,0fd49623591e8e13e140a1551085bea01e08e9c3,data/raw/formal-effectiveness-v1/formal-effectiveness-v1__colocation__pyxel_platformer+pyxel_snake+space_rescue__cpu_compute__p100__r03,"{""pyxel_platformer"":""games/pyxel/10_platformer.py"",""pyxel_snake"":""games/pyxel/07_snake.py"",""space_rescue"":""games/pyxel/apps-src/space_rescue/space_rescue.py""}","{""pyxel_platformer"":""1b2c75b49dc9ab0254fb4b724682a4787868814a38d2f08920720dc5b6007ac5"",""pyxel_snake"":""bc533fef92d1d358e570f69d979919fe5c1cd8c4da49841104b49a1e661a5ac3"",""space_rescue"":""f3b0ab6784ae558e64f06a3f0a704e53f107a130aa3d43357659d0850131e461""}",aa8376fa7736a4d0af88caae2cff870603d1361157ad0327f0ab0f22dbc374b9
2,216,formal-effectiveness-v1__colocation__pyxel_bubbles+pyxel_jump+pyxel_snake__cpu_compute__p100__r03,formal-effectiveness-v1,colocation-main,train,colocation,"[""pyxel_bubbles"",""pyxel_jump"",""pyxel_snake""]",pyxel_bubbles,"[""pyxel_jump"",""pyxel_snake""]",pyxel_bubbles+pyxel_jump+pyxel_snake,pyxel_bubbles+pyxel_jump+pyxel_snake__r03,cpu_compute,1,1,3,11116689002804186240,10,30,1,10,windows-rtx4060,0,0,grid_2x2,true,80,a3dff8e23947af7a1f707a1f42d8f93c174f4319793309adacb9ca4b12aff028,0fd49623591e8e13e140a1551085bea01e08e9c3,data/raw/formal-effectiveness-v1/formal-effectiveness-v1__colocation__pyxel_bubbles+pyxel_jump+pyxel_snake__cpu_compute__p100__r03,"{""pyxel_bubbles"":""games/pyxel/06_click_game.py"",""pyxel_jump"":""games/pyxel/02_jump_game.py"",""pyxel_snake"":""games/pyxel/07_snake.py""}","{""pyxel_bubbles"":""54c101e90bdaed839ac4c4284494530d5df37a5819a35f1e41eebb0b3da5d900"",""pyxel_jump"":""4743a825f1c9cae7e049ac52115f4ecf83350db546c00745a54af187d7bc2e46"",""pyxel_snake"":""bc533fef92d1d358e570f69d979919fe5c1cd8c4da49841104b49a1e661a5ac3""}",6cd064d5f9ff3928dc38477c022025b6e3d83ea75be4a8d83e1ec6814276707a
