schema_version,execution_index,run_id,experiment_id,stage,split,mode,workload_ids,target_id,neighbor_ids,combination_key,colocation_id,resource,pressure_requested,pressure_applied,repeat,seed,warmup_s,duration_s,sample_interval_s,cooldown_s,host_id,gpu_index,display_index,window_layout,require_visible_windows,max_gpu_temp_c,config_sha256,root_commit,run_directory,game_entrypoints,game_sha256s,row_sha256
2,1,formal-v1__colocation__pyxel_jump+pyxel_platformer__r02,formal-v1,colocation-main,train,colocation,"[""pyxel_jump"",""pyxel_platformer""]",pyxel_jump,"[""pyxel_platformer""]",pyxel_jump+pyxel_platformer,pyxel_jump+pyxel_platformer__r02,,,,2,539541111971655804,10,30,1,10,windows-rtx4060,0,0,grid_2x2,true,80,97d038c3fba55e8663b4a244a72f2c6af5e355cf1641eb229b1e93540dede9b9,5ed80cf2bad8dd330eb4d739a19a5dced2b18149,data/raw/safety-v2-s30/formal-v1/formal-v1__colocation__pyxel_jump+pyxel_platformer__r02,"{""pyxel_jump"":""games/pyxel/02_jump_game.py"",""pyxel_platformer"":""games/pyxel/10_platformer.py""}","{""pyxel_jump"":""4743a825f1c9cae7e049ac52115f4ecf83350db546c00745a54af187d7bc2e46"",""pyxel_platformer"":""1b2c75b49dc9ab0254fb4b724682a4787868814a38d2f08920720dc5b6007ac5""}",c97c600b7788b615442fec7d8a0aff3ae482544506325ac826c69957a283de97
2,2,formal-v1__profile__pyxel_bubbles__gpu_compute__p025__r02,formal-v1,profile,not_applicable,pressure_profile,"[""pyxel_bubbles""]",pyxel_bubbles,[],,,gpu_compute,0.25,0.0625,2,16621864881322943949,10,30,1,10,windows-rtx4060,0,0,grid_2x2,true,80,97d038c3fba55e8663b4a244a72f2c6af5e355cf1641eb229b1e93540dede9b9,5ed80cf2bad8dd330eb4d739a19a5dced2b18149,data/raw/safety-v2-s30/formal-v1/formal-v1__profile__pyxel_bubbles__gpu_compute__p025__r02,"{""pyxel_bubbles"":""games/pyxel/06_click_game.py""}","{""pyxel_bubbles"":""54c101e90bdaed839ac4c4284494530d5df37a5819a35f1e41eebb0b3da5d900""}",5380f9f04900a54f3238d6afccdf6bd0814ac2b7beb7a01aad710bf50ea1a3e4
2,3,formal-v1__profile__pyxel_snake__cpu_compute__p050__r01,formal-v1,profile,not_applicable,pressure_profile,"[""pyxel_snake""]",pyxel_snake,[],,,cpu_compute,0.5,0.5,1,9921734542372112850,10,30,1,10,windows-rtx4060,0,0,grid_2x2,true,80,97d038c3fba55e8663b4a244a72f2c6af5e355cf1641eb229b1e93540dede9b9,5ed80cf2bad8dd330eb4d739a19a5dced2b18149,data/raw/safety-v2-s30/formal-v1/formal-v1__profile__pyxel_snake__cpu_compute__p050__r01,"{""pyxel_snake"":""games/pyxel/07_snake.py""}","{""pyxel_snake"":""bc533fef92d1d358e570f69d979919fe5c1cd8c4da49841104b49a1e661a5ac3""}",66eb3a7086517e008450d302f5aba1279705d350618fd6e9910f538cfe03d5ef
2,4,formal-v1__profile__pyxel_bubbles__gpu_compute__p100__r02,formal-v1,profile,not_applicable,pressure_profile,"[""pyxel_bubbles""]",pyxel_bubbles,[],,,gpu_compute,1,0.25,2,342507276424832333,10,30,1,10,windows-rtx4060,0,0,grid_2x2,true,80,97d038c3fba55e8663b4a244a72f2c6af5e355cf1641eb229b1e93540dede9b9,5ed80cf2bad8dd330eb4d739a19a5dced2b18149,data/raw/safety-v2-s30/formal-v1/formal-v1__profile__pyxel_bubbles__gpu_compute__p100__r02,"{""pyxel_bubbles"":""games/pyxel/06_click_game.py""}","{""pyxel_bubbles"":""54c101e90bdaed839ac4c4284494530d5df37a5819a35f1e41eebb0b3da5d900""}",3e7cbf592beb2143a1716b6d5630a72f79e67dd86ab29a958e9062a7ae8c4264
2,5,formal-v1__extra__pyxel_bubbles+pyxel_jump+pyxel_shooter+pyxel_snake__r01,formal-v1,colocation-extra-test,extra_test,extra_test,"[""pyxel_bubbles"",""pyxel_jump"",""pyxel_shooter"",""pyxel_snake""]",pyxel_bubbles,"[""pyxel_jump"",""pyxel_shooter"",""pyxel_snake""]",pyxel_bubbles+pyxel_jump+pyxel_shooter+pyxel_snake,pyxel_bubbles+pyxel_jump+pyxel_shooter+pyxel_snake__r01,,,,1,2588038058385549033,10,30,1,10,windows-rtx4060,0,0,grid_2x2,true,80,97d038c3fba55e8663b4a244a72f2c6af5e355cf1641eb229b1e93540dede9b9,5ed80cf2bad8dd330eb4d739a19a5dced2b18149,data/raw/safety-v2-s30/formal-v1/formal-v1__extra__pyxel_bubbles+pyxel_jump+pyxel_shooter+pyxel_snake__r01,"{""pyxel_bubbles"":""games/pyxel/06_click_game.py"",""pyxel_jump"":""games/pyxel/02_jump_game.py"",""pyxel_shooter"":""games/pyxel/09_shooter.py"",""pyxel_snake"":""games/pyxel/07_snake.py""}","{""pyxel_bubbles"":""54c101e90bdaed839ac4c4284494530d5df37a5819a35f1e41eebb0b3da5d900"",""pyxel_jump"":""4743a825f1c9cae7e049ac52115f4ecf83350db546c00745a54af187d7bc2e46"",""pyxel_shooter"":""0f53e4156907eac41080a8f289e22c89365b3239517c754cf59a51af201d5563"",""pyxel_snake"":""bc533fef92d1d358e570f69d979919fe5c1cd8c4da49841104b49a1e661a5ac3""}",da4b469d17c71eec9bf74b4dd42abdcc53968893c76dbb37855080b7c474760c
2,6,formal-v1__profile__pyxel_shooter__gpu_compute__p000__r02,formal-v1,profile,not_applicable,pressure_profile,"[""pyxel_shooter""]",pyxel_shooter,[],,,gpu_compute,0,0,2,11458271528172579681,10,30,1,10,windows-rtx4060,0,0,grid_2x2,true,80,97d038c3fba55e8663b4a244a72f2c6af5e355cf1641eb229b1e93540dede9b9,5ed80cf2bad8dd330eb4d739a19a5dced2b18149,data/raw/safety-v2-s30/formal-v1/formal-v1__profile__pyxel_shooter__gpu_compute__p000__r02,"{""pyxel_shooter"":""games/pyxel/09_shooter.py""}","{""pyxel_shooter"":""0f53e4156907eac41080a8f289e22c89365b3239517c754cf59a51af201d5563""}",61e33a5c9766b41406d4e8ce7bce346a242719fe45bc0ee6c7ac34c30e2e2147
2,7,formal-v1__profile__mega_wing__cpu_compute__p100__r03,formal-v1,profile,not_applicable,pressure_profile,"[""mega_wing""]",mega_wing,[],,,cpu_compute,1,1,3,1670053174466730882,10,30,1,10,windows-rtx4060,0,0,grid_2x2,true,80,97d038c3fba55e8663b4a244a72f2c6af5e355cf1641eb229b1e93540dede9b9,5ed80cf2bad8dd330eb4d739a19a5dced2b18149,data/raw/safety-v2-s30/formal-v1/formal-v1__profile__mega_wing__cpu_compute__p100__r03,"{""mega_wing"":""games/pyxel/apps-src/mega_wing/mega_wing.py""}","{""mega_wing"":""86bad6c02a303806c58137503739241dc6b1e86695f7c0dbf672b5e1a1464e9f""}",b4aba1967708ffe63795804cf5ca10e5f99386ea0a21471a8e418b35d0bee3ee
2,8,formal-v1__colocation__pyxel_shooter+pyxel_snake+space_rescue__r02,formal-v1,colocation-main,validation,colocation,"[""pyxel_shooter"",""pyxel_snake"",""space_rescue""]",pyxel_shooter,"[""pyxel_snake"",""space_rescue""]",pyxel_shooter+pyxel_snake+space_rescue,pyxel_shooter+pyxel_snake+space_rescue__r02,,,,2,11797324761857393826,10,30,1,10,windows-rtx4060,0,0,grid_2x2,true,80,97d038c3fba55e8663b4a244a72f2c6af5e355cf1641eb229b1e93540dede9b9,5ed80cf2bad8dd330eb4d739a19a5dced2b18149,data/raw/safety-v2-s30/formal-v1/formal-v1__colocation__pyxel_shooter+pyxel_snake+space_rescue__r02,"{""pyxel_shooter"":""games/pyxel/09_shooter.py"",""pyxel_snake"":""games/pyxel/07_snake.py"",""space_rescue"":""games/pyxel/apps-src/space_rescue/space_rescue.py""}","{""pyxel_shooter"":""0f53e4156907eac41080a8f289e22c89365b3239517c754cf59a51af201d5563"",""pyxel_snake"":""bc533fef92d1d358e570f69d979919fe5c1cd8c4da49841104b49a1e661a5ac3"",""space_rescue"":""f3b0ab6784ae558e64f06a3f0a704e53f107a130aa3d43357659d0850131e461""}",fb36a23a9b632ec2bd99cd3ec1a412f81a8eacb2be20fc5d27fb380ca33a6246
2,9,formal-v1__extra__daylight+pyxel_bubbles+pyxel_shooter+space_rescue__r03,formal-v1,colocation-extra-test,extra_test,extra_test,"[""daylight"",""pyxel_bubbles"",""pyxel_shooter"",""space_rescue""]",daylight,"[""pyxel_bubbles"",""pyxel_shooter"",""space_rescue""]",daylight+pyxel_bubbles+pyxel_shooter+space_rescue,daylight+pyxel_bubbles+pyxel_shooter+space_rescue__r03,,,,3,15073077576397670072,10,30,1,10,windows-rtx4060,0,0,grid_2x2,true,80,97d038c3fba55e8663b4a244a72f2c6af5e355cf1641eb229b1e93540dede9b9,5ed80cf2bad8dd330eb4d739a19a5dced2b18149,data/raw/safety-v2-s30/formal-v1/formal-v1__extra__daylight+pyxel_bubbles+pyxel_shooter+space_rescue__r03,"{""daylight"":""games/pyxel/apps-src/30SecondsOfDaylight/src/main.py"",""pyxel_bubbles"":""games/pyxel/06_click_game.py"",""pyxel_shooter"":""games/pyxel/09_shooter.py"",""space_rescue"":""games/pyxel/apps-src/space_rescue/space_rescue.py""}","{""daylight"":""21a365375249e9d7ea05e78dcfe040f09cc1f0c66bd410bae084190c743a028f"",""pyxel_bubbles"":""54c101e90bdaed839ac4c4284494530d5df37a5819a35f1e41eebb0b3da5d900"",""pyxel_shooter"":""0f53e4156907eac41080a8f289e22c89365b3239517c754cf59a51af201d5563"",""space_rescue"":""f3b0ab6784ae558e64f06a3f0a704e53f107a130aa3d43357659d0850131e461""}",2edd25dff5c343a4c2507ee0d50349c9c09a4ec01406ec0a48af3326ce4db3f8
2,10,formal-v1__extra__mega_wing+pyxel_shooter+pyxel_snake+space_rescue__r01,formal-v1,colocation-extra-test,extra_test,extra_test,"[""mega_wing"",""pyxel_shooter"",""pyxel_snake"",""space_rescue""]",mega_wing,"[""pyxel_shooter"",""pyxel_snake"",""space_rescue""]",mega_wing+pyxel_shooter+pyxel_snake+space_rescue,mega_wing+pyxel_shooter+pyxel_snake+space_rescue__r01,,,,1,6250839922291618935,10,30,1,10,windows-rtx4060,0,0,grid_2x2,true,80,97d038c3fba55e8663b4a244a72f2c6af5e355cf1641eb229b1e93540dede9b9,5ed80cf2bad8dd330eb4d739a19a5dced2b18149,data/raw/safety-v2-s30/formal-v1/formal-v1__extra__mega_wing+pyxel_shooter+pyxel_snake+space_rescue__r01,"{""mega_wing"":""games/pyxel/apps-src/mega_wing/mega_wing.py"",""pyxel_shooter"":""games/pyxel/09_shooter.py"",""pyxel_snake"":""games/pyxel/07_snake.py"",""space_rescue"":""games/pyxel/apps-src/space_rescue/space_rescue.py""}","{""mega_wing"":""86bad6c02a303806c58137503739241dc6b1e86695f7c0dbf672b5e1a1464e9f"",""pyxel_shooter"":""0f53e4156907eac41080a8f289e22c89365b3239517c754cf59a51af201d5563"",""pyxel_snake"":""bc533fef92d1d358e570f69d979919fe5c1cd8c4da49841104b49a1e661a5ac3"",""space_rescue"":""f3b0ab6784ae558e64f06a3f0a704e53f107a130aa3d43357659d0850131e461""}",d7dc569158f7ddc6de351ab880367f2b1192b09c0cde0ea49ae2eca900eeac97
2,11,formal-v1__profile__pyxel_shooter__gpu_memory__p050__r03,formal-v1,profile,not_applicable,pressure_profile,"[""pyxel_shooter""]",pyxel_shooter,[],,,gpu_memory,0.5,0.5,3,9006778106117681636,10,30,1,10,windows-rtx4060,0,0,grid_2x2,true,80,97d038c3fba55e8663b4a244a72f2c6af5e355cf1641eb229b1e93540dede9b9,5ed80cf2bad8dd330eb4d739a19a5dced2b18149,data/raw/safety-v2-s30/formal-v1/formal-v1__profile__pyxel_shooter__gpu_memory__p050__r03,"{""pyxel_shooter"":""games/pyxel/09_shooter.py""}","{""pyxel_shooter"":""0f53e4156907eac41080a8f289e22c89365b3239517c754cf59a51af201d5563""}",b7257eeab660bfa6912fdff35056b8e674774e4fd3bdd4a4b457312eaf78a953
2,12,formal-v1__profile__pyxel_snake__cpu_compute__p000__r02,formal-v1,profile,not_applicable,pressure_profile,"[""pyxel_snake""]",pyxel_snake,[],,,cpu_compute,0,0,2,4020291816614470863,10,30,1,10,windows-rtx4060,0,0,grid_2x2,true,80,97d038c3fba55e8663b4a244a72f2c6af5e355cf1641eb229b1e93540dede9b9,5ed80cf2bad8dd330eb4d739a19a5dced2b18149,data/raw/safety-v2-s30/formal-v1/formal-v1__profile__pyxel_snake__cpu_compute__p000__r02,"{""pyxel_snake"":""games/pyxel/07_snake.py""}","{""pyxel_snake"":""bc533fef92d1d358e570f69d979919fe5c1cd8c4da49841104b49a1e661a5ac3""}",2d4ea89e9b8fecd617e23e32878e03e3e92fa33ad6b657d90a5b39da9ec3a256
2,13,formal-v1__profile__pyxel_bubbles__cpu_compute__p075__r02,formal-v1,profile,not_applicable,pressure_profile,"[""pyxel_bubbles""]",pyxel_bubbles,[],,,cpu_compute,0.75,0.75,2,13748643829131777805,10,30,1,10,windows-rtx4060,0,0,grid_2x2,true,80,97d038c3fba55e8663b4a244a72f2c6af5e355cf1641eb229b1e93540dede9b9,5ed80cf2bad8dd330eb4d739a19a5dced2b18149,data/raw/safety-v2-s30/formal-v1/formal-v1__profile__pyxel_bubbles__cpu_compute__p075__r02,"{""pyxel_bubbles"":""games/pyxel/06_click_game.py""}","{""pyxel_bubbles"":""54c101e90bdaed839ac4c4284494530d5df37a5819a35f1e41eebb0b3da5d900""}",f63a2c9122b7da6c614310807645e93bfeaaf5f0fe589a964344fc69a2ed3038
2,14,formal-v1__solo__daylight__r01,formal-v1,solo,not_applicable,solo,"[""daylight""]",daylight,[],,,,,,1,44879349506408657,10,30,1,10,windows-rtx4060,0,0,grid_2x2,true,80,97d038c3fba55e8663b4a244a72f2c6af5e355cf1641eb229b1e93540dede9b9,5ed80cf2bad8dd330eb4d739a19a5dced2b18149,data/raw/safety-v2-s30/formal-v1/formal-v1__solo__daylight__r01,"{""daylight"":""games/pyxel/apps-src/30SecondsOfDaylight/src/main.py""}","{""daylight"":""21a365375249e9d7ea05e78dcfe040f09cc1f0c66bd410bae084190c743a028f""}",d2ce503781f10391e555af3cf48a8afe694c2b8aebf563428814b46b93af7580
2,15,formal-v1__profile__pyxel_platformer__gpu_memory__p050__r01,formal-v1,profile,not_applicable,pressure_profile,"[""pyxel_platformer""]",pyxel_platformer,[],,,gpu_memory,0.5,0.5,1,10255546359852823889,10,30,1,10,windows-rtx4060,0,0,grid_2x2,true,80,97d038c3fba55e8663b4a244a72f2c6af5e355cf1641eb229b1e93540dede9b9,5ed80cf2bad8dd330eb4d739a19a5dced2b18149,data/raw/safety-v2-s30/formal-v1/formal-v1__profile__pyxel_platformer__gpu_memory__p050__r01,"{""pyxel_platformer"":""games/pyxel/10_platformer.py""}","{""pyxel_platformer"":""1b2c75b49dc9ab0254fb4b724682a4787868814a38d2f08920720dc5b6007ac5""}",3ae406539d5b22fdfda2a877266ef3fc26aeac11411b09ce6bb24ba0d0134ade
2,16,formal-v1__profile__pyxel_snake__gpu_compute__p100__r03,formal-v1,profile,not_applicable,pressure_profile,"[""pyxel_snake""]",pyxel_snake,[],,,gpu_compute,1,0.25,3,7682161995550926991,10,30,1,10,windows-rtx4060,0,0,grid_2x2,true,80,97d038c3fba55e8663b4a244a72f2c6af5e355cf1641eb229b1e93540dede9b9,5ed80cf2bad8dd330eb4d739a19a5dced2b18149,data/raw/safety-v2-s30/formal-v1/formal-v1__profile__pyxel_snake__gpu_compute__p100__r03,"{""pyxel_snake"":""games/pyxel/07_snake.py""}","{""pyxel_snake"":""bc533fef92d1d358e570f69d979919fe5c1cd8c4da49841104b49a1e661a5ac3""}",b8ec2604d3229af2f8ef1c453264240805d2df2abe807f3df9bef44d16583e73
2,17,formal-v1__profile__space_rescue__cpu_compute__p100__r03,formal-v1,profile,not_applicable,pressure_profile,"[""space_rescue""]",space_rescue,[],,,cpu_compute,1,1,3,14293589899628780498,10,30,1,10,windows-rtx4060,0,0,grid_2x2,true,80,97d038c3fba55e8663b4a244a72f2c6af5e355cf1641eb229b1e93540dede9b9,5ed80cf2bad8dd330eb4d739a19a5dced2b18149,data/raw/safety-v2-s30/formal-v1/formal-v1__profile__space_rescue__cpu_compute__p100__r03,"{""space_rescue"":""games/pyxel/apps-src/space_rescue/space_rescue.py""}","{""space_rescue"":""f3b0ab6784ae558e64f06a3f0a704e53f107a130aa3d43357659d0850131e461""}",1836eaeb74b9dfa2c6d9666e7c8ba1ceed1450f0fc508f326658e1ad21fddfcd
2,18,formal-v1__solo__mega_wing__r03,formal-v1,solo,not_applicable,solo,"[""mega_wing""]",mega_wing,[],,,,,,3,4598453964554603727,10,30,1,10,windows-rtx4060,0,0,grid_2x2,true,80,97d038c3fba55e8663b4a244a72f2c6af5e355cf1641eb229b1e93540dede9b9,5ed80cf2bad8dd330eb4d739a19a5dced2b18149,data/raw/safety-v2-s30/formal-v1/formal-v1__solo__mega_wing__r03,"{""mega_wing"":""games/pyxel/apps-src/mega_wing/mega_wing.py""}","{""mega_wing"":""86bad6c02a303806c58137503739241dc6b1e86695f7c0dbf672b5e1a1464e9f""}",c060c201e0c9b4a9c2d4c957c77a5c81cc901f438574d21016c58eab73d4050e
2,19,formal-v1__profile__mega_wing__cpu_compute__p100__r01,formal-v1,profile,not_applicable,pressure_profile,"[""mega_wing""]",mega_wing,[],,,cpu_compute,1,1,1,6673033510959147935,10,30,1,10,windows-rtx4060,0,0,grid_2x2,true,80,97d038c3fba55e8663b4a244a72f2c6af5e355cf1641eb229b1e93540dede9b9,5ed80cf2bad8dd330eb4d739a19a5dced2b18149,data/raw/safety-v2-s30/formal-v1/formal-v1__profile__mega_wing__cpu_compute__p100__r01,"{""mega_wing"":""games/pyxel/apps-src/mega_wing/mega_wing.py""}","{""mega_wing"":""86bad6c02a303806c58137503739241dc6b1e86695f7c0dbf672b5e1a1464e9f""}",90809ec2153957cf8c44b2c90ecd037728e137e491a203a98296213688ea0ff5
2,20,formal-v1__profile__pyxel_shooter__memory_bandwidth__p050__r03,formal-v1,profile,not_applicable,pressure_profile,"[""pyxel_shooter""]",pyxel_shooter,[],,,memory_bandwidth,0.5,0.5,3,3504418742781066102,10,30,1,10,windows-rtx4060,0,0,grid_2x2,true,80,97d038c3fba55e8663b4a244a72f2c6af5e355cf1641eb229b1e93540dede9b9,5ed80cf2bad8dd330eb4d739a19a5dced2b18149,data/raw/safety-v2-s30/formal-v1/formal-v1__profile__pyxel_shooter__memory_bandwidth__p050__r03,"{""pyxel_shooter"":""games/pyxel/09_shooter.py""}","{""pyxel_shooter"":""0f53e4156907eac41080a8f289e22c89365b3239517c754cf59a51af201d5563""}",4d5188026c052b896b702815d169d08ca216bd0ceebd8af8d2c33f6352fbb713
2,21,formal-v1__colocation__mega_wing+pyxel_snake+space_rescue__r03,formal-v1,colocation-main,train,colocation,"[""mega_wing"",""pyxel_snake"",""space_rescue""]",mega_wing,"[""pyxel_snake"",""space_rescue""]",mega_wing+pyxel_snake+space_rescue,mega_wing+pyxel_snake+space_rescue__r03,,,,3,8142017781895895066,10,30,1,10,windows-rtx4060,0,0,grid_2x2,true,80,97d038c3fba55e8663b4a244a72f2c6af5e355cf1641eb229b1e93540dede9b9,5ed80cf2bad8dd330eb4d739a19a5dced2b18149,data/raw/safety-v2-s30/formal-v1/formal-v1__colocation__mega_wing+pyxel_snake+space_rescue__r03,"{""mega_wing"":""games/pyxel/apps-src/mega_wing/mega_wing.py"",""pyxel_snake"":""games/pyxel/07_snake.py"",""space_rescue"":""games/pyxel/apps-src/space_rescue/space_rescue.py""}","{""mega_wing"":""86bad6c02a303806c58137503739241dc6b1e86695f7c0dbf672b5e1a1464e9f"",""pyxel_snake"":""bc533fef92d1d358e570f69d979919fe5c1cd8c4da49841104b49a1e661a5ac3"",""space_rescue"":""f3b0ab6784ae558e64f06a3f0a704e53f107a130aa3d43357659d0850131e461""}",fe955512398c9ce0b0aed2d6e13e02036cb1c13df6013ec011b6224b0074e569
2,22,formal-v1__profile__pyxel_jump__memory_bandwidth__p050__r01,formal-v1,profile,not_applicable,pressure_profile,"[""pyxel_jump""]",pyxel_jump,[],,,memory_bandwidth,0.5,0.5,1,6172709388259186092,10,30,1,10,windows-rtx4060,0,0,grid_2x2,true,80,97d038c3fba55e8663b4a244a72f2c6af5e355cf1641eb229b1e93540dede9b9,5ed80cf2bad8dd330eb4d739a19a5dced2b18149,data/raw/safety-v2-s30/formal-v1/formal-v1__profile__pyxel_jump__memory_bandwidth__p050__r01,"{""pyxel_jump"":""games/pyxel/02_jump_game.py""}","{""pyxel_jump"":""4743a825f1c9cae7e049ac52115f4ecf83350db546c00745a54af187d7bc2e46""}",dcee72f2c9fae10fee5b9f2973d34c9c1d8c4f035b992c2c1c7f7d62fa9fbd4d
2,23,formal-v1__profile__space_rescue__gpu_memory__p000__r02,formal-v1,profile,not_applicable,pressure_profile,"[""space_rescue""]",space_rescue,[],,,gpu_memory,0,0,2,3079260081899124766,10,30,1,10,windows-rtx4060,0,0,grid_2x2,true,80,97d038c3fba55e8663b4a244a72f2c6af5e355cf1641eb229b1e93540dede9b9,5ed80cf2bad8dd330eb4d739a19a5dced2b18149,data/raw/safety-v2-s30/formal-v1/formal-v1__profile__space_rescue__gpu_memory__p000__r02,"{""space_rescue"":""games/pyxel/apps-src/space_rescue/space_rescue.py""}","{""space_rescue"":""f3b0ab6784ae558e64f06a3f0a704e53f107a130aa3d43357659d0850131e461""}",e98292f9a34e3ae125fea5967ab0bbc39b627e82ff52c150e0e341884b00c5b5
2,24,formal-v1__profile__pyxel_snake__gpu_compute__p000__r03,formal-v1,profile,not_applicable,pressure_profile,"[""pyxel_snake""]",pyxel_snake,[],,,gpu_compute,0,0,3,9517669181605721885,10,30,1,10,windows-rtx4060,0,0,grid_2x2,true,80,97d038c3fba55e8663b4a244a72f2c6af5e355cf1641eb229b1e93540dede9b9,5ed80cf2bad8dd330eb4d739a19a5dced2b18149,data/raw/safety-v2-s30/formal-v1/formal-v1__profile__pyxel_snake__gpu_compute__p000__r03,"{""pyxel_snake"":""games/pyxel/07_snake.py""}","{""pyxel_snake"":""bc533fef92d1d358e570f69d979919fe5c1cd8c4da49841104b49a1e661a5ac3""}",bfa2780279e6c85c6d6c8d3137f528aab156b34ec741d7099f42c09f020f2a15
2,25,formal-v1__profile__pyxel_snake__gpu_memory__p025__r03,formal-v1,profile,not_applicable,pressure_profile,"[""pyxel_snake""]",pyxel_snake,[],,,gpu_memory,0.25,0.25,3,12371074906794683208,10,30,1,10,windows-rtx4060,0,0,grid_2x2,true,80,97d038c3fba55e8663b4a244a72f2c6af5e355cf1641eb229b1e93540dede9b9,5ed80cf2bad8dd330eb4d739a19a5dced2b18149,data/raw/safety-v2-s30/formal-v1/formal-v1__profile__pyxel_snake__gpu_memory__p025__r03,"{""pyxel_snake"":""games/pyxel/07_snake.py""}","{""pyxel_snake"":""bc533fef92d1d358e570f69d979919fe5c1cd8c4da49841104b49a1e661a5ac3""}",6fb13a890d2aea4abf183a4361bc91d8afa59ef81d2c70566d947e9be491536a
2,26,formal-v1__profile__pyxel_jump__gpu_memory__p000__r02,formal-v1,profile,not_applicable,pressure_profile,"[""pyxel_jump""]",pyxel_jump,[],,,gpu_memory,0,0,2,16773997778953179508,10,30,1,10,windows-rtx4060,0,0,grid_2x2,true,80,97d038c3fba55e8663b4a244a72f2c6af5e355cf1641eb229b1e93540dede9b9,5ed80cf2bad8dd330eb4d739a19a5dced2b18149,data/raw/safety-v2-s30/formal-v1/formal-v1__profile__pyxel_jump__gpu_memory__p000__r02,"{""pyxel_jump"":""games/pyxel/02_jump_game.py""}","{""pyxel_jump"":""4743a825f1c9cae7e049ac52115f4ecf83350db546c00745a54af187d7bc2e46""}",5f96a42efc87517b6c1dedccc8b19ff9a6f9b80b7fa09057f6564870d3cf39e1
2,27,formal-v1__solo__pyxel_bubbles__r03,formal-v1,solo,not_applicable,solo,"[""pyxel_bubbles""]",pyxel_bubbles,[],,,,,,3,13166571500155742058,10,30,1,10,windows-rtx4060,0,0,grid_2x2,true,80,97d038c3fba55e8663b4a244a72f2c6af5e355cf1641eb229b1e93540dede9b9,5ed80cf2bad8dd330eb4d739a19a5dced2b18149,data/raw/safety-v2-s30/formal-v1/formal-v1__solo__pyxel_bubbles__r03,"{""pyxel_bubbles"":""games/pyxel/06_click_game.py""}","{""pyxel_bubbles"":""54c101e90bdaed839ac4c4284494530d5df37a5819a35f1e41eebb0b3da5d900""}",a15f4419720038c8369ee1e06b99f506249a541a060c9558188d01f5b9a42c59
2,28,formal-v1__colocation__daylight+pyxel_bubbles+pyxel_platformer__r02,formal-v1,colocation-main,test,colocation,"[""daylight"",""pyxel_bubbles"",""pyxel_platformer""]",daylight,"[""pyxel_bubbles"",""pyxel_platformer""]",daylight+pyxel_bubbles+pyxel_platformer,daylight+pyxel_bubbles+pyxel_platformer__r02,,,,2,3256605726736093810,10,30,1,10,windows-rtx4060,0,0,grid_2x2,true,80,97d038c3fba55e8663b4a244a72f2c6af5e355cf1641eb229b1e93540dede9b9,5ed80cf2bad8dd330eb4d739a19a5dced2b18149,data/raw/safety-v2-s30/formal-v1/formal-v1__colocation__daylight+pyxel_bubbles+pyxel_platformer__r02,"{""daylight"":""games/pyxel/apps-src/30SecondsOfDaylight/src/main.py"",""pyxel_bubbles"":""games/pyxel/06_click_game.py"",""pyxel_platformer"":""games/pyxel/10_platformer.py""}","{""daylight"":""21a365375249e9d7ea05e78dcfe040f09cc1f0c66bd410bae084190c743a028f"",""pyxel_bubbles"":""54c101e90bdaed839ac4c4284494530d5df37a5819a35f1e41eebb0b3da5d900"",""pyxel_platformer"":""1b2c75b49dc9ab0254fb4b724682a4787868814a38d2f08920720dc5b6007ac5""}",ffe15f447d165fa33822d5eb0b377ea078968537f3fd0fd25b5a2c85735feb77
2,29,formal-v1__colocation__daylight+mega_wing__r01,formal-v1,colocation-main,test,colocation,"[""daylight"",""mega_wing""]",daylight,"[""mega_wing""]",daylight+mega_wing,daylight+mega_wing__r01,,,,1,10943283578462191745,10,30,1,10,windows-rtx4060,0,0,grid_2x2,true,80,97d038c3fba55e8663b4a244a72f2c6af5e355cf1641eb229b1e93540dede9b9,5ed80cf2bad8dd330eb4d739a19a5dced2b18149,data/raw/safety-v2-s30/formal-v1/formal-v1__colocation__daylight+mega_wing__r01,"{""daylight"":""games/pyxel/apps-src/30SecondsOfDaylight/src/main.py"",""mega_wing"":""games/pyxel/apps-src/mega_wing/mega_wing.py""}","{""daylight"":""21a365375249e9d7ea05e78dcfe040f09cc1f0c66bd410bae084190c743a028f"",""mega_wing"":""86bad6c02a303806c58137503739241dc6b1e86695f7c0dbf672b5e1a1464e9f""}",3c82b574e8086e40466b929cd9cfdb73a515cdf6473bd2333a14f84548a02ed2
2,30,formal-v1__colocation__mega_wing+pyxel_platformer+pyxel_shooter__r02,formal-v1,colocation-main,test,colocation,"[""mega_wing"",""pyxel_platformer"",""pyxel_shooter""]",mega_wing,"[""pyxel_platformer"",""pyxel_shooter""]",mega_wing+pyxel_platformer+pyxel_shooter,mega_wing+pyxel_platformer+pyxel_shooter__r02,,,,2,13682341556401358875,10,30,1,10,windows-rtx4060,0,0,grid_2x2,true,80,97d038c3fba55e8663b4a244a72f2c6af5e355cf1641eb229b1e93540dede9b9,5ed80cf2bad8dd330eb4d739a19a5dced2b18149,data/raw/safety-v2-s30/formal-v1/formal-v1__colocation__mega_wing+pyxel_platformer+pyxel_shooter__r02,"{""mega_wing"":""games/pyxel/apps-src/mega_wing/mega_wing.py"",""pyxel_platformer"":""games/pyxel/10_platformer.py"",""pyxel_shooter"":""games/pyxel/09_shooter.py""}","{""mega_wing"":""86bad6c02a303806c58137503739241dc6b1e86695f7c0dbf672b5e1a1464e9f"",""pyxel_platformer"":""1b2c75b49dc9ab0254fb4b724682a4787868814a38d2f08920720dc5b6007ac5"",""pyxel_shooter"":""0f53e4156907eac41080a8f289e22c89365b3239517c754cf59a51af201d5563""}",e052404851af5038d198655873f7c2cf6f99f7531e45b44fb372c7d5dda4a475
2,31,formal-v1__profile__pyxel_snake__gpu_memory__p025__r01,formal-v1,profile,not_applicable,pressure_profile,"[""pyxel_snake""]",pyxel_snake,[],,,gpu_memory,0.25,0.25,1,18316953053906885181,10,30,1,10,windows-rtx4060,0,0,grid_2x2,true,80,97d038c3fba55e8663b4a244a72f2c6af5e355cf1641eb229b1e93540dede9b9,5ed80cf2bad8dd330eb4d739a19a5dced2b18149,data/raw/safety-v2-s30/formal-v1/formal-v1__profile__pyxel_snake__gpu_memory__p025__r01,"{""pyxel_snake"":""games/pyxel/07_snake.py""}","{""pyxel_snake"":""bc533fef92d1d358e570f69d979919fe5c1cd8c4da49841104b49a1e661a5ac3""}",c56466b13a00fd83f0a01c7d312ef7a22354ab17269adb05b5675d721f0dc4a9
2,32,formal-v1__profile__pyxel_snake__cpu_compute__p100__r01,formal-v1,profile,not_applicable,pressure_profile,"[""pyxel_snake""]",pyxel_snake,[],,,cpu_compute,1,1,1,14566947362152717901,10,30,1,10,windows-rtx4060,0,0,grid_2x2,true,80,97d038c3fba55e8663b4a244a72f2c6af5e355cf1641eb229b1e93540dede9b9,5ed80cf2bad8dd330eb4d739a19a5dced2b18149,data/raw/safety-v2-s30/formal-v1/formal-v1__profile__pyxel_snake__cpu_compute__p100__r01,"{""pyxel_snake"":""games/pyxel/07_snake.py""}","{""pyxel_snake"":""bc533fef92d1d358e570f69d979919fe5c1cd8c4da49841104b49a1e661a5ac3""}",ffa6bacb491f5d74674980199829f05338a0c4f5e7cbb3c640ad60befb704169
2,33,formal-v1__profile__daylight__memory_bandwidth__p050__r01,formal-v1,profile,not_applicable,pressure_profile,"[""daylight""]",daylight,[],,,memory_bandwidth,0.5,0.5,1,1630469762645751841,10,30,1,10,windows-rtx4060,0,0,grid_2x2,true,80,97d038c3fba55e8663b4a244a72f2c6af5e355cf1641eb229b1e93540dede9b9,5ed80cf2bad8dd330eb4d739a19a5dced2b18149,data/raw/safety-v2-s30/formal-v1/formal-v1__profile__daylight__memory_bandwidth__p050__r01,"{""daylight"":""games/pyxel/apps-src/30SecondsOfDaylight/src/main.py""}","{""daylight"":""21a365375249e9d7ea05e78dcfe040f09cc1f0c66bd410bae084190c743a028f""}",d41f9dca0bd2a8b4a7350577e3c546cfb2d9c265019c0304b656b4d5a9d90a02
2,34,formal-v1__profile__pyxel_snake__gpu_memory__p100__r03,formal-v1,profile,not_applicable,pressure_profile,"[""pyxel_snake""]",pyxel_snake,[],,,gpu_memory,1,1,3,10059704514546187109,10,30,1,10,windows-rtx4060,0,0,grid_2x2,true,80,97d038c3fba55e8663b4a244a72f2c6af5e355cf1641eb229b1e93540dede9b9,5ed80cf2bad8dd330eb4d739a19a5dced2b18149,data/raw/safety-v2-s30/formal-v1/formal-v1__profile__pyxel_snake__gpu_memory__p100__r03,"{""pyxel_snake"":""games/pyxel/07_snake.py""}","{""pyxel_snake"":""bc533fef92d1d358e570f69d979919fe5c1cd8c4da49841104b49a1e661a5ac3""}",6131e22f97f97b92d80671a8087f8bbb0049e40593e1f2bb2d6c0f2ff8b24aab
2,35,formal-v1__extra__daylight+pyxel_bubbles+pyxel_shooter+space_rescue__r02,formal-v1,colocation-extra-test,extra_test,extra_test,"[""daylight"",""pyxel_bubbles"",""pyxel_shooter"",""space_rescue""]",daylight,"[""pyxel_bubbles"",""pyxel_shooter"",""space_rescue""]",daylight+pyxel_bubbles+pyxel_shooter+space_rescue,daylight+pyxel_bubbles+pyxel_shooter+space_rescue__r02,,,,2,1072938454727186155,10,30,1,10,windows-rtx4060,0,0,grid_2x2,true,80,97d038c3fba55e8663b4a244a72f2c6af5e355cf1641eb229b1e93540dede9b9,5ed80cf2bad8dd330eb4d739a19a5dced2b18149,data/raw/safety-v2-s30/formal-v1/formal-v1__extra__daylight+pyxel_bubbles+pyxel_shooter+space_rescue__r02,"{""daylight"":""games/pyxel/apps-src/30SecondsOfDaylight/src/main.py"",""pyxel_bubbles"":""games/pyxel/06_click_game.py"",""pyxel_shooter"":""games/pyxel/09_shooter.py"",""space_rescue"":""games/pyxel/apps-src/space_rescue/space_rescue.py""}","{""daylight"":""21a365375249e9d7ea05e78dcfe040f09cc1f0c66bd410bae084190c743a028f"",""pyxel_bubbles"":""54c101e90bdaed839ac4c4284494530d5df37a5819a35f1e41eebb0b3da5d900"",""pyxel_shooter"":""0f53e4156907eac41080a8f289e22c89365b3239517c754cf59a51af201d5563"",""space_rescue"":""f3b0ab6784ae558e64f06a3f0a704e53f107a130aa3d43357659d0850131e461""}",bf09c2bd33e68f6ef12d2fd8275b84b2ef691978f4da7c62a22e8a7ba5965551
2,36,formal-v1__colocation__pyxel_bubbles+pyxel_jump+pyxel_platformer__r03,formal-v1,colocation-main,train,colocation,"[""pyxel_bubbles"",""pyxel_jump"",""pyxel_platformer""]",pyxel_bubbles,"[""pyxel_jump"",""pyxel_platformer""]",pyxel_bubbles+pyxel_jump+pyxel_platformer,pyxel_bubbles+pyxel_jump+pyxel_platformer__r03,,,,3,14613532575322629756,10,30,1,10,windows-rtx4060,0,0,grid_2x2,true,80,97d038c3fba55e8663b4a244a72f2c6af5e355cf1641eb229b1e93540dede9b9,5ed80cf2bad8dd330eb4d739a19a5dced2b18149,data/raw/safety-v2-s30/formal-v1/formal-v1__colocation__pyxel_bubbles+pyxel_jump+pyxel_platformer__r03,"{""pyxel_bubbles"":""games/pyxel/06_click_game.py"",""pyxel_jump"":""games/pyxel/02_jump_game.py"",""pyxel_platformer"":""games/pyxel/10_platformer.py""}","{""pyxel_bubbles"":""54c101e90bdaed839ac4c4284494530d5df37a5819a35f1e41eebb0b3da5d900"",""pyxel_jump"":""4743a825f1c9cae7e049ac52115f4ecf83350db546c00745a54af187d7bc2e46"",""pyxel_platformer"":""1b2c75b49dc9ab0254fb4b724682a4787868814a38d2f08920720dc5b6007ac5""}",0952b32e6fbbce57c34493dbec7865392132d95b9d91e3d0e6ce932e3412de78
2,37,formal-v1__colocation__mega_wing+pyxel_jump+pyxel_platformer__r03,formal-v1,colocation-main,train,colocation,"[""mega_wing"",""pyxel_jump"",""pyxel_platformer""]",mega_wing,"[""pyxel_jump"",""pyxel_platformer""]",mega_wing+pyxel_jump+pyxel_platformer,mega_wing+pyxel_jump+pyxel_platformer__r03,,,,3,8971933576963466641,10,30,1,10,windows-rtx4060,0,0,grid_2x2,true,80,97d038c3fba55e8663b4a244a72f2c6af5e355cf1641eb229b1e93540dede9b9,5ed80cf2bad8dd330eb4d739a19a5dced2b18149,data/raw/safety-v2-s30/formal-v1/formal-v1__colocation__mega_wing+pyxel_jump+pyxel_platformer__r03,"{""mega_wing"":""games/pyxel/apps-src/mega_wing/mega_wing.py"",""pyxel_jump"":""games/pyxel/02_jump_game.py"",""pyxel_platformer"":""games/pyxel/10_platformer.py""}","{""mega_wing"":""86bad6c02a303806c58137503739241dc6b1e86695f7c0dbf672b5e1a1464e9f"",""pyxel_jump"":""4743a825f1c9cae7e049ac52115f4ecf83350db546c00745a54af187d7bc2e46"",""pyxel_platformer"":""1b2c75b49dc9ab0254fb4b724682a4787868814a38d2f08920720dc5b6007ac5""}",e1a69aabbbd5678986575b3db0f864cc772c507a36af482991ad3b4fd76c5728
2,38,formal-v1__profile__pyxel_platformer__gpu_memory__p075__r03,formal-v1,profile,not_applicable,pressure_profile,"[""pyxel_platformer""]",pyxel_platformer,[],,,gpu_memory,0.75,0.75,3,12444815318315987464,10,30,1,10,windows-rtx4060,0,0,grid_2x2,true,80,97d038c3fba55e8663b4a244a72f2c6af5e355cf1641eb229b1e93540dede9b9,5ed80cf2bad8dd330eb4d739a19a5dced2b18149,data/raw/safety-v2-s30/formal-v1/formal-v1__profile__pyxel_platformer__gpu_memory__p075__r03,"{""pyxel_platformer"":""games/pyxel/10_platformer.py""}","{""pyxel_platformer"":""1b2c75b49dc9ab0254fb4b724682a4787868814a38d2f08920720dc5b6007ac5""}",23ba75ed1ca65a323f66b6ca7062c0e39370479f45e20aa0addf74521f190eed
2,39,formal-v1__profile__mega_wing__gpu_compute__p000__r02,formal-v1,profile,not_applicable,pressure_profile,"[""mega_wing""]",mega_wing,[],,,gpu_compute,0,0,2,18438309879370389136,10,30,1,10,windows-rtx4060,0,0,grid_2x2,true,80,97d038c3fba55e8663b4a244a72f2c6af5e355cf1641eb229b1e93540dede9b9,5ed80cf2bad8dd330eb4d739a19a5dced2b18149,data/raw/safety-v2-s30/formal-v1/formal-v1__profile__mega_wing__gpu_compute__p000__r02,"{""mega_wing"":""games/pyxel/apps-src/mega_wing/mega_wing.py""}","{""mega_wing"":""86bad6c02a303806c58137503739241dc6b1e86695f7c0dbf672b5e1a1464e9f""}",cf68c78867a6a1663f1739652f6459e6dd578c64669e20a2b40efd57d3b76daf
2,40,formal-v1__profile__pyxel_shooter__memory_bandwidth__p050__r01,formal-v1,profile,not_applicable,pressure_profile,"[""pyxel_shooter""]",pyxel_shooter,[],,,memory_bandwidth,0.5,0.5,1,10793905800486606000,10,30,1,10,windows-rtx4060,0,0,grid_2x2,true,80,97d038c3fba55e8663b4a244a72f2c6af5e355cf1641eb229b1e93540dede9b9,5ed80cf2bad8dd330eb4d739a19a5dced2b18149,data/raw/safety-v2-s30/formal-v1/formal-v1__profile__pyxel_shooter__memory_bandwidth__p050__r01,"{""pyxel_shooter"":""games/pyxel/09_shooter.py""}","{""pyxel_shooter"":""0f53e4156907eac41080a8f289e22c89365b3239517c754cf59a51af201d5563""}",c3dacb0fdcd61bb6001a386515af19d896fbd4dbfe94d3554695a405a8de8404
2,41,formal-v1__colocation__pyxel_platformer+pyxel_shooter+space_rescue__r03,formal-v1,colocation-main,validation,colocation,"[""pyxel_platformer"",""pyxel_shooter"",""space_rescue""]",pyxel_platformer,"[""pyxel_shooter"",""space_rescue""]",pyxel_platformer+pyxel_shooter+space_rescue,pyxel_platformer+pyxel_shooter+space_rescue__r03,,,,3,2378095048118436956,10,30,1,10,windows-rtx4060,0,0,grid_2x2,true,80,97d038c3fba55e8663b4a244a72f2c6af5e355cf1641eb229b1e93540dede9b9,5ed80cf2bad8dd330eb4d739a19a5dced2b18149,data/raw/safety-v2-s30/formal-v1/formal-v1__colocation__pyxel_platformer+pyxel_shooter+space_rescue__r03,"{""pyxel_platformer"":""games/pyxel/10_platformer.py"",""pyxel_shooter"":""games/pyxel/09_shooter.py"",""space_rescue"":""games/pyxel/apps-src/space_rescue/space_rescue.py""}","{""pyxel_platformer"":""1b2c75b49dc9ab0254fb4b724682a4787868814a38d2f08920720dc5b6007ac5"",""pyxel_shooter"":""0f53e4156907eac41080a8f289e22c89365b3239517c754cf59a51af201d5563"",""space_rescue"":""f3b0ab6784ae558e64f06a3f0a704e53f107a130aa3d43357659d0850131e461""}",0cb154e1291d64a0920d31f2e53655aa59b45e8d5085a305c60ba73f39087e4f
2,42,formal-v1__profile__mega_wing__gpu_memory__p025__r03,formal-v1,profile,not_applicable,pressure_profile,"[""mega_wing""]",mega_wing,[],,,gpu_memory,0.25,0.25,3,4276273525197974134,10,30,1,10,windows-rtx4060,0,0,grid_2x2,true,80,97d038c3fba55e8663b4a244a72f2c6af5e355cf1641eb229b1e93540dede9b9,5ed80cf2bad8dd330eb4d739a19a5dced2b18149,data/raw/safety-v2-s30/formal-v1/formal-v1__profile__mega_wing__gpu_memory__p025__r03,"{""mega_wing"":""games/pyxel/apps-src/mega_wing/mega_wing.py""}","{""mega_wing"":""86bad6c02a303806c58137503739241dc6b1e86695f7c0dbf672b5e1a1464e9f""}",3aeb829fef2329853dcd99e2cd3f05f893421962d7ef406a418d1115d9413663
2,43,formal-v1__profile__pyxel_platformer__gpu_compute__p050__r03,formal-v1,profile,not_applicable,pressure_profile,"[""pyxel_platformer""]",pyxel_platformer,[],,,gpu_compute,0.5,0.125,3,4830467956693630396,10,30,1,10,windows-rtx4060,0,0,grid_2x2,true,80,97d038c3fba55e8663b4a244a72f2c6af5e355cf1641eb229b1e93540dede9b9,5ed80cf2bad8dd330eb4d739a19a5dced2b18149,data/raw/safety-v2-s30/formal-v1/formal-v1__profile__pyxel_platformer__gpu_compute__p050__r03,"{""pyxel_platformer"":""games/pyxel/10_platformer.py""}","{""pyxel_platformer"":""1b2c75b49dc9ab0254fb4b724682a4787868814a38d2f08920720dc5b6007ac5""}",11fd497f2ef57689c65bbcbfbf6c47914a6384065971c715dd3bd6bd43ad0d56
2,44,formal-v1__profile__pyxel_shooter__gpu_compute__p000__r03,formal-v1,profile,not_applicable,pressure_profile,"[""pyxel_shooter""]",pyxel_shooter,[],,,gpu_compute,0,0,3,17305474090941391802,10,30,1,10,windows-rtx4060,0,0,grid_2x2,true,80,97d038c3fba55e8663b4a244a72f2c6af5e355cf1641eb229b1e93540dede9b9,5ed80cf2bad8dd330eb4d739a19a5dced2b18149,data/raw/safety-v2-s30/formal-v1/formal-v1__profile__pyxel_shooter__gpu_compute__p000__r03,"{""pyxel_shooter"":""games/pyxel/09_shooter.py""}","{""pyxel_shooter"":""0f53e4156907eac41080a8f289e22c89365b3239517c754cf59a51af201d5563""}",efa3088279fae4d82b345c3ec08e653619b115d1f859f9908fb4d8ecb168d2ce
2,45,formal-v1__profile__mega_wing__cpu_compute__p000__r02,formal-v1,profile,not_applicable,pressure_profile,"[""mega_wing""]",mega_wing,[],,,cpu_compute,0,0,2,2745967971310800797,10,30,1,10,windows-rtx4060,0,0,grid_2x2,true,80,97d038c3fba55e8663b4a244a72f2c6af5e355cf1641eb229b1e93540dede9b9,5ed80cf2bad8dd330eb4d739a19a5dced2b18149,data/raw/safety-v2-s30/formal-v1/formal-v1__profile__mega_wing__cpu_compute__p000__r02,"{""mega_wing"":""games/pyxel/apps-src/mega_wing/mega_wing.py""}","{""mega_wing"":""86bad6c02a303806c58137503739241dc6b1e86695f7c0dbf672b5e1a1464e9f""}",bd1682e32e184d101ead9a34f76248e91b08c0a63c6785e3b3fdbe8ad3b4f467
2,46,formal-v1__colocation__daylight+pyxel_bubbles__r03,formal-v1,colocation-main,validation,colocation,"[""daylight"",""pyxel_bubbles""]",daylight,"[""pyxel_bubbles""]",daylight+pyxel_bubbles,daylight+pyxel_bubbles__r03,,,,3,6488750937728922443,10,30,1,10,windows-rtx4060,0,0,grid_2x2,true,80,97d038c3fba55e8663b4a244a72f2c6af5e355cf1641eb229b1e93540dede9b9,5ed80cf2bad8dd330eb4d739a19a5dced2b18149,data/raw/safety-v2-s30/formal-v1/formal-v1__colocation__daylight+pyxel_bubbles__r03,"{""daylight"":""games/pyxel/apps-src/30SecondsOfDaylight/src/main.py"",""pyxel_bubbles"":""games/pyxel/06_click_game.py""}","{""daylight"":""21a365375249e9d7ea05e78dcfe040f09cc1f0c66bd410bae084190c743a028f"",""pyxel_bubbles"":""54c101e90bdaed839ac4c4284494530d5df37a5819a35f1e41eebb0b3da5d900""}",60ad1ef0d874929e27a24361697548ff41ebe11bbed1228fb887cfa6d7660df6
2,47,formal-v1__profile__pyxel_platformer__gpu_memory__p075__r02,formal-v1,profile,not_applicable,pressure_profile,"[""pyxel_platformer""]",pyxel_platformer,[],,,gpu_memory,0.75,0.75,2,12955620858010274978,10,30,1,10,windows-rtx4060,0,0,grid_2x2,true,80,97d038c3fba55e8663b4a244a72f2c6af5e355cf1641eb229b1e93540dede9b9,5ed80cf2bad8dd330eb4d739a19a5dced2b18149,data/raw/safety-v2-s30/formal-v1/formal-v1__profile__pyxel_platformer__gpu_memory__p075__r02,"{""pyxel_platformer"":""games/pyxel/10_platformer.py""}","{""pyxel_platformer"":""1b2c75b49dc9ab0254fb4b724682a4787868814a38d2f08920720dc5b6007ac5""}",4cd5148fc09de33c4a220a33d8a7a374d6ba455397ab8980c65cfa63fc96ecc0
2,48,formal-v1__profile__pyxel_bubbles__cpu_compute__p100__r03,formal-v1,profile,not_applicable,pressure_profile,"[""pyxel_bubbles""]",pyxel_bubbles,[],,,cpu_compute,1,1,3,4417685526597924922,10,30,1,10,windows-rtx4060,0,0,grid_2x2,true,80,97d038c3fba55e8663b4a244a72f2c6af5e355cf1641eb229b1e93540dede9b9,5ed80cf2bad8dd330eb4d739a19a5dced2b18149,data/raw/safety-v2-s30/formal-v1/formal-v1__profile__pyxel_bubbles__cpu_compute__p100__r03,"{""pyxel_bubbles"":""games/pyxel/06_click_game.py""}","{""pyxel_bubbles"":""54c101e90bdaed839ac4c4284494530d5df37a5819a35f1e41eebb0b3da5d900""}",8a61b34f3c25ff746bc7b9c8be42f8a1cdd343b3c008e9a2f0d20a9311e639eb
2,49,formal-v1__colocation__daylight+pyxel_bubbles+space_rescue__r03,formal-v1,colocation-main,train,colocation,"[""daylight"",""pyxel_bubbles"",""space_rescue""]",daylight,"[""pyxel_bubbles"",""space_rescue""]",daylight+pyxel_bubbles+space_rescue,daylight+pyxel_bubbles+space_rescue__r03,,,,3,5061490885627023538,10,30,1,10,windows-rtx4060,0,0,grid_2x2,true,80,97d038c3fba55e8663b4a244a72f2c6af5e355cf1641eb229b1e93540dede9b9,5ed80cf2bad8dd330eb4d739a19a5dced2b18149,data/raw/safety-v2-s30/formal-v1/formal-v1__colocation__daylight+pyxel_bubbles+space_rescue__r03,"{""daylight"":""games/pyxel/apps-src/30SecondsOfDaylight/src/main.py"",""pyxel_bubbles"":""games/pyxel/06_click_game.py"",""space_rescue"":""games/pyxel/apps-src/space_rescue/space_rescue.py""}","{""daylight"":""21a365375249e9d7ea05e78dcfe040f09cc1f0c66bd410bae084190c743a028f"",""pyxel_bubbles"":""54c101e90bdaed839ac4c4284494530d5df37a5819a35f1e41eebb0b3da5d900"",""space_rescue"":""f3b0ab6784ae558e64f06a3f0a704e53f107a130aa3d43357659d0850131e461""}",dd2bd5c5f5510e16f5d8892cf17924bc270527e9ebcbea4c4c4b2baff6dfbb7d
2,50,formal-v1__profile__pyxel_bubbles__memory_bandwidth__p000__r03,formal-v1,profile,not_applicable,pressure_profile,"[""pyxel_bubbles""]",pyxel_bubbles,[],,,memory_bandwidth,0,0,3,13959344448604691916,10,30,1,10,windows-rtx4060,0,0,grid_2x2,true,80,97d038c3fba55e8663b4a244a72f2c6af5e355cf1641eb229b1e93540dede9b9,5ed80cf2bad8dd330eb4d739a19a5dced2b18149,data/raw/safety-v2-s30/formal-v1/formal-v1__profile__pyxel_bubbles__memory_bandwidth__p000__r03,"{""pyxel_bubbles"":""games/pyxel/06_click_game.py""}","{""pyxel_bubbles"":""54c101e90bdaed839ac4c4284494530d5df37a5819a35f1e41eebb0b3da5d900""}",4dd6eca23267997b3036a9580da2bf443f138a15b922c44395f928ed68bfc3be
2,51,formal-v1__solo__space_rescue__r03,formal-v1,solo,not_applicable,solo,"[""space_rescue""]",space_rescue,[],,,,,,3,4399632551700385762,10,30,1,10,windows-rtx4060,0,0,grid_2x2,true,80,97d038c3fba55e8663b4a244a72f2c6af5e355cf1641eb229b1e93540dede9b9,5ed80cf2bad8dd330eb4d739a19a5dced2b18149,data/raw/safety-v2-s30/formal-v1/formal-v1__solo__space_rescue__r03,"{""space_rescue"":""games/pyxel/apps-src/space_rescue/space_rescue.py""}","{""space_rescue"":""f3b0ab6784ae558e64f06a3f0a704e53f107a130aa3d43357659d0850131e461""}",e814aaee1faff50f5b9131495eb5fa79a02eecb6abe12d04cde4930639f99878
2,52,formal-v1__profile__pyxel_jump__gpu_compute__p075__r01,formal-v1,profile,not_applicable,pressure_profile,"[""pyxel_jump""]",pyxel_jump,[],,,gpu_compute,0.75,0.1875,1,18283113210413982946,10,30,1,10,windows-rtx4060,0,0,grid_2x2,true,80,97d038c3fba55e8663b4a244a72f2c6af5e355cf1641eb229b1e93540dede9b9,5ed80cf2bad8dd330eb4d739a19a5dced2b18149,data/raw/safety-v2-s30/formal-v1/formal-v1__profile__pyxel_jump__gpu_compute__p075__r01,"{""pyxel_jump"":""games/pyxel/02_jump_game.py""}","{""pyxel_jump"":""4743a825f1c9cae7e049ac52115f4ecf83350db546c00745a54af187d7bc2e46""}",1a27837fe57ef5d14718186a3e7de63dba697bbbc2679339b0103aa870ee4e03
2,53,formal-v1__profile__pyxel_snake__gpu_memory__p000__r03,formal-v1,profile,not_applicable,pressure_profile,"[""pyxel_snake""]",pyxel_snake,[],,,gpu_memory,0,0,3,5919644391129357397,10,30,1,10,windows-rtx4060,0,0,grid_2x2,true,80,97d038c3fba55e8663b4a244a72f2c6af5e355cf1641eb229b1e93540dede9b9,5ed80cf2bad8dd330eb4d739a19a5dced2b18149,data/raw/safety-v2-s30/formal-v1/formal-v1__profile__pyxel_snake__gpu_memory__p000__r03,"{""pyxel_snake"":""games/pyxel/07_snake.py""}","{""pyxel_snake"":""bc533fef92d1d358e570f69d979919fe5c1cd8c4da49841104b49a1e661a5ac3""}",85cf390a760e730aad7cc94fa798c1c07f5f1e65af33147849d9f3096e6c8713
2,54,formal-v1__extra__mega_wing+pyxel_bubbles+pyxel_jump+space_rescue__r01,formal-v1,colocation-extra-test,extra_test,extra_test,"[""mega_wing"",""pyxel_bubbles"",""pyxel_jump"",""space_rescue""]",mega_wing,"[""pyxel_bubbles"",""pyxel_jump"",""space_rescue""]",mega_wing+pyxel_bubbles+pyxel_jump+space_rescue,mega_wing+pyxel_bubbles+pyxel_jump+space_rescue__r01,,,,1,16989947642046775293,10,30,1,10,windows-rtx4060,0,0,grid_2x2,true,80,97d038c3fba55e8663b4a244a72f2c6af5e355cf1641eb229b1e93540dede9b9,5ed80cf2bad8dd330eb4d739a19a5dced2b18149,data/raw/safety-v2-s30/formal-v1/formal-v1__extra__mega_wing+pyxel_bubbles+pyxel_jump+space_rescue__r01,"{""mega_wing"":""games/pyxel/apps-src/mega_wing/mega_wing.py"",""pyxel_bubbles"":""games/pyxel/06_click_game.py"",""pyxel_jump"":""games/pyxel/02_jump_game.py"",""space_rescue"":""games/pyxel/apps-src/space_rescue/space_rescue.py""}","{""mega_wing"":""86bad6c02a303806c58137503739241dc6b1e86695f7c0dbf672b5e1a1464e9f"",""pyxel_bubbles"":""54c101e90bdaed839ac4c4284494530d5df37a5819a35f1e41eebb0b3da5d900"",""pyxel_jump"":""4743a825f1c9cae7e049ac52115f4ecf83350db546c00745a54af187d7bc2e46"",""space_rescue"":""f3b0ab6784ae558e64f06a3f0a704e53f107a130aa3d43357659d0850131e461""}",a12864ee0c96b80ce4b345807bf97aeb8cebe9ce9aa74ced2ab2063efce8c87c
2,55,formal-v1__colocation__pyxel_bubbles+pyxel_platformer+pyxel_shooter__r03,formal-v1,colocation-main,validation,colocation,"[""pyxel_bubbles"",""pyxel_platformer"",""pyxel_shooter""]",pyxel_bubbles,"[""pyxel_platformer"",""pyxel_shooter""]",pyxel_bubbles+pyxel_platformer+pyxel_shooter,pyxel_bubbles+pyxel_platformer+pyxel_shooter__r03,,,,3,8498269675985014006,10,30,1,10,windows-rtx4060,0,0,grid_2x2,true,80,97d038c3fba55e8663b4a244a72f2c6af5e355cf1641eb229b1e93540dede9b9,5ed80cf2bad8dd330eb4d739a19a5dced2b18149,data/raw/safety-v2-s30/formal-v1/formal-v1__colocation__pyxel_bubbles+pyxel_platformer+pyxel_shooter__r03,"{""pyxel_bubbles"":""games/pyxel/06_click_game.py"",""pyxel_platformer"":""games/pyxel/10_platformer.py"",""pyxel_shooter"":""games/pyxel/09_shooter.py""}","{""pyxel_bubbles"":""54c101e90bdaed839ac4c4284494530d5df37a5819a35f1e41eebb0b3da5d900"",""pyxel_platformer"":""1b2c75b49dc9ab0254fb4b724682a4787868814a38d2f08920720dc5b6007ac5"",""pyxel_shooter"":""0f53e4156907eac41080a8f289e22c89365b3239517c754cf59a51af201d5563""}",d5e56a0e42dafc4033eb63612ba16623cdc330d6f2f9484313b5d80890685cda
2,56,formal-v1__profile__pyxel_snake__memory_bandwidth__p050__r02,formal-v1,profile,not_applicable,pressure_profile,"[""pyxel_snake""]",pyxel_snake,[],,,memory_bandwidth,0.5,0.5,2,7551854635602566980,10,30,1,10,windows-rtx4060,0,0,grid_2x2,true,80,97d038c3fba55e8663b4a244a72f2c6af5e355cf1641eb229b1e93540dede9b9,5ed80cf2bad8dd330eb4d739a19a5dced2b18149,data/raw/safety-v2-s30/formal-v1/formal-v1__profile__pyxel_snake__memory_bandwidth__p050__r02,"{""pyxel_snake"":""games/pyxel/07_snake.py""}","{""pyxel_snake"":""bc533fef92d1d358e570f69d979919fe5c1cd8c4da49841104b49a1e661a5ac3""}",a2c7a8e4f34772a3b4d3a2662f8be4774cf6e6cefb5be6ffd717cda5baa65f2f
2,57,formal-v1__colocation__pyxel_jump+pyxel_platformer+space_rescue__r03,formal-v1,colocation-main,train,colocation,"[""pyxel_jump"",""pyxel_platformer"",""space_rescue""]",pyxel_jump,"[""pyxel_platformer"",""space_rescue""]",pyxel_jump+pyxel_platformer+space_rescue,pyxel_jump+pyxel_platformer+space_rescue__r03,,,,3,11073372992232688367,10,30,1,10,windows-rtx4060,0,0,grid_2x2,true,80,97d038c3fba55e8663b4a244a72f2c6af5e355cf1641eb229b1e93540dede9b9,5ed80cf2bad8dd330eb4d739a19a5dced2b18149,data/raw/safety-v2-s30/formal-v1/formal-v1__colocation__pyxel_jump+pyxel_platformer+space_rescue__r03,"{""pyxel_jump"":""games/pyxel/02_jump_game.py"",""pyxel_platformer"":""games/pyxel/10_platformer.py"",""space_rescue"":""games/pyxel/apps-src/space_rescue/space_rescue.py""}","{""pyxel_jump"":""4743a825f1c9cae7e049ac52115f4ecf83350db546c00745a54af187d7bc2e46"",""pyxel_platformer"":""1b2c75b49dc9ab0254fb4b724682a4787868814a38d2f08920720dc5b6007ac5"",""space_rescue"":""f3b0ab6784ae558e64f06a3f0a704e53f107a130aa3d43357659d0850131e461""}",6de23a91bcb170fd7cdaf107b20caa7edeccd928b4b6ad447143cb876972dd7b
2,58,formal-v1__colocation__mega_wing+pyxel_snake__r01,formal-v1,colocation-main,train,colocation,"[""mega_wing"",""pyxel_snake""]",mega_wing,"[""pyxel_snake""]",mega_wing+pyxel_snake,mega_wing+pyxel_snake__r01,,,,1,1304870235819937978,10,30,1,10,windows-rtx4060,0,0,grid_2x2,true,80,97d038c3fba55e8663b4a244a72f2c6af5e355cf1641eb229b1e93540dede9b9,5ed80cf2bad8dd330eb4d739a19a5dced2b18149,data/raw/safety-v2-s30/formal-v1/formal-v1__colocation__mega_wing+pyxel_snake__r01,"{""mega_wing"":""games/pyxel/apps-src/mega_wing/mega_wing.py"",""pyxel_snake"":""games/pyxel/07_snake.py""}","{""mega_wing"":""86bad6c02a303806c58137503739241dc6b1e86695f7c0dbf672b5e1a1464e9f"",""pyxel_snake"":""bc533fef92d1d358e570f69d979919fe5c1cd8c4da49841104b49a1e661a5ac3""}",d9bc908aa2f13484493f4221946a2ec9c55ae7099d0fac0f1642d3cb3cbb091e
2,59,formal-v1__profile__daylight__cpu_compute__p075__r03,formal-v1,profile,not_applicable,pressure_profile,"[""daylight""]",daylight,[],,,cpu_compute,0.75,0.75,3,16393125486362641367,10,30,1,10,windows-rtx4060,0,0,grid_2x2,true,80,97d038c3fba55e8663b4a244a72f2c6af5e355cf1641eb229b1e93540dede9b9,5ed80cf2bad8dd330eb4d739a19a5dced2b18149,data/raw/safety-v2-s30/formal-v1/formal-v1__profile__daylight__cpu_compute__p075__r03,"{""daylight"":""games/pyxel/apps-src/30SecondsOfDaylight/src/main.py""}","{""daylight"":""21a365375249e9d7ea05e78dcfe040f09cc1f0c66bd410bae084190c743a028f""}",ad5244b1dcc5a2e0200a297942cc05a0a7f78871f4663e80e17473fd18f5f254
2,60,formal-v1__profile__mega_wing__memory_bandwidth__p100__r01,formal-v1,profile,not_applicable,pressure_profile,"[""mega_wing""]",mega_wing,[],,,memory_bandwidth,1,1,1,9205440224266935408,10,30,1,10,windows-rtx4060,0,0,grid_2x2,true,80,97d038c3fba55e8663b4a244a72f2c6af5e355cf1641eb229b1e93540dede9b9,5ed80cf2bad8dd330eb4d739a19a5dced2b18149,data/raw/safety-v2-s30/formal-v1/formal-v1__profile__mega_wing__memory_bandwidth__p100__r01,"{""mega_wing"":""games/pyxel/apps-src/mega_wing/mega_wing.py""}","{""mega_wing"":""86bad6c02a303806c58137503739241dc6b1e86695f7c0dbf672b5e1a1464e9f""}",42e0d4d7d36414a10f64e459c3eb0b067b32635df21b213d08d44a464a3cde02
2,61,formal-v1__profile__pyxel_bubbles__gpu_memory__p025__r02,formal-v1,profile,not_applicable,pressure_profile,"[""pyxel_bubbles""]",pyxel_bubbles,[],,,gpu_memory,0.25,0.25,2,12445883933783709333,10,30,1,10,windows-rtx4060,0,0,grid_2x2,true,80,97d038c3fba55e8663b4a244a72f2c6af5e355cf1641eb229b1e93540dede9b9,5ed80cf2bad8dd330eb4d739a19a5dced2b18149,data/raw/safety-v2-s30/formal-v1/formal-v1__profile__pyxel_bubbles__gpu_memory__p025__r02,"{""pyxel_bubbles"":""games/pyxel/06_click_game.py""}","{""pyxel_bubbles"":""54c101e90bdaed839ac4c4284494530d5df37a5819a35f1e41eebb0b3da5d900""}",e1679add68d76cc423c03c04d4854f5c8d2746f418c4e8e43882447aa9a23fc4
2,62,formal-v1__colocation__daylight+pyxel_platformer+pyxel_shooter__r01,formal-v1,colocation-main,validation,colocation,"[""daylight"",""pyxel_platformer"",""pyxel_shooter""]",daylight,"[""pyxel_platformer"",""pyxel_shooter""]",daylight+pyxel_platformer+pyxel_shooter,daylight+pyxel_platformer+pyxel_shooter__r01,,,,1,4715957220980102501,10,30,1,10,windows-rtx4060,0,0,grid_2x2,true,80,97d038c3fba55e8663b4a244a72f2c6af5e355cf1641eb229b1e93540dede9b9,5ed80cf2bad8dd330eb4d739a19a5dced2b18149,data/raw/safety-v2-s30/formal-v1/formal-v1__colocation__daylight+pyxel_platformer+pyxel_shooter__r01,"{""daylight"":""games/pyxel/apps-src/30SecondsOfDaylight/src/main.py"",""pyxel_platformer"":""games/pyxel/10_platformer.py"",""pyxel_shooter"":""games/pyxel/09_shooter.py""}","{""daylight"":""21a365375249e9d7ea05e78dcfe040f09cc1f0c66bd410bae084190c743a028f"",""pyxel_platformer"":""1b2c75b49dc9ab0254fb4b724682a4787868814a38d2f08920720dc5b6007ac5"",""pyxel_shooter"":""0f53e4156907eac41080a8f289e22c89365b3239517c754cf59a51af201d5563""}",74876492437dcf044c79a9be2d3fa87cf2531103608bc52975bb33dae873d9cb
2,63,formal-v1__colocation__pyxel_jump+pyxel_snake__r01,formal-v1,colocation-main,validation,colocation,"[""pyxel_jump"",""pyxel_snake""]",pyxel_jump,"[""pyxel_snake""]",pyxel_jump+pyxel_snake,pyxel_jump+pyxel_snake__r01,,,,1,595837154992754466,10,30,1,10,windows-rtx4060,0,0,grid_2x2,true,80,97d038c3fba55e8663b4a244a72f2c6af5e355cf1641eb229b1e93540dede9b9,5ed80cf2bad8dd330eb4d739a19a5dced2b18149,data/raw/safety-v2-s30/formal-v1/formal-v1__colocation__pyxel_jump+pyxel_snake__r01,"{""pyxel_jump"":""games/pyxel/02_jump_game.py"",""pyxel_snake"":""games/pyxel/07_snake.py""}","{""pyxel_jump"":""4743a825f1c9cae7e049ac52115f4ecf83350db546c00745a54af187d7bc2e46"",""pyxel_snake"":""bc533fef92d1d358e570f69d979919fe5c1cd8c4da49841104b49a1e661a5ac3""}",c5baeb123e0fec873de67a14ab20728e5fb4be9115c6ce3e00f24442e9a2a03c
2,64,formal-v1__profile__pyxel_jump__cpu_compute__p075__r01,formal-v1,profile,not_applicable,pressure_profile,"[""pyxel_jump""]",pyxel_jump,[],,,cpu_compute,0.75,0.75,1,9861530536592714182,10,30,1,10,windows-rtx4060,0,0,grid_2x2,true,80,97d038c3fba55e8663b4a244a72f2c6af5e355cf1641eb229b1e93540dede9b9,5ed80cf2bad8dd330eb4d739a19a5dced2b18149,data/raw/safety-v2-s30/formal-v1/formal-v1__profile__pyxel_jump__cpu_compute__p075__r01,"{""pyxel_jump"":""games/pyxel/02_jump_game.py""}","{""pyxel_jump"":""4743a825f1c9cae7e049ac52115f4ecf83350db546c00745a54af187d7bc2e46""}",cb7fc896f41c44ea6e30e4a15133cc0940f0cb2cbcddaacf3317203ae407e99f
2,65,formal-v1__colocation__mega_wing+pyxel_jump__r03,formal-v1,colocation-main,test,colocation,"[""mega_wing"",""pyxel_jump""]",mega_wing,"[""pyxel_jump""]",mega_wing+pyxel_jump,mega_wing+pyxel_jump__r03,,,,3,193343621440929961,10,30,1,10,windows-rtx4060,0,0,grid_2x2,true,80,97d038c3fba55e8663b4a244a72f2c6af5e355cf1641eb229b1e93540dede9b9,5ed80cf2bad8dd330eb4d739a19a5dced2b18149,data/raw/safety-v2-s30/formal-v1/formal-v1__colocation__mega_wing+pyxel_jump__r03,"{""mega_wing"":""games/pyxel/apps-src/mega_wing/mega_wing.py"",""pyxel_jump"":""games/pyxel/02_jump_game.py""}","{""mega_wing"":""86bad6c02a303806c58137503739241dc6b1e86695f7c0dbf672b5e1a1464e9f"",""pyxel_jump"":""4743a825f1c9cae7e049ac52115f4ecf83350db546c00745a54af187d7bc2e46""}",e4de5779281f331138a62ffdfcd59172657d0dd1813388a86812a1a6fa58b617
2,66,formal-v1__extra__daylight+pyxel_bubbles+pyxel_jump+pyxel_platformer__r01,formal-v1,colocation-extra-test,extra_test,extra_test,"[""daylight"",""pyxel_bubbles"",""pyxel_jump"",""pyxel_platformer""]",daylight,"[""pyxel_bubbles"",""pyxel_jump"",""pyxel_platformer""]",daylight+pyxel_bubbles+pyxel_jump+pyxel_platformer,daylight+pyxel_bubbles+pyxel_jump+pyxel_platformer__r01,,,,1,5737806892131697747,10,30,1,10,windows-rtx4060,0,0,grid_2x2,true,80,97d038c3fba55e8663b4a244a72f2c6af5e355cf1641eb229b1e93540dede9b9,5ed80cf2bad8dd330eb4d739a19a5dced2b18149,data/raw/safety-v2-s30/formal-v1/formal-v1__extra__daylight+pyxel_bubbles+pyxel_jump+pyxel_platformer__r01,"{""daylight"":""games/pyxel/apps-src/30SecondsOfDaylight/src/main.py"",""pyxel_bubbles"":""games/pyxel/06_click_game.py"",""pyxel_jump"":""games/pyxel/02_jump_game.py"",""pyxel_platformer"":""games/pyxel/10_platformer.py""}","{""daylight"":""21a365375249e9d7ea05e78dcfe040f09cc1f0c66bd410bae084190c743a028f"",""pyxel_bubbles"":""54c101e90bdaed839ac4c4284494530d5df37a5819a35f1e41eebb0b3da5d900"",""pyxel_jump"":""4743a825f1c9cae7e049ac52115f4ecf83350db546c00745a54af187d7bc2e46"",""pyxel_platformer"":""1b2c75b49dc9ab0254fb4b724682a4787868814a38d2f08920720dc5b6007ac5""}",5ea4356d75ef70c80fa8e8f98476a618e835e275531638643e835a250a3060e0
2,67,formal-v1__profile__daylight__cpu_compute__p025__r02,formal-v1,profile,not_applicable,pressure_profile,"[""daylight""]",daylight,[],,,cpu_compute,0.25,0.25,2,15725007107643906118,10,30,1,10,windows-rtx4060,0,0,grid_2x2,true,80,97d038c3fba55e8663b4a244a72f2c6af5e355cf1641eb229b1e93540dede9b9,5ed80cf2bad8dd330eb4d739a19a5dced2b18149,data/raw/safety-v2-s30/formal-v1/formal-v1__profile__daylight__cpu_compute__p025__r02,"{""daylight"":""games/pyxel/apps-src/30SecondsOfDaylight/src/main.py""}","{""daylight"":""21a365375249e9d7ea05e78dcfe040f09cc1f0c66bd410bae084190c743a028f""}",51cee875c29884f6142307f6515516fd22699f1fd20e9ce8e84800dbd0742e34
2,68,formal-v1__profile__mega_wing__gpu_memory__p050__r02,formal-v1,profile,not_applicable,pressure_profile,"[""mega_wing""]",mega_wing,[],,,gpu_memory,0.5,0.5,2,12784461153044148819,10,30,1,10,windows-rtx4060,0,0,grid_2x2,true,80,97d038c3fba55e8663b4a244a72f2c6af5e355cf1641eb229b1e93540dede9b9,5ed80cf2bad8dd330eb4d739a19a5dced2b18149,data/raw/safety-v2-s30/formal-v1/formal-v1__profile__mega_wing__gpu_memory__p050__r02,"{""mega_wing"":""games/pyxel/apps-src/mega_wing/mega_wing.py""}","{""mega_wing"":""86bad6c02a303806c58137503739241dc6b1e86695f7c0dbf672b5e1a1464e9f""}",b18b09711f24ba6d0d34b00de7c6aeca30a770f17d425a6028698627245f7a4b
2,69,formal-v1__profile__mega_wing__gpu_compute__p075__r02,formal-v1,profile,not_applicable,pressure_profile,"[""mega_wing""]",mega_wing,[],,,gpu_compute,0.75,0.1875,2,9488651286318619516,10,30,1,10,windows-rtx4060,0,0,grid_2x2,true,80,97d038c3fba55e8663b4a244a72f2c6af5e355cf1641eb229b1e93540dede9b9,5ed80cf2bad8dd330eb4d739a19a5dced2b18149,data/raw/safety-v2-s30/formal-v1/formal-v1__profile__mega_wing__gpu_compute__p075__r02,"{""mega_wing"":""games/pyxel/apps-src/mega_wing/mega_wing.py""}","{""mega_wing"":""86bad6c02a303806c58137503739241dc6b1e86695f7c0dbf672b5e1a1464e9f""}",4eb8f7f41d3012f94c000e4d1d8b87479b5f69ca07e9b3ebebd0def59e63d7a5
2,70,formal-v1__profile__pyxel_jump__memory_bandwidth__p050__r03,formal-v1,profile,not_applicable,pressure_profile,"[""pyxel_jump""]",pyxel_jump,[],,,memory_bandwidth,0.5,0.5,3,11021339485252582668,10,30,1,10,windows-rtx4060,0,0,grid_2x2,true,80,97d038c3fba55e8663b4a244a72f2c6af5e355cf1641eb229b1e93540dede9b9,5ed80cf2bad8dd330eb4d739a19a5dced2b18149,data/raw/safety-v2-s30/formal-v1/formal-v1__profile__pyxel_jump__memory_bandwidth__p050__r03,"{""pyxel_jump"":""games/pyxel/02_jump_game.py""}","{""pyxel_jump"":""4743a825f1c9cae7e049ac52115f4ecf83350db546c00745a54af187d7bc2e46""}",ec50cd80f8226a521664c4e28d4d8d58dca4cd24a39a39a03fd0d5f295ae94c5
2,71,formal-v1__profile__pyxel_jump__cpu_compute__p000__r01,formal-v1,profile,not_applicable,pressure_profile,"[""pyxel_jump""]",pyxel_jump,[],,,cpu_compute,0,0,1,15781960136777645112,10,30,1,10,windows-rtx4060,0,0,grid_2x2,true,80,97d038c3fba55e8663b4a244a72f2c6af5e355cf1641eb229b1e93540dede9b9,5ed80cf2bad8dd330eb4d739a19a5dced2b18149,data/raw/safety-v2-s30/formal-v1/formal-v1__profile__pyxel_jump__cpu_compute__p000__r01,"{""pyxel_jump"":""games/pyxel/02_jump_game.py""}","{""pyxel_jump"":""4743a825f1c9cae7e049ac52115f4ecf83350db546c00745a54af187d7bc2e46""}",2c17eb2b82a098b7e564d5bc80e794af0c3dc201ccc5dc7e0d6227bae88bca08
2,72,formal-v1__profile__daylight__gpu_compute__p050__r01,formal-v1,profile,not_applicable,pressure_profile,"[""daylight""]",daylight,[],,,gpu_compute,0.5,0.125,1,11915590524522641334,10,30,1,10,windows-rtx4060,0,0,grid_2x2,true,80,97d038c3fba55e8663b4a244a72f2c6af5e355cf1641eb229b1e93540dede9b9,5ed80cf2bad8dd330eb4d739a19a5dced2b18149,data/raw/safety-v2-s30/formal-v1/formal-v1__profile__daylight__gpu_compute__p050__r01,"{""daylight"":""games/pyxel/apps-src/30SecondsOfDaylight/src/main.py""}","{""daylight"":""21a365375249e9d7ea05e78dcfe040f09cc1f0c66bd410bae084190c743a028f""}",b9d5bc94857fa2a2765dc8eab08441720e588b3cafbcef30a9950951f31a52c0
2,73,formal-v1__profile__pyxel_bubbles__gpu_compute__p000__r03,formal-v1,profile,not_applicable,pressure_profile,"[""pyxel_bubbles""]",pyxel_bubbles,[],,,gpu_compute,0,0,3,3197609736822577904,10,30,1,10,windows-rtx4060,0,0,grid_2x2,true,80,97d038c3fba55e8663b4a244a72f2c6af5e355cf1641eb229b1e93540dede9b9,5ed80cf2bad8dd330eb4d739a19a5dced2b18149,data/raw/safety-v2-s30/formal-v1/formal-v1__profile__pyxel_bubbles__gpu_compute__p000__r03,"{""pyxel_bubbles"":""games/pyxel/06_click_game.py""}","{""pyxel_bubbles"":""54c101e90bdaed839ac4c4284494530d5df37a5819a35f1e41eebb0b3da5d900""}",349f982e8783a13388e1fde2427d492d5acc685ccd036039151f66d35ad0ed35
2,74,formal-v1__colocation__pyxel_platformer+pyxel_snake+space_rescue__r02,formal-v1,colocation-main,validation,colocation,"[""pyxel_platformer"",""pyxel_snake"",""space_rescue""]",pyxel_platformer,"[""pyxel_snake"",""space_rescue""]",pyxel_platformer+pyxel_snake+space_rescue,pyxel_platformer+pyxel_snake+space_rescue__r02,,,,2,1690107461402874264,10,30,1,10,windows-rtx4060,0,0,grid_2x2,true,80,97d038c3fba55e8663b4a244a72f2c6af5e355cf1641eb229b1e93540dede9b9,5ed80cf2bad8dd330eb4d739a19a5dced2b18149,data/raw/safety-v2-s30/formal-v1/formal-v1__colocation__pyxel_platformer+pyxel_snake+space_rescue__r02,"{""pyxel_platformer"":""games/pyxel/10_platformer.py"",""pyxel_snake"":""games/pyxel/07_snake.py"",""space_rescue"":""games/pyxel/apps-src/space_rescue/space_rescue.py""}","{""pyxel_platformer"":""1b2c75b49dc9ab0254fb4b724682a4787868814a38d2f08920720dc5b6007ac5"",""pyxel_snake"":""bc533fef92d1d358e570f69d979919fe5c1cd8c4da49841104b49a1e661a5ac3"",""space_rescue"":""f3b0ab6784ae558e64f06a3f0a704e53f107a130aa3d43357659d0850131e461""}",dff3a578f156a22607295f23802b62bcfa44f9bf564e701a3b28d64354f6d5ad
2,75,formal-v1__colocation__daylight+pyxel_jump__r03,formal-v1,colocation-main,test,colocation,"[""daylight"",""pyxel_jump""]",daylight,"[""pyxel_jump""]",daylight+pyxel_jump,daylight+pyxel_jump__r03,,,,3,4442143163570228282,10,30,1,10,windows-rtx4060,0,0,grid_2x2,true,80,97d038c3fba55e8663b4a244a72f2c6af5e355cf1641eb229b1e93540dede9b9,5ed80cf2bad8dd330eb4d739a19a5dced2b18149,data/raw/safety-v2-s30/formal-v1/formal-v1__colocation__daylight+pyxel_jump__r03,"{""daylight"":""games/pyxel/apps-src/30SecondsOfDaylight/src/main.py"",""pyxel_jump"":""games/pyxel/02_jump_game.py""}","{""daylight"":""21a365375249e9d7ea05e78dcfe040f09cc1f0c66bd410bae084190c743a028f"",""pyxel_jump"":""4743a825f1c9cae7e049ac52115f4ecf83350db546c00745a54af187d7bc2e46""}",7fa06717f2df50b7f0a14fa334d9d0d3e1f72a0d1e15d372fc33c0f021044aa7
2,76,formal-v1__profile__pyxel_jump__memory_bandwidth__p025__r02,formal-v1,profile,not_applicable,pressure_profile,"[""pyxel_jump""]",pyxel_jump,[],,,memory_bandwidth,0.25,0.25,2,11298813833300652344,10,30,1,10,windows-rtx4060,0,0,grid_2x2,true,80,97d038c3fba55e8663b4a244a72f2c6af5e355cf1641eb229b1e93540dede9b9,5ed80cf2bad8dd330eb4d739a19a5dced2b18149,data/raw/safety-v2-s30/formal-v1/formal-v1__profile__pyxel_jump__memory_bandwidth__p025__r02,"{""pyxel_jump"":""games/pyxel/02_jump_game.py""}","{""pyxel_jump"":""4743a825f1c9cae7e049ac52115f4ecf83350db546c00745a54af187d7bc2e46""}",9fb40280236bc8d02763f89e3b7d15377abad60000f67ccada34a535548c5e83
2,77,formal-v1__profile__pyxel_bubbles__cpu_compute__p100__r01,formal-v1,profile,not_applicable,pressure_profile,"[""pyxel_bubbles""]",pyxel_bubbles,[],,,cpu_compute,1,1,1,11831575209290221946,10,30,1,10,windows-rtx4060,0,0,grid_2x2,true,80,97d038c3fba55e8663b4a244a72f2c6af5e355cf1641eb229b1e93540dede9b9,5ed80cf2bad8dd330eb4d739a19a5dced2b18149,data/raw/safety-v2-s30/formal-v1/formal-v1__profile__pyxel_bubbles__cpu_compute__p100__r01,"{""pyxel_bubbles"":""games/pyxel/06_click_game.py""}","{""pyxel_bubbles"":""54c101e90bdaed839ac4c4284494530d5df37a5819a35f1e41eebb0b3da5d900""}",32573a1a8f7ee41730189d4166aac59fbfefd3bda88c2d42d2adb2aa4f5fd03d
2,78,formal-v1__profile__pyxel_platformer__memory_bandwidth__p075__r02,formal-v1,profile,not_applicable,pressure_profile,"[""pyxel_platformer""]",pyxel_platformer,[],,,memory_bandwidth,0.75,0.75,2,2762682700356843623,10,30,1,10,windows-rtx4060,0,0,grid_2x2,true,80,97d038c3fba55e8663b4a244a72f2c6af5e355cf1641eb229b1e93540dede9b9,5ed80cf2bad8dd330eb4d739a19a5dced2b18149,data/raw/safety-v2-s30/formal-v1/formal-v1__profile__pyxel_platformer__memory_bandwidth__p075__r02,"{""pyxel_platformer"":""games/pyxel/10_platformer.py""}","{""pyxel_platformer"":""1b2c75b49dc9ab0254fb4b724682a4787868814a38d2f08920720dc5b6007ac5""}",06660b9749718bff83fc92f5ccd5f6e35e167baa4b9db19c76c74e91dec3fe1a
2,79,formal-v1__profile__pyxel_bubbles__gpu_memory__p100__r01,formal-v1,profile,not_applicable,pressure_profile,"[""pyxel_bubbles""]",pyxel_bubbles,[],,,gpu_memory,1,1,1,13004370286349831699,10,30,1,10,windows-rtx4060,0,0,grid_2x2,true,80,97d038c3fba55e8663b4a244a72f2c6af5e355cf1641eb229b1e93540dede9b9,5ed80cf2bad8dd330eb4d739a19a5dced2b18149,data/raw/safety-v2-s30/formal-v1/formal-v1__profile__pyxel_bubbles__gpu_memory__p100__r01,"{""pyxel_bubbles"":""games/pyxel/06_click_game.py""}","{""pyxel_bubbles"":""54c101e90bdaed839ac4c4284494530d5df37a5819a35f1e41eebb0b3da5d900""}",e617f98329083a154ffebd27245df714abc948b1aa1f776cffa265e15fe7d7f5
2,80,formal-v1__profile__pyxel_snake__gpu_memory__p050__r02,formal-v1,profile,not_applicable,pressure_profile,"[""pyxel_snake""]",pyxel_snake,[],,,gpu_memory,0.5,0.5,2,13839995820513001035,10,30,1,10,windows-rtx4060,0,0,grid_2x2,true,80,97d038c3fba55e8663b4a244a72f2c6af5e355cf1641eb229b1e93540dede9b9,5ed80cf2bad8dd330eb4d739a19a5dced2b18149,data/raw/safety-v2-s30/formal-v1/formal-v1__profile__pyxel_snake__gpu_memory__p050__r02,"{""pyxel_snake"":""games/pyxel/07_snake.py""}","{""pyxel_snake"":""bc533fef92d1d358e570f69d979919fe5c1cd8c4da49841104b49a1e661a5ac3""}",29585dc1ff8a1bae58351364ff7a6094ee2c2d3b5cc18ba08458b537abcdd40b
2,81,formal-v1__profile__space_rescue__gpu_memory__p025__r02,formal-v1,profile,not_applicable,pressure_profile,"[""space_rescue""]",space_rescue,[],,,gpu_memory,0.25,0.25,2,4541446456563490709,10,30,1,10,windows-rtx4060,0,0,grid_2x2,true,80,97d038c3fba55e8663b4a244a72f2c6af5e355cf1641eb229b1e93540dede9b9,5ed80cf2bad8dd330eb4d739a19a5dced2b18149,data/raw/safety-v2-s30/formal-v1/formal-v1__profile__space_rescue__gpu_memory__p025__r02,"{""space_rescue"":""games/pyxel/apps-src/space_rescue/space_rescue.py""}","{""space_rescue"":""f3b0ab6784ae558e64f06a3f0a704e53f107a130aa3d43357659d0850131e461""}",9e80c9020e7e32454441f6add942069ff26beee6a44207ed9fd8caa2ace11044
2,82,formal-v1__profile__space_rescue__cpu_compute__p075__r01,formal-v1,profile,not_applicable,pressure_profile,"[""space_rescue""]",space_rescue,[],,,cpu_compute,0.75,0.75,1,7748755044565379590,10,30,1,10,windows-rtx4060,0,0,grid_2x2,true,80,97d038c3fba55e8663b4a244a72f2c6af5e355cf1641eb229b1e93540dede9b9,5ed80cf2bad8dd330eb4d739a19a5dced2b18149,data/raw/safety-v2-s30/formal-v1/formal-v1__profile__space_rescue__cpu_compute__p075__r01,"{""space_rescue"":""games/pyxel/apps-src/space_rescue/space_rescue.py""}","{""space_rescue"":""f3b0ab6784ae558e64f06a3f0a704e53f107a130aa3d43357659d0850131e461""}",b33bc45c55b6acb46e85097c03cbe89364491725e416fb380246e485506453b3
2,83,formal-v1__profile__daylight__gpu_compute__p000__r03,formal-v1,profile,not_applicable,pressure_profile,"[""daylight""]",daylight,[],,,gpu_compute,0,0,3,14577273255851705639,10,30,1,10,windows-rtx4060,0,0,grid_2x2,true,80,97d038c3fba55e8663b4a244a72f2c6af5e355cf1641eb229b1e93540dede9b9,5ed80cf2bad8dd330eb4d739a19a5dced2b18149,data/raw/safety-v2-s30/formal-v1/formal-v1__profile__daylight__gpu_compute__p000__r03,"{""daylight"":""games/pyxel/apps-src/30SecondsOfDaylight/src/main.py""}","{""daylight"":""21a365375249e9d7ea05e78dcfe040f09cc1f0c66bd410bae084190c743a028f""}",28669599519de420a0a96358945aeff131d1b4d90f1c4d6f8f85e46160e20a91
2,84,formal-v1__profile__daylight__cpu_compute__p000__r02,formal-v1,profile,not_applicable,pressure_profile,"[""daylight""]",daylight,[],,,cpu_compute,0,0,2,241441947802294358,10,30,1,10,windows-rtx4060,0,0,grid_2x2,true,80,97d038c3fba55e8663b4a244a72f2c6af5e355cf1641eb229b1e93540dede9b9,5ed80cf2bad8dd330eb4d739a19a5dced2b18149,data/raw/safety-v2-s30/formal-v1/formal-v1__profile__daylight__cpu_compute__p000__r02,"{""daylight"":""games/pyxel/apps-src/30SecondsOfDaylight/src/main.py""}","{""daylight"":""21a365375249e9d7ea05e78dcfe040f09cc1f0c66bd410bae084190c743a028f""}",c12e9f28098fd3ce6ec105b045f5bd77a0f90617f842d3f47ca0227521a5a472
2,85,formal-v1__profile__mega_wing__cpu_compute__p075__r03,formal-v1,profile,not_applicable,pressure_profile,"[""mega_wing""]",mega_wing,[],,,cpu_compute,0.75,0.75,3,12024191461510072258,10,30,1,10,windows-rtx4060,0,0,grid_2x2,true,80,97d038c3fba55e8663b4a244a72f2c6af5e355cf1641eb229b1e93540dede9b9,5ed80cf2bad8dd330eb4d739a19a5dced2b18149,data/raw/safety-v2-s30/formal-v1/formal-v1__profile__mega_wing__cpu_compute__p075__r03,"{""mega_wing"":""games/pyxel/apps-src/mega_wing/mega_wing.py""}","{""mega_wing"":""86bad6c02a303806c58137503739241dc6b1e86695f7c0dbf672b5e1a1464e9f""}",a99a7a212acf74a0279b168d72b0e757f0ddafb86cbbcc488242439494850e12
2,86,formal-v1__colocation__daylight+pyxel_shooter+pyxel_snake__r03,formal-v1,colocation-main,train,colocation,"[""daylight"",""pyxel_shooter"",""pyxel_snake""]",daylight,"[""pyxel_shooter"",""pyxel_snake""]",daylight+pyxel_shooter+pyxel_snake,daylight+pyxel_shooter+pyxel_snake__r03,,,,3,3275937800275558484,10,30,1,10,windows-rtx4060,0,0,grid_2x2,true,80,97d038c3fba55e8663b4a244a72f2c6af5e355cf1641eb229b1e93540dede9b9,5ed80cf2bad8dd330eb4d739a19a5dced2b18149,data/raw/safety-v2-s30/formal-v1/formal-v1__colocation__daylight+pyxel_shooter+pyxel_snake__r03,"{""daylight"":""games/pyxel/apps-src/30SecondsOfDaylight/src/main.py"",""pyxel_shooter"":""games/pyxel/09_shooter.py"",""pyxel_snake"":""games/pyxel/07_snake.py""}","{""daylight"":""21a365375249e9d7ea05e78dcfe040f09cc1f0c66bd410bae084190c743a028f"",""pyxel_shooter"":""0f53e4156907eac41080a8f289e22c89365b3239517c754cf59a51af201d5563"",""pyxel_snake"":""bc533fef92d1d358e570f69d979919fe5c1cd8c4da49841104b49a1e661a5ac3""}",f7fa8dadefb79c3e0d7f2fa062a60d20281e62f9c72013993debbf8edbbac4b2
2,87,formal-v1__profile__pyxel_bubbles__cpu_compute__p075__r03,formal-v1,profile,not_applicable,pressure_profile,"[""pyxel_bubbles""]",pyxel_bubbles,[],,,cpu_compute,0.75,0.75,3,889363053334683799,10,30,1,10,windows-rtx4060,0,0,grid_2x2,true,80,97d038c3fba55e8663b4a244a72f2c6af5e355cf1641eb229b1e93540dede9b9,5ed80cf2bad8dd330eb4d739a19a5dced2b18149,data/raw/safety-v2-s30/formal-v1/formal-v1__profile__pyxel_bubbles__cpu_compute__p075__r03,"{""pyxel_bubbles"":""games/pyxel/06_click_game.py""}","{""pyxel_bubbles"":""54c101e90bdaed839ac4c4284494530d5df37a5819a35f1e41eebb0b3da5d900""}",44a85a3585d174f40d9f2ae9c9fb874cb89e071b60acc09f2d15b0e7d49d4a0e
2,88,formal-v1__colocation__pyxel_bubbles+pyxel_platformer+pyxel_shooter__r02,formal-v1,colocation-main,validation,colocation,"[""pyxel_bubbles"",""pyxel_platformer"",""pyxel_shooter""]",pyxel_bubbles,"[""pyxel_platformer"",""pyxel_shooter""]",pyxel_bubbles+pyxel_platformer+pyxel_shooter,pyxel_bubbles+pyxel_platformer+pyxel_shooter__r02,,,,2,7247971371436558227,10,30,1,10,windows-rtx4060,0,0,grid_2x2,true,80,97d038c3fba55e8663b4a244a72f2c6af5e355cf1641eb229b1e93540dede9b9,5ed80cf2bad8dd330eb4d739a19a5dced2b18149,data/raw/safety-v2-s30/formal-v1/formal-v1__colocation__pyxel_bubbles+pyxel_platformer+pyxel_shooter__r02,"{""pyxel_bubbles"":""games/pyxel/06_click_game.py"",""pyxel_platformer"":""games/pyxel/10_platformer.py"",""pyxel_shooter"":""games/pyxel/09_shooter.py""}","{""pyxel_bubbles"":""54c101e90bdaed839ac4c4284494530d5df37a5819a35f1e41eebb0b3da5d900"",""pyxel_platformer"":""1b2c75b49dc9ab0254fb4b724682a4787868814a38d2f08920720dc5b6007ac5"",""pyxel_shooter"":""0f53e4156907eac41080a8f289e22c89365b3239517c754cf59a51af201d5563""}",4568bebbe6572cbe6af1c5bea874172508496240e0f28703f5cf63d077b46bc1
2,89,formal-v1__profile__pyxel_jump__gpu_compute__p100__r01,formal-v1,profile,not_applicable,pressure_profile,"[""pyxel_jump""]",pyxel_jump,[],,,gpu_compute,1,0.25,1,3371735578744062347,10,30,1,10,windows-rtx4060,0,0,grid_2x2,true,80,97d038c3fba55e8663b4a244a72f2c6af5e355cf1641eb229b1e93540dede9b9,5ed80cf2bad8dd330eb4d739a19a5dced2b18149,data/raw/safety-v2-s30/formal-v1/formal-v1__profile__pyxel_jump__gpu_compute__p100__r01,"{""pyxel_jump"":""games/pyxel/02_jump_game.py""}","{""pyxel_jump"":""4743a825f1c9cae7e049ac52115f4ecf83350db546c00745a54af187d7bc2e46""}",671ae7278f86d9adfec195353feb9503d58649e17a5520547bfa4893cd9feaa7
2,90,formal-v1__colocation__pyxel_jump+pyxel_snake__r03,formal-v1,colocation-main,validation,colocation,"[""pyxel_jump"",""pyxel_snake""]",pyxel_jump,"[""pyxel_snake""]",pyxel_jump+pyxel_snake,pyxel_jump+pyxel_snake__r03,,,,3,669151184381926978,10,30,1,10,windows-rtx4060,0,0,grid_2x2,true,80,97d038c3fba55e8663b4a244a72f2c6af5e355cf1641eb229b1e93540dede9b9,5ed80cf2bad8dd330eb4d739a19a5dced2b18149,data/raw/safety-v2-s30/formal-v1/formal-v1__colocation__pyxel_jump+pyxel_snake__r03,"{""pyxel_jump"":""games/pyxel/02_jump_game.py"",""pyxel_snake"":""games/pyxel/07_snake.py""}","{""pyxel_jump"":""4743a825f1c9cae7e049ac52115f4ecf83350db546c00745a54af187d7bc2e46"",""pyxel_snake"":""bc533fef92d1d358e570f69d979919fe5c1cd8c4da49841104b49a1e661a5ac3""}",9e24eb2b5be1283012b140722737f667c01995790c84a3c98c9d912bcc640662
2,91,formal-v1__colocation__mega_wing+pyxel_platformer+pyxel_shooter__r03,formal-v1,colocation-main,test,colocation,"[""mega_wing"",""pyxel_platformer"",""pyxel_shooter""]",mega_wing,"[""pyxel_platformer"",""pyxel_shooter""]",mega_wing+pyxel_platformer+pyxel_shooter,mega_wing+pyxel_platformer+pyxel_shooter__r03,,,,3,12612950904275602089,10,30,1,10,windows-rtx4060,0,0,grid_2x2,true,80,97d038c3fba55e8663b4a244a72f2c6af5e355cf1641eb229b1e93540dede9b9,5ed80cf2bad8dd330eb4d739a19a5dced2b18149,data/raw/safety-v2-s30/formal-v1/formal-v1__colocation__mega_wing+pyxel_platformer+pyxel_shooter__r03,"{""mega_wing"":""games/pyxel/apps-src/mega_wing/mega_wing.py"",""pyxel_platformer"":""games/pyxel/10_platformer.py"",""pyxel_shooter"":""games/pyxel/09_shooter.py""}","{""mega_wing"":""86bad6c02a303806c58137503739241dc6b1e86695f7c0dbf672b5e1a1464e9f"",""pyxel_platformer"":""1b2c75b49dc9ab0254fb4b724682a4787868814a38d2f08920720dc5b6007ac5"",""pyxel_shooter"":""0f53e4156907eac41080a8f289e22c89365b3239517c754cf59a51af201d5563""}",4e5f02ebc146d165e6d69b39ee954cc8fceab97807a9ad756241de37d593f66a
2,92,formal-v1__colocation__pyxel_jump+pyxel_shooter+pyxel_snake__r03,formal-v1,colocation-main,train,colocation,"[""pyxel_jump"",""pyxel_shooter"",""pyxel_snake""]",pyxel_jump,"[""pyxel_shooter"",""pyxel_snake""]",pyxel_jump+pyxel_shooter+pyxel_snake,pyxel_jump+pyxel_shooter+pyxel_snake__r03,,,,3,2843541963674284268,10,30,1,10,windows-rtx4060,0,0,grid_2x2,true,80,97d038c3fba55e8663b4a244a72f2c6af5e355cf1641eb229b1e93540dede9b9,5ed80cf2bad8dd330eb4d739a19a5dced2b18149,data/raw/safety-v2-s30/formal-v1/formal-v1__colocation__pyxel_jump+pyxel_shooter+pyxel_snake__r03,"{""pyxel_jump"":""games/pyxel/02_jump_game.py"",""pyxel_shooter"":""games/pyxel/09_shooter.py"",""pyxel_snake"":""games/pyxel/07_snake.py""}","{""pyxel_jump"":""4743a825f1c9cae7e049ac52115f4ecf83350db546c00745a54af187d7bc2e46"",""pyxel_shooter"":""0f53e4156907eac41080a8f289e22c89365b3239517c754cf59a51af201d5563"",""pyxel_snake"":""bc533fef92d1d358e570f69d979919fe5c1cd8c4da49841104b49a1e661a5ac3""}",2e3b8227c306d1e0d40f04fe97844dfa275102e6d07cfc72d65d8bc80edacd60
2,93,formal-v1__profile__pyxel_bubbles__gpu_memory__p025__r01,formal-v1,profile,not_applicable,pressure_profile,"[""pyxel_bubbles""]",pyxel_bubbles,[],,,gpu_memory,0.25,0.25,1,3010822687310012633,10,30,1,10,windows-rtx4060,0,0,grid_2x2,true,80,97d038c3fba55e8663b4a244a72f2c6af5e355cf1641eb229b1e93540dede9b9,5ed80cf2bad8dd330eb4d739a19a5dced2b18149,data/raw/safety-v2-s30/formal-v1/formal-v1__profile__pyxel_bubbles__gpu_memory__p025__r01,"{""pyxel_bubbles"":""games/pyxel/06_click_game.py""}","{""pyxel_bubbles"":""54c101e90bdaed839ac4c4284494530d5df37a5819a35f1e41eebb0b3da5d900""}",c1d5fc11108612cd0560ae53360bb1e3f99f25a7e76e764800b70dde968a4b3d
2,94,formal-v1__profile__pyxel_platformer__memory_bandwidth__p075__r03,formal-v1,profile,not_applicable,pressure_profile,"[""pyxel_platformer""]",pyxel_platformer,[],,,memory_bandwidth,0.75,0.75,3,1857958510345146456,10,30,1,10,windows-rtx4060,0,0,grid_2x2,true,80,97d038c3fba55e8663b4a244a72f2c6af5e355cf1641eb229b1e93540dede9b9,5ed80cf2bad8dd330eb4d739a19a5dced2b18149,data/raw/safety-v2-s30/formal-v1/formal-v1__profile__pyxel_platformer__memory_bandwidth__p075__r03,"{""pyxel_platformer"":""games/pyxel/10_platformer.py""}","{""pyxel_platformer"":""1b2c75b49dc9ab0254fb4b724682a4787868814a38d2f08920720dc5b6007ac5""}",ec0f6d44d60bace0b27a24bcc91ab6080a09a3b2a5d48f97d73722135f3b7529
2,95,formal-v1__profile__mega_wing__memory_bandwidth__p000__r02,formal-v1,profile,not_applicable,pressure_profile,"[""mega_wing""]",mega_wing,[],,,memory_bandwidth,0,0,2,16748466695473203100,10,30,1,10,windows-rtx4060,0,0,grid_2x2,true,80,97d038c3fba55e8663b4a244a72f2c6af5e355cf1641eb229b1e93540dede9b9,5ed80cf2bad8dd330eb4d739a19a5dced2b18149,data/raw/safety-v2-s30/formal-v1/formal-v1__profile__mega_wing__memory_bandwidth__p000__r02,"{""mega_wing"":""games/pyxel/apps-src/mega_wing/mega_wing.py""}","{""mega_wing"":""86bad6c02a303806c58137503739241dc6b1e86695f7c0dbf672b5e1a1464e9f""}",87e2d1b92770e8ea782ada69ae27a5ecb936840398c786f48d3e3b0f2b6bc820
2,96,formal-v1__profile__pyxel_bubbles__gpu_memory__p000__r02,formal-v1,profile,not_applicable,pressure_profile,"[""pyxel_bubbles""]",pyxel_bubbles,[],,,gpu_memory,0,0,2,8216479269195245272,10,30,1,10,windows-rtx4060,0,0,grid_2x2,true,80,97d038c3fba55e8663b4a244a72f2c6af5e355cf1641eb229b1e93540dede9b9,5ed80cf2bad8dd330eb4d739a19a5dced2b18149,data/raw/safety-v2-s30/formal-v1/formal-v1__profile__pyxel_bubbles__gpu_memory__p000__r02,"{""pyxel_bubbles"":""games/pyxel/06_click_game.py""}","{""pyxel_bubbles"":""54c101e90bdaed839ac4c4284494530d5df37a5819a35f1e41eebb0b3da5d900""}",f81f11ccf8fcd6f3fdc59f03aabfc5c54723856e02a5a6590043302892df7869
2,97,formal-v1__profile__daylight__gpu_compute__p025__r01,formal-v1,profile,not_applicable,pressure_profile,"[""daylight""]",daylight,[],,,gpu_compute,0.25,0.0625,1,7727057560543586817,10,30,1,10,windows-rtx4060,0,0,grid_2x2,true,80,97d038c3fba55e8663b4a244a72f2c6af5e355cf1641eb229b1e93540dede9b9,5ed80cf2bad8dd330eb4d739a19a5dced2b18149,data/raw/safety-v2-s30/formal-v1/formal-v1__profile__daylight__gpu_compute__p025__r01,"{""daylight"":""games/pyxel/apps-src/30SecondsOfDaylight/src/main.py""}","{""daylight"":""21a365375249e9d7ea05e78dcfe040f09cc1f0c66bd410bae084190c743a028f""}",7abb21d8ac11751f92f16c6b6bff034c7eccade359db413630f6fc4f175d6692
2,98,formal-v1__profile__pyxel_snake__gpu_memory__p050__r01,formal-v1,profile,not_applicable,pressure_profile,"[""pyxel_snake""]",pyxel_snake,[],,,gpu_memory,0.5,0.5,1,7472862090844957153,10,30,1,10,windows-rtx4060,0,0,grid_2x2,true,80,97d038c3fba55e8663b4a244a72f2c6af5e355cf1641eb229b1e93540dede9b9,5ed80cf2bad8dd330eb4d739a19a5dced2b18149,data/raw/safety-v2-s30/formal-v1/formal-v1__profile__pyxel_snake__gpu_memory__p050__r01,"{""pyxel_snake"":""games/pyxel/07_snake.py""}","{""pyxel_snake"":""bc533fef92d1d358e570f69d979919fe5c1cd8c4da49841104b49a1e661a5ac3""}",c3cd68818d3a49933374f24700d7d27dd3ca8a3b3af242d5ca9a9f176392975f
2,99,formal-v1__profile__daylight__gpu_memory__p025__r01,formal-v1,profile,not_applicable,pressure_profile,"[""daylight""]",daylight,[],,,gpu_memory,0.25,0.25,1,18181047094377291399,10,30,1,10,windows-rtx4060,0,0,grid_2x2,true,80,97d038c3fba55e8663b4a244a72f2c6af5e355cf1641eb229b1e93540dede9b9,5ed80cf2bad8dd330eb4d739a19a5dced2b18149,data/raw/safety-v2-s30/formal-v1/formal-v1__profile__daylight__gpu_memory__p025__r01,"{""daylight"":""games/pyxel/apps-src/30SecondsOfDaylight/src/main.py""}","{""daylight"":""21a365375249e9d7ea05e78dcfe040f09cc1f0c66bd410bae084190c743a028f""}",655747ec19da5493ec725ab613daae8b02b01cba79630eda80e10f1b22f5cf73
2,100,formal-v1__profile__space_rescue__memory_bandwidth__p050__r01,formal-v1,profile,not_applicable,pressure_profile,"[""space_rescue""]",space_rescue,[],,,memory_bandwidth,0.5,0.5,1,15915214356916952255,10,30,1,10,windows-rtx4060,0,0,grid_2x2,true,80,97d038c3fba55e8663b4a244a72f2c6af5e355cf1641eb229b1e93540dede9b9,5ed80cf2bad8dd330eb4d739a19a5dced2b18149,data/raw/safety-v2-s30/formal-v1/formal-v1__profile__space_rescue__memory_bandwidth__p050__r01,"{""space_rescue"":""games/pyxel/apps-src/space_rescue/space_rescue.py""}","{""space_rescue"":""f3b0ab6784ae558e64f06a3f0a704e53f107a130aa3d43357659d0850131e461""}",1a273f20021b94214803c6cc415a3ad7adffbba22205ce140fed1224134900ea
2,101,formal-v1__profile__pyxel_bubbles__gpu_compute__p075__r02,formal-v1,profile,not_applicable,pressure_profile,"[""pyxel_bubbles""]",pyxel_bubbles,[],,,gpu_compute,0.75,0.1875,2,2080732550627211984,10,30,1,10,windows-rtx4060,0,0,grid_2x2,true,80,97d038c3fba55e8663b4a244a72f2c6af5e355cf1641eb229b1e93540dede9b9,5ed80cf2bad8dd330eb4d739a19a5dced2b18149,data/raw/safety-v2-s30/formal-v1/formal-v1__profile__pyxel_bubbles__gpu_compute__p075__r02,"{""pyxel_bubbles"":""games/pyxel/06_click_game.py""}","{""pyxel_bubbles"":""54c101e90bdaed839ac4c4284494530d5df37a5819a35f1e41eebb0b3da5d900""}",e4c8cc885cc9a0156ee9667611e321239b849b1da634e9c02b6333946b0e6666
2,102,formal-v1__profile__space_rescue__gpu_compute__p025__r02,formal-v1,profile,not_applicable,pressure_profile,"[""space_rescue""]",space_rescue,[],,,gpu_compute,0.25,0.0625,2,5193477929200372882,10,30,1,10,windows-rtx4060,0,0,grid_2x2,true,80,97d038c3fba55e8663b4a244a72f2c6af5e355cf1641eb229b1e93540dede9b9,5ed80cf2bad8dd330eb4d739a19a5dced2b18149,data/raw/safety-v2-s30/formal-v1/formal-v1__profile__space_rescue__gpu_compute__p025__r02,"{""space_rescue"":""games/pyxel/apps-src/space_rescue/space_rescue.py""}","{""space_rescue"":""f3b0ab6784ae558e64f06a3f0a704e53f107a130aa3d43357659d0850131e461""}",ec7d57a9805486a4df03d114be41021cc05980295522c383acfd86e64584c797
2,103,formal-v1__profile__pyxel_platformer__cpu_compute__p000__r03,formal-v1,profile,not_applicable,pressure_profile,"[""pyxel_platformer""]",pyxel_platformer,[],,,cpu_compute,0,0,3,17679836067172318764,10,30,1,10,windows-rtx4060,0,0,grid_2x2,true,80,97d038c3fba55e8663b4a244a72f2c6af5e355cf1641eb229b1e93540dede9b9,5ed80cf2bad8dd330eb4d739a19a5dced2b18149,data/raw/safety-v2-s30/formal-v1/formal-v1__profile__pyxel_platformer__cpu_compute__p000__r03,"{""pyxel_platformer"":""games/pyxel/10_platformer.py""}","{""pyxel_platformer"":""1b2c75b49dc9ab0254fb4b724682a4787868814a38d2f08920720dc5b6007ac5""}",9fec1b99a58f192c92e4310dfb8b11e39cffe0da508cfe1be2c10904f606e42a
2,104,formal-v1__profile__pyxel_platformer__memory_bandwidth__p100__r03,formal-v1,profile,not_applicable,pressure_profile,"[""pyxel_platformer""]",pyxel_platformer,[],,,memory_bandwidth,1,1,3,3804307406830801512,10,30,1,10,windows-rtx4060,0,0,grid_2x2,true,80,97d038c3fba55e8663b4a244a72f2c6af5e355cf1641eb229b1e93540dede9b9,5ed80cf2bad8dd330eb4d739a19a5dced2b18149,data/raw/safety-v2-s30/formal-v1/formal-v1__profile__pyxel_platformer__memory_bandwidth__p100__r03,"{""pyxel_platformer"":""games/pyxel/10_platformer.py""}","{""pyxel_platformer"":""1b2c75b49dc9ab0254fb4b724682a4787868814a38d2f08920720dc5b6007ac5""}",c0bd3caed9a718888d3c1fa9b41cb7f262d9dc6c2eed82dd8ede11f0349fa0e1
2,105,formal-v1__profile__pyxel_bubbles__cpu_compute__p100__r02,formal-v1,profile,not_applicable,pressure_profile,"[""pyxel_bubbles""]",pyxel_bubbles,[],,,cpu_compute,1,1,2,2171011691386828063,10,30,1,10,windows-rtx4060,0,0,grid_2x2,true,80,97d038c3fba55e8663b4a244a72f2c6af5e355cf1641eb229b1e93540dede9b9,5ed80cf2bad8dd330eb4d739a19a5dced2b18149,data/raw/safety-v2-s30/formal-v1/formal-v1__profile__pyxel_bubbles__cpu_compute__p100__r02,"{""pyxel_bubbles"":""games/pyxel/06_click_game.py""}","{""pyxel_bubbles"":""54c101e90bdaed839ac4c4284494530d5df37a5819a35f1e41eebb0b3da5d900""}",950ac46bb7254a8dbbd153f1dd062307cedd07e3512bbdf9cc1a789a8b415dae
2,106,formal-v1__profile__pyxel_jump__memory_bandwidth__p100__r02,formal-v1,profile,not_applicable,pressure_profile,"[""pyxel_jump""]",pyxel_jump,[],,,memory_bandwidth,1,1,2,4526841369643719515,10,30,1,10,windows-rtx4060,0,0,grid_2x2,true,80,97d038c3fba55e8663b4a244a72f2c6af5e355cf1641eb229b1e93540dede9b9,5ed80cf2bad8dd330eb4d739a19a5dced2b18149,data/raw/safety-v2-s30/formal-v1/formal-v1__profile__pyxel_jump__memory_bandwidth__p100__r02,"{""pyxel_jump"":""games/pyxel/02_jump_game.py""}","{""pyxel_jump"":""4743a825f1c9cae7e049ac52115f4ecf83350db546c00745a54af187d7bc2e46""}",0f2503d7553e39b6aa0a2e93d621cff4615f4d0e3242ee10c245167972e3e047
2,107,formal-v1__profile__pyxel_jump__gpu_memory__p100__r03,formal-v1,profile,not_applicable,pressure_profile,"[""pyxel_jump""]",pyxel_jump,[],,,gpu_memory,1,1,3,10550415607703999974,10,30,1,10,windows-rtx4060,0,0,grid_2x2,true,80,97d038c3fba55e8663b4a244a72f2c6af5e355cf1641eb229b1e93540dede9b9,5ed80cf2bad8dd330eb4d739a19a5dced2b18149,data/raw/safety-v2-s30/formal-v1/formal-v1__profile__pyxel_jump__gpu_memory__p100__r03,"{""pyxel_jump"":""games/pyxel/02_jump_game.py""}","{""pyxel_jump"":""4743a825f1c9cae7e049ac52115f4ecf83350db546c00745a54af187d7bc2e46""}",89c98043594864ee12949155cf24b888461ac0871c0a5ff39048ef16293b577b
2,108,formal-v1__profile__pyxel_platformer__gpu_memory__p100__r03,formal-v1,profile,not_applicable,pressure_profile,"[""pyxel_platformer""]",pyxel_platformer,[],,,gpu_memory,1,1,3,7696464540062108993,10,30,1,10,windows-rtx4060,0,0,grid_2x2,true,80,97d038c3fba55e8663b4a244a72f2c6af5e355cf1641eb229b1e93540dede9b9,5ed80cf2bad8dd330eb4d739a19a5dced2b18149,data/raw/safety-v2-s30/formal-v1/formal-v1__profile__pyxel_platformer__gpu_memory__p100__r03,"{""pyxel_platformer"":""games/pyxel/10_platformer.py""}","{""pyxel_platformer"":""1b2c75b49dc9ab0254fb4b724682a4787868814a38d2f08920720dc5b6007ac5""}",410c7a81e01bea46decd067820fec7476d8bb635a5f29faa7cb3228c90d27b0b
2,109,formal-v1__colocation__daylight+mega_wing+pyxel_shooter__r03,formal-v1,colocation-main,validation,colocation,"[""daylight"",""mega_wing"",""pyxel_shooter""]",daylight,"[""mega_wing"",""pyxel_shooter""]",daylight+mega_wing+pyxel_shooter,daylight+mega_wing+pyxel_shooter__r03,,,,3,13312590361058943931,10,30,1,10,windows-rtx4060,0,0,grid_2x2,true,80,97d038c3fba55e8663b4a244a72f2c6af5e355cf1641eb229b1e93540dede9b9,5ed80cf2bad8dd330eb4d739a19a5dced2b18149,data/raw/safety-v2-s30/formal-v1/formal-v1__colocation__daylight+mega_wing+pyxel_shooter__r03,"{""daylight"":""games/pyxel/apps-src/30SecondsOfDaylight/src/main.py"",""mega_wing"":""games/pyxel/apps-src/mega_wing/mega_wing.py"",""pyxel_shooter"":""games/pyxel/09_shooter.py""}","{""daylight"":""21a365375249e9d7ea05e78dcfe040f09cc1f0c66bd410bae084190c743a028f"",""mega_wing"":""86bad6c02a303806c58137503739241dc6b1e86695f7c0dbf672b5e1a1464e9f"",""pyxel_shooter"":""0f53e4156907eac41080a8f289e22c89365b3239517c754cf59a51af201d5563""}",1f53e18aac0948369dbbddaf208d5c51baef1f039690138f3d4483621700ffbb
2,110,formal-v1__profile__space_rescue__memory_bandwidth__p100__r03,formal-v1,profile,not_applicable,pressure_profile,"[""space_rescue""]",space_rescue,[],,,memory_bandwidth,1,1,3,17181506969833333179,10,30,1,10,windows-rtx4060,0,0,grid_2x2,true,80,97d038c3fba55e8663b4a244a72f2c6af5e355cf1641eb229b1e93540dede9b9,5ed80cf2bad8dd330eb4d739a19a5dced2b18149,data/raw/safety-v2-s30/formal-v1/formal-v1__profile__space_rescue__memory_bandwidth__p100__r03,"{""space_rescue"":""games/pyxel/apps-src/space_rescue/space_rescue.py""}","{""space_rescue"":""f3b0ab6784ae558e64f06a3f0a704e53f107a130aa3d43357659d0850131e461""}",f5939abe5e2aec24e445b77c9e8ce11f1030599319800137898a7f52a0f88903
2,111,formal-v1__profile__pyxel_snake__gpu_memory__p075__r01,formal-v1,profile,not_applicable,pressure_profile,"[""pyxel_snake""]",pyxel_snake,[],,,gpu_memory,0.75,0.75,1,805019496743078356,10,30,1,10,windows-rtx4060,0,0,grid_2x2,true,80,97d038c3fba55e8663b4a244a72f2c6af5e355cf1641eb229b1e93540dede9b9,5ed80cf2bad8dd330eb4d739a19a5dced2b18149,data/raw/safety-v2-s30/formal-v1/formal-v1__profile__pyxel_snake__gpu_memory__p075__r01,"{""pyxel_snake"":""games/pyxel/07_snake.py""}","{""pyxel_snake"":""bc533fef92d1d358e570f69d979919fe5c1cd8c4da49841104b49a1e661a5ac3""}",d7c2300324b6eba0a9b7b4d665fc30940a390c71968bddddf717e07c0236a1c5
2,112,formal-v1__profile__pyxel_shooter__gpu_compute__p050__r02,formal-v1,profile,not_applicable,pressure_profile,"[""pyxel_shooter""]",pyxel_shooter,[],,,gpu_compute,0.5,0.125,2,419416930386546301,10,30,1,10,windows-rtx4060,0,0,grid_2x2,true,80,97d038c3fba55e8663b4a244a72f2c6af5e355cf1641eb229b1e93540dede9b9,5ed80cf2bad8dd330eb4d739a19a5dced2b18149,data/raw/safety-v2-s30/formal-v1/formal-v1__profile__pyxel_shooter__gpu_compute__p050__r02,"{""pyxel_shooter"":""games/pyxel/09_shooter.py""}","{""pyxel_shooter"":""0f53e4156907eac41080a8f289e22c89365b3239517c754cf59a51af201d5563""}",e4092e0d2cafe64539f0555d393e82eb074570a2e4d1caa5eab63676e9324e34
2,113,formal-v1__profile__pyxel_shooter__cpu_compute__p075__r01,formal-v1,profile,not_applicable,pressure_profile,"[""pyxel_shooter""]",pyxel_shooter,[],,,cpu_compute,0.75,0.75,1,9849218443461692718,10,30,1,10,windows-rtx4060,0,0,grid_2x2,true,80,97d038c3fba55e8663b4a244a72f2c6af5e355cf1641eb229b1e93540dede9b9,5ed80cf2bad8dd330eb4d739a19a5dced2b18149,data/raw/safety-v2-s30/formal-v1/formal-v1__profile__pyxel_shooter__cpu_compute__p075__r01,"{""pyxel_shooter"":""games/pyxel/09_shooter.py""}","{""pyxel_shooter"":""0f53e4156907eac41080a8f289e22c89365b3239517c754cf59a51af201d5563""}",3f55c3e3fa44f2187965766e494f7f60fcacd071b9b1398e4b0cdb7a317e322b
2,114,formal-v1__profile__pyxel_jump__gpu_compute__p000__r03,formal-v1,profile,not_applicable,pressure_profile,"[""pyxel_jump""]",pyxel_jump,[],,,gpu_compute,0,0,3,13311761209541628143,10,30,1,10,windows-rtx4060,0,0,grid_2x2,true,80,97d038c3fba55e8663b4a244a72f2c6af5e355cf1641eb229b1e93540dede9b9,5ed80cf2bad8dd330eb4d739a19a5dced2b18149,data/raw/safety-v2-s30/formal-v1/formal-v1__profile__pyxel_jump__gpu_compute__p000__r03,"{""pyxel_jump"":""games/pyxel/02_jump_game.py""}","{""pyxel_jump"":""4743a825f1c9cae7e049ac52115f4ecf83350db546c00745a54af187d7bc2e46""}",2be91384c27d86efad18ad3b242fb8075303d06eb8fc69cee8a25f268b8946ec
2,115,formal-v1__extra__mega_wing+pyxel_bubbles+pyxel_platformer+pyxel_shooter__r02,formal-v1,colocation-extra-test,extra_test,extra_test,"[""mega_wing"",""pyxel_bubbles"",""pyxel_platformer"",""pyxel_shooter""]",mega_wing,"[""pyxel_bubbles"",""pyxel_platformer"",""pyxel_shooter""]",mega_wing+pyxel_bubbles+pyxel_platformer+pyxel_shooter,mega_wing+pyxel_bubbles+pyxel_platformer+pyxel_shooter__r02,,,,2,704646156157745153,10,30,1,10,windows-rtx4060,0,0,grid_2x2,true,80,97d038c3fba55e8663b4a244a72f2c6af5e355cf1641eb229b1e93540dede9b9,5ed80cf2bad8dd330eb4d739a19a5dced2b18149,data/raw/safety-v2-s30/formal-v1/formal-v1__extra__mega_wing+pyxel_bubbles+pyxel_platformer+pyxel_shooter__r02,"{""mega_wing"":""games/pyxel/apps-src/mega_wing/mega_wing.py"",""pyxel_bubbles"":""games/pyxel/06_click_game.py"",""pyxel_platformer"":""games/pyxel/10_platformer.py"",""pyxel_shooter"":""games/pyxel/09_shooter.py""}","{""mega_wing"":""86bad6c02a303806c58137503739241dc6b1e86695f7c0dbf672b5e1a1464e9f"",""pyxel_bubbles"":""54c101e90bdaed839ac4c4284494530d5df37a5819a35f1e41eebb0b3da5d900"",""pyxel_platformer"":""1b2c75b49dc9ab0254fb4b724682a4787868814a38d2f08920720dc5b6007ac5"",""pyxel_shooter"":""0f53e4156907eac41080a8f289e22c89365b3239517c754cf59a51af201d5563""}",98ebcb542a099f1f719240fb448d8d21f43f4ecd5bf4e3e603674c17afcf1c78
2,116,formal-v1__profile__mega_wing__cpu_compute__p000__r03,formal-v1,profile,not_applicable,pressure_profile,"[""mega_wing""]",mega_wing,[],,,cpu_compute,0,0,3,10489553234839483832,10,30,1,10,windows-rtx4060,0,0,grid_2x2,true,80,97d038c3fba55e8663b4a244a72f2c6af5e355cf1641eb229b1e93540dede9b9,5ed80cf2bad8dd330eb4d739a19a5dced2b18149,data/raw/safety-v2-s30/formal-v1/formal-v1__profile__mega_wing__cpu_compute__p000__r03,"{""mega_wing"":""games/pyxel/apps-src/mega_wing/mega_wing.py""}","{""mega_wing"":""86bad6c02a303806c58137503739241dc6b1e86695f7c0dbf672b5e1a1464e9f""}",2b8b9e9f8ee237e3e9f0bb7ed8a8b4cd4abff6a9ca7878be311974c3e436e7bb
2,117,formal-v1__profile__mega_wing__memory_bandwidth__p000__r01,formal-v1,profile,not_applicable,pressure_profile,"[""mega_wing""]",mega_wing,[],,,memory_bandwidth,0,0,1,6962954145758470029,10,30,1,10,windows-rtx4060,0,0,grid_2x2,true,80,97d038c3fba55e8663b4a244a72f2c6af5e355cf1641eb229b1e93540dede9b9,5ed80cf2bad8dd330eb4d739a19a5dced2b18149,data/raw/safety-v2-s30/formal-v1/formal-v1__profile__mega_wing__memory_bandwidth__p000__r01,"{""mega_wing"":""games/pyxel/apps-src/mega_wing/mega_wing.py""}","{""mega_wing"":""86bad6c02a303806c58137503739241dc6b1e86695f7c0dbf672b5e1a1464e9f""}",cc783d4866b596d90587513fb72c49f66e76af7de56cfdaa94ab118384efcd7e
2,118,formal-v1__profile__pyxel_shooter__cpu_compute__p100__r02,formal-v1,profile,not_applicable,pressure_profile,"[""pyxel_shooter""]",pyxel_shooter,[],,,cpu_compute,1,1,2,1964262705927271843,10,30,1,10,windows-rtx4060,0,0,grid_2x2,true,80,97d038c3fba55e8663b4a244a72f2c6af5e355cf1641eb229b1e93540dede9b9,5ed80cf2bad8dd330eb4d739a19a5dced2b18149,data/raw/safety-v2-s30/formal-v1/formal-v1__profile__pyxel_shooter__cpu_compute__p100__r02,"{""pyxel_shooter"":""games/pyxel/09_shooter.py""}","{""pyxel_shooter"":""0f53e4156907eac41080a8f289e22c89365b3239517c754cf59a51af201d5563""}",571ecc4850680db42ab717c39f173bb3bdaf47b5e87d786460e415f987c6ed64
2,119,formal-v1__profile__pyxel_snake__gpu_memory__p000__r01,formal-v1,profile,not_applicable,pressure_profile,"[""pyxel_snake""]",pyxel_snake,[],,,gpu_memory,0,0,1,419180579882746016,10,30,1,10,windows-rtx4060,0,0,grid_2x2,true,80,97d038c3fba55e8663b4a244a72f2c6af5e355cf1641eb229b1e93540dede9b9,5ed80cf2bad8dd330eb4d739a19a5dced2b18149,data/raw/safety-v2-s30/formal-v1/formal-v1__profile__pyxel_snake__gpu_memory__p000__r01,"{""pyxel_snake"":""games/pyxel/07_snake.py""}","{""pyxel_snake"":""bc533fef92d1d358e570f69d979919fe5c1cd8c4da49841104b49a1e661a5ac3""}",f1d883e696ca53ce6b7f25215f1e3a27cb3af9ee5e41cfe86cf977f61667def7
2,120,formal-v1__colocation__daylight+pyxel_jump+pyxel_shooter__r01,formal-v1,colocation-main,train,colocation,"[""daylight"",""pyxel_jump"",""pyxel_shooter""]",daylight,"[""pyxel_jump"",""pyxel_shooter""]",daylight+pyxel_jump+pyxel_shooter,daylight+pyxel_jump+pyxel_shooter__r01,,,,1,1241517636271496513,10,30,1,10,windows-rtx4060,0,0,grid_2x2,true,80,97d038c3fba55e8663b4a244a72f2c6af5e355cf1641eb229b1e93540dede9b9,5ed80cf2bad8dd330eb4d739a19a5dced2b18149,data/raw/safety-v2-s30/formal-v1/formal-v1__colocation__daylight+pyxel_jump+pyxel_shooter__r01,"{""daylight"":""games/pyxel/apps-src/30SecondsOfDaylight/src/main.py"",""pyxel_jump"":""games/pyxel/02_jump_game.py"",""pyxel_shooter"":""games/pyxel/09_shooter.py""}","{""daylight"":""21a365375249e9d7ea05e78dcfe040f09cc1f0c66bd410bae084190c743a028f"",""pyxel_jump"":""4743a825f1c9cae7e049ac52115f4ecf83350db546c00745a54af187d7bc2e46"",""pyxel_shooter"":""0f53e4156907eac41080a8f289e22c89365b3239517c754cf59a51af201d5563""}",9fcd27da2744bb107718e24d378e2bf379cfeb53c5a6d4940019561d40558222
2,121,formal-v1__profile__space_rescue__gpu_compute__p050__r03,formal-v1,profile,not_applicable,pressure_profile,"[""space_rescue""]",space_rescue,[],,,gpu_compute,0.5,0.125,3,16865330936208072458,10,30,1,10,windows-rtx4060,0,0,grid_2x2,true,80,97d038c3fba55e8663b4a244a72f2c6af5e355cf1641eb229b1e93540dede9b9,5ed80cf2bad8dd330eb4d739a19a5dced2b18149,data/raw/safety-v2-s30/formal-v1/formal-v1__profile__space_rescue__gpu_compute__p050__r03,"{""space_rescue"":""games/pyxel/apps-src/space_rescue/space_rescue.py""}","{""space_rescue"":""f3b0ab6784ae558e64f06a3f0a704e53f107a130aa3d43357659d0850131e461""}",d420f8a3eb01d2c16ae009633a12e90ef7e3c8cec998a72bb2db2f0581dffcab
2,122,formal-v1__profile__pyxel_bubbles__memory_bandwidth__p075__r03,formal-v1,profile,not_applicable,pressure_profile,"[""pyxel_bubbles""]",pyxel_bubbles,[],,,memory_bandwidth,0.75,0.75,3,15355475552925496380,10,30,1,10,windows-rtx4060,0,0,grid_2x2,true,80,97d038c3fba55e8663b4a244a72f2c6af5e355cf1641eb229b1e93540dede9b9,5ed80cf2bad8dd330eb4d739a19a5dced2b18149,data/raw/safety-v2-s30/formal-v1/formal-v1__profile__pyxel_bubbles__memory_bandwidth__p075__r03,"{""pyxel_bubbles"":""games/pyxel/06_click_game.py""}","{""pyxel_bubbles"":""54c101e90bdaed839ac4c4284494530d5df37a5819a35f1e41eebb0b3da5d900""}",64f5688c4f44c4f33efa0e8b2a40f70b1c880de6ed053bd70388d985dd94a7aa
2,123,formal-v1__profile__mega_wing__cpu_compute__p050__r03,formal-v1,profile,not_applicable,pressure_profile,"[""mega_wing""]",mega_wing,[],,,cpu_compute,0.5,0.5,3,6312199918978094460,10,30,1,10,windows-rtx4060,0,0,grid_2x2,true,80,97d038c3fba55e8663b4a244a72f2c6af5e355cf1641eb229b1e93540dede9b9,5ed80cf2bad8dd330eb4d739a19a5dced2b18149,data/raw/safety-v2-s30/formal-v1/formal-v1__profile__mega_wing__cpu_compute__p050__r03,"{""mega_wing"":""games/pyxel/apps-src/mega_wing/mega_wing.py""}","{""mega_wing"":""86bad6c02a303806c58137503739241dc6b1e86695f7c0dbf672b5e1a1464e9f""}",d5cdeb4965265539153c2f0bf888c5c53ef14a657dba5a1f10099b345510fa71
2,124,formal-v1__colocation__pyxel_bubbles+pyxel_snake+space_rescue__r02,formal-v1,colocation-main,train,colocation,"[""pyxel_bubbles"",""pyxel_snake"",""space_rescue""]",pyxel_bubbles,"[""pyxel_snake"",""space_rescue""]",pyxel_bubbles+pyxel_snake+space_rescue,pyxel_bubbles+pyxel_snake+space_rescue__r02,,,,2,843203424084328921,10,30,1,10,windows-rtx4060,0,0,grid_2x2,true,80,97d038c3fba55e8663b4a244a72f2c6af5e355cf1641eb229b1e93540dede9b9,5ed80cf2bad8dd330eb4d739a19a5dced2b18149,data/raw/safety-v2-s30/formal-v1/formal-v1__colocation__pyxel_bubbles+pyxel_snake+space_rescue__r02,"{""pyxel_bubbles"":""games/pyxel/06_click_game.py"",""pyxel_snake"":""games/pyxel/07_snake.py"",""space_rescue"":""games/pyxel/apps-src/space_rescue/space_rescue.py""}","{""pyxel_bubbles"":""54c101e90bdaed839ac4c4284494530d5df37a5819a35f1e41eebb0b3da5d900"",""pyxel_snake"":""bc533fef92d1d358e570f69d979919fe5c1cd8c4da49841104b49a1e661a5ac3"",""space_rescue"":""f3b0ab6784ae558e64f06a3f0a704e53f107a130aa3d43357659d0850131e461""}",5da9e44d403cbee11850be6bab6490dae28be61550c9273edf37fdb4783217db
2,125,formal-v1__profile__pyxel_shooter__cpu_compute__p100__r03,formal-v1,profile,not_applicable,pressure_profile,"[""pyxel_shooter""]",pyxel_shooter,[],,,cpu_compute,1,1,3,9759321866444182268,10,30,1,10,windows-rtx4060,0,0,grid_2x2,true,80,97d038c3fba55e8663b4a244a72f2c6af5e355cf1641eb229b1e93540dede9b9,5ed80cf2bad8dd330eb4d739a19a5dced2b18149,data/raw/safety-v2-s30/formal-v1/formal-v1__profile__pyxel_shooter__cpu_compute__p100__r03,"{""pyxel_shooter"":""games/pyxel/09_shooter.py""}","{""pyxel_shooter"":""0f53e4156907eac41080a8f289e22c89365b3239517c754cf59a51af201d5563""}",84cb7a51d7fe7416bcd979f67e758f6deab96a3c43d7d5d5f20f49f3470e850f
2,126,formal-v1__profile__pyxel_snake__gpu_memory__p075__r03,formal-v1,profile,not_applicable,pressure_profile,"[""pyxel_snake""]",pyxel_snake,[],,,gpu_memory,0.75,0.75,3,1970314320304426401,10,30,1,10,windows-rtx4060,0,0,grid_2x2,true,80,97d038c3fba55e8663b4a244a72f2c6af5e355cf1641eb229b1e93540dede9b9,5ed80cf2bad8dd330eb4d739a19a5dced2b18149,data/raw/safety-v2-s30/formal-v1/formal-v1__profile__pyxel_snake__gpu_memory__p075__r03,"{""pyxel_snake"":""games/pyxel/07_snake.py""}","{""pyxel_snake"":""bc533fef92d1d358e570f69d979919fe5c1cd8c4da49841104b49a1e661a5ac3""}",155ddcbda36506f6a2e0835a98cfd7890a863d78f1e1fae57472a15966e422a3
2,127,formal-v1__profile__pyxel_snake__cpu_compute__p000__r03,formal-v1,profile,not_applicable,pressure_profile,"[""pyxel_snake""]",pyxel_snake,[],,,cpu_compute,0,0,3,3712196662749753045,10,30,1,10,windows-rtx4060,0,0,grid_2x2,true,80,97d038c3fba55e8663b4a244a72f2c6af5e355cf1641eb229b1e93540dede9b9,5ed80cf2bad8dd330eb4d739a19a5dced2b18149,data/raw/safety-v2-s30/formal-v1/formal-v1__profile__pyxel_snake__cpu_compute__p000__r03,"{""pyxel_snake"":""games/pyxel/07_snake.py""}","{""pyxel_snake"":""bc533fef92d1d358e570f69d979919fe5c1cd8c4da49841104b49a1e661a5ac3""}",6c144e9206d614e0a54e45ace172094450953ec7b4dec53fce7ed28db4389617
2,128,formal-v1__profile__daylight__cpu_compute__p075__r01,formal-v1,profile,not_applicable,pressure_profile,"[""daylight""]",daylight,[],,,cpu_compute,0.75,0.75,1,8631041996973619436,10,30,1,10,windows-rtx4060,0,0,grid_2x2,true,80,97d038c3fba55e8663b4a244a72f2c6af5e355cf1641eb229b1e93540dede9b9,5ed80cf2bad8dd330eb4d739a19a5dced2b18149,data/raw/safety-v2-s30/formal-v1/formal-v1__profile__daylight__cpu_compute__p075__r01,"{""daylight"":""games/pyxel/apps-src/30SecondsOfDaylight/src/main.py""}","{""daylight"":""21a365375249e9d7ea05e78dcfe040f09cc1f0c66bd410bae084190c743a028f""}",150ced9094385ce5e8ea8dd20ab7473a94c3b4ba2b445e364ac5615f8f0d844e
2,129,formal-v1__profile__pyxel_platformer__gpu_compute__p025__r01,formal-v1,profile,not_applicable,pressure_profile,"[""pyxel_platformer""]",pyxel_platformer,[],,,gpu_compute,0.25,0.0625,1,7844644472696467463,10,30,1,10,windows-rtx4060,0,0,grid_2x2,true,80,97d038c3fba55e8663b4a244a72f2c6af5e355cf1641eb229b1e93540dede9b9,5ed80cf2bad8dd330eb4d739a19a5dced2b18149,data/raw/safety-v2-s30/formal-v1/formal-v1__profile__pyxel_platformer__gpu_compute__p025__r01,"{""pyxel_platformer"":""games/pyxel/10_platformer.py""}","{""pyxel_platformer"":""1b2c75b49dc9ab0254fb4b724682a4787868814a38d2f08920720dc5b6007ac5""}",859deee76e215a7b679d8d374ac7eed34f6862fad670abfad4597e607ba8555b
2,130,formal-v1__solo__daylight__r02,formal-v1,solo,not_applicable,solo,"[""daylight""]",daylight,[],,,,,,2,16533069033604845672,10,30,1,10,windows-rtx4060,0,0,grid_2x2,true,80,97d038c3fba55e8663b4a244a72f2c6af5e355cf1641eb229b1e93540dede9b9,5ed80cf2bad8dd330eb4d739a19a5dced2b18149,data/raw/safety-v2-s30/formal-v1/formal-v1__solo__daylight__r02,"{""daylight"":""games/pyxel/apps-src/30SecondsOfDaylight/src/main.py""}","{""daylight"":""21a365375249e9d7ea05e78dcfe040f09cc1f0c66bd410bae084190c743a028f""}",d057c52ffa3dc1e571a0472c5c0d39adb9f8c0caaeb20c7e83fd002075f33d8e
2,131,formal-v1__profile__space_rescue__gpu_compute__p100__r03,formal-v1,profile,not_applicable,pressure_profile,"[""space_rescue""]",space_rescue,[],,,gpu_compute,1,0.25,3,5457333279299760245,10,30,1,10,windows-rtx4060,0,0,grid_2x2,true,80,97d038c3fba55e8663b4a244a72f2c6af5e355cf1641eb229b1e93540dede9b9,5ed80cf2bad8dd330eb4d739a19a5dced2b18149,data/raw/safety-v2-s30/formal-v1/formal-v1__profile__space_rescue__gpu_compute__p100__r03,"{""space_rescue"":""games/pyxel/apps-src/space_rescue/space_rescue.py""}","{""space_rescue"":""f3b0ab6784ae558e64f06a3f0a704e53f107a130aa3d43357659d0850131e461""}",16e287f0d052b7535d790889eadbaa83dfe60ac201181fb891c837048ccf1ad4
2,132,formal-v1__colocation__daylight+pyxel_jump+pyxel_shooter__r03,formal-v1,colocation-main,train,colocation,"[""daylight"",""pyxel_jump"",""pyxel_shooter""]",daylight,"[""pyxel_jump"",""pyxel_shooter""]",daylight+pyxel_jump+pyxel_shooter,daylight+pyxel_jump+pyxel_shooter__r03,,,,3,9575953382854801708,10,30,1,10,windows-rtx4060,0,0,grid_2x2,true,80,97d038c3fba55e8663b4a244a72f2c6af5e355cf1641eb229b1e93540dede9b9,5ed80cf2bad8dd330eb4d739a19a5dced2b18149,data/raw/safety-v2-s30/formal-v1/formal-v1__colocation__daylight+pyxel_jump+pyxel_shooter__r03,"{""daylight"":""games/pyxel/apps-src/30SecondsOfDaylight/src/main.py"",""pyxel_jump"":""games/pyxel/02_jump_game.py"",""pyxel_shooter"":""games/pyxel/09_shooter.py""}","{""daylight"":""21a365375249e9d7ea05e78dcfe040f09cc1f0c66bd410bae084190c743a028f"",""pyxel_jump"":""4743a825f1c9cae7e049ac52115f4ecf83350db546c00745a54af187d7bc2e46"",""pyxel_shooter"":""0f53e4156907eac41080a8f289e22c89365b3239517c754cf59a51af201d5563""}",51a2f8ab153f26b6126be2cbe26d1ba7d8e0e902b28b0fbda0da0761158917b1
2,133,formal-v1__profile__pyxel_snake__gpu_memory__p100__r02,formal-v1,profile,not_applicable,pressure_profile,"[""pyxel_snake""]",pyxel_snake,[],,,gpu_memory,1,1,2,9382385406287346408,10,30,1,10,windows-rtx4060,0,0,grid_2x2,true,80,97d038c3fba55e8663b4a244a72f2c6af5e355cf1641eb229b1e93540dede9b9,5ed80cf2bad8dd330eb4d739a19a5dced2b18149,data/raw/safety-v2-s30/formal-v1/formal-v1__profile__pyxel_snake__gpu_memory__p100__r02,"{""pyxel_snake"":""games/pyxel/07_snake.py""}","{""pyxel_snake"":""bc533fef92d1d358e570f69d979919fe5c1cd8c4da49841104b49a1e661a5ac3""}",15963fc37622a63aeb54f4889fe34a5f6373c992faed0f283774fbe725bb4a38
2,134,formal-v1__extra__pyxel_bubbles+pyxel_jump+pyxel_shooter+pyxel_snake__r03,formal-v1,colocation-extra-test,extra_test,extra_test,"[""pyxel_bubbles"",""pyxel_jump"",""pyxel_shooter"",""pyxel_snake""]",pyxel_bubbles,"[""pyxel_jump"",""pyxel_shooter"",""pyxel_snake""]",pyxel_bubbles+pyxel_jump+pyxel_shooter+pyxel_snake,pyxel_bubbles+pyxel_jump+pyxel_shooter+pyxel_snake__r03,,,,3,9007439181799404875,10,30,1,10,windows-rtx4060,0,0,grid_2x2,true,80,97d038c3fba55e8663b4a244a72f2c6af5e355cf1641eb229b1e93540dede9b9,5ed80cf2bad8dd330eb4d739a19a5dced2b18149,data/raw/safety-v2-s30/formal-v1/formal-v1__extra__pyxel_bubbles+pyxel_jump+pyxel_shooter+pyxel_snake__r03,"{""pyxel_bubbles"":""games/pyxel/06_click_game.py"",""pyxel_jump"":""games/pyxel/02_jump_game.py"",""pyxel_shooter"":""games/pyxel/09_shooter.py"",""pyxel_snake"":""games/pyxel/07_snake.py""}","{""pyxel_bubbles"":""54c101e90bdaed839ac4c4284494530d5df37a5819a35f1e41eebb0b3da5d900"",""pyxel_jump"":""4743a825f1c9cae7e049ac52115f4ecf83350db546c00745a54af187d7bc2e46"",""pyxel_shooter"":""0f53e4156907eac41080a8f289e22c89365b3239517c754cf59a51af201d5563"",""pyxel_snake"":""bc533fef92d1d358e570f69d979919fe5c1cd8c4da49841104b49a1e661a5ac3""}",bc4b04ae7d80d7019898cd29b22550a44d5c1989768d74b79e2e37abb8bea359
2,135,formal-v1__profile__space_rescue__gpu_memory__p075__r02,formal-v1,profile,not_applicable,pressure_profile,"[""space_rescue""]",space_rescue,[],,,gpu_memory,0.75,0.75,2,15603051225617913125,10,30,1,10,windows-rtx4060,0,0,grid_2x2,true,80,97d038c3fba55e8663b4a244a72f2c6af5e355cf1641eb229b1e93540dede9b9,5ed80cf2bad8dd330eb4d739a19a5dced2b18149,data/raw/safety-v2-s30/formal-v1/formal-v1__profile__space_rescue__gpu_memory__p075__r02,"{""space_rescue"":""games/pyxel/apps-src/space_rescue/space_rescue.py""}","{""space_rescue"":""f3b0ab6784ae558e64f06a3f0a704e53f107a130aa3d43357659d0850131e461""}",9c76b907ce6a13cbcea5b0ad008354df464d9b19415d310755497c95b9c5b966
2,136,formal-v1__extra__daylight+mega_wing+pyxel_bubbles+pyxel_snake__r03,formal-v1,colocation-extra-test,extra_test,extra_test,"[""daylight"",""mega_wing"",""pyxel_bubbles"",""pyxel_snake""]",daylight,"[""mega_wing"",""pyxel_bubbles"",""pyxel_snake""]",daylight+mega_wing+pyxel_bubbles+pyxel_snake,daylight+mega_wing+pyxel_bubbles+pyxel_snake__r03,,,,3,8849750027729184624,10,30,1,10,windows-rtx4060,0,0,grid_2x2,true,80,97d038c3fba55e8663b4a244a72f2c6af5e355cf1641eb229b1e93540dede9b9,5ed80cf2bad8dd330eb4d739a19a5dced2b18149,data/raw/safety-v2-s30/formal-v1/formal-v1__extra__daylight+mega_wing+pyxel_bubbles+pyxel_snake__r03,"{""daylight"":""games/pyxel/apps-src/30SecondsOfDaylight/src/main.py"",""mega_wing"":""games/pyxel/apps-src/mega_wing/mega_wing.py"",""pyxel_bubbles"":""games/pyxel/06_click_game.py"",""pyxel_snake"":""games/pyxel/07_snake.py""}","{""daylight"":""21a365375249e9d7ea05e78dcfe040f09cc1f0c66bd410bae084190c743a028f"",""mega_wing"":""86bad6c02a303806c58137503739241dc6b1e86695f7c0dbf672b5e1a1464e9f"",""pyxel_bubbles"":""54c101e90bdaed839ac4c4284494530d5df37a5819a35f1e41eebb0b3da5d900"",""pyxel_snake"":""bc533fef92d1d358e570f69d979919fe5c1cd8c4da49841104b49a1e661a5ac3""}",3ca8e41c0722ca4886f7aad4cbd9f56c1f77b89687aa9a16f58940227206261e
2,137,formal-v1__colocation__pyxel_bubbles+pyxel_jump__r03,formal-v1,colocation-main,train,colocation,"[""pyxel_bubbles"",""pyxel_jump""]",pyxel_bubbles,"[""pyxel_jump""]",pyxel_bubbles+pyxel_jump,pyxel_bubbles+pyxel_jump__r03,,,,3,15951009516146925294,10,30,1,10,windows-rtx4060,0,0,grid_2x2,true,80,97d038c3fba55e8663b4a244a72f2c6af5e355cf1641eb229b1e93540dede9b9,5ed80cf2bad8dd330eb4d739a19a5dced2b18149,data/raw/safety-v2-s30/formal-v1/formal-v1__colocation__pyxel_bubbles+pyxel_jump__r03,"{""pyxel_bubbles"":""games/pyxel/06_click_game.py"",""pyxel_jump"":""games/pyxel/02_jump_game.py""}","{""pyxel_bubbles"":""54c101e90bdaed839ac4c4284494530d5df37a5819a35f1e41eebb0b3da5d900"",""pyxel_jump"":""4743a825f1c9cae7e049ac52115f4ecf83350db546c00745a54af187d7bc2e46""}",49d19f17eabc5f3bc7203220f11ad97f59ad2fb10d41f938a679ebb79c54f804
2,138,formal-v1__profile__pyxel_snake__cpu_compute__p000__r01,formal-v1,profile,not_applicable,pressure_profile,"[""pyxel_snake""]",pyxel_snake,[],,,cpu_compute,0,0,1,11082123514019382106,10,30,1,10,windows-rtx4060,0,0,grid_2x2,true,80,97d038c3fba55e8663b4a244a72f2c6af5e355cf1641eb229b1e93540dede9b9,5ed80cf2bad8dd330eb4d739a19a5dced2b18149,data/raw/safety-v2-s30/formal-v1/formal-v1__profile__pyxel_snake__cpu_compute__p000__r01,"{""pyxel_snake"":""games/pyxel/07_snake.py""}","{""pyxel_snake"":""bc533fef92d1d358e570f69d979919fe5c1cd8c4da49841104b49a1e661a5ac3""}",426aedc7ea9ee42a9448f86a2f91cd55006713eec96ec95e24068564c9c3d935
2,139,formal-v1__colocation__pyxel_shooter+pyxel_snake__r02,formal-v1,colocation-main,train,colocation,"[""pyxel_shooter"",""pyxel_snake""]",pyxel_shooter,"[""pyxel_snake""]",pyxel_shooter+pyxel_snake,pyxel_shooter+pyxel_snake__r02,,,,2,10785529920502355013,10,30,1,10,windows-rtx4060,0,0,grid_2x2,true,80,97d038c3fba55e8663b4a244a72f2c6af5e355cf1641eb229b1e93540dede9b9,5ed80cf2bad8dd330eb4d739a19a5dced2b18149,data/raw/safety-v2-s30/formal-v1/formal-v1__colocation__pyxel_shooter+pyxel_snake__r02,"{""pyxel_shooter"":""games/pyxel/09_shooter.py"",""pyxel_snake"":""games/pyxel/07_snake.py""}","{""pyxel_shooter"":""0f53e4156907eac41080a8f289e22c89365b3239517c754cf59a51af201d5563"",""pyxel_snake"":""bc533fef92d1d358e570f69d979919fe5c1cd8c4da49841104b49a1e661a5ac3""}",1bf5a77103cf5fc213cf559209ed79af0483353de4d0386230ff8ca52eede66c
2,140,formal-v1__profile__space_rescue__gpu_compute__p100__r02,formal-v1,profile,not_applicable,pressure_profile,"[""space_rescue""]",space_rescue,[],,,gpu_compute,1,0.25,2,16244701784464542081,10,30,1,10,windows-rtx4060,0,0,grid_2x2,true,80,97d038c3fba55e8663b4a244a72f2c6af5e355cf1641eb229b1e93540dede9b9,5ed80cf2bad8dd330eb4d739a19a5dced2b18149,data/raw/safety-v2-s30/formal-v1/formal-v1__profile__space_rescue__gpu_compute__p100__r02,"{""space_rescue"":""games/pyxel/apps-src/space_rescue/space_rescue.py""}","{""space_rescue"":""f3b0ab6784ae558e64f06a3f0a704e53f107a130aa3d43357659d0850131e461""}",3d4ac71b6e659fc2c7ae51e2ad88d188db72724f7c6d7217e931a87bcbf1b464
2,141,formal-v1__profile__space_rescue__memory_bandwidth__p000__r01,formal-v1,profile,not_applicable,pressure_profile,"[""space_rescue""]",space_rescue,[],,,memory_bandwidth,0,0,1,12755157107996082770,10,30,1,10,windows-rtx4060,0,0,grid_2x2,true,80,97d038c3fba55e8663b4a244a72f2c6af5e355cf1641eb229b1e93540dede9b9,5ed80cf2bad8dd330eb4d739a19a5dced2b18149,data/raw/safety-v2-s30/formal-v1/formal-v1__profile__space_rescue__memory_bandwidth__p000__r01,"{""space_rescue"":""games/pyxel/apps-src/space_rescue/space_rescue.py""}","{""space_rescue"":""f3b0ab6784ae558e64f06a3f0a704e53f107a130aa3d43357659d0850131e461""}",df2d2745d4514580df296bf47119784c97e0cb515604f2d318eee3a338505dc2
2,142,formal-v1__colocation__daylight+space_rescue__r01,formal-v1,colocation-main,test,colocation,"[""daylight"",""space_rescue""]",daylight,"[""space_rescue""]",daylight+space_rescue,daylight+space_rescue__r01,,,,1,17465217366096432256,10,30,1,10,windows-rtx4060,0,0,grid_2x2,true,80,97d038c3fba55e8663b4a244a72f2c6af5e355cf1641eb229b1e93540dede9b9,5ed80cf2bad8dd330eb4d739a19a5dced2b18149,data/raw/safety-v2-s30/formal-v1/formal-v1__colocation__daylight+space_rescue__r01,"{""daylight"":""games/pyxel/apps-src/30SecondsOfDaylight/src/main.py"",""space_rescue"":""games/pyxel/apps-src/space_rescue/space_rescue.py""}","{""daylight"":""21a365375249e9d7ea05e78dcfe040f09cc1f0c66bd410bae084190c743a028f"",""space_rescue"":""f3b0ab6784ae558e64f06a3f0a704e53f107a130aa3d43357659d0850131e461""}",917432d8c09252f0c1e41634cdb504f9139a979d00d175d45033d4a334727576
2,143,formal-v1__colocation__mega_wing+pyxel_jump+pyxel_platformer__r02,formal-v1,colocation-main,train,colocation,"[""mega_wing"",""pyxel_jump"",""pyxel_platformer""]",mega_wing,"[""pyxel_jump"",""pyxel_platformer""]",mega_wing+pyxel_jump+pyxel_platformer,mega_wing+pyxel_jump+pyxel_platformer__r02,,,,2,7103667109493370920,10,30,1,10,windows-rtx4060,0,0,grid_2x2,true,80,97d038c3fba55e8663b4a244a72f2c6af5e355cf1641eb229b1e93540dede9b9,5ed80cf2bad8dd330eb4d739a19a5dced2b18149,data/raw/safety-v2-s30/formal-v1/formal-v1__colocation__mega_wing+pyxel_jump+pyxel_platformer__r02,"{""mega_wing"":""games/pyxel/apps-src/mega_wing/mega_wing.py"",""pyxel_jump"":""games/pyxel/02_jump_game.py"",""pyxel_platformer"":""games/pyxel/10_platformer.py""}","{""mega_wing"":""86bad6c02a303806c58137503739241dc6b1e86695f7c0dbf672b5e1a1464e9f"",""pyxel_jump"":""4743a825f1c9cae7e049ac52115f4ecf83350db546c00745a54af187d7bc2e46"",""pyxel_platformer"":""1b2c75b49dc9ab0254fb4b724682a4787868814a38d2f08920720dc5b6007ac5""}",2c8cd9bdf7b0bb47189d5ca2d9e7ea2c4dd56cdd5ec4cee1d717bb57f6b2d894
2,144,formal-v1__colocation__daylight+pyxel_bubbles__r02,formal-v1,colocation-main,validation,colocation,"[""daylight"",""pyxel_bubbles""]",daylight,"[""pyxel_bubbles""]",daylight+pyxel_bubbles,daylight+pyxel_bubbles__r02,,,,2,10777077298818543837,10,30,1,10,windows-rtx4060,0,0,grid_2x2,true,80,97d038c3fba55e8663b4a244a72f2c6af5e355cf1641eb229b1e93540dede9b9,5ed80cf2bad8dd330eb4d739a19a5dced2b18149,data/raw/safety-v2-s30/formal-v1/formal-v1__colocation__daylight+pyxel_bubbles__r02,"{""daylight"":""games/pyxel/apps-src/30SecondsOfDaylight/src/main.py"",""pyxel_bubbles"":""games/pyxel/06_click_game.py""}","{""daylight"":""21a365375249e9d7ea05e78dcfe040f09cc1f0c66bd410bae084190c743a028f"",""pyxel_bubbles"":""54c101e90bdaed839ac4c4284494530d5df37a5819a35f1e41eebb0b3da5d900""}",f1edf3593a3816d84c1939880da505f5a3a3fa5d9f8c1034f3e2d31f343c6590
2,145,formal-v1__colocation__daylight+mega_wing__r03,formal-v1,colocation-main,test,colocation,"[""daylight"",""mega_wing""]",daylight,"[""mega_wing""]",daylight+mega_wing,daylight+mega_wing__r03,,,,3,5803397515155226020,10,30,1,10,windows-rtx4060,0,0,grid_2x2,true,80,97d038c3fba55e8663b4a244a72f2c6af5e355cf1641eb229b1e93540dede9b9,5ed80cf2bad8dd330eb4d739a19a5dced2b18149,data/raw/safety-v2-s30/formal-v1/formal-v1__colocation__daylight+mega_wing__r03,"{""daylight"":""games/pyxel/apps-src/30SecondsOfDaylight/src/main.py"",""mega_wing"":""games/pyxel/apps-src/mega_wing/mega_wing.py""}","{""daylight"":""21a365375249e9d7ea05e78dcfe040f09cc1f0c66bd410bae084190c743a028f"",""mega_wing"":""86bad6c02a303806c58137503739241dc6b1e86695f7c0dbf672b5e1a1464e9f""}",b4cbf67cdee40dd7f536cce2ec6f95ce92739f4f73be29be951ca59e82a46bdf
2,146,formal-v1__profile__pyxel_platformer__memory_bandwidth__p050__r03,formal-v1,profile,not_applicable,pressure_profile,"[""pyxel_platformer""]",pyxel_platformer,[],,,memory_bandwidth,0.5,0.5,3,16595770546475230684,10,30,1,10,windows-rtx4060,0,0,grid_2x2,true,80,97d038c3fba55e8663b4a244a72f2c6af5e355cf1641eb229b1e93540dede9b9,5ed80cf2bad8dd330eb4d739a19a5dced2b18149,data/raw/safety-v2-s30/formal-v1/formal-v1__profile__pyxel_platformer__memory_bandwidth__p050__r03,"{""pyxel_platformer"":""games/pyxel/10_platformer.py""}","{""pyxel_platformer"":""1b2c75b49dc9ab0254fb4b724682a4787868814a38d2f08920720dc5b6007ac5""}",8b15d44e5c7c0d5a93e0f97dd651b68b9049ed2ae10b73d0a27821c4133b0b7e
2,147,formal-v1__profile__mega_wing__cpu_compute__p075__r01,formal-v1,profile,not_applicable,pressure_profile,"[""mega_wing""]",mega_wing,[],,,cpu_compute,0.75,0.75,1,10901376405546973285,10,30,1,10,windows-rtx4060,0,0,grid_2x2,true,80,97d038c3fba55e8663b4a244a72f2c6af5e355cf1641eb229b1e93540dede9b9,5ed80cf2bad8dd330eb4d739a19a5dced2b18149,data/raw/safety-v2-s30/formal-v1/formal-v1__profile__mega_wing__cpu_compute__p075__r01,"{""mega_wing"":""games/pyxel/apps-src/mega_wing/mega_wing.py""}","{""mega_wing"":""86bad6c02a303806c58137503739241dc6b1e86695f7c0dbf672b5e1a1464e9f""}",1af6e4fcc6a9038444d7a01be251985964d0b0699a0084d9d7bb8ed0b207ef00
2,148,formal-v1__profile__pyxel_jump__gpu_compute__p025__r01,formal-v1,profile,not_applicable,pressure_profile,"[""pyxel_jump""]",pyxel_jump,[],,,gpu_compute,0.25,0.0625,1,1988451417430468348,10,30,1,10,windows-rtx4060,0,0,grid_2x2,true,80,97d038c3fba55e8663b4a244a72f2c6af5e355cf1641eb229b1e93540dede9b9,5ed80cf2bad8dd330eb4d739a19a5dced2b18149,data/raw/safety-v2-s30/formal-v1/formal-v1__profile__pyxel_jump__gpu_compute__p025__r01,"{""pyxel_jump"":""games/pyxel/02_jump_game.py""}","{""pyxel_jump"":""4743a825f1c9cae7e049ac52115f4ecf83350db546c00745a54af187d7bc2e46""}",f86834d810f5ba5bcf2ac9b896a79c26d3c0eac95a62db4c8600630b49fa85b2
2,149,formal-v1__extra__daylight+pyxel_bubbles+pyxel_jump+pyxel_platformer__r03,formal-v1,colocation-extra-test,extra_test,extra_test,"[""daylight"",""pyxel_bubbles"",""pyxel_jump"",""pyxel_platformer""]",daylight,"[""pyxel_bubbles"",""pyxel_jump"",""pyxel_platformer""]",daylight+pyxel_bubbles+pyxel_jump+pyxel_platformer,daylight+pyxel_bubbles+pyxel_jump+pyxel_platformer__r03,,,,3,11592946096852787606,10,30,1,10,windows-rtx4060,0,0,grid_2x2,true,80,97d038c3fba55e8663b4a244a72f2c6af5e355cf1641eb229b1e93540dede9b9,5ed80cf2bad8dd330eb4d739a19a5dced2b18149,data/raw/safety-v2-s30/formal-v1/formal-v1__extra__daylight+pyxel_bubbles+pyxel_jump+pyxel_platformer__r03,"{""daylight"":""games/pyxel/apps-src/30SecondsOfDaylight/src/main.py"",""pyxel_bubbles"":""games/pyxel/06_click_game.py"",""pyxel_jump"":""games/pyxel/02_jump_game.py"",""pyxel_platformer"":""games/pyxel/10_platformer.py""}","{""daylight"":""21a365375249e9d7ea05e78dcfe040f09cc1f0c66bd410bae084190c743a028f"",""pyxel_bubbles"":""54c101e90bdaed839ac4c4284494530d5df37a5819a35f1e41eebb0b3da5d900"",""pyxel_jump"":""4743a825f1c9cae7e049ac52115f4ecf83350db546c00745a54af187d7bc2e46"",""pyxel_platformer"":""1b2c75b49dc9ab0254fb4b724682a4787868814a38d2f08920720dc5b6007ac5""}",056767e1b8170f360fc87572b38cf1f79a561df8a35b67b5684c775febde5a4b
2,150,formal-v1__profile__daylight__cpu_compute__p050__r03,formal-v1,profile,not_applicable,pressure_profile,"[""daylight""]",daylight,[],,,cpu_compute,0.5,0.5,3,12387562896495085073,10,30,1,10,windows-rtx4060,0,0,grid_2x2,true,80,97d038c3fba55e8663b4a244a72f2c6af5e355cf1641eb229b1e93540dede9b9,5ed80cf2bad8dd330eb4d739a19a5dced2b18149,data/raw/safety-v2-s30/formal-v1/formal-v1__profile__daylight__cpu_compute__p050__r03,"{""daylight"":""games/pyxel/apps-src/30SecondsOfDaylight/src/main.py""}","{""daylight"":""21a365375249e9d7ea05e78dcfe040f09cc1f0c66bd410bae084190c743a028f""}",63c7777928b79f971d3c6966c2d9b15f4d073cf37598aafe0050f443191a6bcf
2,151,formal-v1__profile__daylight__memory_bandwidth__p075__r02,formal-v1,profile,not_applicable,pressure_profile,"[""daylight""]",daylight,[],,,memory_bandwidth,0.75,0.75,2,18177208471183568816,10,30,1,10,windows-rtx4060,0,0,grid_2x2,true,80,97d038c3fba55e8663b4a244a72f2c6af5e355cf1641eb229b1e93540dede9b9,5ed80cf2bad8dd330eb4d739a19a5dced2b18149,data/raw/safety-v2-s30/formal-v1/formal-v1__profile__daylight__memory_bandwidth__p075__r02,"{""daylight"":""games/pyxel/apps-src/30SecondsOfDaylight/src/main.py""}","{""daylight"":""21a365375249e9d7ea05e78dcfe040f09cc1f0c66bd410bae084190c743a028f""}",52dafa4522b202b2d56e543dfdd28d150e2b1bf295f922ac239cc77a75f0e7e4
2,152,formal-v1__colocation__pyxel_bubbles+pyxel_shooter__r02,formal-v1,colocation-main,train,colocation,"[""pyxel_bubbles"",""pyxel_shooter""]",pyxel_bubbles,"[""pyxel_shooter""]",pyxel_bubbles+pyxel_shooter,pyxel_bubbles+pyxel_shooter__r02,,,,2,9170896173043008947,10,30,1,10,windows-rtx4060,0,0,grid_2x2,true,80,97d038c3fba55e8663b4a244a72f2c6af5e355cf1641eb229b1e93540dede9b9,5ed80cf2bad8dd330eb4d739a19a5dced2b18149,data/raw/safety-v2-s30/formal-v1/formal-v1__colocation__pyxel_bubbles+pyxel_shooter__r02,"{""pyxel_bubbles"":""games/pyxel/06_click_game.py"",""pyxel_shooter"":""games/pyxel/09_shooter.py""}","{""pyxel_bubbles"":""54c101e90bdaed839ac4c4284494530d5df37a5819a35f1e41eebb0b3da5d900"",""pyxel_shooter"":""0f53e4156907eac41080a8f289e22c89365b3239517c754cf59a51af201d5563""}",1fec94e04e85427b3a35dc6af28c476d58d0df116affcedf0c81c6a074088afa
2,153,formal-v1__colocation__pyxel_bubbles+pyxel_jump+pyxel_platformer__r02,formal-v1,colocation-main,train,colocation,"[""pyxel_bubbles"",""pyxel_jump"",""pyxel_platformer""]",pyxel_bubbles,"[""pyxel_jump"",""pyxel_platformer""]",pyxel_bubbles+pyxel_jump+pyxel_platformer,pyxel_bubbles+pyxel_jump+pyxel_platformer__r02,,,,2,13936887509654102309,10,30,1,10,windows-rtx4060,0,0,grid_2x2,true,80,97d038c3fba55e8663b4a244a72f2c6af5e355cf1641eb229b1e93540dede9b9,5ed80cf2bad8dd330eb4d739a19a5dced2b18149,data/raw/safety-v2-s30/formal-v1/formal-v1__colocation__pyxel_bubbles+pyxel_jump+pyxel_platformer__r02,"{""pyxel_bubbles"":""games/pyxel/06_click_game.py"",""pyxel_jump"":""games/pyxel/02_jump_game.py"",""pyxel_platformer"":""games/pyxel/10_platformer.py""}","{""pyxel_bubbles"":""54c101e90bdaed839ac4c4284494530d5df37a5819a35f1e41eebb0b3da5d900"",""pyxel_jump"":""4743a825f1c9cae7e049ac52115f4ecf83350db546c00745a54af187d7bc2e46"",""pyxel_platformer"":""1b2c75b49dc9ab0254fb4b724682a4787868814a38d2f08920720dc5b6007ac5""}",bf2c04df30c5174998ce4229e360517b00997fabbb47273d7be150292dad1f9c
2,154,formal-v1__profile__pyxel_shooter__memory_bandwidth__p025__r03,formal-v1,profile,not_applicable,pressure_profile,"[""pyxel_shooter""]",pyxel_shooter,[],,,memory_bandwidth,0.25,0.25,3,10914938351648052910,10,30,1,10,windows-rtx4060,0,0,grid_2x2,true,80,97d038c3fba55e8663b4a244a72f2c6af5e355cf1641eb229b1e93540dede9b9,5ed80cf2bad8dd330eb4d739a19a5dced2b18149,data/raw/safety-v2-s30/formal-v1/formal-v1__profile__pyxel_shooter__memory_bandwidth__p025__r03,"{""pyxel_shooter"":""games/pyxel/09_shooter.py""}","{""pyxel_shooter"":""0f53e4156907eac41080a8f289e22c89365b3239517c754cf59a51af201d5563""}",c7b45ed7115a7b508dabd18db601f103d955e12c3ceff9307adb2326e154c3f4
2,155,formal-v1__profile__pyxel_shooter__cpu_compute__p050__r01,formal-v1,profile,not_applicable,pressure_profile,"[""pyxel_shooter""]",pyxel_shooter,[],,,cpu_compute,0.5,0.5,1,9540729588012271024,10,30,1,10,windows-rtx4060,0,0,grid_2x2,true,80,97d038c3fba55e8663b4a244a72f2c6af5e355cf1641eb229b1e93540dede9b9,5ed80cf2bad8dd330eb4d739a19a5dced2b18149,data/raw/safety-v2-s30/formal-v1/formal-v1__profile__pyxel_shooter__cpu_compute__p050__r01,"{""pyxel_shooter"":""games/pyxel/09_shooter.py""}","{""pyxel_shooter"":""0f53e4156907eac41080a8f289e22c89365b3239517c754cf59a51af201d5563""}",0dda5bbbbda0d08f614a340e13923dcf84b7e30ee39bc7209ecbc0c8ee8db8d3
2,156,formal-v1__colocation__mega_wing+pyxel_snake__r03,formal-v1,colocation-main,train,colocation,"[""mega_wing"",""pyxel_snake""]",mega_wing,"[""pyxel_snake""]",mega_wing+pyxel_snake,mega_wing+pyxel_snake__r03,,,,3,16135326234349536714,10,30,1,10,windows-rtx4060,0,0,grid_2x2,true,80,97d038c3fba55e8663b4a244a72f2c6af5e355cf1641eb229b1e93540dede9b9,5ed80cf2bad8dd330eb4d739a19a5dced2b18149,data/raw/safety-v2-s30/formal-v1/formal-v1__colocation__mega_wing+pyxel_snake__r03,"{""mega_wing"":""games/pyxel/apps-src/mega_wing/mega_wing.py"",""pyxel_snake"":""games/pyxel/07_snake.py""}","{""mega_wing"":""86bad6c02a303806c58137503739241dc6b1e86695f7c0dbf672b5e1a1464e9f"",""pyxel_snake"":""bc533fef92d1d358e570f69d979919fe5c1cd8c4da49841104b49a1e661a5ac3""}",fe47fde9029f0a91080460813ac22707beda642f98cdf6265011b5d9d227de37
2,157,formal-v1__profile__pyxel_jump__gpu_memory__p075__r01,formal-v1,profile,not_applicable,pressure_profile,"[""pyxel_jump""]",pyxel_jump,[],,,gpu_memory,0.75,0.75,1,3173274254080950911,10,30,1,10,windows-rtx4060,0,0,grid_2x2,true,80,97d038c3fba55e8663b4a244a72f2c6af5e355cf1641eb229b1e93540dede9b9,5ed80cf2bad8dd330eb4d739a19a5dced2b18149,data/raw/safety-v2-s30/formal-v1/formal-v1__profile__pyxel_jump__gpu_memory__p075__r01,"{""pyxel_jump"":""games/pyxel/02_jump_game.py""}","{""pyxel_jump"":""4743a825f1c9cae7e049ac52115f4ecf83350db546c00745a54af187d7bc2e46""}",d61a265f17fb460acaf22815c8d841d6725f6f5c6c604763a62a30405db12b68
2,158,formal-v1__profile__pyxel_jump__memory_bandwidth__p100__r03,formal-v1,profile,not_applicable,pressure_profile,"[""pyxel_jump""]",pyxel_jump,[],,,memory_bandwidth,1,1,3,17102201205914119896,10,30,1,10,windows-rtx4060,0,0,grid_2x2,true,80,97d038c3fba55e8663b4a244a72f2c6af5e355cf1641eb229b1e93540dede9b9,5ed80cf2bad8dd330eb4d739a19a5dced2b18149,data/raw/safety-v2-s30/formal-v1/formal-v1__profile__pyxel_jump__memory_bandwidth__p100__r03,"{""pyxel_jump"":""games/pyxel/02_jump_game.py""}","{""pyxel_jump"":""4743a825f1c9cae7e049ac52115f4ecf83350db546c00745a54af187d7bc2e46""}",74672f32fb7ec5da1db9e03677a77d540c634a767b690015eeaf2d83279a68a8
2,159,formal-v1__profile__pyxel_bubbles__gpu_memory__p000__r03,formal-v1,profile,not_applicable,pressure_profile,"[""pyxel_bubbles""]",pyxel_bubbles,[],,,gpu_memory,0,0,3,7908895358817579506,10,30,1,10,windows-rtx4060,0,0,grid_2x2,true,80,97d038c3fba55e8663b4a244a72f2c6af5e355cf1641eb229b1e93540dede9b9,5ed80cf2bad8dd330eb4d739a19a5dced2b18149,data/raw/safety-v2-s30/formal-v1/formal-v1__profile__pyxel_bubbles__gpu_memory__p000__r03,"{""pyxel_bubbles"":""games/pyxel/06_click_game.py""}","{""pyxel_bubbles"":""54c101e90bdaed839ac4c4284494530d5df37a5819a35f1e41eebb0b3da5d900""}",d63ba3105df9a6017b2bbefc64107db413e1024e53df6958f35be4142e31cf52
2,160,formal-v1__colocation__pyxel_bubbles+pyxel_jump__r01,formal-v1,colocation-main,train,colocation,"[""pyxel_bubbles"",""pyxel_jump""]",pyxel_bubbles,"[""pyxel_jump""]",pyxel_bubbles+pyxel_jump,pyxel_bubbles+pyxel_jump__r01,,,,1,15330020178810135891,10,30,1,10,windows-rtx4060,0,0,grid_2x2,true,80,97d038c3fba55e8663b4a244a72f2c6af5e355cf1641eb229b1e93540dede9b9,5ed80cf2bad8dd330eb4d739a19a5dced2b18149,data/raw/safety-v2-s30/formal-v1/formal-v1__colocation__pyxel_bubbles+pyxel_jump__r01,"{""pyxel_bubbles"":""games/pyxel/06_click_game.py"",""pyxel_jump"":""games/pyxel/02_jump_game.py""}","{""pyxel_bubbles"":""54c101e90bdaed839ac4c4284494530d5df37a5819a35f1e41eebb0b3da5d900"",""pyxel_jump"":""4743a825f1c9cae7e049ac52115f4ecf83350db546c00745a54af187d7bc2e46""}",2b6e265410651448a6350eeed994a98ab44cda2e496668567fb6e9f9909530fd
2,161,formal-v1__colocation__mega_wing+pyxel_jump__r02,formal-v1,colocation-main,test,colocation,"[""mega_wing"",""pyxel_jump""]",mega_wing,"[""pyxel_jump""]",mega_wing+pyxel_jump,mega_wing+pyxel_jump__r02,,,,2,7124216624875434605,10,30,1,10,windows-rtx4060,0,0,grid_2x2,true,80,97d038c3fba55e8663b4a244a72f2c6af5e355cf1641eb229b1e93540dede9b9,5ed80cf2bad8dd330eb4d739a19a5dced2b18149,data/raw/safety-v2-s30/formal-v1/formal-v1__colocation__mega_wing+pyxel_jump__r02,"{""mega_wing"":""games/pyxel/apps-src/mega_wing/mega_wing.py"",""pyxel_jump"":""games/pyxel/02_jump_game.py""}","{""mega_wing"":""86bad6c02a303806c58137503739241dc6b1e86695f7c0dbf672b5e1a1464e9f"",""pyxel_jump"":""4743a825f1c9cae7e049ac52115f4ecf83350db546c00745a54af187d7bc2e46""}",91a29092e478d3980bc8b6a98f24955a093c1978b9a6f1b9052833126ab447cd
2,162,formal-v1__profile__space_rescue__gpu_compute__p025__r01,formal-v1,profile,not_applicable,pressure_profile,"[""space_rescue""]",space_rescue,[],,,gpu_compute,0.25,0.0625,1,10899986719269573177,10,30,1,10,windows-rtx4060,0,0,grid_2x2,true,80,97d038c3fba55e8663b4a244a72f2c6af5e355cf1641eb229b1e93540dede9b9,5ed80cf2bad8dd330eb4d739a19a5dced2b18149,data/raw/safety-v2-s30/formal-v1/formal-v1__profile__space_rescue__gpu_compute__p025__r01,"{""space_rescue"":""games/pyxel/apps-src/space_rescue/space_rescue.py""}","{""space_rescue"":""f3b0ab6784ae558e64f06a3f0a704e53f107a130aa3d43357659d0850131e461""}",5d33bf149682f52ccf7adec915d8d7f8c7ffbb80ffb5d96cffd0c5333effeab7
2,163,formal-v1__extra__daylight+pyxel_platformer+pyxel_shooter+pyxel_snake__r02,formal-v1,colocation-extra-test,extra_test,extra_test,"[""daylight"",""pyxel_platformer"",""pyxel_shooter"",""pyxel_snake""]",daylight,"[""pyxel_platformer"",""pyxel_shooter"",""pyxel_snake""]",daylight+pyxel_platformer+pyxel_shooter+pyxel_snake,daylight+pyxel_platformer+pyxel_shooter+pyxel_snake__r02,,,,2,3906944403983349564,10,30,1,10,windows-rtx4060,0,0,grid_2x2,true,80,97d038c3fba55e8663b4a244a72f2c6af5e355cf1641eb229b1e93540dede9b9,5ed80cf2bad8dd330eb4d739a19a5dced2b18149,data/raw/safety-v2-s30/formal-v1/formal-v1__extra__daylight+pyxel_platformer+pyxel_shooter+pyxel_snake__r02,"{""daylight"":""games/pyxel/apps-src/30SecondsOfDaylight/src/main.py"",""pyxel_platformer"":""games/pyxel/10_platformer.py"",""pyxel_shooter"":""games/pyxel/09_shooter.py"",""pyxel_snake"":""games/pyxel/07_snake.py""}","{""daylight"":""21a365375249e9d7ea05e78dcfe040f09cc1f0c66bd410bae084190c743a028f"",""pyxel_platformer"":""1b2c75b49dc9ab0254fb4b724682a4787868814a38d2f08920720dc5b6007ac5"",""pyxel_shooter"":""0f53e4156907eac41080a8f289e22c89365b3239517c754cf59a51af201d5563"",""pyxel_snake"":""bc533fef92d1d358e570f69d979919fe5c1cd8c4da49841104b49a1e661a5ac3""}",44b089f8e096f6f3a1a6aeb0fcca7a9063a109771092a536c001d30eb35fd673
2,164,formal-v1__profile__pyxel_snake__cpu_compute__p100__r02,formal-v1,profile,not_applicable,pressure_profile,"[""pyxel_snake""]",pyxel_snake,[],,,cpu_compute,1,1,2,1006221223388191099,10,30,1,10,windows-rtx4060,0,0,grid_2x2,true,80,97d038c3fba55e8663b4a244a72f2c6af5e355cf1641eb229b1e93540dede9b9,5ed80cf2bad8dd330eb4d739a19a5dced2b18149,data/raw/safety-v2-s30/formal-v1/formal-v1__profile__pyxel_snake__cpu_compute__p100__r02,"{""pyxel_snake"":""games/pyxel/07_snake.py""}","{""pyxel_snake"":""bc533fef92d1d358e570f69d979919fe5c1cd8c4da49841104b49a1e661a5ac3""}",739439ebc755a1a616a26a4ad5a4c15f5b5d0ae7a3bbb8bf94489e20b9e591e4
2,165,formal-v1__solo__space_rescue__r01,formal-v1,solo,not_applicable,solo,"[""space_rescue""]",space_rescue,[],,,,,,1,9627262142379762492,10,30,1,10,windows-rtx4060,0,0,grid_2x2,true,80,97d038c3fba55e8663b4a244a72f2c6af5e355cf1641eb229b1e93540dede9b9,5ed80cf2bad8dd330eb4d739a19a5dced2b18149,data/raw/safety-v2-s30/formal-v1/formal-v1__solo__space_rescue__r01,"{""space_rescue"":""games/pyxel/apps-src/space_rescue/space_rescue.py""}","{""space_rescue"":""f3b0ab6784ae558e64f06a3f0a704e53f107a130aa3d43357659d0850131e461""}",08f91bc3e681b39c7c9e44ccdc17e43b8c84623d8177d2ca9bcfe5af5b6114db
2,166,formal-v1__profile__mega_wing__gpu_memory__p000__r02,formal-v1,profile,not_applicable,pressure_profile,"[""mega_wing""]",mega_wing,[],,,gpu_memory,0,0,2,10152017411217384541,10,30,1,10,windows-rtx4060,0,0,grid_2x2,true,80,97d038c3fba55e8663b4a244a72f2c6af5e355cf1641eb229b1e93540dede9b9,5ed80cf2bad8dd330eb4d739a19a5dced2b18149,data/raw/safety-v2-s30/formal-v1/formal-v1__profile__mega_wing__gpu_memory__p000__r02,"{""mega_wing"":""games/pyxel/apps-src/mega_wing/mega_wing.py""}","{""mega_wing"":""86bad6c02a303806c58137503739241dc6b1e86695f7c0dbf672b5e1a1464e9f""}",122cee85d8235b89fedb94de3b856d9e18ec73f853ba0cc4848dfe95e5df8886
2,167,formal-v1__profile__mega_wing__gpu_memory__p075__r02,formal-v1,profile,not_applicable,pressure_profile,"[""mega_wing""]",mega_wing,[],,,gpu_memory,0.75,0.75,2,4689379826498242451,10,30,1,10,windows-rtx4060,0,0,grid_2x2,true,80,97d038c3fba55e8663b4a244a72f2c6af5e355cf1641eb229b1e93540dede9b9,5ed80cf2bad8dd330eb4d739a19a5dced2b18149,data/raw/safety-v2-s30/formal-v1/formal-v1__profile__mega_wing__gpu_memory__p075__r02,"{""mega_wing"":""games/pyxel/apps-src/mega_wing/mega_wing.py""}","{""mega_wing"":""86bad6c02a303806c58137503739241dc6b1e86695f7c0dbf672b5e1a1464e9f""}",140a43a195d04dcfeb57c29cc59a8a7206a297b087547948cf97b352217c4ae5
2,168,formal-v1__profile__pyxel_snake__gpu_memory__p100__r01,formal-v1,profile,not_applicable,pressure_profile,"[""pyxel_snake""]",pyxel_snake,[],,,gpu_memory,1,1,1,2048519632776316076,10,30,1,10,windows-rtx4060,0,0,grid_2x2,true,80,97d038c3fba55e8663b4a244a72f2c6af5e355cf1641eb229b1e93540dede9b9,5ed80cf2bad8dd330eb4d739a19a5dced2b18149,data/raw/safety-v2-s30/formal-v1/formal-v1__profile__pyxel_snake__gpu_memory__p100__r01,"{""pyxel_snake"":""games/pyxel/07_snake.py""}","{""pyxel_snake"":""bc533fef92d1d358e570f69d979919fe5c1cd8c4da49841104b49a1e661a5ac3""}",c28899e46acd500604db9a346b3b58d8114d28cdc654f9914cf8f17edf3958d6
2,169,formal-v1__profile__pyxel_snake__memory_bandwidth__p000__r03,formal-v1,profile,not_applicable,pressure_profile,"[""pyxel_snake""]",pyxel_snake,[],,,memory_bandwidth,0,0,3,2310337829688302160,10,30,1,10,windows-rtx4060,0,0,grid_2x2,true,80,97d038c3fba55e8663b4a244a72f2c6af5e355cf1641eb229b1e93540dede9b9,5ed80cf2bad8dd330eb4d739a19a5dced2b18149,data/raw/safety-v2-s30/formal-v1/formal-v1__profile__pyxel_snake__memory_bandwidth__p000__r03,"{""pyxel_snake"":""games/pyxel/07_snake.py""}","{""pyxel_snake"":""bc533fef92d1d358e570f69d979919fe5c1cd8c4da49841104b49a1e661a5ac3""}",c845a86f8ea467e4edcba5dd010734441efc78f09e0bf1793412a73c017da48e
2,170,formal-v1__profile__daylight__gpu_memory__p050__r03,formal-v1,profile,not_applicable,pressure_profile,"[""daylight""]",daylight,[],,,gpu_memory,0.5,0.5,3,12782030619821350609,10,30,1,10,windows-rtx4060,0,0,grid_2x2,true,80,97d038c3fba55e8663b4a244a72f2c6af5e355cf1641eb229b1e93540dede9b9,5ed80cf2bad8dd330eb4d739a19a5dced2b18149,data/raw/safety-v2-s30/formal-v1/formal-v1__profile__daylight__gpu_memory__p050__r03,"{""daylight"":""games/pyxel/apps-src/30SecondsOfDaylight/src/main.py""}","{""daylight"":""21a365375249e9d7ea05e78dcfe040f09cc1f0c66bd410bae084190c743a028f""}",bde059d1885a820da9ee45c25e5efbbf00fddfa2202fd410ad406e8fc4d402ff
2,171,formal-v1__colocation__mega_wing+pyxel_platformer+space_rescue__r01,formal-v1,colocation-main,train,colocation,"[""mega_wing"",""pyxel_platformer"",""space_rescue""]",mega_wing,"[""pyxel_platformer"",""space_rescue""]",mega_wing+pyxel_platformer+space_rescue,mega_wing+pyxel_platformer+space_rescue__r01,,,,1,14177532899396249871,10,30,1,10,windows-rtx4060,0,0,grid_2x2,true,80,97d038c3fba55e8663b4a244a72f2c6af5e355cf1641eb229b1e93540dede9b9,5ed80cf2bad8dd330eb4d739a19a5dced2b18149,data/raw/safety-v2-s30/formal-v1/formal-v1__colocation__mega_wing+pyxel_platformer+space_rescue__r01,"{""mega_wing"":""games/pyxel/apps-src/mega_wing/mega_wing.py"",""pyxel_platformer"":""games/pyxel/10_platformer.py"",""space_rescue"":""games/pyxel/apps-src/space_rescue/space_rescue.py""}","{""mega_wing"":""86bad6c02a303806c58137503739241dc6b1e86695f7c0dbf672b5e1a1464e9f"",""pyxel_platformer"":""1b2c75b49dc9ab0254fb4b724682a4787868814a38d2f08920720dc5b6007ac5"",""space_rescue"":""f3b0ab6784ae558e64f06a3f0a704e53f107a130aa3d43357659d0850131e461""}",ecc4e45cc38976a24931f8f003dddc5b051715aaebc1951aafd6aea556912dc5
2,172,formal-v1__profile__pyxel_shooter__cpu_compute__p025__r01,formal-v1,profile,not_applicable,pressure_profile,"[""pyxel_shooter""]",pyxel_shooter,[],,,cpu_compute,0.25,0.25,1,9574682471250340492,10,30,1,10,windows-rtx4060,0,0,grid_2x2,true,80,97d038c3fba55e8663b4a244a72f2c6af5e355cf1641eb229b1e93540dede9b9,5ed80cf2bad8dd330eb4d739a19a5dced2b18149,data/raw/safety-v2-s30/formal-v1/formal-v1__profile__pyxel_shooter__cpu_compute__p025__r01,"{""pyxel_shooter"":""games/pyxel/09_shooter.py""}","{""pyxel_shooter"":""0f53e4156907eac41080a8f289e22c89365b3239517c754cf59a51af201d5563""}",91da93480e39bb572b5de75fe85077248b6ad445f2bf0448f6f2611f5135013b
2,173,formal-v1__profile__pyxel_bubbles__gpu_compute__p050__r01,formal-v1,profile,not_applicable,pressure_profile,"[""pyxel_bubbles""]",pyxel_bubbles,[],,,gpu_compute,0.5,0.125,1,5139342075278313235,10,30,1,10,windows-rtx4060,0,0,grid_2x2,true,80,97d038c3fba55e8663b4a244a72f2c6af5e355cf1641eb229b1e93540dede9b9,5ed80cf2bad8dd330eb4d739a19a5dced2b18149,data/raw/safety-v2-s30/formal-v1/formal-v1__profile__pyxel_bubbles__gpu_compute__p050__r01,"{""pyxel_bubbles"":""games/pyxel/06_click_game.py""}","{""pyxel_bubbles"":""54c101e90bdaed839ac4c4284494530d5df37a5819a35f1e41eebb0b3da5d900""}",454b3a43bb81407e4b84962944e9c88651672afe981eadaf431b7ef629492191
2,174,formal-v1__profile__pyxel_jump__cpu_compute__p100__r02,formal-v1,profile,not_applicable,pressure_profile,"[""pyxel_jump""]",pyxel_jump,[],,,cpu_compute,1,1,2,14087211046482751672,10,30,1,10,windows-rtx4060,0,0,grid_2x2,true,80,97d038c3fba55e8663b4a244a72f2c6af5e355cf1641eb229b1e93540dede9b9,5ed80cf2bad8dd330eb4d739a19a5dced2b18149,data/raw/safety-v2-s30/formal-v1/formal-v1__profile__pyxel_jump__cpu_compute__p100__r02,"{""pyxel_jump"":""games/pyxel/02_jump_game.py""}","{""pyxel_jump"":""4743a825f1c9cae7e049ac52115f4ecf83350db546c00745a54af187d7bc2e46""}",d441c792935758b4e2de54ceb2d57ad28354065e485b8c16133c0378ca4b3e6f
2,175,formal-v1__colocation__pyxel_bubbles+pyxel_jump__r02,formal-v1,colocation-main,train,colocation,"[""pyxel_bubbles"",""pyxel_jump""]",pyxel_bubbles,"[""pyxel_jump""]",pyxel_bubbles+pyxel_jump,pyxel_bubbles+pyxel_jump__r02,,,,2,4855025473587185934,10,30,1,10,windows-rtx4060,0,0,grid_2x2,true,80,97d038c3fba55e8663b4a244a72f2c6af5e355cf1641eb229b1e93540dede9b9,5ed80cf2bad8dd330eb4d739a19a5dced2b18149,data/raw/safety-v2-s30/formal-v1/formal-v1__colocation__pyxel_bubbles+pyxel_jump__r02,"{""pyxel_bubbles"":""games/pyxel/06_click_game.py"",""pyxel_jump"":""games/pyxel/02_jump_game.py""}","{""pyxel_bubbles"":""54c101e90bdaed839ac4c4284494530d5df37a5819a35f1e41eebb0b3da5d900"",""pyxel_jump"":""4743a825f1c9cae7e049ac52115f4ecf83350db546c00745a54af187d7bc2e46""}",1e17de02c2f2d23c0f18b515a3f774a582bbc97c6835e0670ad53d3ef6d7847d
2,176,formal-v1__profile__pyxel_platformer__gpu_compute__p075__r01,formal-v1,profile,not_applicable,pressure_profile,"[""pyxel_platformer""]",pyxel_platformer,[],,,gpu_compute,0.75,0.1875,1,13607664509007610844,10,30,1,10,windows-rtx4060,0,0,grid_2x2,true,80,97d038c3fba55e8663b4a244a72f2c6af5e355cf1641eb229b1e93540dede9b9,5ed80cf2bad8dd330eb4d739a19a5dced2b18149,data/raw/safety-v2-s30/formal-v1/formal-v1__profile__pyxel_platformer__gpu_compute__p075__r01,"{""pyxel_platformer"":""games/pyxel/10_platformer.py""}","{""pyxel_platformer"":""1b2c75b49dc9ab0254fb4b724682a4787868814a38d2f08920720dc5b6007ac5""}",8e593d6982dabdf4104fd7f6ce7ce3e6344c2a144540821d8e516f66b1e8d4ee
2,177,formal-v1__profile__space_rescue__gpu_memory__p000__r03,formal-v1,profile,not_applicable,pressure_profile,"[""space_rescue""]",space_rescue,[],,,gpu_memory,0,0,3,18044713557505367142,10,30,1,10,windows-rtx4060,0,0,grid_2x2,true,80,97d038c3fba55e8663b4a244a72f2c6af5e355cf1641eb229b1e93540dede9b9,5ed80cf2bad8dd330eb4d739a19a5dced2b18149,data/raw/safety-v2-s30/formal-v1/formal-v1__profile__space_rescue__gpu_memory__p000__r03,"{""space_rescue"":""games/pyxel/apps-src/space_rescue/space_rescue.py""}","{""space_rescue"":""f3b0ab6784ae558e64f06a3f0a704e53f107a130aa3d43357659d0850131e461""}",efdec0dcf2a1d658fc2bd53b483a57284e22022af42f10f04b4a8173540000eb
2,178,formal-v1__profile__pyxel_jump__cpu_compute__p000__r02,formal-v1,profile,not_applicable,pressure_profile,"[""pyxel_jump""]",pyxel_jump,[],,,cpu_compute,0,0,2,9978833903598729017,10,30,1,10,windows-rtx4060,0,0,grid_2x2,true,80,97d038c3fba55e8663b4a244a72f2c6af5e355cf1641eb229b1e93540dede9b9,5ed80cf2bad8dd330eb4d739a19a5dced2b18149,data/raw/safety-v2-s30/formal-v1/formal-v1__profile__pyxel_jump__cpu_compute__p000__r02,"{""pyxel_jump"":""games/pyxel/02_jump_game.py""}","{""pyxel_jump"":""4743a825f1c9cae7e049ac52115f4ecf83350db546c00745a54af187d7bc2e46""}",3e68d96842e9b96e88f159076c7fbb3de22a2fca439d26d19c1ad55e51ca4ade
2,179,formal-v1__profile__pyxel_shooter__gpu_compute__p025__r03,formal-v1,profile,not_applicable,pressure_profile,"[""pyxel_shooter""]",pyxel_shooter,[],,,gpu_compute,0.25,0.0625,3,2902515438736464585,10,30,1,10,windows-rtx4060,0,0,grid_2x2,true,80,97d038c3fba55e8663b4a244a72f2c6af5e355cf1641eb229b1e93540dede9b9,5ed80cf2bad8dd330eb4d739a19a5dced2b18149,data/raw/safety-v2-s30/formal-v1/formal-v1__profile__pyxel_shooter__gpu_compute__p025__r03,"{""pyxel_shooter"":""games/pyxel/09_shooter.py""}","{""pyxel_shooter"":""0f53e4156907eac41080a8f289e22c89365b3239517c754cf59a51af201d5563""}",b8dcf7266493baebceb9b5a414a267b736bd0025e8fd9a3ca94c2393332e7243
2,180,formal-v1__profile__space_rescue__gpu_memory__p025__r01,formal-v1,profile,not_applicable,pressure_profile,"[""space_rescue""]",space_rescue,[],,,gpu_memory,0.25,0.25,1,17784417464054324209,10,30,1,10,windows-rtx4060,0,0,grid_2x2,true,80,97d038c3fba55e8663b4a244a72f2c6af5e355cf1641eb229b1e93540dede9b9,5ed80cf2bad8dd330eb4d739a19a5dced2b18149,data/raw/safety-v2-s30/formal-v1/formal-v1__profile__space_rescue__gpu_memory__p025__r01,"{""space_rescue"":""games/pyxel/apps-src/space_rescue/space_rescue.py""}","{""space_rescue"":""f3b0ab6784ae558e64f06a3f0a704e53f107a130aa3d43357659d0850131e461""}",be1c8fcac1d234c45b1b0089d216682031baa9066060aa79b2023d5d32b1cef3
2,181,formal-v1__profile__mega_wing__memory_bandwidth__p050__r02,formal-v1,profile,not_applicable,pressure_profile,"[""mega_wing""]",mega_wing,[],,,memory_bandwidth,0.5,0.5,2,5735824969658018071,10,30,1,10,windows-rtx4060,0,0,grid_2x2,true,80,97d038c3fba55e8663b4a244a72f2c6af5e355cf1641eb229b1e93540dede9b9,5ed80cf2bad8dd330eb4d739a19a5dced2b18149,data/raw/safety-v2-s30/formal-v1/formal-v1__profile__mega_wing__memory_bandwidth__p050__r02,"{""mega_wing"":""games/pyxel/apps-src/mega_wing/mega_wing.py""}","{""mega_wing"":""86bad6c02a303806c58137503739241dc6b1e86695f7c0dbf672b5e1a1464e9f""}",ec51a1a53977fae5b44a47236f17c430ef68c9bdfcb07d4bf5201395ff51fae7
2,182,formal-v1__profile__pyxel_jump__gpu_compute__p000__r02,formal-v1,profile,not_applicable,pressure_profile,"[""pyxel_jump""]",pyxel_jump,[],,,gpu_compute,0,0,2,12926119996995319003,10,30,1,10,windows-rtx4060,0,0,grid_2x2,true,80,97d038c3fba55e8663b4a244a72f2c6af5e355cf1641eb229b1e93540dede9b9,5ed80cf2bad8dd330eb4d739a19a5dced2b18149,data/raw/safety-v2-s30/formal-v1/formal-v1__profile__pyxel_jump__gpu_compute__p000__r02,"{""pyxel_jump"":""games/pyxel/02_jump_game.py""}","{""pyxel_jump"":""4743a825f1c9cae7e049ac52115f4ecf83350db546c00745a54af187d7bc2e46""}",21a37dbe7b1e1fc1cf537b478beb6d983fc72bf782c348845e6fdf8eec563dd4
2,183,formal-v1__colocation__pyxel_shooter+pyxel_snake__r03,formal-v1,colocation-main,train,colocation,"[""pyxel_shooter"",""pyxel_snake""]",pyxel_shooter,"[""pyxel_snake""]",pyxel_shooter+pyxel_snake,pyxel_shooter+pyxel_snake__r03,,,,3,5833663211782969573,10,30,1,10,windows-rtx4060,0,0,grid_2x2,true,80,97d038c3fba55e8663b4a244a72f2c6af5e355cf1641eb229b1e93540dede9b9,5ed80cf2bad8dd330eb4d739a19a5dced2b18149,data/raw/safety-v2-s30/formal-v1/formal-v1__colocation__pyxel_shooter+pyxel_snake__r03,"{""pyxel_shooter"":""games/pyxel/09_shooter.py"",""pyxel_snake"":""games/pyxel/07_snake.py""}","{""pyxel_shooter"":""0f53e4156907eac41080a8f289e22c89365b3239517c754cf59a51af201d5563"",""pyxel_snake"":""bc533fef92d1d358e570f69d979919fe5c1cd8c4da49841104b49a1e661a5ac3""}",5f2d7297e7a6e869450751b01b225fd9695be00cf3e6107551c8e0ec3c270b67
2,184,formal-v1__profile__pyxel_jump__cpu_compute__p050__r03,formal-v1,profile,not_applicable,pressure_profile,"[""pyxel_jump""]",pyxel_jump,[],,,cpu_compute,0.5,0.5,3,5136358900465955613,10,30,1,10,windows-rtx4060,0,0,grid_2x2,true,80,97d038c3fba55e8663b4a244a72f2c6af5e355cf1641eb229b1e93540dede9b9,5ed80cf2bad8dd330eb4d739a19a5dced2b18149,data/raw/safety-v2-s30/formal-v1/formal-v1__profile__pyxel_jump__cpu_compute__p050__r03,"{""pyxel_jump"":""games/pyxel/02_jump_game.py""}","{""pyxel_jump"":""4743a825f1c9cae7e049ac52115f4ecf83350db546c00745a54af187d7bc2e46""}",5a2984a8c9da8ab497c78cd81c8b7309ed16e08f3c7a04b938f664f10325a595
2,185,formal-v1__colocation__mega_wing+pyxel_bubbles+pyxel_shooter__r02,formal-v1,colocation-main,train,colocation,"[""mega_wing"",""pyxel_bubbles"",""pyxel_shooter""]",mega_wing,"[""pyxel_bubbles"",""pyxel_shooter""]",mega_wing+pyxel_bubbles+pyxel_shooter,mega_wing+pyxel_bubbles+pyxel_shooter__r02,,,,2,17145521271227757646,10,30,1,10,windows-rtx4060,0,0,grid_2x2,true,80,97d038c3fba55e8663b4a244a72f2c6af5e355cf1641eb229b1e93540dede9b9,5ed80cf2bad8dd330eb4d739a19a5dced2b18149,data/raw/safety-v2-s30/formal-v1/formal-v1__colocation__mega_wing+pyxel_bubbles+pyxel_shooter__r02,"{""mega_wing"":""games/pyxel/apps-src/mega_wing/mega_wing.py"",""pyxel_bubbles"":""games/pyxel/06_click_game.py"",""pyxel_shooter"":""games/pyxel/09_shooter.py""}","{""mega_wing"":""86bad6c02a303806c58137503739241dc6b1e86695f7c0dbf672b5e1a1464e9f"",""pyxel_bubbles"":""54c101e90bdaed839ac4c4284494530d5df37a5819a35f1e41eebb0b3da5d900"",""pyxel_shooter"":""0f53e4156907eac41080a8f289e22c89365b3239517c754cf59a51af201d5563""}",7cc03f80cce58fcd733125276130748e8db0cc3a37a9d7084eda019abf079c1f
2,186,formal-v1__profile__daylight__gpu_memory__p050__r02,formal-v1,profile,not_applicable,pressure_profile,"[""daylight""]",daylight,[],,,gpu_memory,0.5,0.5,2,10827519359314299953,10,30,1,10,windows-rtx4060,0,0,grid_2x2,true,80,97d038c3fba55e8663b4a244a72f2c6af5e355cf1641eb229b1e93540dede9b9,5ed80cf2bad8dd330eb4d739a19a5dced2b18149,data/raw/safety-v2-s30/formal-v1/formal-v1__profile__daylight__gpu_memory__p050__r02,"{""daylight"":""games/pyxel/apps-src/30SecondsOfDaylight/src/main.py""}","{""daylight"":""21a365375249e9d7ea05e78dcfe040f09cc1f0c66bd410bae084190c743a028f""}",1e84fff4f12ef0b9c7a92c129df8cf1d1d9972082e5d71c593ca35b70fefdefd
2,187,formal-v1__profile__pyxel_snake__gpu_compute__p100__r02,formal-v1,profile,not_applicable,pressure_profile,"[""pyxel_snake""]",pyxel_snake,[],,,gpu_compute,1,0.25,2,14083140115922923076,10,30,1,10,windows-rtx4060,0,0,grid_2x2,true,80,97d038c3fba55e8663b4a244a72f2c6af5e355cf1641eb229b1e93540dede9b9,5ed80cf2bad8dd330eb4d739a19a5dced2b18149,data/raw/safety-v2-s30/formal-v1/formal-v1__profile__pyxel_snake__gpu_compute__p100__r02,"{""pyxel_snake"":""games/pyxel/07_snake.py""}","{""pyxel_snake"":""bc533fef92d1d358e570f69d979919fe5c1cd8c4da49841104b49a1e661a5ac3""}",fb5de92c0e7a392b84747ed8979770c550ed33ff962cc6158213bfbeef2663a4
2,188,formal-v1__colocation__mega_wing+pyxel_platformer+space_rescue__r03,formal-v1,colocation-main,train,colocation,"[""mega_wing"",""pyxel_platformer"",""space_rescue""]",mega_wing,"[""pyxel_platformer"",""space_rescue""]",mega_wing+pyxel_platformer+space_rescue,mega_wing+pyxel_platformer+space_rescue__r03,,,,3,7256825349866931314,10,30,1,10,windows-rtx4060,0,0,grid_2x2,true,80,97d038c3fba55e8663b4a244a72f2c6af5e355cf1641eb229b1e93540dede9b9,5ed80cf2bad8dd330eb4d739a19a5dced2b18149,data/raw/safety-v2-s30/formal-v1/formal-v1__colocation__mega_wing+pyxel_platformer+space_rescue__r03,"{""mega_wing"":""games/pyxel/apps-src/mega_wing/mega_wing.py"",""pyxel_platformer"":""games/pyxel/10_platformer.py"",""space_rescue"":""games/pyxel/apps-src/space_rescue/space_rescue.py""}","{""mega_wing"":""86bad6c02a303806c58137503739241dc6b1e86695f7c0dbf672b5e1a1464e9f"",""pyxel_platformer"":""1b2c75b49dc9ab0254fb4b724682a4787868814a38d2f08920720dc5b6007ac5"",""space_rescue"":""f3b0ab6784ae558e64f06a3f0a704e53f107a130aa3d43357659d0850131e461""}",306b372d3ec3de53ccb61b9e2352c203d23f17ea4f3fd290396d510cc2969530
2,189,formal-v1__profile__pyxel_platformer__memory_bandwidth__p000__r03,formal-v1,profile,not_applicable,pressure_profile,"[""pyxel_platformer""]",pyxel_platformer,[],,,memory_bandwidth,0,0,3,6322913326508209738,10,30,1,10,windows-rtx4060,0,0,grid_2x2,true,80,97d038c3fba55e8663b4a244a72f2c6af5e355cf1641eb229b1e93540dede9b9,5ed80cf2bad8dd330eb4d739a19a5dced2b18149,data/raw/safety-v2-s30/formal-v1/formal-v1__profile__pyxel_platformer__memory_bandwidth__p000__r03,"{""pyxel_platformer"":""games/pyxel/10_platformer.py""}","{""pyxel_platformer"":""1b2c75b49dc9ab0254fb4b724682a4787868814a38d2f08920720dc5b6007ac5""}",889d445a6e2f97a192e00fd8dc5e03cb1ccc970c664167b6bdc1c2e37984485d
2,190,formal-v1__profile__space_rescue__gpu_memory__p050__r02,formal-v1,profile,not_applicable,pressure_profile,"[""space_rescue""]",space_rescue,[],,,gpu_memory,0.5,0.5,2,15557360799199876318,10,30,1,10,windows-rtx4060,0,0,grid_2x2,true,80,97d038c3fba55e8663b4a244a72f2c6af5e355cf1641eb229b1e93540dede9b9,5ed80cf2bad8dd330eb4d739a19a5dced2b18149,data/raw/safety-v2-s30/formal-v1/formal-v1__profile__space_rescue__gpu_memory__p050__r02,"{""space_rescue"":""games/pyxel/apps-src/space_rescue/space_rescue.py""}","{""space_rescue"":""f3b0ab6784ae558e64f06a3f0a704e53f107a130aa3d43357659d0850131e461""}",872c0a81191616f6761396a37f9b0ab44c3eda4f8582bdd3b939c737d007ca78
2,191,formal-v1__profile__pyxel_bubbles__cpu_compute__p000__r01,formal-v1,profile,not_applicable,pressure_profile,"[""pyxel_bubbles""]",pyxel_bubbles,[],,,cpu_compute,0,0,1,8923090128249884865,10,30,1,10,windows-rtx4060,0,0,grid_2x2,true,80,97d038c3fba55e8663b4a244a72f2c6af5e355cf1641eb229b1e93540dede9b9,5ed80cf2bad8dd330eb4d739a19a5dced2b18149,data/raw/safety-v2-s30/formal-v1/formal-v1__profile__pyxel_bubbles__cpu_compute__p000__r01,"{""pyxel_bubbles"":""games/pyxel/06_click_game.py""}","{""pyxel_bubbles"":""54c101e90bdaed839ac4c4284494530d5df37a5819a35f1e41eebb0b3da5d900""}",293177674727cb08a2d8712da34ddb445453477ea4f7940ab5b38f30365856ff
2,192,formal-v1__profile__pyxel_snake__memory_bandwidth__p025__r02,formal-v1,profile,not_applicable,pressure_profile,"[""pyxel_snake""]",pyxel_snake,[],,,memory_bandwidth,0.25,0.25,2,5009708746039831809,10,30,1,10,windows-rtx4060,0,0,grid_2x2,true,80,97d038c3fba55e8663b4a244a72f2c6af5e355cf1641eb229b1e93540dede9b9,5ed80cf2bad8dd330eb4d739a19a5dced2b18149,data/raw/safety-v2-s30/formal-v1/formal-v1__profile__pyxel_snake__memory_bandwidth__p025__r02,"{""pyxel_snake"":""games/pyxel/07_snake.py""}","{""pyxel_snake"":""bc533fef92d1d358e570f69d979919fe5c1cd8c4da49841104b49a1e661a5ac3""}",11d89c46ccc825b5cd774c05a6941670cda29c8bb59e4339616e0c3e9d78742a
2,193,formal-v1__profile__pyxel_snake__cpu_compute__p100__r03,formal-v1,profile,not_applicable,pressure_profile,"[""pyxel_snake""]",pyxel_snake,[],,,cpu_compute,1,1,3,17696118596037803281,10,30,1,10,windows-rtx4060,0,0,grid_2x2,true,80,97d038c3fba55e8663b4a244a72f2c6af5e355cf1641eb229b1e93540dede9b9,5ed80cf2bad8dd330eb4d739a19a5dced2b18149,data/raw/safety-v2-s30/formal-v1/formal-v1__profile__pyxel_snake__cpu_compute__p100__r03,"{""pyxel_snake"":""games/pyxel/07_snake.py""}","{""pyxel_snake"":""bc533fef92d1d358e570f69d979919fe5c1cd8c4da49841104b49a1e661a5ac3""}",c665e179f66c2646ea6d5759a708c50927f01c2a92b0ade683d3d444d3c8fba9
2,194,formal-v1__colocation__daylight+mega_wing+pyxel_snake__r01,formal-v1,colocation-main,train,colocation,"[""daylight"",""mega_wing"",""pyxel_snake""]",daylight,"[""mega_wing"",""pyxel_snake""]",daylight+mega_wing+pyxel_snake,daylight+mega_wing+pyxel_snake__r01,,,,1,3683215363547589313,10,30,1,10,windows-rtx4060,0,0,grid_2x2,true,80,97d038c3fba55e8663b4a244a72f2c6af5e355cf1641eb229b1e93540dede9b9,5ed80cf2bad8dd330eb4d739a19a5dced2b18149,data/raw/safety-v2-s30/formal-v1/formal-v1__colocation__daylight+mega_wing+pyxel_snake__r01,"{""daylight"":""games/pyxel/apps-src/30SecondsOfDaylight/src/main.py"",""mega_wing"":""games/pyxel/apps-src/mega_wing/mega_wing.py"",""pyxel_snake"":""games/pyxel/07_snake.py""}","{""daylight"":""21a365375249e9d7ea05e78dcfe040f09cc1f0c66bd410bae084190c743a028f"",""mega_wing"":""86bad6c02a303806c58137503739241dc6b1e86695f7c0dbf672b5e1a1464e9f"",""pyxel_snake"":""bc533fef92d1d358e570f69d979919fe5c1cd8c4da49841104b49a1e661a5ac3""}",49632f91b24c7cd6926965077b3682313d0b8fb68eaf752b98daf6cd994ddfdb
2,195,formal-v1__colocation__mega_wing+pyxel_bubbles+pyxel_shooter__r03,formal-v1,colocation-main,train,colocation,"[""mega_wing"",""pyxel_bubbles"",""pyxel_shooter""]",mega_wing,"[""pyxel_bubbles"",""pyxel_shooter""]",mega_wing+pyxel_bubbles+pyxel_shooter,mega_wing+pyxel_bubbles+pyxel_shooter__r03,,,,3,1046086840173876320,10,30,1,10,windows-rtx4060,0,0,grid_2x2,true,80,97d038c3fba55e8663b4a244a72f2c6af5e355cf1641eb229b1e93540dede9b9,5ed80cf2bad8dd330eb4d739a19a5dced2b18149,data/raw/safety-v2-s30/formal-v1/formal-v1__colocation__mega_wing+pyxel_bubbles+pyxel_shooter__r03,"{""mega_wing"":""games/pyxel/apps-src/mega_wing/mega_wing.py"",""pyxel_bubbles"":""games/pyxel/06_click_game.py"",""pyxel_shooter"":""games/pyxel/09_shooter.py""}","{""mega_wing"":""86bad6c02a303806c58137503739241dc6b1e86695f7c0dbf672b5e1a1464e9f"",""pyxel_bubbles"":""54c101e90bdaed839ac4c4284494530d5df37a5819a35f1e41eebb0b3da5d900"",""pyxel_shooter"":""0f53e4156907eac41080a8f289e22c89365b3239517c754cf59a51af201d5563""}",cafa62d1fd18e0dbd60aee1be2d9bf3a8b4177fd44e1e6be072950739c48c34a
2,196,formal-v1__profile__pyxel_bubbles__gpu_memory__p100__r02,formal-v1,profile,not_applicable,pressure_profile,"[""pyxel_bubbles""]",pyxel_bubbles,[],,,gpu_memory,1,1,2,16358609386470069171,10,30,1,10,windows-rtx4060,0,0,grid_2x2,true,80,97d038c3fba55e8663b4a244a72f2c6af5e355cf1641eb229b1e93540dede9b9,5ed80cf2bad8dd330eb4d739a19a5dced2b18149,data/raw/safety-v2-s30/formal-v1/formal-v1__profile__pyxel_bubbles__gpu_memory__p100__r02,"{""pyxel_bubbles"":""games/pyxel/06_click_game.py""}","{""pyxel_bubbles"":""54c101e90bdaed839ac4c4284494530d5df37a5819a35f1e41eebb0b3da5d900""}",23ade9323fe716427d96c3bff6ecf3fafad288c85388f07f997509d7a1f54188
2,197,formal-v1__profile__pyxel_snake__gpu_memory__p075__r02,formal-v1,profile,not_applicable,pressure_profile,"[""pyxel_snake""]",pyxel_snake,[],,,gpu_memory,0.75,0.75,2,7038884185157057215,10,30,1,10,windows-rtx4060,0,0,grid_2x2,true,80,97d038c3fba55e8663b4a244a72f2c6af5e355cf1641eb229b1e93540dede9b9,5ed80cf2bad8dd330eb4d739a19a5dced2b18149,data/raw/safety-v2-s30/formal-v1/formal-v1__profile__pyxel_snake__gpu_memory__p075__r02,"{""pyxel_snake"":""games/pyxel/07_snake.py""}","{""pyxel_snake"":""bc533fef92d1d358e570f69d979919fe5c1cd8c4da49841104b49a1e661a5ac3""}",3aec00b6ef752527e0a644addf9e9583b9bd37a4afb0d832e9b086798df613ad
2,198,formal-v1__profile__pyxel_bubbles__memory_bandwidth__p075__r02,formal-v1,profile,not_applicable,pressure_profile,"[""pyxel_bubbles""]",pyxel_bubbles,[],,,memory_bandwidth,0.75,0.75,2,18365959350671161203,10,30,1,10,windows-rtx4060,0,0,grid_2x2,true,80,97d038c3fba55e8663b4a244a72f2c6af5e355cf1641eb229b1e93540dede9b9,5ed80cf2bad8dd330eb4d739a19a5dced2b18149,data/raw/safety-v2-s30/formal-v1/formal-v1__profile__pyxel_bubbles__memory_bandwidth__p075__r02,"{""pyxel_bubbles"":""games/pyxel/06_click_game.py""}","{""pyxel_bubbles"":""54c101e90bdaed839ac4c4284494530d5df37a5819a35f1e41eebb0b3da5d900""}",37163b69d7f7856f90ac504b524a22ab12aa7d4f03297b199105b858b15fad68
2,199,formal-v1__profile__space_rescue__memory_bandwidth__p025__r01,formal-v1,profile,not_applicable,pressure_profile,"[""space_rescue""]",space_rescue,[],,,memory_bandwidth,0.25,0.25,1,9674058341181178622,10,30,1,10,windows-rtx4060,0,0,grid_2x2,true,80,97d038c3fba55e8663b4a244a72f2c6af5e355cf1641eb229b1e93540dede9b9,5ed80cf2bad8dd330eb4d739a19a5dced2b18149,data/raw/safety-v2-s30/formal-v1/formal-v1__profile__space_rescue__memory_bandwidth__p025__r01,"{""space_rescue"":""games/pyxel/apps-src/space_rescue/space_rescue.py""}","{""space_rescue"":""f3b0ab6784ae558e64f06a3f0a704e53f107a130aa3d43357659d0850131e461""}",ff471ef5d81a5b6c9d1235c7b414c572001fd384fb482b89ed3ce83ac322aea7
2,200,formal-v1__colocation__daylight+space_rescue__r03,formal-v1,colocation-main,test,colocation,"[""daylight"",""space_rescue""]",daylight,"[""space_rescue""]",daylight+space_rescue,daylight+space_rescue__r03,,,,3,6596288018360110466,10,30,1,10,windows-rtx4060,0,0,grid_2x2,true,80,97d038c3fba55e8663b4a244a72f2c6af5e355cf1641eb229b1e93540dede9b9,5ed80cf2bad8dd330eb4d739a19a5dced2b18149,data/raw/safety-v2-s30/formal-v1/formal-v1__colocation__daylight+space_rescue__r03,"{""daylight"":""games/pyxel/apps-src/30SecondsOfDaylight/src/main.py"",""space_rescue"":""games/pyxel/apps-src/space_rescue/space_rescue.py""}","{""daylight"":""21a365375249e9d7ea05e78dcfe040f09cc1f0c66bd410bae084190c743a028f"",""space_rescue"":""f3b0ab6784ae558e64f06a3f0a704e53f107a130aa3d43357659d0850131e461""}",7c7af0603477bd767416527fef56b6545d8b8db1c2b13800662a8a71e1a1c187
2,201,formal-v1__profile__mega_wing__cpu_compute__p075__r02,formal-v1,profile,not_applicable,pressure_profile,"[""mega_wing""]",mega_wing,[],,,cpu_compute,0.75,0.75,2,8924812853693858564,10,30,1,10,windows-rtx4060,0,0,grid_2x2,true,80,97d038c3fba55e8663b4a244a72f2c6af5e355cf1641eb229b1e93540dede9b9,5ed80cf2bad8dd330eb4d739a19a5dced2b18149,data/raw/safety-v2-s30/formal-v1/formal-v1__profile__mega_wing__cpu_compute__p075__r02,"{""mega_wing"":""games/pyxel/apps-src/mega_wing/mega_wing.py""}","{""mega_wing"":""86bad6c02a303806c58137503739241dc6b1e86695f7c0dbf672b5e1a1464e9f""}",090f4bc2b32a01af9c18978eb31efe6323c10e9b3b6653b3595b078b2463ea88
2,202,formal-v1__profile__mega_wing__gpu_memory__p025__r02,formal-v1,profile,not_applicable,pressure_profile,"[""mega_wing""]",mega_wing,[],,,gpu_memory,0.25,0.25,2,15286201795705039773,10,30,1,10,windows-rtx4060,0,0,grid_2x2,true,80,97d038c3fba55e8663b4a244a72f2c6af5e355cf1641eb229b1e93540dede9b9,5ed80cf2bad8dd330eb4d739a19a5dced2b18149,data/raw/safety-v2-s30/formal-v1/formal-v1__profile__mega_wing__gpu_memory__p025__r02,"{""mega_wing"":""games/pyxel/apps-src/mega_wing/mega_wing.py""}","{""mega_wing"":""86bad6c02a303806c58137503739241dc6b1e86695f7c0dbf672b5e1a1464e9f""}",881a83a4addec6efd72616e8c8016cb5e878e3d75dc362f999a36ac3ee1335ee
2,203,formal-v1__profile__daylight__cpu_compute__p050__r01,formal-v1,profile,not_applicable,pressure_profile,"[""daylight""]",daylight,[],,,cpu_compute,0.5,0.5,1,8456575979892902049,10,30,1,10,windows-rtx4060,0,0,grid_2x2,true,80,97d038c3fba55e8663b4a244a72f2c6af5e355cf1641eb229b1e93540dede9b9,5ed80cf2bad8dd330eb4d739a19a5dced2b18149,data/raw/safety-v2-s30/formal-v1/formal-v1__profile__daylight__cpu_compute__p050__r01,"{""daylight"":""games/pyxel/apps-src/30SecondsOfDaylight/src/main.py""}","{""daylight"":""21a365375249e9d7ea05e78dcfe040f09cc1f0c66bd410bae084190c743a028f""}",15bed5545dbd7050c66a1857f0c0394cc7f8b9b90110bb396b9c1b1d998c43e1
2,204,formal-v1__profile__pyxel_shooter__gpu_compute__p100__r02,formal-v1,profile,not_applicable,pressure_profile,"[""pyxel_shooter""]",pyxel_shooter,[],,,gpu_compute,1,0.25,2,8216147765885794096,10,30,1,10,windows-rtx4060,0,0,grid_2x2,true,80,97d038c3fba55e8663b4a244a72f2c6af5e355cf1641eb229b1e93540dede9b9,5ed80cf2bad8dd330eb4d739a19a5dced2b18149,data/raw/safety-v2-s30/formal-v1/formal-v1__profile__pyxel_shooter__gpu_compute__p100__r02,"{""pyxel_shooter"":""games/pyxel/09_shooter.py""}","{""pyxel_shooter"":""0f53e4156907eac41080a8f289e22c89365b3239517c754cf59a51af201d5563""}",535d40bc6214033d1e8fa48796625f2f8aee4866484b758bedc49994bb8916d2
2,205,formal-v1__colocation__pyxel_jump+space_rescue__r01,formal-v1,colocation-main,train,colocation,"[""pyxel_jump"",""space_rescue""]",pyxel_jump,"[""space_rescue""]",pyxel_jump+space_rescue,pyxel_jump+space_rescue__r01,,,,1,6392386723247648102,10,30,1,10,windows-rtx4060,0,0,grid_2x2,true,80,97d038c3fba55e8663b4a244a72f2c6af5e355cf1641eb229b1e93540dede9b9,5ed80cf2bad8dd330eb4d739a19a5dced2b18149,data/raw/safety-v2-s30/formal-v1/formal-v1__colocation__pyxel_jump+space_rescue__r01,"{""pyxel_jump"":""games/pyxel/02_jump_game.py"",""space_rescue"":""games/pyxel/apps-src/space_rescue/space_rescue.py""}","{""pyxel_jump"":""4743a825f1c9cae7e049ac52115f4ecf83350db546c00745a54af187d7bc2e46"",""space_rescue"":""f3b0ab6784ae558e64f06a3f0a704e53f107a130aa3d43357659d0850131e461""}",e3918d1db7c029767f19162a65cfe3a43c5afdb668d1ef05a53fdfa3ca4cf3ea
2,206,formal-v1__colocation__pyxel_jump+space_rescue__r03,formal-v1,colocation-main,train,colocation,"[""pyxel_jump"",""space_rescue""]",pyxel_jump,"[""space_rescue""]",pyxel_jump+space_rescue,pyxel_jump+space_rescue__r03,,,,3,15646512563815329766,10,30,1,10,windows-rtx4060,0,0,grid_2x2,true,80,97d038c3fba55e8663b4a244a72f2c6af5e355cf1641eb229b1e93540dede9b9,5ed80cf2bad8dd330eb4d739a19a5dced2b18149,data/raw/safety-v2-s30/formal-v1/formal-v1__colocation__pyxel_jump+space_rescue__r03,"{""pyxel_jump"":""games/pyxel/02_jump_game.py"",""space_rescue"":""games/pyxel/apps-src/space_rescue/space_rescue.py""}","{""pyxel_jump"":""4743a825f1c9cae7e049ac52115f4ecf83350db546c00745a54af187d7bc2e46"",""space_rescue"":""f3b0ab6784ae558e64f06a3f0a704e53f107a130aa3d43357659d0850131e461""}",92b3c2b78d3bfc02aa121ca23a9cb4c60d736b557fc739174b4d151e4353aaa8
2,207,formal-v1__profile__space_rescue__gpu_compute__p050__r01,formal-v1,profile,not_applicable,pressure_profile,"[""space_rescue""]",space_rescue,[],,,gpu_compute,0.5,0.125,1,5411410955068556850,10,30,1,10,windows-rtx4060,0,0,grid_2x2,true,80,97d038c3fba55e8663b4a244a72f2c6af5e355cf1641eb229b1e93540dede9b9,5ed80cf2bad8dd330eb4d739a19a5dced2b18149,data/raw/safety-v2-s30/formal-v1/formal-v1__profile__space_rescue__gpu_compute__p050__r01,"{""space_rescue"":""games/pyxel/apps-src/space_rescue/space_rescue.py""}","{""space_rescue"":""f3b0ab6784ae558e64f06a3f0a704e53f107a130aa3d43357659d0850131e461""}",cc77844d30f8f043a92a3881492f9f98ac0e5fb6a4466ee50aeabca6f50b6f76
2,208,formal-v1__profile__space_rescue__cpu_compute__p025__r02,formal-v1,profile,not_applicable,pressure_profile,"[""space_rescue""]",space_rescue,[],,,cpu_compute,0.25,0.25,2,7374626246074993586,10,30,1,10,windows-rtx4060,0,0,grid_2x2,true,80,97d038c3fba55e8663b4a244a72f2c6af5e355cf1641eb229b1e93540dede9b9,5ed80cf2bad8dd330eb4d739a19a5dced2b18149,data/raw/safety-v2-s30/formal-v1/formal-v1__profile__space_rescue__cpu_compute__p025__r02,"{""space_rescue"":""games/pyxel/apps-src/space_rescue/space_rescue.py""}","{""space_rescue"":""f3b0ab6784ae558e64f06a3f0a704e53f107a130aa3d43357659d0850131e461""}",d1a3cbe3bc8857753c0d18a6a9689c62a0948483a5193b4930a6a401eacd1841
2,209,formal-v1__colocation__pyxel_bubbles+space_rescue__r01,formal-v1,colocation-main,train,colocation,"[""pyxel_bubbles"",""space_rescue""]",pyxel_bubbles,"[""space_rescue""]",pyxel_bubbles+space_rescue,pyxel_bubbles+space_rescue__r01,,,,1,16246424883467677436,10,30,1,10,windows-rtx4060,0,0,grid_2x2,true,80,97d038c3fba55e8663b4a244a72f2c6af5e355cf1641eb229b1e93540dede9b9,5ed80cf2bad8dd330eb4d739a19a5dced2b18149,data/raw/safety-v2-s30/formal-v1/formal-v1__colocation__pyxel_bubbles+space_rescue__r01,"{""pyxel_bubbles"":""games/pyxel/06_click_game.py"",""space_rescue"":""games/pyxel/apps-src/space_rescue/space_rescue.py""}","{""pyxel_bubbles"":""54c101e90bdaed839ac4c4284494530d5df37a5819a35f1e41eebb0b3da5d900"",""space_rescue"":""f3b0ab6784ae558e64f06a3f0a704e53f107a130aa3d43357659d0850131e461""}",4a92427ef4e3044eb3d05688fa045c6f2cae5e75a27536daedea6e0379093912
2,210,formal-v1__profile__pyxel_bubbles__memory_bandwidth__p050__r01,formal-v1,profile,not_applicable,pressure_profile,"[""pyxel_bubbles""]",pyxel_bubbles,[],,,memory_bandwidth,0.5,0.5,1,17768249687107614157,10,30,1,10,windows-rtx4060,0,0,grid_2x2,true,80,97d038c3fba55e8663b4a244a72f2c6af5e355cf1641eb229b1e93540dede9b9,5ed80cf2bad8dd330eb4d739a19a5dced2b18149,data/raw/safety-v2-s30/formal-v1/formal-v1__profile__pyxel_bubbles__memory_bandwidth__p050__r01,"{""pyxel_bubbles"":""games/pyxel/06_click_game.py""}","{""pyxel_bubbles"":""54c101e90bdaed839ac4c4284494530d5df37a5819a35f1e41eebb0b3da5d900""}",573cf7ff479128be79a3b1745ba3175807626c74224a3711364f1cd86da38694
2,211,formal-v1__profile__mega_wing__memory_bandwidth__p025__r01,formal-v1,profile,not_applicable,pressure_profile,"[""mega_wing""]",mega_wing,[],,,memory_bandwidth,0.25,0.25,1,13211999645521036726,10,30,1,10,windows-rtx4060,0,0,grid_2x2,true,80,97d038c3fba55e8663b4a244a72f2c6af5e355cf1641eb229b1e93540dede9b9,5ed80cf2bad8dd330eb4d739a19a5dced2b18149,data/raw/safety-v2-s30/formal-v1/formal-v1__profile__mega_wing__memory_bandwidth__p025__r01,"{""mega_wing"":""games/pyxel/apps-src/mega_wing/mega_wing.py""}","{""mega_wing"":""86bad6c02a303806c58137503739241dc6b1e86695f7c0dbf672b5e1a1464e9f""}",d046d61fefad28daac87060c6fab0e6082dd470fe42db3f16dc937e4d5e352f5
2,212,formal-v1__colocation__pyxel_bubbles+pyxel_jump+pyxel_snake__r01,formal-v1,colocation-main,train,colocation,"[""pyxel_bubbles"",""pyxel_jump"",""pyxel_snake""]",pyxel_bubbles,"[""pyxel_jump"",""pyxel_snake""]",pyxel_bubbles+pyxel_jump+pyxel_snake,pyxel_bubbles+pyxel_jump+pyxel_snake__r01,,,,1,10652256037132298761,10,30,1,10,windows-rtx4060,0,0,grid_2x2,true,80,97d038c3fba55e8663b4a244a72f2c6af5e355cf1641eb229b1e93540dede9b9,5ed80cf2bad8dd330eb4d739a19a5dced2b18149,data/raw/safety-v2-s30/formal-v1/formal-v1__colocation__pyxel_bubbles+pyxel_jump+pyxel_snake__r01,"{""pyxel_bubbles"":""games/pyxel/06_click_game.py"",""pyxel_jump"":""games/pyxel/02_jump_game.py"",""pyxel_snake"":""games/pyxel/07_snake.py""}","{""pyxel_bubbles"":""54c101e90bdaed839ac4c4284494530d5df37a5819a35f1e41eebb0b3da5d900"",""pyxel_jump"":""4743a825f1c9cae7e049ac52115f4ecf83350db546c00745a54af187d7bc2e46"",""pyxel_snake"":""bc533fef92d1d358e570f69d979919fe5c1cd8c4da49841104b49a1e661a5ac3""}",5ef7a7e6919defbba8713633b69ab0926c23be06eb5bdeee6350131bd9b742e4
2,213,formal-v1__profile__pyxel_snake__memory_bandwidth__p100__r02,formal-v1,profile,not_applicable,pressure_profile,"[""pyxel_snake""]",pyxel_snake,[],,,memory_bandwidth,1,1,2,12887450220985787540,10,30,1,10,windows-rtx4060,0,0,grid_2x2,true,80,97d038c3fba55e8663b4a244a72f2c6af5e355cf1641eb229b1e93540dede9b9,5ed80cf2bad8dd330eb4d739a19a5dced2b18149,data/raw/safety-v2-s30/formal-v1/formal-v1__profile__pyxel_snake__memory_bandwidth__p100__r02,"{""pyxel_snake"":""games/pyxel/07_snake.py""}","{""pyxel_snake"":""bc533fef92d1d358e570f69d979919fe5c1cd8c4da49841104b49a1e661a5ac3""}",97673c41c8af85dfe8bf063be70ee465352380420d640eaebb2bb99e260e9bdf
2,214,formal-v1__profile__pyxel_platformer__gpu_memory__p050__r02,formal-v1,profile,not_applicable,pressure_profile,"[""pyxel_platformer""]",pyxel_platformer,[],,,gpu_memory,0.5,0.5,2,13683777296560864320,10,30,1,10,windows-rtx4060,0,0,grid_2x2,true,80,97d038c3fba55e8663b4a244a72f2c6af5e355cf1641eb229b1e93540dede9b9,5ed80cf2bad8dd330eb4d739a19a5dced2b18149,data/raw/safety-v2-s30/formal-v1/formal-v1__profile__pyxel_platformer__gpu_memory__p050__r02,"{""pyxel_platformer"":""games/pyxel/10_platformer.py""}","{""pyxel_platformer"":""1b2c75b49dc9ab0254fb4b724682a4787868814a38d2f08920720dc5b6007ac5""}",8cccd18156db4bd46ba7300cd757379c5f6233c57cc1794a7ef8efb90cbeedc5
2,215,formal-v1__solo__pyxel_snake__r01,formal-v1,solo,not_applicable,solo,"[""pyxel_snake""]",pyxel_snake,[],,,,,,1,13632667971943617081,10,30,1,10,windows-rtx4060,0,0,grid_2x2,true,80,97d038c3fba55e8663b4a244a72f2c6af5e355cf1641eb229b1e93540dede9b9,5ed80cf2bad8dd330eb4d739a19a5dced2b18149,data/raw/safety-v2-s30/formal-v1/formal-v1__solo__pyxel_snake__r01,"{""pyxel_snake"":""games/pyxel/07_snake.py""}","{""pyxel_snake"":""bc533fef92d1d358e570f69d979919fe5c1cd8c4da49841104b49a1e661a5ac3""}",94331018ebd46753964716c2635ece90d35d54af03123fc7cbd3dea54c78acef
2,216,formal-v1__profile__pyxel_bubbles__gpu_compute__p050__r02,formal-v1,profile,not_applicable,pressure_profile,"[""pyxel_bubbles""]",pyxel_bubbles,[],,,gpu_compute,0.5,0.125,2,6978072715969981528,10,30,1,10,windows-rtx4060,0,0,grid_2x2,true,80,97d038c3fba55e8663b4a244a72f2c6af5e355cf1641eb229b1e93540dede9b9,5ed80cf2bad8dd330eb4d739a19a5dced2b18149,data/raw/safety-v2-s30/formal-v1/formal-v1__profile__pyxel_bubbles__gpu_compute__p050__r02,"{""pyxel_bubbles"":""games/pyxel/06_click_game.py""}","{""pyxel_bubbles"":""54c101e90bdaed839ac4c4284494530d5df37a5819a35f1e41eebb0b3da5d900""}",2cedef9267f0f862748456c1456eadef10cf0645130595cf78e9a646735c14e0
2,217,formal-v1__colocation__pyxel_bubbles+pyxel_snake__r02,formal-v1,colocation-main,test,colocation,"[""pyxel_bubbles"",""pyxel_snake""]",pyxel_bubbles,"[""pyxel_snake""]",pyxel_bubbles+pyxel_snake,pyxel_bubbles+pyxel_snake__r02,,,,2,16014323964850878645,10,30,1,10,windows-rtx4060,0,0,grid_2x2,true,80,97d038c3fba55e8663b4a244a72f2c6af5e355cf1641eb229b1e93540dede9b9,5ed80cf2bad8dd330eb4d739a19a5dced2b18149,data/raw/safety-v2-s30/formal-v1/formal-v1__colocation__pyxel_bubbles+pyxel_snake__r02,"{""pyxel_bubbles"":""games/pyxel/06_click_game.py"",""pyxel_snake"":""games/pyxel/07_snake.py""}","{""pyxel_bubbles"":""54c101e90bdaed839ac4c4284494530d5df37a5819a35f1e41eebb0b3da5d900"",""pyxel_snake"":""bc533fef92d1d358e570f69d979919fe5c1cd8c4da49841104b49a1e661a5ac3""}",8c49d6ae3b5829a21802adb2fc33e9ff41e1e28fff621664175e1c71fe0e2173
2,218,formal-v1__profile__pyxel_jump__cpu_compute__p050__r01,formal-v1,profile,not_applicable,pressure_profile,"[""pyxel_jump""]",pyxel_jump,[],,,cpu_compute,0.5,0.5,1,6104497215014559967,10,30,1,10,windows-rtx4060,0,0,grid_2x2,true,80,97d038c3fba55e8663b4a244a72f2c6af5e355cf1641eb229b1e93540dede9b9,5ed80cf2bad8dd330eb4d739a19a5dced2b18149,data/raw/safety-v2-s30/formal-v1/formal-v1__profile__pyxel_jump__cpu_compute__p050__r01,"{""pyxel_jump"":""games/pyxel/02_jump_game.py""}","{""pyxel_jump"":""4743a825f1c9cae7e049ac52115f4ecf83350db546c00745a54af187d7bc2e46""}",f6521af348a475820da90ed2d23da06fd6be60fdae5fb869a41245b55662e6b7
2,219,formal-v1__colocation__daylight+pyxel_shooter+pyxel_snake__r02,formal-v1,colocation-main,train,colocation,"[""daylight"",""pyxel_shooter"",""pyxel_snake""]",daylight,"[""pyxel_shooter"",""pyxel_snake""]",daylight+pyxel_shooter+pyxel_snake,daylight+pyxel_shooter+pyxel_snake__r02,,,,2,16060450979115828123,10,30,1,10,windows-rtx4060,0,0,grid_2x2,true,80,97d038c3fba55e8663b4a244a72f2c6af5e355cf1641eb229b1e93540dede9b9,5ed80cf2bad8dd330eb4d739a19a5dced2b18149,data/raw/safety-v2-s30/formal-v1/formal-v1__colocation__daylight+pyxel_shooter+pyxel_snake__r02,"{""daylight"":""games/pyxel/apps-src/30SecondsOfDaylight/src/main.py"",""pyxel_shooter"":""games/pyxel/09_shooter.py"",""pyxel_snake"":""games/pyxel/07_snake.py""}","{""daylight"":""21a365375249e9d7ea05e78dcfe040f09cc1f0c66bd410bae084190c743a028f"",""pyxel_shooter"":""0f53e4156907eac41080a8f289e22c89365b3239517c754cf59a51af201d5563"",""pyxel_snake"":""bc533fef92d1d358e570f69d979919fe5c1cd8c4da49841104b49a1e661a5ac3""}",2fe3f9f6ff714ae7ad2d48cfabaffa8b8fe857e6241c8cc7c18af75a0849fe46
2,220,formal-v1__solo__pyxel_bubbles__r01,formal-v1,solo,not_applicable,solo,"[""pyxel_bubbles""]",pyxel_bubbles,[],,,,,,1,17111230279661221694,10,30,1,10,windows-rtx4060,0,0,grid_2x2,true,80,97d038c3fba55e8663b4a244a72f2c6af5e355cf1641eb229b1e93540dede9b9,5ed80cf2bad8dd330eb4d739a19a5dced2b18149,data/raw/safety-v2-s30/formal-v1/formal-v1__solo__pyxel_bubbles__r01,"{""pyxel_bubbles"":""games/pyxel/06_click_game.py""}","{""pyxel_bubbles"":""54c101e90bdaed839ac4c4284494530d5df37a5819a35f1e41eebb0b3da5d900""}",ca6acfe14f416bead6ba6e483cc9253acf658bfcd15f415354415f1dd7b280db
2,221,formal-v1__profile__space_rescue__memory_bandwidth__p025__r03,formal-v1,profile,not_applicable,pressure_profile,"[""space_rescue""]",space_rescue,[],,,memory_bandwidth,0.25,0.25,3,974195991618032637,10,30,1,10,windows-rtx4060,0,0,grid_2x2,true,80,97d038c3fba55e8663b4a244a72f2c6af5e355cf1641eb229b1e93540dede9b9,5ed80cf2bad8dd330eb4d739a19a5dced2b18149,data/raw/safety-v2-s30/formal-v1/formal-v1__profile__space_rescue__memory_bandwidth__p025__r03,"{""space_rescue"":""games/pyxel/apps-src/space_rescue/space_rescue.py""}","{""space_rescue"":""f3b0ab6784ae558e64f06a3f0a704e53f107a130aa3d43357659d0850131e461""}",3959e24b3053f1948c9f720162004ed63cf94f8fe9f8330f40105df9807e343c
2,222,formal-v1__profile__pyxel_jump__gpu_compute__p075__r02,formal-v1,profile,not_applicable,pressure_profile,"[""pyxel_jump""]",pyxel_jump,[],,,gpu_compute,0.75,0.1875,2,3015892812821809057,10,30,1,10,windows-rtx4060,0,0,grid_2x2,true,80,97d038c3fba55e8663b4a244a72f2c6af5e355cf1641eb229b1e93540dede9b9,5ed80cf2bad8dd330eb4d739a19a5dced2b18149,data/raw/safety-v2-s30/formal-v1/formal-v1__profile__pyxel_jump__gpu_compute__p075__r02,"{""pyxel_jump"":""games/pyxel/02_jump_game.py""}","{""pyxel_jump"":""4743a825f1c9cae7e049ac52115f4ecf83350db546c00745a54af187d7bc2e46""}",bd0d94d78b3461dc0085a1ba20bff7ce514daaee8084a5732c14ced666b2f36d
2,223,formal-v1__colocation__pyxel_bubbles+pyxel_snake__r01,formal-v1,colocation-main,test,colocation,"[""pyxel_bubbles"",""pyxel_snake""]",pyxel_bubbles,"[""pyxel_snake""]",pyxel_bubbles+pyxel_snake,pyxel_bubbles+pyxel_snake__r01,,,,1,4272144397152138260,10,30,1,10,windows-rtx4060,0,0,grid_2x2,true,80,97d038c3fba55e8663b4a244a72f2c6af5e355cf1641eb229b1e93540dede9b9,5ed80cf2bad8dd330eb4d739a19a5dced2b18149,data/raw/safety-v2-s30/formal-v1/formal-v1__colocation__pyxel_bubbles+pyxel_snake__r01,"{""pyxel_bubbles"":""games/pyxel/06_click_game.py"",""pyxel_snake"":""games/pyxel/07_snake.py""}","{""pyxel_bubbles"":""54c101e90bdaed839ac4c4284494530d5df37a5819a35f1e41eebb0b3da5d900"",""pyxel_snake"":""bc533fef92d1d358e570f69d979919fe5c1cd8c4da49841104b49a1e661a5ac3""}",fa1b641d4f033277cd1f0d462329e37c14bd65052a45639e6a00330183b29878
2,224,formal-v1__profile__mega_wing__cpu_compute__p100__r02,formal-v1,profile,not_applicable,pressure_profile,"[""mega_wing""]",mega_wing,[],,,cpu_compute,1,1,2,13879960688413478979,10,30,1,10,windows-rtx4060,0,0,grid_2x2,true,80,97d038c3fba55e8663b4a244a72f2c6af5e355cf1641eb229b1e93540dede9b9,5ed80cf2bad8dd330eb4d739a19a5dced2b18149,data/raw/safety-v2-s30/formal-v1/formal-v1__profile__mega_wing__cpu_compute__p100__r02,"{""mega_wing"":""games/pyxel/apps-src/mega_wing/mega_wing.py""}","{""mega_wing"":""86bad6c02a303806c58137503739241dc6b1e86695f7c0dbf672b5e1a1464e9f""}",26dd86d223339c63322f8777e9e083f78e600764627f178bb3e0889aa40f5d5e
2,225,formal-v1__profile__daylight__memory_bandwidth__p050__r02,formal-v1,profile,not_applicable,pressure_profile,"[""daylight""]",daylight,[],,,memory_bandwidth,0.5,0.5,2,8138192367504666085,10,30,1,10,windows-rtx4060,0,0,grid_2x2,true,80,97d038c3fba55e8663b4a244a72f2c6af5e355cf1641eb229b1e93540dede9b9,5ed80cf2bad8dd330eb4d739a19a5dced2b18149,data/raw/safety-v2-s30/formal-v1/formal-v1__profile__daylight__memory_bandwidth__p050__r02,"{""daylight"":""games/pyxel/apps-src/30SecondsOfDaylight/src/main.py""}","{""daylight"":""21a365375249e9d7ea05e78dcfe040f09cc1f0c66bd410bae084190c743a028f""}",04ffe6a00c9559e4aa063b8ccfe6d32aebd73e93ee93b27367dae66b18907895
2,226,formal-v1__profile__pyxel_snake__cpu_compute__p050__r02,formal-v1,profile,not_applicable,pressure_profile,"[""pyxel_snake""]",pyxel_snake,[],,,cpu_compute,0.5,0.5,2,2320957124972599974,10,30,1,10,windows-rtx4060,0,0,grid_2x2,true,80,97d038c3fba55e8663b4a244a72f2c6af5e355cf1641eb229b1e93540dede9b9,5ed80cf2bad8dd330eb4d739a19a5dced2b18149,data/raw/safety-v2-s30/formal-v1/formal-v1__profile__pyxel_snake__cpu_compute__p050__r02,"{""pyxel_snake"":""games/pyxel/07_snake.py""}","{""pyxel_snake"":""bc533fef92d1d358e570f69d979919fe5c1cd8c4da49841104b49a1e661a5ac3""}",ffaf21502ce3612577b14b73457a3529a19226d5a276722f6bbb6317cb990547
2,227,formal-v1__profile__daylight__gpu_compute__p050__r03,formal-v1,profile,not_applicable,pressure_profile,"[""daylight""]",daylight,[],,,gpu_compute,0.5,0.125,3,8172916671657072093,10,30,1,10,windows-rtx4060,0,0,grid_2x2,true,80,97d038c3fba55e8663b4a244a72f2c6af5e355cf1641eb229b1e93540dede9b9,5ed80cf2bad8dd330eb4d739a19a5dced2b18149,data/raw/safety-v2-s30/formal-v1/formal-v1__profile__daylight__gpu_compute__p050__r03,"{""daylight"":""games/pyxel/apps-src/30SecondsOfDaylight/src/main.py""}","{""daylight"":""21a365375249e9d7ea05e78dcfe040f09cc1f0c66bd410bae084190c743a028f""}",d0b8fbc1ea2f967d2c121719ab34c47287329790a0aa95526f5b53589ec21c8a
2,228,formal-v1__solo__pyxel_snake__r03,formal-v1,solo,not_applicable,solo,"[""pyxel_snake""]",pyxel_snake,[],,,,,,3,11244710782208348410,10,30,1,10,windows-rtx4060,0,0,grid_2x2,true,80,97d038c3fba55e8663b4a244a72f2c6af5e355cf1641eb229b1e93540dede9b9,5ed80cf2bad8dd330eb4d739a19a5dced2b18149,data/raw/safety-v2-s30/formal-v1/formal-v1__solo__pyxel_snake__r03,"{""pyxel_snake"":""games/pyxel/07_snake.py""}","{""pyxel_snake"":""bc533fef92d1d358e570f69d979919fe5c1cd8c4da49841104b49a1e661a5ac3""}",d080e7312d8a855baee96102f6a89bda1dcd67b7d4d286b145258875a088497e
2,229,formal-v1__profile__daylight__cpu_compute__p025__r01,formal-v1,profile,not_applicable,pressure_profile,"[""daylight""]",daylight,[],,,cpu_compute,0.25,0.25,1,8546134627183824773,10,30,1,10,windows-rtx4060,0,0,grid_2x2,true,80,97d038c3fba55e8663b4a244a72f2c6af5e355cf1641eb229b1e93540dede9b9,5ed80cf2bad8dd330eb4d739a19a5dced2b18149,data/raw/safety-v2-s30/formal-v1/formal-v1__profile__daylight__cpu_compute__p025__r01,"{""daylight"":""games/pyxel/apps-src/30SecondsOfDaylight/src/main.py""}","{""daylight"":""21a365375249e9d7ea05e78dcfe040f09cc1f0c66bd410bae084190c743a028f""}",138dd460cd2d894d857388158bac575a2d6d7d1b791ea66a53d7a5a3bbd5944f
2,230,formal-v1__profile__mega_wing__cpu_compute__p000__r01,formal-v1,profile,not_applicable,pressure_profile,"[""mega_wing""]",mega_wing,[],,,cpu_compute,0,0,1,3386378885876565655,10,30,1,10,windows-rtx4060,0,0,grid_2x2,true,80,97d038c3fba55e8663b4a244a72f2c6af5e355cf1641eb229b1e93540dede9b9,5ed80cf2bad8dd330eb4d739a19a5dced2b18149,data/raw/safety-v2-s30/formal-v1/formal-v1__profile__mega_wing__cpu_compute__p000__r01,"{""mega_wing"":""games/pyxel/apps-src/mega_wing/mega_wing.py""}","{""mega_wing"":""86bad6c02a303806c58137503739241dc6b1e86695f7c0dbf672b5e1a1464e9f""}",0f229971803667205bad97df3b78a1be2b488270c9524a9675c645bc5bd3fbb7
2,231,formal-v1__profile__pyxel_bubbles__gpu_compute__p100__r03,formal-v1,profile,not_applicable,pressure_profile,"[""pyxel_bubbles""]",pyxel_bubbles,[],,,gpu_compute,1,0.25,3,399030813832862700,10,30,1,10,windows-rtx4060,0,0,grid_2x2,true,80,97d038c3fba55e8663b4a244a72f2c6af5e355cf1641eb229b1e93540dede9b9,5ed80cf2bad8dd330eb4d739a19a5dced2b18149,data/raw/safety-v2-s30/formal-v1/formal-v1__profile__pyxel_bubbles__gpu_compute__p100__r03,"{""pyxel_bubbles"":""games/pyxel/06_click_game.py""}","{""pyxel_bubbles"":""54c101e90bdaed839ac4c4284494530d5df37a5819a35f1e41eebb0b3da5d900""}",2577b88a88acdabbda05081dd2abbf0be3f0214f0563b4c797303b6eac989d76
2,232,formal-v1__profile__pyxel_platformer__cpu_compute__p000__r01,formal-v1,profile,not_applicable,pressure_profile,"[""pyxel_platformer""]",pyxel_platformer,[],,,cpu_compute,0,0,1,10964048351124160320,10,30,1,10,windows-rtx4060,0,0,grid_2x2,true,80,97d038c3fba55e8663b4a244a72f2c6af5e355cf1641eb229b1e93540dede9b9,5ed80cf2bad8dd330eb4d739a19a5dced2b18149,data/raw/safety-v2-s30/formal-v1/formal-v1__profile__pyxel_platformer__cpu_compute__p000__r01,"{""pyxel_platformer"":""games/pyxel/10_platformer.py""}","{""pyxel_platformer"":""1b2c75b49dc9ab0254fb4b724682a4787868814a38d2f08920720dc5b6007ac5""}",9327b07bd4e5f6e93ddcc0832b25fb1b295ee609cc5ad9d50c2c32f6bd9ba10f
2,233,formal-v1__extra__daylight+pyxel_platformer+pyxel_shooter+pyxel_snake__r01,formal-v1,colocation-extra-test,extra_test,extra_test,"[""daylight"",""pyxel_platformer"",""pyxel_shooter"",""pyxel_snake""]",daylight,"[""pyxel_platformer"",""pyxel_shooter"",""pyxel_snake""]",daylight+pyxel_platformer+pyxel_shooter+pyxel_snake,daylight+pyxel_platformer+pyxel_shooter+pyxel_snake__r01,,,,1,16076299598703602005,10,30,1,10,windows-rtx4060,0,0,grid_2x2,true,80,97d038c3fba55e8663b4a244a72f2c6af5e355cf1641eb229b1e93540dede9b9,5ed80cf2bad8dd330eb4d739a19a5dced2b18149,data/raw/safety-v2-s30/formal-v1/formal-v1__extra__daylight+pyxel_platformer+pyxel_shooter+pyxel_snake__r01,"{""daylight"":""games/pyxel/apps-src/30SecondsOfDaylight/src/main.py"",""pyxel_platformer"":""games/pyxel/10_platformer.py"",""pyxel_shooter"":""games/pyxel/09_shooter.py"",""pyxel_snake"":""games/pyxel/07_snake.py""}","{""daylight"":""21a365375249e9d7ea05e78dcfe040f09cc1f0c66bd410bae084190c743a028f"",""pyxel_platformer"":""1b2c75b49dc9ab0254fb4b724682a4787868814a38d2f08920720dc5b6007ac5"",""pyxel_shooter"":""0f53e4156907eac41080a8f289e22c89365b3239517c754cf59a51af201d5563"",""pyxel_snake"":""bc533fef92d1d358e570f69d979919fe5c1cd8c4da49841104b49a1e661a5ac3""}",9586f4051cdc0d8af2306c9ba472c2e80a1f420877c002ff78a5b54c3732c6b0
2,234,formal-v1__profile__daylight__gpu_compute__p075__r02,formal-v1,profile,not_applicable,pressure_profile,"[""daylight""]",daylight,[],,,gpu_compute,0.75,0.1875,2,16482551770301428842,10,30,1,10,windows-rtx4060,0,0,grid_2x2,true,80,97d038c3fba55e8663b4a244a72f2c6af5e355cf1641eb229b1e93540dede9b9,5ed80cf2bad8dd330eb4d739a19a5dced2b18149,data/raw/safety-v2-s30/formal-v1/formal-v1__profile__daylight__gpu_compute__p075__r02,"{""daylight"":""games/pyxel/apps-src/30SecondsOfDaylight/src/main.py""}","{""daylight"":""21a365375249e9d7ea05e78dcfe040f09cc1f0c66bd410bae084190c743a028f""}",79fa583b8e7a7d4f9dcc24a6f81ebbf7aa03131d0cfce994984b9fc165b32d10
2,235,formal-v1__profile__pyxel_shooter__gpu_memory__p025__r02,formal-v1,profile,not_applicable,pressure_profile,"[""pyxel_shooter""]",pyxel_shooter,[],,,gpu_memory,0.25,0.25,2,8646546913955020733,10,30,1,10,windows-rtx4060,0,0,grid_2x2,true,80,97d038c3fba55e8663b4a244a72f2c6af5e355cf1641eb229b1e93540dede9b9,5ed80cf2bad8dd330eb4d739a19a5dced2b18149,data/raw/safety-v2-s30/formal-v1/formal-v1__profile__pyxel_shooter__gpu_memory__p025__r02,"{""pyxel_shooter"":""games/pyxel/09_shooter.py""}","{""pyxel_shooter"":""0f53e4156907eac41080a8f289e22c89365b3239517c754cf59a51af201d5563""}",807784b5f5712c83b2456aec37848e2df2fc63d72de54c2a1135b0251a9613ed
2,236,formal-v1__profile__pyxel_snake__gpu_compute__p050__r01,formal-v1,profile,not_applicable,pressure_profile,"[""pyxel_snake""]",pyxel_snake,[],,,gpu_compute,0.5,0.125,1,13682793963391115016,10,30,1,10,windows-rtx4060,0,0,grid_2x2,true,80,97d038c3fba55e8663b4a244a72f2c6af5e355cf1641eb229b1e93540dede9b9,5ed80cf2bad8dd330eb4d739a19a5dced2b18149,data/raw/safety-v2-s30/formal-v1/formal-v1__profile__pyxel_snake__gpu_compute__p050__r01,"{""pyxel_snake"":""games/pyxel/07_snake.py""}","{""pyxel_snake"":""bc533fef92d1d358e570f69d979919fe5c1cd8c4da49841104b49a1e661a5ac3""}",ba2648f25dfb3b948337b285508180cdb4dc16d52810abc4e6525b5c122d64aa
2,237,formal-v1__colocation__daylight+pyxel_bubbles+pyxel_platformer__r01,formal-v1,colocation-main,test,colocation,"[""daylight"",""pyxel_bubbles"",""pyxel_platformer""]",daylight,"[""pyxel_bubbles"",""pyxel_platformer""]",daylight+pyxel_bubbles+pyxel_platformer,daylight+pyxel_bubbles+pyxel_platformer__r01,,,,1,12478490643540389889,10,30,1,10,windows-rtx4060,0,0,grid_2x2,true,80,97d038c3fba55e8663b4a244a72f2c6af5e355cf1641eb229b1e93540dede9b9,5ed80cf2bad8dd330eb4d739a19a5dced2b18149,data/raw/safety-v2-s30/formal-v1/formal-v1__colocation__daylight+pyxel_bubbles+pyxel_platformer__r01,"{""daylight"":""games/pyxel/apps-src/30SecondsOfDaylight/src/main.py"",""pyxel_bubbles"":""games/pyxel/06_click_game.py"",""pyxel_platformer"":""games/pyxel/10_platformer.py""}","{""daylight"":""21a365375249e9d7ea05e78dcfe040f09cc1f0c66bd410bae084190c743a028f"",""pyxel_bubbles"":""54c101e90bdaed839ac4c4284494530d5df37a5819a35f1e41eebb0b3da5d900"",""pyxel_platformer"":""1b2c75b49dc9ab0254fb4b724682a4787868814a38d2f08920720dc5b6007ac5""}",21ee5028d699b8a0b647d0b66ac58ccf78353ea0d9924f8d322145a78dbbdb91
2,238,formal-v1__profile__pyxel_snake__memory_bandwidth__p075__r03,formal-v1,profile,not_applicable,pressure_profile,"[""pyxel_snake""]",pyxel_snake,[],,,memory_bandwidth,0.75,0.75,3,11339435162131692225,10,30,1,10,windows-rtx4060,0,0,grid_2x2,true,80,97d038c3fba55e8663b4a244a72f2c6af5e355cf1641eb229b1e93540dede9b9,5ed80cf2bad8dd330eb4d739a19a5dced2b18149,data/raw/safety-v2-s30/formal-v1/formal-v1__profile__pyxel_snake__memory_bandwidth__p075__r03,"{""pyxel_snake"":""games/pyxel/07_snake.py""}","{""pyxel_snake"":""bc533fef92d1d358e570f69d979919fe5c1cd8c4da49841104b49a1e661a5ac3""}",8de3172291519ced8112719e887f049fb3cbb5aa09ee2cb84dde36f40b48a397
2,239,formal-v1__profile__daylight__cpu_compute__p050__r02,formal-v1,profile,not_applicable,pressure_profile,"[""daylight""]",daylight,[],,,cpu_compute,0.5,0.5,2,3838096314104336505,10,30,1,10,windows-rtx4060,0,0,grid_2x2,true,80,97d038c3fba55e8663b4a244a72f2c6af5e355cf1641eb229b1e93540dede9b9,5ed80cf2bad8dd330eb4d739a19a5dced2b18149,data/raw/safety-v2-s30/formal-v1/formal-v1__profile__daylight__cpu_compute__p050__r02,"{""daylight"":""games/pyxel/apps-src/30SecondsOfDaylight/src/main.py""}","{""daylight"":""21a365375249e9d7ea05e78dcfe040f09cc1f0c66bd410bae084190c743a028f""}",e245b2954cc4ba47d380aa0730f7e693ae217e71876ba8244b2fd755f03c3269
2,240,formal-v1__profile__pyxel_bubbles__gpu_memory__p050__r03,formal-v1,profile,not_applicable,pressure_profile,"[""pyxel_bubbles""]",pyxel_bubbles,[],,,gpu_memory,0.5,0.5,3,18351449568058031569,10,30,1,10,windows-rtx4060,0,0,grid_2x2,true,80,97d038c3fba55e8663b4a244a72f2c6af5e355cf1641eb229b1e93540dede9b9,5ed80cf2bad8dd330eb4d739a19a5dced2b18149,data/raw/safety-v2-s30/formal-v1/formal-v1__profile__pyxel_bubbles__gpu_memory__p050__r03,"{""pyxel_bubbles"":""games/pyxel/06_click_game.py""}","{""pyxel_bubbles"":""54c101e90bdaed839ac4c4284494530d5df37a5819a35f1e41eebb0b3da5d900""}",4851fdf103f30b83e2dba4b1fd73e31876eafb0013e7cc5777e9109d6f43415c
2,241,formal-v1__colocation__daylight+pyxel_shooter__r02,formal-v1,colocation-main,test,colocation,"[""daylight"",""pyxel_shooter""]",daylight,"[""pyxel_shooter""]",daylight+pyxel_shooter,daylight+pyxel_shooter__r02,,,,2,6307768475063823143,10,30,1,10,windows-rtx4060,0,0,grid_2x2,true,80,97d038c3fba55e8663b4a244a72f2c6af5e355cf1641eb229b1e93540dede9b9,5ed80cf2bad8dd330eb4d739a19a5dced2b18149,data/raw/safety-v2-s30/formal-v1/formal-v1__colocation__daylight+pyxel_shooter__r02,"{""daylight"":""games/pyxel/apps-src/30SecondsOfDaylight/src/main.py"",""pyxel_shooter"":""games/pyxel/09_shooter.py""}","{""daylight"":""21a365375249e9d7ea05e78dcfe040f09cc1f0c66bd410bae084190c743a028f"",""pyxel_shooter"":""0f53e4156907eac41080a8f289e22c89365b3239517c754cf59a51af201d5563""}",85a0ba835dc8c769e7dbd4c5000af8b592cd2f22cf18c09a69e9463ccc5affbe
2,242,formal-v1__profile__pyxel_platformer__cpu_compute__p000__r02,formal-v1,profile,not_applicable,pressure_profile,"[""pyxel_platformer""]",pyxel_platformer,[],,,cpu_compute,0,0,2,14258000445704572170,10,30,1,10,windows-rtx4060,0,0,grid_2x2,true,80,97d038c3fba55e8663b4a244a72f2c6af5e355cf1641eb229b1e93540dede9b9,5ed80cf2bad8dd330eb4d739a19a5dced2b18149,data/raw/safety-v2-s30/formal-v1/formal-v1__profile__pyxel_platformer__cpu_compute__p000__r02,"{""pyxel_platformer"":""games/pyxel/10_platformer.py""}","{""pyxel_platformer"":""1b2c75b49dc9ab0254fb4b724682a4787868814a38d2f08920720dc5b6007ac5""}",bccff7551c42f3b33ec278a704386e05ef7fc0df931f094f1f93eee28168ea83
2,243,formal-v1__colocation__pyxel_jump+pyxel_shooter+pyxel_snake__r01,formal-v1,colocation-main,train,colocation,"[""pyxel_jump"",""pyxel_shooter"",""pyxel_snake""]",pyxel_jump,"[""pyxel_shooter"",""pyxel_snake""]",pyxel_jump+pyxel_shooter+pyxel_snake,pyxel_jump+pyxel_shooter+pyxel_snake__r01,,,,1,13404442039301235090,10,30,1,10,windows-rtx4060,0,0,grid_2x2,true,80,97d038c3fba55e8663b4a244a72f2c6af5e355cf1641eb229b1e93540dede9b9,5ed80cf2bad8dd330eb4d739a19a5dced2b18149,data/raw/safety-v2-s30/formal-v1/formal-v1__colocation__pyxel_jump+pyxel_shooter+pyxel_snake__r01,"{""pyxel_jump"":""games/pyxel/02_jump_game.py"",""pyxel_shooter"":""games/pyxel/09_shooter.py"",""pyxel_snake"":""games/pyxel/07_snake.py""}","{""pyxel_jump"":""4743a825f1c9cae7e049ac52115f4ecf83350db546c00745a54af187d7bc2e46"",""pyxel_shooter"":""0f53e4156907eac41080a8f289e22c89365b3239517c754cf59a51af201d5563"",""pyxel_snake"":""bc533fef92d1d358e570f69d979919fe5c1cd8c4da49841104b49a1e661a5ac3""}",87b87736979b739b6f71da5dd76c6edbf14e738b60449b8daccd4f02477085be
2,244,formal-v1__profile__pyxel_jump__gpu_memory__p075__r03,formal-v1,profile,not_applicable,pressure_profile,"[""pyxel_jump""]",pyxel_jump,[],,,gpu_memory,0.75,0.75,3,16428684141305639129,10,30,1,10,windows-rtx4060,0,0,grid_2x2,true,80,97d038c3fba55e8663b4a244a72f2c6af5e355cf1641eb229b1e93540dede9b9,5ed80cf2bad8dd330eb4d739a19a5dced2b18149,data/raw/safety-v2-s30/formal-v1/formal-v1__profile__pyxel_jump__gpu_memory__p075__r03,"{""pyxel_jump"":""games/pyxel/02_jump_game.py""}","{""pyxel_jump"":""4743a825f1c9cae7e049ac52115f4ecf83350db546c00745a54af187d7bc2e46""}",5dac58f08fb9633dbf190b9cf1d0e3b488e4382b7ad5dfbb85ca3a31b2dd2556
2,245,formal-v1__colocation__mega_wing+pyxel_snake+space_rescue__r02,formal-v1,colocation-main,train,colocation,"[""mega_wing"",""pyxel_snake"",""space_rescue""]",mega_wing,"[""pyxel_snake"",""space_rescue""]",mega_wing+pyxel_snake+space_rescue,mega_wing+pyxel_snake+space_rescue__r02,,,,2,10501798218637475275,10,30,1,10,windows-rtx4060,0,0,grid_2x2,true,80,97d038c3fba55e8663b4a244a72f2c6af5e355cf1641eb229b1e93540dede9b9,5ed80cf2bad8dd330eb4d739a19a5dced2b18149,data/raw/safety-v2-s30/formal-v1/formal-v1__colocation__mega_wing+pyxel_snake+space_rescue__r02,"{""mega_wing"":""games/pyxel/apps-src/mega_wing/mega_wing.py"",""pyxel_snake"":""games/pyxel/07_snake.py"",""space_rescue"":""games/pyxel/apps-src/space_rescue/space_rescue.py""}","{""mega_wing"":""86bad6c02a303806c58137503739241dc6b1e86695f7c0dbf672b5e1a1464e9f"",""pyxel_snake"":""bc533fef92d1d358e570f69d979919fe5c1cd8c4da49841104b49a1e661a5ac3"",""space_rescue"":""f3b0ab6784ae558e64f06a3f0a704e53f107a130aa3d43357659d0850131e461""}",6c7998e5c4b28ffefb20025bbd5ee047acf70128789043fa9f02fa5e5d9d3ef5
2,246,formal-v1__profile__mega_wing__gpu_compute__p000__r01,formal-v1,profile,not_applicable,pressure_profile,"[""mega_wing""]",mega_wing,[],,,gpu_compute,0,0,1,15245046965239891073,10,30,1,10,windows-rtx4060,0,0,grid_2x2,true,80,97d038c3fba55e8663b4a244a72f2c6af5e355cf1641eb229b1e93540dede9b9,5ed80cf2bad8dd330eb4d739a19a5dced2b18149,data/raw/safety-v2-s30/formal-v1/formal-v1__profile__mega_wing__gpu_compute__p000__r01,"{""mega_wing"":""games/pyxel/apps-src/mega_wing/mega_wing.py""}","{""mega_wing"":""86bad6c02a303806c58137503739241dc6b1e86695f7c0dbf672b5e1a1464e9f""}",fccfb29bdc803ed6166f0cd11f8c2719b482be76116dd0810c9b7cf6ff69e7f3
2,247,formal-v1__colocation__pyxel_jump+pyxel_shooter__r02,formal-v1,colocation-main,train,colocation,"[""pyxel_jump"",""pyxel_shooter""]",pyxel_jump,"[""pyxel_shooter""]",pyxel_jump+pyxel_shooter,pyxel_jump+pyxel_shooter__r02,,,,2,3021531922104725446,10,30,1,10,windows-rtx4060,0,0,grid_2x2,true,80,97d038c3fba55e8663b4a244a72f2c6af5e355cf1641eb229b1e93540dede9b9,5ed80cf2bad8dd330eb4d739a19a5dced2b18149,data/raw/safety-v2-s30/formal-v1/formal-v1__colocation__pyxel_jump+pyxel_shooter__r02,"{""pyxel_jump"":""games/pyxel/02_jump_game.py"",""pyxel_shooter"":""games/pyxel/09_shooter.py""}","{""pyxel_jump"":""4743a825f1c9cae7e049ac52115f4ecf83350db546c00745a54af187d7bc2e46"",""pyxel_shooter"":""0f53e4156907eac41080a8f289e22c89365b3239517c754cf59a51af201d5563""}",529ab74ec96b5636c544e94c428ec8e5b8ebbcdb5199a7ce2be1099dffdc072c
2,248,formal-v1__profile__mega_wing__gpu_compute__p100__r02,formal-v1,profile,not_applicable,pressure_profile,"[""mega_wing""]",mega_wing,[],,,gpu_compute,1,0.25,2,7358260585065794855,10,30,1,10,windows-rtx4060,0,0,grid_2x2,true,80,97d038c3fba55e8663b4a244a72f2c6af5e355cf1641eb229b1e93540dede9b9,5ed80cf2bad8dd330eb4d739a19a5dced2b18149,data/raw/safety-v2-s30/formal-v1/formal-v1__profile__mega_wing__gpu_compute__p100__r02,"{""mega_wing"":""games/pyxel/apps-src/mega_wing/mega_wing.py""}","{""mega_wing"":""86bad6c02a303806c58137503739241dc6b1e86695f7c0dbf672b5e1a1464e9f""}",27c96a8732113b8c6661fa482972d86cdbe367f032fbba83bf7c78a97d0e61e0
2,249,formal-v1__profile__pyxel_snake__memory_bandwidth__p075__r01,formal-v1,profile,not_applicable,pressure_profile,"[""pyxel_snake""]",pyxel_snake,[],,,memory_bandwidth,0.75,0.75,1,7094114291409562001,10,30,1,10,windows-rtx4060,0,0,grid_2x2,true,80,97d038c3fba55e8663b4a244a72f2c6af5e355cf1641eb229b1e93540dede9b9,5ed80cf2bad8dd330eb4d739a19a5dced2b18149,data/raw/safety-v2-s30/formal-v1/formal-v1__profile__pyxel_snake__memory_bandwidth__p075__r01,"{""pyxel_snake"":""games/pyxel/07_snake.py""}","{""pyxel_snake"":""bc533fef92d1d358e570f69d979919fe5c1cd8c4da49841104b49a1e661a5ac3""}",11e57d70de5898235c4cae29e3ad8178f0e49d8959deeec70b5cf23be9519990
2,250,formal-v1__profile__mega_wing__gpu_memory__p100__r01,formal-v1,profile,not_applicable,pressure_profile,"[""mega_wing""]",mega_wing,[],,,gpu_memory,1,1,1,387244886282678473,10,30,1,10,windows-rtx4060,0,0,grid_2x2,true,80,97d038c3fba55e8663b4a244a72f2c6af5e355cf1641eb229b1e93540dede9b9,5ed80cf2bad8dd330eb4d739a19a5dced2b18149,data/raw/safety-v2-s30/formal-v1/formal-v1__profile__mega_wing__gpu_memory__p100__r01,"{""mega_wing"":""games/pyxel/apps-src/mega_wing/mega_wing.py""}","{""mega_wing"":""86bad6c02a303806c58137503739241dc6b1e86695f7c0dbf672b5e1a1464e9f""}",cab7a4142572a17eba78925b598397ddaa9e57809bf70d6da6b5c6b44c498a13
2,251,formal-v1__profile__mega_wing__memory_bandwidth__p025__r02,formal-v1,profile,not_applicable,pressure_profile,"[""mega_wing""]",mega_wing,[],,,memory_bandwidth,0.25,0.25,2,8650441938824622028,10,30,1,10,windows-rtx4060,0,0,grid_2x2,true,80,97d038c3fba55e8663b4a244a72f2c6af5e355cf1641eb229b1e93540dede9b9,5ed80cf2bad8dd330eb4d739a19a5dced2b18149,data/raw/safety-v2-s30/formal-v1/formal-v1__profile__mega_wing__memory_bandwidth__p025__r02,"{""mega_wing"":""games/pyxel/apps-src/mega_wing/mega_wing.py""}","{""mega_wing"":""86bad6c02a303806c58137503739241dc6b1e86695f7c0dbf672b5e1a1464e9f""}",f2c90bb6918e4b327c5ef3b6306b4d1dc9cb46ade645f5e4d31c03566ab1d2ce
2,252,formal-v1__profile__mega_wing__gpu_compute__p025__r02,formal-v1,profile,not_applicable,pressure_profile,"[""mega_wing""]",mega_wing,[],,,gpu_compute,0.25,0.0625,2,4840432919940231483,10,30,1,10,windows-rtx4060,0,0,grid_2x2,true,80,97d038c3fba55e8663b4a244a72f2c6af5e355cf1641eb229b1e93540dede9b9,5ed80cf2bad8dd330eb4d739a19a5dced2b18149,data/raw/safety-v2-s30/formal-v1/formal-v1__profile__mega_wing__gpu_compute__p025__r02,"{""mega_wing"":""games/pyxel/apps-src/mega_wing/mega_wing.py""}","{""mega_wing"":""86bad6c02a303806c58137503739241dc6b1e86695f7c0dbf672b5e1a1464e9f""}",4d0f276b22ce9696bb35057c4ffb6808f2f0d5bba6b6e909d81750a3211b80fe
2,253,formal-v1__solo__pyxel_snake__r02,formal-v1,solo,not_applicable,solo,"[""pyxel_snake""]",pyxel_snake,[],,,,,,2,11464821163851428927,10,30,1,10,windows-rtx4060,0,0,grid_2x2,true,80,97d038c3fba55e8663b4a244a72f2c6af5e355cf1641eb229b1e93540dede9b9,5ed80cf2bad8dd330eb4d739a19a5dced2b18149,data/raw/safety-v2-s30/formal-v1/formal-v1__solo__pyxel_snake__r02,"{""pyxel_snake"":""games/pyxel/07_snake.py""}","{""pyxel_snake"":""bc533fef92d1d358e570f69d979919fe5c1cd8c4da49841104b49a1e661a5ac3""}",4d8529049a89c6b44914919bb76cafaabe2c308a3335567ed527e053badb016a
2,254,formal-v1__solo__pyxel_jump__r03,formal-v1,solo,not_applicable,solo,"[""pyxel_jump""]",pyxel_jump,[],,,,,,3,796735531785357142,10,30,1,10,windows-rtx4060,0,0,grid_2x2,true,80,97d038c3fba55e8663b4a244a72f2c6af5e355cf1641eb229b1e93540dede9b9,5ed80cf2bad8dd330eb4d739a19a5dced2b18149,data/raw/safety-v2-s30/formal-v1/formal-v1__solo__pyxel_jump__r03,"{""pyxel_jump"":""games/pyxel/02_jump_game.py""}","{""pyxel_jump"":""4743a825f1c9cae7e049ac52115f4ecf83350db546c00745a54af187d7bc2e46""}",b09d9a514b5b7fec6806c9bf9cb85710c37dd50ac23705b38ac77e9efce6708d
2,255,formal-v1__profile__pyxel_bubbles__cpu_compute__p000__r03,formal-v1,profile,not_applicable,pressure_profile,"[""pyxel_bubbles""]",pyxel_bubbles,[],,,cpu_compute,0,0,3,1641150706676410786,10,30,1,10,windows-rtx4060,0,0,grid_2x2,true,80,97d038c3fba55e8663b4a244a72f2c6af5e355cf1641eb229b1e93540dede9b9,5ed80cf2bad8dd330eb4d739a19a5dced2b18149,data/raw/safety-v2-s30/formal-v1/formal-v1__profile__pyxel_bubbles__cpu_compute__p000__r03,"{""pyxel_bubbles"":""games/pyxel/06_click_game.py""}","{""pyxel_bubbles"":""54c101e90bdaed839ac4c4284494530d5df37a5819a35f1e41eebb0b3da5d900""}",c7f8b98f3e84be6656bd43f0c8ecba3128abea8ff0253f4b4b2a98cb88fe4963
2,256,formal-v1__profile__pyxel_bubbles__gpu_memory__p050__r01,formal-v1,profile,not_applicable,pressure_profile,"[""pyxel_bubbles""]",pyxel_bubbles,[],,,gpu_memory,0.5,0.5,1,8149412449238893867,10,30,1,10,windows-rtx4060,0,0,grid_2x2,true,80,97d038c3fba55e8663b4a244a72f2c6af5e355cf1641eb229b1e93540dede9b9,5ed80cf2bad8dd330eb4d739a19a5dced2b18149,data/raw/safety-v2-s30/formal-v1/formal-v1__profile__pyxel_bubbles__gpu_memory__p050__r01,"{""pyxel_bubbles"":""games/pyxel/06_click_game.py""}","{""pyxel_bubbles"":""54c101e90bdaed839ac4c4284494530d5df37a5819a35f1e41eebb0b3da5d900""}",fa44c3fa17217f23de0e7bc7122ac31989067dafdf14b3e1f3194e8a6f79ae1a
2,257,formal-v1__profile__pyxel_shooter__gpu_memory__p025__r01,formal-v1,profile,not_applicable,pressure_profile,"[""pyxel_shooter""]",pyxel_shooter,[],,,gpu_memory,0.25,0.25,1,4091941439442868672,10,30,1,10,windows-rtx4060,0,0,grid_2x2,true,80,97d038c3fba55e8663b4a244a72f2c6af5e355cf1641eb229b1e93540dede9b9,5ed80cf2bad8dd330eb4d739a19a5dced2b18149,data/raw/safety-v2-s30/formal-v1/formal-v1__profile__pyxel_shooter__gpu_memory__p025__r01,"{""pyxel_shooter"":""games/pyxel/09_shooter.py""}","{""pyxel_shooter"":""0f53e4156907eac41080a8f289e22c89365b3239517c754cf59a51af201d5563""}",c2e357472abbd63c2be3ec36185fb1fbe4355e467b08ff81cf6031b524218ec9
2,258,formal-v1__profile__pyxel_snake__memory_bandwidth__p025__r03,formal-v1,profile,not_applicable,pressure_profile,"[""pyxel_snake""]",pyxel_snake,[],,,memory_bandwidth,0.25,0.25,3,1918439723937799694,10,30,1,10,windows-rtx4060,0,0,grid_2x2,true,80,97d038c3fba55e8663b4a244a72f2c6af5e355cf1641eb229b1e93540dede9b9,5ed80cf2bad8dd330eb4d739a19a5dced2b18149,data/raw/safety-v2-s30/formal-v1/formal-v1__profile__pyxel_snake__memory_bandwidth__p025__r03,"{""pyxel_snake"":""games/pyxel/07_snake.py""}","{""pyxel_snake"":""bc533fef92d1d358e570f69d979919fe5c1cd8c4da49841104b49a1e661a5ac3""}",b8f896f164f6e8bd9f1e6a1e6d2636a91075158cc1fe46bcd66d184dfa2ec3fe
2,259,formal-v1__profile__pyxel_bubbles__gpu_memory__p025__r03,formal-v1,profile,not_applicable,pressure_profile,"[""pyxel_bubbles""]",pyxel_bubbles,[],,,gpu_memory,0.25,0.25,3,11477786045026242425,10,30,1,10,windows-rtx4060,0,0,grid_2x2,true,80,97d038c3fba55e8663b4a244a72f2c6af5e355cf1641eb229b1e93540dede9b9,5ed80cf2bad8dd330eb4d739a19a5dced2b18149,data/raw/safety-v2-s30/formal-v1/formal-v1__profile__pyxel_bubbles__gpu_memory__p025__r03,"{""pyxel_bubbles"":""games/pyxel/06_click_game.py""}","{""pyxel_bubbles"":""54c101e90bdaed839ac4c4284494530d5df37a5819a35f1e41eebb0b3da5d900""}",f8e73ed8f2790aabeaac9e15819f86cfe397e853341ae6c6d560d384839e1b28
2,260,formal-v1__extra__mega_wing+pyxel_jump+pyxel_platformer+pyxel_snake__r03,formal-v1,colocation-extra-test,extra_test,extra_test,"[""mega_wing"",""pyxel_jump"",""pyxel_platformer"",""pyxel_snake""]",mega_wing,"[""pyxel_jump"",""pyxel_platformer"",""pyxel_snake""]",mega_wing+pyxel_jump+pyxel_platformer+pyxel_snake,mega_wing+pyxel_jump+pyxel_platformer+pyxel_snake__r03,,,,3,13832200803943975500,10,30,1,10,windows-rtx4060,0,0,grid_2x2,true,80,97d038c3fba55e8663b4a244a72f2c6af5e355cf1641eb229b1e93540dede9b9,5ed80cf2bad8dd330eb4d739a19a5dced2b18149,data/raw/safety-v2-s30/formal-v1/formal-v1__extra__mega_wing+pyxel_jump+pyxel_platformer+pyxel_snake__r03,"{""mega_wing"":""games/pyxel/apps-src/mega_wing/mega_wing.py"",""pyxel_jump"":""games/pyxel/02_jump_game.py"",""pyxel_platformer"":""games/pyxel/10_platformer.py"",""pyxel_snake"":""games/pyxel/07_snake.py""}","{""mega_wing"":""86bad6c02a303806c58137503739241dc6b1e86695f7c0dbf672b5e1a1464e9f"",""pyxel_jump"":""4743a825f1c9cae7e049ac52115f4ecf83350db546c00745a54af187d7bc2e46"",""pyxel_platformer"":""1b2c75b49dc9ab0254fb4b724682a4787868814a38d2f08920720dc5b6007ac5"",""pyxel_snake"":""bc533fef92d1d358e570f69d979919fe5c1cd8c4da49841104b49a1e661a5ac3""}",5759057d8e258b3142010739e0f0da46d9fe3642fd607dae82c14ddef22abd70
2,261,formal-v1__colocation__mega_wing+pyxel_snake+space_rescue__r01,formal-v1,colocation-main,train,colocation,"[""mega_wing"",""pyxel_snake"",""space_rescue""]",mega_wing,"[""pyxel_snake"",""space_rescue""]",mega_wing+pyxel_snake+space_rescue,mega_wing+pyxel_snake+space_rescue__r01,,,,1,2211813992741978679,10,30,1,10,windows-rtx4060,0,0,grid_2x2,true,80,97d038c3fba55e8663b4a244a72f2c6af5e355cf1641eb229b1e93540dede9b9,5ed80cf2bad8dd330eb4d739a19a5dced2b18149,data/raw/safety-v2-s30/formal-v1/formal-v1__colocation__mega_wing+pyxel_snake+space_rescue__r01,"{""mega_wing"":""games/pyxel/apps-src/mega_wing/mega_wing.py"",""pyxel_snake"":""games/pyxel/07_snake.py"",""space_rescue"":""games/pyxel/apps-src/space_rescue/space_rescue.py""}","{""mega_wing"":""86bad6c02a303806c58137503739241dc6b1e86695f7c0dbf672b5e1a1464e9f"",""pyxel_snake"":""bc533fef92d1d358e570f69d979919fe5c1cd8c4da49841104b49a1e661a5ac3"",""space_rescue"":""f3b0ab6784ae558e64f06a3f0a704e53f107a130aa3d43357659d0850131e461""}",0085e6e6d95173d5c9c24ec668639d2be1af9ffef114a297d47f80948dada05f
2,262,formal-v1__profile__pyxel_shooter__cpu_compute__p050__r02,formal-v1,profile,not_applicable,pressure_profile,"[""pyxel_shooter""]",pyxel_shooter,[],,,cpu_compute,0.5,0.5,2,5870398365522407540,10,30,1,10,windows-rtx4060,0,0,grid_2x2,true,80,97d038c3fba55e8663b4a244a72f2c6af5e355cf1641eb229b1e93540dede9b9,5ed80cf2bad8dd330eb4d739a19a5dced2b18149,data/raw/safety-v2-s30/formal-v1/formal-v1__profile__pyxel_shooter__cpu_compute__p050__r02,"{""pyxel_shooter"":""games/pyxel/09_shooter.py""}","{""pyxel_shooter"":""0f53e4156907eac41080a8f289e22c89365b3239517c754cf59a51af201d5563""}",f0960dac0aced70d821a05f0db17bb32cac2fddf5078ac8be2e5912b108cfb3a
2,263,formal-v1__profile__pyxel_platformer__memory_bandwidth__p100__r02,formal-v1,profile,not_applicable,pressure_profile,"[""pyxel_platformer""]",pyxel_platformer,[],,,memory_bandwidth,1,1,2,5442683325064413520,10,30,1,10,windows-rtx4060,0,0,grid_2x2,true,80,97d038c3fba55e8663b4a244a72f2c6af5e355cf1641eb229b1e93540dede9b9,5ed80cf2bad8dd330eb4d739a19a5dced2b18149,data/raw/safety-v2-s30/formal-v1/formal-v1__profile__pyxel_platformer__memory_bandwidth__p100__r02,"{""pyxel_platformer"":""games/pyxel/10_platformer.py""}","{""pyxel_platformer"":""1b2c75b49dc9ab0254fb4b724682a4787868814a38d2f08920720dc5b6007ac5""}",951ae3202fd2b11d1d6230c0dae6f21514ab8d413340d06ae9fc68ac33a303bb
2,264,formal-v1__profile__mega_wing__gpu_compute__p075__r03,formal-v1,profile,not_applicable,pressure_profile,"[""mega_wing""]",mega_wing,[],,,gpu_compute,0.75,0.1875,3,2671436739460950027,10,30,1,10,windows-rtx4060,0,0,grid_2x2,true,80,97d038c3fba55e8663b4a244a72f2c6af5e355cf1641eb229b1e93540dede9b9,5ed80cf2bad8dd330eb4d739a19a5dced2b18149,data/raw/safety-v2-s30/formal-v1/formal-v1__profile__mega_wing__gpu_compute__p075__r03,"{""mega_wing"":""games/pyxel/apps-src/mega_wing/mega_wing.py""}","{""mega_wing"":""86bad6c02a303806c58137503739241dc6b1e86695f7c0dbf672b5e1a1464e9f""}",e92b5b0cad54e28415b34b3aed65faf12eae68b2804c5a1a85b8ddcad36dc451
2,265,formal-v1__profile__pyxel_platformer__gpu_compute__p050__r02,formal-v1,profile,not_applicable,pressure_profile,"[""pyxel_platformer""]",pyxel_platformer,[],,,gpu_compute,0.5,0.125,2,6515300256652268807,10,30,1,10,windows-rtx4060,0,0,grid_2x2,true,80,97d038c3fba55e8663b4a244a72f2c6af5e355cf1641eb229b1e93540dede9b9,5ed80cf2bad8dd330eb4d739a19a5dced2b18149,data/raw/safety-v2-s30/formal-v1/formal-v1__profile__pyxel_platformer__gpu_compute__p050__r02,"{""pyxel_platformer"":""games/pyxel/10_platformer.py""}","{""pyxel_platformer"":""1b2c75b49dc9ab0254fb4b724682a4787868814a38d2f08920720dc5b6007ac5""}",3e4b24684a8194be9fc82c48613ec83e1ef68b226f973a6ea7be71511fd666cc
2,266,formal-v1__profile__daylight__memory_bandwidth__p025__r01,formal-v1,profile,not_applicable,pressure_profile,"[""daylight""]",daylight,[],,,memory_bandwidth,0.25,0.25,1,7747888158563655536,10,30,1,10,windows-rtx4060,0,0,grid_2x2,true,80,97d038c3fba55e8663b4a244a72f2c6af5e355cf1641eb229b1e93540dede9b9,5ed80cf2bad8dd330eb4d739a19a5dced2b18149,data/raw/safety-v2-s30/formal-v1/formal-v1__profile__daylight__memory_bandwidth__p025__r01,"{""daylight"":""games/pyxel/apps-src/30SecondsOfDaylight/src/main.py""}","{""daylight"":""21a365375249e9d7ea05e78dcfe040f09cc1f0c66bd410bae084190c743a028f""}",8838e396cb124c313d450aceaa2b00b1e88193cc9bba64f57136b0cfad4b0784
2,267,formal-v1__solo__pyxel_platformer__r01,formal-v1,solo,not_applicable,solo,"[""pyxel_platformer""]",pyxel_platformer,[],,,,,,1,7297784855627931527,10,30,1,10,windows-rtx4060,0,0,grid_2x2,true,80,97d038c3fba55e8663b4a244a72f2c6af5e355cf1641eb229b1e93540dede9b9,5ed80cf2bad8dd330eb4d739a19a5dced2b18149,data/raw/safety-v2-s30/formal-v1/formal-v1__solo__pyxel_platformer__r01,"{""pyxel_platformer"":""games/pyxel/10_platformer.py""}","{""pyxel_platformer"":""1b2c75b49dc9ab0254fb4b724682a4787868814a38d2f08920720dc5b6007ac5""}",423b65f2581b6d68bc48923380b87212eeabf83ee79ae9db7aaef38fad0ec464
2,268,formal-v1__profile__pyxel_platformer__cpu_compute__p050__r03,formal-v1,profile,not_applicable,pressure_profile,"[""pyxel_platformer""]",pyxel_platformer,[],,,cpu_compute,0.5,0.5,3,6501657283848366909,10,30,1,10,windows-rtx4060,0,0,grid_2x2,true,80,97d038c3fba55e8663b4a244a72f2c6af5e355cf1641eb229b1e93540dede9b9,5ed80cf2bad8dd330eb4d739a19a5dced2b18149,data/raw/safety-v2-s30/formal-v1/formal-v1__profile__pyxel_platformer__cpu_compute__p050__r03,"{""pyxel_platformer"":""games/pyxel/10_platformer.py""}","{""pyxel_platformer"":""1b2c75b49dc9ab0254fb4b724682a4787868814a38d2f08920720dc5b6007ac5""}",f21148d81dba83061f388b9556ed5d7d74bdda01944fcea95210847a6fb0e0b0
2,269,formal-v1__profile__pyxel_shooter__gpu_memory__p075__r02,formal-v1,profile,not_applicable,pressure_profile,"[""pyxel_shooter""]",pyxel_shooter,[],,,gpu_memory,0.75,0.75,2,6772415803742537827,10,30,1,10,windows-rtx4060,0,0,grid_2x2,true,80,97d038c3fba55e8663b4a244a72f2c6af5e355cf1641eb229b1e93540dede9b9,5ed80cf2bad8dd330eb4d739a19a5dced2b18149,data/raw/safety-v2-s30/formal-v1/formal-v1__profile__pyxel_shooter__gpu_memory__p075__r02,"{""pyxel_shooter"":""games/pyxel/09_shooter.py""}","{""pyxel_shooter"":""0f53e4156907eac41080a8f289e22c89365b3239517c754cf59a51af201d5563""}",120eec44beb17feb36b7303e4590fd615a7fc1f07e5ac3eb360eb68794be14b1
2,270,formal-v1__profile__pyxel_platformer__cpu_compute__p025__r02,formal-v1,profile,not_applicable,pressure_profile,"[""pyxel_platformer""]",pyxel_platformer,[],,,cpu_compute,0.25,0.25,2,3526225747872201171,10,30,1,10,windows-rtx4060,0,0,grid_2x2,true,80,97d038c3fba55e8663b4a244a72f2c6af5e355cf1641eb229b1e93540dede9b9,5ed80cf2bad8dd330eb4d739a19a5dced2b18149,data/raw/safety-v2-s30/formal-v1/formal-v1__profile__pyxel_platformer__cpu_compute__p025__r02,"{""pyxel_platformer"":""games/pyxel/10_platformer.py""}","{""pyxel_platformer"":""1b2c75b49dc9ab0254fb4b724682a4787868814a38d2f08920720dc5b6007ac5""}",8bbbb1cf8dd63848fdb289117c6369c3160095eaffe3a7d0e27c908cca485cec
2,271,formal-v1__colocation__mega_wing+space_rescue__r01,formal-v1,colocation-main,validation,colocation,"[""mega_wing"",""space_rescue""]",mega_wing,"[""space_rescue""]",mega_wing+space_rescue,mega_wing+space_rescue__r01,,,,1,10325571706049029634,10,30,1,10,windows-rtx4060,0,0,grid_2x2,true,80,97d038c3fba55e8663b4a244a72f2c6af5e355cf1641eb229b1e93540dede9b9,5ed80cf2bad8dd330eb4d739a19a5dced2b18149,data/raw/safety-v2-s30/formal-v1/formal-v1__colocation__mega_wing+space_rescue__r01,"{""mega_wing"":""games/pyxel/apps-src/mega_wing/mega_wing.py"",""space_rescue"":""games/pyxel/apps-src/space_rescue/space_rescue.py""}","{""mega_wing"":""86bad6c02a303806c58137503739241dc6b1e86695f7c0dbf672b5e1a1464e9f"",""space_rescue"":""f3b0ab6784ae558e64f06a3f0a704e53f107a130aa3d43357659d0850131e461""}",316e0868ddd3c3857aadcd0a55fbbbb87a8496499c6f6548d939fb959bdb5b1a
2,272,formal-v1__profile__mega_wing__gpu_compute__p025__r01,formal-v1,profile,not_applicable,pressure_profile,"[""mega_wing""]",mega_wing,[],,,gpu_compute,0.25,0.0625,1,10716810241101879638,10,30,1,10,windows-rtx4060,0,0,grid_2x2,true,80,97d038c3fba55e8663b4a244a72f2c6af5e355cf1641eb229b1e93540dede9b9,5ed80cf2bad8dd330eb4d739a19a5dced2b18149,data/raw/safety-v2-s30/formal-v1/formal-v1__profile__mega_wing__gpu_compute__p025__r01,"{""mega_wing"":""games/pyxel/apps-src/mega_wing/mega_wing.py""}","{""mega_wing"":""86bad6c02a303806c58137503739241dc6b1e86695f7c0dbf672b5e1a1464e9f""}",84f5f5e4515e49621a79338055ab26f8c691acb7c5bacbab086bcdfdbd479d41
2,273,formal-v1__profile__pyxel_platformer__gpu_compute__p100__r03,formal-v1,profile,not_applicable,pressure_profile,"[""pyxel_platformer""]",pyxel_platformer,[],,,gpu_compute,1,0.25,3,12894936110315758230,10,30,1,10,windows-rtx4060,0,0,grid_2x2,true,80,97d038c3fba55e8663b4a244a72f2c6af5e355cf1641eb229b1e93540dede9b9,5ed80cf2bad8dd330eb4d739a19a5dced2b18149,data/raw/safety-v2-s30/formal-v1/formal-v1__profile__pyxel_platformer__gpu_compute__p100__r03,"{""pyxel_platformer"":""games/pyxel/10_platformer.py""}","{""pyxel_platformer"":""1b2c75b49dc9ab0254fb4b724682a4787868814a38d2f08920720dc5b6007ac5""}",375489a03486904a58b534c2d803affadfb9e84be942cac3ae1d18fdfa69e9a5
2,274,formal-v1__profile__pyxel_snake__memory_bandwidth__p100__r01,formal-v1,profile,not_applicable,pressure_profile,"[""pyxel_snake""]",pyxel_snake,[],,,memory_bandwidth,1,1,1,8100797593952122667,10,30,1,10,windows-rtx4060,0,0,grid_2x2,true,80,97d038c3fba55e8663b4a244a72f2c6af5e355cf1641eb229b1e93540dede9b9,5ed80cf2bad8dd330eb4d739a19a5dced2b18149,data/raw/safety-v2-s30/formal-v1/formal-v1__profile__pyxel_snake__memory_bandwidth__p100__r01,"{""pyxel_snake"":""games/pyxel/07_snake.py""}","{""pyxel_snake"":""bc533fef92d1d358e570f69d979919fe5c1cd8c4da49841104b49a1e661a5ac3""}",d4ea01f41ca7f9384dcfe8d37adee3502434b88234b85c05570ece40c5b2b054
2,275,formal-v1__colocation__mega_wing+pyxel_jump__r01,formal-v1,colocation-main,test,colocation,"[""mega_wing"",""pyxel_jump""]",mega_wing,"[""pyxel_jump""]",mega_wing+pyxel_jump,mega_wing+pyxel_jump__r01,,,,1,10951231338318609641,10,30,1,10,windows-rtx4060,0,0,grid_2x2,true,80,97d038c3fba55e8663b4a244a72f2c6af5e355cf1641eb229b1e93540dede9b9,5ed80cf2bad8dd330eb4d739a19a5dced2b18149,data/raw/safety-v2-s30/formal-v1/formal-v1__colocation__mega_wing+pyxel_jump__r01,"{""mega_wing"":""games/pyxel/apps-src/mega_wing/mega_wing.py"",""pyxel_jump"":""games/pyxel/02_jump_game.py""}","{""mega_wing"":""86bad6c02a303806c58137503739241dc6b1e86695f7c0dbf672b5e1a1464e9f"",""pyxel_jump"":""4743a825f1c9cae7e049ac52115f4ecf83350db546c00745a54af187d7bc2e46""}",1c96bfcc0c878101b98f41a747513bf6ac9584ae20555a959b7ce69d35acdaf6
2,276,formal-v1__profile__space_rescue__memory_bandwidth__p050__r03,formal-v1,profile,not_applicable,pressure_profile,"[""space_rescue""]",space_rescue,[],,,memory_bandwidth,0.5,0.5,3,13990568347591883506,10,30,1,10,windows-rtx4060,0,0,grid_2x2,true,80,97d038c3fba55e8663b4a244a72f2c6af5e355cf1641eb229b1e93540dede9b9,5ed80cf2bad8dd330eb4d739a19a5dced2b18149,data/raw/safety-v2-s30/formal-v1/formal-v1__profile__space_rescue__memory_bandwidth__p050__r03,"{""space_rescue"":""games/pyxel/apps-src/space_rescue/space_rescue.py""}","{""space_rescue"":""f3b0ab6784ae558e64f06a3f0a704e53f107a130aa3d43357659d0850131e461""}",b34726299787761b3809fe8a4a159234eb3d6b528ec9529cf83d37def760ef3c
2,277,formal-v1__profile__pyxel_jump__gpu_compute__p050__r03,formal-v1,profile,not_applicable,pressure_profile,"[""pyxel_jump""]",pyxel_jump,[],,,gpu_compute,0.5,0.125,3,15791422067870909130,10,30,1,10,windows-rtx4060,0,0,grid_2x2,true,80,97d038c3fba55e8663b4a244a72f2c6af5e355cf1641eb229b1e93540dede9b9,5ed80cf2bad8dd330eb4d739a19a5dced2b18149,data/raw/safety-v2-s30/formal-v1/formal-v1__profile__pyxel_jump__gpu_compute__p050__r03,"{""pyxel_jump"":""games/pyxel/02_jump_game.py""}","{""pyxel_jump"":""4743a825f1c9cae7e049ac52115f4ecf83350db546c00745a54af187d7bc2e46""}",782895d1052161ba12c6c15d86de7adfa21c0c26187926fada304030528c750a
2,278,formal-v1__colocation__pyxel_platformer+pyxel_snake__r01,formal-v1,colocation-main,test,colocation,"[""pyxel_platformer"",""pyxel_snake""]",pyxel_platformer,"[""pyxel_snake""]",pyxel_platformer+pyxel_snake,pyxel_platformer+pyxel_snake__r01,,,,1,1696166496034655509,10,30,1,10,windows-rtx4060,0,0,grid_2x2,true,80,97d038c3fba55e8663b4a244a72f2c6af5e355cf1641eb229b1e93540dede9b9,5ed80cf2bad8dd330eb4d739a19a5dced2b18149,data/raw/safety-v2-s30/formal-v1/formal-v1__colocation__pyxel_platformer+pyxel_snake__r01,"{""pyxel_platformer"":""games/pyxel/10_platformer.py"",""pyxel_snake"":""games/pyxel/07_snake.py""}","{""pyxel_platformer"":""1b2c75b49dc9ab0254fb4b724682a4787868814a38d2f08920720dc5b6007ac5"",""pyxel_snake"":""bc533fef92d1d358e570f69d979919fe5c1cd8c4da49841104b49a1e661a5ac3""}",89aa84dd8385c98a5c877101ec2bd7c9cdc1e06d83fe218a281b1c9e548640ca
2,279,formal-v1__profile__pyxel_jump__memory_bandwidth__p000__r01,formal-v1,profile,not_applicable,pressure_profile,"[""pyxel_jump""]",pyxel_jump,[],,,memory_bandwidth,0,0,1,7034806655224282433,10,30,1,10,windows-rtx4060,0,0,grid_2x2,true,80,97d038c3fba55e8663b4a244a72f2c6af5e355cf1641eb229b1e93540dede9b9,5ed80cf2bad8dd330eb4d739a19a5dced2b18149,data/raw/safety-v2-s30/formal-v1/formal-v1__profile__pyxel_jump__memory_bandwidth__p000__r01,"{""pyxel_jump"":""games/pyxel/02_jump_game.py""}","{""pyxel_jump"":""4743a825f1c9cae7e049ac52115f4ecf83350db546c00745a54af187d7bc2e46""}",e40a7328a8d1dd4f0d9534a3b84c5535b4a87705ef5c1c9f28e01a505bf2fa1e
2,280,formal-v1__colocation__pyxel_platformer+pyxel_shooter+space_rescue__r01,formal-v1,colocation-main,validation,colocation,"[""pyxel_platformer"",""pyxel_shooter"",""space_rescue""]",pyxel_platformer,"[""pyxel_shooter"",""space_rescue""]",pyxel_platformer+pyxel_shooter+space_rescue,pyxel_platformer+pyxel_shooter+space_rescue__r01,,,,1,530035123137566220,10,30,1,10,windows-rtx4060,0,0,grid_2x2,true,80,97d038c3fba55e8663b4a244a72f2c6af5e355cf1641eb229b1e93540dede9b9,5ed80cf2bad8dd330eb4d739a19a5dced2b18149,data/raw/safety-v2-s30/formal-v1/formal-v1__colocation__pyxel_platformer+pyxel_shooter+space_rescue__r01,"{""pyxel_platformer"":""games/pyxel/10_platformer.py"",""pyxel_shooter"":""games/pyxel/09_shooter.py"",""space_rescue"":""games/pyxel/apps-src/space_rescue/space_rescue.py""}","{""pyxel_platformer"":""1b2c75b49dc9ab0254fb4b724682a4787868814a38d2f08920720dc5b6007ac5"",""pyxel_shooter"":""0f53e4156907eac41080a8f289e22c89365b3239517c754cf59a51af201d5563"",""space_rescue"":""f3b0ab6784ae558e64f06a3f0a704e53f107a130aa3d43357659d0850131e461""}",f3a9d2d7b8cbb8e95db50fa2751ebd0df21eff2813c2e462ce3508fe96f79278
2,281,formal-v1__profile__pyxel_snake__gpu_compute__p050__r03,formal-v1,profile,not_applicable,pressure_profile,"[""pyxel_snake""]",pyxel_snake,[],,,gpu_compute,0.5,0.125,3,12378868439774008811,10,30,1,10,windows-rtx4060,0,0,grid_2x2,true,80,97d038c3fba55e8663b4a244a72f2c6af5e355cf1641eb229b1e93540dede9b9,5ed80cf2bad8dd330eb4d739a19a5dced2b18149,data/raw/safety-v2-s30/formal-v1/formal-v1__profile__pyxel_snake__gpu_compute__p050__r03,"{""pyxel_snake"":""games/pyxel/07_snake.py""}","{""pyxel_snake"":""bc533fef92d1d358e570f69d979919fe5c1cd8c4da49841104b49a1e661a5ac3""}",f8de4afb1c51c4900123fd79dda82b786f078d96379631862f51ab2457224e03
2,282,formal-v1__profile__space_rescue__memory_bandwidth__p100__r01,formal-v1,profile,not_applicable,pressure_profile,"[""space_rescue""]",space_rescue,[],,,memory_bandwidth,1,1,1,11811356062193943186,10,30,1,10,windows-rtx4060,0,0,grid_2x2,true,80,97d038c3fba55e8663b4a244a72f2c6af5e355cf1641eb229b1e93540dede9b9,5ed80cf2bad8dd330eb4d739a19a5dced2b18149,data/raw/safety-v2-s30/formal-v1/formal-v1__profile__space_rescue__memory_bandwidth__p100__r01,"{""space_rescue"":""games/pyxel/apps-src/space_rescue/space_rescue.py""}","{""space_rescue"":""f3b0ab6784ae558e64f06a3f0a704e53f107a130aa3d43357659d0850131e461""}",ac76540b8d26889970a0b7e2c69af9bfba5aa2665f8506412e5e290af685280a
2,283,formal-v1__profile__space_rescue__memory_bandwidth__p000__r03,formal-v1,profile,not_applicable,pressure_profile,"[""space_rescue""]",space_rescue,[],,,memory_bandwidth,0,0,3,16680801273799023032,10,30,1,10,windows-rtx4060,0,0,grid_2x2,true,80,97d038c3fba55e8663b4a244a72f2c6af5e355cf1641eb229b1e93540dede9b9,5ed80cf2bad8dd330eb4d739a19a5dced2b18149,data/raw/safety-v2-s30/formal-v1/formal-v1__profile__space_rescue__memory_bandwidth__p000__r03,"{""space_rescue"":""games/pyxel/apps-src/space_rescue/space_rescue.py""}","{""space_rescue"":""f3b0ab6784ae558e64f06a3f0a704e53f107a130aa3d43357659d0850131e461""}",2e9c65f67a16359e0c35777ff4f739325bf215c115df001e5857608819d093cb
2,284,formal-v1__colocation__pyxel_bubbles+pyxel_platformer__r01,formal-v1,colocation-main,train,colocation,"[""pyxel_bubbles"",""pyxel_platformer""]",pyxel_bubbles,"[""pyxel_platformer""]",pyxel_bubbles+pyxel_platformer,pyxel_bubbles+pyxel_platformer__r01,,,,1,15902120588225086509,10,30,1,10,windows-rtx4060,0,0,grid_2x2,true,80,97d038c3fba55e8663b4a244a72f2c6af5e355cf1641eb229b1e93540dede9b9,5ed80cf2bad8dd330eb4d739a19a5dced2b18149,data/raw/safety-v2-s30/formal-v1/formal-v1__colocation__pyxel_bubbles+pyxel_platformer__r01,"{""pyxel_bubbles"":""games/pyxel/06_click_game.py"",""pyxel_platformer"":""games/pyxel/10_platformer.py""}","{""pyxel_bubbles"":""54c101e90bdaed839ac4c4284494530d5df37a5819a35f1e41eebb0b3da5d900"",""pyxel_platformer"":""1b2c75b49dc9ab0254fb4b724682a4787868814a38d2f08920720dc5b6007ac5""}",1b8f99500b2777071a3a00cff8d60125e2437c88b5894d60ec53b48c34725544
2,285,formal-v1__colocation__pyxel_platformer+pyxel_shooter__r02,formal-v1,colocation-main,train,colocation,"[""pyxel_platformer"",""pyxel_shooter""]",pyxel_platformer,"[""pyxel_shooter""]",pyxel_platformer+pyxel_shooter,pyxel_platformer+pyxel_shooter__r02,,,,2,13951401537072748805,10,30,1,10,windows-rtx4060,0,0,grid_2x2,true,80,97d038c3fba55e8663b4a244a72f2c6af5e355cf1641eb229b1e93540dede9b9,5ed80cf2bad8dd330eb4d739a19a5dced2b18149,data/raw/safety-v2-s30/formal-v1/formal-v1__colocation__pyxel_platformer+pyxel_shooter__r02,"{""pyxel_platformer"":""games/pyxel/10_platformer.py"",""pyxel_shooter"":""games/pyxel/09_shooter.py""}","{""pyxel_platformer"":""1b2c75b49dc9ab0254fb4b724682a4787868814a38d2f08920720dc5b6007ac5"",""pyxel_shooter"":""0f53e4156907eac41080a8f289e22c89365b3239517c754cf59a51af201d5563""}",2141f2fd848dc23283cbdee545c31655cb39e62c49d28bfbc4134228e588ca30
2,286,formal-v1__profile__space_rescue__memory_bandwidth__p100__r02,formal-v1,profile,not_applicable,pressure_profile,"[""space_rescue""]",space_rescue,[],,,memory_bandwidth,1,1,2,8176713336419449962,10,30,1,10,windows-rtx4060,0,0,grid_2x2,true,80,97d038c3fba55e8663b4a244a72f2c6af5e355cf1641eb229b1e93540dede9b9,5ed80cf2bad8dd330eb4d739a19a5dced2b18149,data/raw/safety-v2-s30/formal-v1/formal-v1__profile__space_rescue__memory_bandwidth__p100__r02,"{""space_rescue"":""games/pyxel/apps-src/space_rescue/space_rescue.py""}","{""space_rescue"":""f3b0ab6784ae558e64f06a3f0a704e53f107a130aa3d43357659d0850131e461""}",d19e301994f5f7627b45a4efe3eb5ce145c9f5303f13bbf5dc7650c6d90897e1
2,287,formal-v1__profile__daylight__gpu_compute__p100__r03,formal-v1,profile,not_applicable,pressure_profile,"[""daylight""]",daylight,[],,,gpu_compute,1,0.25,3,17498737074879204457,10,30,1,10,windows-rtx4060,0,0,grid_2x2,true,80,97d038c3fba55e8663b4a244a72f2c6af5e355cf1641eb229b1e93540dede9b9,5ed80cf2bad8dd330eb4d739a19a5dced2b18149,data/raw/safety-v2-s30/formal-v1/formal-v1__profile__daylight__gpu_compute__p100__r03,"{""daylight"":""games/pyxel/apps-src/30SecondsOfDaylight/src/main.py""}","{""daylight"":""21a365375249e9d7ea05e78dcfe040f09cc1f0c66bd410bae084190c743a028f""}",61fd9068274509ea0e05054fcfbd40fe6ec5c13780994ca010ae744cfe831e44
2,288,formal-v1__profile__space_rescue__gpu_compute__p050__r02,formal-v1,profile,not_applicable,pressure_profile,"[""space_rescue""]",space_rescue,[],,,gpu_compute,0.5,0.125,2,2831905124637667923,10,30,1,10,windows-rtx4060,0,0,grid_2x2,true,80,97d038c3fba55e8663b4a244a72f2c6af5e355cf1641eb229b1e93540dede9b9,5ed80cf2bad8dd330eb4d739a19a5dced2b18149,data/raw/safety-v2-s30/formal-v1/formal-v1__profile__space_rescue__gpu_compute__p050__r02,"{""space_rescue"":""games/pyxel/apps-src/space_rescue/space_rescue.py""}","{""space_rescue"":""f3b0ab6784ae558e64f06a3f0a704e53f107a130aa3d43357659d0850131e461""}",9a0aea002e9a2436a1d56e23e730bcba352b0969fe635099174ec32647b63255
2,289,formal-v1__colocation__mega_wing+pyxel_bubbles+space_rescue__r03,formal-v1,colocation-main,train,colocation,"[""mega_wing"",""pyxel_bubbles"",""space_rescue""]",mega_wing,"[""pyxel_bubbles"",""space_rescue""]",mega_wing+pyxel_bubbles+space_rescue,mega_wing+pyxel_bubbles+space_rescue__r03,,,,3,10978761875731769058,10,30,1,10,windows-rtx4060,0,0,grid_2x2,true,80,97d038c3fba55e8663b4a244a72f2c6af5e355cf1641eb229b1e93540dede9b9,5ed80cf2bad8dd330eb4d739a19a5dced2b18149,data/raw/safety-v2-s30/formal-v1/formal-v1__colocation__mega_wing+pyxel_bubbles+space_rescue__r03,"{""mega_wing"":""games/pyxel/apps-src/mega_wing/mega_wing.py"",""pyxel_bubbles"":""games/pyxel/06_click_game.py"",""space_rescue"":""games/pyxel/apps-src/space_rescue/space_rescue.py""}","{""mega_wing"":""86bad6c02a303806c58137503739241dc6b1e86695f7c0dbf672b5e1a1464e9f"",""pyxel_bubbles"":""54c101e90bdaed839ac4c4284494530d5df37a5819a35f1e41eebb0b3da5d900"",""space_rescue"":""f3b0ab6784ae558e64f06a3f0a704e53f107a130aa3d43357659d0850131e461""}",0ba169ae87c39cd483795bde22612dbba38e446018f511f95014322a639142d1
2,290,formal-v1__profile__pyxel_bubbles__gpu_compute__p000__r02,formal-v1,profile,not_applicable,pressure_profile,"[""pyxel_bubbles""]",pyxel_bubbles,[],,,gpu_compute,0,0,2,6507576222143920182,10,30,1,10,windows-rtx4060,0,0,grid_2x2,true,80,97d038c3fba55e8663b4a244a72f2c6af5e355cf1641eb229b1e93540dede9b9,5ed80cf2bad8dd330eb4d739a19a5dced2b18149,data/raw/safety-v2-s30/formal-v1/formal-v1__profile__pyxel_bubbles__gpu_compute__p000__r02,"{""pyxel_bubbles"":""games/pyxel/06_click_game.py""}","{""pyxel_bubbles"":""54c101e90bdaed839ac4c4284494530d5df37a5819a35f1e41eebb0b3da5d900""}",0a3fc4521616d80321c611de222f22559f7d17fc18141fa0c57e44b83dbd0d64
2,291,formal-v1__profile__space_rescue__memory_bandwidth__p000__r02,formal-v1,profile,not_applicable,pressure_profile,"[""space_rescue""]",space_rescue,[],,,memory_bandwidth,0,0,2,12283526450698234265,10,30,1,10,windows-rtx4060,0,0,grid_2x2,true,80,97d038c3fba55e8663b4a244a72f2c6af5e355cf1641eb229b1e93540dede9b9,5ed80cf2bad8dd330eb4d739a19a5dced2b18149,data/raw/safety-v2-s30/formal-v1/formal-v1__profile__space_rescue__memory_bandwidth__p000__r02,"{""space_rescue"":""games/pyxel/apps-src/space_rescue/space_rescue.py""}","{""space_rescue"":""f3b0ab6784ae558e64f06a3f0a704e53f107a130aa3d43357659d0850131e461""}",bcf965a6d7cec80f4538487148148678d9917dcaa10b33dbf0f390f4a62ef9fd
2,292,formal-v1__profile__pyxel_snake__cpu_compute__p050__r03,formal-v1,profile,not_applicable,pressure_profile,"[""pyxel_snake""]",pyxel_snake,[],,,cpu_compute,0.5,0.5,3,12974105224448076900,10,30,1,10,windows-rtx4060,0,0,grid_2x2,true,80,97d038c3fba55e8663b4a244a72f2c6af5e355cf1641eb229b1e93540dede9b9,5ed80cf2bad8dd330eb4d739a19a5dced2b18149,data/raw/safety-v2-s30/formal-v1/formal-v1__profile__pyxel_snake__cpu_compute__p050__r03,"{""pyxel_snake"":""games/pyxel/07_snake.py""}","{""pyxel_snake"":""bc533fef92d1d358e570f69d979919fe5c1cd8c4da49841104b49a1e661a5ac3""}",8043554f39fef1119e64842cf0e8345f2bb4f4c2f2a8009ac63624c4c9519921
2,293,formal-v1__colocation__mega_wing+pyxel_bubbles+pyxel_snake__r01,formal-v1,colocation-main,train,colocation,"[""mega_wing"",""pyxel_bubbles"",""pyxel_snake""]",mega_wing,"[""pyxel_bubbles"",""pyxel_snake""]",mega_wing+pyxel_bubbles+pyxel_snake,mega_wing+pyxel_bubbles+pyxel_snake__r01,,,,1,5213251114307413380,10,30,1,10,windows-rtx4060,0,0,grid_2x2,true,80,97d038c3fba55e8663b4a244a72f2c6af5e355cf1641eb229b1e93540dede9b9,5ed80cf2bad8dd330eb4d739a19a5dced2b18149,data/raw/safety-v2-s30/formal-v1/formal-v1__colocation__mega_wing+pyxel_bubbles+pyxel_snake__r01,"{""mega_wing"":""games/pyxel/apps-src/mega_wing/mega_wing.py"",""pyxel_bubbles"":""games/pyxel/06_click_game.py"",""pyxel_snake"":""games/pyxel/07_snake.py""}","{""mega_wing"":""86bad6c02a303806c58137503739241dc6b1e86695f7c0dbf672b5e1a1464e9f"",""pyxel_bubbles"":""54c101e90bdaed839ac4c4284494530d5df37a5819a35f1e41eebb0b3da5d900"",""pyxel_snake"":""bc533fef92d1d358e570f69d979919fe5c1cd8c4da49841104b49a1e661a5ac3""}",c002589114f8835eaf974539c99e95d4a5f8ac67e8811434f7251802c436eecc
2,294,formal-v1__profile__pyxel_platformer__memory_bandwidth__p050__r02,formal-v1,profile,not_applicable,pressure_profile,"[""pyxel_platformer""]",pyxel_platformer,[],,,memory_bandwidth,0.5,0.5,2,16022214708714483823,10,30,1,10,windows-rtx4060,0,0,grid_2x2,true,80,97d038c3fba55e8663b4a244a72f2c6af5e355cf1641eb229b1e93540dede9b9,5ed80cf2bad8dd330eb4d739a19a5dced2b18149,data/raw/safety-v2-s30/formal-v1/formal-v1__profile__pyxel_platformer__memory_bandwidth__p050__r02,"{""pyxel_platformer"":""games/pyxel/10_platformer.py""}","{""pyxel_platformer"":""1b2c75b49dc9ab0254fb4b724682a4787868814a38d2f08920720dc5b6007ac5""}",e97cc869179a159c4873c0bf10d9934724dabe322c3b0f769dc410d35dde3fae
2,295,formal-v1__profile__pyxel_platformer__cpu_compute__p025__r01,formal-v1,profile,not_applicable,pressure_profile,"[""pyxel_platformer""]",pyxel_platformer,[],,,cpu_compute,0.25,0.25,1,3921572364177749984,10,30,1,10,windows-rtx4060,0,0,grid_2x2,true,80,97d038c3fba55e8663b4a244a72f2c6af5e355cf1641eb229b1e93540dede9b9,5ed80cf2bad8dd330eb4d739a19a5dced2b18149,data/raw/safety-v2-s30/formal-v1/formal-v1__profile__pyxel_platformer__cpu_compute__p025__r01,"{""pyxel_platformer"":""games/pyxel/10_platformer.py""}","{""pyxel_platformer"":""1b2c75b49dc9ab0254fb4b724682a4787868814a38d2f08920720dc5b6007ac5""}",036a02225fe22b5534ff9e6eec14aba7cfc0841517f7d40608082b5a9bb7fc14
2,296,formal-v1__profile__pyxel_shooter__gpu_compute__p100__r03,formal-v1,profile,not_applicable,pressure_profile,"[""pyxel_shooter""]",pyxel_shooter,[],,,gpu_compute,1,0.25,3,11187716985421809269,10,30,1,10,windows-rtx4060,0,0,grid_2x2,true,80,97d038c3fba55e8663b4a244a72f2c6af5e355cf1641eb229b1e93540dede9b9,5ed80cf2bad8dd330eb4d739a19a5dced2b18149,data/raw/safety-v2-s30/formal-v1/formal-v1__profile__pyxel_shooter__gpu_compute__p100__r03,"{""pyxel_shooter"":""games/pyxel/09_shooter.py""}","{""pyxel_shooter"":""0f53e4156907eac41080a8f289e22c89365b3239517c754cf59a51af201d5563""}",9feb43dfec1c422463da993685afe2b6b12f06ce28aca74f3d70893e0785e252
2,297,formal-v1__profile__pyxel_jump__cpu_compute__p025__r02,formal-v1,profile,not_applicable,pressure_profile,"[""pyxel_jump""]",pyxel_jump,[],,,cpu_compute,0.25,0.25,2,11541848872985042194,10,30,1,10,windows-rtx4060,0,0,grid_2x2,true,80,97d038c3fba55e8663b4a244a72f2c6af5e355cf1641eb229b1e93540dede9b9,5ed80cf2bad8dd330eb4d739a19a5dced2b18149,data/raw/safety-v2-s30/formal-v1/formal-v1__profile__pyxel_jump__cpu_compute__p025__r02,"{""pyxel_jump"":""games/pyxel/02_jump_game.py""}","{""pyxel_jump"":""4743a825f1c9cae7e049ac52115f4ecf83350db546c00745a54af187d7bc2e46""}",b27843aeab06af94c273a8fb2d42d2c0b090feea025cd6d29b71ee82cf477ef1
2,298,formal-v1__profile__pyxel_shooter__cpu_compute__p025__r03,formal-v1,profile,not_applicable,pressure_profile,"[""pyxel_shooter""]",pyxel_shooter,[],,,cpu_compute,0.25,0.25,3,17660117363831700035,10,30,1,10,windows-rtx4060,0,0,grid_2x2,true,80,97d038c3fba55e8663b4a244a72f2c6af5e355cf1641eb229b1e93540dede9b9,5ed80cf2bad8dd330eb4d739a19a5dced2b18149,data/raw/safety-v2-s30/formal-v1/formal-v1__profile__pyxel_shooter__cpu_compute__p025__r03,"{""pyxel_shooter"":""games/pyxel/09_shooter.py""}","{""pyxel_shooter"":""0f53e4156907eac41080a8f289e22c89365b3239517c754cf59a51af201d5563""}",e1bdc3cd64830759def67a92330f499a17c705072c886c2b039f8a4d40c4f99a
2,299,formal-v1__profile__space_rescue__gpu_memory__p050__r03,formal-v1,profile,not_applicable,pressure_profile,"[""space_rescue""]",space_rescue,[],,,gpu_memory,0.5,0.5,3,9289223112394258126,10,30,1,10,windows-rtx4060,0,0,grid_2x2,true,80,97d038c3fba55e8663b4a244a72f2c6af5e355cf1641eb229b1e93540dede9b9,5ed80cf2bad8dd330eb4d739a19a5dced2b18149,data/raw/safety-v2-s30/formal-v1/formal-v1__profile__space_rescue__gpu_memory__p050__r03,"{""space_rescue"":""games/pyxel/apps-src/space_rescue/space_rescue.py""}","{""space_rescue"":""f3b0ab6784ae558e64f06a3f0a704e53f107a130aa3d43357659d0850131e461""}",1ce1eb07fdea49d93a74b4407f9b334d59470655299af3ac1bb3db7418ac58f3
2,300,formal-v1__profile__pyxel_bubbles__memory_bandwidth__p050__r02,formal-v1,profile,not_applicable,pressure_profile,"[""pyxel_bubbles""]",pyxel_bubbles,[],,,memory_bandwidth,0.5,0.5,2,7798065937651469100,10,30,1,10,windows-rtx4060,0,0,grid_2x2,true,80,97d038c3fba55e8663b4a244a72f2c6af5e355cf1641eb229b1e93540dede9b9,5ed80cf2bad8dd330eb4d739a19a5dced2b18149,data/raw/safety-v2-s30/formal-v1/formal-v1__profile__pyxel_bubbles__memory_bandwidth__p050__r02,"{""pyxel_bubbles"":""games/pyxel/06_click_game.py""}","{""pyxel_bubbles"":""54c101e90bdaed839ac4c4284494530d5df37a5819a35f1e41eebb0b3da5d900""}",8d9201abe42ae8d87e8ea5d4bcff6290f2c6ebb45cb1069d7665466611ba4a75
2,301,formal-v1__profile__mega_wing__cpu_compute__p025__r03,formal-v1,profile,not_applicable,pressure_profile,"[""mega_wing""]",mega_wing,[],,,cpu_compute,0.25,0.25,3,14923081146202905534,10,30,1,10,windows-rtx4060,0,0,grid_2x2,true,80,97d038c3fba55e8663b4a244a72f2c6af5e355cf1641eb229b1e93540dede9b9,5ed80cf2bad8dd330eb4d739a19a5dced2b18149,data/raw/safety-v2-s30/formal-v1/formal-v1__profile__mega_wing__cpu_compute__p025__r03,"{""mega_wing"":""games/pyxel/apps-src/mega_wing/mega_wing.py""}","{""mega_wing"":""86bad6c02a303806c58137503739241dc6b1e86695f7c0dbf672b5e1a1464e9f""}",a4d776bf3e3ec52929704250fcc8305fd6c330d6186479bd791033070f605bc0
2,302,formal-v1__profile__daylight__memory_bandwidth__p075__r03,formal-v1,profile,not_applicable,pressure_profile,"[""daylight""]",daylight,[],,,memory_bandwidth,0.75,0.75,3,8749102145442139478,10,30,1,10,windows-rtx4060,0,0,grid_2x2,true,80,97d038c3fba55e8663b4a244a72f2c6af5e355cf1641eb229b1e93540dede9b9,5ed80cf2bad8dd330eb4d739a19a5dced2b18149,data/raw/safety-v2-s30/formal-v1/formal-v1__profile__daylight__memory_bandwidth__p075__r03,"{""daylight"":""games/pyxel/apps-src/30SecondsOfDaylight/src/main.py""}","{""daylight"":""21a365375249e9d7ea05e78dcfe040f09cc1f0c66bd410bae084190c743a028f""}",f7e08db54a866add6e98b67fab791dae6c6f271b79ee72c254f468f01f39349d
2,303,formal-v1__solo__pyxel_platformer__r02,formal-v1,solo,not_applicable,solo,"[""pyxel_platformer""]",pyxel_platformer,[],,,,,,2,13166478515344074274,10,30,1,10,windows-rtx4060,0,0,grid_2x2,true,80,97d038c3fba55e8663b4a244a72f2c6af5e355cf1641eb229b1e93540dede9b9,5ed80cf2bad8dd330eb4d739a19a5dced2b18149,data/raw/safety-v2-s30/formal-v1/formal-v1__solo__pyxel_platformer__r02,"{""pyxel_platformer"":""games/pyxel/10_platformer.py""}","{""pyxel_platformer"":""1b2c75b49dc9ab0254fb4b724682a4787868814a38d2f08920720dc5b6007ac5""}",81aecf3f9a48a02d6ee75e4f3d98d2b2497a72bc0e23ac94ca4ee20512b05c86
2,304,formal-v1__profile__pyxel_jump__gpu_memory__p025__r03,formal-v1,profile,not_applicable,pressure_profile,"[""pyxel_jump""]",pyxel_jump,[],,,gpu_memory,0.25,0.25,3,6082426227621316649,10,30,1,10,windows-rtx4060,0,0,grid_2x2,true,80,97d038c3fba55e8663b4a244a72f2c6af5e355cf1641eb229b1e93540dede9b9,5ed80cf2bad8dd330eb4d739a19a5dced2b18149,data/raw/safety-v2-s30/formal-v1/formal-v1__profile__pyxel_jump__gpu_memory__p025__r03,"{""pyxel_jump"":""games/pyxel/02_jump_game.py""}","{""pyxel_jump"":""4743a825f1c9cae7e049ac52115f4ecf83350db546c00745a54af187d7bc2e46""}",c4453dd81e8a91a35b77eaf937536e641ebe621e3a285d4cb64903b661c87d53
2,305,formal-v1__profile__pyxel_platformer__gpu_memory__p000__r03,formal-v1,profile,not_applicable,pressure_profile,"[""pyxel_platformer""]",pyxel_platformer,[],,,gpu_memory,0,0,3,7081658000659636395,10,30,1,10,windows-rtx4060,0,0,grid_2x2,true,80,97d038c3fba55e8663b4a244a72f2c6af5e355cf1641eb229b1e93540dede9b9,5ed80cf2bad8dd330eb4d739a19a5dced2b18149,data/raw/safety-v2-s30/formal-v1/formal-v1__profile__pyxel_platformer__gpu_memory__p000__r03,"{""pyxel_platformer"":""games/pyxel/10_platformer.py""}","{""pyxel_platformer"":""1b2c75b49dc9ab0254fb4b724682a4787868814a38d2f08920720dc5b6007ac5""}",4be1e9d1b40c6634489fee2d4fb5aa35f02d2b1ec923554aa5b2ecefbe109202
2,306,formal-v1__colocation__daylight+pyxel_platformer__r03,formal-v1,colocation-main,validation,colocation,"[""daylight"",""pyxel_platformer""]",daylight,"[""pyxel_platformer""]",daylight+pyxel_platformer,daylight+pyxel_platformer__r03,,,,3,17641492199377615183,10,30,1,10,windows-rtx4060,0,0,grid_2x2,true,80,97d038c3fba55e8663b4a244a72f2c6af5e355cf1641eb229b1e93540dede9b9,5ed80cf2bad8dd330eb4d739a19a5dced2b18149,data/raw/safety-v2-s30/formal-v1/formal-v1__colocation__daylight+pyxel_platformer__r03,"{""daylight"":""games/pyxel/apps-src/30SecondsOfDaylight/src/main.py"",""pyxel_platformer"":""games/pyxel/10_platformer.py""}","{""daylight"":""21a365375249e9d7ea05e78dcfe040f09cc1f0c66bd410bae084190c743a028f"",""pyxel_platformer"":""1b2c75b49dc9ab0254fb4b724682a4787868814a38d2f08920720dc5b6007ac5""}",e100298dbd367f2c205e545b801b043fd065ddd8ca4c6d236bf79f28d247a0ad
2,307,formal-v1__profile__pyxel_snake__gpu_compute__p075__r01,formal-v1,profile,not_applicable,pressure_profile,"[""pyxel_snake""]",pyxel_snake,[],,,gpu_compute,0.75,0.1875,1,6765152900215732613,10,30,1,10,windows-rtx4060,0,0,grid_2x2,true,80,97d038c3fba55e8663b4a244a72f2c6af5e355cf1641eb229b1e93540dede9b9,5ed80cf2bad8dd330eb4d739a19a5dced2b18149,data/raw/safety-v2-s30/formal-v1/formal-v1__profile__pyxel_snake__gpu_compute__p075__r01,"{""pyxel_snake"":""games/pyxel/07_snake.py""}","{""pyxel_snake"":""bc533fef92d1d358e570f69d979919fe5c1cd8c4da49841104b49a1e661a5ac3""}",4ea3fa28aad7d40fbd374ca1782a0bcbf5b6b2506dd72f7303e636af7c718b2b
2,308,formal-v1__profile__pyxel_platformer__gpu_compute__p025__r03,formal-v1,profile,not_applicable,pressure_profile,"[""pyxel_platformer""]",pyxel_platformer,[],,,gpu_compute,0.25,0.0625,3,6464914627224340644,10,30,1,10,windows-rtx4060,0,0,grid_2x2,true,80,97d038c3fba55e8663b4a244a72f2c6af5e355cf1641eb229b1e93540dede9b9,5ed80cf2bad8dd330eb4d739a19a5dced2b18149,data/raw/safety-v2-s30/formal-v1/formal-v1__profile__pyxel_platformer__gpu_compute__p025__r03,"{""pyxel_platformer"":""games/pyxel/10_platformer.py""}","{""pyxel_platformer"":""1b2c75b49dc9ab0254fb4b724682a4787868814a38d2f08920720dc5b6007ac5""}",34e6f4525414a9e333a41b718bf0122f35da80a9621674daff1854a7849d31e7
2,309,formal-v1__profile__pyxel_snake__cpu_compute__p025__r01,formal-v1,profile,not_applicable,pressure_profile,"[""pyxel_snake""]",pyxel_snake,[],,,cpu_compute,0.25,0.25,1,7063583601675846007,10,30,1,10,windows-rtx4060,0,0,grid_2x2,true,80,97d038c3fba55e8663b4a244a72f2c6af5e355cf1641eb229b1e93540dede9b9,5ed80cf2bad8dd330eb4d739a19a5dced2b18149,data/raw/safety-v2-s30/formal-v1/formal-v1__profile__pyxel_snake__cpu_compute__p025__r01,"{""pyxel_snake"":""games/pyxel/07_snake.py""}","{""pyxel_snake"":""bc533fef92d1d358e570f69d979919fe5c1cd8c4da49841104b49a1e661a5ac3""}",908dae4c2c18dbe6f29739f4926420d8206ef290b0951f17f5b42bccfe09d900
2,310,formal-v1__colocation__pyxel_platformer+pyxel_shooter+space_rescue__r02,formal-v1,colocation-main,validation,colocation,"[""pyxel_platformer"",""pyxel_shooter"",""space_rescue""]",pyxel_platformer,"[""pyxel_shooter"",""space_rescue""]",pyxel_platformer+pyxel_shooter+space_rescue,pyxel_platformer+pyxel_shooter+space_rescue__r02,,,,2,9920325526379105926,10,30,1,10,windows-rtx4060,0,0,grid_2x2,true,80,97d038c3fba55e8663b4a244a72f2c6af5e355cf1641eb229b1e93540dede9b9,5ed80cf2bad8dd330eb4d739a19a5dced2b18149,data/raw/safety-v2-s30/formal-v1/formal-v1__colocation__pyxel_platformer+pyxel_shooter+space_rescue__r02,"{""pyxel_platformer"":""games/pyxel/10_platformer.py"",""pyxel_shooter"":""games/pyxel/09_shooter.py"",""space_rescue"":""games/pyxel/apps-src/space_rescue/space_rescue.py""}","{""pyxel_platformer"":""1b2c75b49dc9ab0254fb4b724682a4787868814a38d2f08920720dc5b6007ac5"",""pyxel_shooter"":""0f53e4156907eac41080a8f289e22c89365b3239517c754cf59a51af201d5563"",""space_rescue"":""f3b0ab6784ae558e64f06a3f0a704e53f107a130aa3d43357659d0850131e461""}",ed0de3bcee4ac6ea6d4f9998894cdbc32308f1dbd815711b45e329cbc324ec21
2,311,formal-v1__colocation__daylight+pyxel_platformer+pyxel_snake__r01,formal-v1,colocation-main,validation,colocation,"[""daylight"",""pyxel_platformer"",""pyxel_snake""]",daylight,"[""pyxel_platformer"",""pyxel_snake""]",daylight+pyxel_platformer+pyxel_snake,daylight+pyxel_platformer+pyxel_snake__r01,,,,1,2315718514598189427,10,30,1,10,windows-rtx4060,0,0,grid_2x2,true,80,97d038c3fba55e8663b4a244a72f2c6af5e355cf1641eb229b1e93540dede9b9,5ed80cf2bad8dd330eb4d739a19a5dced2b18149,data/raw/safety-v2-s30/formal-v1/formal-v1__colocation__daylight+pyxel_platformer+pyxel_snake__r01,"{""daylight"":""games/pyxel/apps-src/30SecondsOfDaylight/src/main.py"",""pyxel_platformer"":""games/pyxel/10_platformer.py"",""pyxel_snake"":""games/pyxel/07_snake.py""}","{""daylight"":""21a365375249e9d7ea05e78dcfe040f09cc1f0c66bd410bae084190c743a028f"",""pyxel_platformer"":""1b2c75b49dc9ab0254fb4b724682a4787868814a38d2f08920720dc5b6007ac5"",""pyxel_snake"":""bc533fef92d1d358e570f69d979919fe5c1cd8c4da49841104b49a1e661a5ac3""}",f8e197b4fd37481c4c17e1ea8e6b2ee5030f9874dd19503ee6f8e6fe8b8f3542
2,312,formal-v1__profile__pyxel_snake__cpu_compute__p075__r01,formal-v1,profile,not_applicable,pressure_profile,"[""pyxel_snake""]",pyxel_snake,[],,,cpu_compute,0.75,0.75,1,11125643496581567022,10,30,1,10,windows-rtx4060,0,0,grid_2x2,true,80,97d038c3fba55e8663b4a244a72f2c6af5e355cf1641eb229b1e93540dede9b9,5ed80cf2bad8dd330eb4d739a19a5dced2b18149,data/raw/safety-v2-s30/formal-v1/formal-v1__profile__pyxel_snake__cpu_compute__p075__r01,"{""pyxel_snake"":""games/pyxel/07_snake.py""}","{""pyxel_snake"":""bc533fef92d1d358e570f69d979919fe5c1cd8c4da49841104b49a1e661a5ac3""}",884d4db9c1aafa2310b57d02a2b678d74d26c2ab243be93e94a1025440a2bb73
2,313,formal-v1__profile__pyxel_bubbles__cpu_compute__p025__r03,formal-v1,profile,not_applicable,pressure_profile,"[""pyxel_bubbles""]",pyxel_bubbles,[],,,cpu_compute,0.25,0.25,3,5249474895140404782,10,30,1,10,windows-rtx4060,0,0,grid_2x2,true,80,97d038c3fba55e8663b4a244a72f2c6af5e355cf1641eb229b1e93540dede9b9,5ed80cf2bad8dd330eb4d739a19a5dced2b18149,data/raw/safety-v2-s30/formal-v1/formal-v1__profile__pyxel_bubbles__cpu_compute__p025__r03,"{""pyxel_bubbles"":""games/pyxel/06_click_game.py""}","{""pyxel_bubbles"":""54c101e90bdaed839ac4c4284494530d5df37a5819a35f1e41eebb0b3da5d900""}",f3f4b4362a32177f29e6db017138f37882e192a8dbeb283e8ef20cc1fb8260fb
2,314,formal-v1__colocation__daylight+pyxel_bubbles+pyxel_jump__r03,formal-v1,colocation-main,test,colocation,"[""daylight"",""pyxel_bubbles"",""pyxel_jump""]",daylight,"[""pyxel_bubbles"",""pyxel_jump""]",daylight+pyxel_bubbles+pyxel_jump,daylight+pyxel_bubbles+pyxel_jump__r03,,,,3,16335151718453586146,10,30,1,10,windows-rtx4060,0,0,grid_2x2,true,80,97d038c3fba55e8663b4a244a72f2c6af5e355cf1641eb229b1e93540dede9b9,5ed80cf2bad8dd330eb4d739a19a5dced2b18149,data/raw/safety-v2-s30/formal-v1/formal-v1__colocation__daylight+pyxel_bubbles+pyxel_jump__r03,"{""daylight"":""games/pyxel/apps-src/30SecondsOfDaylight/src/main.py"",""pyxel_bubbles"":""games/pyxel/06_click_game.py"",""pyxel_jump"":""games/pyxel/02_jump_game.py""}","{""daylight"":""21a365375249e9d7ea05e78dcfe040f09cc1f0c66bd410bae084190c743a028f"",""pyxel_bubbles"":""54c101e90bdaed839ac4c4284494530d5df37a5819a35f1e41eebb0b3da5d900"",""pyxel_jump"":""4743a825f1c9cae7e049ac52115f4ecf83350db546c00745a54af187d7bc2e46""}",9d19a2f2d15433bfb6b9f56bdd9b513e774c8cff557dc8a1dcfb8e158dfeab09
2,315,formal-v1__extra__daylight+pyxel_jump+pyxel_snake+space_rescue__r02,formal-v1,colocation-extra-test,extra_test,extra_test,"[""daylight"",""pyxel_jump"",""pyxel_snake"",""space_rescue""]",daylight,"[""pyxel_jump"",""pyxel_snake"",""space_rescue""]",daylight+pyxel_jump+pyxel_snake+space_rescue,daylight+pyxel_jump+pyxel_snake+space_rescue__r02,,,,2,12588195661761314844,10,30,1,10,windows-rtx4060,0,0,grid_2x2,true,80,97d038c3fba55e8663b4a244a72f2c6af5e355cf1641eb229b1e93540dede9b9,5ed80cf2bad8dd330eb4d739a19a5dced2b18149,data/raw/safety-v2-s30/formal-v1/formal-v1__extra__daylight+pyxel_jump+pyxel_snake+space_rescue__r02,"{""daylight"":""games/pyxel/apps-src/30SecondsOfDaylight/src/main.py"",""pyxel_jump"":""games/pyxel/02_jump_game.py"",""pyxel_snake"":""games/pyxel/07_snake.py"",""space_rescue"":""games/pyxel/apps-src/space_rescue/space_rescue.py""}","{""daylight"":""21a365375249e9d7ea05e78dcfe040f09cc1f0c66bd410bae084190c743a028f"",""pyxel_jump"":""4743a825f1c9cae7e049ac52115f4ecf83350db546c00745a54af187d7bc2e46"",""pyxel_snake"":""bc533fef92d1d358e570f69d979919fe5c1cd8c4da49841104b49a1e661a5ac3"",""space_rescue"":""f3b0ab6784ae558e64f06a3f0a704e53f107a130aa3d43357659d0850131e461""}",0318e8194cf758564d78501758d966d9b0beb8b45eb52c342361c2b42db8bd79
2,316,formal-v1__solo__space_rescue__r02,formal-v1,solo,not_applicable,solo,"[""space_rescue""]",space_rescue,[],,,,,,2,17469599324371223650,10,30,1,10,windows-rtx4060,0,0,grid_2x2,true,80,97d038c3fba55e8663b4a244a72f2c6af5e355cf1641eb229b1e93540dede9b9,5ed80cf2bad8dd330eb4d739a19a5dced2b18149,data/raw/safety-v2-s30/formal-v1/formal-v1__solo__space_rescue__r02,"{""space_rescue"":""games/pyxel/apps-src/space_rescue/space_rescue.py""}","{""space_rescue"":""f3b0ab6784ae558e64f06a3f0a704e53f107a130aa3d43357659d0850131e461""}",314aaa0f3058ccafb1afb9282304d63d06bb089d17aebcefc0e0b514088a3ca2
2,317,formal-v1__colocation__daylight+mega_wing+pyxel_snake__r03,formal-v1,colocation-main,train,colocation,"[""daylight"",""mega_wing"",""pyxel_snake""]",daylight,"[""mega_wing"",""pyxel_snake""]",daylight+mega_wing+pyxel_snake,daylight+mega_wing+pyxel_snake__r03,,,,3,12724699600798452488,10,30,1,10,windows-rtx4060,0,0,grid_2x2,true,80,97d038c3fba55e8663b4a244a72f2c6af5e355cf1641eb229b1e93540dede9b9,5ed80cf2bad8dd330eb4d739a19a5dced2b18149,data/raw/safety-v2-s30/formal-v1/formal-v1__colocation__daylight+mega_wing+pyxel_snake__r03,"{""daylight"":""games/pyxel/apps-src/30SecondsOfDaylight/src/main.py"",""mega_wing"":""games/pyxel/apps-src/mega_wing/mega_wing.py"",""pyxel_snake"":""games/pyxel/07_snake.py""}","{""daylight"":""21a365375249e9d7ea05e78dcfe040f09cc1f0c66bd410bae084190c743a028f"",""mega_wing"":""86bad6c02a303806c58137503739241dc6b1e86695f7c0dbf672b5e1a1464e9f"",""pyxel_snake"":""bc533fef92d1d358e570f69d979919fe5c1cd8c4da49841104b49a1e661a5ac3""}",8e3c67d014f8f93bdabe0f5a837231939a3551c81a809e8b863df440fc09c65d
2,318,formal-v1__profile__pyxel_shooter__memory_bandwidth__p025__r01,formal-v1,profile,not_applicable,pressure_profile,"[""pyxel_shooter""]",pyxel_shooter,[],,,memory_bandwidth,0.25,0.25,1,331279448625326691,10,30,1,10,windows-rtx4060,0,0,grid_2x2,true,80,97d038c3fba55e8663b4a244a72f2c6af5e355cf1641eb229b1e93540dede9b9,5ed80cf2bad8dd330eb4d739a19a5dced2b18149,data/raw/safety-v2-s30/formal-v1/formal-v1__profile__pyxel_shooter__memory_bandwidth__p025__r01,"{""pyxel_shooter"":""games/pyxel/09_shooter.py""}","{""pyxel_shooter"":""0f53e4156907eac41080a8f289e22c89365b3239517c754cf59a51af201d5563""}",8827214be73495f0a88787c2c67d2411b334f710ab811c0a16753958c18c4f62
2,319,formal-v1__colocation__pyxel_bubbles+pyxel_snake+space_rescue__r01,formal-v1,colocation-main,train,colocation,"[""pyxel_bubbles"",""pyxel_snake"",""space_rescue""]",pyxel_bubbles,"[""pyxel_snake"",""space_rescue""]",pyxel_bubbles+pyxel_snake+space_rescue,pyxel_bubbles+pyxel_snake+space_rescue__r01,,,,1,10895786778204655259,10,30,1,10,windows-rtx4060,0,0,grid_2x2,true,80,97d038c3fba55e8663b4a244a72f2c6af5e355cf1641eb229b1e93540dede9b9,5ed80cf2bad8dd330eb4d739a19a5dced2b18149,data/raw/safety-v2-s30/formal-v1/formal-v1__colocation__pyxel_bubbles+pyxel_snake+space_rescue__r01,"{""pyxel_bubbles"":""games/pyxel/06_click_game.py"",""pyxel_snake"":""games/pyxel/07_snake.py"",""space_rescue"":""games/pyxel/apps-src/space_rescue/space_rescue.py""}","{""pyxel_bubbles"":""54c101e90bdaed839ac4c4284494530d5df37a5819a35f1e41eebb0b3da5d900"",""pyxel_snake"":""bc533fef92d1d358e570f69d979919fe5c1cd8c4da49841104b49a1e661a5ac3"",""space_rescue"":""f3b0ab6784ae558e64f06a3f0a704e53f107a130aa3d43357659d0850131e461""}",dbe9744fc1255c20d1456555fcb4a818420816fd5d6c281a97d4504e13c050f4
2,320,formal-v1__extra__pyxel_bubbles+pyxel_jump+pyxel_shooter+pyxel_snake__r02,formal-v1,colocation-extra-test,extra_test,extra_test,"[""pyxel_bubbles"",""pyxel_jump"",""pyxel_shooter"",""pyxel_snake""]",pyxel_bubbles,"[""pyxel_jump"",""pyxel_shooter"",""pyxel_snake""]",pyxel_bubbles+pyxel_jump+pyxel_shooter+pyxel_snake,pyxel_bubbles+pyxel_jump+pyxel_shooter+pyxel_snake__r02,,,,2,9400649919561552429,10,30,1,10,windows-rtx4060,0,0,grid_2x2,true,80,97d038c3fba55e8663b4a244a72f2c6af5e355cf1641eb229b1e93540dede9b9,5ed80cf2bad8dd330eb4d739a19a5dced2b18149,data/raw/safety-v2-s30/formal-v1/formal-v1__extra__pyxel_bubbles+pyxel_jump+pyxel_shooter+pyxel_snake__r02,"{""pyxel_bubbles"":""games/pyxel/06_click_game.py"",""pyxel_jump"":""games/pyxel/02_jump_game.py"",""pyxel_shooter"":""games/pyxel/09_shooter.py"",""pyxel_snake"":""games/pyxel/07_snake.py""}","{""pyxel_bubbles"":""54c101e90bdaed839ac4c4284494530d5df37a5819a35f1e41eebb0b3da5d900"",""pyxel_jump"":""4743a825f1c9cae7e049ac52115f4ecf83350db546c00745a54af187d7bc2e46"",""pyxel_shooter"":""0f53e4156907eac41080a8f289e22c89365b3239517c754cf59a51af201d5563"",""pyxel_snake"":""bc533fef92d1d358e570f69d979919fe5c1cd8c4da49841104b49a1e661a5ac3""}",f3b7480a772d929b22d16b876bb359d2e19a6b233ed930b1f194d0e59befcc13
2,321,formal-v1__profile__daylight__gpu_memory__p075__r02,formal-v1,profile,not_applicable,pressure_profile,"[""daylight""]",daylight,[],,,gpu_memory,0.75,0.75,2,9872237876990188323,10,30,1,10,windows-rtx4060,0,0,grid_2x2,true,80,97d038c3fba55e8663b4a244a72f2c6af5e355cf1641eb229b1e93540dede9b9,5ed80cf2bad8dd330eb4d739a19a5dced2b18149,data/raw/safety-v2-s30/formal-v1/formal-v1__profile__daylight__gpu_memory__p075__r02,"{""daylight"":""games/pyxel/apps-src/30SecondsOfDaylight/src/main.py""}","{""daylight"":""21a365375249e9d7ea05e78dcfe040f09cc1f0c66bd410bae084190c743a028f""}",2b7974003f3e82d39a78d7f289d000d30eba21016f1f1d0474e2ceda88786bc0
2,322,formal-v1__profile__pyxel_platformer__gpu_memory__p000__r01,formal-v1,profile,not_applicable,pressure_profile,"[""pyxel_platformer""]",pyxel_platformer,[],,,gpu_memory,0,0,1,2237861801506633355,10,30,1,10,windows-rtx4060,0,0,grid_2x2,true,80,97d038c3fba55e8663b4a244a72f2c6af5e355cf1641eb229b1e93540dede9b9,5ed80cf2bad8dd330eb4d739a19a5dced2b18149,data/raw/safety-v2-s30/formal-v1/formal-v1__profile__pyxel_platformer__gpu_memory__p000__r01,"{""pyxel_platformer"":""games/pyxel/10_platformer.py""}","{""pyxel_platformer"":""1b2c75b49dc9ab0254fb4b724682a4787868814a38d2f08920720dc5b6007ac5""}",1b7d0e9ff2dce313b33c533c22056aee44052670da6b35694277605b40679fe6
2,323,formal-v1__profile__pyxel_bubbles__memory_bandwidth__p050__r03,formal-v1,profile,not_applicable,pressure_profile,"[""pyxel_bubbles""]",pyxel_bubbles,[],,,memory_bandwidth,0.5,0.5,3,16891115033186532152,10,30,1,10,windows-rtx4060,0,0,grid_2x2,true,80,97d038c3fba55e8663b4a244a72f2c6af5e355cf1641eb229b1e93540dede9b9,5ed80cf2bad8dd330eb4d739a19a5dced2b18149,data/raw/safety-v2-s30/formal-v1/formal-v1__profile__pyxel_bubbles__memory_bandwidth__p050__r03,"{""pyxel_bubbles"":""games/pyxel/06_click_game.py""}","{""pyxel_bubbles"":""54c101e90bdaed839ac4c4284494530d5df37a5819a35f1e41eebb0b3da5d900""}",16934b52e3b090e874869ef2756e0b5cf6166793f37840a5a7ab36119986aa6d
2,324,formal-v1__profile__space_rescue__gpu_memory__p025__r03,formal-v1,profile,not_applicable,pressure_profile,"[""space_rescue""]",space_rescue,[],,,gpu_memory,0.25,0.25,3,11900251279031478821,10,30,1,10,windows-rtx4060,0,0,grid_2x2,true,80,97d038c3fba55e8663b4a244a72f2c6af5e355cf1641eb229b1e93540dede9b9,5ed80cf2bad8dd330eb4d739a19a5dced2b18149,data/raw/safety-v2-s30/formal-v1/formal-v1__profile__space_rescue__gpu_memory__p025__r03,"{""space_rescue"":""games/pyxel/apps-src/space_rescue/space_rescue.py""}","{""space_rescue"":""f3b0ab6784ae558e64f06a3f0a704e53f107a130aa3d43357659d0850131e461""}",e77e80295e2436fa995fc1433ac9e407f6616cf1a73b8cab1d47f89a7c244fb8
2,325,formal-v1__profile__daylight__cpu_compute__p100__r03,formal-v1,profile,not_applicable,pressure_profile,"[""daylight""]",daylight,[],,,cpu_compute,1,1,3,1211454383313536692,10,30,1,10,windows-rtx4060,0,0,grid_2x2,true,80,97d038c3fba55e8663b4a244a72f2c6af5e355cf1641eb229b1e93540dede9b9,5ed80cf2bad8dd330eb4d739a19a5dced2b18149,data/raw/safety-v2-s30/formal-v1/formal-v1__profile__daylight__cpu_compute__p100__r03,"{""daylight"":""games/pyxel/apps-src/30SecondsOfDaylight/src/main.py""}","{""daylight"":""21a365375249e9d7ea05e78dcfe040f09cc1f0c66bd410bae084190c743a028f""}",fe4c6799038391589dffba711cc252b5deed6aad21e15b2a27700dbc4359fff3
2,326,formal-v1__profile__daylight__gpu_memory__p075__r01,formal-v1,profile,not_applicable,pressure_profile,"[""daylight""]",daylight,[],,,gpu_memory,0.75,0.75,1,4643342925384869322,10,30,1,10,windows-rtx4060,0,0,grid_2x2,true,80,97d038c3fba55e8663b4a244a72f2c6af5e355cf1641eb229b1e93540dede9b9,5ed80cf2bad8dd330eb4d739a19a5dced2b18149,data/raw/safety-v2-s30/formal-v1/formal-v1__profile__daylight__gpu_memory__p075__r01,"{""daylight"":""games/pyxel/apps-src/30SecondsOfDaylight/src/main.py""}","{""daylight"":""21a365375249e9d7ea05e78dcfe040f09cc1f0c66bd410bae084190c743a028f""}",41f37ac4f8cf0459e3d99c51bd8285c46ce9bc229ccd9d0f0b74d3ed956c592f
2,327,formal-v1__colocation__daylight+pyxel_platformer+pyxel_snake__r02,formal-v1,colocation-main,validation,colocation,"[""daylight"",""pyxel_platformer"",""pyxel_snake""]",daylight,"[""pyxel_platformer"",""pyxel_snake""]",daylight+pyxel_platformer+pyxel_snake,daylight+pyxel_platformer+pyxel_snake__r02,,,,2,13348702882007050725,10,30,1,10,windows-rtx4060,0,0,grid_2x2,true,80,97d038c3fba55e8663b4a244a72f2c6af5e355cf1641eb229b1e93540dede9b9,5ed80cf2bad8dd330eb4d739a19a5dced2b18149,data/raw/safety-v2-s30/formal-v1/formal-v1__colocation__daylight+pyxel_platformer+pyxel_snake__r02,"{""daylight"":""games/pyxel/apps-src/30SecondsOfDaylight/src/main.py"",""pyxel_platformer"":""games/pyxel/10_platformer.py"",""pyxel_snake"":""games/pyxel/07_snake.py""}","{""daylight"":""21a365375249e9d7ea05e78dcfe040f09cc1f0c66bd410bae084190c743a028f"",""pyxel_platformer"":""1b2c75b49dc9ab0254fb4b724682a4787868814a38d2f08920720dc5b6007ac5"",""pyxel_snake"":""bc533fef92d1d358e570f69d979919fe5c1cd8c4da49841104b49a1e661a5ac3""}",1b9d1737c89ea15c1e23734b01383d53d798dabe21fb716e784489c3fa539d6e
2,328,formal-v1__profile__pyxel_platformer__gpu_memory__p100__r01,formal-v1,profile,not_applicable,pressure_profile,"[""pyxel_platformer""]",pyxel_platformer,[],,,gpu_memory,1,1,1,17805035605180021847,10,30,1,10,windows-rtx4060,0,0,grid_2x2,true,80,97d038c3fba55e8663b4a244a72f2c6af5e355cf1641eb229b1e93540dede9b9,5ed80cf2bad8dd330eb4d739a19a5dced2b18149,data/raw/safety-v2-s30/formal-v1/formal-v1__profile__pyxel_platformer__gpu_memory__p100__r01,"{""pyxel_platformer"":""games/pyxel/10_platformer.py""}","{""pyxel_platformer"":""1b2c75b49dc9ab0254fb4b724682a4787868814a38d2f08920720dc5b6007ac5""}",d90ca361cef1eaa1d2687701741d19ac09a5e183353d61afc3a06975b4685cb9
2,329,formal-v1__profile__pyxel_shooter__gpu_memory__p050__r02,formal-v1,profile,not_applicable,pressure_profile,"[""pyxel_shooter""]",pyxel_shooter,[],,,gpu_memory,0.5,0.5,2,3629365574515664625,10,30,1,10,windows-rtx4060,0,0,grid_2x2,true,80,97d038c3fba55e8663b4a244a72f2c6af5e355cf1641eb229b1e93540dede9b9,5ed80cf2bad8dd330eb4d739a19a5dced2b18149,data/raw/safety-v2-s30/formal-v1/formal-v1__profile__pyxel_shooter__gpu_memory__p050__r02,"{""pyxel_shooter"":""games/pyxel/09_shooter.py""}","{""pyxel_shooter"":""0f53e4156907eac41080a8f289e22c89365b3239517c754cf59a51af201d5563""}",8699da55e97bd51539bb0a6dbd1d0adcacfa4ba3fa6bbc2069dcfdd697cde5d4
2,330,formal-v1__colocation__mega_wing+pyxel_bubbles+pyxel_shooter__r01,formal-v1,colocation-main,train,colocation,"[""mega_wing"",""pyxel_bubbles"",""pyxel_shooter""]",mega_wing,"[""pyxel_bubbles"",""pyxel_shooter""]",mega_wing+pyxel_bubbles+pyxel_shooter,mega_wing+pyxel_bubbles+pyxel_shooter__r01,,,,1,13660992632416912501,10,30,1,10,windows-rtx4060,0,0,grid_2x2,true,80,97d038c3fba55e8663b4a244a72f2c6af5e355cf1641eb229b1e93540dede9b9,5ed80cf2bad8dd330eb4d739a19a5dced2b18149,data/raw/safety-v2-s30/formal-v1/formal-v1__colocation__mega_wing+pyxel_bubbles+pyxel_shooter__r01,"{""mega_wing"":""games/pyxel/apps-src/mega_wing/mega_wing.py"",""pyxel_bubbles"":""games/pyxel/06_click_game.py"",""pyxel_shooter"":""games/pyxel/09_shooter.py""}","{""mega_wing"":""86bad6c02a303806c58137503739241dc6b1e86695f7c0dbf672b5e1a1464e9f"",""pyxel_bubbles"":""54c101e90bdaed839ac4c4284494530d5df37a5819a35f1e41eebb0b3da5d900"",""pyxel_shooter"":""0f53e4156907eac41080a8f289e22c89365b3239517c754cf59a51af201d5563""}",a6ce4390c4619c1d505324dae01cd9944c3535f189e5ae8e898dcb4c059033c6
2,331,formal-v1__extra__mega_wing+pyxel_shooter+pyxel_snake+space_rescue__r03,formal-v1,colocation-extra-test,extra_test,extra_test,"[""mega_wing"",""pyxel_shooter"",""pyxel_snake"",""space_rescue""]",mega_wing,"[""pyxel_shooter"",""pyxel_snake"",""space_rescue""]",mega_wing+pyxel_shooter+pyxel_snake+space_rescue,mega_wing+pyxel_shooter+pyxel_snake+space_rescue__r03,,,,3,17426353318728662774,10,30,1,10,windows-rtx4060,0,0,grid_2x2,true,80,97d038c3fba55e8663b4a244a72f2c6af5e355cf1641eb229b1e93540dede9b9,5ed80cf2bad8dd330eb4d739a19a5dced2b18149,data/raw/safety-v2-s30/formal-v1/formal-v1__extra__mega_wing+pyxel_shooter+pyxel_snake+space_rescue__r03,"{""mega_wing"":""games/pyxel/apps-src/mega_wing/mega_wing.py"",""pyxel_shooter"":""games/pyxel/09_shooter.py"",""pyxel_snake"":""games/pyxel/07_snake.py"",""space_rescue"":""games/pyxel/apps-src/space_rescue/space_rescue.py""}","{""mega_wing"":""86bad6c02a303806c58137503739241dc6b1e86695f7c0dbf672b5e1a1464e9f"",""pyxel_shooter"":""0f53e4156907eac41080a8f289e22c89365b3239517c754cf59a51af201d5563"",""pyxel_snake"":""bc533fef92d1d358e570f69d979919fe5c1cd8c4da49841104b49a1e661a5ac3"",""space_rescue"":""f3b0ab6784ae558e64f06a3f0a704e53f107a130aa3d43357659d0850131e461""}",fa8dfee89b137d763ca7dc08f00a07feb8ef6a65c97b310d275a5904e5aeaec2
2,332,formal-v1__profile__pyxel_shooter__gpu_compute__p075__r01,formal-v1,profile,not_applicable,pressure_profile,"[""pyxel_shooter""]",pyxel_shooter,[],,,gpu_compute,0.75,0.1875,1,6732974421733216668,10,30,1,10,windows-rtx4060,0,0,grid_2x2,true,80,97d038c3fba55e8663b4a244a72f2c6af5e355cf1641eb229b1e93540dede9b9,5ed80cf2bad8dd330eb4d739a19a5dced2b18149,data/raw/safety-v2-s30/formal-v1/formal-v1__profile__pyxel_shooter__gpu_compute__p075__r01,"{""pyxel_shooter"":""games/pyxel/09_shooter.py""}","{""pyxel_shooter"":""0f53e4156907eac41080a8f289e22c89365b3239517c754cf59a51af201d5563""}",01c50c322949d106d5954a82fc66deae4583d1fa1c43b268514d51b6d87c16b5
2,333,formal-v1__profile__pyxel_shooter__memory_bandwidth__p075__r01,formal-v1,profile,not_applicable,pressure_profile,"[""pyxel_shooter""]",pyxel_shooter,[],,,memory_bandwidth,0.75,0.75,1,14253990244335660581,10,30,1,10,windows-rtx4060,0,0,grid_2x2,true,80,97d038c3fba55e8663b4a244a72f2c6af5e355cf1641eb229b1e93540dede9b9,5ed80cf2bad8dd330eb4d739a19a5dced2b18149,data/raw/safety-v2-s30/formal-v1/formal-v1__profile__pyxel_shooter__memory_bandwidth__p075__r01,"{""pyxel_shooter"":""games/pyxel/09_shooter.py""}","{""pyxel_shooter"":""0f53e4156907eac41080a8f289e22c89365b3239517c754cf59a51af201d5563""}",1288153a866ee6f605ad7c232a5b0893760beac01a280ae7dbfa000812e60538
2,334,formal-v1__profile__space_rescue__gpu_compute__p075__r02,formal-v1,profile,not_applicable,pressure_profile,"[""space_rescue""]",space_rescue,[],,,gpu_compute,0.75,0.1875,2,11480756502642916406,10,30,1,10,windows-rtx4060,0,0,grid_2x2,true,80,97d038c3fba55e8663b4a244a72f2c6af5e355cf1641eb229b1e93540dede9b9,5ed80cf2bad8dd330eb4d739a19a5dced2b18149,data/raw/safety-v2-s30/formal-v1/formal-v1__profile__space_rescue__gpu_compute__p075__r02,"{""space_rescue"":""games/pyxel/apps-src/space_rescue/space_rescue.py""}","{""space_rescue"":""f3b0ab6784ae558e64f06a3f0a704e53f107a130aa3d43357659d0850131e461""}",a4abc9704d7f307517e39143231c48907517eaa475ec5560b07b8391f221ead4
2,335,formal-v1__colocation__mega_wing+pyxel_shooter__r03,formal-v1,colocation-main,train,colocation,"[""mega_wing"",""pyxel_shooter""]",mega_wing,"[""pyxel_shooter""]",mega_wing+pyxel_shooter,mega_wing+pyxel_shooter__r03,,,,3,6293622523290271236,10,30,1,10,windows-rtx4060,0,0,grid_2x2,true,80,97d038c3fba55e8663b4a244a72f2c6af5e355cf1641eb229b1e93540dede9b9,5ed80cf2bad8dd330eb4d739a19a5dced2b18149,data/raw/safety-v2-s30/formal-v1/formal-v1__colocation__mega_wing+pyxel_shooter__r03,"{""mega_wing"":""games/pyxel/apps-src/mega_wing/mega_wing.py"",""pyxel_shooter"":""games/pyxel/09_shooter.py""}","{""mega_wing"":""86bad6c02a303806c58137503739241dc6b1e86695f7c0dbf672b5e1a1464e9f"",""pyxel_shooter"":""0f53e4156907eac41080a8f289e22c89365b3239517c754cf59a51af201d5563""}",b79d226d4db7cfb83549e0ead2b6d696421f23a60f5d49f51037599c77185c31
2,336,formal-v1__profile__space_rescue__cpu_compute__p000__r02,formal-v1,profile,not_applicable,pressure_profile,"[""space_rescue""]",space_rescue,[],,,cpu_compute,0,0,2,8334408791872488841,10,30,1,10,windows-rtx4060,0,0,grid_2x2,true,80,97d038c3fba55e8663b4a244a72f2c6af5e355cf1641eb229b1e93540dede9b9,5ed80cf2bad8dd330eb4d739a19a5dced2b18149,data/raw/safety-v2-s30/formal-v1/formal-v1__profile__space_rescue__cpu_compute__p000__r02,"{""space_rescue"":""games/pyxel/apps-src/space_rescue/space_rescue.py""}","{""space_rescue"":""f3b0ab6784ae558e64f06a3f0a704e53f107a130aa3d43357659d0850131e461""}",7e131e89d46b1920bba81323f81cb633112b20de56600b32b4e4ad4f9e8de2b1
2,337,formal-v1__profile__pyxel_platformer__cpu_compute__p025__r03,formal-v1,profile,not_applicable,pressure_profile,"[""pyxel_platformer""]",pyxel_platformer,[],,,cpu_compute,0.25,0.25,3,10993037683309115422,10,30,1,10,windows-rtx4060,0,0,grid_2x2,true,80,97d038c3fba55e8663b4a244a72f2c6af5e355cf1641eb229b1e93540dede9b9,5ed80cf2bad8dd330eb4d739a19a5dced2b18149,data/raw/safety-v2-s30/formal-v1/formal-v1__profile__pyxel_platformer__cpu_compute__p025__r03,"{""pyxel_platformer"":""games/pyxel/10_platformer.py""}","{""pyxel_platformer"":""1b2c75b49dc9ab0254fb4b724682a4787868814a38d2f08920720dc5b6007ac5""}",7179e8c94a8adacfde26df18d9c2dc4feecc0d844aba78e38f36d0b29d094756
2,338,formal-v1__colocation__pyxel_platformer+pyxel_snake__r02,formal-v1,colocation-main,test,colocation,"[""pyxel_platformer"",""pyxel_snake""]",pyxel_platformer,"[""pyxel_snake""]",pyxel_platformer+pyxel_snake,pyxel_platformer+pyxel_snake__r02,,,,2,7514933475297872201,10,30,1,10,windows-rtx4060,0,0,grid_2x2,true,80,97d038c3fba55e8663b4a244a72f2c6af5e355cf1641eb229b1e93540dede9b9,5ed80cf2bad8dd330eb4d739a19a5dced2b18149,data/raw/safety-v2-s30/formal-v1/formal-v1__colocation__pyxel_platformer+pyxel_snake__r02,"{""pyxel_platformer"":""games/pyxel/10_platformer.py"",""pyxel_snake"":""games/pyxel/07_snake.py""}","{""pyxel_platformer"":""1b2c75b49dc9ab0254fb4b724682a4787868814a38d2f08920720dc5b6007ac5"",""pyxel_snake"":""bc533fef92d1d358e570f69d979919fe5c1cd8c4da49841104b49a1e661a5ac3""}",e25fe50aeea8a228ec28057d1f3d496bfa1d9bc8ef942e12bb697329a667a703
2,339,formal-v1__profile__daylight__gpu_compute__p075__r03,formal-v1,profile,not_applicable,pressure_profile,"[""daylight""]",daylight,[],,,gpu_compute,0.75,0.1875,3,3167506021340663818,10,30,1,10,windows-rtx4060,0,0,grid_2x2,true,80,97d038c3fba55e8663b4a244a72f2c6af5e355cf1641eb229b1e93540dede9b9,5ed80cf2bad8dd330eb4d739a19a5dced2b18149,data/raw/safety-v2-s30/formal-v1/formal-v1__profile__daylight__gpu_compute__p075__r03,"{""daylight"":""games/pyxel/apps-src/30SecondsOfDaylight/src/main.py""}","{""daylight"":""21a365375249e9d7ea05e78dcfe040f09cc1f0c66bd410bae084190c743a028f""}",9f13834fed0ad049641e00a2346f136fd34ddb2ee3c35c13386c70fab556265c
2,340,formal-v1__profile__mega_wing__gpu_compute__p000__r03,formal-v1,profile,not_applicable,pressure_profile,"[""mega_wing""]",mega_wing,[],,,gpu_compute,0,0,3,11336000559053576937,10,30,1,10,windows-rtx4060,0,0,grid_2x2,true,80,97d038c3fba55e8663b4a244a72f2c6af5e355cf1641eb229b1e93540dede9b9,5ed80cf2bad8dd330eb4d739a19a5dced2b18149,data/raw/safety-v2-s30/formal-v1/formal-v1__profile__mega_wing__gpu_compute__p000__r03,"{""mega_wing"":""games/pyxel/apps-src/mega_wing/mega_wing.py""}","{""mega_wing"":""86bad6c02a303806c58137503739241dc6b1e86695f7c0dbf672b5e1a1464e9f""}",04b118fc523d40aec6bc8be6090e50776407a70dbc7b0754bbcf0a7a6c43cd8c
2,341,formal-v1__profile__pyxel_platformer__gpu_compute__p000__r03,formal-v1,profile,not_applicable,pressure_profile,"[""pyxel_platformer""]",pyxel_platformer,[],,,gpu_compute,0,0,3,8761439065193958811,10,30,1,10,windows-rtx4060,0,0,grid_2x2,true,80,97d038c3fba55e8663b4a244a72f2c6af5e355cf1641eb229b1e93540dede9b9,5ed80cf2bad8dd330eb4d739a19a5dced2b18149,data/raw/safety-v2-s30/formal-v1/formal-v1__profile__pyxel_platformer__gpu_compute__p000__r03,"{""pyxel_platformer"":""games/pyxel/10_platformer.py""}","{""pyxel_platformer"":""1b2c75b49dc9ab0254fb4b724682a4787868814a38d2f08920720dc5b6007ac5""}",e669a3993969ce176e4319565eef22262e6adb63f063c61e21c79990d1b985bf
2,342,formal-v1__profile__pyxel_platformer__gpu_compute__p050__r01,formal-v1,profile,not_applicable,pressure_profile,"[""pyxel_platformer""]",pyxel_platformer,[],,,gpu_compute,0.5,0.125,1,13172174301205081987,10,30,1,10,windows-rtx4060,0,0,grid_2x2,true,80,97d038c3fba55e8663b4a244a72f2c6af5e355cf1641eb229b1e93540dede9b9,5ed80cf2bad8dd330eb4d739a19a5dced2b18149,data/raw/safety-v2-s30/formal-v1/formal-v1__profile__pyxel_platformer__gpu_compute__p050__r01,"{""pyxel_platformer"":""games/pyxel/10_platformer.py""}","{""pyxel_platformer"":""1b2c75b49dc9ab0254fb4b724682a4787868814a38d2f08920720dc5b6007ac5""}",74af5b86b08f08402c07d414553dc3b7b8b5b2e7d75be0ac52d09db3432af329
2,343,formal-v1__profile__space_rescue__gpu_memory__p100__r01,formal-v1,profile,not_applicable,pressure_profile,"[""space_rescue""]",space_rescue,[],,,gpu_memory,1,1,1,13172641782876040840,10,30,1,10,windows-rtx4060,0,0,grid_2x2,true,80,97d038c3fba55e8663b4a244a72f2c6af5e355cf1641eb229b1e93540dede9b9,5ed80cf2bad8dd330eb4d739a19a5dced2b18149,data/raw/safety-v2-s30/formal-v1/formal-v1__profile__space_rescue__gpu_memory__p100__r01,"{""space_rescue"":""games/pyxel/apps-src/space_rescue/space_rescue.py""}","{""space_rescue"":""f3b0ab6784ae558e64f06a3f0a704e53f107a130aa3d43357659d0850131e461""}",3703c90f51eab7eb6c0716b0ae4bf6d600ed590039c4dc0bd6981f814819aa81
2,344,formal-v1__profile__space_rescue__gpu_memory__p075__r03,formal-v1,profile,not_applicable,pressure_profile,"[""space_rescue""]",space_rescue,[],,,gpu_memory,0.75,0.75,3,17536984166523353678,10,30,1,10,windows-rtx4060,0,0,grid_2x2,true,80,97d038c3fba55e8663b4a244a72f2c6af5e355cf1641eb229b1e93540dede9b9,5ed80cf2bad8dd330eb4d739a19a5dced2b18149,data/raw/safety-v2-s30/formal-v1/formal-v1__profile__space_rescue__gpu_memory__p075__r03,"{""space_rescue"":""games/pyxel/apps-src/space_rescue/space_rescue.py""}","{""space_rescue"":""f3b0ab6784ae558e64f06a3f0a704e53f107a130aa3d43357659d0850131e461""}",f0f786f2f483c24b022b995bbdeeabea75b01c3377d46a6010bb3a23da457656
2,345,formal-v1__colocation__pyxel_platformer+pyxel_shooter__r01,formal-v1,colocation-main,train,colocation,"[""pyxel_platformer"",""pyxel_shooter""]",pyxel_platformer,"[""pyxel_shooter""]",pyxel_platformer+pyxel_shooter,pyxel_platformer+pyxel_shooter__r01,,,,1,8933751458129542535,10,30,1,10,windows-rtx4060,0,0,grid_2x2,true,80,97d038c3fba55e8663b4a244a72f2c6af5e355cf1641eb229b1e93540dede9b9,5ed80cf2bad8dd330eb4d739a19a5dced2b18149,data/raw/safety-v2-s30/formal-v1/formal-v1__colocation__pyxel_platformer+pyxel_shooter__r01,"{""pyxel_platformer"":""games/pyxel/10_platformer.py"",""pyxel_shooter"":""games/pyxel/09_shooter.py""}","{""pyxel_platformer"":""1b2c75b49dc9ab0254fb4b724682a4787868814a38d2f08920720dc5b6007ac5"",""pyxel_shooter"":""0f53e4156907eac41080a8f289e22c89365b3239517c754cf59a51af201d5563""}",dd4fae3747db1e67698c4fa087794d34498285acd177df03963f6b8e6fd33311
2,346,formal-v1__profile__pyxel_snake__cpu_compute__p025__r03,formal-v1,profile,not_applicable,pressure_profile,"[""pyxel_snake""]",pyxel_snake,[],,,cpu_compute,0.25,0.25,3,2175508777902779970,10,30,1,10,windows-rtx4060,0,0,grid_2x2,true,80,97d038c3fba55e8663b4a244a72f2c6af5e355cf1641eb229b1e93540dede9b9,5ed80cf2bad8dd330eb4d739a19a5dced2b18149,data/raw/safety-v2-s30/formal-v1/formal-v1__profile__pyxel_snake__cpu_compute__p025__r03,"{""pyxel_snake"":""games/pyxel/07_snake.py""}","{""pyxel_snake"":""bc533fef92d1d358e570f69d979919fe5c1cd8c4da49841104b49a1e661a5ac3""}",994d4a3d05729712ab20364478884ee8cb0d37e8523e2f0b84266c344c8da381
2,347,formal-v1__profile__pyxel_jump__cpu_compute__p025__r03,formal-v1,profile,not_applicable,pressure_profile,"[""pyxel_jump""]",pyxel_jump,[],,,cpu_compute,0.25,0.25,3,13656217511712241659,10,30,1,10,windows-rtx4060,0,0,grid_2x2,true,80,97d038c3fba55e8663b4a244a72f2c6af5e355cf1641eb229b1e93540dede9b9,5ed80cf2bad8dd330eb4d739a19a5dced2b18149,data/raw/safety-v2-s30/formal-v1/formal-v1__profile__pyxel_jump__cpu_compute__p025__r03,"{""pyxel_jump"":""games/pyxel/02_jump_game.py""}","{""pyxel_jump"":""4743a825f1c9cae7e049ac52115f4ecf83350db546c00745a54af187d7bc2e46""}",073c132ef5d2c5cbeb6c15d7cc0f0640320c0bf68cf062279aee0610641a3793
2,348,formal-v1__profile__daylight__gpu_memory__p025__r03,formal-v1,profile,not_applicable,pressure_profile,"[""daylight""]",daylight,[],,,gpu_memory,0.25,0.25,3,12781802666410310296,10,30,1,10,windows-rtx4060,0,0,grid_2x2,true,80,97d038c3fba55e8663b4a244a72f2c6af5e355cf1641eb229b1e93540dede9b9,5ed80cf2bad8dd330eb4d739a19a5dced2b18149,data/raw/safety-v2-s30/formal-v1/formal-v1__profile__daylight__gpu_memory__p025__r03,"{""daylight"":""games/pyxel/apps-src/30SecondsOfDaylight/src/main.py""}","{""daylight"":""21a365375249e9d7ea05e78dcfe040f09cc1f0c66bd410bae084190c743a028f""}",ef1ed0fc5a4d89c6512264c86cb920f014d20fe62448991fb7367298815c793a
2,349,formal-v1__profile__daylight__memory_bandwidth__p000__r03,formal-v1,profile,not_applicable,pressure_profile,"[""daylight""]",daylight,[],,,memory_bandwidth,0,0,3,9751722257376424109,10,30,1,10,windows-rtx4060,0,0,grid_2x2,true,80,97d038c3fba55e8663b4a244a72f2c6af5e355cf1641eb229b1e93540dede9b9,5ed80cf2bad8dd330eb4d739a19a5dced2b18149,data/raw/safety-v2-s30/formal-v1/formal-v1__profile__daylight__memory_bandwidth__p000__r03,"{""daylight"":""games/pyxel/apps-src/30SecondsOfDaylight/src/main.py""}","{""daylight"":""21a365375249e9d7ea05e78dcfe040f09cc1f0c66bd410bae084190c743a028f""}",da72b71911e86b6b791e135ded14335c8badf71fd4aaaf243cde10fb8015b5ac
2,350,formal-v1__profile__mega_wing__cpu_compute__p050__r01,formal-v1,profile,not_applicable,pressure_profile,"[""mega_wing""]",mega_wing,[],,,cpu_compute,0.5,0.5,1,7852355261493721883,10,30,1,10,windows-rtx4060,0,0,grid_2x2,true,80,97d038c3fba55e8663b4a244a72f2c6af5e355cf1641eb229b1e93540dede9b9,5ed80cf2bad8dd330eb4d739a19a5dced2b18149,data/raw/safety-v2-s30/formal-v1/formal-v1__profile__mega_wing__cpu_compute__p050__r01,"{""mega_wing"":""games/pyxel/apps-src/mega_wing/mega_wing.py""}","{""mega_wing"":""86bad6c02a303806c58137503739241dc6b1e86695f7c0dbf672b5e1a1464e9f""}",6fa0590286b31ed1f94c24b8f8de2156ea8e985719cd2a1047d3515ac354c1ad
2,351,formal-v1__colocation__daylight+pyxel_platformer+pyxel_shooter__r03,formal-v1,colocation-main,validation,colocation,"[""daylight"",""pyxel_platformer"",""pyxel_shooter""]",daylight,"[""pyxel_platformer"",""pyxel_shooter""]",daylight+pyxel_platformer+pyxel_shooter,daylight+pyxel_platformer+pyxel_shooter__r03,,,,3,16822868372042291631,10,30,1,10,windows-rtx4060,0,0,grid_2x2,true,80,97d038c3fba55e8663b4a244a72f2c6af5e355cf1641eb229b1e93540dede9b9,5ed80cf2bad8dd330eb4d739a19a5dced2b18149,data/raw/safety-v2-s30/formal-v1/formal-v1__colocation__daylight+pyxel_platformer+pyxel_shooter__r03,"{""daylight"":""games/pyxel/apps-src/30SecondsOfDaylight/src/main.py"",""pyxel_platformer"":""games/pyxel/10_platformer.py"",""pyxel_shooter"":""games/pyxel/09_shooter.py""}","{""daylight"":""21a365375249e9d7ea05e78dcfe040f09cc1f0c66bd410bae084190c743a028f"",""pyxel_platformer"":""1b2c75b49dc9ab0254fb4b724682a4787868814a38d2f08920720dc5b6007ac5"",""pyxel_shooter"":""0f53e4156907eac41080a8f289e22c89365b3239517c754cf59a51af201d5563""}",4b521f527d7ea13a8ee887ee2972ee157165b9a55c3ad73981e37d1d61475457
2,352,formal-v1__profile__pyxel_bubbles__memory_bandwidth__p000__r01,formal-v1,profile,not_applicable,pressure_profile,"[""pyxel_bubbles""]",pyxel_bubbles,[],,,memory_bandwidth,0,0,1,8523732049358515730,10,30,1,10,windows-rtx4060,0,0,grid_2x2,true,80,97d038c3fba55e8663b4a244a72f2c6af5e355cf1641eb229b1e93540dede9b9,5ed80cf2bad8dd330eb4d739a19a5dced2b18149,data/raw/safety-v2-s30/formal-v1/formal-v1__profile__pyxel_bubbles__memory_bandwidth__p000__r01,"{""pyxel_bubbles"":""games/pyxel/06_click_game.py""}","{""pyxel_bubbles"":""54c101e90bdaed839ac4c4284494530d5df37a5819a35f1e41eebb0b3da5d900""}",d6509f12e86bce21fa6cfc3a60b2be4a20c56e2fcb3101164113eb7d6b32c549
2,353,formal-v1__profile__pyxel_shooter__gpu_compute__p050__r01,formal-v1,profile,not_applicable,pressure_profile,"[""pyxel_shooter""]",pyxel_shooter,[],,,gpu_compute,0.5,0.125,1,6895750260803978302,10,30,1,10,windows-rtx4060,0,0,grid_2x2,true,80,97d038c3fba55e8663b4a244a72f2c6af5e355cf1641eb229b1e93540dede9b9,5ed80cf2bad8dd330eb4d739a19a5dced2b18149,data/raw/safety-v2-s30/formal-v1/formal-v1__profile__pyxel_shooter__gpu_compute__p050__r01,"{""pyxel_shooter"":""games/pyxel/09_shooter.py""}","{""pyxel_shooter"":""0f53e4156907eac41080a8f289e22c89365b3239517c754cf59a51af201d5563""}",e529ecc9e0e2ae10781cf60a4193d5172a2332512f56db34734a1793357f0793
2,354,formal-v1__profile__mega_wing__cpu_compute__p025__r02,formal-v1,profile,not_applicable,pressure_profile,"[""mega_wing""]",mega_wing,[],,,cpu_compute,0.25,0.25,2,3130259094706830718,10,30,1,10,windows-rtx4060,0,0,grid_2x2,true,80,97d038c3fba55e8663b4a244a72f2c6af5e355cf1641eb229b1e93540dede9b9,5ed80cf2bad8dd330eb4d739a19a5dced2b18149,data/raw/safety-v2-s30/formal-v1/formal-v1__profile__mega_wing__cpu_compute__p025__r02,"{""mega_wing"":""games/pyxel/apps-src/mega_wing/mega_wing.py""}","{""mega_wing"":""86bad6c02a303806c58137503739241dc6b1e86695f7c0dbf672b5e1a1464e9f""}",87095dc4d5f805b78fc6d20b1bb2c4faa0b3dfe0dcd108d9bf6ccf3231825ea0
2,355,formal-v1__profile__mega_wing__gpu_memory__p050__r01,formal-v1,profile,not_applicable,pressure_profile,"[""mega_wing""]",mega_wing,[],,,gpu_memory,0.5,0.5,1,13357739170159462343,10,30,1,10,windows-rtx4060,0,0,grid_2x2,true,80,97d038c3fba55e8663b4a244a72f2c6af5e355cf1641eb229b1e93540dede9b9,5ed80cf2bad8dd330eb4d739a19a5dced2b18149,data/raw/safety-v2-s30/formal-v1/formal-v1__profile__mega_wing__gpu_memory__p050__r01,"{""mega_wing"":""games/pyxel/apps-src/mega_wing/mega_wing.py""}","{""mega_wing"":""86bad6c02a303806c58137503739241dc6b1e86695f7c0dbf672b5e1a1464e9f""}",6da334cce4c258569fafcb3f7fe0a073d63291cd890dd122861935391982ccf8
2,356,formal-v1__extra__mega_wing+pyxel_bubbles+pyxel_platformer+pyxel_shooter__r03,formal-v1,colocation-extra-test,extra_test,extra_test,"[""mega_wing"",""pyxel_bubbles"",""pyxel_platformer"",""pyxel_shooter""]",mega_wing,"[""pyxel_bubbles"",""pyxel_platformer"",""pyxel_shooter""]",mega_wing+pyxel_bubbles+pyxel_platformer+pyxel_shooter,mega_wing+pyxel_bubbles+pyxel_platformer+pyxel_shooter__r03,,,,3,15157778988543986875,10,30,1,10,windows-rtx4060,0,0,grid_2x2,true,80,97d038c3fba55e8663b4a244a72f2c6af5e355cf1641eb229b1e93540dede9b9,5ed80cf2bad8dd330eb4d739a19a5dced2b18149,data/raw/safety-v2-s30/formal-v1/formal-v1__extra__mega_wing+pyxel_bubbles+pyxel_platformer+pyxel_shooter__r03,"{""mega_wing"":""games/pyxel/apps-src/mega_wing/mega_wing.py"",""pyxel_bubbles"":""games/pyxel/06_click_game.py"",""pyxel_platformer"":""games/pyxel/10_platformer.py"",""pyxel_shooter"":""games/pyxel/09_shooter.py""}","{""mega_wing"":""86bad6c02a303806c58137503739241dc6b1e86695f7c0dbf672b5e1a1464e9f"",""pyxel_bubbles"":""54c101e90bdaed839ac4c4284494530d5df37a5819a35f1e41eebb0b3da5d900"",""pyxel_platformer"":""1b2c75b49dc9ab0254fb4b724682a4787868814a38d2f08920720dc5b6007ac5"",""pyxel_shooter"":""0f53e4156907eac41080a8f289e22c89365b3239517c754cf59a51af201d5563""}",ac533a7624111598401803a5443462e25f525af6b86740c9c58f656ba3edbff9
2,357,formal-v1__profile__pyxel_platformer__gpu_memory__p050__r03,formal-v1,profile,not_applicable,pressure_profile,"[""pyxel_platformer""]",pyxel_platformer,[],,,gpu_memory,0.5,0.5,3,3778911740303501403,10,30,1,10,windows-rtx4060,0,0,grid_2x2,true,80,97d038c3fba55e8663b4a244a72f2c6af5e355cf1641eb229b1e93540dede9b9,5ed80cf2bad8dd330eb4d739a19a5dced2b18149,data/raw/safety-v2-s30/formal-v1/formal-v1__profile__pyxel_platformer__gpu_memory__p050__r03,"{""pyxel_platformer"":""games/pyxel/10_platformer.py""}","{""pyxel_platformer"":""1b2c75b49dc9ab0254fb4b724682a4787868814a38d2f08920720dc5b6007ac5""}",1f37704e1452f54fbb735ffbf75de683c9ad074a17ea0baa82e472f8421995a8
2,358,formal-v1__profile__daylight__memory_bandwidth__p000__r01,formal-v1,profile,not_applicable,pressure_profile,"[""daylight""]",daylight,[],,,memory_bandwidth,0,0,1,488805906438535503,10,30,1,10,windows-rtx4060,0,0,grid_2x2,true,80,97d038c3fba55e8663b4a244a72f2c6af5e355cf1641eb229b1e93540dede9b9,5ed80cf2bad8dd330eb4d739a19a5dced2b18149,data/raw/safety-v2-s30/formal-v1/formal-v1__profile__daylight__memory_bandwidth__p000__r01,"{""daylight"":""games/pyxel/apps-src/30SecondsOfDaylight/src/main.py""}","{""daylight"":""21a365375249e9d7ea05e78dcfe040f09cc1f0c66bd410bae084190c743a028f""}",2c9821c264ba7b335e61af78b5adae9afc26103e92d7c4e59f82f3e44834d457
2,359,formal-v1__profile__pyxel_bubbles__gpu_memory__p075__r01,formal-v1,profile,not_applicable,pressure_profile,"[""pyxel_bubbles""]",pyxel_bubbles,[],,,gpu_memory,0.75,0.75,1,7646623815991951186,10,30,1,10,windows-rtx4060,0,0,grid_2x2,true,80,97d038c3fba55e8663b4a244a72f2c6af5e355cf1641eb229b1e93540dede9b9,5ed80cf2bad8dd330eb4d739a19a5dced2b18149,data/raw/safety-v2-s30/formal-v1/formal-v1__profile__pyxel_bubbles__gpu_memory__p075__r01,"{""pyxel_bubbles"":""games/pyxel/06_click_game.py""}","{""pyxel_bubbles"":""54c101e90bdaed839ac4c4284494530d5df37a5819a35f1e41eebb0b3da5d900""}",2ad58a07b7f6ea74733dad827f314332d167a4b420fb89fef9f91f421cbd28ec
2,360,formal-v1__extra__daylight+pyxel_bubbles+pyxel_shooter+space_rescue__r01,formal-v1,colocation-extra-test,extra_test,extra_test,"[""daylight"",""pyxel_bubbles"",""pyxel_shooter"",""space_rescue""]",daylight,"[""pyxel_bubbles"",""pyxel_shooter"",""space_rescue""]",daylight+pyxel_bubbles+pyxel_shooter+space_rescue,daylight+pyxel_bubbles+pyxel_shooter+space_rescue__r01,,,,1,9290543302165654706,10,30,1,10,windows-rtx4060,0,0,grid_2x2,true,80,97d038c3fba55e8663b4a244a72f2c6af5e355cf1641eb229b1e93540dede9b9,5ed80cf2bad8dd330eb4d739a19a5dced2b18149,data/raw/safety-v2-s30/formal-v1/formal-v1__extra__daylight+pyxel_bubbles+pyxel_shooter+space_rescue__r01,"{""daylight"":""games/pyxel/apps-src/30SecondsOfDaylight/src/main.py"",""pyxel_bubbles"":""games/pyxel/06_click_game.py"",""pyxel_shooter"":""games/pyxel/09_shooter.py"",""space_rescue"":""games/pyxel/apps-src/space_rescue/space_rescue.py""}","{""daylight"":""21a365375249e9d7ea05e78dcfe040f09cc1f0c66bd410bae084190c743a028f"",""pyxel_bubbles"":""54c101e90bdaed839ac4c4284494530d5df37a5819a35f1e41eebb0b3da5d900"",""pyxel_shooter"":""0f53e4156907eac41080a8f289e22c89365b3239517c754cf59a51af201d5563"",""space_rescue"":""f3b0ab6784ae558e64f06a3f0a704e53f107a130aa3d43357659d0850131e461""}",c9225320571dbf98905df20b2a1a2364440748db7d65eae7d04d525da0436728
2,361,formal-v1__colocation__pyxel_shooter+space_rescue__r01,formal-v1,colocation-main,train,colocation,"[""pyxel_shooter"",""space_rescue""]",pyxel_shooter,"[""space_rescue""]",pyxel_shooter+space_rescue,pyxel_shooter+space_rescue__r01,,,,1,3409492940256028323,10,30,1,10,windows-rtx4060,0,0,grid_2x2,true,80,97d038c3fba55e8663b4a244a72f2c6af5e355cf1641eb229b1e93540dede9b9,5ed80cf2bad8dd330eb4d739a19a5dced2b18149,data/raw/safety-v2-s30/formal-v1/formal-v1__colocation__pyxel_shooter+space_rescue__r01,"{""pyxel_shooter"":""games/pyxel/09_shooter.py"",""space_rescue"":""games/pyxel/apps-src/space_rescue/space_rescue.py""}","{""pyxel_shooter"":""0f53e4156907eac41080a8f289e22c89365b3239517c754cf59a51af201d5563"",""space_rescue"":""f3b0ab6784ae558e64f06a3f0a704e53f107a130aa3d43357659d0850131e461""}",b8afc476d09411e6145a4a249a33f3661e6cb3732a226df6beed4813c398864b
2,362,formal-v1__profile__pyxel_shooter__gpu_compute__p075__r02,formal-v1,profile,not_applicable,pressure_profile,"[""pyxel_shooter""]",pyxel_shooter,[],,,gpu_compute,0.75,0.1875,2,15223055980343632781,10,30,1,10,windows-rtx4060,0,0,grid_2x2,true,80,97d038c3fba55e8663b4a244a72f2c6af5e355cf1641eb229b1e93540dede9b9,5ed80cf2bad8dd330eb4d739a19a5dced2b18149,data/raw/safety-v2-s30/formal-v1/formal-v1__profile__pyxel_shooter__gpu_compute__p075__r02,"{""pyxel_shooter"":""games/pyxel/09_shooter.py""}","{""pyxel_shooter"":""0f53e4156907eac41080a8f289e22c89365b3239517c754cf59a51af201d5563""}",f36f02403e9d8554bf155d73641eba7a03c77f12e28f1a5b48c67273633ef170
2,363,formal-v1__colocation__pyxel_jump+pyxel_platformer+space_rescue__r01,formal-v1,colocation-main,train,colocation,"[""pyxel_jump"",""pyxel_platformer"",""space_rescue""]",pyxel_jump,"[""pyxel_platformer"",""space_rescue""]",pyxel_jump+pyxel_platformer+space_rescue,pyxel_jump+pyxel_platformer+space_rescue__r01,,,,1,15477863439223556564,10,30,1,10,windows-rtx4060,0,0,grid_2x2,true,80,97d038c3fba55e8663b4a244a72f2c6af5e355cf1641eb229b1e93540dede9b9,5ed80cf2bad8dd330eb4d739a19a5dced2b18149,data/raw/safety-v2-s30/formal-v1/formal-v1__colocation__pyxel_jump+pyxel_platformer+space_rescue__r01,"{""pyxel_jump"":""games/pyxel/02_jump_game.py"",""pyxel_platformer"":""games/pyxel/10_platformer.py"",""space_rescue"":""games/pyxel/apps-src/space_rescue/space_rescue.py""}","{""pyxel_jump"":""4743a825f1c9cae7e049ac52115f4ecf83350db546c00745a54af187d7bc2e46"",""pyxel_platformer"":""1b2c75b49dc9ab0254fb4b724682a4787868814a38d2f08920720dc5b6007ac5"",""space_rescue"":""f3b0ab6784ae558e64f06a3f0a704e53f107a130aa3d43357659d0850131e461""}",4ff5b2dd03d7ceb9c9237760ebcc284016106cb7f8b86e94808c7dde4c1fd6cd
2,364,formal-v1__profile__pyxel_shooter__gpu_compute__p000__r01,formal-v1,profile,not_applicable,pressure_profile,"[""pyxel_shooter""]",pyxel_shooter,[],,,gpu_compute,0,0,1,3546432122714330070,10,30,1,10,windows-rtx4060,0,0,grid_2x2,true,80,97d038c3fba55e8663b4a244a72f2c6af5e355cf1641eb229b1e93540dede9b9,5ed80cf2bad8dd330eb4d739a19a5dced2b18149,data/raw/safety-v2-s30/formal-v1/formal-v1__profile__pyxel_shooter__gpu_compute__p000__r01,"{""pyxel_shooter"":""games/pyxel/09_shooter.py""}","{""pyxel_shooter"":""0f53e4156907eac41080a8f289e22c89365b3239517c754cf59a51af201d5563""}",851014efa5e2dbedff2851ee1f07a670ac43b37c5e12d28418d776911b4e2fc2
2,365,formal-v1__profile__pyxel_shooter__gpu_memory__p050__r01,formal-v1,profile,not_applicable,pressure_profile,"[""pyxel_shooter""]",pyxel_shooter,[],,,gpu_memory,0.5,0.5,1,4331096482645805544,10,30,1,10,windows-rtx4060,0,0,grid_2x2,true,80,97d038c3fba55e8663b4a244a72f2c6af5e355cf1641eb229b1e93540dede9b9,5ed80cf2bad8dd330eb4d739a19a5dced2b18149,data/raw/safety-v2-s30/formal-v1/formal-v1__profile__pyxel_shooter__gpu_memory__p050__r01,"{""pyxel_shooter"":""games/pyxel/09_shooter.py""}","{""pyxel_shooter"":""0f53e4156907eac41080a8f289e22c89365b3239517c754cf59a51af201d5563""}",6e03c9ae4983cf9a9a87d35166260b53705114163375f6b051dba817544e6ca7
2,366,formal-v1__profile__pyxel_snake__gpu_compute__p025__r01,formal-v1,profile,not_applicable,pressure_profile,"[""pyxel_snake""]",pyxel_snake,[],,,gpu_compute,0.25,0.0625,1,10330658816690249995,10,30,1,10,windows-rtx4060,0,0,grid_2x2,true,80,97d038c3fba55e8663b4a244a72f2c6af5e355cf1641eb229b1e93540dede9b9,5ed80cf2bad8dd330eb4d739a19a5dced2b18149,data/raw/safety-v2-s30/formal-v1/formal-v1__profile__pyxel_snake__gpu_compute__p025__r01,"{""pyxel_snake"":""games/pyxel/07_snake.py""}","{""pyxel_snake"":""bc533fef92d1d358e570f69d979919fe5c1cd8c4da49841104b49a1e661a5ac3""}",5e855b03ba751f32c29d07fd5e629cd08e9ed71d43526d6df2d867df0aef73c1
2,367,formal-v1__profile__space_rescue__cpu_compute__p100__r01,formal-v1,profile,not_applicable,pressure_profile,"[""space_rescue""]",space_rescue,[],,,cpu_compute,1,1,1,4077656982722390021,10,30,1,10,windows-rtx4060,0,0,grid_2x2,true,80,97d038c3fba55e8663b4a244a72f2c6af5e355cf1641eb229b1e93540dede9b9,5ed80cf2bad8dd330eb4d739a19a5dced2b18149,data/raw/safety-v2-s30/formal-v1/formal-v1__profile__space_rescue__cpu_compute__p100__r01,"{""space_rescue"":""games/pyxel/apps-src/space_rescue/space_rescue.py""}","{""space_rescue"":""f3b0ab6784ae558e64f06a3f0a704e53f107a130aa3d43357659d0850131e461""}",b9235e0b14e649367a91c97dc4acb98e885532d6287ea7afebf049635631cfe2
2,368,formal-v1__extra__mega_wing+pyxel_shooter+pyxel_snake+space_rescue__r02,formal-v1,colocation-extra-test,extra_test,extra_test,"[""mega_wing"",""pyxel_shooter"",""pyxel_snake"",""space_rescue""]",mega_wing,"[""pyxel_shooter"",""pyxel_snake"",""space_rescue""]",mega_wing+pyxel_shooter+pyxel_snake+space_rescue,mega_wing+pyxel_shooter+pyxel_snake+space_rescue__r02,,,,2,2237034306085882399,10,30,1,10,windows-rtx4060,0,0,grid_2x2,true,80,97d038c3fba55e8663b4a244a72f2c6af5e355cf1641eb229b1e93540dede9b9,5ed80cf2bad8dd330eb4d739a19a5dced2b18149,data/raw/safety-v2-s30/formal-v1/formal-v1__extra__mega_wing+pyxel_shooter+pyxel_snake+space_rescue__r02,"{""mega_wing"":""games/pyxel/apps-src/mega_wing/mega_wing.py"",""pyxel_shooter"":""games/pyxel/09_shooter.py"",""pyxel_snake"":""games/pyxel/07_snake.py"",""space_rescue"":""games/pyxel/apps-src/space_rescue/space_rescue.py""}","{""mega_wing"":""86bad6c02a303806c58137503739241dc6b1e86695f7c0dbf672b5e1a1464e9f"",""pyxel_shooter"":""0f53e4156907eac41080a8f289e22c89365b3239517c754cf59a51af201d5563"",""pyxel_snake"":""bc533fef92d1d358e570f69d979919fe5c1cd8c4da49841104b49a1e661a5ac3"",""space_rescue"":""f3b0ab6784ae558e64f06a3f0a704e53f107a130aa3d43357659d0850131e461""}",aa7752a7c766003bf38fd29b54d8b9d7c7be416da832ae583ac71ee82ee28d3d
2,369,formal-v1__profile__pyxel_bubbles__gpu_memory__p000__r01,formal-v1,profile,not_applicable,pressure_profile,"[""pyxel_bubbles""]",pyxel_bubbles,[],,,gpu_memory,0,0,1,1997690255572947330,10,30,1,10,windows-rtx4060,0,0,grid_2x2,true,80,97d038c3fba55e8663b4a244a72f2c6af5e355cf1641eb229b1e93540dede9b9,5ed80cf2bad8dd330eb4d739a19a5dced2b18149,data/raw/safety-v2-s30/formal-v1/formal-v1__profile__pyxel_bubbles__gpu_memory__p000__r01,"{""pyxel_bubbles"":""games/pyxel/06_click_game.py""}","{""pyxel_bubbles"":""54c101e90bdaed839ac4c4284494530d5df37a5819a35f1e41eebb0b3da5d900""}",610baf910fc69e11b514e64d7fd517fb514be462d197b4798ac7a7172f295154
2,370,formal-v1__solo__mega_wing__r01,formal-v1,solo,not_applicable,solo,"[""mega_wing""]",mega_wing,[],,,,,,1,1500800984451425268,10,30,1,10,windows-rtx4060,0,0,grid_2x2,true,80,97d038c3fba55e8663b4a244a72f2c6af5e355cf1641eb229b1e93540dede9b9,5ed80cf2bad8dd330eb4d739a19a5dced2b18149,data/raw/safety-v2-s30/formal-v1/formal-v1__solo__mega_wing__r01,"{""mega_wing"":""games/pyxel/apps-src/mega_wing/mega_wing.py""}","{""mega_wing"":""86bad6c02a303806c58137503739241dc6b1e86695f7c0dbf672b5e1a1464e9f""}",9b105e7096b7ac35e179dee233fd91082be8c481c27003ba6ec5e9737e6a0ffc
2,371,formal-v1__colocation__daylight+mega_wing+pyxel_jump__r02,formal-v1,colocation-main,train,colocation,"[""daylight"",""mega_wing"",""pyxel_jump""]",daylight,"[""mega_wing"",""pyxel_jump""]",daylight+mega_wing+pyxel_jump,daylight+mega_wing+pyxel_jump__r02,,,,2,7222004332748656175,10,30,1,10,windows-rtx4060,0,0,grid_2x2,true,80,97d038c3fba55e8663b4a244a72f2c6af5e355cf1641eb229b1e93540dede9b9,5ed80cf2bad8dd330eb4d739a19a5dced2b18149,data/raw/safety-v2-s30/formal-v1/formal-v1__colocation__daylight+mega_wing+pyxel_jump__r02,"{""daylight"":""games/pyxel/apps-src/30SecondsOfDaylight/src/main.py"",""mega_wing"":""games/pyxel/apps-src/mega_wing/mega_wing.py"",""pyxel_jump"":""games/pyxel/02_jump_game.py""}","{""daylight"":""21a365375249e9d7ea05e78dcfe040f09cc1f0c66bd410bae084190c743a028f"",""mega_wing"":""86bad6c02a303806c58137503739241dc6b1e86695f7c0dbf672b5e1a1464e9f"",""pyxel_jump"":""4743a825f1c9cae7e049ac52115f4ecf83350db546c00745a54af187d7bc2e46""}",1d0cc66633cf0929b1aab0d8760b31bca9a4e717d52c46a6170b1ed75254b23b
2,372,formal-v1__profile__mega_wing__gpu_compute__p100__r03,formal-v1,profile,not_applicable,pressure_profile,"[""mega_wing""]",mega_wing,[],,,gpu_compute,1,0.25,3,15435174182738009245,10,30,1,10,windows-rtx4060,0,0,grid_2x2,true,80,97d038c3fba55e8663b4a244a72f2c6af5e355cf1641eb229b1e93540dede9b9,5ed80cf2bad8dd330eb4d739a19a5dced2b18149,data/raw/safety-v2-s30/formal-v1/formal-v1__profile__mega_wing__gpu_compute__p100__r03,"{""mega_wing"":""games/pyxel/apps-src/mega_wing/mega_wing.py""}","{""mega_wing"":""86bad6c02a303806c58137503739241dc6b1e86695f7c0dbf672b5e1a1464e9f""}",174f4b06e6dad74fcd95caca900adcc82085afb57635016d3adb98fb0ac9dbcc
2,373,formal-v1__profile__pyxel_platformer__memory_bandwidth__p075__r01,formal-v1,profile,not_applicable,pressure_profile,"[""pyxel_platformer""]",pyxel_platformer,[],,,memory_bandwidth,0.75,0.75,1,14876735758325858983,10,30,1,10,windows-rtx4060,0,0,grid_2x2,true,80,97d038c3fba55e8663b4a244a72f2c6af5e355cf1641eb229b1e93540dede9b9,5ed80cf2bad8dd330eb4d739a19a5dced2b18149,data/raw/safety-v2-s30/formal-v1/formal-v1__profile__pyxel_platformer__memory_bandwidth__p075__r01,"{""pyxel_platformer"":""games/pyxel/10_platformer.py""}","{""pyxel_platformer"":""1b2c75b49dc9ab0254fb4b724682a4787868814a38d2f08920720dc5b6007ac5""}",fa41efa27b33f57bbbcce935b4a27f8479466fddf7b24470cf83869b1912b94e
2,374,formal-v1__profile__pyxel_platformer__memory_bandwidth__p025__r02,formal-v1,profile,not_applicable,pressure_profile,"[""pyxel_platformer""]",pyxel_platformer,[],,,memory_bandwidth,0.25,0.25,2,4607241080836934453,10,30,1,10,windows-rtx4060,0,0,grid_2x2,true,80,97d038c3fba55e8663b4a244a72f2c6af5e355cf1641eb229b1e93540dede9b9,5ed80cf2bad8dd330eb4d739a19a5dced2b18149,data/raw/safety-v2-s30/formal-v1/formal-v1__profile__pyxel_platformer__memory_bandwidth__p025__r02,"{""pyxel_platformer"":""games/pyxel/10_platformer.py""}","{""pyxel_platformer"":""1b2c75b49dc9ab0254fb4b724682a4787868814a38d2f08920720dc5b6007ac5""}",6a9480597a129700aab3d36936cbfc0176c67d934e771c4edce5ded5558b0de7
2,375,formal-v1__profile__pyxel_platformer__cpu_compute__p075__r03,formal-v1,profile,not_applicable,pressure_profile,"[""pyxel_platformer""]",pyxel_platformer,[],,,cpu_compute,0.75,0.75,3,15993045595473113112,10,30,1,10,windows-rtx4060,0,0,grid_2x2,true,80,97d038c3fba55e8663b4a244a72f2c6af5e355cf1641eb229b1e93540dede9b9,5ed80cf2bad8dd330eb4d739a19a5dced2b18149,data/raw/safety-v2-s30/formal-v1/formal-v1__profile__pyxel_platformer__cpu_compute__p075__r03,"{""pyxel_platformer"":""games/pyxel/10_platformer.py""}","{""pyxel_platformer"":""1b2c75b49dc9ab0254fb4b724682a4787868814a38d2f08920720dc5b6007ac5""}",330dc59ea7ec1747c4a6dc711b1bb8f8f55c0c2566ef444a5e88fe40971de15b
2,376,formal-v1__colocation__daylight+mega_wing+pyxel_snake__r02,formal-v1,colocation-main,train,colocation,"[""daylight"",""mega_wing"",""pyxel_snake""]",daylight,"[""mega_wing"",""pyxel_snake""]",daylight+mega_wing+pyxel_snake,daylight+mega_wing+pyxel_snake__r02,,,,2,16449235478986671915,10,30,1,10,windows-rtx4060,0,0,grid_2x2,true,80,97d038c3fba55e8663b4a244a72f2c6af5e355cf1641eb229b1e93540dede9b9,5ed80cf2bad8dd330eb4d739a19a5dced2b18149,data/raw/safety-v2-s30/formal-v1/formal-v1__colocation__daylight+mega_wing+pyxel_snake__r02,"{""daylight"":""games/pyxel/apps-src/30SecondsOfDaylight/src/main.py"",""mega_wing"":""games/pyxel/apps-src/mega_wing/mega_wing.py"",""pyxel_snake"":""games/pyxel/07_snake.py""}","{""daylight"":""21a365375249e9d7ea05e78dcfe040f09cc1f0c66bd410bae084190c743a028f"",""mega_wing"":""86bad6c02a303806c58137503739241dc6b1e86695f7c0dbf672b5e1a1464e9f"",""pyxel_snake"":""bc533fef92d1d358e570f69d979919fe5c1cd8c4da49841104b49a1e661a5ac3""}",5653d56ec9075e51c8ca117dd23f612d38880aa8e0e053aaeaba0710f188c158
2,377,formal-v1__profile__pyxel_platformer__gpu_memory__p025__r01,formal-v1,profile,not_applicable,pressure_profile,"[""pyxel_platformer""]",pyxel_platformer,[],,,gpu_memory,0.25,0.25,1,13922687718530802983,10,30,1,10,windows-rtx4060,0,0,grid_2x2,true,80,97d038c3fba55e8663b4a244a72f2c6af5e355cf1641eb229b1e93540dede9b9,5ed80cf2bad8dd330eb4d739a19a5dced2b18149,data/raw/safety-v2-s30/formal-v1/formal-v1__profile__pyxel_platformer__gpu_memory__p025__r01,"{""pyxel_platformer"":""games/pyxel/10_platformer.py""}","{""pyxel_platformer"":""1b2c75b49dc9ab0254fb4b724682a4787868814a38d2f08920720dc5b6007ac5""}",456212fa125e16e31c491f6dad2ec2f8abef0f7515d10b70dcb018adc3470ac1
2,378,formal-v1__profile__mega_wing__gpu_compute__p050__r03,formal-v1,profile,not_applicable,pressure_profile,"[""mega_wing""]",mega_wing,[],,,gpu_compute,0.5,0.125,3,4264682118148023704,10,30,1,10,windows-rtx4060,0,0,grid_2x2,true,80,97d038c3fba55e8663b4a244a72f2c6af5e355cf1641eb229b1e93540dede9b9,5ed80cf2bad8dd330eb4d739a19a5dced2b18149,data/raw/safety-v2-s30/formal-v1/formal-v1__profile__mega_wing__gpu_compute__p050__r03,"{""mega_wing"":""games/pyxel/apps-src/mega_wing/mega_wing.py""}","{""mega_wing"":""86bad6c02a303806c58137503739241dc6b1e86695f7c0dbf672b5e1a1464e9f""}",bae1e00fa0ca6ff3ccfd07d4683a56737f0382b2cb84c570822eecaaf623fb8a
2,379,formal-v1__colocation__mega_wing+pyxel_bubbles__r03,formal-v1,colocation-main,test,colocation,"[""mega_wing"",""pyxel_bubbles""]",mega_wing,"[""pyxel_bubbles""]",mega_wing+pyxel_bubbles,mega_wing+pyxel_bubbles__r03,,,,3,3866551881507876657,10,30,1,10,windows-rtx4060,0,0,grid_2x2,true,80,97d038c3fba55e8663b4a244a72f2c6af5e355cf1641eb229b1e93540dede9b9,5ed80cf2bad8dd330eb4d739a19a5dced2b18149,data/raw/safety-v2-s30/formal-v1/formal-v1__colocation__mega_wing+pyxel_bubbles__r03,"{""mega_wing"":""games/pyxel/apps-src/mega_wing/mega_wing.py"",""pyxel_bubbles"":""games/pyxel/06_click_game.py""}","{""mega_wing"":""86bad6c02a303806c58137503739241dc6b1e86695f7c0dbf672b5e1a1464e9f"",""pyxel_bubbles"":""54c101e90bdaed839ac4c4284494530d5df37a5819a35f1e41eebb0b3da5d900""}",edb900eecdc4eac58c9b4ff65faaff2a8f7509ec7908afb2afd471785ff95f80
2,380,formal-v1__profile__pyxel_jump__cpu_compute__p100__r03,formal-v1,profile,not_applicable,pressure_profile,"[""pyxel_jump""]",pyxel_jump,[],,,cpu_compute,1,1,3,9968397787741995314,10,30,1,10,windows-rtx4060,0,0,grid_2x2,true,80,97d038c3fba55e8663b4a244a72f2c6af5e355cf1641eb229b1e93540dede9b9,5ed80cf2bad8dd330eb4d739a19a5dced2b18149,data/raw/safety-v2-s30/formal-v1/formal-v1__profile__pyxel_jump__cpu_compute__p100__r03,"{""pyxel_jump"":""games/pyxel/02_jump_game.py""}","{""pyxel_jump"":""4743a825f1c9cae7e049ac52115f4ecf83350db546c00745a54af187d7bc2e46""}",c73e96231a61da3eed9983fa18a58411322e363842582bc5438ff4681ffe6314
2,381,formal-v1__profile__mega_wing__memory_bandwidth__p075__r01,formal-v1,profile,not_applicable,pressure_profile,"[""mega_wing""]",mega_wing,[],,,memory_bandwidth,0.75,0.75,1,1899649906298052157,10,30,1,10,windows-rtx4060,0,0,grid_2x2,true,80,97d038c3fba55e8663b4a244a72f2c6af5e355cf1641eb229b1e93540dede9b9,5ed80cf2bad8dd330eb4d739a19a5dced2b18149,data/raw/safety-v2-s30/formal-v1/formal-v1__profile__mega_wing__memory_bandwidth__p075__r01,"{""mega_wing"":""games/pyxel/apps-src/mega_wing/mega_wing.py""}","{""mega_wing"":""86bad6c02a303806c58137503739241dc6b1e86695f7c0dbf672b5e1a1464e9f""}",9af59d95ed180b7afffbbe3ab3809744b025f5a1c4f24fdc596fafb6611814c8
2,382,formal-v1__profile__space_rescue__cpu_compute__p025__r03,formal-v1,profile,not_applicable,pressure_profile,"[""space_rescue""]",space_rescue,[],,,cpu_compute,0.25,0.25,3,11545125721891551914,10,30,1,10,windows-rtx4060,0,0,grid_2x2,true,80,97d038c3fba55e8663b4a244a72f2c6af5e355cf1641eb229b1e93540dede9b9,5ed80cf2bad8dd330eb4d739a19a5dced2b18149,data/raw/safety-v2-s30/formal-v1/formal-v1__profile__space_rescue__cpu_compute__p025__r03,"{""space_rescue"":""games/pyxel/apps-src/space_rescue/space_rescue.py""}","{""space_rescue"":""f3b0ab6784ae558e64f06a3f0a704e53f107a130aa3d43357659d0850131e461""}",6434cb7c73d026c0ebbe925d03da0b5a21a0901c0b9d344b16070169a2ad18cf
2,383,formal-v1__profile__daylight__gpu_memory__p075__r03,formal-v1,profile,not_applicable,pressure_profile,"[""daylight""]",daylight,[],,,gpu_memory,0.75,0.75,3,383505551550802264,10,30,1,10,windows-rtx4060,0,0,grid_2x2,true,80,97d038c3fba55e8663b4a244a72f2c6af5e355cf1641eb229b1e93540dede9b9,5ed80cf2bad8dd330eb4d739a19a5dced2b18149,data/raw/safety-v2-s30/formal-v1/formal-v1__profile__daylight__gpu_memory__p075__r03,"{""daylight"":""games/pyxel/apps-src/30SecondsOfDaylight/src/main.py""}","{""daylight"":""21a365375249e9d7ea05e78dcfe040f09cc1f0c66bd410bae084190c743a028f""}",7b7f6bab75050a92e061450d927caa114a4f3c4cf32b64f05f10a10de7fdb2a1
2,384,formal-v1__profile__pyxel_platformer__cpu_compute__p100__r02,formal-v1,profile,not_applicable,pressure_profile,"[""pyxel_platformer""]",pyxel_platformer,[],,,cpu_compute,1,1,2,208523436179563980,10,30,1,10,windows-rtx4060,0,0,grid_2x2,true,80,97d038c3fba55e8663b4a244a72f2c6af5e355cf1641eb229b1e93540dede9b9,5ed80cf2bad8dd330eb4d739a19a5dced2b18149,data/raw/safety-v2-s30/formal-v1/formal-v1__profile__pyxel_platformer__cpu_compute__p100__r02,"{""pyxel_platformer"":""games/pyxel/10_platformer.py""}","{""pyxel_platformer"":""1b2c75b49dc9ab0254fb4b724682a4787868814a38d2f08920720dc5b6007ac5""}",468c8dd5dee3f5803b3e101f2f04c06f21f44651c2cd1aa062953587431e7f8b
2,385,formal-v1__profile__mega_wing__gpu_compute__p050__r02,formal-v1,profile,not_applicable,pressure_profile,"[""mega_wing""]",mega_wing,[],,,gpu_compute,0.5,0.125,2,12815251598403927586,10,30,1,10,windows-rtx4060,0,0,grid_2x2,true,80,97d038c3fba55e8663b4a244a72f2c6af5e355cf1641eb229b1e93540dede9b9,5ed80cf2bad8dd330eb4d739a19a5dced2b18149,data/raw/safety-v2-s30/formal-v1/formal-v1__profile__mega_wing__gpu_compute__p050__r02,"{""mega_wing"":""games/pyxel/apps-src/mega_wing/mega_wing.py""}","{""mega_wing"":""86bad6c02a303806c58137503739241dc6b1e86695f7c0dbf672b5e1a1464e9f""}",7e1e59349686b4970d6a30eebc81454cbf0411b3b4c2ce1f4269afa014f0483b
2,386,formal-v1__colocation__pyxel_jump+pyxel_platformer__r01,formal-v1,colocation-main,train,colocation,"[""pyxel_jump"",""pyxel_platformer""]",pyxel_jump,"[""pyxel_platformer""]",pyxel_jump+pyxel_platformer,pyxel_jump+pyxel_platformer__r01,,,,1,2222832000482788960,10,30,1,10,windows-rtx4060,0,0,grid_2x2,true,80,97d038c3fba55e8663b4a244a72f2c6af5e355cf1641eb229b1e93540dede9b9,5ed80cf2bad8dd330eb4d739a19a5dced2b18149,data/raw/safety-v2-s30/formal-v1/formal-v1__colocation__pyxel_jump+pyxel_platformer__r01,"{""pyxel_jump"":""games/pyxel/02_jump_game.py"",""pyxel_platformer"":""games/pyxel/10_platformer.py""}","{""pyxel_jump"":""4743a825f1c9cae7e049ac52115f4ecf83350db546c00745a54af187d7bc2e46"",""pyxel_platformer"":""1b2c75b49dc9ab0254fb4b724682a4787868814a38d2f08920720dc5b6007ac5""}",091b2524804d5e55f10f3263eb023a9c183e8e8558cc37766b68fed22bd939d4
2,387,formal-v1__colocation__daylight+mega_wing+space_rescue__r01,formal-v1,colocation-main,train,colocation,"[""daylight"",""mega_wing"",""space_rescue""]",daylight,"[""mega_wing"",""space_rescue""]",daylight+mega_wing+space_rescue,daylight+mega_wing+space_rescue__r01,,,,1,15957915614535664156,10,30,1,10,windows-rtx4060,0,0,grid_2x2,true,80,97d038c3fba55e8663b4a244a72f2c6af5e355cf1641eb229b1e93540dede9b9,5ed80cf2bad8dd330eb4d739a19a5dced2b18149,data/raw/safety-v2-s30/formal-v1/formal-v1__colocation__daylight+mega_wing+space_rescue__r01,"{""daylight"":""games/pyxel/apps-src/30SecondsOfDaylight/src/main.py"",""mega_wing"":""games/pyxel/apps-src/mega_wing/mega_wing.py"",""space_rescue"":""games/pyxel/apps-src/space_rescue/space_rescue.py""}","{""daylight"":""21a365375249e9d7ea05e78dcfe040f09cc1f0c66bd410bae084190c743a028f"",""mega_wing"":""86bad6c02a303806c58137503739241dc6b1e86695f7c0dbf672b5e1a1464e9f"",""space_rescue"":""f3b0ab6784ae558e64f06a3f0a704e53f107a130aa3d43357659d0850131e461""}",d4667ea188d7b9ec3cbca7d43cc5d600e362aec3f3613ef58f23347fc8568d38
2,388,formal-v1__profile__pyxel_snake__cpu_compute__p025__r02,formal-v1,profile,not_applicable,pressure_profile,"[""pyxel_snake""]",pyxel_snake,[],,,cpu_compute,0.25,0.25,2,3094097884560572468,10,30,1,10,windows-rtx4060,0,0,grid_2x2,true,80,97d038c3fba55e8663b4a244a72f2c6af5e355cf1641eb229b1e93540dede9b9,5ed80cf2bad8dd330eb4d739a19a5dced2b18149,data/raw/safety-v2-s30/formal-v1/formal-v1__profile__pyxel_snake__cpu_compute__p025__r02,"{""pyxel_snake"":""games/pyxel/07_snake.py""}","{""pyxel_snake"":""bc533fef92d1d358e570f69d979919fe5c1cd8c4da49841104b49a1e661a5ac3""}",f02484a66997d822f049b4f6082023d19bfa38b3db620681022d6a8b4acc5d6f
2,389,formal-v1__profile__pyxel_platformer__gpu_compute__p075__r02,formal-v1,profile,not_applicable,pressure_profile,"[""pyxel_platformer""]",pyxel_platformer,[],,,gpu_compute,0.75,0.1875,2,8589541531438178169,10,30,1,10,windows-rtx4060,0,0,grid_2x2,true,80,97d038c3fba55e8663b4a244a72f2c6af5e355cf1641eb229b1e93540dede9b9,5ed80cf2bad8dd330eb4d739a19a5dced2b18149,data/raw/safety-v2-s30/formal-v1/formal-v1__profile__pyxel_platformer__gpu_compute__p075__r02,"{""pyxel_platformer"":""games/pyxel/10_platformer.py""}","{""pyxel_platformer"":""1b2c75b49dc9ab0254fb4b724682a4787868814a38d2f08920720dc5b6007ac5""}",9bbf0f94dd311e0fe4f085a2ff1a6be6900f0e8cf68f0ae4bf4a50020abdd5a5
2,390,formal-v1__profile__space_rescue__gpu_memory__p100__r02,formal-v1,profile,not_applicable,pressure_profile,"[""space_rescue""]",space_rescue,[],,,gpu_memory,1,1,2,14880685727358387163,10,30,1,10,windows-rtx4060,0,0,grid_2x2,true,80,97d038c3fba55e8663b4a244a72f2c6af5e355cf1641eb229b1e93540dede9b9,5ed80cf2bad8dd330eb4d739a19a5dced2b18149,data/raw/safety-v2-s30/formal-v1/formal-v1__profile__space_rescue__gpu_memory__p100__r02,"{""space_rescue"":""games/pyxel/apps-src/space_rescue/space_rescue.py""}","{""space_rescue"":""f3b0ab6784ae558e64f06a3f0a704e53f107a130aa3d43357659d0850131e461""}",28e8286b3258258e0fe8bb47dc2a50c95e1e9dc08aa206abf893343db434f57b
2,391,formal-v1__profile__daylight__gpu_compute__p100__r01,formal-v1,profile,not_applicable,pressure_profile,"[""daylight""]",daylight,[],,,gpu_compute,1,0.25,1,8205843974768035655,10,30,1,10,windows-rtx4060,0,0,grid_2x2,true,80,97d038c3fba55e8663b4a244a72f2c6af5e355cf1641eb229b1e93540dede9b9,5ed80cf2bad8dd330eb4d739a19a5dced2b18149,data/raw/safety-v2-s30/formal-v1/formal-v1__profile__daylight__gpu_compute__p100__r01,"{""daylight"":""games/pyxel/apps-src/30SecondsOfDaylight/src/main.py""}","{""daylight"":""21a365375249e9d7ea05e78dcfe040f09cc1f0c66bd410bae084190c743a028f""}",8b6a688462e01cac5e99fe5272f4689d1017684b605e4735073f57d351bdf59f
2,392,formal-v1__profile__pyxel_bubbles__gpu_compute__p050__r03,formal-v1,profile,not_applicable,pressure_profile,"[""pyxel_bubbles""]",pyxel_bubbles,[],,,gpu_compute,0.5,0.125,3,5177671551163205622,10,30,1,10,windows-rtx4060,0,0,grid_2x2,true,80,97d038c3fba55e8663b4a244a72f2c6af5e355cf1641eb229b1e93540dede9b9,5ed80cf2bad8dd330eb4d739a19a5dced2b18149,data/raw/safety-v2-s30/formal-v1/formal-v1__profile__pyxel_bubbles__gpu_compute__p050__r03,"{""pyxel_bubbles"":""games/pyxel/06_click_game.py""}","{""pyxel_bubbles"":""54c101e90bdaed839ac4c4284494530d5df37a5819a35f1e41eebb0b3da5d900""}",989a49ea6d29f9a2c17b72534eb3cd10c0deb10645136e0b0b2f4e25a05ea7d0
2,393,formal-v1__profile__pyxel_jump__memory_bandwidth__p075__r03,formal-v1,profile,not_applicable,pressure_profile,"[""pyxel_jump""]",pyxel_jump,[],,,memory_bandwidth,0.75,0.75,3,3611680304326976638,10,30,1,10,windows-rtx4060,0,0,grid_2x2,true,80,97d038c3fba55e8663b4a244a72f2c6af5e355cf1641eb229b1e93540dede9b9,5ed80cf2bad8dd330eb4d739a19a5dced2b18149,data/raw/safety-v2-s30/formal-v1/formal-v1__profile__pyxel_jump__memory_bandwidth__p075__r03,"{""pyxel_jump"":""games/pyxel/02_jump_game.py""}","{""pyxel_jump"":""4743a825f1c9cae7e049ac52115f4ecf83350db546c00745a54af187d7bc2e46""}",ad09d685ce0d3b0402acf7d428867b155fdcb87f7049a03ae4e02ec524b75076
2,394,formal-v1__profile__mega_wing__gpu_compute__p100__r01,formal-v1,profile,not_applicable,pressure_profile,"[""mega_wing""]",mega_wing,[],,,gpu_compute,1,0.25,1,158638717560255275,10,30,1,10,windows-rtx4060,0,0,grid_2x2,true,80,97d038c3fba55e8663b4a244a72f2c6af5e355cf1641eb229b1e93540dede9b9,5ed80cf2bad8dd330eb4d739a19a5dced2b18149,data/raw/safety-v2-s30/formal-v1/formal-v1__profile__mega_wing__gpu_compute__p100__r01,"{""mega_wing"":""games/pyxel/apps-src/mega_wing/mega_wing.py""}","{""mega_wing"":""86bad6c02a303806c58137503739241dc6b1e86695f7c0dbf672b5e1a1464e9f""}",58a6f46961b4ae0b2fa182a05d9cc919ac273d8404e1e9ec2c632f3715b1efe7
2,395,formal-v1__colocation__pyxel_jump+pyxel_shooter+space_rescue__r01,formal-v1,colocation-main,validation,colocation,"[""pyxel_jump"",""pyxel_shooter"",""space_rescue""]",pyxel_jump,"[""pyxel_shooter"",""space_rescue""]",pyxel_jump+pyxel_shooter+space_rescue,pyxel_jump+pyxel_shooter+space_rescue__r01,,,,1,10585855373280229993,10,30,1,10,windows-rtx4060,0,0,grid_2x2,true,80,97d038c3fba55e8663b4a244a72f2c6af5e355cf1641eb229b1e93540dede9b9,5ed80cf2bad8dd330eb4d739a19a5dced2b18149,data/raw/safety-v2-s30/formal-v1/formal-v1__colocation__pyxel_jump+pyxel_shooter+space_rescue__r01,"{""pyxel_jump"":""games/pyxel/02_jump_game.py"",""pyxel_shooter"":""games/pyxel/09_shooter.py"",""space_rescue"":""games/pyxel/apps-src/space_rescue/space_rescue.py""}","{""pyxel_jump"":""4743a825f1c9cae7e049ac52115f4ecf83350db546c00745a54af187d7bc2e46"",""pyxel_shooter"":""0f53e4156907eac41080a8f289e22c89365b3239517c754cf59a51af201d5563"",""space_rescue"":""f3b0ab6784ae558e64f06a3f0a704e53f107a130aa3d43357659d0850131e461""}",6cebd1e92a82c9840c6b72cdac6af86789c6b2f74a2de1e1931fbe22462e86d4
2,396,formal-v1__colocation__daylight+pyxel_snake__r03,formal-v1,colocation-main,train,colocation,"[""daylight"",""pyxel_snake""]",daylight,"[""pyxel_snake""]",daylight+pyxel_snake,daylight+pyxel_snake__r03,,,,3,7978178955031978726,10,30,1,10,windows-rtx4060,0,0,grid_2x2,true,80,97d038c3fba55e8663b4a244a72f2c6af5e355cf1641eb229b1e93540dede9b9,5ed80cf2bad8dd330eb4d739a19a5dced2b18149,data/raw/safety-v2-s30/formal-v1/formal-v1__colocation__daylight+pyxel_snake__r03,"{""daylight"":""games/pyxel/apps-src/30SecondsOfDaylight/src/main.py"",""pyxel_snake"":""games/pyxel/07_snake.py""}","{""daylight"":""21a365375249e9d7ea05e78dcfe040f09cc1f0c66bd410bae084190c743a028f"",""pyxel_snake"":""bc533fef92d1d358e570f69d979919fe5c1cd8c4da49841104b49a1e661a5ac3""}",c9f1c87d8bb1fb21ca653b4cc6e13cd7051a186217319d4e68f2eb2927d138a0
2,397,formal-v1__colocation__mega_wing+pyxel_platformer__r01,formal-v1,colocation-main,test,colocation,"[""mega_wing"",""pyxel_platformer""]",mega_wing,"[""pyxel_platformer""]",mega_wing+pyxel_platformer,mega_wing+pyxel_platformer__r01,,,,1,9144383866124476024,10,30,1,10,windows-rtx4060,0,0,grid_2x2,true,80,97d038c3fba55e8663b4a244a72f2c6af5e355cf1641eb229b1e93540dede9b9,5ed80cf2bad8dd330eb4d739a19a5dced2b18149,data/raw/safety-v2-s30/formal-v1/formal-v1__colocation__mega_wing+pyxel_platformer__r01,"{""mega_wing"":""games/pyxel/apps-src/mega_wing/mega_wing.py"",""pyxel_platformer"":""games/pyxel/10_platformer.py""}","{""mega_wing"":""86bad6c02a303806c58137503739241dc6b1e86695f7c0dbf672b5e1a1464e9f"",""pyxel_platformer"":""1b2c75b49dc9ab0254fb4b724682a4787868814a38d2f08920720dc5b6007ac5""}",b7764f04d06a3aa95eafa47f11c94ff7c516536b20966169a94c4fc2712d5268
2,398,formal-v1__profile__pyxel_jump__cpu_compute__p050__r02,formal-v1,profile,not_applicable,pressure_profile,"[""pyxel_jump""]",pyxel_jump,[],,,cpu_compute,0.5,0.5,2,11814661248046929535,10,30,1,10,windows-rtx4060,0,0,grid_2x2,true,80,97d038c3fba55e8663b4a244a72f2c6af5e355cf1641eb229b1e93540dede9b9,5ed80cf2bad8dd330eb4d739a19a5dced2b18149,data/raw/safety-v2-s30/formal-v1/formal-v1__profile__pyxel_jump__cpu_compute__p050__r02,"{""pyxel_jump"":""games/pyxel/02_jump_game.py""}","{""pyxel_jump"":""4743a825f1c9cae7e049ac52115f4ecf83350db546c00745a54af187d7bc2e46""}",9ccd6ec65d7c99a4d7152fd294040cace0b4422634112fbfa8177aa066286bf2
2,399,formal-v1__profile__pyxel_shooter__gpu_compute__p075__r03,formal-v1,profile,not_applicable,pressure_profile,"[""pyxel_shooter""]",pyxel_shooter,[],,,gpu_compute,0.75,0.1875,3,17635168907212643046,10,30,1,10,windows-rtx4060,0,0,grid_2x2,true,80,97d038c3fba55e8663b4a244a72f2c6af5e355cf1641eb229b1e93540dede9b9,5ed80cf2bad8dd330eb4d739a19a5dced2b18149,data/raw/safety-v2-s30/formal-v1/formal-v1__profile__pyxel_shooter__gpu_compute__p075__r03,"{""pyxel_shooter"":""games/pyxel/09_shooter.py""}","{""pyxel_shooter"":""0f53e4156907eac41080a8f289e22c89365b3239517c754cf59a51af201d5563""}",b061e4504e41805f83c16eab8c2ff4853db046117f2467fe7f5fa6a108a29771
2,400,formal-v1__colocation__mega_wing+pyxel_bubbles+pyxel_jump__r01,formal-v1,colocation-main,train,colocation,"[""mega_wing"",""pyxel_bubbles"",""pyxel_jump""]",mega_wing,"[""pyxel_bubbles"",""pyxel_jump""]",mega_wing+pyxel_bubbles+pyxel_jump,mega_wing+pyxel_bubbles+pyxel_jump__r01,,,,1,12568386172004482002,10,30,1,10,windows-rtx4060,0,0,grid_2x2,true,80,97d038c3fba55e8663b4a244a72f2c6af5e355cf1641eb229b1e93540dede9b9,5ed80cf2bad8dd330eb4d739a19a5dced2b18149,data/raw/safety-v2-s30/formal-v1/formal-v1__colocation__mega_wing+pyxel_bubbles+pyxel_jump__r01,"{""mega_wing"":""games/pyxel/apps-src/mega_wing/mega_wing.py"",""pyxel_bubbles"":""games/pyxel/06_click_game.py"",""pyxel_jump"":""games/pyxel/02_jump_game.py""}","{""mega_wing"":""86bad6c02a303806c58137503739241dc6b1e86695f7c0dbf672b5e1a1464e9f"",""pyxel_bubbles"":""54c101e90bdaed839ac4c4284494530d5df37a5819a35f1e41eebb0b3da5d900"",""pyxel_jump"":""4743a825f1c9cae7e049ac52115f4ecf83350db546c00745a54af187d7bc2e46""}",041f848dc7f78f51cb107365a935fb1a0cb984a4c2c712854fedf7e27ccf234f
2,401,formal-v1__colocation__pyxel_platformer+space_rescue__r03,formal-v1,colocation-main,train,colocation,"[""pyxel_platformer"",""space_rescue""]",pyxel_platformer,"[""space_rescue""]",pyxel_platformer+space_rescue,pyxel_platformer+space_rescue__r03,,,,3,12216575843737977223,10,30,1,10,windows-rtx4060,0,0,grid_2x2,true,80,97d038c3fba55e8663b4a244a72f2c6af5e355cf1641eb229b1e93540dede9b9,5ed80cf2bad8dd330eb4d739a19a5dced2b18149,data/raw/safety-v2-s30/formal-v1/formal-v1__colocation__pyxel_platformer+space_rescue__r03,"{""pyxel_platformer"":""games/pyxel/10_platformer.py"",""space_rescue"":""games/pyxel/apps-src/space_rescue/space_rescue.py""}","{""pyxel_platformer"":""1b2c75b49dc9ab0254fb4b724682a4787868814a38d2f08920720dc5b6007ac5"",""space_rescue"":""f3b0ab6784ae558e64f06a3f0a704e53f107a130aa3d43357659d0850131e461""}",fb7a962cfeda70f56ad63aefa1ad400b0658fcfa80725ca78c595ad59de1ce00
2,402,formal-v1__colocation__pyxel_platformer+pyxel_snake+space_rescue__r01,formal-v1,colocation-main,validation,colocation,"[""pyxel_platformer"",""pyxel_snake"",""space_rescue""]",pyxel_platformer,"[""pyxel_snake"",""space_rescue""]",pyxel_platformer+pyxel_snake+space_rescue,pyxel_platformer+pyxel_snake+space_rescue__r01,,,,1,166779263219510929,10,30,1,10,windows-rtx4060,0,0,grid_2x2,true,80,97d038c3fba55e8663b4a244a72f2c6af5e355cf1641eb229b1e93540dede9b9,5ed80cf2bad8dd330eb4d739a19a5dced2b18149,data/raw/safety-v2-s30/formal-v1/formal-v1__colocation__pyxel_platformer+pyxel_snake+space_rescue__r01,"{""pyxel_platformer"":""games/pyxel/10_platformer.py"",""pyxel_snake"":""games/pyxel/07_snake.py"",""space_rescue"":""games/pyxel/apps-src/space_rescue/space_rescue.py""}","{""pyxel_platformer"":""1b2c75b49dc9ab0254fb4b724682a4787868814a38d2f08920720dc5b6007ac5"",""pyxel_snake"":""bc533fef92d1d358e570f69d979919fe5c1cd8c4da49841104b49a1e661a5ac3"",""space_rescue"":""f3b0ab6784ae558e64f06a3f0a704e53f107a130aa3d43357659d0850131e461""}",6096677d0b11b35b0c18a222cb51f1dc7be60b186ec3b17e5e667d629a207bf1
2,403,formal-v1__colocation__pyxel_bubbles+pyxel_jump+pyxel_snake__r02,formal-v1,colocation-main,train,colocation,"[""pyxel_bubbles"",""pyxel_jump"",""pyxel_snake""]",pyxel_bubbles,"[""pyxel_jump"",""pyxel_snake""]",pyxel_bubbles+pyxel_jump+pyxel_snake,pyxel_bubbles+pyxel_jump+pyxel_snake__r02,,,,2,18007583804090981825,10,30,1,10,windows-rtx4060,0,0,grid_2x2,true,80,97d038c3fba55e8663b4a244a72f2c6af5e355cf1641eb229b1e93540dede9b9,5ed80cf2bad8dd330eb4d739a19a5dced2b18149,data/raw/safety-v2-s30/formal-v1/formal-v1__colocation__pyxel_bubbles+pyxel_jump+pyxel_snake__r02,"{""pyxel_bubbles"":""games/pyxel/06_click_game.py"",""pyxel_jump"":""games/pyxel/02_jump_game.py"",""pyxel_snake"":""games/pyxel/07_snake.py""}","{""pyxel_bubbles"":""54c101e90bdaed839ac4c4284494530d5df37a5819a35f1e41eebb0b3da5d900"",""pyxel_jump"":""4743a825f1c9cae7e049ac52115f4ecf83350db546c00745a54af187d7bc2e46"",""pyxel_snake"":""bc533fef92d1d358e570f69d979919fe5c1cd8c4da49841104b49a1e661a5ac3""}",2c0cd52bed88a245eb6d267bc9f94038910c7d90c647bf3981c816c14df4ea29
2,404,formal-v1__profile__pyxel_snake__gpu_memory__p000__r02,formal-v1,profile,not_applicable,pressure_profile,"[""pyxel_snake""]",pyxel_snake,[],,,gpu_memory,0,0,2,12227263197918504061,10,30,1,10,windows-rtx4060,0,0,grid_2x2,true,80,97d038c3fba55e8663b4a244a72f2c6af5e355cf1641eb229b1e93540dede9b9,5ed80cf2bad8dd330eb4d739a19a5dced2b18149,data/raw/safety-v2-s30/formal-v1/formal-v1__profile__pyxel_snake__gpu_memory__p000__r02,"{""pyxel_snake"":""games/pyxel/07_snake.py""}","{""pyxel_snake"":""bc533fef92d1d358e570f69d979919fe5c1cd8c4da49841104b49a1e661a5ac3""}",e00a12de85e5777a03aeab9f0e2150ec53408a84a32584cba1c8da09c2d6dafb
2,405,formal-v1__colocation__pyxel_shooter+pyxel_snake+space_rescue__r01,formal-v1,colocation-main,validation,colocation,"[""pyxel_shooter"",""pyxel_snake"",""space_rescue""]",pyxel_shooter,"[""pyxel_snake"",""space_rescue""]",pyxel_shooter+pyxel_snake+space_rescue,pyxel_shooter+pyxel_snake+space_rescue__r01,,,,1,6654188469517042076,10,30,1,10,windows-rtx4060,0,0,grid_2x2,true,80,97d038c3fba55e8663b4a244a72f2c6af5e355cf1641eb229b1e93540dede9b9,5ed80cf2bad8dd330eb4d739a19a5dced2b18149,data/raw/safety-v2-s30/formal-v1/formal-v1__colocation__pyxel_shooter+pyxel_snake+space_rescue__r01,"{""pyxel_shooter"":""games/pyxel/09_shooter.py"",""pyxel_snake"":""games/pyxel/07_snake.py"",""space_rescue"":""games/pyxel/apps-src/space_rescue/space_rescue.py""}","{""pyxel_shooter"":""0f53e4156907eac41080a8f289e22c89365b3239517c754cf59a51af201d5563"",""pyxel_snake"":""bc533fef92d1d358e570f69d979919fe5c1cd8c4da49841104b49a1e661a5ac3"",""space_rescue"":""f3b0ab6784ae558e64f06a3f0a704e53f107a130aa3d43357659d0850131e461""}",c39aecdd27a6d611837787afc7520683c394d7e4319eba44a2e998aec3f1b33c
2,406,formal-v1__profile__pyxel_snake__memory_bandwidth__p000__r01,formal-v1,profile,not_applicable,pressure_profile,"[""pyxel_snake""]",pyxel_snake,[],,,memory_bandwidth,0,0,1,17972992197593926407,10,30,1,10,windows-rtx4060,0,0,grid_2x2,true,80,97d038c3fba55e8663b4a244a72f2c6af5e355cf1641eb229b1e93540dede9b9,5ed80cf2bad8dd330eb4d739a19a5dced2b18149,data/raw/safety-v2-s30/formal-v1/formal-v1__profile__pyxel_snake__memory_bandwidth__p000__r01,"{""pyxel_snake"":""games/pyxel/07_snake.py""}","{""pyxel_snake"":""bc533fef92d1d358e570f69d979919fe5c1cd8c4da49841104b49a1e661a5ac3""}",1c5124af7cc11d24e76f8ca43081f4604da06206fcd689c3f5e241b8bfb9c3c9
2,407,formal-v1__profile__pyxel_snake__gpu_memory__p025__r02,formal-v1,profile,not_applicable,pressure_profile,"[""pyxel_snake""]",pyxel_snake,[],,,gpu_memory,0.25,0.25,2,16172530195392660654,10,30,1,10,windows-rtx4060,0,0,grid_2x2,true,80,97d038c3fba55e8663b4a244a72f2c6af5e355cf1641eb229b1e93540dede9b9,5ed80cf2bad8dd330eb4d739a19a5dced2b18149,data/raw/safety-v2-s30/formal-v1/formal-v1__profile__pyxel_snake__gpu_memory__p025__r02,"{""pyxel_snake"":""games/pyxel/07_snake.py""}","{""pyxel_snake"":""bc533fef92d1d358e570f69d979919fe5c1cd8c4da49841104b49a1e661a5ac3""}",29fa2e6beecffee045ae72b1383dd74484d2643f0488b8d2fad4f9c4d8d46982
2,408,formal-v1__profile__pyxel_jump__memory_bandwidth__p025__r01,formal-v1,profile,not_applicable,pressure_profile,"[""pyxel_jump""]",pyxel_jump,[],,,memory_bandwidth,0.25,0.25,1,626281593546063449,10,30,1,10,windows-rtx4060,0,0,grid_2x2,true,80,97d038c3fba55e8663b4a244a72f2c6af5e355cf1641eb229b1e93540dede9b9,5ed80cf2bad8dd330eb4d739a19a5dced2b18149,data/raw/safety-v2-s30/formal-v1/formal-v1__profile__pyxel_jump__memory_bandwidth__p025__r01,"{""pyxel_jump"":""games/pyxel/02_jump_game.py""}","{""pyxel_jump"":""4743a825f1c9cae7e049ac52115f4ecf83350db546c00745a54af187d7bc2e46""}",2dacdd7050f742546d43680ee919f79c5faac716211146e5c785dc94c613109d
2,409,formal-v1__profile__pyxel_jump__gpu_compute__p025__r02,formal-v1,profile,not_applicable,pressure_profile,"[""pyxel_jump""]",pyxel_jump,[],,,gpu_compute,0.25,0.0625,2,233017035973942983,10,30,1,10,windows-rtx4060,0,0,grid_2x2,true,80,97d038c3fba55e8663b4a244a72f2c6af5e355cf1641eb229b1e93540dede9b9,5ed80cf2bad8dd330eb4d739a19a5dced2b18149,data/raw/safety-v2-s30/formal-v1/formal-v1__profile__pyxel_jump__gpu_compute__p025__r02,"{""pyxel_jump"":""games/pyxel/02_jump_game.py""}","{""pyxel_jump"":""4743a825f1c9cae7e049ac52115f4ecf83350db546c00745a54af187d7bc2e46""}",3f34b145d5875d2acb965cca4df12e8d48f9eeb9aec12311608c4e9a0de54c91
2,410,formal-v1__colocation__mega_wing+pyxel_jump+pyxel_platformer__r01,formal-v1,colocation-main,train,colocation,"[""mega_wing"",""pyxel_jump"",""pyxel_platformer""]",mega_wing,"[""pyxel_jump"",""pyxel_platformer""]",mega_wing+pyxel_jump+pyxel_platformer,mega_wing+pyxel_jump+pyxel_platformer__r01,,,,1,7191685246271050818,10,30,1,10,windows-rtx4060,0,0,grid_2x2,true,80,97d038c3fba55e8663b4a244a72f2c6af5e355cf1641eb229b1e93540dede9b9,5ed80cf2bad8dd330eb4d739a19a5dced2b18149,data/raw/safety-v2-s30/formal-v1/formal-v1__colocation__mega_wing+pyxel_jump+pyxel_platformer__r01,"{""mega_wing"":""games/pyxel/apps-src/mega_wing/mega_wing.py"",""pyxel_jump"":""games/pyxel/02_jump_game.py"",""pyxel_platformer"":""games/pyxel/10_platformer.py""}","{""mega_wing"":""86bad6c02a303806c58137503739241dc6b1e86695f7c0dbf672b5e1a1464e9f"",""pyxel_jump"":""4743a825f1c9cae7e049ac52115f4ecf83350db546c00745a54af187d7bc2e46"",""pyxel_platformer"":""1b2c75b49dc9ab0254fb4b724682a4787868814a38d2f08920720dc5b6007ac5""}",58773e29940d274e8c37968ca332333b789e8fbcecd08594022f0a9edc9a8d4a
2,411,formal-v1__colocation__daylight+pyxel_jump+pyxel_shooter__r02,formal-v1,colocation-main,train,colocation,"[""daylight"",""pyxel_jump"",""pyxel_shooter""]",daylight,"[""pyxel_jump"",""pyxel_shooter""]",daylight+pyxel_jump+pyxel_shooter,daylight+pyxel_jump+pyxel_shooter__r02,,,,2,2064611591229211055,10,30,1,10,windows-rtx4060,0,0,grid_2x2,true,80,97d038c3fba55e8663b4a244a72f2c6af5e355cf1641eb229b1e93540dede9b9,5ed80cf2bad8dd330eb4d739a19a5dced2b18149,data/raw/safety-v2-s30/formal-v1/formal-v1__colocation__daylight+pyxel_jump+pyxel_shooter__r02,"{""daylight"":""games/pyxel/apps-src/30SecondsOfDaylight/src/main.py"",""pyxel_jump"":""games/pyxel/02_jump_game.py"",""pyxel_shooter"":""games/pyxel/09_shooter.py""}","{""daylight"":""21a365375249e9d7ea05e78dcfe040f09cc1f0c66bd410bae084190c743a028f"",""pyxel_jump"":""4743a825f1c9cae7e049ac52115f4ecf83350db546c00745a54af187d7bc2e46"",""pyxel_shooter"":""0f53e4156907eac41080a8f289e22c89365b3239517c754cf59a51af201d5563""}",acbf4412a68d58ec9484b5f03b371480dd35857480c2f40f13f0b92176b498bb
2,412,formal-v1__profile__daylight__cpu_compute__p075__r02,formal-v1,profile,not_applicable,pressure_profile,"[""daylight""]",daylight,[],,,cpu_compute,0.75,0.75,2,14605916643426837791,10,30,1,10,windows-rtx4060,0,0,grid_2x2,true,80,97d038c3fba55e8663b4a244a72f2c6af5e355cf1641eb229b1e93540dede9b9,5ed80cf2bad8dd330eb4d739a19a5dced2b18149,data/raw/safety-v2-s30/formal-v1/formal-v1__profile__daylight__cpu_compute__p075__r02,"{""daylight"":""games/pyxel/apps-src/30SecondsOfDaylight/src/main.py""}","{""daylight"":""21a365375249e9d7ea05e78dcfe040f09cc1f0c66bd410bae084190c743a028f""}",067adece402502790e2c936fde2a50c38d9a4ecd532372553adea062148dcb7f
2,413,formal-v1__colocation__pyxel_jump+pyxel_shooter__r01,formal-v1,colocation-main,train,colocation,"[""pyxel_jump"",""pyxel_shooter""]",pyxel_jump,"[""pyxel_shooter""]",pyxel_jump+pyxel_shooter,pyxel_jump+pyxel_shooter__r01,,,,1,11687499499354652478,10,30,1,10,windows-rtx4060,0,0,grid_2x2,true,80,97d038c3fba55e8663b4a244a72f2c6af5e355cf1641eb229b1e93540dede9b9,5ed80cf2bad8dd330eb4d739a19a5dced2b18149,data/raw/safety-v2-s30/formal-v1/formal-v1__colocation__pyxel_jump+pyxel_shooter__r01,"{""pyxel_jump"":""games/pyxel/02_jump_game.py"",""pyxel_shooter"":""games/pyxel/09_shooter.py""}","{""pyxel_jump"":""4743a825f1c9cae7e049ac52115f4ecf83350db546c00745a54af187d7bc2e46"",""pyxel_shooter"":""0f53e4156907eac41080a8f289e22c89365b3239517c754cf59a51af201d5563""}",ef2efe342bec27eba3e4cd88a291be2ac359404b52d9ee8198ab0d6c0702c22f
2,414,formal-v1__colocation__daylight+pyxel_bubbles+pyxel_platformer__r03,formal-v1,colocation-main,test,colocation,"[""daylight"",""pyxel_bubbles"",""pyxel_platformer""]",daylight,"[""pyxel_bubbles"",""pyxel_platformer""]",daylight+pyxel_bubbles+pyxel_platformer,daylight+pyxel_bubbles+pyxel_platformer__r03,,,,3,12678075072709660838,10,30,1,10,windows-rtx4060,0,0,grid_2x2,true,80,97d038c3fba55e8663b4a244a72f2c6af5e355cf1641eb229b1e93540dede9b9,5ed80cf2bad8dd330eb4d739a19a5dced2b18149,data/raw/safety-v2-s30/formal-v1/formal-v1__colocation__daylight+pyxel_bubbles+pyxel_platformer__r03,"{""daylight"":""games/pyxel/apps-src/30SecondsOfDaylight/src/main.py"",""pyxel_bubbles"":""games/pyxel/06_click_game.py"",""pyxel_platformer"":""games/pyxel/10_platformer.py""}","{""daylight"":""21a365375249e9d7ea05e78dcfe040f09cc1f0c66bd410bae084190c743a028f"",""pyxel_bubbles"":""54c101e90bdaed839ac4c4284494530d5df37a5819a35f1e41eebb0b3da5d900"",""pyxel_platformer"":""1b2c75b49dc9ab0254fb4b724682a4787868814a38d2f08920720dc5b6007ac5""}",a1eeaa9b222724fd6663ea077bb6b6181c495292c9fae007a6858ff74b5ae3ac
2,415,formal-v1__colocation__daylight+mega_wing__r02,formal-v1,colocation-main,test,colocation,"[""daylight"",""mega_wing""]",daylight,"[""mega_wing""]",daylight+mega_wing,daylight+mega_wing__r02,,,,2,6551194622992065329,10,30,1,10,windows-rtx4060,0,0,grid_2x2,true,80,97d038c3fba55e8663b4a244a72f2c6af5e355cf1641eb229b1e93540dede9b9,5ed80cf2bad8dd330eb4d739a19a5dced2b18149,data/raw/safety-v2-s30/formal-v1/formal-v1__colocation__daylight+mega_wing__r02,"{""daylight"":""games/pyxel/apps-src/30SecondsOfDaylight/src/main.py"",""mega_wing"":""games/pyxel/apps-src/mega_wing/mega_wing.py""}","{""daylight"":""21a365375249e9d7ea05e78dcfe040f09cc1f0c66bd410bae084190c743a028f"",""mega_wing"":""86bad6c02a303806c58137503739241dc6b1e86695f7c0dbf672b5e1a1464e9f""}",14a5050e948cafb8406ebd9ee5e5c9f6bac89d1375e2477b3bef737ed7966ad5
2,416,formal-v1__profile__pyxel_shooter__cpu_compute__p050__r03,formal-v1,profile,not_applicable,pressure_profile,"[""pyxel_shooter""]",pyxel_shooter,[],,,cpu_compute,0.5,0.5,3,16817702603265886754,10,30,1,10,windows-rtx4060,0,0,grid_2x2,true,80,97d038c3fba55e8663b4a244a72f2c6af5e355cf1641eb229b1e93540dede9b9,5ed80cf2bad8dd330eb4d739a19a5dced2b18149,data/raw/safety-v2-s30/formal-v1/formal-v1__profile__pyxel_shooter__cpu_compute__p050__r03,"{""pyxel_shooter"":""games/pyxel/09_shooter.py""}","{""pyxel_shooter"":""0f53e4156907eac41080a8f289e22c89365b3239517c754cf59a51af201d5563""}",47d7c7f3c8271ead6eca74c113934058c3bae7dfd6b97fa88fd395cf8569cae6
2,417,formal-v1__solo__pyxel_shooter__r01,formal-v1,solo,not_applicable,solo,"[""pyxel_shooter""]",pyxel_shooter,[],,,,,,1,3277195567229385787,10,30,1,10,windows-rtx4060,0,0,grid_2x2,true,80,97d038c3fba55e8663b4a244a72f2c6af5e355cf1641eb229b1e93540dede9b9,5ed80cf2bad8dd330eb4d739a19a5dced2b18149,data/raw/safety-v2-s30/formal-v1/formal-v1__solo__pyxel_shooter__r01,"{""pyxel_shooter"":""games/pyxel/09_shooter.py""}","{""pyxel_shooter"":""0f53e4156907eac41080a8f289e22c89365b3239517c754cf59a51af201d5563""}",e140c426883d3104ce765bf9204924541acf8de13f545bd4ac883361ee37299a
2,418,formal-v1__profile__pyxel_jump__gpu_memory__p075__r02,formal-v1,profile,not_applicable,pressure_profile,"[""pyxel_jump""]",pyxel_jump,[],,,gpu_memory,0.75,0.75,2,16687842723697422139,10,30,1,10,windows-rtx4060,0,0,grid_2x2,true,80,97d038c3fba55e8663b4a244a72f2c6af5e355cf1641eb229b1e93540dede9b9,5ed80cf2bad8dd330eb4d739a19a5dced2b18149,data/raw/safety-v2-s30/formal-v1/formal-v1__profile__pyxel_jump__gpu_memory__p075__r02,"{""pyxel_jump"":""games/pyxel/02_jump_game.py""}","{""pyxel_jump"":""4743a825f1c9cae7e049ac52115f4ecf83350db546c00745a54af187d7bc2e46""}",334ccc80c45502770e00650b312347c534b83265b109c224073d2a87bff31d80
2,419,formal-v1__profile__space_rescue__gpu_compute__p000__r02,formal-v1,profile,not_applicable,pressure_profile,"[""space_rescue""]",space_rescue,[],,,gpu_compute,0,0,2,13451980044908634954,10,30,1,10,windows-rtx4060,0,0,grid_2x2,true,80,97d038c3fba55e8663b4a244a72f2c6af5e355cf1641eb229b1e93540dede9b9,5ed80cf2bad8dd330eb4d739a19a5dced2b18149,data/raw/safety-v2-s30/formal-v1/formal-v1__profile__space_rescue__gpu_compute__p000__r02,"{""space_rescue"":""games/pyxel/apps-src/space_rescue/space_rescue.py""}","{""space_rescue"":""f3b0ab6784ae558e64f06a3f0a704e53f107a130aa3d43357659d0850131e461""}",ec47eb870506ddca0dbbf912cf6b3abe2591aec3c6898dacdb428b2539d4304c
2,420,formal-v1__colocation__pyxel_snake+space_rescue__r02,formal-v1,colocation-main,train,colocation,"[""pyxel_snake"",""space_rescue""]",pyxel_snake,"[""space_rescue""]",pyxel_snake+space_rescue,pyxel_snake+space_rescue__r02,,,,2,812211289709381654,10,30,1,10,windows-rtx4060,0,0,grid_2x2,true,80,97d038c3fba55e8663b4a244a72f2c6af5e355cf1641eb229b1e93540dede9b9,5ed80cf2bad8dd330eb4d739a19a5dced2b18149,data/raw/safety-v2-s30/formal-v1/formal-v1__colocation__pyxel_snake+space_rescue__r02,"{""pyxel_snake"":""games/pyxel/07_snake.py"",""space_rescue"":""games/pyxel/apps-src/space_rescue/space_rescue.py""}","{""pyxel_snake"":""bc533fef92d1d358e570f69d979919fe5c1cd8c4da49841104b49a1e661a5ac3"",""space_rescue"":""f3b0ab6784ae558e64f06a3f0a704e53f107a130aa3d43357659d0850131e461""}",87d0767ab9e1e0b60ffdec733b66d394ac5f7ed888e283c61b490e50e60007b6
2,421,formal-v1__profile__pyxel_shooter__memory_bandwidth__p100__r02,formal-v1,profile,not_applicable,pressure_profile,"[""pyxel_shooter""]",pyxel_shooter,[],,,memory_bandwidth,1,1,2,7928933935210469273,10,30,1,10,windows-rtx4060,0,0,grid_2x2,true,80,97d038c3fba55e8663b4a244a72f2c6af5e355cf1641eb229b1e93540dede9b9,5ed80cf2bad8dd330eb4d739a19a5dced2b18149,data/raw/safety-v2-s30/formal-v1/formal-v1__profile__pyxel_shooter__memory_bandwidth__p100__r02,"{""pyxel_shooter"":""games/pyxel/09_shooter.py""}","{""pyxel_shooter"":""0f53e4156907eac41080a8f289e22c89365b3239517c754cf59a51af201d5563""}",b045648063663499f563f9d8d609d030754bf7eb8dac989f145d36fd9e7b39b3
2,422,formal-v1__profile__space_rescue__gpu_memory__p000__r01,formal-v1,profile,not_applicable,pressure_profile,"[""space_rescue""]",space_rescue,[],,,gpu_memory,0,0,1,10482120623652990482,10,30,1,10,windows-rtx4060,0,0,grid_2x2,true,80,97d038c3fba55e8663b4a244a72f2c6af5e355cf1641eb229b1e93540dede9b9,5ed80cf2bad8dd330eb4d739a19a5dced2b18149,data/raw/safety-v2-s30/formal-v1/formal-v1__profile__space_rescue__gpu_memory__p000__r01,"{""space_rescue"":""games/pyxel/apps-src/space_rescue/space_rescue.py""}","{""space_rescue"":""f3b0ab6784ae558e64f06a3f0a704e53f107a130aa3d43357659d0850131e461""}",99b6e6c06f977172ffbe48eb588191a3f5bb276b514dead04a1c594a01476fee
2,423,formal-v1__colocation__mega_wing+pyxel_bubbles__r02,formal-v1,colocation-main,test,colocation,"[""mega_wing"",""pyxel_bubbles""]",mega_wing,"[""pyxel_bubbles""]",mega_wing+pyxel_bubbles,mega_wing+pyxel_bubbles__r02,,,,2,17747459958470337110,10,30,1,10,windows-rtx4060,0,0,grid_2x2,true,80,97d038c3fba55e8663b4a244a72f2c6af5e355cf1641eb229b1e93540dede9b9,5ed80cf2bad8dd330eb4d739a19a5dced2b18149,data/raw/safety-v2-s30/formal-v1/formal-v1__colocation__mega_wing+pyxel_bubbles__r02,"{""mega_wing"":""games/pyxel/apps-src/mega_wing/mega_wing.py"",""pyxel_bubbles"":""games/pyxel/06_click_game.py""}","{""mega_wing"":""86bad6c02a303806c58137503739241dc6b1e86695f7c0dbf672b5e1a1464e9f"",""pyxel_bubbles"":""54c101e90bdaed839ac4c4284494530d5df37a5819a35f1e41eebb0b3da5d900""}",dd92cb4d8d62c58b1c480562d03e677a13291702359d17734f5548b9b101f4fe
2,424,formal-v1__profile__pyxel_bubbles__gpu_compute__p075__r03,formal-v1,profile,not_applicable,pressure_profile,"[""pyxel_bubbles""]",pyxel_bubbles,[],,,gpu_compute,0.75,0.1875,3,18144003774020506036,10,30,1,10,windows-rtx4060,0,0,grid_2x2,true,80,97d038c3fba55e8663b4a244a72f2c6af5e355cf1641eb229b1e93540dede9b9,5ed80cf2bad8dd330eb4d739a19a5dced2b18149,data/raw/safety-v2-s30/formal-v1/formal-v1__profile__pyxel_bubbles__gpu_compute__p075__r03,"{""pyxel_bubbles"":""games/pyxel/06_click_game.py""}","{""pyxel_bubbles"":""54c101e90bdaed839ac4c4284494530d5df37a5819a35f1e41eebb0b3da5d900""}",73d2fa0b58609106a79c17bce4d91d41b6d543816bd840af612da0a952372bf7
2,425,formal-v1__colocation__daylight+mega_wing+pyxel_jump__r03,formal-v1,colocation-main,train,colocation,"[""daylight"",""mega_wing"",""pyxel_jump""]",daylight,"[""mega_wing"",""pyxel_jump""]",daylight+mega_wing+pyxel_jump,daylight+mega_wing+pyxel_jump__r03,,,,3,7795244758432961513,10,30,1,10,windows-rtx4060,0,0,grid_2x2,true,80,97d038c3fba55e8663b4a244a72f2c6af5e355cf1641eb229b1e93540dede9b9,5ed80cf2bad8dd330eb4d739a19a5dced2b18149,data/raw/safety-v2-s30/formal-v1/formal-v1__colocation__daylight+mega_wing+pyxel_jump__r03,"{""daylight"":""games/pyxel/apps-src/30SecondsOfDaylight/src/main.py"",""mega_wing"":""games/pyxel/apps-src/mega_wing/mega_wing.py"",""pyxel_jump"":""games/pyxel/02_jump_game.py""}","{""daylight"":""21a365375249e9d7ea05e78dcfe040f09cc1f0c66bd410bae084190c743a028f"",""mega_wing"":""86bad6c02a303806c58137503739241dc6b1e86695f7c0dbf672b5e1a1464e9f"",""pyxel_jump"":""4743a825f1c9cae7e049ac52115f4ecf83350db546c00745a54af187d7bc2e46""}",52a9aace34ceb58673685c3d74399e6cfd840923ebeeed20f7132ba0bb9bb400
2,426,formal-v1__extra__mega_wing+pyxel_bubbles+pyxel_jump+space_rescue__r03,formal-v1,colocation-extra-test,extra_test,extra_test,"[""mega_wing"",""pyxel_bubbles"",""pyxel_jump"",""space_rescue""]",mega_wing,"[""pyxel_bubbles"",""pyxel_jump"",""space_rescue""]",mega_wing+pyxel_bubbles+pyxel_jump+space_rescue,mega_wing+pyxel_bubbles+pyxel_jump+space_rescue__r03,,,,3,7783474005910821502,10,30,1,10,windows-rtx4060,0,0,grid_2x2,true,80,97d038c3fba55e8663b4a244a72f2c6af5e355cf1641eb229b1e93540dede9b9,5ed80cf2bad8dd330eb4d739a19a5dced2b18149,data/raw/safety-v2-s30/formal-v1/formal-v1__extra__mega_wing+pyxel_bubbles+pyxel_jump+space_rescue__r03,"{""mega_wing"":""games/pyxel/apps-src/mega_wing/mega_wing.py"",""pyxel_bubbles"":""games/pyxel/06_click_game.py"",""pyxel_jump"":""games/pyxel/02_jump_game.py"",""space_rescue"":""games/pyxel/apps-src/space_rescue/space_rescue.py""}","{""mega_wing"":""86bad6c02a303806c58137503739241dc6b1e86695f7c0dbf672b5e1a1464e9f"",""pyxel_bubbles"":""54c101e90bdaed839ac4c4284494530d5df37a5819a35f1e41eebb0b3da5d900"",""pyxel_jump"":""4743a825f1c9cae7e049ac52115f4ecf83350db546c00745a54af187d7bc2e46"",""space_rescue"":""f3b0ab6784ae558e64f06a3f0a704e53f107a130aa3d43357659d0850131e461""}",0a3221e716fb39aad94d7223a961f7b953a83c4ace4ced2a401931892235accf
2,427,formal-v1__colocation__pyxel_platformer+space_rescue__r01,formal-v1,colocation-main,train,colocation,"[""pyxel_platformer"",""space_rescue""]",pyxel_platformer,"[""space_rescue""]",pyxel_platformer+space_rescue,pyxel_platformer+space_rescue__r01,,,,1,2131886455317589181,10,30,1,10,windows-rtx4060,0,0,grid_2x2,true,80,97d038c3fba55e8663b4a244a72f2c6af5e355cf1641eb229b1e93540dede9b9,5ed80cf2bad8dd330eb4d739a19a5dced2b18149,data/raw/safety-v2-s30/formal-v1/formal-v1__colocation__pyxel_platformer+space_rescue__r01,"{""pyxel_platformer"":""games/pyxel/10_platformer.py"",""space_rescue"":""games/pyxel/apps-src/space_rescue/space_rescue.py""}","{""pyxel_platformer"":""1b2c75b49dc9ab0254fb4b724682a4787868814a38d2f08920720dc5b6007ac5"",""space_rescue"":""f3b0ab6784ae558e64f06a3f0a704e53f107a130aa3d43357659d0850131e461""}",29bc45a608c6593d47abdabd873c3c732667840b7a166ba51d7477b91b381db2
2,428,formal-v1__solo__mega_wing__r02,formal-v1,solo,not_applicable,solo,"[""mega_wing""]",mega_wing,[],,,,,,2,6782080090585756855,10,30,1,10,windows-rtx4060,0,0,grid_2x2,true,80,97d038c3fba55e8663b4a244a72f2c6af5e355cf1641eb229b1e93540dede9b9,5ed80cf2bad8dd330eb4d739a19a5dced2b18149,data/raw/safety-v2-s30/formal-v1/formal-v1__solo__mega_wing__r02,"{""mega_wing"":""games/pyxel/apps-src/mega_wing/mega_wing.py""}","{""mega_wing"":""86bad6c02a303806c58137503739241dc6b1e86695f7c0dbf672b5e1a1464e9f""}",1e785686879fe976e2d9d16c453b164e61023e8e9e4b1c1d717a9853a48f3d0e
2,429,formal-v1__profile__pyxel_jump__memory_bandwidth__p000__r02,formal-v1,profile,not_applicable,pressure_profile,"[""pyxel_jump""]",pyxel_jump,[],,,memory_bandwidth,0,0,2,13588203456933283143,10,30,1,10,windows-rtx4060,0,0,grid_2x2,true,80,97d038c3fba55e8663b4a244a72f2c6af5e355cf1641eb229b1e93540dede9b9,5ed80cf2bad8dd330eb4d739a19a5dced2b18149,data/raw/safety-v2-s30/formal-v1/formal-v1__profile__pyxel_jump__memory_bandwidth__p000__r02,"{""pyxel_jump"":""games/pyxel/02_jump_game.py""}","{""pyxel_jump"":""4743a825f1c9cae7e049ac52115f4ecf83350db546c00745a54af187d7bc2e46""}",393e408950820f21f561e00742b09f18f4524e2ec98dd5463bb6a4be270e616d
2,430,formal-v1__profile__daylight__gpu_compute__p000__r02,formal-v1,profile,not_applicable,pressure_profile,"[""daylight""]",daylight,[],,,gpu_compute,0,0,2,16157781594656590833,10,30,1,10,windows-rtx4060,0,0,grid_2x2,true,80,97d038c3fba55e8663b4a244a72f2c6af5e355cf1641eb229b1e93540dede9b9,5ed80cf2bad8dd330eb4d739a19a5dced2b18149,data/raw/safety-v2-s30/formal-v1/formal-v1__profile__daylight__gpu_compute__p000__r02,"{""daylight"":""games/pyxel/apps-src/30SecondsOfDaylight/src/main.py""}","{""daylight"":""21a365375249e9d7ea05e78dcfe040f09cc1f0c66bd410bae084190c743a028f""}",ce33977ae35b9c1a736cbdf6b625c26f21aacea8b040dbd2b10eaed503ded511
2,431,formal-v1__colocation__daylight+pyxel_jump__r02,formal-v1,colocation-main,test,colocation,"[""daylight"",""pyxel_jump""]",daylight,"[""pyxel_jump""]",daylight+pyxel_jump,daylight+pyxel_jump__r02,,,,2,9029325478432763297,10,30,1,10,windows-rtx4060,0,0,grid_2x2,true,80,97d038c3fba55e8663b4a244a72f2c6af5e355cf1641eb229b1e93540dede9b9,5ed80cf2bad8dd330eb4d739a19a5dced2b18149,data/raw/safety-v2-s30/formal-v1/formal-v1__colocation__daylight+pyxel_jump__r02,"{""daylight"":""games/pyxel/apps-src/30SecondsOfDaylight/src/main.py"",""pyxel_jump"":""games/pyxel/02_jump_game.py""}","{""daylight"":""21a365375249e9d7ea05e78dcfe040f09cc1f0c66bd410bae084190c743a028f"",""pyxel_jump"":""4743a825f1c9cae7e049ac52115f4ecf83350db546c00745a54af187d7bc2e46""}",146e63b074e91e3f8d8cedeca92be50933946fe1e8079723969eb8d14607462b
2,432,formal-v1__profile__space_rescue__gpu_memory__p075__r01,formal-v1,profile,not_applicable,pressure_profile,"[""space_rescue""]",space_rescue,[],,,gpu_memory,0.75,0.75,1,6292989188391337375,10,30,1,10,windows-rtx4060,0,0,grid_2x2,true,80,97d038c3fba55e8663b4a244a72f2c6af5e355cf1641eb229b1e93540dede9b9,5ed80cf2bad8dd330eb4d739a19a5dced2b18149,data/raw/safety-v2-s30/formal-v1/formal-v1__profile__space_rescue__gpu_memory__p075__r01,"{""space_rescue"":""games/pyxel/apps-src/space_rescue/space_rescue.py""}","{""space_rescue"":""f3b0ab6784ae558e64f06a3f0a704e53f107a130aa3d43357659d0850131e461""}",c71e82c3eb485337a4378afd5cede8501abbd6e1ed7b8f8b239e7840d6b7492a
2,433,formal-v1__profile__pyxel_bubbles__memory_bandwidth__p000__r02,formal-v1,profile,not_applicable,pressure_profile,"[""pyxel_bubbles""]",pyxel_bubbles,[],,,memory_bandwidth,0,0,2,6217459820728876069,10,30,1,10,windows-rtx4060,0,0,grid_2x2,true,80,97d038c3fba55e8663b4a244a72f2c6af5e355cf1641eb229b1e93540dede9b9,5ed80cf2bad8dd330eb4d739a19a5dced2b18149,data/raw/safety-v2-s30/formal-v1/formal-v1__profile__pyxel_bubbles__memory_bandwidth__p000__r02,"{""pyxel_bubbles"":""games/pyxel/06_click_game.py""}","{""pyxel_bubbles"":""54c101e90bdaed839ac4c4284494530d5df37a5819a35f1e41eebb0b3da5d900""}",9edecc7a6d91c7fc4e293d2b1df69ba2bfdf60fc222b89d094ee46dac139b6e9
2,434,formal-v1__colocation__mega_wing+space_rescue__r03,formal-v1,colocation-main,validation,colocation,"[""mega_wing"",""space_rescue""]",mega_wing,"[""space_rescue""]",mega_wing+space_rescue,mega_wing+space_rescue__r03,,,,3,11531573012873339119,10,30,1,10,windows-rtx4060,0,0,grid_2x2,true,80,97d038c3fba55e8663b4a244a72f2c6af5e355cf1641eb229b1e93540dede9b9,5ed80cf2bad8dd330eb4d739a19a5dced2b18149,data/raw/safety-v2-s30/formal-v1/formal-v1__colocation__mega_wing+space_rescue__r03,"{""mega_wing"":""games/pyxel/apps-src/mega_wing/mega_wing.py"",""space_rescue"":""games/pyxel/apps-src/space_rescue/space_rescue.py""}","{""mega_wing"":""86bad6c02a303806c58137503739241dc6b1e86695f7c0dbf672b5e1a1464e9f"",""space_rescue"":""f3b0ab6784ae558e64f06a3f0a704e53f107a130aa3d43357659d0850131e461""}",f3f51080d9f21827fc3dc9443315be8f8c4c9648c4919b3328f240c7d907443c
2,435,formal-v1__profile__daylight__gpu_compute__p075__r01,formal-v1,profile,not_applicable,pressure_profile,"[""daylight""]",daylight,[],,,gpu_compute,0.75,0.1875,1,1079891338874392414,10,30,1,10,windows-rtx4060,0,0,grid_2x2,true,80,97d038c3fba55e8663b4a244a72f2c6af5e355cf1641eb229b1e93540dede9b9,5ed80cf2bad8dd330eb4d739a19a5dced2b18149,data/raw/safety-v2-s30/formal-v1/formal-v1__profile__daylight__gpu_compute__p075__r01,"{""daylight"":""games/pyxel/apps-src/30SecondsOfDaylight/src/main.py""}","{""daylight"":""21a365375249e9d7ea05e78dcfe040f09cc1f0c66bd410bae084190c743a028f""}",519faf08e9b700aafbacf74bc659e4e3369d7ae8b1309a6278bfa421f9b02e5a
2,436,formal-v1__colocation__mega_wing+pyxel_platformer__r02,formal-v1,colocation-main,test,colocation,"[""mega_wing"",""pyxel_platformer""]",mega_wing,"[""pyxel_platformer""]",mega_wing+pyxel_platformer,mega_wing+pyxel_platformer__r02,,,,2,1539321592536955873,10,30,1,10,windows-rtx4060,0,0,grid_2x2,true,80,97d038c3fba55e8663b4a244a72f2c6af5e355cf1641eb229b1e93540dede9b9,5ed80cf2bad8dd330eb4d739a19a5dced2b18149,data/raw/safety-v2-s30/formal-v1/formal-v1__colocation__mega_wing+pyxel_platformer__r02,"{""mega_wing"":""games/pyxel/apps-src/mega_wing/mega_wing.py"",""pyxel_platformer"":""games/pyxel/10_platformer.py""}","{""mega_wing"":""86bad6c02a303806c58137503739241dc6b1e86695f7c0dbf672b5e1a1464e9f"",""pyxel_platformer"":""1b2c75b49dc9ab0254fb4b724682a4787868814a38d2f08920720dc5b6007ac5""}",43afe19f843537ed4a7c91dc717c8f0118c70951faceaad65dd6ec5ef8b50087
2,437,formal-v1__profile__daylight__gpu_compute__p025__r02,formal-v1,profile,not_applicable,pressure_profile,"[""daylight""]",daylight,[],,,gpu_compute,0.25,0.0625,2,2200622297103729097,10,30,1,10,windows-rtx4060,0,0,grid_2x2,true,80,97d038c3fba55e8663b4a244a72f2c6af5e355cf1641eb229b1e93540dede9b9,5ed80cf2bad8dd330eb4d739a19a5dced2b18149,data/raw/safety-v2-s30/formal-v1/formal-v1__profile__daylight__gpu_compute__p025__r02,"{""daylight"":""games/pyxel/apps-src/30SecondsOfDaylight/src/main.py""}","{""daylight"":""21a365375249e9d7ea05e78dcfe040f09cc1f0c66bd410bae084190c743a028f""}",df95512b4286f7fdebc31d5f23cabe7ad814edcd653ab6dba8d12886ccfcdf86
2,438,formal-v1__profile__daylight__gpu_memory__p050__r01,formal-v1,profile,not_applicable,pressure_profile,"[""daylight""]",daylight,[],,,gpu_memory,0.5,0.5,1,18161622273504515446,10,30,1,10,windows-rtx4060,0,0,grid_2x2,true,80,97d038c3fba55e8663b4a244a72f2c6af5e355cf1641eb229b1e93540dede9b9,5ed80cf2bad8dd330eb4d739a19a5dced2b18149,data/raw/safety-v2-s30/formal-v1/formal-v1__profile__daylight__gpu_memory__p050__r01,"{""daylight"":""games/pyxel/apps-src/30SecondsOfDaylight/src/main.py""}","{""daylight"":""21a365375249e9d7ea05e78dcfe040f09cc1f0c66bd410bae084190c743a028f""}",f93af8644d2687a5e56fa641934816391581e4245ab2af95c9c3bbff6da20d35
2,439,formal-v1__extra__daylight+pyxel_jump+pyxel_snake+space_rescue__r01,formal-v1,colocation-extra-test,extra_test,extra_test,"[""daylight"",""pyxel_jump"",""pyxel_snake"",""space_rescue""]",daylight,"[""pyxel_jump"",""pyxel_snake"",""space_rescue""]",daylight+pyxel_jump+pyxel_snake+space_rescue,daylight+pyxel_jump+pyxel_snake+space_rescue__r01,,,,1,9777641872591028060,10,30,1,10,windows-rtx4060,0,0,grid_2x2,true,80,97d038c3fba55e8663b4a244a72f2c6af5e355cf1641eb229b1e93540dede9b9,5ed80cf2bad8dd330eb4d739a19a5dced2b18149,data/raw/safety-v2-s30/formal-v1/formal-v1__extra__daylight+pyxel_jump+pyxel_snake+space_rescue__r01,"{""daylight"":""games/pyxel/apps-src/30SecondsOfDaylight/src/main.py"",""pyxel_jump"":""games/pyxel/02_jump_game.py"",""pyxel_snake"":""games/pyxel/07_snake.py"",""space_rescue"":""games/pyxel/apps-src/space_rescue/space_rescue.py""}","{""daylight"":""21a365375249e9d7ea05e78dcfe040f09cc1f0c66bd410bae084190c743a028f"",""pyxel_jump"":""4743a825f1c9cae7e049ac52115f4ecf83350db546c00745a54af187d7bc2e46"",""pyxel_snake"":""bc533fef92d1d358e570f69d979919fe5c1cd8c4da49841104b49a1e661a5ac3"",""space_rescue"":""f3b0ab6784ae558e64f06a3f0a704e53f107a130aa3d43357659d0850131e461""}",6c980045745964cb607a01e341375866881b32bbda9b668e68961f816f561301
2,440,formal-v1__colocation__daylight+pyxel_bubbles+pyxel_jump__r01,formal-v1,colocation-main,test,colocation,"[""daylight"",""pyxel_bubbles"",""pyxel_jump""]",daylight,"[""pyxel_bubbles"",""pyxel_jump""]",daylight+pyxel_bubbles+pyxel_jump,daylight+pyxel_bubbles+pyxel_jump__r01,,,,1,10034402020970911095,10,30,1,10,windows-rtx4060,0,0,grid_2x2,true,80,97d038c3fba55e8663b4a244a72f2c6af5e355cf1641eb229b1e93540dede9b9,5ed80cf2bad8dd330eb4d739a19a5dced2b18149,data/raw/safety-v2-s30/formal-v1/formal-v1__colocation__daylight+pyxel_bubbles+pyxel_jump__r01,"{""daylight"":""games/pyxel/apps-src/30SecondsOfDaylight/src/main.py"",""pyxel_bubbles"":""games/pyxel/06_click_game.py"",""pyxel_jump"":""games/pyxel/02_jump_game.py""}","{""daylight"":""21a365375249e9d7ea05e78dcfe040f09cc1f0c66bd410bae084190c743a028f"",""pyxel_bubbles"":""54c101e90bdaed839ac4c4284494530d5df37a5819a35f1e41eebb0b3da5d900"",""pyxel_jump"":""4743a825f1c9cae7e049ac52115f4ecf83350db546c00745a54af187d7bc2e46""}",6b55ac552c5d8f7b4e9590f58109a468fa0af0ab85287249bf453dedf01e84f9
2,441,formal-v1__profile__space_rescue__cpu_compute__p075__r03,formal-v1,profile,not_applicable,pressure_profile,"[""space_rescue""]",space_rescue,[],,,cpu_compute,0.75,0.75,3,13737745328799238857,10,30,1,10,windows-rtx4060,0,0,grid_2x2,true,80,97d038c3fba55e8663b4a244a72f2c6af5e355cf1641eb229b1e93540dede9b9,5ed80cf2bad8dd330eb4d739a19a5dced2b18149,data/raw/safety-v2-s30/formal-v1/formal-v1__profile__space_rescue__cpu_compute__p075__r03,"{""space_rescue"":""games/pyxel/apps-src/space_rescue/space_rescue.py""}","{""space_rescue"":""f3b0ab6784ae558e64f06a3f0a704e53f107a130aa3d43357659d0850131e461""}",a60bc65f337965fe60089bb188386e8c252d1fe04947b0c9d1e6f6234994c497
2,442,formal-v1__profile__pyxel_shooter__gpu_compute__p100__r01,formal-v1,profile,not_applicable,pressure_profile,"[""pyxel_shooter""]",pyxel_shooter,[],,,gpu_compute,1,0.25,1,12285315866866753686,10,30,1,10,windows-rtx4060,0,0,grid_2x2,true,80,97d038c3fba55e8663b4a244a72f2c6af5e355cf1641eb229b1e93540dede9b9,5ed80cf2bad8dd330eb4d739a19a5dced2b18149,data/raw/safety-v2-s30/formal-v1/formal-v1__profile__pyxel_shooter__gpu_compute__p100__r01,"{""pyxel_shooter"":""games/pyxel/09_shooter.py""}","{""pyxel_shooter"":""0f53e4156907eac41080a8f289e22c89365b3239517c754cf59a51af201d5563""}",be7504e88856b3cfe70d5bfaf2b84205f20cecb87749ea872cc3d75c3e855b2e
2,443,formal-v1__colocation__mega_wing+pyxel_bubbles+pyxel_jump__r02,formal-v1,colocation-main,train,colocation,"[""mega_wing"",""pyxel_bubbles"",""pyxel_jump""]",mega_wing,"[""pyxel_bubbles"",""pyxel_jump""]",mega_wing+pyxel_bubbles+pyxel_jump,mega_wing+pyxel_bubbles+pyxel_jump__r02,,,,2,2229726004738622377,10,30,1,10,windows-rtx4060,0,0,grid_2x2,true,80,97d038c3fba55e8663b4a244a72f2c6af5e355cf1641eb229b1e93540dede9b9,5ed80cf2bad8dd330eb4d739a19a5dced2b18149,data/raw/safety-v2-s30/formal-v1/formal-v1__colocation__mega_wing+pyxel_bubbles+pyxel_jump__r02,"{""mega_wing"":""games/pyxel/apps-src/mega_wing/mega_wing.py"",""pyxel_bubbles"":""games/pyxel/06_click_game.py"",""pyxel_jump"":""games/pyxel/02_jump_game.py""}","{""mega_wing"":""86bad6c02a303806c58137503739241dc6b1e86695f7c0dbf672b5e1a1464e9f"",""pyxel_bubbles"":""54c101e90bdaed839ac4c4284494530d5df37a5819a35f1e41eebb0b3da5d900"",""pyxel_jump"":""4743a825f1c9cae7e049ac52115f4ecf83350db546c00745a54af187d7bc2e46""}",83402dee6063cbbba088656955226be5ddcaa6a20ee8ebe6ec5a7762e1cae6bc
2,444,formal-v1__colocation__pyxel_jump+pyxel_platformer+pyxel_snake__r02,formal-v1,colocation-main,train,colocation,"[""pyxel_jump"",""pyxel_platformer"",""pyxel_snake""]",pyxel_jump,"[""pyxel_platformer"",""pyxel_snake""]",pyxel_jump+pyxel_platformer+pyxel_snake,pyxel_jump+pyxel_platformer+pyxel_snake__r02,,,,2,16689545828599394491,10,30,1,10,windows-rtx4060,0,0,grid_2x2,true,80,97d038c3fba55e8663b4a244a72f2c6af5e355cf1641eb229b1e93540dede9b9,5ed80cf2bad8dd330eb4d739a19a5dced2b18149,data/raw/safety-v2-s30/formal-v1/formal-v1__colocation__pyxel_jump+pyxel_platformer+pyxel_snake__r02,"{""pyxel_jump"":""games/pyxel/02_jump_game.py"",""pyxel_platformer"":""games/pyxel/10_platformer.py"",""pyxel_snake"":""games/pyxel/07_snake.py""}","{""pyxel_jump"":""4743a825f1c9cae7e049ac52115f4ecf83350db546c00745a54af187d7bc2e46"",""pyxel_platformer"":""1b2c75b49dc9ab0254fb4b724682a4787868814a38d2f08920720dc5b6007ac5"",""pyxel_snake"":""bc533fef92d1d358e570f69d979919fe5c1cd8c4da49841104b49a1e661a5ac3""}",2973c187e09e5fe4da65a2985adcf3a9769c7164777e13e7be335eb3473d5d9a
2,445,formal-v1__profile__pyxel_snake__memory_bandwidth__p100__r03,formal-v1,profile,not_applicable,pressure_profile,"[""pyxel_snake""]",pyxel_snake,[],,,memory_bandwidth,1,1,3,17218695474744518647,10,30,1,10,windows-rtx4060,0,0,grid_2x2,true,80,97d038c3fba55e8663b4a244a72f2c6af5e355cf1641eb229b1e93540dede9b9,5ed80cf2bad8dd330eb4d739a19a5dced2b18149,data/raw/safety-v2-s30/formal-v1/formal-v1__profile__pyxel_snake__memory_bandwidth__p100__r03,"{""pyxel_snake"":""games/pyxel/07_snake.py""}","{""pyxel_snake"":""bc533fef92d1d358e570f69d979919fe5c1cd8c4da49841104b49a1e661a5ac3""}",ae22e26412a7894472b55440035bf08a0305324b240ea8597a8e3635268e42d1
2,446,formal-v1__profile__pyxel_shooter__memory_bandwidth__p100__r03,formal-v1,profile,not_applicable,pressure_profile,"[""pyxel_shooter""]",pyxel_shooter,[],,,memory_bandwidth,1,1,3,11724890538461242049,10,30,1,10,windows-rtx4060,0,0,grid_2x2,true,80,97d038c3fba55e8663b4a244a72f2c6af5e355cf1641eb229b1e93540dede9b9,5ed80cf2bad8dd330eb4d739a19a5dced2b18149,data/raw/safety-v2-s30/formal-v1/formal-v1__profile__pyxel_shooter__memory_bandwidth__p100__r03,"{""pyxel_shooter"":""games/pyxel/09_shooter.py""}","{""pyxel_shooter"":""0f53e4156907eac41080a8f289e22c89365b3239517c754cf59a51af201d5563""}",2be19242ee9ba153db632ba53c50bcaf7b3834789c97dd4a02a03579abe67748
2,447,formal-v1__profile__pyxel_jump__gpu_memory__p000__r01,formal-v1,profile,not_applicable,pressure_profile,"[""pyxel_jump""]",pyxel_jump,[],,,gpu_memory,0,0,1,6647778361192104066,10,30,1,10,windows-rtx4060,0,0,grid_2x2,true,80,97d038c3fba55e8663b4a244a72f2c6af5e355cf1641eb229b1e93540dede9b9,5ed80cf2bad8dd330eb4d739a19a5dced2b18149,data/raw/safety-v2-s30/formal-v1/formal-v1__profile__pyxel_jump__gpu_memory__p000__r01,"{""pyxel_jump"":""games/pyxel/02_jump_game.py""}","{""pyxel_jump"":""4743a825f1c9cae7e049ac52115f4ecf83350db546c00745a54af187d7bc2e46""}",5ef74af3ecef2d59aac2662dc66969a2356bc17d70f3b051e509b7f2ed78e1d4
2,448,formal-v1__colocation__mega_wing+space_rescue__r02,formal-v1,colocation-main,validation,colocation,"[""mega_wing"",""space_rescue""]",mega_wing,"[""space_rescue""]",mega_wing+space_rescue,mega_wing+space_rescue__r02,,,,2,8060724843457176203,10,30,1,10,windows-rtx4060,0,0,grid_2x2,true,80,97d038c3fba55e8663b4a244a72f2c6af5e355cf1641eb229b1e93540dede9b9,5ed80cf2bad8dd330eb4d739a19a5dced2b18149,data/raw/safety-v2-s30/formal-v1/formal-v1__colocation__mega_wing+space_rescue__r02,"{""mega_wing"":""games/pyxel/apps-src/mega_wing/mega_wing.py"",""space_rescue"":""games/pyxel/apps-src/space_rescue/space_rescue.py""}","{""mega_wing"":""86bad6c02a303806c58137503739241dc6b1e86695f7c0dbf672b5e1a1464e9f"",""space_rescue"":""f3b0ab6784ae558e64f06a3f0a704e53f107a130aa3d43357659d0850131e461""}",762bf0de76eb420e91e9255ccc2ac960a5d4fff6645534f4b57609eb0ae9e5a7
2,449,formal-v1__colocation__pyxel_bubbles+pyxel_jump+pyxel_platformer__r01,formal-v1,colocation-main,train,colocation,"[""pyxel_bubbles"",""pyxel_jump"",""pyxel_platformer""]",pyxel_bubbles,"[""pyxel_jump"",""pyxel_platformer""]",pyxel_bubbles+pyxel_jump+pyxel_platformer,pyxel_bubbles+pyxel_jump+pyxel_platformer__r01,,,,1,15472522791530990153,10,30,1,10,windows-rtx4060,0,0,grid_2x2,true,80,97d038c3fba55e8663b4a244a72f2c6af5e355cf1641eb229b1e93540dede9b9,5ed80cf2bad8dd330eb4d739a19a5dced2b18149,data/raw/safety-v2-s30/formal-v1/formal-v1__colocation__pyxel_bubbles+pyxel_jump+pyxel_platformer__r01,"{""pyxel_bubbles"":""games/pyxel/06_click_game.py"",""pyxel_jump"":""games/pyxel/02_jump_game.py"",""pyxel_platformer"":""games/pyxel/10_platformer.py""}","{""pyxel_bubbles"":""54c101e90bdaed839ac4c4284494530d5df37a5819a35f1e41eebb0b3da5d900"",""pyxel_jump"":""4743a825f1c9cae7e049ac52115f4ecf83350db546c00745a54af187d7bc2e46"",""pyxel_platformer"":""1b2c75b49dc9ab0254fb4b724682a4787868814a38d2f08920720dc5b6007ac5""}",de66b5fc8820b6bccfd85945fa8b0087d98a0da41e5bc00b546bbb704643f66f
2,450,formal-v1__profile__mega_wing__gpu_memory__p000__r03,formal-v1,profile,not_applicable,pressure_profile,"[""mega_wing""]",mega_wing,[],,,gpu_memory,0,0,3,6200757508843279353,10,30,1,10,windows-rtx4060,0,0,grid_2x2,true,80,97d038c3fba55e8663b4a244a72f2c6af5e355cf1641eb229b1e93540dede9b9,5ed80cf2bad8dd330eb4d739a19a5dced2b18149,data/raw/safety-v2-s30/formal-v1/formal-v1__profile__mega_wing__gpu_memory__p000__r03,"{""mega_wing"":""games/pyxel/apps-src/mega_wing/mega_wing.py""}","{""mega_wing"":""86bad6c02a303806c58137503739241dc6b1e86695f7c0dbf672b5e1a1464e9f""}",48860f8e6a6824b8c8d364ce61fac94b7bd100064b18deffd4ac21f53f316ad3
2,451,formal-v1__profile__pyxel_bubbles__gpu_compute__p025__r01,formal-v1,profile,not_applicable,pressure_profile,"[""pyxel_bubbles""]",pyxel_bubbles,[],,,gpu_compute,0.25,0.0625,1,149416636897416742,10,30,1,10,windows-rtx4060,0,0,grid_2x2,true,80,97d038c3fba55e8663b4a244a72f2c6af5e355cf1641eb229b1e93540dede9b9,5ed80cf2bad8dd330eb4d739a19a5dced2b18149,data/raw/safety-v2-s30/formal-v1/formal-v1__profile__pyxel_bubbles__gpu_compute__p025__r01,"{""pyxel_bubbles"":""games/pyxel/06_click_game.py""}","{""pyxel_bubbles"":""54c101e90bdaed839ac4c4284494530d5df37a5819a35f1e41eebb0b3da5d900""}",7c658b6f35f44998cd8f4f553b1b8d002e362e3e083bb6da5ff17b0d023f4c56
2,452,formal-v1__colocation__pyxel_jump+pyxel_platformer+space_rescue__r02,formal-v1,colocation-main,train,colocation,"[""pyxel_jump"",""pyxel_platformer"",""space_rescue""]",pyxel_jump,"[""pyxel_platformer"",""space_rescue""]",pyxel_jump+pyxel_platformer+space_rescue,pyxel_jump+pyxel_platformer+space_rescue__r02,,,,2,9238944108849120796,10,30,1,10,windows-rtx4060,0,0,grid_2x2,true,80,97d038c3fba55e8663b4a244a72f2c6af5e355cf1641eb229b1e93540dede9b9,5ed80cf2bad8dd330eb4d739a19a5dced2b18149,data/raw/safety-v2-s30/formal-v1/formal-v1__colocation__pyxel_jump+pyxel_platformer+space_rescue__r02,"{""pyxel_jump"":""games/pyxel/02_jump_game.py"",""pyxel_platformer"":""games/pyxel/10_platformer.py"",""space_rescue"":""games/pyxel/apps-src/space_rescue/space_rescue.py""}","{""pyxel_jump"":""4743a825f1c9cae7e049ac52115f4ecf83350db546c00745a54af187d7bc2e46"",""pyxel_platformer"":""1b2c75b49dc9ab0254fb4b724682a4787868814a38d2f08920720dc5b6007ac5"",""space_rescue"":""f3b0ab6784ae558e64f06a3f0a704e53f107a130aa3d43357659d0850131e461""}",0f518b6ebce4b041fafb60c8a8453d5964985845e7d7250730f6cdab3489db75
2,453,formal-v1__profile__pyxel_platformer__cpu_compute__p050__r02,formal-v1,profile,not_applicable,pressure_profile,"[""pyxel_platformer""]",pyxel_platformer,[],,,cpu_compute,0.5,0.5,2,3524156227081131149,10,30,1,10,windows-rtx4060,0,0,grid_2x2,true,80,97d038c3fba55e8663b4a244a72f2c6af5e355cf1641eb229b1e93540dede9b9,5ed80cf2bad8dd330eb4d739a19a5dced2b18149,data/raw/safety-v2-s30/formal-v1/formal-v1__profile__pyxel_platformer__cpu_compute__p050__r02,"{""pyxel_platformer"":""games/pyxel/10_platformer.py""}","{""pyxel_platformer"":""1b2c75b49dc9ab0254fb4b724682a4787868814a38d2f08920720dc5b6007ac5""}",363b20b80d5e518eb8a3be5682f757bcf14eed8f66fee0c2bc9132c5c9d3eac6
2,454,formal-v1__profile__pyxel_bubbles__cpu_compute__p050__r02,formal-v1,profile,not_applicable,pressure_profile,"[""pyxel_bubbles""]",pyxel_bubbles,[],,,cpu_compute,0.5,0.5,2,3591286646246706183,10,30,1,10,windows-rtx4060,0,0,grid_2x2,true,80,97d038c3fba55e8663b4a244a72f2c6af5e355cf1641eb229b1e93540dede9b9,5ed80cf2bad8dd330eb4d739a19a5dced2b18149,data/raw/safety-v2-s30/formal-v1/formal-v1__profile__pyxel_bubbles__cpu_compute__p050__r02,"{""pyxel_bubbles"":""games/pyxel/06_click_game.py""}","{""pyxel_bubbles"":""54c101e90bdaed839ac4c4284494530d5df37a5819a35f1e41eebb0b3da5d900""}",48eee463970a090035e5a1d462222b826be06c51f25a9d24e3061f7750087c6e
2,455,formal-v1__profile__pyxel_jump__gpu_memory__p100__r02,formal-v1,profile,not_applicable,pressure_profile,"[""pyxel_jump""]",pyxel_jump,[],,,gpu_memory,1,1,2,8656185759468934060,10,30,1,10,windows-rtx4060,0,0,grid_2x2,true,80,97d038c3fba55e8663b4a244a72f2c6af5e355cf1641eb229b1e93540dede9b9,5ed80cf2bad8dd330eb4d739a19a5dced2b18149,data/raw/safety-v2-s30/formal-v1/formal-v1__profile__pyxel_jump__gpu_memory__p100__r02,"{""pyxel_jump"":""games/pyxel/02_jump_game.py""}","{""pyxel_jump"":""4743a825f1c9cae7e049ac52115f4ecf83350db546c00745a54af187d7bc2e46""}",7bf6bc9575992bf5f72c9ccdedb0570e38f7d3b1548facd880cdbc746ec1d9a1
2,456,formal-v1__profile__pyxel_snake__memory_bandwidth__p050__r03,formal-v1,profile,not_applicable,pressure_profile,"[""pyxel_snake""]",pyxel_snake,[],,,memory_bandwidth,0.5,0.5,3,9249909982490903901,10,30,1,10,windows-rtx4060,0,0,grid_2x2,true,80,97d038c3fba55e8663b4a244a72f2c6af5e355cf1641eb229b1e93540dede9b9,5ed80cf2bad8dd330eb4d739a19a5dced2b18149,data/raw/safety-v2-s30/formal-v1/formal-v1__profile__pyxel_snake__memory_bandwidth__p050__r03,"{""pyxel_snake"":""games/pyxel/07_snake.py""}","{""pyxel_snake"":""bc533fef92d1d358e570f69d979919fe5c1cd8c4da49841104b49a1e661a5ac3""}",6402225d10f872290a3e34112779ed3c26fbded57107c708504f131b5cea8a65
2,457,formal-v1__profile__pyxel_snake__gpu_compute__p100__r01,formal-v1,profile,not_applicable,pressure_profile,"[""pyxel_snake""]",pyxel_snake,[],,,gpu_compute,1,0.25,1,3308820749369498055,10,30,1,10,windows-rtx4060,0,0,grid_2x2,true,80,97d038c3fba55e8663b4a244a72f2c6af5e355cf1641eb229b1e93540dede9b9,5ed80cf2bad8dd330eb4d739a19a5dced2b18149,data/raw/safety-v2-s30/formal-v1/formal-v1__profile__pyxel_snake__gpu_compute__p100__r01,"{""pyxel_snake"":""games/pyxel/07_snake.py""}","{""pyxel_snake"":""bc533fef92d1d358e570f69d979919fe5c1cd8c4da49841104b49a1e661a5ac3""}",5e0bb75240846e778b85a930c0a0bc9cfce0baa98a400a5ac398aac8d7b770e1
2,458,formal-v1__profile__daylight__gpu_memory__p000__r02,formal-v1,profile,not_applicable,pressure_profile,"[""daylight""]",daylight,[],,,gpu_memory,0,0,2,7374920704241524300,10,30,1,10,windows-rtx4060,0,0,grid_2x2,true,80,97d038c3fba55e8663b4a244a72f2c6af5e355cf1641eb229b1e93540dede9b9,5ed80cf2bad8dd330eb4d739a19a5dced2b18149,data/raw/safety-v2-s30/formal-v1/formal-v1__profile__daylight__gpu_memory__p000__r02,"{""daylight"":""games/pyxel/apps-src/30SecondsOfDaylight/src/main.py""}","{""daylight"":""21a365375249e9d7ea05e78dcfe040f09cc1f0c66bd410bae084190c743a028f""}",513d5ed0210c2686a1fca91bd7018e9105f6ee08831c40783b2730dfa046520d
2,459,formal-v1__profile__space_rescue__gpu_compute__p075__r01,formal-v1,profile,not_applicable,pressure_profile,"[""space_rescue""]",space_rescue,[],,,gpu_compute,0.75,0.1875,1,7279084081483763361,10,30,1,10,windows-rtx4060,0,0,grid_2x2,true,80,97d038c3fba55e8663b4a244a72f2c6af5e355cf1641eb229b1e93540dede9b9,5ed80cf2bad8dd330eb4d739a19a5dced2b18149,data/raw/safety-v2-s30/formal-v1/formal-v1__profile__space_rescue__gpu_compute__p075__r01,"{""space_rescue"":""games/pyxel/apps-src/space_rescue/space_rescue.py""}","{""space_rescue"":""f3b0ab6784ae558e64f06a3f0a704e53f107a130aa3d43357659d0850131e461""}",7f0ef3aee2cfde23507377e0cde4baf0d132474a612d63765bd263ad814eddec
2,460,formal-v1__profile__pyxel_jump__gpu_memory__p025__r02,formal-v1,profile,not_applicable,pressure_profile,"[""pyxel_jump""]",pyxel_jump,[],,,gpu_memory,0.25,0.25,2,5297649724675066393,10,30,1,10,windows-rtx4060,0,0,grid_2x2,true,80,97d038c3fba55e8663b4a244a72f2c6af5e355cf1641eb229b1e93540dede9b9,5ed80cf2bad8dd330eb4d739a19a5dced2b18149,data/raw/safety-v2-s30/formal-v1/formal-v1__profile__pyxel_jump__gpu_memory__p025__r02,"{""pyxel_jump"":""games/pyxel/02_jump_game.py""}","{""pyxel_jump"":""4743a825f1c9cae7e049ac52115f4ecf83350db546c00745a54af187d7bc2e46""}",c1cb8327cb906ae04bc16e0e60d5030277c6bed1ff4c988f6a63be92ed8b366b
2,461,formal-v1__profile__space_rescue__gpu_compute__p025__r03,formal-v1,profile,not_applicable,pressure_profile,"[""space_rescue""]",space_rescue,[],,,gpu_compute,0.25,0.0625,3,8520314496541207895,10,30,1,10,windows-rtx4060,0,0,grid_2x2,true,80,97d038c3fba55e8663b4a244a72f2c6af5e355cf1641eb229b1e93540dede9b9,5ed80cf2bad8dd330eb4d739a19a5dced2b18149,data/raw/safety-v2-s30/formal-v1/formal-v1__profile__space_rescue__gpu_compute__p025__r03,"{""space_rescue"":""games/pyxel/apps-src/space_rescue/space_rescue.py""}","{""space_rescue"":""f3b0ab6784ae558e64f06a3f0a704e53f107a130aa3d43357659d0850131e461""}",99633eaf26723f129f34dd0a387b585099d667d6f7c34685877ebad0006d5711
2,462,formal-v1__profile__pyxel_shooter__gpu_compute__p050__r03,formal-v1,profile,not_applicable,pressure_profile,"[""pyxel_shooter""]",pyxel_shooter,[],,,gpu_compute,0.5,0.125,3,5534066133043590469,10,30,1,10,windows-rtx4060,0,0,grid_2x2,true,80,97d038c3fba55e8663b4a244a72f2c6af5e355cf1641eb229b1e93540dede9b9,5ed80cf2bad8dd330eb4d739a19a5dced2b18149,data/raw/safety-v2-s30/formal-v1/formal-v1__profile__pyxel_shooter__gpu_compute__p050__r03,"{""pyxel_shooter"":""games/pyxel/09_shooter.py""}","{""pyxel_shooter"":""0f53e4156907eac41080a8f289e22c89365b3239517c754cf59a51af201d5563""}",8bfdb64212285a37c404219fd2d54cdc85a0cb030ca795de768b06b60fa9db0a
2,463,formal-v1__extra__pyxel_jump+pyxel_platformer+pyxel_shooter+space_rescue__r01,formal-v1,colocation-extra-test,extra_test,extra_test,"[""pyxel_jump"",""pyxel_platformer"",""pyxel_shooter"",""space_rescue""]",pyxel_jump,"[""pyxel_platformer"",""pyxel_shooter"",""space_rescue""]",pyxel_jump+pyxel_platformer+pyxel_shooter+space_rescue,pyxel_jump+pyxel_platformer+pyxel_shooter+space_rescue__r01,,,,1,8773923703025005668,10,30,1,10,windows-rtx4060,0,0,grid_2x2,true,80,97d038c3fba55e8663b4a244a72f2c6af5e355cf1641eb229b1e93540dede9b9,5ed80cf2bad8dd330eb4d739a19a5dced2b18149,data/raw/safety-v2-s30/formal-v1/formal-v1__extra__pyxel_jump+pyxel_platformer+pyxel_shooter+space_rescue__r01,"{""pyxel_jump"":""games/pyxel/02_jump_game.py"",""pyxel_platformer"":""games/pyxel/10_platformer.py"",""pyxel_shooter"":""games/pyxel/09_shooter.py"",""space_rescue"":""games/pyxel/apps-src/space_rescue/space_rescue.py""}","{""pyxel_jump"":""4743a825f1c9cae7e049ac52115f4ecf83350db546c00745a54af187d7bc2e46"",""pyxel_platformer"":""1b2c75b49dc9ab0254fb4b724682a4787868814a38d2f08920720dc5b6007ac5"",""pyxel_shooter"":""0f53e4156907eac41080a8f289e22c89365b3239517c754cf59a51af201d5563"",""space_rescue"":""f3b0ab6784ae558e64f06a3f0a704e53f107a130aa3d43357659d0850131e461""}",425139e522264c6d5554629a3eee32e574b7fad390eafbf5817c70fa67a80b30
2,464,formal-v1__colocation__daylight+mega_wing+space_rescue__r02,formal-v1,colocation-main,train,colocation,"[""daylight"",""mega_wing"",""space_rescue""]",daylight,"[""mega_wing"",""space_rescue""]",daylight+mega_wing+space_rescue,daylight+mega_wing+space_rescue__r02,,,,2,13201791575080300822,10,30,1,10,windows-rtx4060,0,0,grid_2x2,true,80,97d038c3fba55e8663b4a244a72f2c6af5e355cf1641eb229b1e93540dede9b9,5ed80cf2bad8dd330eb4d739a19a5dced2b18149,data/raw/safety-v2-s30/formal-v1/formal-v1__colocation__daylight+mega_wing+space_rescue__r02,"{""daylight"":""games/pyxel/apps-src/30SecondsOfDaylight/src/main.py"",""mega_wing"":""games/pyxel/apps-src/mega_wing/mega_wing.py"",""space_rescue"":""games/pyxel/apps-src/space_rescue/space_rescue.py""}","{""daylight"":""21a365375249e9d7ea05e78dcfe040f09cc1f0c66bd410bae084190c743a028f"",""mega_wing"":""86bad6c02a303806c58137503739241dc6b1e86695f7c0dbf672b5e1a1464e9f"",""space_rescue"":""f3b0ab6784ae558e64f06a3f0a704e53f107a130aa3d43357659d0850131e461""}",92a35205aa969855721aa41b19cfcaee990e89e3f22a200d365ea5f56f9e0d39
2,465,formal-v1__colocation__daylight+pyxel_jump+space_rescue__r02,formal-v1,colocation-main,train,colocation,"[""daylight"",""pyxel_jump"",""space_rescue""]",daylight,"[""pyxel_jump"",""space_rescue""]",daylight+pyxel_jump+space_rescue,daylight+pyxel_jump+space_rescue__r02,,,,2,18067767290852735786,10,30,1,10,windows-rtx4060,0,0,grid_2x2,true,80,97d038c3fba55e8663b4a244a72f2c6af5e355cf1641eb229b1e93540dede9b9,5ed80cf2bad8dd330eb4d739a19a5dced2b18149,data/raw/safety-v2-s30/formal-v1/formal-v1__colocation__daylight+pyxel_jump+space_rescue__r02,"{""daylight"":""games/pyxel/apps-src/30SecondsOfDaylight/src/main.py"",""pyxel_jump"":""games/pyxel/02_jump_game.py"",""space_rescue"":""games/pyxel/apps-src/space_rescue/space_rescue.py""}","{""daylight"":""21a365375249e9d7ea05e78dcfe040f09cc1f0c66bd410bae084190c743a028f"",""pyxel_jump"":""4743a825f1c9cae7e049ac52115f4ecf83350db546c00745a54af187d7bc2e46"",""space_rescue"":""f3b0ab6784ae558e64f06a3f0a704e53f107a130aa3d43357659d0850131e461""}",f2a19243978e067a193ede2d292c6d710238657055488552f013d2d05bd08507
2,466,formal-v1__colocation__daylight+mega_wing+pyxel_shooter__r01,formal-v1,colocation-main,validation,colocation,"[""daylight"",""mega_wing"",""pyxel_shooter""]",daylight,"[""mega_wing"",""pyxel_shooter""]",daylight+mega_wing+pyxel_shooter,daylight+mega_wing+pyxel_shooter__r01,,,,1,15468395089088265240,10,30,1,10,windows-rtx4060,0,0,grid_2x2,true,80,97d038c3fba55e8663b4a244a72f2c6af5e355cf1641eb229b1e93540dede9b9,5ed80cf2bad8dd330eb4d739a19a5dced2b18149,data/raw/safety-v2-s30/formal-v1/formal-v1__colocation__daylight+mega_wing+pyxel_shooter__r01,"{""daylight"":""games/pyxel/apps-src/30SecondsOfDaylight/src/main.py"",""mega_wing"":""games/pyxel/apps-src/mega_wing/mega_wing.py"",""pyxel_shooter"":""games/pyxel/09_shooter.py""}","{""daylight"":""21a365375249e9d7ea05e78dcfe040f09cc1f0c66bd410bae084190c743a028f"",""mega_wing"":""86bad6c02a303806c58137503739241dc6b1e86695f7c0dbf672b5e1a1464e9f"",""pyxel_shooter"":""0f53e4156907eac41080a8f289e22c89365b3239517c754cf59a51af201d5563""}",750ddae8823dfa342a2ca69d6c892c189bfa1cfcc4d88aef978e723527791c99
2,467,formal-v1__colocation__pyxel_jump+space_rescue__r02,formal-v1,colocation-main,train,colocation,"[""pyxel_jump"",""space_rescue""]",pyxel_jump,"[""space_rescue""]",pyxel_jump+space_rescue,pyxel_jump+space_rescue__r02,,,,2,5232719047817812495,10,30,1,10,windows-rtx4060,0,0,grid_2x2,true,80,97d038c3fba55e8663b4a244a72f2c6af5e355cf1641eb229b1e93540dede9b9,5ed80cf2bad8dd330eb4d739a19a5dced2b18149,data/raw/safety-v2-s30/formal-v1/formal-v1__colocation__pyxel_jump+space_rescue__r02,"{""pyxel_jump"":""games/pyxel/02_jump_game.py"",""space_rescue"":""games/pyxel/apps-src/space_rescue/space_rescue.py""}","{""pyxel_jump"":""4743a825f1c9cae7e049ac52115f4ecf83350db546c00745a54af187d7bc2e46"",""space_rescue"":""f3b0ab6784ae558e64f06a3f0a704e53f107a130aa3d43357659d0850131e461""}",e024ad412d71d0e3a7c523f1203a99fd0cbcf18040c49385e907736011aa9845
2,468,formal-v1__profile__pyxel_jump__memory_bandwidth__p100__r01,formal-v1,profile,not_applicable,pressure_profile,"[""pyxel_jump""]",pyxel_jump,[],,,memory_bandwidth,1,1,1,9875989086911078753,10,30,1,10,windows-rtx4060,0,0,grid_2x2,true,80,97d038c3fba55e8663b4a244a72f2c6af5e355cf1641eb229b1e93540dede9b9,5ed80cf2bad8dd330eb4d739a19a5dced2b18149,data/raw/safety-v2-s30/formal-v1/formal-v1__profile__pyxel_jump__memory_bandwidth__p100__r01,"{""pyxel_jump"":""games/pyxel/02_jump_game.py""}","{""pyxel_jump"":""4743a825f1c9cae7e049ac52115f4ecf83350db546c00745a54af187d7bc2e46""}",abd482631370421bca5aa9edf4eb91e038c7afade372bb4b92b27de4b431865a
2,469,formal-v1__profile__daylight__cpu_compute__p000__r01,formal-v1,profile,not_applicable,pressure_profile,"[""daylight""]",daylight,[],,,cpu_compute,0,0,1,12653542332541665964,10,30,1,10,windows-rtx4060,0,0,grid_2x2,true,80,97d038c3fba55e8663b4a244a72f2c6af5e355cf1641eb229b1e93540dede9b9,5ed80cf2bad8dd330eb4d739a19a5dced2b18149,data/raw/safety-v2-s30/formal-v1/formal-v1__profile__daylight__cpu_compute__p000__r01,"{""daylight"":""games/pyxel/apps-src/30SecondsOfDaylight/src/main.py""}","{""daylight"":""21a365375249e9d7ea05e78dcfe040f09cc1f0c66bd410bae084190c743a028f""}",e7bdcf050e2e47277e26ab649e7a5a10f57b9cbcfb39f661b9396a02244a1b88
2,470,formal-v1__profile__pyxel_shooter__cpu_compute__p000__r01,formal-v1,profile,not_applicable,pressure_profile,"[""pyxel_shooter""]",pyxel_shooter,[],,,cpu_compute,0,0,1,1773463543124425560,10,30,1,10,windows-rtx4060,0,0,grid_2x2,true,80,97d038c3fba55e8663b4a244a72f2c6af5e355cf1641eb229b1e93540dede9b9,5ed80cf2bad8dd330eb4d739a19a5dced2b18149,data/raw/safety-v2-s30/formal-v1/formal-v1__profile__pyxel_shooter__cpu_compute__p000__r01,"{""pyxel_shooter"":""games/pyxel/09_shooter.py""}","{""pyxel_shooter"":""0f53e4156907eac41080a8f289e22c89365b3239517c754cf59a51af201d5563""}",4791b68f76ad531d472623f87b6d86f698446ca39941caf04dbbd092117a9f5b
2,471,formal-v1__profile__daylight__memory_bandwidth__p050__r03,formal-v1,profile,not_applicable,pressure_profile,"[""daylight""]",daylight,[],,,memory_bandwidth,0.5,0.5,3,11504194784090778569,10,30,1,10,windows-rtx4060,0,0,grid_2x2,true,80,97d038c3fba55e8663b4a244a72f2c6af5e355cf1641eb229b1e93540dede9b9,5ed80cf2bad8dd330eb4d739a19a5dced2b18149,data/raw/safety-v2-s30/formal-v1/formal-v1__profile__daylight__memory_bandwidth__p050__r03,"{""daylight"":""games/pyxel/apps-src/30SecondsOfDaylight/src/main.py""}","{""daylight"":""21a365375249e9d7ea05e78dcfe040f09cc1f0c66bd410bae084190c743a028f""}",4924f9aed52878253beb767c0017095dc1b8ae4f5da269f0095333be36f45cc8
2,472,formal-v1__profile__daylight__gpu_memory__p000__r01,formal-v1,profile,not_applicable,pressure_profile,"[""daylight""]",daylight,[],,,gpu_memory,0,0,1,11678635010054922399,10,30,1,10,windows-rtx4060,0,0,grid_2x2,true,80,97d038c3fba55e8663b4a244a72f2c6af5e355cf1641eb229b1e93540dede9b9,5ed80cf2bad8dd330eb4d739a19a5dced2b18149,data/raw/safety-v2-s30/formal-v1/formal-v1__profile__daylight__gpu_memory__p000__r01,"{""daylight"":""games/pyxel/apps-src/30SecondsOfDaylight/src/main.py""}","{""daylight"":""21a365375249e9d7ea05e78dcfe040f09cc1f0c66bd410bae084190c743a028f""}",3a15ff5c577c9a131a410f7508da86def4b5c78666a5bb8240d67ec373189bb2
2,473,formal-v1__profile__pyxel_platformer__gpu_memory__p075__r01,formal-v1,profile,not_applicable,pressure_profile,"[""pyxel_platformer""]",pyxel_platformer,[],,,gpu_memory,0.75,0.75,1,10486814864336015487,10,30,1,10,windows-rtx4060,0,0,grid_2x2,true,80,97d038c3fba55e8663b4a244a72f2c6af5e355cf1641eb229b1e93540dede9b9,5ed80cf2bad8dd330eb4d739a19a5dced2b18149,data/raw/safety-v2-s30/formal-v1/formal-v1__profile__pyxel_platformer__gpu_memory__p075__r01,"{""pyxel_platformer"":""games/pyxel/10_platformer.py""}","{""pyxel_platformer"":""1b2c75b49dc9ab0254fb4b724682a4787868814a38d2f08920720dc5b6007ac5""}",04805715f6cb9dfd3334711f31cb28cf480e4a5e5e1480a90e2899efb2ac7570
2,474,formal-v1__colocation__daylight+pyxel_platformer__r02,formal-v1,colocation-main,validation,colocation,"[""daylight"",""pyxel_platformer""]",daylight,"[""pyxel_platformer""]",daylight+pyxel_platformer,daylight+pyxel_platformer__r02,,,,2,14208229474584862758,10,30,1,10,windows-rtx4060,0,0,grid_2x2,true,80,97d038c3fba55e8663b4a244a72f2c6af5e355cf1641eb229b1e93540dede9b9,5ed80cf2bad8dd330eb4d739a19a5dced2b18149,data/raw/safety-v2-s30/formal-v1/formal-v1__colocation__daylight+pyxel_platformer__r02,"{""daylight"":""games/pyxel/apps-src/30SecondsOfDaylight/src/main.py"",""pyxel_platformer"":""games/pyxel/10_platformer.py""}","{""daylight"":""21a365375249e9d7ea05e78dcfe040f09cc1f0c66bd410bae084190c743a028f"",""pyxel_platformer"":""1b2c75b49dc9ab0254fb4b724682a4787868814a38d2f08920720dc5b6007ac5""}",59559ae23bfaf9d20b62415a5ca81ca811c595ce0b1ad982053a319fde8a17c8
2,475,formal-v1__profile__mega_wing__memory_bandwidth__p000__r03,formal-v1,profile,not_applicable,pressure_profile,"[""mega_wing""]",mega_wing,[],,,memory_bandwidth,0,0,3,16041027278042840818,10,30,1,10,windows-rtx4060,0,0,grid_2x2,true,80,97d038c3fba55e8663b4a244a72f2c6af5e355cf1641eb229b1e93540dede9b9,5ed80cf2bad8dd330eb4d739a19a5dced2b18149,data/raw/safety-v2-s30/formal-v1/formal-v1__profile__mega_wing__memory_bandwidth__p000__r03,"{""mega_wing"":""games/pyxel/apps-src/mega_wing/mega_wing.py""}","{""mega_wing"":""86bad6c02a303806c58137503739241dc6b1e86695f7c0dbf672b5e1a1464e9f""}",c169385632e694b113b97d8eb86eb6d10ac1c8ff64833e607edb93447c826d41
2,476,formal-v1__profile__pyxel_shooter__memory_bandwidth__p025__r02,formal-v1,profile,not_applicable,pressure_profile,"[""pyxel_shooter""]",pyxel_shooter,[],,,memory_bandwidth,0.25,0.25,2,10911692790553780930,10,30,1,10,windows-rtx4060,0,0,grid_2x2,true,80,97d038c3fba55e8663b4a244a72f2c6af5e355cf1641eb229b1e93540dede9b9,5ed80cf2bad8dd330eb4d739a19a5dced2b18149,data/raw/safety-v2-s30/formal-v1/formal-v1__profile__pyxel_shooter__memory_bandwidth__p025__r02,"{""pyxel_shooter"":""games/pyxel/09_shooter.py""}","{""pyxel_shooter"":""0f53e4156907eac41080a8f289e22c89365b3239517c754cf59a51af201d5563""}",4a1cb69c66709f117e7295ee7a01be80b1c91b373cc37a4a5de1ffa1fefe54be
2,477,formal-v1__extra__daylight+pyxel_jump+pyxel_snake+space_rescue__r03,formal-v1,colocation-extra-test,extra_test,extra_test,"[""daylight"",""pyxel_jump"",""pyxel_snake"",""space_rescue""]",daylight,"[""pyxel_jump"",""pyxel_snake"",""space_rescue""]",daylight+pyxel_jump+pyxel_snake+space_rescue,daylight+pyxel_jump+pyxel_snake+space_rescue__r03,,,,3,5817121819038531617,10,30,1,10,windows-rtx4060,0,0,grid_2x2,true,80,97d038c3fba55e8663b4a244a72f2c6af5e355cf1641eb229b1e93540dede9b9,5ed80cf2bad8dd330eb4d739a19a5dced2b18149,data/raw/safety-v2-s30/formal-v1/formal-v1__extra__daylight+pyxel_jump+pyxel_snake+space_rescue__r03,"{""daylight"":""games/pyxel/apps-src/30SecondsOfDaylight/src/main.py"",""pyxel_jump"":""games/pyxel/02_jump_game.py"",""pyxel_snake"":""games/pyxel/07_snake.py"",""space_rescue"":""games/pyxel/apps-src/space_rescue/space_rescue.py""}","{""daylight"":""21a365375249e9d7ea05e78dcfe040f09cc1f0c66bd410bae084190c743a028f"",""pyxel_jump"":""4743a825f1c9cae7e049ac52115f4ecf83350db546c00745a54af187d7bc2e46"",""pyxel_snake"":""bc533fef92d1d358e570f69d979919fe5c1cd8c4da49841104b49a1e661a5ac3"",""space_rescue"":""f3b0ab6784ae558e64f06a3f0a704e53f107a130aa3d43357659d0850131e461""}",0a4a876813ed0126a9b339ebf287cd668c9c7564bfe38b6455cffd02acdea1e1
2,478,formal-v1__profile__pyxel_shooter__cpu_compute__p000__r03,formal-v1,profile,not_applicable,pressure_profile,"[""pyxel_shooter""]",pyxel_shooter,[],,,cpu_compute,0,0,3,3087643120504217374,10,30,1,10,windows-rtx4060,0,0,grid_2x2,true,80,97d038c3fba55e8663b4a244a72f2c6af5e355cf1641eb229b1e93540dede9b9,5ed80cf2bad8dd330eb4d739a19a5dced2b18149,data/raw/safety-v2-s30/formal-v1/formal-v1__profile__pyxel_shooter__cpu_compute__p000__r03,"{""pyxel_shooter"":""games/pyxel/09_shooter.py""}","{""pyxel_shooter"":""0f53e4156907eac41080a8f289e22c89365b3239517c754cf59a51af201d5563""}",dd3d7ccbb79cb754af90e54002757f2da0a678e12a9520d87efaa1429f9f019b
2,479,formal-v1__profile__pyxel_platformer__gpu_memory__p000__r02,formal-v1,profile,not_applicable,pressure_profile,"[""pyxel_platformer""]",pyxel_platformer,[],,,gpu_memory,0,0,2,3215570134781754768,10,30,1,10,windows-rtx4060,0,0,grid_2x2,true,80,97d038c3fba55e8663b4a244a72f2c6af5e355cf1641eb229b1e93540dede9b9,5ed80cf2bad8dd330eb4d739a19a5dced2b18149,data/raw/safety-v2-s30/formal-v1/formal-v1__profile__pyxel_platformer__gpu_memory__p000__r02,"{""pyxel_platformer"":""games/pyxel/10_platformer.py""}","{""pyxel_platformer"":""1b2c75b49dc9ab0254fb4b724682a4787868814a38d2f08920720dc5b6007ac5""}",19c7ca62d5f9c915b6d8f5b13d7223b6930e4b894adeb62f2ba663bed928e926
2,480,formal-v1__profile__pyxel_jump__gpu_memory__p050__r01,formal-v1,profile,not_applicable,pressure_profile,"[""pyxel_jump""]",pyxel_jump,[],,,gpu_memory,0.5,0.5,1,7116178765233895399,10,30,1,10,windows-rtx4060,0,0,grid_2x2,true,80,97d038c3fba55e8663b4a244a72f2c6af5e355cf1641eb229b1e93540dede9b9,5ed80cf2bad8dd330eb4d739a19a5dced2b18149,data/raw/safety-v2-s30/formal-v1/formal-v1__profile__pyxel_jump__gpu_memory__p050__r01,"{""pyxel_jump"":""games/pyxel/02_jump_game.py""}","{""pyxel_jump"":""4743a825f1c9cae7e049ac52115f4ecf83350db546c00745a54af187d7bc2e46""}",465d46e8e623cf589fbb1389f62e068f75452a8061a1c225e6bd168bf1c951af
2,481,formal-v1__colocation__daylight+mega_wing+space_rescue__r03,formal-v1,colocation-main,train,colocation,"[""daylight"",""mega_wing"",""space_rescue""]",daylight,"[""mega_wing"",""space_rescue""]",daylight+mega_wing+space_rescue,daylight+mega_wing+space_rescue__r03,,,,3,3371092001652227661,10,30,1,10,windows-rtx4060,0,0,grid_2x2,true,80,97d038c3fba55e8663b4a244a72f2c6af5e355cf1641eb229b1e93540dede9b9,5ed80cf2bad8dd330eb4d739a19a5dced2b18149,data/raw/safety-v2-s30/formal-v1/formal-v1__colocation__daylight+mega_wing+space_rescue__r03,"{""daylight"":""games/pyxel/apps-src/30SecondsOfDaylight/src/main.py"",""mega_wing"":""games/pyxel/apps-src/mega_wing/mega_wing.py"",""space_rescue"":""games/pyxel/apps-src/space_rescue/space_rescue.py""}","{""daylight"":""21a365375249e9d7ea05e78dcfe040f09cc1f0c66bd410bae084190c743a028f"",""mega_wing"":""86bad6c02a303806c58137503739241dc6b1e86695f7c0dbf672b5e1a1464e9f"",""space_rescue"":""f3b0ab6784ae558e64f06a3f0a704e53f107a130aa3d43357659d0850131e461""}",762aa33c2f9cc6225833b76ecd66615e087a9aab2cd670e1cfcd34ed2a84ec98
2,482,formal-v1__profile__pyxel_shooter__memory_bandwidth__p050__r02,formal-v1,profile,not_applicable,pressure_profile,"[""pyxel_shooter""]",pyxel_shooter,[],,,memory_bandwidth,0.5,0.5,2,5186168733706402717,10,30,1,10,windows-rtx4060,0,0,grid_2x2,true,80,97d038c3fba55e8663b4a244a72f2c6af5e355cf1641eb229b1e93540dede9b9,5ed80cf2bad8dd330eb4d739a19a5dced2b18149,data/raw/safety-v2-s30/formal-v1/formal-v1__profile__pyxel_shooter__memory_bandwidth__p050__r02,"{""pyxel_shooter"":""games/pyxel/09_shooter.py""}","{""pyxel_shooter"":""0f53e4156907eac41080a8f289e22c89365b3239517c754cf59a51af201d5563""}",f76479f78c3f50f1c3eb9af305796f9b1c0eff5e849872fa5ee3e9d43afcefc7
2,483,formal-v1__extra__daylight+mega_wing+pyxel_bubbles+pyxel_snake__r02,formal-v1,colocation-extra-test,extra_test,extra_test,"[""daylight"",""mega_wing"",""pyxel_bubbles"",""pyxel_snake""]",daylight,"[""mega_wing"",""pyxel_bubbles"",""pyxel_snake""]",daylight+mega_wing+pyxel_bubbles+pyxel_snake,daylight+mega_wing+pyxel_bubbles+pyxel_snake__r02,,,,2,3484541607843470007,10,30,1,10,windows-rtx4060,0,0,grid_2x2,true,80,97d038c3fba55e8663b4a244a72f2c6af5e355cf1641eb229b1e93540dede9b9,5ed80cf2bad8dd330eb4d739a19a5dced2b18149,data/raw/safety-v2-s30/formal-v1/formal-v1__extra__daylight+mega_wing+pyxel_bubbles+pyxel_snake__r02,"{""daylight"":""games/pyxel/apps-src/30SecondsOfDaylight/src/main.py"",""mega_wing"":""games/pyxel/apps-src/mega_wing/mega_wing.py"",""pyxel_bubbles"":""games/pyxel/06_click_game.py"",""pyxel_snake"":""games/pyxel/07_snake.py""}","{""daylight"":""21a365375249e9d7ea05e78dcfe040f09cc1f0c66bd410bae084190c743a028f"",""mega_wing"":""86bad6c02a303806c58137503739241dc6b1e86695f7c0dbf672b5e1a1464e9f"",""pyxel_bubbles"":""54c101e90bdaed839ac4c4284494530d5df37a5819a35f1e41eebb0b3da5d900"",""pyxel_snake"":""bc533fef92d1d358e570f69d979919fe5c1cd8c4da49841104b49a1e661a5ac3""}",06cdf8fc9a339e74a95b535bfa22a4f5945612811b79584cbd57ae8b6340c6d2
2,484,formal-v1__colocation__mega_wing+pyxel_bubbles+pyxel_jump__r03,formal-v1,colocation-main,train,colocation,"[""mega_wing"",""pyxel_bubbles"",""pyxel_jump""]",mega_wing,"[""pyxel_bubbles"",""pyxel_jump""]",mega_wing+pyxel_bubbles+pyxel_jump,mega_wing+pyxel_bubbles+pyxel_jump__r03,,,,3,3317236851309327285,10,30,1,10,windows-rtx4060,0,0,grid_2x2,true,80,97d038c3fba55e8663b4a244a72f2c6af5e355cf1641eb229b1e93540dede9b9,5ed80cf2bad8dd330eb4d739a19a5dced2b18149,data/raw/safety-v2-s30/formal-v1/formal-v1__colocation__mega_wing+pyxel_bubbles+pyxel_jump__r03,"{""mega_wing"":""games/pyxel/apps-src/mega_wing/mega_wing.py"",""pyxel_bubbles"":""games/pyxel/06_click_game.py"",""pyxel_jump"":""games/pyxel/02_jump_game.py""}","{""mega_wing"":""86bad6c02a303806c58137503739241dc6b1e86695f7c0dbf672b5e1a1464e9f"",""pyxel_bubbles"":""54c101e90bdaed839ac4c4284494530d5df37a5819a35f1e41eebb0b3da5d900"",""pyxel_jump"":""4743a825f1c9cae7e049ac52115f4ecf83350db546c00745a54af187d7bc2e46""}",c40693c6c319e2f17cf0d60ab8b577dc7d916f2d09c32e1ade0270c6868bbb92
2,485,formal-v1__profile__pyxel_jump__gpu_memory__p050__r02,formal-v1,profile,not_applicable,pressure_profile,"[""pyxel_jump""]",pyxel_jump,[],,,gpu_memory,0.5,0.5,2,6754845160849666377,10,30,1,10,windows-rtx4060,0,0,grid_2x2,true,80,97d038c3fba55e8663b4a244a72f2c6af5e355cf1641eb229b1e93540dede9b9,5ed80cf2bad8dd330eb4d739a19a5dced2b18149,data/raw/safety-v2-s30/formal-v1/formal-v1__profile__pyxel_jump__gpu_memory__p050__r02,"{""pyxel_jump"":""games/pyxel/02_jump_game.py""}","{""pyxel_jump"":""4743a825f1c9cae7e049ac52115f4ecf83350db546c00745a54af187d7bc2e46""}",fcfb75b929d160e9c80448717c34fa45258a380c70538abcef79a049e7b567a1
2,486,formal-v1__profile__pyxel_shooter__memory_bandwidth__p075__r03,formal-v1,profile,not_applicable,pressure_profile,"[""pyxel_shooter""]",pyxel_shooter,[],,,memory_bandwidth,0.75,0.75,3,15603957209511924457,10,30,1,10,windows-rtx4060,0,0,grid_2x2,true,80,97d038c3fba55e8663b4a244a72f2c6af5e355cf1641eb229b1e93540dede9b9,5ed80cf2bad8dd330eb4d739a19a5dced2b18149,data/raw/safety-v2-s30/formal-v1/formal-v1__profile__pyxel_shooter__memory_bandwidth__p075__r03,"{""pyxel_shooter"":""games/pyxel/09_shooter.py""}","{""pyxel_shooter"":""0f53e4156907eac41080a8f289e22c89365b3239517c754cf59a51af201d5563""}",329750a5267be94d15b259df3b01074db7c896bd8c124b5fc6406b5f08ab2d25
2,487,formal-v1__colocation__mega_wing+pyxel_platformer+space_rescue__r02,formal-v1,colocation-main,train,colocation,"[""mega_wing"",""pyxel_platformer"",""space_rescue""]",mega_wing,"[""pyxel_platformer"",""space_rescue""]",mega_wing+pyxel_platformer+space_rescue,mega_wing+pyxel_platformer+space_rescue__r02,,,,2,6439483011326769169,10,30,1,10,windows-rtx4060,0,0,grid_2x2,true,80,97d038c3fba55e8663b4a244a72f2c6af5e355cf1641eb229b1e93540dede9b9,5ed80cf2bad8dd330eb4d739a19a5dced2b18149,data/raw/safety-v2-s30/formal-v1/formal-v1__colocation__mega_wing+pyxel_platformer+space_rescue__r02,"{""mega_wing"":""games/pyxel/apps-src/mega_wing/mega_wing.py"",""pyxel_platformer"":""games/pyxel/10_platformer.py"",""space_rescue"":""games/pyxel/apps-src/space_rescue/space_rescue.py""}","{""mega_wing"":""86bad6c02a303806c58137503739241dc6b1e86695f7c0dbf672b5e1a1464e9f"",""pyxel_platformer"":""1b2c75b49dc9ab0254fb4b724682a4787868814a38d2f08920720dc5b6007ac5"",""space_rescue"":""f3b0ab6784ae558e64f06a3f0a704e53f107a130aa3d43357659d0850131e461""}",cc66d744d7bc46d231dc97a8c31f866ac8e9b4733da77b33cb90d9817f36fb81
2,488,formal-v1__profile__pyxel_platformer__gpu_compute__p100__r01,formal-v1,profile,not_applicable,pressure_profile,"[""pyxel_platformer""]",pyxel_platformer,[],,,gpu_compute,1,0.25,1,7264210698707032514,10,30,1,10,windows-rtx4060,0,0,grid_2x2,true,80,97d038c3fba55e8663b4a244a72f2c6af5e355cf1641eb229b1e93540dede9b9,5ed80cf2bad8dd330eb4d739a19a5dced2b18149,data/raw/safety-v2-s30/formal-v1/formal-v1__profile__pyxel_platformer__gpu_compute__p100__r01,"{""pyxel_platformer"":""games/pyxel/10_platformer.py""}","{""pyxel_platformer"":""1b2c75b49dc9ab0254fb4b724682a4787868814a38d2f08920720dc5b6007ac5""}",f0147cb7e5130e945e9c05234059266a95f572f8aee750822d8dabb7a5e7c3c6
2,489,formal-v1__colocation__mega_wing+pyxel_shooter__r01,formal-v1,colocation-main,train,colocation,"[""mega_wing"",""pyxel_shooter""]",mega_wing,"[""pyxel_shooter""]",mega_wing+pyxel_shooter,mega_wing+pyxel_shooter__r01,,,,1,15428212448458187375,10,30,1,10,windows-rtx4060,0,0,grid_2x2,true,80,97d038c3fba55e8663b4a244a72f2c6af5e355cf1641eb229b1e93540dede9b9,5ed80cf2bad8dd330eb4d739a19a5dced2b18149,data/raw/safety-v2-s30/formal-v1/formal-v1__colocation__mega_wing+pyxel_shooter__r01,"{""mega_wing"":""games/pyxel/apps-src/mega_wing/mega_wing.py"",""pyxel_shooter"":""games/pyxel/09_shooter.py""}","{""mega_wing"":""86bad6c02a303806c58137503739241dc6b1e86695f7c0dbf672b5e1a1464e9f"",""pyxel_shooter"":""0f53e4156907eac41080a8f289e22c89365b3239517c754cf59a51af201d5563""}",c55d76b8d89a6685ef6613df4c36eddb275f7fae3d7b051b7cf9ee7514f5e7f5
2,490,formal-v1__profile__pyxel_snake__gpu_compute__p050__r02,formal-v1,profile,not_applicable,pressure_profile,"[""pyxel_snake""]",pyxel_snake,[],,,gpu_compute,0.5,0.125,2,9860099447219610463,10,30,1,10,windows-rtx4060,0,0,grid_2x2,true,80,97d038c3fba55e8663b4a244a72f2c6af5e355cf1641eb229b1e93540dede9b9,5ed80cf2bad8dd330eb4d739a19a5dced2b18149,data/raw/safety-v2-s30/formal-v1/formal-v1__profile__pyxel_snake__gpu_compute__p050__r02,"{""pyxel_snake"":""games/pyxel/07_snake.py""}","{""pyxel_snake"":""bc533fef92d1d358e570f69d979919fe5c1cd8c4da49841104b49a1e661a5ac3""}",9015a2ab4c27e0c3fd83323a77495dcda124f08c99a1b75df242fa0fdf7d07b7
2,491,formal-v1__profile__pyxel_shooter__gpu_memory__p075__r03,formal-v1,profile,not_applicable,pressure_profile,"[""pyxel_shooter""]",pyxel_shooter,[],,,gpu_memory,0.75,0.75,3,404330187925385923,10,30,1,10,windows-rtx4060,0,0,grid_2x2,true,80,97d038c3fba55e8663b4a244a72f2c6af5e355cf1641eb229b1e93540dede9b9,5ed80cf2bad8dd330eb4d739a19a5dced2b18149,data/raw/safety-v2-s30/formal-v1/formal-v1__profile__pyxel_shooter__gpu_memory__p075__r03,"{""pyxel_shooter"":""games/pyxel/09_shooter.py""}","{""pyxel_shooter"":""0f53e4156907eac41080a8f289e22c89365b3239517c754cf59a51af201d5563""}",d3a80876c21a505d717d904a6f595ede4bcc95b97d213da0c3794545f0cf3204
2,492,formal-v1__profile__space_rescue__cpu_compute__p050__r03,formal-v1,profile,not_applicable,pressure_profile,"[""space_rescue""]",space_rescue,[],,,cpu_compute,0.5,0.5,3,17700676207239580665,10,30,1,10,windows-rtx4060,0,0,grid_2x2,true,80,97d038c3fba55e8663b4a244a72f2c6af5e355cf1641eb229b1e93540dede9b9,5ed80cf2bad8dd330eb4d739a19a5dced2b18149,data/raw/safety-v2-s30/formal-v1/formal-v1__profile__space_rescue__cpu_compute__p050__r03,"{""space_rescue"":""games/pyxel/apps-src/space_rescue/space_rescue.py""}","{""space_rescue"":""f3b0ab6784ae558e64f06a3f0a704e53f107a130aa3d43357659d0850131e461""}",f378fdad8deb0106680a59c9d85b87625a75e70b59340de975784ded9a54a506
2,493,formal-v1__colocation__pyxel_bubbles+pyxel_snake__r03,formal-v1,colocation-main,test,colocation,"[""pyxel_bubbles"",""pyxel_snake""]",pyxel_bubbles,"[""pyxel_snake""]",pyxel_bubbles+pyxel_snake,pyxel_bubbles+pyxel_snake__r03,,,,3,15193202307042370391,10,30,1,10,windows-rtx4060,0,0,grid_2x2,true,80,97d038c3fba55e8663b4a244a72f2c6af5e355cf1641eb229b1e93540dede9b9,5ed80cf2bad8dd330eb4d739a19a5dced2b18149,data/raw/safety-v2-s30/formal-v1/formal-v1__colocation__pyxel_bubbles+pyxel_snake__r03,"{""pyxel_bubbles"":""games/pyxel/06_click_game.py"",""pyxel_snake"":""games/pyxel/07_snake.py""}","{""pyxel_bubbles"":""54c101e90bdaed839ac4c4284494530d5df37a5819a35f1e41eebb0b3da5d900"",""pyxel_snake"":""bc533fef92d1d358e570f69d979919fe5c1cd8c4da49841104b49a1e661a5ac3""}",1d376e4693fdcdd998ac64e8984e576729537e2dae0024bc34f6f2f78f3c3386
2,494,formal-v1__colocation__pyxel_platformer+space_rescue__r02,formal-v1,colocation-main,train,colocation,"[""pyxel_platformer"",""space_rescue""]",pyxel_platformer,"[""space_rescue""]",pyxel_platformer+space_rescue,pyxel_platformer+space_rescue__r02,,,,2,15404733295755424698,10,30,1,10,windows-rtx4060,0,0,grid_2x2,true,80,97d038c3fba55e8663b4a244a72f2c6af5e355cf1641eb229b1e93540dede9b9,5ed80cf2bad8dd330eb4d739a19a5dced2b18149,data/raw/safety-v2-s30/formal-v1/formal-v1__colocation__pyxel_platformer+space_rescue__r02,"{""pyxel_platformer"":""games/pyxel/10_platformer.py"",""space_rescue"":""games/pyxel/apps-src/space_rescue/space_rescue.py""}","{""pyxel_platformer"":""1b2c75b49dc9ab0254fb4b724682a4787868814a38d2f08920720dc5b6007ac5"",""space_rescue"":""f3b0ab6784ae558e64f06a3f0a704e53f107a130aa3d43357659d0850131e461""}",02a5c865ae829a4078c0dcd880e0b66228ccd4e0a5c8a3461abcbc85ca8cd3cf
2,495,formal-v1__profile__pyxel_snake__cpu_compute__p075__r03,formal-v1,profile,not_applicable,pressure_profile,"[""pyxel_snake""]",pyxel_snake,[],,,cpu_compute,0.75,0.75,3,9492456317129204173,10,30,1,10,windows-rtx4060,0,0,grid_2x2,true,80,97d038c3fba55e8663b4a244a72f2c6af5e355cf1641eb229b1e93540dede9b9,5ed80cf2bad8dd330eb4d739a19a5dced2b18149,data/raw/safety-v2-s30/formal-v1/formal-v1__profile__pyxel_snake__cpu_compute__p075__r03,"{""pyxel_snake"":""games/pyxel/07_snake.py""}","{""pyxel_snake"":""bc533fef92d1d358e570f69d979919fe5c1cd8c4da49841104b49a1e661a5ac3""}",f1ce10789a6a4325c684114cef9143d7ff0f69319c938bc0000d185d99cecc29
2,496,formal-v1__profile__space_rescue__memory_bandwidth__p075__r03,formal-v1,profile,not_applicable,pressure_profile,"[""space_rescue""]",space_rescue,[],,,memory_bandwidth,0.75,0.75,3,14799239275078652188,10,30,1,10,windows-rtx4060,0,0,grid_2x2,true,80,97d038c3fba55e8663b4a244a72f2c6af5e355cf1641eb229b1e93540dede9b9,5ed80cf2bad8dd330eb4d739a19a5dced2b18149,data/raw/safety-v2-s30/formal-v1/formal-v1__profile__space_rescue__memory_bandwidth__p075__r03,"{""space_rescue"":""games/pyxel/apps-src/space_rescue/space_rescue.py""}","{""space_rescue"":""f3b0ab6784ae558e64f06a3f0a704e53f107a130aa3d43357659d0850131e461""}",6365823bb7540eff7c0c2c89c9b4e09238189f8de8416b4a9123b0aa1200da6c
2,497,formal-v1__profile__space_rescue__cpu_compute__p050__r01,formal-v1,profile,not_applicable,pressure_profile,"[""space_rescue""]",space_rescue,[],,,cpu_compute,0.5,0.5,1,8329984100024463382,10,30,1,10,windows-rtx4060,0,0,grid_2x2,true,80,97d038c3fba55e8663b4a244a72f2c6af5e355cf1641eb229b1e93540dede9b9,5ed80cf2bad8dd330eb4d739a19a5dced2b18149,data/raw/safety-v2-s30/formal-v1/formal-v1__profile__space_rescue__cpu_compute__p050__r01,"{""space_rescue"":""games/pyxel/apps-src/space_rescue/space_rescue.py""}","{""space_rescue"":""f3b0ab6784ae558e64f06a3f0a704e53f107a130aa3d43357659d0850131e461""}",eef3dfb35a612966a150bdd6df46268b7e50d6d8b1217364db6cc454da2fc7e7
2,498,formal-v1__extra__mega_wing+pyxel_bubbles+pyxel_platformer+pyxel_shooter__r01,formal-v1,colocation-extra-test,extra_test,extra_test,"[""mega_wing"",""pyxel_bubbles"",""pyxel_platformer"",""pyxel_shooter""]",mega_wing,"[""pyxel_bubbles"",""pyxel_platformer"",""pyxel_shooter""]",mega_wing+pyxel_bubbles+pyxel_platformer+pyxel_shooter,mega_wing+pyxel_bubbles+pyxel_platformer+pyxel_shooter__r01,,,,1,16469893538406321818,10,30,1,10,windows-rtx4060,0,0,grid_2x2,true,80,97d038c3fba55e8663b4a244a72f2c6af5e355cf1641eb229b1e93540dede9b9,5ed80cf2bad8dd330eb4d739a19a5dced2b18149,data/raw/safety-v2-s30/formal-v1/formal-v1__extra__mega_wing+pyxel_bubbles+pyxel_platformer+pyxel_shooter__r01,"{""mega_wing"":""games/pyxel/apps-src/mega_wing/mega_wing.py"",""pyxel_bubbles"":""games/pyxel/06_click_game.py"",""pyxel_platformer"":""games/pyxel/10_platformer.py"",""pyxel_shooter"":""games/pyxel/09_shooter.py""}","{""mega_wing"":""86bad6c02a303806c58137503739241dc6b1e86695f7c0dbf672b5e1a1464e9f"",""pyxel_bubbles"":""54c101e90bdaed839ac4c4284494530d5df37a5819a35f1e41eebb0b3da5d900"",""pyxel_platformer"":""1b2c75b49dc9ab0254fb4b724682a4787868814a38d2f08920720dc5b6007ac5"",""pyxel_shooter"":""0f53e4156907eac41080a8f289e22c89365b3239517c754cf59a51af201d5563""}",66e014d96fdaa8b83b592a81f09246c5a45a6a27d2991564845f39c22b6b6c3c
2,499,formal-v1__profile__daylight__memory_bandwidth__p025__r02,formal-v1,profile,not_applicable,pressure_profile,"[""daylight""]",daylight,[],,,memory_bandwidth,0.25,0.25,2,10138636501592702857,10,30,1,10,windows-rtx4060,0,0,grid_2x2,true,80,97d038c3fba55e8663b4a244a72f2c6af5e355cf1641eb229b1e93540dede9b9,5ed80cf2bad8dd330eb4d739a19a5dced2b18149,data/raw/safety-v2-s30/formal-v1/formal-v1__profile__daylight__memory_bandwidth__p025__r02,"{""daylight"":""games/pyxel/apps-src/30SecondsOfDaylight/src/main.py""}","{""daylight"":""21a365375249e9d7ea05e78dcfe040f09cc1f0c66bd410bae084190c743a028f""}",372639fae2fbd43691eb184709b57e5784fd5fd809e39b69876e336b879827cd
2,500,formal-v1__colocation__pyxel_platformer+pyxel_shooter__r03,formal-v1,colocation-main,train,colocation,"[""pyxel_platformer"",""pyxel_shooter""]",pyxel_platformer,"[""pyxel_shooter""]",pyxel_platformer+pyxel_shooter,pyxel_platformer+pyxel_shooter__r03,,,,3,7117624119942554937,10,30,1,10,windows-rtx4060,0,0,grid_2x2,true,80,97d038c3fba55e8663b4a244a72f2c6af5e355cf1641eb229b1e93540dede9b9,5ed80cf2bad8dd330eb4d739a19a5dced2b18149,data/raw/safety-v2-s30/formal-v1/formal-v1__colocation__pyxel_platformer+pyxel_shooter__r03,"{""pyxel_platformer"":""games/pyxel/10_platformer.py"",""pyxel_shooter"":""games/pyxel/09_shooter.py""}","{""pyxel_platformer"":""1b2c75b49dc9ab0254fb4b724682a4787868814a38d2f08920720dc5b6007ac5"",""pyxel_shooter"":""0f53e4156907eac41080a8f289e22c89365b3239517c754cf59a51af201d5563""}",4f1bad30caaf59d2b0d5e1a60d8e2872604fe214f3574f05351eac850d5d9adb
2,501,formal-v1__extra__daylight+mega_wing+pyxel_platformer+space_rescue__r03,formal-v1,colocation-extra-test,extra_test,extra_test,"[""daylight"",""mega_wing"",""pyxel_platformer"",""space_rescue""]",daylight,"[""mega_wing"",""pyxel_platformer"",""space_rescue""]",daylight+mega_wing+pyxel_platformer+space_rescue,daylight+mega_wing+pyxel_platformer+space_rescue__r03,,,,3,11447321451998350184,10,30,1,10,windows-rtx4060,0,0,grid_2x2,true,80,97d038c3fba55e8663b4a244a72f2c6af5e355cf1641eb229b1e93540dede9b9,5ed80cf2bad8dd330eb4d739a19a5dced2b18149,data/raw/safety-v2-s30/formal-v1/formal-v1__extra__daylight+mega_wing+pyxel_platformer+space_rescue__r03,"{""daylight"":""games/pyxel/apps-src/30SecondsOfDaylight/src/main.py"",""mega_wing"":""games/pyxel/apps-src/mega_wing/mega_wing.py"",""pyxel_platformer"":""games/pyxel/10_platformer.py"",""space_rescue"":""games/pyxel/apps-src/space_rescue/space_rescue.py""}","{""daylight"":""21a365375249e9d7ea05e78dcfe040f09cc1f0c66bd410bae084190c743a028f"",""mega_wing"":""86bad6c02a303806c58137503739241dc6b1e86695f7c0dbf672b5e1a1464e9f"",""pyxel_platformer"":""1b2c75b49dc9ab0254fb4b724682a4787868814a38d2f08920720dc5b6007ac5"",""space_rescue"":""f3b0ab6784ae558e64f06a3f0a704e53f107a130aa3d43357659d0850131e461""}",0f3a4476aa5bb5e72788f901c8ca04ed59f3ffedb76bf52ce253c8549a25c7dd
2,502,formal-v1__extra__daylight+pyxel_bubbles+pyxel_jump+pyxel_platformer__r02,formal-v1,colocation-extra-test,extra_test,extra_test,"[""daylight"",""pyxel_bubbles"",""pyxel_jump"",""pyxel_platformer""]",daylight,"[""pyxel_bubbles"",""pyxel_jump"",""pyxel_platformer""]",daylight+pyxel_bubbles+pyxel_jump+pyxel_platformer,daylight+pyxel_bubbles+pyxel_jump+pyxel_platformer__r02,,,,2,2825193241993824269,10,30,1,10,windows-rtx4060,0,0,grid_2x2,true,80,97d038c3fba55e8663b4a244a72f2c6af5e355cf1641eb229b1e93540dede9b9,5ed80cf2bad8dd330eb4d739a19a5dced2b18149,data/raw/safety-v2-s30/formal-v1/formal-v1__extra__daylight+pyxel_bubbles+pyxel_jump+pyxel_platformer__r02,"{""daylight"":""games/pyxel/apps-src/30SecondsOfDaylight/src/main.py"",""pyxel_bubbles"":""games/pyxel/06_click_game.py"",""pyxel_jump"":""games/pyxel/02_jump_game.py"",""pyxel_platformer"":""games/pyxel/10_platformer.py""}","{""daylight"":""21a365375249e9d7ea05e78dcfe040f09cc1f0c66bd410bae084190c743a028f"",""pyxel_bubbles"":""54c101e90bdaed839ac4c4284494530d5df37a5819a35f1e41eebb0b3da5d900"",""pyxel_jump"":""4743a825f1c9cae7e049ac52115f4ecf83350db546c00745a54af187d7bc2e46"",""pyxel_platformer"":""1b2c75b49dc9ab0254fb4b724682a4787868814a38d2f08920720dc5b6007ac5""}",acaaa0ccd35aabf352c04467629665152c54a44e87a5ab8ad92d171039624db3
2,503,formal-v1__colocation__daylight+pyxel_shooter__r01,formal-v1,colocation-main,test,colocation,"[""daylight"",""pyxel_shooter""]",daylight,"[""pyxel_shooter""]",daylight+pyxel_shooter,daylight+pyxel_shooter__r01,,,,1,807166208853376220,10,30,1,10,windows-rtx4060,0,0,grid_2x2,true,80,97d038c3fba55e8663b4a244a72f2c6af5e355cf1641eb229b1e93540dede9b9,5ed80cf2bad8dd330eb4d739a19a5dced2b18149,data/raw/safety-v2-s30/formal-v1/formal-v1__colocation__daylight+pyxel_shooter__r01,"{""daylight"":""games/pyxel/apps-src/30SecondsOfDaylight/src/main.py"",""pyxel_shooter"":""games/pyxel/09_shooter.py""}","{""daylight"":""21a365375249e9d7ea05e78dcfe040f09cc1f0c66bd410bae084190c743a028f"",""pyxel_shooter"":""0f53e4156907eac41080a8f289e22c89365b3239517c754cf59a51af201d5563""}",e51525ba5dc5ea324cdd10bf4b888a18145139cf03e6912f170efd45a67bfc13
2,504,formal-v1__colocation__pyxel_jump+pyxel_shooter+pyxel_snake__r02,formal-v1,colocation-main,train,colocation,"[""pyxel_jump"",""pyxel_shooter"",""pyxel_snake""]",pyxel_jump,"[""pyxel_shooter"",""pyxel_snake""]",pyxel_jump+pyxel_shooter+pyxel_snake,pyxel_jump+pyxel_shooter+pyxel_snake__r02,,,,2,350507075886467266,10,30,1,10,windows-rtx4060,0,0,grid_2x2,true,80,97d038c3fba55e8663b4a244a72f2c6af5e355cf1641eb229b1e93540dede9b9,5ed80cf2bad8dd330eb4d739a19a5dced2b18149,data/raw/safety-v2-s30/formal-v1/formal-v1__colocation__pyxel_jump+pyxel_shooter+pyxel_snake__r02,"{""pyxel_jump"":""games/pyxel/02_jump_game.py"",""pyxel_shooter"":""games/pyxel/09_shooter.py"",""pyxel_snake"":""games/pyxel/07_snake.py""}","{""pyxel_jump"":""4743a825f1c9cae7e049ac52115f4ecf83350db546c00745a54af187d7bc2e46"",""pyxel_shooter"":""0f53e4156907eac41080a8f289e22c89365b3239517c754cf59a51af201d5563"",""pyxel_snake"":""bc533fef92d1d358e570f69d979919fe5c1cd8c4da49841104b49a1e661a5ac3""}",6830487f60a227536756f9f40f1b583b673c52af6349ad43e583a441aa6d6869
2,505,formal-v1__extra__pyxel_jump+pyxel_platformer+pyxel_shooter+space_rescue__r03,formal-v1,colocation-extra-test,extra_test,extra_test,"[""pyxel_jump"",""pyxel_platformer"",""pyxel_shooter"",""space_rescue""]",pyxel_jump,"[""pyxel_platformer"",""pyxel_shooter"",""space_rescue""]",pyxel_jump+pyxel_platformer+pyxel_shooter+space_rescue,pyxel_jump+pyxel_platformer+pyxel_shooter+space_rescue__r03,,,,3,17533994871369061609,10,30,1,10,windows-rtx4060,0,0,grid_2x2,true,80,97d038c3fba55e8663b4a244a72f2c6af5e355cf1641eb229b1e93540dede9b9,5ed80cf2bad8dd330eb4d739a19a5dced2b18149,data/raw/safety-v2-s30/formal-v1/formal-v1__extra__pyxel_jump+pyxel_platformer+pyxel_shooter+space_rescue__r03,"{""pyxel_jump"":""games/pyxel/02_jump_game.py"",""pyxel_platformer"":""games/pyxel/10_platformer.py"",""pyxel_shooter"":""games/pyxel/09_shooter.py"",""space_rescue"":""games/pyxel/apps-src/space_rescue/space_rescue.py""}","{""pyxel_jump"":""4743a825f1c9cae7e049ac52115f4ecf83350db546c00745a54af187d7bc2e46"",""pyxel_platformer"":""1b2c75b49dc9ab0254fb4b724682a4787868814a38d2f08920720dc5b6007ac5"",""pyxel_shooter"":""0f53e4156907eac41080a8f289e22c89365b3239517c754cf59a51af201d5563"",""space_rescue"":""f3b0ab6784ae558e64f06a3f0a704e53f107a130aa3d43357659d0850131e461""}",a3f6bcd05b803ffe492b992c129c139b587fc329df933429e7ca1290258fb128
2,506,formal-v1__extra__daylight+mega_wing+pyxel_platformer+space_rescue__r02,formal-v1,colocation-extra-test,extra_test,extra_test,"[""daylight"",""mega_wing"",""pyxel_platformer"",""space_rescue""]",daylight,"[""mega_wing"",""pyxel_platformer"",""space_rescue""]",daylight+mega_wing+pyxel_platformer+space_rescue,daylight+mega_wing+pyxel_platformer+space_rescue__r02,,,,2,10031557160750798792,10,30,1,10,windows-rtx4060,0,0,grid_2x2,true,80,97d038c3fba55e8663b4a244a72f2c6af5e355cf1641eb229b1e93540dede9b9,5ed80cf2bad8dd330eb4d739a19a5dced2b18149,data/raw/safety-v2-s30/formal-v1/formal-v1__extra__daylight+mega_wing+pyxel_platformer+space_rescue__r02,"{""daylight"":""games/pyxel/apps-src/30SecondsOfDaylight/src/main.py"",""mega_wing"":""games/pyxel/apps-src/mega_wing/mega_wing.py"",""pyxel_platformer"":""games/pyxel/10_platformer.py"",""space_rescue"":""games/pyxel/apps-src/space_rescue/space_rescue.py""}","{""daylight"":""21a365375249e9d7ea05e78dcfe040f09cc1f0c66bd410bae084190c743a028f"",""mega_wing"":""86bad6c02a303806c58137503739241dc6b1e86695f7c0dbf672b5e1a1464e9f"",""pyxel_platformer"":""1b2c75b49dc9ab0254fb4b724682a4787868814a38d2f08920720dc5b6007ac5"",""space_rescue"":""f3b0ab6784ae558e64f06a3f0a704e53f107a130aa3d43357659d0850131e461""}",2871feefe8ffc7b265fbae7e8f224f2f1f5271b6467c383849eaddf67117391e
2,507,formal-v1__profile__mega_wing__gpu_compute__p050__r01,formal-v1,profile,not_applicable,pressure_profile,"[""mega_wing""]",mega_wing,[],,,gpu_compute,0.5,0.125,1,15247727687741815888,10,30,1,10,windows-rtx4060,0,0,grid_2x2,true,80,97d038c3fba55e8663b4a244a72f2c6af5e355cf1641eb229b1e93540dede9b9,5ed80cf2bad8dd330eb4d739a19a5dced2b18149,data/raw/safety-v2-s30/formal-v1/formal-v1__profile__mega_wing__gpu_compute__p050__r01,"{""mega_wing"":""games/pyxel/apps-src/mega_wing/mega_wing.py""}","{""mega_wing"":""86bad6c02a303806c58137503739241dc6b1e86695f7c0dbf672b5e1a1464e9f""}",d0f8e8ce461b6da5243e972434e241e1138404f6e6fedf4db24b79927c5f6a42
2,508,formal-v1__profile__space_rescue__memory_bandwidth__p050__r02,formal-v1,profile,not_applicable,pressure_profile,"[""space_rescue""]",space_rescue,[],,,memory_bandwidth,0.5,0.5,2,1784150047241568090,10,30,1,10,windows-rtx4060,0,0,grid_2x2,true,80,97d038c3fba55e8663b4a244a72f2c6af5e355cf1641eb229b1e93540dede9b9,5ed80cf2bad8dd330eb4d739a19a5dced2b18149,data/raw/safety-v2-s30/formal-v1/formal-v1__profile__space_rescue__memory_bandwidth__p050__r02,"{""space_rescue"":""games/pyxel/apps-src/space_rescue/space_rescue.py""}","{""space_rescue"":""f3b0ab6784ae558e64f06a3f0a704e53f107a130aa3d43357659d0850131e461""}",39a2dbe16e6aba7ae0b46a8e2236ec44f3eee25a76e3744c9c022495e172935a
2,509,formal-v1__colocation__pyxel_bubbles+pyxel_platformer__r03,formal-v1,colocation-main,train,colocation,"[""pyxel_bubbles"",""pyxel_platformer""]",pyxel_bubbles,"[""pyxel_platformer""]",pyxel_bubbles+pyxel_platformer,pyxel_bubbles+pyxel_platformer__r03,,,,3,10013231083899079250,10,30,1,10,windows-rtx4060,0,0,grid_2x2,true,80,97d038c3fba55e8663b4a244a72f2c6af5e355cf1641eb229b1e93540dede9b9,5ed80cf2bad8dd330eb4d739a19a5dced2b18149,data/raw/safety-v2-s30/formal-v1/formal-v1__colocation__pyxel_bubbles+pyxel_platformer__r03,"{""pyxel_bubbles"":""games/pyxel/06_click_game.py"",""pyxel_platformer"":""games/pyxel/10_platformer.py""}","{""pyxel_bubbles"":""54c101e90bdaed839ac4c4284494530d5df37a5819a35f1e41eebb0b3da5d900"",""pyxel_platformer"":""1b2c75b49dc9ab0254fb4b724682a4787868814a38d2f08920720dc5b6007ac5""}",63d615aee2e20d90fc61c656b3209cfa1ec2bce12930b183755fd39d7ab0f5f9
2,510,formal-v1__profile__pyxel_shooter__gpu_memory__p000__r02,formal-v1,profile,not_applicable,pressure_profile,"[""pyxel_shooter""]",pyxel_shooter,[],,,gpu_memory,0,0,2,17779542132107976417,10,30,1,10,windows-rtx4060,0,0,grid_2x2,true,80,97d038c3fba55e8663b4a244a72f2c6af5e355cf1641eb229b1e93540dede9b9,5ed80cf2bad8dd330eb4d739a19a5dced2b18149,data/raw/safety-v2-s30/formal-v1/formal-v1__profile__pyxel_shooter__gpu_memory__p000__r02,"{""pyxel_shooter"":""games/pyxel/09_shooter.py""}","{""pyxel_shooter"":""0f53e4156907eac41080a8f289e22c89365b3239517c754cf59a51af201d5563""}",22c9552b73683672d8eae89393ec6df01e5d8e428aeb07358b4ff180a72c9dfc
2,511,formal-v1__solo__pyxel_jump__r01,formal-v1,solo,not_applicable,solo,"[""pyxel_jump""]",pyxel_jump,[],,,,,,1,4388592058020453810,10,30,1,10,windows-rtx4060,0,0,grid_2x2,true,80,97d038c3fba55e8663b4a244a72f2c6af5e355cf1641eb229b1e93540dede9b9,5ed80cf2bad8dd330eb4d739a19a5dced2b18149,data/raw/safety-v2-s30/formal-v1/formal-v1__solo__pyxel_jump__r01,"{""pyxel_jump"":""games/pyxel/02_jump_game.py""}","{""pyxel_jump"":""4743a825f1c9cae7e049ac52115f4ecf83350db546c00745a54af187d7bc2e46""}",8b57c3134be47b9a433aa8347e53aa5172d205f5bbc0ef30e90ae2bb124e5e4e
2,512,formal-v1__profile__pyxel_jump__memory_bandwidth__p075__r01,formal-v1,profile,not_applicable,pressure_profile,"[""pyxel_jump""]",pyxel_jump,[],,,memory_bandwidth,0.75,0.75,1,9999797276740716982,10,30,1,10,windows-rtx4060,0,0,grid_2x2,true,80,97d038c3fba55e8663b4a244a72f2c6af5e355cf1641eb229b1e93540dede9b9,5ed80cf2bad8dd330eb4d739a19a5dced2b18149,data/raw/safety-v2-s30/formal-v1/formal-v1__profile__pyxel_jump__memory_bandwidth__p075__r01,"{""pyxel_jump"":""games/pyxel/02_jump_game.py""}","{""pyxel_jump"":""4743a825f1c9cae7e049ac52115f4ecf83350db546c00745a54af187d7bc2e46""}",25beaf28531532c225c3debb7653d188d47a28cc7a487b2471bebb5b2c5f5509
2,513,formal-v1__profile__pyxel_shooter__gpu_compute__p025__r02,formal-v1,profile,not_applicable,pressure_profile,"[""pyxel_shooter""]",pyxel_shooter,[],,,gpu_compute,0.25,0.0625,2,7563723685063049290,10,30,1,10,windows-rtx4060,0,0,grid_2x2,true,80,97d038c3fba55e8663b4a244a72f2c6af5e355cf1641eb229b1e93540dede9b9,5ed80cf2bad8dd330eb4d739a19a5dced2b18149,data/raw/safety-v2-s30/formal-v1/formal-v1__profile__pyxel_shooter__gpu_compute__p025__r02,"{""pyxel_shooter"":""games/pyxel/09_shooter.py""}","{""pyxel_shooter"":""0f53e4156907eac41080a8f289e22c89365b3239517c754cf59a51af201d5563""}",4460bd18e28319d19c4d9b238f37781032dbb1db0e6260b3dffcc4768d9ff82b
2,514,formal-v1__profile__space_rescue__memory_bandwidth__p075__r01,formal-v1,profile,not_applicable,pressure_profile,"[""space_rescue""]",space_rescue,[],,,memory_bandwidth,0.75,0.75,1,6325774252725646534,10,30,1,10,windows-rtx4060,0,0,grid_2x2,true,80,97d038c3fba55e8663b4a244a72f2c6af5e355cf1641eb229b1e93540dede9b9,5ed80cf2bad8dd330eb4d739a19a5dced2b18149,data/raw/safety-v2-s30/formal-v1/formal-v1__profile__space_rescue__memory_bandwidth__p075__r01,"{""space_rescue"":""games/pyxel/apps-src/space_rescue/space_rescue.py""}","{""space_rescue"":""f3b0ab6784ae558e64f06a3f0a704e53f107a130aa3d43357659d0850131e461""}",7de7abb805f3316830c52c0fdd4562405c0edc955028eee284520120c4b33db1
2,515,formal-v1__profile__mega_wing__memory_bandwidth__p025__r03,formal-v1,profile,not_applicable,pressure_profile,"[""mega_wing""]",mega_wing,[],,,memory_bandwidth,0.25,0.25,3,4493031736206093015,10,30,1,10,windows-rtx4060,0,0,grid_2x2,true,80,97d038c3fba55e8663b4a244a72f2c6af5e355cf1641eb229b1e93540dede9b9,5ed80cf2bad8dd330eb4d739a19a5dced2b18149,data/raw/safety-v2-s30/formal-v1/formal-v1__profile__mega_wing__memory_bandwidth__p025__r03,"{""mega_wing"":""games/pyxel/apps-src/mega_wing/mega_wing.py""}","{""mega_wing"":""86bad6c02a303806c58137503739241dc6b1e86695f7c0dbf672b5e1a1464e9f""}",a217cc294af3e7f5ab7dfbfe18a00ff72c64a8b307f97426a73a0d25690947a4
2,516,formal-v1__extra__daylight+mega_wing+pyxel_platformer+space_rescue__r01,formal-v1,colocation-extra-test,extra_test,extra_test,"[""daylight"",""mega_wing"",""pyxel_platformer"",""space_rescue""]",daylight,"[""mega_wing"",""pyxel_platformer"",""space_rescue""]",daylight+mega_wing+pyxel_platformer+space_rescue,daylight+mega_wing+pyxel_platformer+space_rescue__r01,,,,1,4170152349691884193,10,30,1,10,windows-rtx4060,0,0,grid_2x2,true,80,97d038c3fba55e8663b4a244a72f2c6af5e355cf1641eb229b1e93540dede9b9,5ed80cf2bad8dd330eb4d739a19a5dced2b18149,data/raw/safety-v2-s30/formal-v1/formal-v1__extra__daylight+mega_wing+pyxel_platformer+space_rescue__r01,"{""daylight"":""games/pyxel/apps-src/30SecondsOfDaylight/src/main.py"",""mega_wing"":""games/pyxel/apps-src/mega_wing/mega_wing.py"",""pyxel_platformer"":""games/pyxel/10_platformer.py"",""space_rescue"":""games/pyxel/apps-src/space_rescue/space_rescue.py""}","{""daylight"":""21a365375249e9d7ea05e78dcfe040f09cc1f0c66bd410bae084190c743a028f"",""mega_wing"":""86bad6c02a303806c58137503739241dc6b1e86695f7c0dbf672b5e1a1464e9f"",""pyxel_platformer"":""1b2c75b49dc9ab0254fb4b724682a4787868814a38d2f08920720dc5b6007ac5"",""space_rescue"":""f3b0ab6784ae558e64f06a3f0a704e53f107a130aa3d43357659d0850131e461""}",29eb7adc09c99a5edccaafc167cb4c4cfa9ec5c76b4f9add989d2e8da658bad2
2,517,formal-v1__colocation__pyxel_jump+pyxel_shooter+space_rescue__r02,formal-v1,colocation-main,validation,colocation,"[""pyxel_jump"",""pyxel_shooter"",""space_rescue""]",pyxel_jump,"[""pyxel_shooter"",""space_rescue""]",pyxel_jump+pyxel_shooter+space_rescue,pyxel_jump+pyxel_shooter+space_rescue__r02,,,,2,6800746612884511209,10,30,1,10,windows-rtx4060,0,0,grid_2x2,true,80,97d038c3fba55e8663b4a244a72f2c6af5e355cf1641eb229b1e93540dede9b9,5ed80cf2bad8dd330eb4d739a19a5dced2b18149,data/raw/safety-v2-s30/formal-v1/formal-v1__colocation__pyxel_jump+pyxel_shooter+space_rescue__r02,"{""pyxel_jump"":""games/pyxel/02_jump_game.py"",""pyxel_shooter"":""games/pyxel/09_shooter.py"",""space_rescue"":""games/pyxel/apps-src/space_rescue/space_rescue.py""}","{""pyxel_jump"":""4743a825f1c9cae7e049ac52115f4ecf83350db546c00745a54af187d7bc2e46"",""pyxel_shooter"":""0f53e4156907eac41080a8f289e22c89365b3239517c754cf59a51af201d5563"",""space_rescue"":""f3b0ab6784ae558e64f06a3f0a704e53f107a130aa3d43357659d0850131e461""}",ca4c025aa7eb748f498380c31fcf3231981ab344f5b937136735aee25de8cafe
2,518,formal-v1__colocation__daylight+pyxel_platformer__r01,formal-v1,colocation-main,validation,colocation,"[""daylight"",""pyxel_platformer""]",daylight,"[""pyxel_platformer""]",daylight+pyxel_platformer,daylight+pyxel_platformer__r01,,,,1,17667804392849421537,10,30,1,10,windows-rtx4060,0,0,grid_2x2,true,80,97d038c3fba55e8663b4a244a72f2c6af5e355cf1641eb229b1e93540dede9b9,5ed80cf2bad8dd330eb4d739a19a5dced2b18149,data/raw/safety-v2-s30/formal-v1/formal-v1__colocation__daylight+pyxel_platformer__r01,"{""daylight"":""games/pyxel/apps-src/30SecondsOfDaylight/src/main.py"",""pyxel_platformer"":""games/pyxel/10_platformer.py""}","{""daylight"":""21a365375249e9d7ea05e78dcfe040f09cc1f0c66bd410bae084190c743a028f"",""pyxel_platformer"":""1b2c75b49dc9ab0254fb4b724682a4787868814a38d2f08920720dc5b6007ac5""}",34e2183a225dcf257d97665dcecb0a98244cc5b9d16546850de9400b56e90b66
2,519,formal-v1__colocation__mega_wing+pyxel_bubbles+pyxel_snake__r03,formal-v1,colocation-main,train,colocation,"[""mega_wing"",""pyxel_bubbles"",""pyxel_snake""]",mega_wing,"[""pyxel_bubbles"",""pyxel_snake""]",mega_wing+pyxel_bubbles+pyxel_snake,mega_wing+pyxel_bubbles+pyxel_snake__r03,,,,3,3563337720581285518,10,30,1,10,windows-rtx4060,0,0,grid_2x2,true,80,97d038c3fba55e8663b4a244a72f2c6af5e355cf1641eb229b1e93540dede9b9,5ed80cf2bad8dd330eb4d739a19a5dced2b18149,data/raw/safety-v2-s30/formal-v1/formal-v1__colocation__mega_wing+pyxel_bubbles+pyxel_snake__r03,"{""mega_wing"":""games/pyxel/apps-src/mega_wing/mega_wing.py"",""pyxel_bubbles"":""games/pyxel/06_click_game.py"",""pyxel_snake"":""games/pyxel/07_snake.py""}","{""mega_wing"":""86bad6c02a303806c58137503739241dc6b1e86695f7c0dbf672b5e1a1464e9f"",""pyxel_bubbles"":""54c101e90bdaed839ac4c4284494530d5df37a5819a35f1e41eebb0b3da5d900"",""pyxel_snake"":""bc533fef92d1d358e570f69d979919fe5c1cd8c4da49841104b49a1e661a5ac3""}",93756ee1f4b121510b0be873480f2cc607882fca5fd0fc2a4a26a4b2cd25ba1f
2,520,formal-v1__solo__pyxel_shooter__r03,formal-v1,solo,not_applicable,solo,"[""pyxel_shooter""]",pyxel_shooter,[],,,,,,3,3475367116711643472,10,30,1,10,windows-rtx4060,0,0,grid_2x2,true,80,97d038c3fba55e8663b4a244a72f2c6af5e355cf1641eb229b1e93540dede9b9,5ed80cf2bad8dd330eb4d739a19a5dced2b18149,data/raw/safety-v2-s30/formal-v1/formal-v1__solo__pyxel_shooter__r03,"{""pyxel_shooter"":""games/pyxel/09_shooter.py""}","{""pyxel_shooter"":""0f53e4156907eac41080a8f289e22c89365b3239517c754cf59a51af201d5563""}",db64d9de8e98a834f1ec5123d65078a54f7ab0d8ef7a9d845d2f616ca1ddc9b2
2,521,formal-v1__profile__pyxel_snake__gpu_compute__p000__r01,formal-v1,profile,not_applicable,pressure_profile,"[""pyxel_snake""]",pyxel_snake,[],,,gpu_compute,0,0,1,10015047143030256139,10,30,1,10,windows-rtx4060,0,0,grid_2x2,true,80,97d038c3fba55e8663b4a244a72f2c6af5e355cf1641eb229b1e93540dede9b9,5ed80cf2bad8dd330eb4d739a19a5dced2b18149,data/raw/safety-v2-s30/formal-v1/formal-v1__profile__pyxel_snake__gpu_compute__p000__r01,"{""pyxel_snake"":""games/pyxel/07_snake.py""}","{""pyxel_snake"":""bc533fef92d1d358e570f69d979919fe5c1cd8c4da49841104b49a1e661a5ac3""}",199dd47f2b95cce5dff6621d884588b09cec2939bb19907a9c3f6da3cd921e8d
2,522,formal-v1__profile__pyxel_jump__memory_bandwidth__p000__r03,formal-v1,profile,not_applicable,pressure_profile,"[""pyxel_jump""]",pyxel_jump,[],,,memory_bandwidth,0,0,3,664385054857864666,10,30,1,10,windows-rtx4060,0,0,grid_2x2,true,80,97d038c3fba55e8663b4a244a72f2c6af5e355cf1641eb229b1e93540dede9b9,5ed80cf2bad8dd330eb4d739a19a5dced2b18149,data/raw/safety-v2-s30/formal-v1/formal-v1__profile__pyxel_jump__memory_bandwidth__p000__r03,"{""pyxel_jump"":""games/pyxel/02_jump_game.py""}","{""pyxel_jump"":""4743a825f1c9cae7e049ac52115f4ecf83350db546c00745a54af187d7bc2e46""}",9082ff4a92c2e86ce7684ac9c7d6dd55f8515d7c0520fbf91435ca394cd1d14a
2,523,formal-v1__profile__pyxel_bubbles__memory_bandwidth__p025__r02,formal-v1,profile,not_applicable,pressure_profile,"[""pyxel_bubbles""]",pyxel_bubbles,[],,,memory_bandwidth,0.25,0.25,2,18130034200163002499,10,30,1,10,windows-rtx4060,0,0,grid_2x2,true,80,97d038c3fba55e8663b4a244a72f2c6af5e355cf1641eb229b1e93540dede9b9,5ed80cf2bad8dd330eb4d739a19a5dced2b18149,data/raw/safety-v2-s30/formal-v1/formal-v1__profile__pyxel_bubbles__memory_bandwidth__p025__r02,"{""pyxel_bubbles"":""games/pyxel/06_click_game.py""}","{""pyxel_bubbles"":""54c101e90bdaed839ac4c4284494530d5df37a5819a35f1e41eebb0b3da5d900""}",b43171f20ade24b5a5b5d8ea0d59f82e9765664e147562be4ccf764fcde7a3ab
2,524,formal-v1__colocation__daylight+pyxel_platformer+pyxel_snake__r03,formal-v1,colocation-main,validation,colocation,"[""daylight"",""pyxel_platformer"",""pyxel_snake""]",daylight,"[""pyxel_platformer"",""pyxel_snake""]",daylight+pyxel_platformer+pyxel_snake,daylight+pyxel_platformer+pyxel_snake__r03,,,,3,7488304403953802738,10,30,1,10,windows-rtx4060,0,0,grid_2x2,true,80,97d038c3fba55e8663b4a244a72f2c6af5e355cf1641eb229b1e93540dede9b9,5ed80cf2bad8dd330eb4d739a19a5dced2b18149,data/raw/safety-v2-s30/formal-v1/formal-v1__colocation__daylight+pyxel_platformer+pyxel_snake__r03,"{""daylight"":""games/pyxel/apps-src/30SecondsOfDaylight/src/main.py"",""pyxel_platformer"":""games/pyxel/10_platformer.py"",""pyxel_snake"":""games/pyxel/07_snake.py""}","{""daylight"":""21a365375249e9d7ea05e78dcfe040f09cc1f0c66bd410bae084190c743a028f"",""pyxel_platformer"":""1b2c75b49dc9ab0254fb4b724682a4787868814a38d2f08920720dc5b6007ac5"",""pyxel_snake"":""bc533fef92d1d358e570f69d979919fe5c1cd8c4da49841104b49a1e661a5ac3""}",16d22df2c2cc565ca23c4dc8e6eb2dd31b1accabe6b7b615033e0c8d1e5d1ee0
2,525,formal-v1__solo__pyxel_shooter__r02,formal-v1,solo,not_applicable,solo,"[""pyxel_shooter""]",pyxel_shooter,[],,,,,,2,377228495676953109,10,30,1,10,windows-rtx4060,0,0,grid_2x2,true,80,97d038c3fba55e8663b4a244a72f2c6af5e355cf1641eb229b1e93540dede9b9,5ed80cf2bad8dd330eb4d739a19a5dced2b18149,data/raw/safety-v2-s30/formal-v1/formal-v1__solo__pyxel_shooter__r02,"{""pyxel_shooter"":""games/pyxel/09_shooter.py""}","{""pyxel_shooter"":""0f53e4156907eac41080a8f289e22c89365b3239517c754cf59a51af201d5563""}",22e57a223b65512d6bf006c56d5968cae75b1ab6fdd691cbb3d37ce2bf3702cd
2,526,formal-v1__profile__mega_wing__gpu_memory__p075__r03,formal-v1,profile,not_applicable,pressure_profile,"[""mega_wing""]",mega_wing,[],,,gpu_memory,0.75,0.75,3,11606045646025760197,10,30,1,10,windows-rtx4060,0,0,grid_2x2,true,80,97d038c3fba55e8663b4a244a72f2c6af5e355cf1641eb229b1e93540dede9b9,5ed80cf2bad8dd330eb4d739a19a5dced2b18149,data/raw/safety-v2-s30/formal-v1/formal-v1__profile__mega_wing__gpu_memory__p075__r03,"{""mega_wing"":""games/pyxel/apps-src/mega_wing/mega_wing.py""}","{""mega_wing"":""86bad6c02a303806c58137503739241dc6b1e86695f7c0dbf672b5e1a1464e9f""}",8db7ae0976445da15eda9ff0911d740dba5b4b4baaa0ac5c090f1fcd0175bedd
2,527,formal-v1__profile__mega_wing__gpu_memory__p100__r03,formal-v1,profile,not_applicable,pressure_profile,"[""mega_wing""]",mega_wing,[],,,gpu_memory,1,1,3,9739149393046620933,10,30,1,10,windows-rtx4060,0,0,grid_2x2,true,80,97d038c3fba55e8663b4a244a72f2c6af5e355cf1641eb229b1e93540dede9b9,5ed80cf2bad8dd330eb4d739a19a5dced2b18149,data/raw/safety-v2-s30/formal-v1/formal-v1__profile__mega_wing__gpu_memory__p100__r03,"{""mega_wing"":""games/pyxel/apps-src/mega_wing/mega_wing.py""}","{""mega_wing"":""86bad6c02a303806c58137503739241dc6b1e86695f7c0dbf672b5e1a1464e9f""}",9b4551c0192ce44f8fda52d209089660c766da9675024ccfad1b0fe13d5ba97d
2,528,formal-v1__colocation__daylight+pyxel_bubbles+pyxel_jump__r02,formal-v1,colocation-main,test,colocation,"[""daylight"",""pyxel_bubbles"",""pyxel_jump""]",daylight,"[""pyxel_bubbles"",""pyxel_jump""]",daylight+pyxel_bubbles+pyxel_jump,daylight+pyxel_bubbles+pyxel_jump__r02,,,,2,6972834449024229760,10,30,1,10,windows-rtx4060,0,0,grid_2x2,true,80,97d038c3fba55e8663b4a244a72f2c6af5e355cf1641eb229b1e93540dede9b9,5ed80cf2bad8dd330eb4d739a19a5dced2b18149,data/raw/safety-v2-s30/formal-v1/formal-v1__colocation__daylight+pyxel_bubbles+pyxel_jump__r02,"{""daylight"":""games/pyxel/apps-src/30SecondsOfDaylight/src/main.py"",""pyxel_bubbles"":""games/pyxel/06_click_game.py"",""pyxel_jump"":""games/pyxel/02_jump_game.py""}","{""daylight"":""21a365375249e9d7ea05e78dcfe040f09cc1f0c66bd410bae084190c743a028f"",""pyxel_bubbles"":""54c101e90bdaed839ac4c4284494530d5df37a5819a35f1e41eebb0b3da5d900"",""pyxel_jump"":""4743a825f1c9cae7e049ac52115f4ecf83350db546c00745a54af187d7bc2e46""}",a4df028b393a90dcc820da54ac6d586fc601a44c05dd6dfded09c76ad5e9b2f6
2,529,formal-v1__profile__pyxel_shooter__gpu_memory__p100__r03,formal-v1,profile,not_applicable,pressure_profile,"[""pyxel_shooter""]",pyxel_shooter,[],,,gpu_memory,1,1,3,2307305634741722798,10,30,1,10,windows-rtx4060,0,0,grid_2x2,true,80,97d038c3fba55e8663b4a244a72f2c6af5e355cf1641eb229b1e93540dede9b9,5ed80cf2bad8dd330eb4d739a19a5dced2b18149,data/raw/safety-v2-s30/formal-v1/formal-v1__profile__pyxel_shooter__gpu_memory__p100__r03,"{""pyxel_shooter"":""games/pyxel/09_shooter.py""}","{""pyxel_shooter"":""0f53e4156907eac41080a8f289e22c89365b3239517c754cf59a51af201d5563""}",2d774160e79841113135954bffa68e5b11a376706cc248e3f323b376955c09ae
2,530,formal-v1__profile__pyxel_jump__memory_bandwidth__p050__r02,formal-v1,profile,not_applicable,pressure_profile,"[""pyxel_jump""]",pyxel_jump,[],,,memory_bandwidth,0.5,0.5,2,15404233764431571980,10,30,1,10,windows-rtx4060,0,0,grid_2x2,true,80,97d038c3fba55e8663b4a244a72f2c6af5e355cf1641eb229b1e93540dede9b9,5ed80cf2bad8dd330eb4d739a19a5dced2b18149,data/raw/safety-v2-s30/formal-v1/formal-v1__profile__pyxel_jump__memory_bandwidth__p050__r02,"{""pyxel_jump"":""games/pyxel/02_jump_game.py""}","{""pyxel_jump"":""4743a825f1c9cae7e049ac52115f4ecf83350db546c00745a54af187d7bc2e46""}",cb9b957b8e429cf2b66db2aa2bea8282cd3a8a9289c1193cab4c0a9bef9f01e8
2,531,formal-v1__colocation__daylight+pyxel_platformer+pyxel_shooter__r02,formal-v1,colocation-main,validation,colocation,"[""daylight"",""pyxel_platformer"",""pyxel_shooter""]",daylight,"[""pyxel_platformer"",""pyxel_shooter""]",daylight+pyxel_platformer+pyxel_shooter,daylight+pyxel_platformer+pyxel_shooter__r02,,,,2,10176949720502414486,10,30,1,10,windows-rtx4060,0,0,grid_2x2,true,80,97d038c3fba55e8663b4a244a72f2c6af5e355cf1641eb229b1e93540dede9b9,5ed80cf2bad8dd330eb4d739a19a5dced2b18149,data/raw/safety-v2-s30/formal-v1/formal-v1__colocation__daylight+pyxel_platformer+pyxel_shooter__r02,"{""daylight"":""games/pyxel/apps-src/30SecondsOfDaylight/src/main.py"",""pyxel_platformer"":""games/pyxel/10_platformer.py"",""pyxel_shooter"":""games/pyxel/09_shooter.py""}","{""daylight"":""21a365375249e9d7ea05e78dcfe040f09cc1f0c66bd410bae084190c743a028f"",""pyxel_platformer"":""1b2c75b49dc9ab0254fb4b724682a4787868814a38d2f08920720dc5b6007ac5"",""pyxel_shooter"":""0f53e4156907eac41080a8f289e22c89365b3239517c754cf59a51af201d5563""}",7539dfa125b05f00befbc96fe95a39dd964439541f45289b2ea72493930319ac
2,532,formal-v1__colocation__pyxel_platformer+pyxel_snake__r03,formal-v1,colocation-main,test,colocation,"[""pyxel_platformer"",""pyxel_snake""]",pyxel_platformer,"[""pyxel_snake""]",pyxel_platformer+pyxel_snake,pyxel_platformer+pyxel_snake__r03,,,,3,17859305433267736836,10,30,1,10,windows-rtx4060,0,0,grid_2x2,true,80,97d038c3fba55e8663b4a244a72f2c6af5e355cf1641eb229b1e93540dede9b9,5ed80cf2bad8dd330eb4d739a19a5dced2b18149,data/raw/safety-v2-s30/formal-v1/formal-v1__colocation__pyxel_platformer+pyxel_snake__r03,"{""pyxel_platformer"":""games/pyxel/10_platformer.py"",""pyxel_snake"":""games/pyxel/07_snake.py""}","{""pyxel_platformer"":""1b2c75b49dc9ab0254fb4b724682a4787868814a38d2f08920720dc5b6007ac5"",""pyxel_snake"":""bc533fef92d1d358e570f69d979919fe5c1cd8c4da49841104b49a1e661a5ac3""}",46cc43b7fb157c2aab354ff82d54394265033bcce00afc92fd4262f491c2f93c
2,533,formal-v1__profile__pyxel_snake__gpu_memory__p050__r03,formal-v1,profile,not_applicable,pressure_profile,"[""pyxel_snake""]",pyxel_snake,[],,,gpu_memory,0.5,0.5,3,12136616595404214044,10,30,1,10,windows-rtx4060,0,0,grid_2x2,true,80,97d038c3fba55e8663b4a244a72f2c6af5e355cf1641eb229b1e93540dede9b9,5ed80cf2bad8dd330eb4d739a19a5dced2b18149,data/raw/safety-v2-s30/formal-v1/formal-v1__profile__pyxel_snake__gpu_memory__p050__r03,"{""pyxel_snake"":""games/pyxel/07_snake.py""}","{""pyxel_snake"":""bc533fef92d1d358e570f69d979919fe5c1cd8c4da49841104b49a1e661a5ac3""}",c348af7f9ba1fd29a5292ce7cba430acff785c281ca07864c5448c446c55afdd
2,534,formal-v1__profile__pyxel_bubbles__memory_bandwidth__p100__r03,formal-v1,profile,not_applicable,pressure_profile,"[""pyxel_bubbles""]",pyxel_bubbles,[],,,memory_bandwidth,1,1,3,5543711080399385332,10,30,1,10,windows-rtx4060,0,0,grid_2x2,true,80,97d038c3fba55e8663b4a244a72f2c6af5e355cf1641eb229b1e93540dede9b9,5ed80cf2bad8dd330eb4d739a19a5dced2b18149,data/raw/safety-v2-s30/formal-v1/formal-v1__profile__pyxel_bubbles__memory_bandwidth__p100__r03,"{""pyxel_bubbles"":""games/pyxel/06_click_game.py""}","{""pyxel_bubbles"":""54c101e90bdaed839ac4c4284494530d5df37a5819a35f1e41eebb0b3da5d900""}",0949bd78f336a9be7000a24ff01aca3b9b241d57212a7ab6a53abab01994e58c
2,535,formal-v1__colocation__pyxel_bubbles+pyxel_snake+space_rescue__r03,formal-v1,colocation-main,train,colocation,"[""pyxel_bubbles"",""pyxel_snake"",""space_rescue""]",pyxel_bubbles,"[""pyxel_snake"",""space_rescue""]",pyxel_bubbles+pyxel_snake+space_rescue,pyxel_bubbles+pyxel_snake+space_rescue__r03,,,,3,17740235794491381031,10,30,1,10,windows-rtx4060,0,0,grid_2x2,true,80,97d038c3fba55e8663b4a244a72f2c6af5e355cf1641eb229b1e93540dede9b9,5ed80cf2bad8dd330eb4d739a19a5dced2b18149,data/raw/safety-v2-s30/formal-v1/formal-v1__colocation__pyxel_bubbles+pyxel_snake+space_rescue__r03,"{""pyxel_bubbles"":""games/pyxel/06_click_game.py"",""pyxel_snake"":""games/pyxel/07_snake.py"",""space_rescue"":""games/pyxel/apps-src/space_rescue/space_rescue.py""}","{""pyxel_bubbles"":""54c101e90bdaed839ac4c4284494530d5df37a5819a35f1e41eebb0b3da5d900"",""pyxel_snake"":""bc533fef92d1d358e570f69d979919fe5c1cd8c4da49841104b49a1e661a5ac3"",""space_rescue"":""f3b0ab6784ae558e64f06a3f0a704e53f107a130aa3d43357659d0850131e461""}",750182bb7d80bb1e94e0eb83ba7b3c14db4d1b4c3963a4b7d5fc7f0e877de994
2,536,formal-v1__profile__pyxel_jump__gpu_compute__p100__r02,formal-v1,profile,not_applicable,pressure_profile,"[""pyxel_jump""]",pyxel_jump,[],,,gpu_compute,1,0.25,2,3696209096307883987,10,30,1,10,windows-rtx4060,0,0,grid_2x2,true,80,97d038c3fba55e8663b4a244a72f2c6af5e355cf1641eb229b1e93540dede9b9,5ed80cf2bad8dd330eb4d739a19a5dced2b18149,data/raw/safety-v2-s30/formal-v1/formal-v1__profile__pyxel_jump__gpu_compute__p100__r02,"{""pyxel_jump"":""games/pyxel/02_jump_game.py""}","{""pyxel_jump"":""4743a825f1c9cae7e049ac52115f4ecf83350db546c00745a54af187d7bc2e46""}",0ab5862c44ca3c215a5863737e6eb078367f47c975bb56ac3ef7c973a3670278
2,537,formal-v1__profile__pyxel_snake__gpu_compute__p075__r02,formal-v1,profile,not_applicable,pressure_profile,"[""pyxel_snake""]",pyxel_snake,[],,,gpu_compute,0.75,0.1875,2,1770827062198345931,10,30,1,10,windows-rtx4060,0,0,grid_2x2,true,80,97d038c3fba55e8663b4a244a72f2c6af5e355cf1641eb229b1e93540dede9b9,5ed80cf2bad8dd330eb4d739a19a5dced2b18149,data/raw/safety-v2-s30/formal-v1/formal-v1__profile__pyxel_snake__gpu_compute__p075__r02,"{""pyxel_snake"":""games/pyxel/07_snake.py""}","{""pyxel_snake"":""bc533fef92d1d358e570f69d979919fe5c1cd8c4da49841104b49a1e661a5ac3""}",a43c3c44d256b65b6c91de253c69e830011d8b98b334d665068d87c9d0131dc8
2,538,formal-v1__profile__pyxel_platformer__cpu_compute__p050__r01,formal-v1,profile,not_applicable,pressure_profile,"[""pyxel_platformer""]",pyxel_platformer,[],,,cpu_compute,0.5,0.5,1,4980882825522719436,10,30,1,10,windows-rtx4060,0,0,grid_2x2,true,80,97d038c3fba55e8663b4a244a72f2c6af5e355cf1641eb229b1e93540dede9b9,5ed80cf2bad8dd330eb4d739a19a5dced2b18149,data/raw/safety-v2-s30/formal-v1/formal-v1__profile__pyxel_platformer__cpu_compute__p050__r01,"{""pyxel_platformer"":""games/pyxel/10_platformer.py""}","{""pyxel_platformer"":""1b2c75b49dc9ab0254fb4b724682a4787868814a38d2f08920720dc5b6007ac5""}",15ac8e1f23893e6171a1b6f5af16ab6e2ae2cb87d8f201e84d26640244d678e7
2,539,formal-v1__profile__pyxel_jump__cpu_compute__p025__r01,formal-v1,profile,not_applicable,pressure_profile,"[""pyxel_jump""]",pyxel_jump,[],,,cpu_compute,0.25,0.25,1,15655265211970011289,10,30,1,10,windows-rtx4060,0,0,grid_2x2,true,80,97d038c3fba55e8663b4a244a72f2c6af5e355cf1641eb229b1e93540dede9b9,5ed80cf2bad8dd330eb4d739a19a5dced2b18149,data/raw/safety-v2-s30/formal-v1/formal-v1__profile__pyxel_jump__cpu_compute__p025__r01,"{""pyxel_jump"":""games/pyxel/02_jump_game.py""}","{""pyxel_jump"":""4743a825f1c9cae7e049ac52115f4ecf83350db546c00745a54af187d7bc2e46""}",a25fc1b81a65bca33cfcd8daf72a772de4f278c140592df7e95c65a9aacd47ea
2,540,formal-v1__profile__pyxel_shooter__cpu_compute__p100__r01,formal-v1,profile,not_applicable,pressure_profile,"[""pyxel_shooter""]",pyxel_shooter,[],,,cpu_compute,1,1,1,17436941125221761034,10,30,1,10,windows-rtx4060,0,0,grid_2x2,true,80,97d038c3fba55e8663b4a244a72f2c6af5e355cf1641eb229b1e93540dede9b9,5ed80cf2bad8dd330eb4d739a19a5dced2b18149,data/raw/safety-v2-s30/formal-v1/formal-v1__profile__pyxel_shooter__cpu_compute__p100__r01,"{""pyxel_shooter"":""games/pyxel/09_shooter.py""}","{""pyxel_shooter"":""0f53e4156907eac41080a8f289e22c89365b3239517c754cf59a51af201d5563""}",273d4232c57d074f53f00a62e4c5553a208985b775eed139a457bf3695eafbc1
2,541,formal-v1__colocation__pyxel_bubbles+pyxel_shooter+pyxel_snake__r01,formal-v1,colocation-main,train,colocation,"[""pyxel_bubbles"",""pyxel_shooter"",""pyxel_snake""]",pyxel_bubbles,"[""pyxel_shooter"",""pyxel_snake""]",pyxel_bubbles+pyxel_shooter+pyxel_snake,pyxel_bubbles+pyxel_shooter+pyxel_snake__r01,,,,1,1737315477552542881,10,30,1,10,windows-rtx4060,0,0,grid_2x2,true,80,97d038c3fba55e8663b4a244a72f2c6af5e355cf1641eb229b1e93540dede9b9,5ed80cf2bad8dd330eb4d739a19a5dced2b18149,data/raw/safety-v2-s30/formal-v1/formal-v1__colocation__pyxel_bubbles+pyxel_shooter+pyxel_snake__r01,"{""pyxel_bubbles"":""games/pyxel/06_click_game.py"",""pyxel_shooter"":""games/pyxel/09_shooter.py"",""pyxel_snake"":""games/pyxel/07_snake.py""}","{""pyxel_bubbles"":""54c101e90bdaed839ac4c4284494530d5df37a5819a35f1e41eebb0b3da5d900"",""pyxel_shooter"":""0f53e4156907eac41080a8f289e22c89365b3239517c754cf59a51af201d5563"",""pyxel_snake"":""bc533fef92d1d358e570f69d979919fe5c1cd8c4da49841104b49a1e661a5ac3""}",97efd06ca0feb42c429fbe105da8ab04a1ba40a3c6915cc3a328e1120227e686
2,542,formal-v1__colocation__mega_wing+pyxel_shooter__r02,formal-v1,colocation-main,train,colocation,"[""mega_wing"",""pyxel_shooter""]",mega_wing,"[""pyxel_shooter""]",mega_wing+pyxel_shooter,mega_wing+pyxel_shooter__r02,,,,2,2819729645822397115,10,30,1,10,windows-rtx4060,0,0,grid_2x2,true,80,97d038c3fba55e8663b4a244a72f2c6af5e355cf1641eb229b1e93540dede9b9,5ed80cf2bad8dd330eb4d739a19a5dced2b18149,data/raw/safety-v2-s30/formal-v1/formal-v1__colocation__mega_wing+pyxel_shooter__r02,"{""mega_wing"":""games/pyxel/apps-src/mega_wing/mega_wing.py"",""pyxel_shooter"":""games/pyxel/09_shooter.py""}","{""mega_wing"":""86bad6c02a303806c58137503739241dc6b1e86695f7c0dbf672b5e1a1464e9f"",""pyxel_shooter"":""0f53e4156907eac41080a8f289e22c89365b3239517c754cf59a51af201d5563""}",7cd0f830906c7e93fde9a462a1a08fbad27499b814a88c5e8255ab624d79802d
2,543,formal-v1__profile__pyxel_shooter__cpu_compute__p075__r03,formal-v1,profile,not_applicable,pressure_profile,"[""pyxel_shooter""]",pyxel_shooter,[],,,cpu_compute,0.75,0.75,3,13259531908387383939,10,30,1,10,windows-rtx4060,0,0,grid_2x2,true,80,97d038c3fba55e8663b4a244a72f2c6af5e355cf1641eb229b1e93540dede9b9,5ed80cf2bad8dd330eb4d739a19a5dced2b18149,data/raw/safety-v2-s30/formal-v1/formal-v1__profile__pyxel_shooter__cpu_compute__p075__r03,"{""pyxel_shooter"":""games/pyxel/09_shooter.py""}","{""pyxel_shooter"":""0f53e4156907eac41080a8f289e22c89365b3239517c754cf59a51af201d5563""}",66a1a95232cc50617c8077214d795b4d3ecb8bfa40b3c59fdf9144e2a1c7af0b
2,544,formal-v1__colocation__mega_wing+pyxel_platformer__r03,formal-v1,colocation-main,test,colocation,"[""mega_wing"",""pyxel_platformer""]",mega_wing,"[""pyxel_platformer""]",mega_wing+pyxel_platformer,mega_wing+pyxel_platformer__r03,,,,3,15449421436939081751,10,30,1,10,windows-rtx4060,0,0,grid_2x2,true,80,97d038c3fba55e8663b4a244a72f2c6af5e355cf1641eb229b1e93540dede9b9,5ed80cf2bad8dd330eb4d739a19a5dced2b18149,data/raw/safety-v2-s30/formal-v1/formal-v1__colocation__mega_wing+pyxel_platformer__r03,"{""mega_wing"":""games/pyxel/apps-src/mega_wing/mega_wing.py"",""pyxel_platformer"":""games/pyxel/10_platformer.py""}","{""mega_wing"":""86bad6c02a303806c58137503739241dc6b1e86695f7c0dbf672b5e1a1464e9f"",""pyxel_platformer"":""1b2c75b49dc9ab0254fb4b724682a4787868814a38d2f08920720dc5b6007ac5""}",6884cfabfb320bba8f6035f22610746ba2663602971bb2391f246982f623825f
2,545,formal-v1__colocation__daylight+mega_wing+pyxel_shooter__r02,formal-v1,colocation-main,validation,colocation,"[""daylight"",""mega_wing"",""pyxel_shooter""]",daylight,"[""mega_wing"",""pyxel_shooter""]",daylight+mega_wing+pyxel_shooter,daylight+mega_wing+pyxel_shooter__r02,,,,2,10879989153267615226,10,30,1,10,windows-rtx4060,0,0,grid_2x2,true,80,97d038c3fba55e8663b4a244a72f2c6af5e355cf1641eb229b1e93540dede9b9,5ed80cf2bad8dd330eb4d739a19a5dced2b18149,data/raw/safety-v2-s30/formal-v1/formal-v1__colocation__daylight+mega_wing+pyxel_shooter__r02,"{""daylight"":""games/pyxel/apps-src/30SecondsOfDaylight/src/main.py"",""mega_wing"":""games/pyxel/apps-src/mega_wing/mega_wing.py"",""pyxel_shooter"":""games/pyxel/09_shooter.py""}","{""daylight"":""21a365375249e9d7ea05e78dcfe040f09cc1f0c66bd410bae084190c743a028f"",""mega_wing"":""86bad6c02a303806c58137503739241dc6b1e86695f7c0dbf672b5e1a1464e9f"",""pyxel_shooter"":""0f53e4156907eac41080a8f289e22c89365b3239517c754cf59a51af201d5563""}",4a901b740f59bff1fec4bc1bb3f817c18bf4cff8f813681e06e5bc28307c8236
2,546,formal-v1__profile__space_rescue__gpu_memory__p050__r01,formal-v1,profile,not_applicable,pressure_profile,"[""space_rescue""]",space_rescue,[],,,gpu_memory,0.5,0.5,1,8264407182300005763,10,30,1,10,windows-rtx4060,0,0,grid_2x2,true,80,97d038c3fba55e8663b4a244a72f2c6af5e355cf1641eb229b1e93540dede9b9,5ed80cf2bad8dd330eb4d739a19a5dced2b18149,data/raw/safety-v2-s30/formal-v1/formal-v1__profile__space_rescue__gpu_memory__p050__r01,"{""space_rescue"":""games/pyxel/apps-src/space_rescue/space_rescue.py""}","{""space_rescue"":""f3b0ab6784ae558e64f06a3f0a704e53f107a130aa3d43357659d0850131e461""}",0def35694be137aba15045daf54faefa210b4b20a50468c4d1f235cc1756074d
2,547,formal-v1__profile__mega_wing__memory_bandwidth__p050__r03,formal-v1,profile,not_applicable,pressure_profile,"[""mega_wing""]",mega_wing,[],,,memory_bandwidth,0.5,0.5,3,4039119329878322077,10,30,1,10,windows-rtx4060,0,0,grid_2x2,true,80,97d038c3fba55e8663b4a244a72f2c6af5e355cf1641eb229b1e93540dede9b9,5ed80cf2bad8dd330eb4d739a19a5dced2b18149,data/raw/safety-v2-s30/formal-v1/formal-v1__profile__mega_wing__memory_bandwidth__p050__r03,"{""mega_wing"":""games/pyxel/apps-src/mega_wing/mega_wing.py""}","{""mega_wing"":""86bad6c02a303806c58137503739241dc6b1e86695f7c0dbf672b5e1a1464e9f""}",6112577d786bafff19d0256d48503d1b22bd23d4383742b7bca8c4ec9394c37e
2,548,formal-v1__profile__daylight__memory_bandwidth__p075__r01,formal-v1,profile,not_applicable,pressure_profile,"[""daylight""]",daylight,[],,,memory_bandwidth,0.75,0.75,1,7578833730381098499,10,30,1,10,windows-rtx4060,0,0,grid_2x2,true,80,97d038c3fba55e8663b4a244a72f2c6af5e355cf1641eb229b1e93540dede9b9,5ed80cf2bad8dd330eb4d739a19a5dced2b18149,data/raw/safety-v2-s30/formal-v1/formal-v1__profile__daylight__memory_bandwidth__p075__r01,"{""daylight"":""games/pyxel/apps-src/30SecondsOfDaylight/src/main.py""}","{""daylight"":""21a365375249e9d7ea05e78dcfe040f09cc1f0c66bd410bae084190c743a028f""}",cc67dc6a3e3390c5db797fd51fc415f810b858a44d9004e10bdebee7b541790a
2,549,formal-v1__profile__pyxel_platformer__gpu_compute__p100__r02,formal-v1,profile,not_applicable,pressure_profile,"[""pyxel_platformer""]",pyxel_platformer,[],,,gpu_compute,1,0.25,2,6491091566207865305,10,30,1,10,windows-rtx4060,0,0,grid_2x2,true,80,97d038c3fba55e8663b4a244a72f2c6af5e355cf1641eb229b1e93540dede9b9,5ed80cf2bad8dd330eb4d739a19a5dced2b18149,data/raw/safety-v2-s30/formal-v1/formal-v1__profile__pyxel_platformer__gpu_compute__p100__r02,"{""pyxel_platformer"":""games/pyxel/10_platformer.py""}","{""pyxel_platformer"":""1b2c75b49dc9ab0254fb4b724682a4787868814a38d2f08920720dc5b6007ac5""}",6c8ce99bd550ebe7b5623f43403dba7f1c6f24135d8021db43e5b45da03a3f26
2,550,formal-v1__colocation__daylight+pyxel_snake__r01,formal-v1,colocation-main,train,colocation,"[""daylight"",""pyxel_snake""]",daylight,"[""pyxel_snake""]",daylight+pyxel_snake,daylight+pyxel_snake__r01,,,,1,5250172929288085803,10,30,1,10,windows-rtx4060,0,0,grid_2x2,true,80,97d038c3fba55e8663b4a244a72f2c6af5e355cf1641eb229b1e93540dede9b9,5ed80cf2bad8dd330eb4d739a19a5dced2b18149,data/raw/safety-v2-s30/formal-v1/formal-v1__colocation__daylight+pyxel_snake__r01,"{""daylight"":""games/pyxel/apps-src/30SecondsOfDaylight/src/main.py"",""pyxel_snake"":""games/pyxel/07_snake.py""}","{""daylight"":""21a365375249e9d7ea05e78dcfe040f09cc1f0c66bd410bae084190c743a028f"",""pyxel_snake"":""bc533fef92d1d358e570f69d979919fe5c1cd8c4da49841104b49a1e661a5ac3""}",7f8b466aaf4d912a0d4a57b47d75922ee2fb2f4d1d0aadeea93317993cafed24
2,551,formal-v1__profile__pyxel_bubbles__memory_bandwidth__p100__r02,formal-v1,profile,not_applicable,pressure_profile,"[""pyxel_bubbles""]",pyxel_bubbles,[],,,memory_bandwidth,1,1,2,13219627485341510469,10,30,1,10,windows-rtx4060,0,0,grid_2x2,true,80,97d038c3fba55e8663b4a244a72f2c6af5e355cf1641eb229b1e93540dede9b9,5ed80cf2bad8dd330eb4d739a19a5dced2b18149,data/raw/safety-v2-s30/formal-v1/formal-v1__profile__pyxel_bubbles__memory_bandwidth__p100__r02,"{""pyxel_bubbles"":""games/pyxel/06_click_game.py""}","{""pyxel_bubbles"":""54c101e90bdaed839ac4c4284494530d5df37a5819a35f1e41eebb0b3da5d900""}",8a2a5a22940fcf05f351d83e07560a9adbf79c72f98ba407c8d0baf04092721d
2,552,formal-v1__profile__mega_wing__gpu_compute__p025__r03,formal-v1,profile,not_applicable,pressure_profile,"[""mega_wing""]",mega_wing,[],,,gpu_compute,0.25,0.0625,3,16919740360767898601,10,30,1,10,windows-rtx4060,0,0,grid_2x2,true,80,97d038c3fba55e8663b4a244a72f2c6af5e355cf1641eb229b1e93540dede9b9,5ed80cf2bad8dd330eb4d739a19a5dced2b18149,data/raw/safety-v2-s30/formal-v1/formal-v1__profile__mega_wing__gpu_compute__p025__r03,"{""mega_wing"":""games/pyxel/apps-src/mega_wing/mega_wing.py""}","{""mega_wing"":""86bad6c02a303806c58137503739241dc6b1e86695f7c0dbf672b5e1a1464e9f""}",1b05971e54d37d032a326b73b0997bfb864c4cd2c821ed4fa73b4000e8b386e1
2,553,formal-v1__profile__daylight__gpu_memory__p100__r01,formal-v1,profile,not_applicable,pressure_profile,"[""daylight""]",daylight,[],,,gpu_memory,1,1,1,2312560201869519983,10,30,1,10,windows-rtx4060,0,0,grid_2x2,true,80,97d038c3fba55e8663b4a244a72f2c6af5e355cf1641eb229b1e93540dede9b9,5ed80cf2bad8dd330eb4d739a19a5dced2b18149,data/raw/safety-v2-s30/formal-v1/formal-v1__profile__daylight__gpu_memory__p100__r01,"{""daylight"":""games/pyxel/apps-src/30SecondsOfDaylight/src/main.py""}","{""daylight"":""21a365375249e9d7ea05e78dcfe040f09cc1f0c66bd410bae084190c743a028f""}",dbfa67ef652df1c9710e7f389adedd72e7ce088da63670d554801c60d34c5646
2,554,formal-v1__colocation__pyxel_snake+space_rescue__r01,formal-v1,colocation-main,train,colocation,"[""pyxel_snake"",""space_rescue""]",pyxel_snake,"[""space_rescue""]",pyxel_snake+space_rescue,pyxel_snake+space_rescue__r01,,,,1,2397847521604434650,10,30,1,10,windows-rtx4060,0,0,grid_2x2,true,80,97d038c3fba55e8663b4a244a72f2c6af5e355cf1641eb229b1e93540dede9b9,5ed80cf2bad8dd330eb4d739a19a5dced2b18149,data/raw/safety-v2-s30/formal-v1/formal-v1__colocation__pyxel_snake+space_rescue__r01,"{""pyxel_snake"":""games/pyxel/07_snake.py"",""space_rescue"":""games/pyxel/apps-src/space_rescue/space_rescue.py""}","{""pyxel_snake"":""bc533fef92d1d358e570f69d979919fe5c1cd8c4da49841104b49a1e661a5ac3"",""space_rescue"":""f3b0ab6784ae558e64f06a3f0a704e53f107a130aa3d43357659d0850131e461""}",1f4d7b652e15696c564727fcd091a1a59a9f675b757ff2e465b4daa3d7ae7c69
2,555,formal-v1__profile__pyxel_bubbles__memory_bandwidth__p100__r01,formal-v1,profile,not_applicable,pressure_profile,"[""pyxel_bubbles""]",pyxel_bubbles,[],,,memory_bandwidth,1,1,1,11602898221305286257,10,30,1,10,windows-rtx4060,0,0,grid_2x2,true,80,97d038c3fba55e8663b4a244a72f2c6af5e355cf1641eb229b1e93540dede9b9,5ed80cf2bad8dd330eb4d739a19a5dced2b18149,data/raw/safety-v2-s30/formal-v1/formal-v1__profile__pyxel_bubbles__memory_bandwidth__p100__r01,"{""pyxel_bubbles"":""games/pyxel/06_click_game.py""}","{""pyxel_bubbles"":""54c101e90bdaed839ac4c4284494530d5df37a5819a35f1e41eebb0b3da5d900""}",d2abfeb7cbad997b2e922daf37417c7b8ecf4499126de667363bcdb1c3992e2d
2,556,formal-v1__extra__daylight+pyxel_platformer+pyxel_shooter+pyxel_snake__r03,formal-v1,colocation-extra-test,extra_test,extra_test,"[""daylight"",""pyxel_platformer"",""pyxel_shooter"",""pyxel_snake""]",daylight,"[""pyxel_platformer"",""pyxel_shooter"",""pyxel_snake""]",daylight+pyxel_platformer+pyxel_shooter+pyxel_snake,daylight+pyxel_platformer+pyxel_shooter+pyxel_snake__r03,,,,3,13328020676611241538,10,30,1,10,windows-rtx4060,0,0,grid_2x2,true,80,97d038c3fba55e8663b4a244a72f2c6af5e355cf1641eb229b1e93540dede9b9,5ed80cf2bad8dd330eb4d739a19a5dced2b18149,data/raw/safety-v2-s30/formal-v1/formal-v1__extra__daylight+pyxel_platformer+pyxel_shooter+pyxel_snake__r03,"{""daylight"":""games/pyxel/apps-src/30SecondsOfDaylight/src/main.py"",""pyxel_platformer"":""games/pyxel/10_platformer.py"",""pyxel_shooter"":""games/pyxel/09_shooter.py"",""pyxel_snake"":""games/pyxel/07_snake.py""}","{""daylight"":""21a365375249e9d7ea05e78dcfe040f09cc1f0c66bd410bae084190c743a028f"",""pyxel_platformer"":""1b2c75b49dc9ab0254fb4b724682a4787868814a38d2f08920720dc5b6007ac5"",""pyxel_shooter"":""0f53e4156907eac41080a8f289e22c89365b3239517c754cf59a51af201d5563"",""pyxel_snake"":""bc533fef92d1d358e570f69d979919fe5c1cd8c4da49841104b49a1e661a5ac3""}",0140b73d0e1d494713a869a28cb225d2a74fd4463cfbbf4b7deef7bcc3fe3b07
2,557,formal-v1__profile__daylight__gpu_compute__p025__r03,formal-v1,profile,not_applicable,pressure_profile,"[""daylight""]",daylight,[],,,gpu_compute,0.25,0.0625,3,749183187063128441,10,30,1,10,windows-rtx4060,0,0,grid_2x2,true,80,97d038c3fba55e8663b4a244a72f2c6af5e355cf1641eb229b1e93540dede9b9,5ed80cf2bad8dd330eb4d739a19a5dced2b18149,data/raw/safety-v2-s30/formal-v1/formal-v1__profile__daylight__gpu_compute__p025__r03,"{""daylight"":""games/pyxel/apps-src/30SecondsOfDaylight/src/main.py""}","{""daylight"":""21a365375249e9d7ea05e78dcfe040f09cc1f0c66bd410bae084190c743a028f""}",6fc7daf89206c3c36ff7146377f05ceaa0e7c0ceaffe4f610ae13d1f5d0611ce
2,558,formal-v1__profile__pyxel_platformer__memory_bandwidth__p025__r03,formal-v1,profile,not_applicable,pressure_profile,"[""pyxel_platformer""]",pyxel_platformer,[],,,memory_bandwidth,0.25,0.25,3,6407012450131811621,10,30,1,10,windows-rtx4060,0,0,grid_2x2,true,80,97d038c3fba55e8663b4a244a72f2c6af5e355cf1641eb229b1e93540dede9b9,5ed80cf2bad8dd330eb4d739a19a5dced2b18149,data/raw/safety-v2-s30/formal-v1/formal-v1__profile__pyxel_platformer__memory_bandwidth__p025__r03,"{""pyxel_platformer"":""games/pyxel/10_platformer.py""}","{""pyxel_platformer"":""1b2c75b49dc9ab0254fb4b724682a4787868814a38d2f08920720dc5b6007ac5""}",edc63d7525cd1bdc02cc6d075a755e5b73d8062492a5e5bac54d727e0c9f1bf2
2,559,formal-v1__profile__mega_wing__gpu_memory__p050__r03,formal-v1,profile,not_applicable,pressure_profile,"[""mega_wing""]",mega_wing,[],,,gpu_memory,0.5,0.5,3,10059944171346308046,10,30,1,10,windows-rtx4060,0,0,grid_2x2,true,80,97d038c3fba55e8663b4a244a72f2c6af5e355cf1641eb229b1e93540dede9b9,5ed80cf2bad8dd330eb4d739a19a5dced2b18149,data/raw/safety-v2-s30/formal-v1/formal-v1__profile__mega_wing__gpu_memory__p050__r03,"{""mega_wing"":""games/pyxel/apps-src/mega_wing/mega_wing.py""}","{""mega_wing"":""86bad6c02a303806c58137503739241dc6b1e86695f7c0dbf672b5e1a1464e9f""}",bd4a24c7a999a766611cb2b181c51d3833fb5a6bec60f9d92b9efcfff81d55da
2,560,formal-v1__profile__pyxel_jump__gpu_compute__p000__r01,formal-v1,profile,not_applicable,pressure_profile,"[""pyxel_jump""]",pyxel_jump,[],,,gpu_compute,0,0,1,16045919972083546316,10,30,1,10,windows-rtx4060,0,0,grid_2x2,true,80,97d038c3fba55e8663b4a244a72f2c6af5e355cf1641eb229b1e93540dede9b9,5ed80cf2bad8dd330eb4d739a19a5dced2b18149,data/raw/safety-v2-s30/formal-v1/formal-v1__profile__pyxel_jump__gpu_compute__p000__r01,"{""pyxel_jump"":""games/pyxel/02_jump_game.py""}","{""pyxel_jump"":""4743a825f1c9cae7e049ac52115f4ecf83350db546c00745a54af187d7bc2e46""}",6de334d9333871a8c578458510d19d2d1b10c827a78b087a5a38415c1388d1d8
2,561,formal-v1__solo__pyxel_bubbles__r02,formal-v1,solo,not_applicable,solo,"[""pyxel_bubbles""]",pyxel_bubbles,[],,,,,,2,9258445529914912663,10,30,1,10,windows-rtx4060,0,0,grid_2x2,true,80,97d038c3fba55e8663b4a244a72f2c6af5e355cf1641eb229b1e93540dede9b9,5ed80cf2bad8dd330eb4d739a19a5dced2b18149,data/raw/safety-v2-s30/formal-v1/formal-v1__solo__pyxel_bubbles__r02,"{""pyxel_bubbles"":""games/pyxel/06_click_game.py""}","{""pyxel_bubbles"":""54c101e90bdaed839ac4c4284494530d5df37a5819a35f1e41eebb0b3da5d900""}",b6aa70f504574f27997c2ec4f118a1386007169549086e8b2ba3c249e8ed9b4f
2,562,formal-v1__profile__daylight__cpu_compute__p100__r02,formal-v1,profile,not_applicable,pressure_profile,"[""daylight""]",daylight,[],,,cpu_compute,1,1,2,6244405580656151508,10,30,1,10,windows-rtx4060,0,0,grid_2x2,true,80,97d038c3fba55e8663b4a244a72f2c6af5e355cf1641eb229b1e93540dede9b9,5ed80cf2bad8dd330eb4d739a19a5dced2b18149,data/raw/safety-v2-s30/formal-v1/formal-v1__profile__daylight__cpu_compute__p100__r02,"{""daylight"":""games/pyxel/apps-src/30SecondsOfDaylight/src/main.py""}","{""daylight"":""21a365375249e9d7ea05e78dcfe040f09cc1f0c66bd410bae084190c743a028f""}",6ed304d7e22e6bb76b97ab7221b939f4b324179942a7f2ad10c13e40fb385cdf
2,563,formal-v1__profile__pyxel_bubbles__memory_bandwidth__p025__r03,formal-v1,profile,not_applicable,pressure_profile,"[""pyxel_bubbles""]",pyxel_bubbles,[],,,memory_bandwidth,0.25,0.25,3,9085066560137111869,10,30,1,10,windows-rtx4060,0,0,grid_2x2,true,80,97d038c3fba55e8663b4a244a72f2c6af5e355cf1641eb229b1e93540dede9b9,5ed80cf2bad8dd330eb4d739a19a5dced2b18149,data/raw/safety-v2-s30/formal-v1/formal-v1__profile__pyxel_bubbles__memory_bandwidth__p025__r03,"{""pyxel_bubbles"":""games/pyxel/06_click_game.py""}","{""pyxel_bubbles"":""54c101e90bdaed839ac4c4284494530d5df37a5819a35f1e41eebb0b3da5d900""}",fea30c250f9a9954badd2b25af7b771ba055b14426a33c7e2157aee81093fbec
2,564,formal-v1__profile__pyxel_bubbles__gpu_memory__p100__r03,formal-v1,profile,not_applicable,pressure_profile,"[""pyxel_bubbles""]",pyxel_bubbles,[],,,gpu_memory,1,1,3,17378968074676674643,10,30,1,10,windows-rtx4060,0,0,grid_2x2,true,80,97d038c3fba55e8663b4a244a72f2c6af5e355cf1641eb229b1e93540dede9b9,5ed80cf2bad8dd330eb4d739a19a5dced2b18149,data/raw/safety-v2-s30/formal-v1/formal-v1__profile__pyxel_bubbles__gpu_memory__p100__r03,"{""pyxel_bubbles"":""games/pyxel/06_click_game.py""}","{""pyxel_bubbles"":""54c101e90bdaed839ac4c4284494530d5df37a5819a35f1e41eebb0b3da5d900""}",3842b1df8c67d022f5fe7040fb7c27360edf32c4e247bc1f98080e02bade8b00
2,565,formal-v1__profile__mega_wing__cpu_compute__p025__r01,formal-v1,profile,not_applicable,pressure_profile,"[""mega_wing""]",mega_wing,[],,,cpu_compute,0.25,0.25,1,5506231698832259776,10,30,1,10,windows-rtx4060,0,0,grid_2x2,true,80,97d038c3fba55e8663b4a244a72f2c6af5e355cf1641eb229b1e93540dede9b9,5ed80cf2bad8dd330eb4d739a19a5dced2b18149,data/raw/safety-v2-s30/formal-v1/formal-v1__profile__mega_wing__cpu_compute__p025__r01,"{""mega_wing"":""games/pyxel/apps-src/mega_wing/mega_wing.py""}","{""mega_wing"":""86bad6c02a303806c58137503739241dc6b1e86695f7c0dbf672b5e1a1464e9f""}",fdc487dc370d2e1e7f493c9dc28a5152284f9d52d03286d8297b6820f39e71ee
2,566,formal-v1__colocation__pyxel_bubbles+pyxel_shooter__r01,formal-v1,colocation-main,train,colocation,"[""pyxel_bubbles"",""pyxel_shooter""]",pyxel_bubbles,"[""pyxel_shooter""]",pyxel_bubbles+pyxel_shooter,pyxel_bubbles+pyxel_shooter__r01,,,,1,18084132692930187695,10,30,1,10,windows-rtx4060,0,0,grid_2x2,true,80,97d038c3fba55e8663b4a244a72f2c6af5e355cf1641eb229b1e93540dede9b9,5ed80cf2bad8dd330eb4d739a19a5dced2b18149,data/raw/safety-v2-s30/formal-v1/formal-v1__colocation__pyxel_bubbles+pyxel_shooter__r01,"{""pyxel_bubbles"":""games/pyxel/06_click_game.py"",""pyxel_shooter"":""games/pyxel/09_shooter.py""}","{""pyxel_bubbles"":""54c101e90bdaed839ac4c4284494530d5df37a5819a35f1e41eebb0b3da5d900"",""pyxel_shooter"":""0f53e4156907eac41080a8f289e22c89365b3239517c754cf59a51af201d5563""}",fefb05dceafd485b78593fcab36c5c65602847037bc2e2e84532cb08a0d7bf04
2,567,formal-v1__profile__daylight__gpu_memory__p100__r03,formal-v1,profile,not_applicable,pressure_profile,"[""daylight""]",daylight,[],,,gpu_memory,1,1,3,5071430004035607435,10,30,1,10,windows-rtx4060,0,0,grid_2x2,true,80,97d038c3fba55e8663b4a244a72f2c6af5e355cf1641eb229b1e93540dede9b9,5ed80cf2bad8dd330eb4d739a19a5dced2b18149,data/raw/safety-v2-s30/formal-v1/formal-v1__profile__daylight__gpu_memory__p100__r03,"{""daylight"":""games/pyxel/apps-src/30SecondsOfDaylight/src/main.py""}","{""daylight"":""21a365375249e9d7ea05e78dcfe040f09cc1f0c66bd410bae084190c743a028f""}",0947a31befce89ae8d797a6df91042185a3906d5a1c85492a397176bd7aac4a4
2,568,formal-v1__colocation__mega_wing+pyxel_bubbles__r01,formal-v1,colocation-main,test,colocation,"[""mega_wing"",""pyxel_bubbles""]",mega_wing,"[""pyxel_bubbles""]",mega_wing+pyxel_bubbles,mega_wing+pyxel_bubbles__r01,,,,1,7664317210654164220,10,30,1,10,windows-rtx4060,0,0,grid_2x2,true,80,97d038c3fba55e8663b4a244a72f2c6af5e355cf1641eb229b1e93540dede9b9,5ed80cf2bad8dd330eb4d739a19a5dced2b18149,data/raw/safety-v2-s30/formal-v1/formal-v1__colocation__mega_wing+pyxel_bubbles__r01,"{""mega_wing"":""games/pyxel/apps-src/mega_wing/mega_wing.py"",""pyxel_bubbles"":""games/pyxel/06_click_game.py""}","{""mega_wing"":""86bad6c02a303806c58137503739241dc6b1e86695f7c0dbf672b5e1a1464e9f"",""pyxel_bubbles"":""54c101e90bdaed839ac4c4284494530d5df37a5819a35f1e41eebb0b3da5d900""}",0b98195a8541daffdc51033e36cf72fee620881b5ed631bfb29dd4e454566297
2,569,formal-v1__profile__pyxel_platformer__gpu_compute__p000__r01,formal-v1,profile,not_applicable,pressure_profile,"[""pyxel_platformer""]",pyxel_platformer,[],,,gpu_compute,0,0,1,18142963841686873740,10,30,1,10,windows-rtx4060,0,0,grid_2x2,true,80,97d038c3fba55e8663b4a244a72f2c6af5e355cf1641eb229b1e93540dede9b9,5ed80cf2bad8dd330eb4d739a19a5dced2b18149,data/raw/safety-v2-s30/formal-v1/formal-v1__profile__pyxel_platformer__gpu_compute__p000__r01,"{""pyxel_platformer"":""games/pyxel/10_platformer.py""}","{""pyxel_platformer"":""1b2c75b49dc9ab0254fb4b724682a4787868814a38d2f08920720dc5b6007ac5""}",2f53d180957165dbe934a097f5c5bf8535de2a217e641dacbb6c160aa8292126
2,570,formal-v1__profile__pyxel_platformer__memory_bandwidth__p000__r02,formal-v1,profile,not_applicable,pressure_profile,"[""pyxel_platformer""]",pyxel_platformer,[],,,memory_bandwidth,0,0,2,16020268150194630823,10,30,1,10,windows-rtx4060,0,0,grid_2x2,true,80,97d038c3fba55e8663b4a244a72f2c6af5e355cf1641eb229b1e93540dede9b9,5ed80cf2bad8dd330eb4d739a19a5dced2b18149,data/raw/safety-v2-s30/formal-v1/formal-v1__profile__pyxel_platformer__memory_bandwidth__p000__r02,"{""pyxel_platformer"":""games/pyxel/10_platformer.py""}","{""pyxel_platformer"":""1b2c75b49dc9ab0254fb4b724682a4787868814a38d2f08920720dc5b6007ac5""}",afdbb8259239ad7991d24be57c1a4ef810ccb7012bcad7882f60482f7387f967
2,571,formal-v1__profile__mega_wing__gpu_memory__p075__r01,formal-v1,profile,not_applicable,pressure_profile,"[""mega_wing""]",mega_wing,[],,,gpu_memory,0.75,0.75,1,4074804544823820589,10,30,1,10,windows-rtx4060,0,0,grid_2x2,true,80,97d038c3fba55e8663b4a244a72f2c6af5e355cf1641eb229b1e93540dede9b9,5ed80cf2bad8dd330eb4d739a19a5dced2b18149,data/raw/safety-v2-s30/formal-v1/formal-v1__profile__mega_wing__gpu_memory__p075__r01,"{""mega_wing"":""games/pyxel/apps-src/mega_wing/mega_wing.py""}","{""mega_wing"":""86bad6c02a303806c58137503739241dc6b1e86695f7c0dbf672b5e1a1464e9f""}",d616a52b7c442954a138a89edf2a59ab915ea7ad5f0ada30b83a9e4702e30247
2,572,formal-v1__profile__space_rescue__memory_bandwidth__p075__r02,formal-v1,profile,not_applicable,pressure_profile,"[""space_rescue""]",space_rescue,[],,,memory_bandwidth,0.75,0.75,2,4922494490902519664,10,30,1,10,windows-rtx4060,0,0,grid_2x2,true,80,97d038c3fba55e8663b4a244a72f2c6af5e355cf1641eb229b1e93540dede9b9,5ed80cf2bad8dd330eb4d739a19a5dced2b18149,data/raw/safety-v2-s30/formal-v1/formal-v1__profile__space_rescue__memory_bandwidth__p075__r02,"{""space_rescue"":""games/pyxel/apps-src/space_rescue/space_rescue.py""}","{""space_rescue"":""f3b0ab6784ae558e64f06a3f0a704e53f107a130aa3d43357659d0850131e461""}",ece07344c9bc1583218cfad17d5abf8db7a094e278e30fcb17f5220ba2434c7e
2,573,formal-v1__colocation__mega_wing+pyxel_bubbles+space_rescue__r02,formal-v1,colocation-main,train,colocation,"[""mega_wing"",""pyxel_bubbles"",""space_rescue""]",mega_wing,"[""pyxel_bubbles"",""space_rescue""]",mega_wing+pyxel_bubbles+space_rescue,mega_wing+pyxel_bubbles+space_rescue__r02,,,,2,12421338202025968334,10,30,1,10,windows-rtx4060,0,0,grid_2x2,true,80,97d038c3fba55e8663b4a244a72f2c6af5e355cf1641eb229b1e93540dede9b9,5ed80cf2bad8dd330eb4d739a19a5dced2b18149,data/raw/safety-v2-s30/formal-v1/formal-v1__colocation__mega_wing+pyxel_bubbles+space_rescue__r02,"{""mega_wing"":""games/pyxel/apps-src/mega_wing/mega_wing.py"",""pyxel_bubbles"":""games/pyxel/06_click_game.py"",""space_rescue"":""games/pyxel/apps-src/space_rescue/space_rescue.py""}","{""mega_wing"":""86bad6c02a303806c58137503739241dc6b1e86695f7c0dbf672b5e1a1464e9f"",""pyxel_bubbles"":""54c101e90bdaed839ac4c4284494530d5df37a5819a35f1e41eebb0b3da5d900"",""space_rescue"":""f3b0ab6784ae558e64f06a3f0a704e53f107a130aa3d43357659d0850131e461""}",9b7024c1ab16c5f239fbb62964179b7c71150242473693f0f1ea89ce814ad5de
2,574,formal-v1__profile__pyxel_bubbles__cpu_compute__p050__r03,formal-v1,profile,not_applicable,pressure_profile,"[""pyxel_bubbles""]",pyxel_bubbles,[],,,cpu_compute,0.5,0.5,3,8097135385450377352,10,30,1,10,windows-rtx4060,0,0,grid_2x2,true,80,97d038c3fba55e8663b4a244a72f2c6af5e355cf1641eb229b1e93540dede9b9,5ed80cf2bad8dd330eb4d739a19a5dced2b18149,data/raw/safety-v2-s30/formal-v1/formal-v1__profile__pyxel_bubbles__cpu_compute__p050__r03,"{""pyxel_bubbles"":""games/pyxel/06_click_game.py""}","{""pyxel_bubbles"":""54c101e90bdaed839ac4c4284494530d5df37a5819a35f1e41eebb0b3da5d900""}",a73d810c05f6f5ea3648658f620afcd442730f498a64b9b74f42b19be593efc5
2,575,formal-v1__profile__pyxel_shooter__memory_bandwidth__p100__r01,formal-v1,profile,not_applicable,pressure_profile,"[""pyxel_shooter""]",pyxel_shooter,[],,,memory_bandwidth,1,1,1,16760051971975883249,10,30,1,10,windows-rtx4060,0,0,grid_2x2,true,80,97d038c3fba55e8663b4a244a72f2c6af5e355cf1641eb229b1e93540dede9b9,5ed80cf2bad8dd330eb4d739a19a5dced2b18149,data/raw/safety-v2-s30/formal-v1/formal-v1__profile__pyxel_shooter__memory_bandwidth__p100__r01,"{""pyxel_shooter"":""games/pyxel/09_shooter.py""}","{""pyxel_shooter"":""0f53e4156907eac41080a8f289e22c89365b3239517c754cf59a51af201d5563""}",4ece139efb369376ba355296fd432fb4c7b0309e0e93fe40c1cbebb1fb3619dd
2,576,formal-v1__profile__mega_wing__memory_bandwidth__p100__r02,formal-v1,profile,not_applicable,pressure_profile,"[""mega_wing""]",mega_wing,[],,,memory_bandwidth,1,1,2,12076705729341382433,10,30,1,10,windows-rtx4060,0,0,grid_2x2,true,80,97d038c3fba55e8663b4a244a72f2c6af5e355cf1641eb229b1e93540dede9b9,5ed80cf2bad8dd330eb4d739a19a5dced2b18149,data/raw/safety-v2-s30/formal-v1/formal-v1__profile__mega_wing__memory_bandwidth__p100__r02,"{""mega_wing"":""games/pyxel/apps-src/mega_wing/mega_wing.py""}","{""mega_wing"":""86bad6c02a303806c58137503739241dc6b1e86695f7c0dbf672b5e1a1464e9f""}",00561c6bf53b468c06e401ae4f697676502461e27f19b3dc6e033986908736a6
2,577,formal-v1__profile__pyxel_shooter__memory_bandwidth__p000__r02,formal-v1,profile,not_applicable,pressure_profile,"[""pyxel_shooter""]",pyxel_shooter,[],,,memory_bandwidth,0,0,2,5058384098521316371,10,30,1,10,windows-rtx4060,0,0,grid_2x2,true,80,97d038c3fba55e8663b4a244a72f2c6af5e355cf1641eb229b1e93540dede9b9,5ed80cf2bad8dd330eb4d739a19a5dced2b18149,data/raw/safety-v2-s30/formal-v1/formal-v1__profile__pyxel_shooter__memory_bandwidth__p000__r02,"{""pyxel_shooter"":""games/pyxel/09_shooter.py""}","{""pyxel_shooter"":""0f53e4156907eac41080a8f289e22c89365b3239517c754cf59a51af201d5563""}",76869af232bb4d6cc0696a0483fe910c8b861db4d5dd2758532637877f2f0928
2,578,formal-v1__profile__space_rescue__gpu_memory__p100__r03,formal-v1,profile,not_applicable,pressure_profile,"[""space_rescue""]",space_rescue,[],,,gpu_memory,1,1,3,13207949832821095296,10,30,1,10,windows-rtx4060,0,0,grid_2x2,true,80,97d038c3fba55e8663b4a244a72f2c6af5e355cf1641eb229b1e93540dede9b9,5ed80cf2bad8dd330eb4d739a19a5dced2b18149,data/raw/safety-v2-s30/formal-v1/formal-v1__profile__space_rescue__gpu_memory__p100__r03,"{""space_rescue"":""games/pyxel/apps-src/space_rescue/space_rescue.py""}","{""space_rescue"":""f3b0ab6784ae558e64f06a3f0a704e53f107a130aa3d43357659d0850131e461""}",4d4296d597b0ed159e9ecf7f0c117c772bd17fb8383213ae27a2942049848563
2,579,formal-v1__colocation__daylight+pyxel_snake__r02,formal-v1,colocation-main,train,colocation,"[""daylight"",""pyxel_snake""]",daylight,"[""pyxel_snake""]",daylight+pyxel_snake,daylight+pyxel_snake__r02,,,,2,9318859405188917377,10,30,1,10,windows-rtx4060,0,0,grid_2x2,true,80,97d038c3fba55e8663b4a244a72f2c6af5e355cf1641eb229b1e93540dede9b9,5ed80cf2bad8dd330eb4d739a19a5dced2b18149,data/raw/safety-v2-s30/formal-v1/formal-v1__colocation__daylight+pyxel_snake__r02,"{""daylight"":""games/pyxel/apps-src/30SecondsOfDaylight/src/main.py"",""pyxel_snake"":""games/pyxel/07_snake.py""}","{""daylight"":""21a365375249e9d7ea05e78dcfe040f09cc1f0c66bd410bae084190c743a028f"",""pyxel_snake"":""bc533fef92d1d358e570f69d979919fe5c1cd8c4da49841104b49a1e661a5ac3""}",5871e237a4b5c54f480be8e33a0c4161a682ba29e8bb435264e9982b7cb94910
2,580,formal-v1__profile__daylight__memory_bandwidth__p025__r03,formal-v1,profile,not_applicable,pressure_profile,"[""daylight""]",daylight,[],,,memory_bandwidth,0.25,0.25,3,16771414784401515440,10,30,1,10,windows-rtx4060,0,0,grid_2x2,true,80,97d038c3fba55e8663b4a244a72f2c6af5e355cf1641eb229b1e93540dede9b9,5ed80cf2bad8dd330eb4d739a19a5dced2b18149,data/raw/safety-v2-s30/formal-v1/formal-v1__profile__daylight__memory_bandwidth__p025__r03,"{""daylight"":""games/pyxel/apps-src/30SecondsOfDaylight/src/main.py""}","{""daylight"":""21a365375249e9d7ea05e78dcfe040f09cc1f0c66bd410bae084190c743a028f""}",0d2c7507ee8bea4216f28dcbdb8e96fe5a5d99d7bd75415755358389ed6a25e4
2,581,formal-v1__profile__pyxel_jump__cpu_compute__p075__r03,formal-v1,profile,not_applicable,pressure_profile,"[""pyxel_jump""]",pyxel_jump,[],,,cpu_compute,0.75,0.75,3,2635009032766366484,10,30,1,10,windows-rtx4060,0,0,grid_2x2,true,80,97d038c3fba55e8663b4a244a72f2c6af5e355cf1641eb229b1e93540dede9b9,5ed80cf2bad8dd330eb4d739a19a5dced2b18149,data/raw/safety-v2-s30/formal-v1/formal-v1__profile__pyxel_jump__cpu_compute__p075__r03,"{""pyxel_jump"":""games/pyxel/02_jump_game.py""}","{""pyxel_jump"":""4743a825f1c9cae7e049ac52115f4ecf83350db546c00745a54af187d7bc2e46""}",c124adf39f16d8ca4f036f05f9c411d229743826d9697f4efa7b3e76c1762262
2,582,formal-v1__profile__space_rescue__cpu_compute__p075__r02,formal-v1,profile,not_applicable,pressure_profile,"[""space_rescue""]",space_rescue,[],,,cpu_compute,0.75,0.75,2,11294094724578276243,10,30,1,10,windows-rtx4060,0,0,grid_2x2,true,80,97d038c3fba55e8663b4a244a72f2c6af5e355cf1641eb229b1e93540dede9b9,5ed80cf2bad8dd330eb4d739a19a5dced2b18149,data/raw/safety-v2-s30/formal-v1/formal-v1__profile__space_rescue__cpu_compute__p075__r02,"{""space_rescue"":""games/pyxel/apps-src/space_rescue/space_rescue.py""}","{""space_rescue"":""f3b0ab6784ae558e64f06a3f0a704e53f107a130aa3d43357659d0850131e461""}",5efbc05efce061a2750ae47cb18c868b0de6974d2d90340914e62f111364fef4
2,583,formal-v1__colocation__mega_wing+pyxel_platformer+pyxel_shooter__r01,formal-v1,colocation-main,test,colocation,"[""mega_wing"",""pyxel_platformer"",""pyxel_shooter""]",mega_wing,"[""pyxel_platformer"",""pyxel_shooter""]",mega_wing+pyxel_platformer+pyxel_shooter,mega_wing+pyxel_platformer+pyxel_shooter__r01,,,,1,16027148539821522231,10,30,1,10,windows-rtx4060,0,0,grid_2x2,true,80,97d038c3fba55e8663b4a244a72f2c6af5e355cf1641eb229b1e93540dede9b9,5ed80cf2bad8dd330eb4d739a19a5dced2b18149,data/raw/safety-v2-s30/formal-v1/formal-v1__colocation__mega_wing+pyxel_platformer+pyxel_shooter__r01,"{""mega_wing"":""games/pyxel/apps-src/mega_wing/mega_wing.py"",""pyxel_platformer"":""games/pyxel/10_platformer.py"",""pyxel_shooter"":""games/pyxel/09_shooter.py""}","{""mega_wing"":""86bad6c02a303806c58137503739241dc6b1e86695f7c0dbf672b5e1a1464e9f"",""pyxel_platformer"":""1b2c75b49dc9ab0254fb4b724682a4787868814a38d2f08920720dc5b6007ac5"",""pyxel_shooter"":""0f53e4156907eac41080a8f289e22c89365b3239517c754cf59a51af201d5563""}",184105122d5210aa686f0ce173f7984f1c7f39e4d28b671ae122a8e9e4aaab09
2,584,formal-v1__profile__mega_wing__gpu_memory__p000__r01,formal-v1,profile,not_applicable,pressure_profile,"[""mega_wing""]",mega_wing,[],,,gpu_memory,0,0,1,10877227467419782675,10,30,1,10,windows-rtx4060,0,0,grid_2x2,true,80,97d038c3fba55e8663b4a244a72f2c6af5e355cf1641eb229b1e93540dede9b9,5ed80cf2bad8dd330eb4d739a19a5dced2b18149,data/raw/safety-v2-s30/formal-v1/formal-v1__profile__mega_wing__gpu_memory__p000__r01,"{""mega_wing"":""games/pyxel/apps-src/mega_wing/mega_wing.py""}","{""mega_wing"":""86bad6c02a303806c58137503739241dc6b1e86695f7c0dbf672b5e1a1464e9f""}",2c100961d59137f2289b4f436f35805f916490a5114344673e7f3cdabbb9f835
2,585,formal-v1__profile__mega_wing__memory_bandwidth__p075__r03,formal-v1,profile,not_applicable,pressure_profile,"[""mega_wing""]",mega_wing,[],,,memory_bandwidth,0.75,0.75,3,2229441213329195687,10,30,1,10,windows-rtx4060,0,0,grid_2x2,true,80,97d038c3fba55e8663b4a244a72f2c6af5e355cf1641eb229b1e93540dede9b9,5ed80cf2bad8dd330eb4d739a19a5dced2b18149,data/raw/safety-v2-s30/formal-v1/formal-v1__profile__mega_wing__memory_bandwidth__p075__r03,"{""mega_wing"":""games/pyxel/apps-src/mega_wing/mega_wing.py""}","{""mega_wing"":""86bad6c02a303806c58137503739241dc6b1e86695f7c0dbf672b5e1a1464e9f""}",504b272db7b37f15ea6b1da38128dc91608caa3010fc1306c433ebcab022ba1a
2,586,formal-v1__profile__pyxel_platformer__cpu_compute__p075__r01,formal-v1,profile,not_applicable,pressure_profile,"[""pyxel_platformer""]",pyxel_platformer,[],,,cpu_compute,0.75,0.75,1,1292679609294179884,10,30,1,10,windows-rtx4060,0,0,grid_2x2,true,80,97d038c3fba55e8663b4a244a72f2c6af5e355cf1641eb229b1e93540dede9b9,5ed80cf2bad8dd330eb4d739a19a5dced2b18149,data/raw/safety-v2-s30/formal-v1/formal-v1__profile__pyxel_platformer__cpu_compute__p075__r01,"{""pyxel_platformer"":""games/pyxel/10_platformer.py""}","{""pyxel_platformer"":""1b2c75b49dc9ab0254fb4b724682a4787868814a38d2f08920720dc5b6007ac5""}",34c7844754c8b2521475cf4b134e1c9afea3f3cecfce5697f065cd1393d5c9fb
2,587,formal-v1__profile__pyxel_snake__memory_bandwidth__p025__r01,formal-v1,profile,not_applicable,pressure_profile,"[""pyxel_snake""]",pyxel_snake,[],,,memory_bandwidth,0.25,0.25,1,12823400516448632836,10,30,1,10,windows-rtx4060,0,0,grid_2x2,true,80,97d038c3fba55e8663b4a244a72f2c6af5e355cf1641eb229b1e93540dede9b9,5ed80cf2bad8dd330eb4d739a19a5dced2b18149,data/raw/safety-v2-s30/formal-v1/formal-v1__profile__pyxel_snake__memory_bandwidth__p025__r01,"{""pyxel_snake"":""games/pyxel/07_snake.py""}","{""pyxel_snake"":""bc533fef92d1d358e570f69d979919fe5c1cd8c4da49841104b49a1e661a5ac3""}",fb05050a9884d32c4f5c2183a3ac483dd75a120c1cb0274c34aed8d6482b7407
2,588,formal-v1__profile__pyxel_shooter__cpu_compute__p075__r02,formal-v1,profile,not_applicable,pressure_profile,"[""pyxel_shooter""]",pyxel_shooter,[],,,cpu_compute,0.75,0.75,2,10339157325362401709,10,30,1,10,windows-rtx4060,0,0,grid_2x2,true,80,97d038c3fba55e8663b4a244a72f2c6af5e355cf1641eb229b1e93540dede9b9,5ed80cf2bad8dd330eb4d739a19a5dced2b18149,data/raw/safety-v2-s30/formal-v1/formal-v1__profile__pyxel_shooter__cpu_compute__p075__r02,"{""pyxel_shooter"":""games/pyxel/09_shooter.py""}","{""pyxel_shooter"":""0f53e4156907eac41080a8f289e22c89365b3239517c754cf59a51af201d5563""}",4cd87c3473f95bbe5e8541f007af2fd7f25844bc95e863952353f3cb4d8a90fb
2,589,formal-v1__profile__pyxel_bubbles__gpu_compute__p100__r01,formal-v1,profile,not_applicable,pressure_profile,"[""pyxel_bubbles""]",pyxel_bubbles,[],,,gpu_compute,1,0.25,1,16725971839783058247,10,30,1,10,windows-rtx4060,0,0,grid_2x2,true,80,97d038c3fba55e8663b4a244a72f2c6af5e355cf1641eb229b1e93540dede9b9,5ed80cf2bad8dd330eb4d739a19a5dced2b18149,data/raw/safety-v2-s30/formal-v1/formal-v1__profile__pyxel_bubbles__gpu_compute__p100__r01,"{""pyxel_bubbles"":""games/pyxel/06_click_game.py""}","{""pyxel_bubbles"":""54c101e90bdaed839ac4c4284494530d5df37a5819a35f1e41eebb0b3da5d900""}",fc61bbe2bee2f44b998cd1cb268e3edb35ba8ab76b3876a99b6c021252293f3b
2,590,formal-v1__profile__daylight__gpu_memory__p025__r02,formal-v1,profile,not_applicable,pressure_profile,"[""daylight""]",daylight,[],,,gpu_memory,0.25,0.25,2,5358154648695833250,10,30,1,10,windows-rtx4060,0,0,grid_2x2,true,80,97d038c3fba55e8663b4a244a72f2c6af5e355cf1641eb229b1e93540dede9b9,5ed80cf2bad8dd330eb4d739a19a5dced2b18149,data/raw/safety-v2-s30/formal-v1/formal-v1__profile__daylight__gpu_memory__p025__r02,"{""daylight"":""games/pyxel/apps-src/30SecondsOfDaylight/src/main.py""}","{""daylight"":""21a365375249e9d7ea05e78dcfe040f09cc1f0c66bd410bae084190c743a028f""}",71334e4e17933e4bd5bc6d2fcfc4ec9f26cc4187749dbe9dc93f5a3f438e4f4b
2,591,formal-v1__profile__pyxel_bubbles__gpu_memory__p075__r02,formal-v1,profile,not_applicable,pressure_profile,"[""pyxel_bubbles""]",pyxel_bubbles,[],,,gpu_memory,0.75,0.75,2,1255275793115030458,10,30,1,10,windows-rtx4060,0,0,grid_2x2,true,80,97d038c3fba55e8663b4a244a72f2c6af5e355cf1641eb229b1e93540dede9b9,5ed80cf2bad8dd330eb4d739a19a5dced2b18149,data/raw/safety-v2-s30/formal-v1/formal-v1__profile__pyxel_bubbles__gpu_memory__p075__r02,"{""pyxel_bubbles"":""games/pyxel/06_click_game.py""}","{""pyxel_bubbles"":""54c101e90bdaed839ac4c4284494530d5df37a5819a35f1e41eebb0b3da5d900""}",eaec45da3c6472651f06e41bd0cd8318b38177336f6f2ae571f694023e5e500b
2,592,formal-v1__colocation__pyxel_bubbles+pyxel_platformer__r02,formal-v1,colocation-main,train,colocation,"[""pyxel_bubbles"",""pyxel_platformer""]",pyxel_bubbles,"[""pyxel_platformer""]",pyxel_bubbles+pyxel_platformer,pyxel_bubbles+pyxel_platformer__r02,,,,2,12381208389790326575,10,30,1,10,windows-rtx4060,0,0,grid_2x2,true,80,97d038c3fba55e8663b4a244a72f2c6af5e355cf1641eb229b1e93540dede9b9,5ed80cf2bad8dd330eb4d739a19a5dced2b18149,data/raw/safety-v2-s30/formal-v1/formal-v1__colocation__pyxel_bubbles+pyxel_platformer__r02,"{""pyxel_bubbles"":""games/pyxel/06_click_game.py"",""pyxel_platformer"":""games/pyxel/10_platformer.py""}","{""pyxel_bubbles"":""54c101e90bdaed839ac4c4284494530d5df37a5819a35f1e41eebb0b3da5d900"",""pyxel_platformer"":""1b2c75b49dc9ab0254fb4b724682a4787868814a38d2f08920720dc5b6007ac5""}",62d45779f07420265eed8c68f1eaa2b7fd6b915e8180b35caf87b14125f745c6
2,593,formal-v1__profile__pyxel_shooter__memory_bandwidth__p075__r02,formal-v1,profile,not_applicable,pressure_profile,"[""pyxel_shooter""]",pyxel_shooter,[],,,memory_bandwidth,0.75,0.75,2,12222865531616824191,10,30,1,10,windows-rtx4060,0,0,grid_2x2,true,80,97d038c3fba55e8663b4a244a72f2c6af5e355cf1641eb229b1e93540dede9b9,5ed80cf2bad8dd330eb4d739a19a5dced2b18149,data/raw/safety-v2-s30/formal-v1/formal-v1__profile__pyxel_shooter__memory_bandwidth__p075__r02,"{""pyxel_shooter"":""games/pyxel/09_shooter.py""}","{""pyxel_shooter"":""0f53e4156907eac41080a8f289e22c89365b3239517c754cf59a51af201d5563""}",f0933aa9cc20d61222e4c689c46b4244494d5f1729bb79f50177e6bce63d336c
2,594,formal-v1__profile__daylight__gpu_compute__p100__r02,formal-v1,profile,not_applicable,pressure_profile,"[""daylight""]",daylight,[],,,gpu_compute,1,0.25,2,7587943592733096802,10,30,1,10,windows-rtx4060,0,0,grid_2x2,true,80,97d038c3fba55e8663b4a244a72f2c6af5e355cf1641eb229b1e93540dede9b9,5ed80cf2bad8dd330eb4d739a19a5dced2b18149,data/raw/safety-v2-s30/formal-v1/formal-v1__profile__daylight__gpu_compute__p100__r02,"{""daylight"":""games/pyxel/apps-src/30SecondsOfDaylight/src/main.py""}","{""daylight"":""21a365375249e9d7ea05e78dcfe040f09cc1f0c66bd410bae084190c743a028f""}",e6ac3d596373a915e316336eb9f5a0fd730e3472621f5ceaf3730288d38769b7
2,595,formal-v1__profile__daylight__gpu_memory__p000__r03,formal-v1,profile,not_applicable,pressure_profile,"[""daylight""]",daylight,[],,,gpu_memory,0,0,3,7975027885403566589,10,30,1,10,windows-rtx4060,0,0,grid_2x2,true,80,97d038c3fba55e8663b4a244a72f2c6af5e355cf1641eb229b1e93540dede9b9,5ed80cf2bad8dd330eb4d739a19a5dced2b18149,data/raw/safety-v2-s30/formal-v1/formal-v1__profile__daylight__gpu_memory__p000__r03,"{""daylight"":""games/pyxel/apps-src/30SecondsOfDaylight/src/main.py""}","{""daylight"":""21a365375249e9d7ea05e78dcfe040f09cc1f0c66bd410bae084190c743a028f""}",771f781eab53b68d1bb27c98bb73967f5eb7e7235cc139e6421a978ebea40403
2,596,formal-v1__profile__space_rescue__gpu_compute__p100__r01,formal-v1,profile,not_applicable,pressure_profile,"[""space_rescue""]",space_rescue,[],,,gpu_compute,1,0.25,1,9402560737268368881,10,30,1,10,windows-rtx4060,0,0,grid_2x2,true,80,97d038c3fba55e8663b4a244a72f2c6af5e355cf1641eb229b1e93540dede9b9,5ed80cf2bad8dd330eb4d739a19a5dced2b18149,data/raw/safety-v2-s30/formal-v1/formal-v1__profile__space_rescue__gpu_compute__p100__r01,"{""space_rescue"":""games/pyxel/apps-src/space_rescue/space_rescue.py""}","{""space_rescue"":""f3b0ab6784ae558e64f06a3f0a704e53f107a130aa3d43357659d0850131e461""}",ebe923f4dbe7463a65a563ab0e8ad077a0aefbf789d85a2380f3c040d0b87da5
2,597,formal-v1__profile__mega_wing__memory_bandwidth__p050__r01,formal-v1,profile,not_applicable,pressure_profile,"[""mega_wing""]",mega_wing,[],,,memory_bandwidth,0.5,0.5,1,606923485016625452,10,30,1,10,windows-rtx4060,0,0,grid_2x2,true,80,97d038c3fba55e8663b4a244a72f2c6af5e355cf1641eb229b1e93540dede9b9,5ed80cf2bad8dd330eb4d739a19a5dced2b18149,data/raw/safety-v2-s30/formal-v1/formal-v1__profile__mega_wing__memory_bandwidth__p050__r01,"{""mega_wing"":""games/pyxel/apps-src/mega_wing/mega_wing.py""}","{""mega_wing"":""86bad6c02a303806c58137503739241dc6b1e86695f7c0dbf672b5e1a1464e9f""}",e1bf0a1b219407d79081c5b0f608deb22812204fe99f463c9732c0bf88bdedf9
2,598,formal-v1__profile__space_rescue__gpu_compute__p075__r03,formal-v1,profile,not_applicable,pressure_profile,"[""space_rescue""]",space_rescue,[],,,gpu_compute,0.75,0.1875,3,359646506878485151,10,30,1,10,windows-rtx4060,0,0,grid_2x2,true,80,97d038c3fba55e8663b4a244a72f2c6af5e355cf1641eb229b1e93540dede9b9,5ed80cf2bad8dd330eb4d739a19a5dced2b18149,data/raw/safety-v2-s30/formal-v1/formal-v1__profile__space_rescue__gpu_compute__p075__r03,"{""space_rescue"":""games/pyxel/apps-src/space_rescue/space_rescue.py""}","{""space_rescue"":""f3b0ab6784ae558e64f06a3f0a704e53f107a130aa3d43357659d0850131e461""}",d65def15c6bb9f2f7b9008d7b9690d727cec8337d998f66dfc3fed14b608369d
2,599,formal-v1__profile__pyxel_snake__gpu_compute__p000__r02,formal-v1,profile,not_applicable,pressure_profile,"[""pyxel_snake""]",pyxel_snake,[],,,gpu_compute,0,0,2,8156035871494291412,10,30,1,10,windows-rtx4060,0,0,grid_2x2,true,80,97d038c3fba55e8663b4a244a72f2c6af5e355cf1641eb229b1e93540dede9b9,5ed80cf2bad8dd330eb4d739a19a5dced2b18149,data/raw/safety-v2-s30/formal-v1/formal-v1__profile__pyxel_snake__gpu_compute__p000__r02,"{""pyxel_snake"":""games/pyxel/07_snake.py""}","{""pyxel_snake"":""bc533fef92d1d358e570f69d979919fe5c1cd8c4da49841104b49a1e661a5ac3""}",25f982dd7ba404d8010e4edbc2dfda9efe4c540c404c2b25974c8e7fe427b208
2,600,formal-v1__profile__pyxel_bubbles__cpu_compute__p050__r01,formal-v1,profile,not_applicable,pressure_profile,"[""pyxel_bubbles""]",pyxel_bubbles,[],,,cpu_compute,0.5,0.5,1,17272921641658024684,10,30,1,10,windows-rtx4060,0,0,grid_2x2,true,80,97d038c3fba55e8663b4a244a72f2c6af5e355cf1641eb229b1e93540dede9b9,5ed80cf2bad8dd330eb4d739a19a5dced2b18149,data/raw/safety-v2-s30/formal-v1/formal-v1__profile__pyxel_bubbles__cpu_compute__p050__r01,"{""pyxel_bubbles"":""games/pyxel/06_click_game.py""}","{""pyxel_bubbles"":""54c101e90bdaed839ac4c4284494530d5df37a5819a35f1e41eebb0b3da5d900""}",326bbad1e4d8163715dcdce7f747f4bd6ebbbbfa14ce088cd9eb44ea396648aa
2,601,formal-v1__profile__pyxel_shooter__gpu_compute__p025__r01,formal-v1,profile,not_applicable,pressure_profile,"[""pyxel_shooter""]",pyxel_shooter,[],,,gpu_compute,0.25,0.0625,1,2313480747461281530,10,30,1,10,windows-rtx4060,0,0,grid_2x2,true,80,97d038c3fba55e8663b4a244a72f2c6af5e355cf1641eb229b1e93540dede9b9,5ed80cf2bad8dd330eb4d739a19a5dced2b18149,data/raw/safety-v2-s30/formal-v1/formal-v1__profile__pyxel_shooter__gpu_compute__p025__r01,"{""pyxel_shooter"":""games/pyxel/09_shooter.py""}","{""pyxel_shooter"":""0f53e4156907eac41080a8f289e22c89365b3239517c754cf59a51af201d5563""}",a49476b028a3e2017439f99fdbc01ce7fef853e4fc5f97334f1c97ef1bd33a98
2,602,formal-v1__colocation__mega_wing+pyxel_bubbles+space_rescue__r01,formal-v1,colocation-main,train,colocation,"[""mega_wing"",""pyxel_bubbles"",""space_rescue""]",mega_wing,"[""pyxel_bubbles"",""space_rescue""]",mega_wing+pyxel_bubbles+space_rescue,mega_wing+pyxel_bubbles+space_rescue__r01,,,,1,7970642093461217183,10,30,1,10,windows-rtx4060,0,0,grid_2x2,true,80,97d038c3fba55e8663b4a244a72f2c6af5e355cf1641eb229b1e93540dede9b9,5ed80cf2bad8dd330eb4d739a19a5dced2b18149,data/raw/safety-v2-s30/formal-v1/formal-v1__colocation__mega_wing+pyxel_bubbles+space_rescue__r01,"{""mega_wing"":""games/pyxel/apps-src/mega_wing/mega_wing.py"",""pyxel_bubbles"":""games/pyxel/06_click_game.py"",""space_rescue"":""games/pyxel/apps-src/space_rescue/space_rescue.py""}","{""mega_wing"":""86bad6c02a303806c58137503739241dc6b1e86695f7c0dbf672b5e1a1464e9f"",""pyxel_bubbles"":""54c101e90bdaed839ac4c4284494530d5df37a5819a35f1e41eebb0b3da5d900"",""space_rescue"":""f3b0ab6784ae558e64f06a3f0a704e53f107a130aa3d43357659d0850131e461""}",9d1127e74a28cd3c282abcb11afffc914043dfa2af537752fa20e308a8ead46c
2,603,formal-v1__colocation__pyxel_bubbles+pyxel_shooter+pyxel_snake__r03,formal-v1,colocation-main,train,colocation,"[""pyxel_bubbles"",""pyxel_shooter"",""pyxel_snake""]",pyxel_bubbles,"[""pyxel_shooter"",""pyxel_snake""]",pyxel_bubbles+pyxel_shooter+pyxel_snake,pyxel_bubbles+pyxel_shooter+pyxel_snake__r03,,,,3,9562112611226621041,10,30,1,10,windows-rtx4060,0,0,grid_2x2,true,80,97d038c3fba55e8663b4a244a72f2c6af5e355cf1641eb229b1e93540dede9b9,5ed80cf2bad8dd330eb4d739a19a5dced2b18149,data/raw/safety-v2-s30/formal-v1/formal-v1__colocation__pyxel_bubbles+pyxel_shooter+pyxel_snake__r03,"{""pyxel_bubbles"":""games/pyxel/06_click_game.py"",""pyxel_shooter"":""games/pyxel/09_shooter.py"",""pyxel_snake"":""games/pyxel/07_snake.py""}","{""pyxel_bubbles"":""54c101e90bdaed839ac4c4284494530d5df37a5819a35f1e41eebb0b3da5d900"",""pyxel_shooter"":""0f53e4156907eac41080a8f289e22c89365b3239517c754cf59a51af201d5563"",""pyxel_snake"":""bc533fef92d1d358e570f69d979919fe5c1cd8c4da49841104b49a1e661a5ac3""}",6b7a974742bff81328e23fcb50b3f2ab0734eca244fe274c79e3b2d589dd3d8b
2,604,formal-v1__colocation__daylight+pyxel_shooter+pyxel_snake__r01,formal-v1,colocation-main,train,colocation,"[""daylight"",""pyxel_shooter"",""pyxel_snake""]",daylight,"[""pyxel_shooter"",""pyxel_snake""]",daylight+pyxel_shooter+pyxel_snake,daylight+pyxel_shooter+pyxel_snake__r01,,,,1,16835801411798003167,10,30,1,10,windows-rtx4060,0,0,grid_2x2,true,80,97d038c3fba55e8663b4a244a72f2c6af5e355cf1641eb229b1e93540dede9b9,5ed80cf2bad8dd330eb4d739a19a5dced2b18149,data/raw/safety-v2-s30/formal-v1/formal-v1__colocation__daylight+pyxel_shooter+pyxel_snake__r01,"{""daylight"":""games/pyxel/apps-src/30SecondsOfDaylight/src/main.py"",""pyxel_shooter"":""games/pyxel/09_shooter.py"",""pyxel_snake"":""games/pyxel/07_snake.py""}","{""daylight"":""21a365375249e9d7ea05e78dcfe040f09cc1f0c66bd410bae084190c743a028f"",""pyxel_shooter"":""0f53e4156907eac41080a8f289e22c89365b3239517c754cf59a51af201d5563"",""pyxel_snake"":""bc533fef92d1d358e570f69d979919fe5c1cd8c4da49841104b49a1e661a5ac3""}",e5216270e2303e78bd67b6ab14b327a2b35f3981d3112883c5cac2be4740004c
2,605,formal-v1__profile__pyxel_snake__cpu_compute__p075__r02,formal-v1,profile,not_applicable,pressure_profile,"[""pyxel_snake""]",pyxel_snake,[],,,cpu_compute,0.75,0.75,2,6711901945739001378,10,30,1,10,windows-rtx4060,0,0,grid_2x2,true,80,97d038c3fba55e8663b4a244a72f2c6af5e355cf1641eb229b1e93540dede9b9,5ed80cf2bad8dd330eb4d739a19a5dced2b18149,data/raw/safety-v2-s30/formal-v1/formal-v1__profile__pyxel_snake__cpu_compute__p075__r02,"{""pyxel_snake"":""games/pyxel/07_snake.py""}","{""pyxel_snake"":""bc533fef92d1d358e570f69d979919fe5c1cd8c4da49841104b49a1e661a5ac3""}",ae5d5ee66339a487d5e05b212e84f0f5e9caa05217c175535ac8b42848e92216
2,606,formal-v1__profile__pyxel_bubbles__memory_bandwidth__p075__r01,formal-v1,profile,not_applicable,pressure_profile,"[""pyxel_bubbles""]",pyxel_bubbles,[],,,memory_bandwidth,0.75,0.75,1,4651631075876217109,10,30,1,10,windows-rtx4060,0,0,grid_2x2,true,80,97d038c3fba55e8663b4a244a72f2c6af5e355cf1641eb229b1e93540dede9b9,5ed80cf2bad8dd330eb4d739a19a5dced2b18149,data/raw/safety-v2-s30/formal-v1/formal-v1__profile__pyxel_bubbles__memory_bandwidth__p075__r01,"{""pyxel_bubbles"":""games/pyxel/06_click_game.py""}","{""pyxel_bubbles"":""54c101e90bdaed839ac4c4284494530d5df37a5819a35f1e41eebb0b3da5d900""}",146d05b07e17fd8e1d5573ae5d5d491ab6d86d1df8d7fbff0d30d3b643171e36
2,607,formal-v1__colocation__pyxel_shooter+pyxel_snake__r01,formal-v1,colocation-main,train,colocation,"[""pyxel_shooter"",""pyxel_snake""]",pyxel_shooter,"[""pyxel_snake""]",pyxel_shooter+pyxel_snake,pyxel_shooter+pyxel_snake__r01,,,,1,15369143439222277393,10,30,1,10,windows-rtx4060,0,0,grid_2x2,true,80,97d038c3fba55e8663b4a244a72f2c6af5e355cf1641eb229b1e93540dede9b9,5ed80cf2bad8dd330eb4d739a19a5dced2b18149,data/raw/safety-v2-s30/formal-v1/formal-v1__colocation__pyxel_shooter+pyxel_snake__r01,"{""pyxel_shooter"":""games/pyxel/09_shooter.py"",""pyxel_snake"":""games/pyxel/07_snake.py""}","{""pyxel_shooter"":""0f53e4156907eac41080a8f289e22c89365b3239517c754cf59a51af201d5563"",""pyxel_snake"":""bc533fef92d1d358e570f69d979919fe5c1cd8c4da49841104b49a1e661a5ac3""}",74e0f2d34e3042f97ec874afc636e8f8b324d1a002c01c24aac0033899dfab40
2,608,formal-v1__profile__daylight__memory_bandwidth__p100__r03,formal-v1,profile,not_applicable,pressure_profile,"[""daylight""]",daylight,[],,,memory_bandwidth,1,1,3,11673905426024593872,10,30,1,10,windows-rtx4060,0,0,grid_2x2,true,80,97d038c3fba55e8663b4a244a72f2c6af5e355cf1641eb229b1e93540dede9b9,5ed80cf2bad8dd330eb4d739a19a5dced2b18149,data/raw/safety-v2-s30/formal-v1/formal-v1__profile__daylight__memory_bandwidth__p100__r03,"{""daylight"":""games/pyxel/apps-src/30SecondsOfDaylight/src/main.py""}","{""daylight"":""21a365375249e9d7ea05e78dcfe040f09cc1f0c66bd410bae084190c743a028f""}",60564273a18df7c296e649970c86e934aa82d50993492fbd0205e1ea02e793e2
2,609,formal-v1__profile__pyxel_bubbles__cpu_compute__p075__r01,formal-v1,profile,not_applicable,pressure_profile,"[""pyxel_bubbles""]",pyxel_bubbles,[],,,cpu_compute,0.75,0.75,1,13718657940489101153,10,30,1,10,windows-rtx4060,0,0,grid_2x2,true,80,97d038c3fba55e8663b4a244a72f2c6af5e355cf1641eb229b1e93540dede9b9,5ed80cf2bad8dd330eb4d739a19a5dced2b18149,data/raw/safety-v2-s30/formal-v1/formal-v1__profile__pyxel_bubbles__cpu_compute__p075__r01,"{""pyxel_bubbles"":""games/pyxel/06_click_game.py""}","{""pyxel_bubbles"":""54c101e90bdaed839ac4c4284494530d5df37a5819a35f1e41eebb0b3da5d900""}",cf0d7f46b48d95ecacc0793d52da130051f61931333c2411e27c7527bb4ad23c
2,610,formal-v1__colocation__mega_wing+pyxel_bubbles+pyxel_snake__r02,formal-v1,colocation-main,train,colocation,"[""mega_wing"",""pyxel_bubbles"",""pyxel_snake""]",mega_wing,"[""pyxel_bubbles"",""pyxel_snake""]",mega_wing+pyxel_bubbles+pyxel_snake,mega_wing+pyxel_bubbles+pyxel_snake__r02,,,,2,1945997934514641319,10,30,1,10,windows-rtx4060,0,0,grid_2x2,true,80,97d038c3fba55e8663b4a244a72f2c6af5e355cf1641eb229b1e93540dede9b9,5ed80cf2bad8dd330eb4d739a19a5dced2b18149,data/raw/safety-v2-s30/formal-v1/formal-v1__colocation__mega_wing+pyxel_bubbles+pyxel_snake__r02,"{""mega_wing"":""games/pyxel/apps-src/mega_wing/mega_wing.py"",""pyxel_bubbles"":""games/pyxel/06_click_game.py"",""pyxel_snake"":""games/pyxel/07_snake.py""}","{""mega_wing"":""86bad6c02a303806c58137503739241dc6b1e86695f7c0dbf672b5e1a1464e9f"",""pyxel_bubbles"":""54c101e90bdaed839ac4c4284494530d5df37a5819a35f1e41eebb0b3da5d900"",""pyxel_snake"":""bc533fef92d1d358e570f69d979919fe5c1cd8c4da49841104b49a1e661a5ac3""}",87e1810cf72dbdf095aef484280787e08c3a91a9ac1dadb11dbc3bb99123287c
2,611,formal-v1__solo__pyxel_jump__r02,formal-v1,solo,not_applicable,solo,"[""pyxel_jump""]",pyxel_jump,[],,,,,,2,10400501753561450736,10,30,1,10,windows-rtx4060,0,0,grid_2x2,true,80,97d038c3fba55e8663b4a244a72f2c6af5e355cf1641eb229b1e93540dede9b9,5ed80cf2bad8dd330eb4d739a19a5dced2b18149,data/raw/safety-v2-s30/formal-v1/formal-v1__solo__pyxel_jump__r02,"{""pyxel_jump"":""games/pyxel/02_jump_game.py""}","{""pyxel_jump"":""4743a825f1c9cae7e049ac52115f4ecf83350db546c00745a54af187d7bc2e46""}",7433403abb53f0719ed95b59b1e281b1fc88a38bac56a70f2f012c90ade85b0e
2,612,formal-v1__profile__daylight__gpu_compute__p050__r02,formal-v1,profile,not_applicable,pressure_profile,"[""daylight""]",daylight,[],,,gpu_compute,0.5,0.125,2,7491987814824651995,10,30,1,10,windows-rtx4060,0,0,grid_2x2,true,80,97d038c3fba55e8663b4a244a72f2c6af5e355cf1641eb229b1e93540dede9b9,5ed80cf2bad8dd330eb4d739a19a5dced2b18149,data/raw/safety-v2-s30/formal-v1/formal-v1__profile__daylight__gpu_compute__p050__r02,"{""daylight"":""games/pyxel/apps-src/30SecondsOfDaylight/src/main.py""}","{""daylight"":""21a365375249e9d7ea05e78dcfe040f09cc1f0c66bd410bae084190c743a028f""}",2d64fc3f5f25ae53296a195fbedba67150537650b2d05eb56b4da5c01d9af413
2,613,formal-v1__colocation__pyxel_jump+pyxel_platformer__r03,formal-v1,colocation-main,train,colocation,"[""pyxel_jump"",""pyxel_platformer""]",pyxel_jump,"[""pyxel_platformer""]",pyxel_jump+pyxel_platformer,pyxel_jump+pyxel_platformer__r03,,,,3,1231325593875672064,10,30,1,10,windows-rtx4060,0,0,grid_2x2,true,80,97d038c3fba55e8663b4a244a72f2c6af5e355cf1641eb229b1e93540dede9b9,5ed80cf2bad8dd330eb4d739a19a5dced2b18149,data/raw/safety-v2-s30/formal-v1/formal-v1__colocation__pyxel_jump+pyxel_platformer__r03,"{""pyxel_jump"":""games/pyxel/02_jump_game.py"",""pyxel_platformer"":""games/pyxel/10_platformer.py""}","{""pyxel_jump"":""4743a825f1c9cae7e049ac52115f4ecf83350db546c00745a54af187d7bc2e46"",""pyxel_platformer"":""1b2c75b49dc9ab0254fb4b724682a4787868814a38d2f08920720dc5b6007ac5""}",d04f2979b7904583acf64f0259f9b0e4a0e0e6f76d7cb558ac23c00e95c39957
2,614,formal-v1__colocation__mega_wing+pyxel_snake__r02,formal-v1,colocation-main,train,colocation,"[""mega_wing"",""pyxel_snake""]",mega_wing,"[""pyxel_snake""]",mega_wing+pyxel_snake,mega_wing+pyxel_snake__r02,,,,2,17353871402522320280,10,30,1,10,windows-rtx4060,0,0,grid_2x2,true,80,97d038c3fba55e8663b4a244a72f2c6af5e355cf1641eb229b1e93540dede9b9,5ed80cf2bad8dd330eb4d739a19a5dced2b18149,data/raw/safety-v2-s30/formal-v1/formal-v1__colocation__mega_wing+pyxel_snake__r02,"{""mega_wing"":""games/pyxel/apps-src/mega_wing/mega_wing.py"",""pyxel_snake"":""games/pyxel/07_snake.py""}","{""mega_wing"":""86bad6c02a303806c58137503739241dc6b1e86695f7c0dbf672b5e1a1464e9f"",""pyxel_snake"":""bc533fef92d1d358e570f69d979919fe5c1cd8c4da49841104b49a1e661a5ac3""}",6695bf10cdc6e1d6929a1509fb643e02cbb541b3500a67dfe6332d0fab0e471e
2,615,formal-v1__colocation__pyxel_jump+pyxel_shooter__r03,formal-v1,colocation-main,train,colocation,"[""pyxel_jump"",""pyxel_shooter""]",pyxel_jump,"[""pyxel_shooter""]",pyxel_jump+pyxel_shooter,pyxel_jump+pyxel_shooter__r03,,,,3,9109420943320906756,10,30,1,10,windows-rtx4060,0,0,grid_2x2,true,80,97d038c3fba55e8663b4a244a72f2c6af5e355cf1641eb229b1e93540dede9b9,5ed80cf2bad8dd330eb4d739a19a5dced2b18149,data/raw/safety-v2-s30/formal-v1/formal-v1__colocation__pyxel_jump+pyxel_shooter__r03,"{""pyxel_jump"":""games/pyxel/02_jump_game.py"",""pyxel_shooter"":""games/pyxel/09_shooter.py""}","{""pyxel_jump"":""4743a825f1c9cae7e049ac52115f4ecf83350db546c00745a54af187d7bc2e46"",""pyxel_shooter"":""0f53e4156907eac41080a8f289e22c89365b3239517c754cf59a51af201d5563""}",5e6b514432ca876699b6f89845fe1352736bbeec7faf5b78cc711f35a8b0e78c
2,616,formal-v1__profile__mega_wing__memory_bandwidth__p100__r03,formal-v1,profile,not_applicable,pressure_profile,"[""mega_wing""]",mega_wing,[],,,memory_bandwidth,1,1,3,1426504974660849699,10,30,1,10,windows-rtx4060,0,0,grid_2x2,true,80,97d038c3fba55e8663b4a244a72f2c6af5e355cf1641eb229b1e93540dede9b9,5ed80cf2bad8dd330eb4d739a19a5dced2b18149,data/raw/safety-v2-s30/formal-v1/formal-v1__profile__mega_wing__memory_bandwidth__p100__r03,"{""mega_wing"":""games/pyxel/apps-src/mega_wing/mega_wing.py""}","{""mega_wing"":""86bad6c02a303806c58137503739241dc6b1e86695f7c0dbf672b5e1a1464e9f""}",e3887bab75e3334f9f4fced7eab6b00073a0d06186ac3f5d36e94ac8635b36a6
2,617,formal-v1__profile__pyxel_platformer__gpu_compute__p075__r03,formal-v1,profile,not_applicable,pressure_profile,"[""pyxel_platformer""]",pyxel_platformer,[],,,gpu_compute,0.75,0.1875,3,5296151128470667095,10,30,1,10,windows-rtx4060,0,0,grid_2x2,true,80,97d038c3fba55e8663b4a244a72f2c6af5e355cf1641eb229b1e93540dede9b9,5ed80cf2bad8dd330eb4d739a19a5dced2b18149,data/raw/safety-v2-s30/formal-v1/formal-v1__profile__pyxel_platformer__gpu_compute__p075__r03,"{""pyxel_platformer"":""games/pyxel/10_platformer.py""}","{""pyxel_platformer"":""1b2c75b49dc9ab0254fb4b724682a4787868814a38d2f08920720dc5b6007ac5""}",5e30d1cc87a1b366276194a51228c2fd80e64159bcf83c68697ee60b8ac1a6a8
2,618,formal-v1__profile__pyxel_platformer__memory_bandwidth__p050__r01,formal-v1,profile,not_applicable,pressure_profile,"[""pyxel_platformer""]",pyxel_platformer,[],,,memory_bandwidth,0.5,0.5,1,15303875295670984061,10,30,1,10,windows-rtx4060,0,0,grid_2x2,true,80,97d038c3fba55e8663b4a244a72f2c6af5e355cf1641eb229b1e93540dede9b9,5ed80cf2bad8dd330eb4d739a19a5dced2b18149,data/raw/safety-v2-s30/formal-v1/formal-v1__profile__pyxel_platformer__memory_bandwidth__p050__r01,"{""pyxel_platformer"":""games/pyxel/10_platformer.py""}","{""pyxel_platformer"":""1b2c75b49dc9ab0254fb4b724682a4787868814a38d2f08920720dc5b6007ac5""}",f5e2ebe5cf97cbd55f9de3325592b1dfedc988e6ddbe78d83dff9baad902130f
2,619,formal-v1__profile__mega_wing__cpu_compute__p050__r02,formal-v1,profile,not_applicable,pressure_profile,"[""mega_wing""]",mega_wing,[],,,cpu_compute,0.5,0.5,2,5504486109273190666,10,30,1,10,windows-rtx4060,0,0,grid_2x2,true,80,97d038c3fba55e8663b4a244a72f2c6af5e355cf1641eb229b1e93540dede9b9,5ed80cf2bad8dd330eb4d739a19a5dced2b18149,data/raw/safety-v2-s30/formal-v1/formal-v1__profile__mega_wing__cpu_compute__p050__r02,"{""mega_wing"":""games/pyxel/apps-src/mega_wing/mega_wing.py""}","{""mega_wing"":""86bad6c02a303806c58137503739241dc6b1e86695f7c0dbf672b5e1a1464e9f""}",fc057c778ab74fe8614469ca4b3256b3554ef83dccda64f7c2d43b102d5aa610
2,620,formal-v1__colocation__pyxel_jump+pyxel_platformer+pyxel_snake__r01,formal-v1,colocation-main,train,colocation,"[""pyxel_jump"",""pyxel_platformer"",""pyxel_snake""]",pyxel_jump,"[""pyxel_platformer"",""pyxel_snake""]",pyxel_jump+pyxel_platformer+pyxel_snake,pyxel_jump+pyxel_platformer+pyxel_snake__r01,,,,1,11195647565786268137,10,30,1,10,windows-rtx4060,0,0,grid_2x2,true,80,97d038c3fba55e8663b4a244a72f2c6af5e355cf1641eb229b1e93540dede9b9,5ed80cf2bad8dd330eb4d739a19a5dced2b18149,data/raw/safety-v2-s30/formal-v1/formal-v1__colocation__pyxel_jump+pyxel_platformer+pyxel_snake__r01,"{""pyxel_jump"":""games/pyxel/02_jump_game.py"",""pyxel_platformer"":""games/pyxel/10_platformer.py"",""pyxel_snake"":""games/pyxel/07_snake.py""}","{""pyxel_jump"":""4743a825f1c9cae7e049ac52115f4ecf83350db546c00745a54af187d7bc2e46"",""pyxel_platformer"":""1b2c75b49dc9ab0254fb4b724682a4787868814a38d2f08920720dc5b6007ac5"",""pyxel_snake"":""bc533fef92d1d358e570f69d979919fe5c1cd8c4da49841104b49a1e661a5ac3""}",68bf6deb1429997944de2d0e06e1e3dd981fa68d7b9178a52c88448e1dd5e97e
2,621,formal-v1__colocation__pyxel_shooter+pyxel_snake+space_rescue__r03,formal-v1,colocation-main,validation,colocation,"[""pyxel_shooter"",""pyxel_snake"",""space_rescue""]",pyxel_shooter,"[""pyxel_snake"",""space_rescue""]",pyxel_shooter+pyxel_snake+space_rescue,pyxel_shooter+pyxel_snake+space_rescue__r03,,,,3,14775508081036918402,10,30,1,10,windows-rtx4060,0,0,grid_2x2,true,80,97d038c3fba55e8663b4a244a72f2c6af5e355cf1641eb229b1e93540dede9b9,5ed80cf2bad8dd330eb4d739a19a5dced2b18149,data/raw/safety-v2-s30/formal-v1/formal-v1__colocation__pyxel_shooter+pyxel_snake+space_rescue__r03,"{""pyxel_shooter"":""games/pyxel/09_shooter.py"",""pyxel_snake"":""games/pyxel/07_snake.py"",""space_rescue"":""games/pyxel/apps-src/space_rescue/space_rescue.py""}","{""pyxel_shooter"":""0f53e4156907eac41080a8f289e22c89365b3239517c754cf59a51af201d5563"",""pyxel_snake"":""bc533fef92d1d358e570f69d979919fe5c1cd8c4da49841104b49a1e661a5ac3"",""space_rescue"":""f3b0ab6784ae558e64f06a3f0a704e53f107a130aa3d43357659d0850131e461""}",cf20387aaba622ae4da24c0e56ad70c2b31f55a4bb0f0a9be24688bb8d130b73
2,622,formal-v1__profile__pyxel_platformer__cpu_compute__p100__r03,formal-v1,profile,not_applicable,pressure_profile,"[""pyxel_platformer""]",pyxel_platformer,[],,,cpu_compute,1,1,3,17962157478425356128,10,30,1,10,windows-rtx4060,0,0,grid_2x2,true,80,97d038c3fba55e8663b4a244a72f2c6af5e355cf1641eb229b1e93540dede9b9,5ed80cf2bad8dd330eb4d739a19a5dced2b18149,data/raw/safety-v2-s30/formal-v1/formal-v1__profile__pyxel_platformer__cpu_compute__p100__r03,"{""pyxel_platformer"":""games/pyxel/10_platformer.py""}","{""pyxel_platformer"":""1b2c75b49dc9ab0254fb4b724682a4787868814a38d2f08920720dc5b6007ac5""}",ec08edc2924944152800b57ca89996799803d375f519ae5725289ce6505c82a3
2,623,formal-v1__extra__daylight+mega_wing+pyxel_bubbles+pyxel_snake__r01,formal-v1,colocation-extra-test,extra_test,extra_test,"[""daylight"",""mega_wing"",""pyxel_bubbles"",""pyxel_snake""]",daylight,"[""mega_wing"",""pyxel_bubbles"",""pyxel_snake""]",daylight+mega_wing+pyxel_bubbles+pyxel_snake,daylight+mega_wing+pyxel_bubbles+pyxel_snake__r01,,,,1,17927576907099472139,10,30,1,10,windows-rtx4060,0,0,grid_2x2,true,80,97d038c3fba55e8663b4a244a72f2c6af5e355cf1641eb229b1e93540dede9b9,5ed80cf2bad8dd330eb4d739a19a5dced2b18149,data/raw/safety-v2-s30/formal-v1/formal-v1__extra__daylight+mega_wing+pyxel_bubbles+pyxel_snake__r01,"{""daylight"":""games/pyxel/apps-src/30SecondsOfDaylight/src/main.py"",""mega_wing"":""games/pyxel/apps-src/mega_wing/mega_wing.py"",""pyxel_bubbles"":""games/pyxel/06_click_game.py"",""pyxel_snake"":""games/pyxel/07_snake.py""}","{""daylight"":""21a365375249e9d7ea05e78dcfe040f09cc1f0c66bd410bae084190c743a028f"",""mega_wing"":""86bad6c02a303806c58137503739241dc6b1e86695f7c0dbf672b5e1a1464e9f"",""pyxel_bubbles"":""54c101e90bdaed839ac4c4284494530d5df37a5819a35f1e41eebb0b3da5d900"",""pyxel_snake"":""bc533fef92d1d358e570f69d979919fe5c1cd8c4da49841104b49a1e661a5ac3""}",6c5524ee8d2f1faf7aae30e85c2048f7123bfd17180c14956d32dad89c6b7719
2,624,formal-v1__colocation__pyxel_bubbles+pyxel_shooter+pyxel_snake__r02,formal-v1,colocation-main,train,colocation,"[""pyxel_bubbles"",""pyxel_shooter"",""pyxel_snake""]",pyxel_bubbles,"[""pyxel_shooter"",""pyxel_snake""]",pyxel_bubbles+pyxel_shooter+pyxel_snake,pyxel_bubbles+pyxel_shooter+pyxel_snake__r02,,,,2,14555748007631107451,10,30,1,10,windows-rtx4060,0,0,grid_2x2,true,80,97d038c3fba55e8663b4a244a72f2c6af5e355cf1641eb229b1e93540dede9b9,5ed80cf2bad8dd330eb4d739a19a5dced2b18149,data/raw/safety-v2-s30/formal-v1/formal-v1__colocation__pyxel_bubbles+pyxel_shooter+pyxel_snake__r02,"{""pyxel_bubbles"":""games/pyxel/06_click_game.py"",""pyxel_shooter"":""games/pyxel/09_shooter.py"",""pyxel_snake"":""games/pyxel/07_snake.py""}","{""pyxel_bubbles"":""54c101e90bdaed839ac4c4284494530d5df37a5819a35f1e41eebb0b3da5d900"",""pyxel_shooter"":""0f53e4156907eac41080a8f289e22c89365b3239517c754cf59a51af201d5563"",""pyxel_snake"":""bc533fef92d1d358e570f69d979919fe5c1cd8c4da49841104b49a1e661a5ac3""}",c03ce455df1617102b6e4058034bed1334b930a4f8d4853b27d47b9926ec4036
2,625,formal-v1__profile__space_rescue__cpu_compute__p000__r01,formal-v1,profile,not_applicable,pressure_profile,"[""space_rescue""]",space_rescue,[],,,cpu_compute,0,0,1,6474875134661485624,10,30,1,10,windows-rtx4060,0,0,grid_2x2,true,80,97d038c3fba55e8663b4a244a72f2c6af5e355cf1641eb229b1e93540dede9b9,5ed80cf2bad8dd330eb4d739a19a5dced2b18149,data/raw/safety-v2-s30/formal-v1/formal-v1__profile__space_rescue__cpu_compute__p000__r01,"{""space_rescue"":""games/pyxel/apps-src/space_rescue/space_rescue.py""}","{""space_rescue"":""f3b0ab6784ae558e64f06a3f0a704e53f107a130aa3d43357659d0850131e461""}",a6a8842d5eaa5cc059ed870b290ab5e0b68438df339fc0a6e92825fbb93959a3
2,626,formal-v1__profile__pyxel_snake__memory_bandwidth__p075__r02,formal-v1,profile,not_applicable,pressure_profile,"[""pyxel_snake""]",pyxel_snake,[],,,memory_bandwidth,0.75,0.75,2,14084844333666529160,10,30,1,10,windows-rtx4060,0,0,grid_2x2,true,80,97d038c3fba55e8663b4a244a72f2c6af5e355cf1641eb229b1e93540dede9b9,5ed80cf2bad8dd330eb4d739a19a5dced2b18149,data/raw/safety-v2-s30/formal-v1/formal-v1__profile__pyxel_snake__memory_bandwidth__p075__r02,"{""pyxel_snake"":""games/pyxel/07_snake.py""}","{""pyxel_snake"":""bc533fef92d1d358e570f69d979919fe5c1cd8c4da49841104b49a1e661a5ac3""}",49d6e10445d714ea2d57050f0fe875ba5f2d6d33c1e86ec421f2bebeafb88164
2,627,formal-v1__extra__mega_wing+pyxel_jump+pyxel_platformer+pyxel_snake__r01,formal-v1,colocation-extra-test,extra_test,extra_test,"[""mega_wing"",""pyxel_jump"",""pyxel_platformer"",""pyxel_snake""]",mega_wing,"[""pyxel_jump"",""pyxel_platformer"",""pyxel_snake""]",mega_wing+pyxel_jump+pyxel_platformer+pyxel_snake,mega_wing+pyxel_jump+pyxel_platformer+pyxel_snake__r01,,,,1,11220244974776969020,10,30,1,10,windows-rtx4060,0,0,grid_2x2,true,80,97d038c3fba55e8663b4a244a72f2c6af5e355cf1641eb229b1e93540dede9b9,5ed80cf2bad8dd330eb4d739a19a5dced2b18149,data/raw/safety-v2-s30/formal-v1/formal-v1__extra__mega_wing+pyxel_jump+pyxel_platformer+pyxel_snake__r01,"{""mega_wing"":""games/pyxel/apps-src/mega_wing/mega_wing.py"",""pyxel_jump"":""games/pyxel/02_jump_game.py"",""pyxel_platformer"":""games/pyxel/10_platformer.py"",""pyxel_snake"":""games/pyxel/07_snake.py""}","{""mega_wing"":""86bad6c02a303806c58137503739241dc6b1e86695f7c0dbf672b5e1a1464e9f"",""pyxel_jump"":""4743a825f1c9cae7e049ac52115f4ecf83350db546c00745a54af187d7bc2e46"",""pyxel_platformer"":""1b2c75b49dc9ab0254fb4b724682a4787868814a38d2f08920720dc5b6007ac5"",""pyxel_snake"":""bc533fef92d1d358e570f69d979919fe5c1cd8c4da49841104b49a1e661a5ac3""}",0100ad1d5fe49101dc1adcf8871e842f519ff39d158400b5922137ccdce0e879
2,628,formal-v1__profile__pyxel_jump__gpu_memory__p050__r03,formal-v1,profile,not_applicable,pressure_profile,"[""pyxel_jump""]",pyxel_jump,[],,,gpu_memory,0.5,0.5,3,17512410130910952806,10,30,1,10,windows-rtx4060,0,0,grid_2x2,true,80,97d038c3fba55e8663b4a244a72f2c6af5e355cf1641eb229b1e93540dede9b9,5ed80cf2bad8dd330eb4d739a19a5dced2b18149,data/raw/safety-v2-s30/formal-v1/formal-v1__profile__pyxel_jump__gpu_memory__p050__r03,"{""pyxel_jump"":""games/pyxel/02_jump_game.py""}","{""pyxel_jump"":""4743a825f1c9cae7e049ac52115f4ecf83350db546c00745a54af187d7bc2e46""}",47d5198ff2d0e7513946f18d851795f81d1e6117b9b5d40f9f913e5dd7558a62
2,629,formal-v1__colocation__daylight+space_rescue__r02,formal-v1,colocation-main,test,colocation,"[""daylight"",""space_rescue""]",daylight,"[""space_rescue""]",daylight+space_rescue,daylight+space_rescue__r02,,,,2,2343974428120052302,10,30,1,10,windows-rtx4060,0,0,grid_2x2,true,80,97d038c3fba55e8663b4a244a72f2c6af5e355cf1641eb229b1e93540dede9b9,5ed80cf2bad8dd330eb4d739a19a5dced2b18149,data/raw/safety-v2-s30/formal-v1/formal-v1__colocation__daylight+space_rescue__r02,"{""daylight"":""games/pyxel/apps-src/30SecondsOfDaylight/src/main.py"",""space_rescue"":""games/pyxel/apps-src/space_rescue/space_rescue.py""}","{""daylight"":""21a365375249e9d7ea05e78dcfe040f09cc1f0c66bd410bae084190c743a028f"",""space_rescue"":""f3b0ab6784ae558e64f06a3f0a704e53f107a130aa3d43357659d0850131e461""}",b21d6e4a126301349d015ac9159bf32b051f4dab5753415ce28845b154348cbc
2,630,formal-v1__colocation__daylight+pyxel_jump+space_rescue__r01,formal-v1,colocation-main,train,colocation,"[""daylight"",""pyxel_jump"",""space_rescue""]",daylight,"[""pyxel_jump"",""space_rescue""]",daylight+pyxel_jump+space_rescue,daylight+pyxel_jump+space_rescue__r01,,,,1,7581442912106823602,10,30,1,10,windows-rtx4060,0,0,grid_2x2,true,80,97d038c3fba55e8663b4a244a72f2c6af5e355cf1641eb229b1e93540dede9b9,5ed80cf2bad8dd330eb4d739a19a5dced2b18149,data/raw/safety-v2-s30/formal-v1/formal-v1__colocation__daylight+pyxel_jump+space_rescue__r01,"{""daylight"":""games/pyxel/apps-src/30SecondsOfDaylight/src/main.py"",""pyxel_jump"":""games/pyxel/02_jump_game.py"",""space_rescue"":""games/pyxel/apps-src/space_rescue/space_rescue.py""}","{""daylight"":""21a365375249e9d7ea05e78dcfe040f09cc1f0c66bd410bae084190c743a028f"",""pyxel_jump"":""4743a825f1c9cae7e049ac52115f4ecf83350db546c00745a54af187d7bc2e46"",""space_rescue"":""f3b0ab6784ae558e64f06a3f0a704e53f107a130aa3d43357659d0850131e461""}",84253359feab8b4ff36133d6d9466eca273d10883a451fb758c4923df55092a2
2,631,formal-v1__profile__pyxel_shooter__cpu_compute__p000__r02,formal-v1,profile,not_applicable,pressure_profile,"[""pyxel_shooter""]",pyxel_shooter,[],,,cpu_compute,0,0,2,14125663570558492137,10,30,1,10,windows-rtx4060,0,0,grid_2x2,true,80,97d038c3fba55e8663b4a244a72f2c6af5e355cf1641eb229b1e93540dede9b9,5ed80cf2bad8dd330eb4d739a19a5dced2b18149,data/raw/safety-v2-s30/formal-v1/formal-v1__profile__pyxel_shooter__cpu_compute__p000__r02,"{""pyxel_shooter"":""games/pyxel/09_shooter.py""}","{""pyxel_shooter"":""0f53e4156907eac41080a8f289e22c89365b3239517c754cf59a51af201d5563""}",e5dea30ef30d37a454bd275657c3879513d5364877dc0c7009c1732caaf1d938
2,632,formal-v1__profile__pyxel_platformer__gpu_compute__p025__r02,formal-v1,profile,not_applicable,pressure_profile,"[""pyxel_platformer""]",pyxel_platformer,[],,,gpu_compute,0.25,0.0625,2,3839963175841785373,10,30,1,10,windows-rtx4060,0,0,grid_2x2,true,80,97d038c3fba55e8663b4a244a72f2c6af5e355cf1641eb229b1e93540dede9b9,5ed80cf2bad8dd330eb4d739a19a5dced2b18149,data/raw/safety-v2-s30/formal-v1/formal-v1__profile__pyxel_platformer__gpu_compute__p025__r02,"{""pyxel_platformer"":""games/pyxel/10_platformer.py""}","{""pyxel_platformer"":""1b2c75b49dc9ab0254fb4b724682a4787868814a38d2f08920720dc5b6007ac5""}",f9c1af31af6c996ef8f8f76e800ee3ebe5abce3d55629661e7daa2c2923cae17
2,633,formal-v1__profile__pyxel_shooter__gpu_memory__p000__r03,formal-v1,profile,not_applicable,pressure_profile,"[""pyxel_shooter""]",pyxel_shooter,[],,,gpu_memory,0,0,3,3924502167562023824,10,30,1,10,windows-rtx4060,0,0,grid_2x2,true,80,97d038c3fba55e8663b4a244a72f2c6af5e355cf1641eb229b1e93540dede9b9,5ed80cf2bad8dd330eb4d739a19a5dced2b18149,data/raw/safety-v2-s30/formal-v1/formal-v1__profile__pyxel_shooter__gpu_memory__p000__r03,"{""pyxel_shooter"":""games/pyxel/09_shooter.py""}","{""pyxel_shooter"":""0f53e4156907eac41080a8f289e22c89365b3239517c754cf59a51af201d5563""}",a88059e84b57e2a0d91134dc9a6199f979247d9373c9e3ee886308e0921a5337
2,634,formal-v1__profile__daylight__memory_bandwidth__p000__r02,formal-v1,profile,not_applicable,pressure_profile,"[""daylight""]",daylight,[],,,memory_bandwidth,0,0,2,15795562366377471980,10,30,1,10,windows-rtx4060,0,0,grid_2x2,true,80,97d038c3fba55e8663b4a244a72f2c6af5e355cf1641eb229b1e93540dede9b9,5ed80cf2bad8dd330eb4d739a19a5dced2b18149,data/raw/safety-v2-s30/formal-v1/formal-v1__profile__daylight__memory_bandwidth__p000__r02,"{""daylight"":""games/pyxel/apps-src/30SecondsOfDaylight/src/main.py""}","{""daylight"":""21a365375249e9d7ea05e78dcfe040f09cc1f0c66bd410bae084190c743a028f""}",f160414d54bcc84e1291407a2a249762a4f053302aa3ee04550d2447a90ecb57
2,635,formal-v1__profile__pyxel_shooter__gpu_memory__p025__r03,formal-v1,profile,not_applicable,pressure_profile,"[""pyxel_shooter""]",pyxel_shooter,[],,,gpu_memory,0.25,0.25,3,5046826982500918016,10,30,1,10,windows-rtx4060,0,0,grid_2x2,true,80,97d038c3fba55e8663b4a244a72f2c6af5e355cf1641eb229b1e93540dede9b9,5ed80cf2bad8dd330eb4d739a19a5dced2b18149,data/raw/safety-v2-s30/formal-v1/formal-v1__profile__pyxel_shooter__gpu_memory__p025__r03,"{""pyxel_shooter"":""games/pyxel/09_shooter.py""}","{""pyxel_shooter"":""0f53e4156907eac41080a8f289e22c89365b3239517c754cf59a51af201d5563""}",e9ee0821a188bfbe4af3f734647949e52fba12267eed84da9bd9531ca27156a7
2,636,formal-v1__extra__mega_wing+pyxel_jump+pyxel_platformer+pyxel_snake__r02,formal-v1,colocation-extra-test,extra_test,extra_test,"[""mega_wing"",""pyxel_jump"",""pyxel_platformer"",""pyxel_snake""]",mega_wing,"[""pyxel_jump"",""pyxel_platformer"",""pyxel_snake""]",mega_wing+pyxel_jump+pyxel_platformer+pyxel_snake,mega_wing+pyxel_jump+pyxel_platformer+pyxel_snake__r02,,,,2,5412096916679900861,10,30,1,10,windows-rtx4060,0,0,grid_2x2,true,80,97d038c3fba55e8663b4a244a72f2c6af5e355cf1641eb229b1e93540dede9b9,5ed80cf2bad8dd330eb4d739a19a5dced2b18149,data/raw/safety-v2-s30/formal-v1/formal-v1__extra__mega_wing+pyxel_jump+pyxel_platformer+pyxel_snake__r02,"{""mega_wing"":""games/pyxel/apps-src/mega_wing/mega_wing.py"",""pyxel_jump"":""games/pyxel/02_jump_game.py"",""pyxel_platformer"":""games/pyxel/10_platformer.py"",""pyxel_snake"":""games/pyxel/07_snake.py""}","{""mega_wing"":""86bad6c02a303806c58137503739241dc6b1e86695f7c0dbf672b5e1a1464e9f"",""pyxel_jump"":""4743a825f1c9cae7e049ac52115f4ecf83350db546c00745a54af187d7bc2e46"",""pyxel_platformer"":""1b2c75b49dc9ab0254fb4b724682a4787868814a38d2f08920720dc5b6007ac5"",""pyxel_snake"":""bc533fef92d1d358e570f69d979919fe5c1cd8c4da49841104b49a1e661a5ac3""}",b66a040e4ccf542277ddf563e056aba093a1015beda12765c0af40267b83123d
2,637,formal-v1__profile__pyxel_jump__cpu_compute__p075__r02,formal-v1,profile,not_applicable,pressure_profile,"[""pyxel_jump""]",pyxel_jump,[],,,cpu_compute,0.75,0.75,2,17946067736322777015,10,30,1,10,windows-rtx4060,0,0,grid_2x2,true,80,97d038c3fba55e8663b4a244a72f2c6af5e355cf1641eb229b1e93540dede9b9,5ed80cf2bad8dd330eb4d739a19a5dced2b18149,data/raw/safety-v2-s30/formal-v1/formal-v1__profile__pyxel_jump__cpu_compute__p075__r02,"{""pyxel_jump"":""games/pyxel/02_jump_game.py""}","{""pyxel_jump"":""4743a825f1c9cae7e049ac52115f4ecf83350db546c00745a54af187d7bc2e46""}",ab5a74ec4edafb850a9cfda6e8b19ebdbd87795757c69c042149ee1419b53049
2,638,formal-v1__profile__daylight__memory_bandwidth__p100__r01,formal-v1,profile,not_applicable,pressure_profile,"[""daylight""]",daylight,[],,,memory_bandwidth,1,1,1,11010954221285247488,10,30,1,10,windows-rtx4060,0,0,grid_2x2,true,80,97d038c3fba55e8663b4a244a72f2c6af5e355cf1641eb229b1e93540dede9b9,5ed80cf2bad8dd330eb4d739a19a5dced2b18149,data/raw/safety-v2-s30/formal-v1/formal-v1__profile__daylight__memory_bandwidth__p100__r01,"{""daylight"":""games/pyxel/apps-src/30SecondsOfDaylight/src/main.py""}","{""daylight"":""21a365375249e9d7ea05e78dcfe040f09cc1f0c66bd410bae084190c743a028f""}",95538a31f6e9da74f774396e00a1bded1a82ffea1701050a9b3ecdb93aa07fa3
2,639,formal-v1__colocation__daylight+pyxel_shooter__r03,formal-v1,colocation-main,test,colocation,"[""daylight"",""pyxel_shooter""]",daylight,"[""pyxel_shooter""]",daylight+pyxel_shooter,daylight+pyxel_shooter__r03,,,,3,10033489765748907662,10,30,1,10,windows-rtx4060,0,0,grid_2x2,true,80,97d038c3fba55e8663b4a244a72f2c6af5e355cf1641eb229b1e93540dede9b9,5ed80cf2bad8dd330eb4d739a19a5dced2b18149,data/raw/safety-v2-s30/formal-v1/formal-v1__colocation__daylight+pyxel_shooter__r03,"{""daylight"":""games/pyxel/apps-src/30SecondsOfDaylight/src/main.py"",""pyxel_shooter"":""games/pyxel/09_shooter.py""}","{""daylight"":""21a365375249e9d7ea05e78dcfe040f09cc1f0c66bd410bae084190c743a028f"",""pyxel_shooter"":""0f53e4156907eac41080a8f289e22c89365b3239517c754cf59a51af201d5563""}",44a3086f0fd40262696eae369fac7ad927258648d3555f06c1e12c7df9b2524d
2,640,formal-v1__profile__pyxel_shooter__memory_bandwidth__p000__r01,formal-v1,profile,not_applicable,pressure_profile,"[""pyxel_shooter""]",pyxel_shooter,[],,,memory_bandwidth,0,0,1,11467345446776780061,10,30,1,10,windows-rtx4060,0,0,grid_2x2,true,80,97d038c3fba55e8663b4a244a72f2c6af5e355cf1641eb229b1e93540dede9b9,5ed80cf2bad8dd330eb4d739a19a5dced2b18149,data/raw/safety-v2-s30/formal-v1/formal-v1__profile__pyxel_shooter__memory_bandwidth__p000__r01,"{""pyxel_shooter"":""games/pyxel/09_shooter.py""}","{""pyxel_shooter"":""0f53e4156907eac41080a8f289e22c89365b3239517c754cf59a51af201d5563""}",7a63966559ebd2a46c513a4737382ea4653e3e836fdd305499f540859bcdbdaf
2,641,formal-v1__profile__pyxel_jump__gpu_memory__p100__r01,formal-v1,profile,not_applicable,pressure_profile,"[""pyxel_jump""]",pyxel_jump,[],,,gpu_memory,1,1,1,10486563380304995357,10,30,1,10,windows-rtx4060,0,0,grid_2x2,true,80,97d038c3fba55e8663b4a244a72f2c6af5e355cf1641eb229b1e93540dede9b9,5ed80cf2bad8dd330eb4d739a19a5dced2b18149,data/raw/safety-v2-s30/formal-v1/formal-v1__profile__pyxel_jump__gpu_memory__p100__r01,"{""pyxel_jump"":""games/pyxel/02_jump_game.py""}","{""pyxel_jump"":""4743a825f1c9cae7e049ac52115f4ecf83350db546c00745a54af187d7bc2e46""}",6d13dd6e54fd9a5ee1aaeabc7b02f1dbf7a3f568380c4b1cf31df48d367e7b04
2,642,formal-v1__colocation__pyxel_snake+space_rescue__r03,formal-v1,colocation-main,train,colocation,"[""pyxel_snake"",""space_rescue""]",pyxel_snake,"[""space_rescue""]",pyxel_snake+space_rescue,pyxel_snake+space_rescue__r03,,,,3,14281140852980524376,10,30,1,10,windows-rtx4060,0,0,grid_2x2,true,80,97d038c3fba55e8663b4a244a72f2c6af5e355cf1641eb229b1e93540dede9b9,5ed80cf2bad8dd330eb4d739a19a5dced2b18149,data/raw/safety-v2-s30/formal-v1/formal-v1__colocation__pyxel_snake+space_rescue__r03,"{""pyxel_snake"":""games/pyxel/07_snake.py"",""space_rescue"":""games/pyxel/apps-src/space_rescue/space_rescue.py""}","{""pyxel_snake"":""bc533fef92d1d358e570f69d979919fe5c1cd8c4da49841104b49a1e661a5ac3"",""space_rescue"":""f3b0ab6784ae558e64f06a3f0a704e53f107a130aa3d43357659d0850131e461""}",be63cfb5e3782c08473961ad4bbc3a13d09e54491f3053f83a7e17d06e5e17cf
2,643,formal-v1__colocation__pyxel_bubbles+pyxel_platformer+pyxel_shooter__r01,formal-v1,colocation-main,validation,colocation,"[""pyxel_bubbles"",""pyxel_platformer"",""pyxel_shooter""]",pyxel_bubbles,"[""pyxel_platformer"",""pyxel_shooter""]",pyxel_bubbles+pyxel_platformer+pyxel_shooter,pyxel_bubbles+pyxel_platformer+pyxel_shooter__r01,,,,1,4733635584818572693,10,30,1,10,windows-rtx4060,0,0,grid_2x2,true,80,97d038c3fba55e8663b4a244a72f2c6af5e355cf1641eb229b1e93540dede9b9,5ed80cf2bad8dd330eb4d739a19a5dced2b18149,data/raw/safety-v2-s30/formal-v1/formal-v1__colocation__pyxel_bubbles+pyxel_platformer+pyxel_shooter__r01,"{""pyxel_bubbles"":""games/pyxel/06_click_game.py"",""pyxel_platformer"":""games/pyxel/10_platformer.py"",""pyxel_shooter"":""games/pyxel/09_shooter.py""}","{""pyxel_bubbles"":""54c101e90bdaed839ac4c4284494530d5df37a5819a35f1e41eebb0b3da5d900"",""pyxel_platformer"":""1b2c75b49dc9ab0254fb4b724682a4787868814a38d2f08920720dc5b6007ac5"",""pyxel_shooter"":""0f53e4156907eac41080a8f289e22c89365b3239517c754cf59a51af201d5563""}",25d883938063b85b05a6bb3c91a05ebbce9294362d9d618e6ee923789eec9519
2,644,formal-v1__extra__mega_wing+pyxel_bubbles+pyxel_jump+space_rescue__r02,formal-v1,colocation-extra-test,extra_test,extra_test,"[""mega_wing"",""pyxel_bubbles"",""pyxel_jump"",""space_rescue""]",mega_wing,"[""pyxel_bubbles"",""pyxel_jump"",""space_rescue""]",mega_wing+pyxel_bubbles+pyxel_jump+space_rescue,mega_wing+pyxel_bubbles+pyxel_jump+space_rescue__r02,,,,2,6164434642108722684,10,30,1,10,windows-rtx4060,0,0,grid_2x2,true,80,97d038c3fba55e8663b4a244a72f2c6af5e355cf1641eb229b1e93540dede9b9,5ed80cf2bad8dd330eb4d739a19a5dced2b18149,data/raw/safety-v2-s30/formal-v1/formal-v1__extra__mega_wing+pyxel_bubbles+pyxel_jump+space_rescue__r02,"{""mega_wing"":""games/pyxel/apps-src/mega_wing/mega_wing.py"",""pyxel_bubbles"":""games/pyxel/06_click_game.py"",""pyxel_jump"":""games/pyxel/02_jump_game.py"",""space_rescue"":""games/pyxel/apps-src/space_rescue/space_rescue.py""}","{""mega_wing"":""86bad6c02a303806c58137503739241dc6b1e86695f7c0dbf672b5e1a1464e9f"",""pyxel_bubbles"":""54c101e90bdaed839ac4c4284494530d5df37a5819a35f1e41eebb0b3da5d900"",""pyxel_jump"":""4743a825f1c9cae7e049ac52115f4ecf83350db546c00745a54af187d7bc2e46"",""space_rescue"":""f3b0ab6784ae558e64f06a3f0a704e53f107a130aa3d43357659d0850131e461""}",64f12fb47f866cbd558f9bc790076f07f47e9202dbbdd91519294498c82766b6
2,645,formal-v1__profile__pyxel_jump__gpu_memory__p025__r01,formal-v1,profile,not_applicable,pressure_profile,"[""pyxel_jump""]",pyxel_jump,[],,,gpu_memory,0.25,0.25,1,4264940903228085012,10,30,1,10,windows-rtx4060,0,0,grid_2x2,true,80,97d038c3fba55e8663b4a244a72f2c6af5e355cf1641eb229b1e93540dede9b9,5ed80cf2bad8dd330eb4d739a19a5dced2b18149,data/raw/safety-v2-s30/formal-v1/formal-v1__profile__pyxel_jump__gpu_memory__p025__r01,"{""pyxel_jump"":""games/pyxel/02_jump_game.py""}","{""pyxel_jump"":""4743a825f1c9cae7e049ac52115f4ecf83350db546c00745a54af187d7bc2e46""}",94fc171e64addd9daa26bc21b2612997886ba5a05fa97db3cc365ef937c8b9ab
2,646,formal-v1__profile__pyxel_platformer__gpu_compute__p000__r02,formal-v1,profile,not_applicable,pressure_profile,"[""pyxel_platformer""]",pyxel_platformer,[],,,gpu_compute,0,0,2,2767811906051114324,10,30,1,10,windows-rtx4060,0,0,grid_2x2,true,80,97d038c3fba55e8663b4a244a72f2c6af5e355cf1641eb229b1e93540dede9b9,5ed80cf2bad8dd330eb4d739a19a5dced2b18149,data/raw/safety-v2-s30/formal-v1/formal-v1__profile__pyxel_platformer__gpu_compute__p000__r02,"{""pyxel_platformer"":""games/pyxel/10_platformer.py""}","{""pyxel_platformer"":""1b2c75b49dc9ab0254fb4b724682a4787868814a38d2f08920720dc5b6007ac5""}",4036c86a115efaff217bc5a74e26bdb68c2fde8eb9d2dfdd1c86700ad812add6
2,647,formal-v1__profile__space_rescue__cpu_compute__p100__r02,formal-v1,profile,not_applicable,pressure_profile,"[""space_rescue""]",space_rescue,[],,,cpu_compute,1,1,2,2850352397763407391,10,30,1,10,windows-rtx4060,0,0,grid_2x2,true,80,97d038c3fba55e8663b4a244a72f2c6af5e355cf1641eb229b1e93540dede9b9,5ed80cf2bad8dd330eb4d739a19a5dced2b18149,data/raw/safety-v2-s30/formal-v1/formal-v1__profile__space_rescue__cpu_compute__p100__r02,"{""space_rescue"":""games/pyxel/apps-src/space_rescue/space_rescue.py""}","{""space_rescue"":""f3b0ab6784ae558e64f06a3f0a704e53f107a130aa3d43357659d0850131e461""}",a7981873a5c24e2f116b91b0e63a57394a93bcb9f645ee59d87e308c0b95e342
2,648,formal-v1__profile__pyxel_snake__gpu_compute__p025__r02,formal-v1,profile,not_applicable,pressure_profile,"[""pyxel_snake""]",pyxel_snake,[],,,gpu_compute,0.25,0.0625,2,12598864248858070270,10,30,1,10,windows-rtx4060,0,0,grid_2x2,true,80,97d038c3fba55e8663b4a244a72f2c6af5e355cf1641eb229b1e93540dede9b9,5ed80cf2bad8dd330eb4d739a19a5dced2b18149,data/raw/safety-v2-s30/formal-v1/formal-v1__profile__pyxel_snake__gpu_compute__p025__r02,"{""pyxel_snake"":""games/pyxel/07_snake.py""}","{""pyxel_snake"":""bc533fef92d1d358e570f69d979919fe5c1cd8c4da49841104b49a1e661a5ac3""}",ded08f15b92b64637a08e06555a2d32c1c204416787fc95688441f2b905bbf84
2,649,formal-v1__profile__pyxel_jump__gpu_compute__p075__r03,formal-v1,profile,not_applicable,pressure_profile,"[""pyxel_jump""]",pyxel_jump,[],,,gpu_compute,0.75,0.1875,3,11683214720077006486,10,30,1,10,windows-rtx4060,0,0,grid_2x2,true,80,97d038c3fba55e8663b4a244a72f2c6af5e355cf1641eb229b1e93540dede9b9,5ed80cf2bad8dd330eb4d739a19a5dced2b18149,data/raw/safety-v2-s30/formal-v1/formal-v1__profile__pyxel_jump__gpu_compute__p075__r03,"{""pyxel_jump"":""games/pyxel/02_jump_game.py""}","{""pyxel_jump"":""4743a825f1c9cae7e049ac52115f4ecf83350db546c00745a54af187d7bc2e46""}",1acb253a4b22e229b6240635a6a3f0913a7f033b0169f393c02bb1c405856f79
2,650,formal-v1__profile__pyxel_platformer__cpu_compute__p075__r02,formal-v1,profile,not_applicable,pressure_profile,"[""pyxel_platformer""]",pyxel_platformer,[],,,cpu_compute,0.75,0.75,2,5330417071459503314,10,30,1,10,windows-rtx4060,0,0,grid_2x2,true,80,97d038c3fba55e8663b4a244a72f2c6af5e355cf1641eb229b1e93540dede9b9,5ed80cf2bad8dd330eb4d739a19a5dced2b18149,data/raw/safety-v2-s30/formal-v1/formal-v1__profile__pyxel_platformer__cpu_compute__p075__r02,"{""pyxel_platformer"":""games/pyxel/10_platformer.py""}","{""pyxel_platformer"":""1b2c75b49dc9ab0254fb4b724682a4787868814a38d2f08920720dc5b6007ac5""}",c286f5ae4448d2250b4f76f767f37df321d1f9cd2ded86124c9cbed5a72938e6
2,651,formal-v1__profile__pyxel_bubbles__gpu_memory__p050__r02,formal-v1,profile,not_applicable,pressure_profile,"[""pyxel_bubbles""]",pyxel_bubbles,[],,,gpu_memory,0.5,0.5,2,4996236166963306433,10,30,1,10,windows-rtx4060,0,0,grid_2x2,true,80,97d038c3fba55e8663b4a244a72f2c6af5e355cf1641eb229b1e93540dede9b9,5ed80cf2bad8dd330eb4d739a19a5dced2b18149,data/raw/safety-v2-s30/formal-v1/formal-v1__profile__pyxel_bubbles__gpu_memory__p050__r02,"{""pyxel_bubbles"":""games/pyxel/06_click_game.py""}","{""pyxel_bubbles"":""54c101e90bdaed839ac4c4284494530d5df37a5819a35f1e41eebb0b3da5d900""}",8cef177401bd87a5c7085454b3570bd01ceec1affede33c36fb8bbed37e09791
2,652,formal-v1__profile__pyxel_bubbles__gpu_memory__p075__r03,formal-v1,profile,not_applicable,pressure_profile,"[""pyxel_bubbles""]",pyxel_bubbles,[],,,gpu_memory,0.75,0.75,3,5292544184787373513,10,30,1,10,windows-rtx4060,0,0,grid_2x2,true,80,97d038c3fba55e8663b4a244a72f2c6af5e355cf1641eb229b1e93540dede9b9,5ed80cf2bad8dd330eb4d739a19a5dced2b18149,data/raw/safety-v2-s30/formal-v1/formal-v1__profile__pyxel_bubbles__gpu_memory__p075__r03,"{""pyxel_bubbles"":""games/pyxel/06_click_game.py""}","{""pyxel_bubbles"":""54c101e90bdaed839ac4c4284494530d5df37a5819a35f1e41eebb0b3da5d900""}",1d3f45acb5d0621bccc8e8c46665f2ab231fc150e772c78243a201a62b92085d
2,653,formal-v1__profile__pyxel_snake__gpu_compute__p075__r03,formal-v1,profile,not_applicable,pressure_profile,"[""pyxel_snake""]",pyxel_snake,[],,,gpu_compute,0.75,0.1875,3,11042220355785710688,10,30,1,10,windows-rtx4060,0,0,grid_2x2,true,80,97d038c3fba55e8663b4a244a72f2c6af5e355cf1641eb229b1e93540dede9b9,5ed80cf2bad8dd330eb4d739a19a5dced2b18149,data/raw/safety-v2-s30/formal-v1/formal-v1__profile__pyxel_snake__gpu_compute__p075__r03,"{""pyxel_snake"":""games/pyxel/07_snake.py""}","{""pyxel_snake"":""bc533fef92d1d358e570f69d979919fe5c1cd8c4da49841104b49a1e661a5ac3""}",913cc087e13f88d2db77019fda8bb75fb68120e36a4d0e81deaa107b0f7bb9da
2,654,formal-v1__profile__mega_wing__gpu_memory__p025__r01,formal-v1,profile,not_applicable,pressure_profile,"[""mega_wing""]",mega_wing,[],,,gpu_memory,0.25,0.25,1,3866701805108123715,10,30,1,10,windows-rtx4060,0,0,grid_2x2,true,80,97d038c3fba55e8663b4a244a72f2c6af5e355cf1641eb229b1e93540dede9b9,5ed80cf2bad8dd330eb4d739a19a5dced2b18149,data/raw/safety-v2-s30/formal-v1/formal-v1__profile__mega_wing__gpu_memory__p025__r01,"{""mega_wing"":""games/pyxel/apps-src/mega_wing/mega_wing.py""}","{""mega_wing"":""86bad6c02a303806c58137503739241dc6b1e86695f7c0dbf672b5e1a1464e9f""}",4b6a69e65a7dbf69a1f7007951660bc551d2f2ec2e5e395589b79dd846f6be5e
2,655,formal-v1__profile__pyxel_snake__gpu_compute__p025__r03,formal-v1,profile,not_applicable,pressure_profile,"[""pyxel_snake""]",pyxel_snake,[],,,gpu_compute,0.25,0.0625,3,14967872788921694157,10,30,1,10,windows-rtx4060,0,0,grid_2x2,true,80,97d038c3fba55e8663b4a244a72f2c6af5e355cf1641eb229b1e93540dede9b9,5ed80cf2bad8dd330eb4d739a19a5dced2b18149,data/raw/safety-v2-s30/formal-v1/formal-v1__profile__pyxel_snake__gpu_compute__p025__r03,"{""pyxel_snake"":""games/pyxel/07_snake.py""}","{""pyxel_snake"":""bc533fef92d1d358e570f69d979919fe5c1cd8c4da49841104b49a1e661a5ac3""}",e2ab277d6c33e359bc1154f5d68e7e66857ade03b06edc5c39a181332cfba67f
2,656,formal-v1__colocation__daylight+pyxel_jump__r01,formal-v1,colocation-main,test,colocation,"[""daylight"",""pyxel_jump""]",daylight,"[""pyxel_jump""]",daylight+pyxel_jump,daylight+pyxel_jump__r01,,,,1,1262859870248397632,10,30,1,10,windows-rtx4060,0,0,grid_2x2,true,80,97d038c3fba55e8663b4a244a72f2c6af5e355cf1641eb229b1e93540dede9b9,5ed80cf2bad8dd330eb4d739a19a5dced2b18149,data/raw/safety-v2-s30/formal-v1/formal-v1__colocation__daylight+pyxel_jump__r01,"{""daylight"":""games/pyxel/apps-src/30SecondsOfDaylight/src/main.py"",""pyxel_jump"":""games/pyxel/02_jump_game.py""}","{""daylight"":""21a365375249e9d7ea05e78dcfe040f09cc1f0c66bd410bae084190c743a028f"",""pyxel_jump"":""4743a825f1c9cae7e049ac52115f4ecf83350db546c00745a54af187d7bc2e46""}",ad75224351b542d5470abf671e0ce152a8b13fcd97fbff57ea91ee8d6acbe844
2,657,formal-v1__colocation__pyxel_bubbles+space_rescue__r03,formal-v1,colocation-main,train,colocation,"[""pyxel_bubbles"",""space_rescue""]",pyxel_bubbles,"[""space_rescue""]",pyxel_bubbles+space_rescue,pyxel_bubbles+space_rescue__r03,,,,3,8057252044865931481,10,30,1,10,windows-rtx4060,0,0,grid_2x2,true,80,97d038c3fba55e8663b4a244a72f2c6af5e355cf1641eb229b1e93540dede9b9,5ed80cf2bad8dd330eb4d739a19a5dced2b18149,data/raw/safety-v2-s30/formal-v1/formal-v1__colocation__pyxel_bubbles+space_rescue__r03,"{""pyxel_bubbles"":""games/pyxel/06_click_game.py"",""space_rescue"":""games/pyxel/apps-src/space_rescue/space_rescue.py""}","{""pyxel_bubbles"":""54c101e90bdaed839ac4c4284494530d5df37a5819a35f1e41eebb0b3da5d900"",""space_rescue"":""f3b0ab6784ae558e64f06a3f0a704e53f107a130aa3d43357659d0850131e461""}",d75958945fec91c1ca271276f64112c98d70df7457eeaee713f2e7f16c6981f4
2,658,formal-v1__profile__pyxel_jump__gpu_compute__p100__r03,formal-v1,profile,not_applicable,pressure_profile,"[""pyxel_jump""]",pyxel_jump,[],,,gpu_compute,1,0.25,3,17302054202162447904,10,30,1,10,windows-rtx4060,0,0,grid_2x2,true,80,97d038c3fba55e8663b4a244a72f2c6af5e355cf1641eb229b1e93540dede9b9,5ed80cf2bad8dd330eb4d739a19a5dced2b18149,data/raw/safety-v2-s30/formal-v1/formal-v1__profile__pyxel_jump__gpu_compute__p100__r03,"{""pyxel_jump"":""games/pyxel/02_jump_game.py""}","{""pyxel_jump"":""4743a825f1c9cae7e049ac52115f4ecf83350db546c00745a54af187d7bc2e46""}",7e96d77dae4d2160b7f05f4aba52a20e91b56ab940c99da0bb48fe4595953bf9
2,659,formal-v1__profile__pyxel_jump__memory_bandwidth__p075__r02,formal-v1,profile,not_applicable,pressure_profile,"[""pyxel_jump""]",pyxel_jump,[],,,memory_bandwidth,0.75,0.75,2,5351201763134131234,10,30,1,10,windows-rtx4060,0,0,grid_2x2,true,80,97d038c3fba55e8663b4a244a72f2c6af5e355cf1641eb229b1e93540dede9b9,5ed80cf2bad8dd330eb4d739a19a5dced2b18149,data/raw/safety-v2-s30/formal-v1/formal-v1__profile__pyxel_jump__memory_bandwidth__p075__r02,"{""pyxel_jump"":""games/pyxel/02_jump_game.py""}","{""pyxel_jump"":""4743a825f1c9cae7e049ac52115f4ecf83350db546c00745a54af187d7bc2e46""}",a4622da673641dbb2a642e3727511e56dee1bb12e9edec6f53ac14f831bcb388
2,660,formal-v1__colocation__pyxel_shooter+space_rescue__r02,formal-v1,colocation-main,train,colocation,"[""pyxel_shooter"",""space_rescue""]",pyxel_shooter,"[""space_rescue""]",pyxel_shooter+space_rescue,pyxel_shooter+space_rescue__r02,,,,2,15498335833253296561,10,30,1,10,windows-rtx4060,0,0,grid_2x2,true,80,97d038c3fba55e8663b4a244a72f2c6af5e355cf1641eb229b1e93540dede9b9,5ed80cf2bad8dd330eb4d739a19a5dced2b18149,data/raw/safety-v2-s30/formal-v1/formal-v1__colocation__pyxel_shooter+space_rescue__r02,"{""pyxel_shooter"":""games/pyxel/09_shooter.py"",""space_rescue"":""games/pyxel/apps-src/space_rescue/space_rescue.py""}","{""pyxel_shooter"":""0f53e4156907eac41080a8f289e22c89365b3239517c754cf59a51af201d5563"",""space_rescue"":""f3b0ab6784ae558e64f06a3f0a704e53f107a130aa3d43357659d0850131e461""}",3e54e1acc996fbde9e075cf45df65491ce6d0c34e237cc49efb4114a8c0e1e5e
2,661,formal-v1__colocation__pyxel_bubbles+pyxel_shooter__r03,formal-v1,colocation-main,train,colocation,"[""pyxel_bubbles"",""pyxel_shooter""]",pyxel_bubbles,"[""pyxel_shooter""]",pyxel_bubbles+pyxel_shooter,pyxel_bubbles+pyxel_shooter__r03,,,,3,7784978273315133933,10,30,1,10,windows-rtx4060,0,0,grid_2x2,true,80,97d038c3fba55e8663b4a244a72f2c6af5e355cf1641eb229b1e93540dede9b9,5ed80cf2bad8dd330eb4d739a19a5dced2b18149,data/raw/safety-v2-s30/formal-v1/formal-v1__colocation__pyxel_bubbles+pyxel_shooter__r03,"{""pyxel_bubbles"":""games/pyxel/06_click_game.py"",""pyxel_shooter"":""games/pyxel/09_shooter.py""}","{""pyxel_bubbles"":""54c101e90bdaed839ac4c4284494530d5df37a5819a35f1e41eebb0b3da5d900"",""pyxel_shooter"":""0f53e4156907eac41080a8f289e22c89365b3239517c754cf59a51af201d5563""}",32062d32cf6475f9fbb729b1f67b992caa62b5dda6e04e822e16fe06fa38b49f
2,662,formal-v1__solo__pyxel_platformer__r03,formal-v1,solo,not_applicable,solo,"[""pyxel_platformer""]",pyxel_platformer,[],,,,,,3,13258129796867873336,10,30,1,10,windows-rtx4060,0,0,grid_2x2,true,80,97d038c3fba55e8663b4a244a72f2c6af5e355cf1641eb229b1e93540dede9b9,5ed80cf2bad8dd330eb4d739a19a5dced2b18149,data/raw/safety-v2-s30/formal-v1/formal-v1__solo__pyxel_platformer__r03,"{""pyxel_platformer"":""games/pyxel/10_platformer.py""}","{""pyxel_platformer"":""1b2c75b49dc9ab0254fb4b724682a4787868814a38d2f08920720dc5b6007ac5""}",edffc221fe43f79c6af857770dfcac9ea28c6ab3e37e723d54ca247e8cab8fbd
2,663,formal-v1__profile__pyxel_bubbles__gpu_compute__p075__r01,formal-v1,profile,not_applicable,pressure_profile,"[""pyxel_bubbles""]",pyxel_bubbles,[],,,gpu_compute,0.75,0.1875,1,14559782447075217502,10,30,1,10,windows-rtx4060,0,0,grid_2x2,true,80,97d038c3fba55e8663b4a244a72f2c6af5e355cf1641eb229b1e93540dede9b9,5ed80cf2bad8dd330eb4d739a19a5dced2b18149,data/raw/safety-v2-s30/formal-v1/formal-v1__profile__pyxel_bubbles__gpu_compute__p075__r01,"{""pyxel_bubbles"":""games/pyxel/06_click_game.py""}","{""pyxel_bubbles"":""54c101e90bdaed839ac4c4284494530d5df37a5819a35f1e41eebb0b3da5d900""}",c6283d27d370bde1686d9aac2b8041f8031110adba01e462b323f2c6f919c499
2,664,formal-v1__profile__pyxel_jump__gpu_memory__p000__r03,formal-v1,profile,not_applicable,pressure_profile,"[""pyxel_jump""]",pyxel_jump,[],,,gpu_memory,0,0,3,2423176906744938758,10,30,1,10,windows-rtx4060,0,0,grid_2x2,true,80,97d038c3fba55e8663b4a244a72f2c6af5e355cf1641eb229b1e93540dede9b9,5ed80cf2bad8dd330eb4d739a19a5dced2b18149,data/raw/safety-v2-s30/formal-v1/formal-v1__profile__pyxel_jump__gpu_memory__p000__r03,"{""pyxel_jump"":""games/pyxel/02_jump_game.py""}","{""pyxel_jump"":""4743a825f1c9cae7e049ac52115f4ecf83350db546c00745a54af187d7bc2e46""}",18dd87b1d40eecbd8e5913c7c804b88369a78c40c163b0deee5864ff470d60b9
2,665,formal-v1__profile__pyxel_shooter__gpu_memory__p000__r01,formal-v1,profile,not_applicable,pressure_profile,"[""pyxel_shooter""]",pyxel_shooter,[],,,gpu_memory,0,0,1,13128955997156162672,10,30,1,10,windows-rtx4060,0,0,grid_2x2,true,80,97d038c3fba55e8663b4a244a72f2c6af5e355cf1641eb229b1e93540dede9b9,5ed80cf2bad8dd330eb4d739a19a5dced2b18149,data/raw/safety-v2-s30/formal-v1/formal-v1__profile__pyxel_shooter__gpu_memory__p000__r01,"{""pyxel_shooter"":""games/pyxel/09_shooter.py""}","{""pyxel_shooter"":""0f53e4156907eac41080a8f289e22c89365b3239517c754cf59a51af201d5563""}",d5fb11d22e7a6eb58d93a5b9940ff4a2fc85993f27051ba05b43e848b3df2786
2,666,formal-v1__profile__daylight__gpu_memory__p100__r02,formal-v1,profile,not_applicable,pressure_profile,"[""daylight""]",daylight,[],,,gpu_memory,1,1,2,16244050539297616070,10,30,1,10,windows-rtx4060,0,0,grid_2x2,true,80,97d038c3fba55e8663b4a244a72f2c6af5e355cf1641eb229b1e93540dede9b9,5ed80cf2bad8dd330eb4d739a19a5dced2b18149,data/raw/safety-v2-s30/formal-v1/formal-v1__profile__daylight__gpu_memory__p100__r02,"{""daylight"":""games/pyxel/apps-src/30SecondsOfDaylight/src/main.py""}","{""daylight"":""21a365375249e9d7ea05e78dcfe040f09cc1f0c66bd410bae084190c743a028f""}",8bbc75ea310b730fe053fef54efaf39e91773b93bad4056ebedd8eeddf70c08e
2,667,formal-v1__profile__pyxel_jump__gpu_compute__p050__r01,formal-v1,profile,not_applicable,pressure_profile,"[""pyxel_jump""]",pyxel_jump,[],,,gpu_compute,0.5,0.125,1,12555753442691066136,10,30,1,10,windows-rtx4060,0,0,grid_2x2,true,80,97d038c3fba55e8663b4a244a72f2c6af5e355cf1641eb229b1e93540dede9b9,5ed80cf2bad8dd330eb4d739a19a5dced2b18149,data/raw/safety-v2-s30/formal-v1/formal-v1__profile__pyxel_jump__gpu_compute__p050__r01,"{""pyxel_jump"":""games/pyxel/02_jump_game.py""}","{""pyxel_jump"":""4743a825f1c9cae7e049ac52115f4ecf83350db546c00745a54af187d7bc2e46""}",94112addb037a171dcba75ec59a3c4d8cc13b6210f3f278ea34b20c5b76d1aa4
2,668,formal-v1__colocation__daylight+mega_wing+pyxel_jump__r01,formal-v1,colocation-main,train,colocation,"[""daylight"",""mega_wing"",""pyxel_jump""]",daylight,"[""mega_wing"",""pyxel_jump""]",daylight+mega_wing+pyxel_jump,daylight+mega_wing+pyxel_jump__r01,,,,1,10667228663385005767,10,30,1,10,windows-rtx4060,0,0,grid_2x2,true,80,97d038c3fba55e8663b4a244a72f2c6af5e355cf1641eb229b1e93540dede9b9,5ed80cf2bad8dd330eb4d739a19a5dced2b18149,data/raw/safety-v2-s30/formal-v1/formal-v1__colocation__daylight+mega_wing+pyxel_jump__r01,"{""daylight"":""games/pyxel/apps-src/30SecondsOfDaylight/src/main.py"",""mega_wing"":""games/pyxel/apps-src/mega_wing/mega_wing.py"",""pyxel_jump"":""games/pyxel/02_jump_game.py""}","{""daylight"":""21a365375249e9d7ea05e78dcfe040f09cc1f0c66bd410bae084190c743a028f"",""mega_wing"":""86bad6c02a303806c58137503739241dc6b1e86695f7c0dbf672b5e1a1464e9f"",""pyxel_jump"":""4743a825f1c9cae7e049ac52115f4ecf83350db546c00745a54af187d7bc2e46""}",39bbdaee083ea0dadfc91161be8d1147c5c969282f6b469fb43d145d903ed048
2,669,formal-v1__profile__pyxel_shooter__cpu_compute__p025__r02,formal-v1,profile,not_applicable,pressure_profile,"[""pyxel_shooter""]",pyxel_shooter,[],,,cpu_compute,0.25,0.25,2,15510535081028451907,10,30,1,10,windows-rtx4060,0,0,grid_2x2,true,80,97d038c3fba55e8663b4a244a72f2c6af5e355cf1641eb229b1e93540dede9b9,5ed80cf2bad8dd330eb4d739a19a5dced2b18149,data/raw/safety-v2-s30/formal-v1/formal-v1__profile__pyxel_shooter__cpu_compute__p025__r02,"{""pyxel_shooter"":""games/pyxel/09_shooter.py""}","{""pyxel_shooter"":""0f53e4156907eac41080a8f289e22c89365b3239517c754cf59a51af201d5563""}",a190d23c814fa73f0e2bfad356f32c9625369d6402e2207d14f81a3efca25eb5
2,670,formal-v1__colocation__daylight+pyxel_bubbles+space_rescue__r02,formal-v1,colocation-main,train,colocation,"[""daylight"",""pyxel_bubbles"",""space_rescue""]",daylight,"[""pyxel_bubbles"",""space_rescue""]",daylight+pyxel_bubbles+space_rescue,daylight+pyxel_bubbles+space_rescue__r02,,,,2,13076157871158550893,10,30,1,10,windows-rtx4060,0,0,grid_2x2,true,80,97d038c3fba55e8663b4a244a72f2c6af5e355cf1641eb229b1e93540dede9b9,5ed80cf2bad8dd330eb4d739a19a5dced2b18149,data/raw/safety-v2-s30/formal-v1/formal-v1__colocation__daylight+pyxel_bubbles+space_rescue__r02,"{""daylight"":""games/pyxel/apps-src/30SecondsOfDaylight/src/main.py"",""pyxel_bubbles"":""games/pyxel/06_click_game.py"",""space_rescue"":""games/pyxel/apps-src/space_rescue/space_rescue.py""}","{""daylight"":""21a365375249e9d7ea05e78dcfe040f09cc1f0c66bd410bae084190c743a028f"",""pyxel_bubbles"":""54c101e90bdaed839ac4c4284494530d5df37a5819a35f1e41eebb0b3da5d900"",""space_rescue"":""f3b0ab6784ae558e64f06a3f0a704e53f107a130aa3d43357659d0850131e461""}",e2a6969d381ffe9970fb555089d9ab18265be39a060eb0ebe14ee13b358a4b46
2,671,formal-v1__profile__pyxel_bubbles__cpu_compute__p025__r02,formal-v1,profile,not_applicable,pressure_profile,"[""pyxel_bubbles""]",pyxel_bubbles,[],,,cpu_compute,0.25,0.25,2,13640759982547031624,10,30,1,10,windows-rtx4060,0,0,grid_2x2,true,80,97d038c3fba55e8663b4a244a72f2c6af5e355cf1641eb229b1e93540dede9b9,5ed80cf2bad8dd330eb4d739a19a5dced2b18149,data/raw/safety-v2-s30/formal-v1/formal-v1__profile__pyxel_bubbles__cpu_compute__p025__r02,"{""pyxel_bubbles"":""games/pyxel/06_click_game.py""}","{""pyxel_bubbles"":""54c101e90bdaed839ac4c4284494530d5df37a5819a35f1e41eebb0b3da5d900""}",053ca2681a130b9964cce61dec1c1d80b293cb82427c5170c0c1c64c9d841378
2,672,formal-v1__profile__pyxel_platformer__gpu_memory__p025__r02,formal-v1,profile,not_applicable,pressure_profile,"[""pyxel_platformer""]",pyxel_platformer,[],,,gpu_memory,0.25,0.25,2,10984619630531829785,10,30,1,10,windows-rtx4060,0,0,grid_2x2,true,80,97d038c3fba55e8663b4a244a72f2c6af5e355cf1641eb229b1e93540dede9b9,5ed80cf2bad8dd330eb4d739a19a5dced2b18149,data/raw/safety-v2-s30/formal-v1/formal-v1__profile__pyxel_platformer__gpu_memory__p025__r02,"{""pyxel_platformer"":""games/pyxel/10_platformer.py""}","{""pyxel_platformer"":""1b2c75b49dc9ab0254fb4b724682a4787868814a38d2f08920720dc5b6007ac5""}",176db19863eb2cab69e9e58894bcf473adfe435d03d431c8ce98a785e859de44
2,673,formal-v1__profile__pyxel_shooter__gpu_memory__p100__r01,formal-v1,profile,not_applicable,pressure_profile,"[""pyxel_shooter""]",pyxel_shooter,[],,,gpu_memory,1,1,1,10789056470971891121,10,30,1,10,windows-rtx4060,0,0,grid_2x2,true,80,97d038c3fba55e8663b4a244a72f2c6af5e355cf1641eb229b1e93540dede9b9,5ed80cf2bad8dd330eb4d739a19a5dced2b18149,data/raw/safety-v2-s30/formal-v1/formal-v1__profile__pyxel_shooter__gpu_memory__p100__r01,"{""pyxel_shooter"":""games/pyxel/09_shooter.py""}","{""pyxel_shooter"":""0f53e4156907eac41080a8f289e22c89365b3239517c754cf59a51af201d5563""}",40ca7f711186d24675e7474066294a6385ec113dbc631be682c6dbb5be2e845e
2,674,formal-v1__colocation__pyxel_bubbles+space_rescue__r02,formal-v1,colocation-main,train,colocation,"[""pyxel_bubbles"",""space_rescue""]",pyxel_bubbles,"[""space_rescue""]",pyxel_bubbles+space_rescue,pyxel_bubbles+space_rescue__r02,,,,2,14757913708617749831,10,30,1,10,windows-rtx4060,0,0,grid_2x2,true,80,97d038c3fba55e8663b4a244a72f2c6af5e355cf1641eb229b1e93540dede9b9,5ed80cf2bad8dd330eb4d739a19a5dced2b18149,data/raw/safety-v2-s30/formal-v1/formal-v1__colocation__pyxel_bubbles+space_rescue__r02,"{""pyxel_bubbles"":""games/pyxel/06_click_game.py"",""space_rescue"":""games/pyxel/apps-src/space_rescue/space_rescue.py""}","{""pyxel_bubbles"":""54c101e90bdaed839ac4c4284494530d5df37a5819a35f1e41eebb0b3da5d900"",""space_rescue"":""f3b0ab6784ae558e64f06a3f0a704e53f107a130aa3d43357659d0850131e461""}",9d177499017ced58684516381f386283bd18447b574c2ee31ba21559c9ef401d
2,675,formal-v1__profile__space_rescue__gpu_compute__p000__r01,formal-v1,profile,not_applicable,pressure_profile,"[""space_rescue""]",space_rescue,[],,,gpu_compute,0,0,1,4806758950488709513,10,30,1,10,windows-rtx4060,0,0,grid_2x2,true,80,97d038c3fba55e8663b4a244a72f2c6af5e355cf1641eb229b1e93540dede9b9,5ed80cf2bad8dd330eb4d739a19a5dced2b18149,data/raw/safety-v2-s30/formal-v1/formal-v1__profile__space_rescue__gpu_compute__p000__r01,"{""space_rescue"":""games/pyxel/apps-src/space_rescue/space_rescue.py""}","{""space_rescue"":""f3b0ab6784ae558e64f06a3f0a704e53f107a130aa3d43357659d0850131e461""}",f734b7c0f708f59edea483714c281cfefe8c27f39caa710ada345ed35205e3e5
2,676,formal-v1__profile__space_rescue__gpu_compute__p000__r03,formal-v1,profile,not_applicable,pressure_profile,"[""space_rescue""]",space_rescue,[],,,gpu_compute,0,0,3,14949748623094871878,10,30,1,10,windows-rtx4060,0,0,grid_2x2,true,80,97d038c3fba55e8663b4a244a72f2c6af5e355cf1641eb229b1e93540dede9b9,5ed80cf2bad8dd330eb4d739a19a5dced2b18149,data/raw/safety-v2-s30/formal-v1/formal-v1__profile__space_rescue__gpu_compute__p000__r03,"{""space_rescue"":""games/pyxel/apps-src/space_rescue/space_rescue.py""}","{""space_rescue"":""f3b0ab6784ae558e64f06a3f0a704e53f107a130aa3d43357659d0850131e461""}",0d8608ebe470ca62047d098ecaf020aeb9bec35ebaf1efc4ba05ab17218e94b5
2,677,formal-v1__solo__daylight__r03,formal-v1,solo,not_applicable,solo,"[""daylight""]",daylight,[],,,,,,3,9575667836681725899,10,30,1,10,windows-rtx4060,0,0,grid_2x2,true,80,97d038c3fba55e8663b4a244a72f2c6af5e355cf1641eb229b1e93540dede9b9,5ed80cf2bad8dd330eb4d739a19a5dced2b18149,data/raw/safety-v2-s30/formal-v1/formal-v1__solo__daylight__r03,"{""daylight"":""games/pyxel/apps-src/30SecondsOfDaylight/src/main.py""}","{""daylight"":""21a365375249e9d7ea05e78dcfe040f09cc1f0c66bd410bae084190c743a028f""}",c88a8320b88215805703d7fadcec9f5b28ac6b863845a817ea17a527a02a0fb0
2,678,formal-v1__colocation__pyxel_jump+pyxel_platformer+pyxel_snake__r03,formal-v1,colocation-main,train,colocation,"[""pyxel_jump"",""pyxel_platformer"",""pyxel_snake""]",pyxel_jump,"[""pyxel_platformer"",""pyxel_snake""]",pyxel_jump+pyxel_platformer+pyxel_snake,pyxel_jump+pyxel_platformer+pyxel_snake__r03,,,,3,16650848774399994307,10,30,1,10,windows-rtx4060,0,0,grid_2x2,true,80,97d038c3fba55e8663b4a244a72f2c6af5e355cf1641eb229b1e93540dede9b9,5ed80cf2bad8dd330eb4d739a19a5dced2b18149,data/raw/safety-v2-s30/formal-v1/formal-v1__colocation__pyxel_jump+pyxel_platformer+pyxel_snake__r03,"{""pyxel_jump"":""games/pyxel/02_jump_game.py"",""pyxel_platformer"":""games/pyxel/10_platformer.py"",""pyxel_snake"":""games/pyxel/07_snake.py""}","{""pyxel_jump"":""4743a825f1c9cae7e049ac52115f4ecf83350db546c00745a54af187d7bc2e46"",""pyxel_platformer"":""1b2c75b49dc9ab0254fb4b724682a4787868814a38d2f08920720dc5b6007ac5"",""pyxel_snake"":""bc533fef92d1d358e570f69d979919fe5c1cd8c4da49841104b49a1e661a5ac3""}",066b200188e2eccba7a4e73afd11a719390bb375639eab5f77dbe399205198ca
2,679,formal-v1__colocation__daylight+pyxel_bubbles__r01,formal-v1,colocation-main,validation,colocation,"[""daylight"",""pyxel_bubbles""]",daylight,"[""pyxel_bubbles""]",daylight+pyxel_bubbles,daylight+pyxel_bubbles__r01,,,,1,12275198146320755184,10,30,1,10,windows-rtx4060,0,0,grid_2x2,true,80,97d038c3fba55e8663b4a244a72f2c6af5e355cf1641eb229b1e93540dede9b9,5ed80cf2bad8dd330eb4d739a19a5dced2b18149,data/raw/safety-v2-s30/formal-v1/formal-v1__colocation__daylight+pyxel_bubbles__r01,"{""daylight"":""games/pyxel/apps-src/30SecondsOfDaylight/src/main.py"",""pyxel_bubbles"":""games/pyxel/06_click_game.py""}","{""daylight"":""21a365375249e9d7ea05e78dcfe040f09cc1f0c66bd410bae084190c743a028f"",""pyxel_bubbles"":""54c101e90bdaed839ac4c4284494530d5df37a5819a35f1e41eebb0b3da5d900""}",4d08a840b82acc70722af4c8dc278e03b1185db89469a654237c6cee97fa8acf
2,680,formal-v1__profile__pyxel_snake__memory_bandwidth__p050__r01,formal-v1,profile,not_applicable,pressure_profile,"[""pyxel_snake""]",pyxel_snake,[],,,memory_bandwidth,0.5,0.5,1,12904724028316273076,10,30,1,10,windows-rtx4060,0,0,grid_2x2,true,80,97d038c3fba55e8663b4a244a72f2c6af5e355cf1641eb229b1e93540dede9b9,5ed80cf2bad8dd330eb4d739a19a5dced2b18149,data/raw/safety-v2-s30/formal-v1/formal-v1__profile__pyxel_snake__memory_bandwidth__p050__r01,"{""pyxel_snake"":""games/pyxel/07_snake.py""}","{""pyxel_snake"":""bc533fef92d1d358e570f69d979919fe5c1cd8c4da49841104b49a1e661a5ac3""}",0afdf2875b05021a025bade52df7c5075c38b8ac0f13b3cdf26c17d3f07c7a71
2,681,formal-v1__profile__mega_wing__memory_bandwidth__p075__r02,formal-v1,profile,not_applicable,pressure_profile,"[""mega_wing""]",mega_wing,[],,,memory_bandwidth,0.75,0.75,2,7750196177197928989,10,30,1,10,windows-rtx4060,0,0,grid_2x2,true,80,97d038c3fba55e8663b4a244a72f2c6af5e355cf1641eb229b1e93540dede9b9,5ed80cf2bad8dd330eb4d739a19a5dced2b18149,data/raw/safety-v2-s30/formal-v1/formal-v1__profile__mega_wing__memory_bandwidth__p075__r02,"{""mega_wing"":""games/pyxel/apps-src/mega_wing/mega_wing.py""}","{""mega_wing"":""86bad6c02a303806c58137503739241dc6b1e86695f7c0dbf672b5e1a1464e9f""}",25ec73a15f60d01d3f9f1c0edd9b85782b4f6be464434f77e6c9117cec80e56d
2,682,formal-v1__profile__pyxel_bubbles__cpu_compute__p025__r01,formal-v1,profile,not_applicable,pressure_profile,"[""pyxel_bubbles""]",pyxel_bubbles,[],,,cpu_compute,0.25,0.25,1,5327162511182968226,10,30,1,10,windows-rtx4060,0,0,grid_2x2,true,80,97d038c3fba55e8663b4a244a72f2c6af5e355cf1641eb229b1e93540dede9b9,5ed80cf2bad8dd330eb4d739a19a5dced2b18149,data/raw/safety-v2-s30/formal-v1/formal-v1__profile__pyxel_bubbles__cpu_compute__p025__r01,"{""pyxel_bubbles"":""games/pyxel/06_click_game.py""}","{""pyxel_bubbles"":""54c101e90bdaed839ac4c4284494530d5df37a5819a35f1e41eebb0b3da5d900""}",2849228ef28f050507cf503a90162874bf696d8f32a9d5d09cd8566dbcbe48a1
2,683,formal-v1__profile__daylight__cpu_compute__p025__r03,formal-v1,profile,not_applicable,pressure_profile,"[""daylight""]",daylight,[],,,cpu_compute,0.25,0.25,3,792335164395500404,10,30,1,10,windows-rtx4060,0,0,grid_2x2,true,80,97d038c3fba55e8663b4a244a72f2c6af5e355cf1641eb229b1e93540dede9b9,5ed80cf2bad8dd330eb4d739a19a5dced2b18149,data/raw/safety-v2-s30/formal-v1/formal-v1__profile__daylight__cpu_compute__p025__r03,"{""daylight"":""games/pyxel/apps-src/30SecondsOfDaylight/src/main.py""}","{""daylight"":""21a365375249e9d7ea05e78dcfe040f09cc1f0c66bd410bae084190c743a028f""}",0f2c6142aa4fdea190de1e1adee91f7003b9a6e4e6bcdbe71165f8b7b199575a
2,684,formal-v1__profile__pyxel_platformer__memory_bandwidth__p100__r01,formal-v1,profile,not_applicable,pressure_profile,"[""pyxel_platformer""]",pyxel_platformer,[],,,memory_bandwidth,1,1,1,5382222049259964063,10,30,1,10,windows-rtx4060,0,0,grid_2x2,true,80,97d038c3fba55e8663b4a244a72f2c6af5e355cf1641eb229b1e93540dede9b9,5ed80cf2bad8dd330eb4d739a19a5dced2b18149,data/raw/safety-v2-s30/formal-v1/formal-v1__profile__pyxel_platformer__memory_bandwidth__p100__r01,"{""pyxel_platformer"":""games/pyxel/10_platformer.py""}","{""pyxel_platformer"":""1b2c75b49dc9ab0254fb4b724682a4787868814a38d2f08920720dc5b6007ac5""}",6d99adfed13e394738ad4bf7b322a60eebfa67ce1a8b48b49871dc9e419fe0f7
2,685,formal-v1__profile__daylight__memory_bandwidth__p100__r02,formal-v1,profile,not_applicable,pressure_profile,"[""daylight""]",daylight,[],,,memory_bandwidth,1,1,2,9432935516054609177,10,30,1,10,windows-rtx4060,0,0,grid_2x2,true,80,97d038c3fba55e8663b4a244a72f2c6af5e355cf1641eb229b1e93540dede9b9,5ed80cf2bad8dd330eb4d739a19a5dced2b18149,data/raw/safety-v2-s30/formal-v1/formal-v1__profile__daylight__memory_bandwidth__p100__r02,"{""daylight"":""games/pyxel/apps-src/30SecondsOfDaylight/src/main.py""}","{""daylight"":""21a365375249e9d7ea05e78dcfe040f09cc1f0c66bd410bae084190c743a028f""}",c18496182b5b61395ef7dd84b7a33833a4556f25917f3f12d3dd036bff784b19
2,686,formal-v1__profile__space_rescue__cpu_compute__p000__r03,formal-v1,profile,not_applicable,pressure_profile,"[""space_rescue""]",space_rescue,[],,,cpu_compute,0,0,3,16445950695555674728,10,30,1,10,windows-rtx4060,0,0,grid_2x2,true,80,97d038c3fba55e8663b4a244a72f2c6af5e355cf1641eb229b1e93540dede9b9,5ed80cf2bad8dd330eb4d739a19a5dced2b18149,data/raw/safety-v2-s30/formal-v1/formal-v1__profile__space_rescue__cpu_compute__p000__r03,"{""space_rescue"":""games/pyxel/apps-src/space_rescue/space_rescue.py""}","{""space_rescue"":""f3b0ab6784ae558e64f06a3f0a704e53f107a130aa3d43357659d0850131e461""}",fe62821f102622f27017a788ea9b0721449c1c26217b3b42a4cbd3c39773a3ef
2,687,formal-v1__profile__pyxel_shooter__gpu_memory__p100__r02,formal-v1,profile,not_applicable,pressure_profile,"[""pyxel_shooter""]",pyxel_shooter,[],,,gpu_memory,1,1,2,15985385741595330183,10,30,1,10,windows-rtx4060,0,0,grid_2x2,true,80,97d038c3fba55e8663b4a244a72f2c6af5e355cf1641eb229b1e93540dede9b9,5ed80cf2bad8dd330eb4d739a19a5dced2b18149,data/raw/safety-v2-s30/formal-v1/formal-v1__profile__pyxel_shooter__gpu_memory__p100__r02,"{""pyxel_shooter"":""games/pyxel/09_shooter.py""}","{""pyxel_shooter"":""0f53e4156907eac41080a8f289e22c89365b3239517c754cf59a51af201d5563""}",9b927e03f395e2c5ec3d08c1fbc5c33219bd0eea977587dad1106bbf76dcabda
2,688,formal-v1__profile__pyxel_jump__memory_bandwidth__p025__r03,formal-v1,profile,not_applicable,pressure_profile,"[""pyxel_jump""]",pyxel_jump,[],,,memory_bandwidth,0.25,0.25,3,11553399620744291521,10,30,1,10,windows-rtx4060,0,0,grid_2x2,true,80,97d038c3fba55e8663b4a244a72f2c6af5e355cf1641eb229b1e93540dede9b9,5ed80cf2bad8dd330eb4d739a19a5dced2b18149,data/raw/safety-v2-s30/formal-v1/formal-v1__profile__pyxel_jump__memory_bandwidth__p025__r03,"{""pyxel_jump"":""games/pyxel/02_jump_game.py""}","{""pyxel_jump"":""4743a825f1c9cae7e049ac52115f4ecf83350db546c00745a54af187d7bc2e46""}",824107cfd89dbd3ad2829e391e76c400fc61046a55e2bd34095cbd5c173bf541
2,689,formal-v1__profile__pyxel_platformer__memory_bandwidth__p000__r01,formal-v1,profile,not_applicable,pressure_profile,"[""pyxel_platformer""]",pyxel_platformer,[],,,memory_bandwidth,0,0,1,5530499916137772771,10,30,1,10,windows-rtx4060,0,0,grid_2x2,true,80,97d038c3fba55e8663b4a244a72f2c6af5e355cf1641eb229b1e93540dede9b9,5ed80cf2bad8dd330eb4d739a19a5dced2b18149,data/raw/safety-v2-s30/formal-v1/formal-v1__profile__pyxel_platformer__memory_bandwidth__p000__r01,"{""pyxel_platformer"":""games/pyxel/10_platformer.py""}","{""pyxel_platformer"":""1b2c75b49dc9ab0254fb4b724682a4787868814a38d2f08920720dc5b6007ac5""}",bacb47482eed34029ab95a7a860ed4476d5a54cd678c9bba38d98a5cdcf92208
2,690,formal-v1__profile__mega_wing__gpu_compute__p075__r01,formal-v1,profile,not_applicable,pressure_profile,"[""mega_wing""]",mega_wing,[],,,gpu_compute,0.75,0.1875,1,5779947581129877519,10,30,1,10,windows-rtx4060,0,0,grid_2x2,true,80,97d038c3fba55e8663b4a244a72f2c6af5e355cf1641eb229b1e93540dede9b9,5ed80cf2bad8dd330eb4d739a19a5dced2b18149,data/raw/safety-v2-s30/formal-v1/formal-v1__profile__mega_wing__gpu_compute__p075__r01,"{""mega_wing"":""games/pyxel/apps-src/mega_wing/mega_wing.py""}","{""mega_wing"":""86bad6c02a303806c58137503739241dc6b1e86695f7c0dbf672b5e1a1464e9f""}",b3077411c8b1c0fbc39a97a2c3023997f3ab45b6bdf58b1452967c9ee09a009d
2,691,formal-v1__colocation__pyxel_jump+pyxel_shooter+space_rescue__r03,formal-v1,colocation-main,validation,colocation,"[""pyxel_jump"",""pyxel_shooter"",""space_rescue""]",pyxel_jump,"[""pyxel_shooter"",""space_rescue""]",pyxel_jump+pyxel_shooter+space_rescue,pyxel_jump+pyxel_shooter+space_rescue__r03,,,,3,18062559485238238903,10,30,1,10,windows-rtx4060,0,0,grid_2x2,true,80,97d038c3fba55e8663b4a244a72f2c6af5e355cf1641eb229b1e93540dede9b9,5ed80cf2bad8dd330eb4d739a19a5dced2b18149,data/raw/safety-v2-s30/formal-v1/formal-v1__colocation__pyxel_jump+pyxel_shooter+space_rescue__r03,"{""pyxel_jump"":""games/pyxel/02_jump_game.py"",""pyxel_shooter"":""games/pyxel/09_shooter.py"",""space_rescue"":""games/pyxel/apps-src/space_rescue/space_rescue.py""}","{""pyxel_jump"":""4743a825f1c9cae7e049ac52115f4ecf83350db546c00745a54af187d7bc2e46"",""pyxel_shooter"":""0f53e4156907eac41080a8f289e22c89365b3239517c754cf59a51af201d5563"",""space_rescue"":""f3b0ab6784ae558e64f06a3f0a704e53f107a130aa3d43357659d0850131e461""}",3925e17f93c8e9f7d1a246634c97ec16c5341658a2620e9732f5224975aaeadc
2,692,formal-v1__profile__space_rescue__memory_bandwidth__p025__r02,formal-v1,profile,not_applicable,pressure_profile,"[""space_rescue""]",space_rescue,[],,,memory_bandwidth,0.25,0.25,2,17169280714646380743,10,30,1,10,windows-rtx4060,0,0,grid_2x2,true,80,97d038c3fba55e8663b4a244a72f2c6af5e355cf1641eb229b1e93540dede9b9,5ed80cf2bad8dd330eb4d739a19a5dced2b18149,data/raw/safety-v2-s30/formal-v1/formal-v1__profile__space_rescue__memory_bandwidth__p025__r02,"{""space_rescue"":""games/pyxel/apps-src/space_rescue/space_rescue.py""}","{""space_rescue"":""f3b0ab6784ae558e64f06a3f0a704e53f107a130aa3d43357659d0850131e461""}",848a5b014449f40f1366dbf03ac718fec72655631e52566b28afb3f4a8e30131
2,693,formal-v1__profile__pyxel_jump__gpu_compute__p025__r03,formal-v1,profile,not_applicable,pressure_profile,"[""pyxel_jump""]",pyxel_jump,[],,,gpu_compute,0.25,0.0625,3,17104872096298149474,10,30,1,10,windows-rtx4060,0,0,grid_2x2,true,80,97d038c3fba55e8663b4a244a72f2c6af5e355cf1641eb229b1e93540dede9b9,5ed80cf2bad8dd330eb4d739a19a5dced2b18149,data/raw/safety-v2-s30/formal-v1/formal-v1__profile__pyxel_jump__gpu_compute__p025__r03,"{""pyxel_jump"":""games/pyxel/02_jump_game.py""}","{""pyxel_jump"":""4743a825f1c9cae7e049ac52115f4ecf83350db546c00745a54af187d7bc2e46""}",678dd00b6594dbb8f87a37276f4c5e4e04dd46245a0bca1fd3714ca73289af02
2,694,formal-v1__profile__pyxel_jump__cpu_compute__p000__r03,formal-v1,profile,not_applicable,pressure_profile,"[""pyxel_jump""]",pyxel_jump,[],,,cpu_compute,0,0,3,14285936815535495419,10,30,1,10,windows-rtx4060,0,0,grid_2x2,true,80,97d038c3fba55e8663b4a244a72f2c6af5e355cf1641eb229b1e93540dede9b9,5ed80cf2bad8dd330eb4d739a19a5dced2b18149,data/raw/safety-v2-s30/formal-v1/formal-v1__profile__pyxel_jump__cpu_compute__p000__r03,"{""pyxel_jump"":""games/pyxel/02_jump_game.py""}","{""pyxel_jump"":""4743a825f1c9cae7e049ac52115f4ecf83350db546c00745a54af187d7bc2e46""}",f055803c2a640a23707a878626a23e5650c7a886d59317f279bcbe7db846672a
2,695,formal-v1__profile__pyxel_platformer__cpu_compute__p100__r01,formal-v1,profile,not_applicable,pressure_profile,"[""pyxel_platformer""]",pyxel_platformer,[],,,cpu_compute,1,1,1,14323591777138316131,10,30,1,10,windows-rtx4060,0,0,grid_2x2,true,80,97d038c3fba55e8663b4a244a72f2c6af5e355cf1641eb229b1e93540dede9b9,5ed80cf2bad8dd330eb4d739a19a5dced2b18149,data/raw/safety-v2-s30/formal-v1/formal-v1__profile__pyxel_platformer__cpu_compute__p100__r01,"{""pyxel_platformer"":""games/pyxel/10_platformer.py""}","{""pyxel_platformer"":""1b2c75b49dc9ab0254fb4b724682a4787868814a38d2f08920720dc5b6007ac5""}",fa56f53dc9a2d2aaaffd3b8a95174734f0fc74a851ea1a32e183a3ca04157dba
2,696,formal-v1__colocation__pyxel_jump+pyxel_snake__r02,formal-v1,colocation-main,validation,colocation,"[""pyxel_jump"",""pyxel_snake""]",pyxel_jump,"[""pyxel_snake""]",pyxel_jump+pyxel_snake,pyxel_jump+pyxel_snake__r02,,,,2,8719686687132582433,10,30,1,10,windows-rtx4060,0,0,grid_2x2,true,80,97d038c3fba55e8663b4a244a72f2c6af5e355cf1641eb229b1e93540dede9b9,5ed80cf2bad8dd330eb4d739a19a5dced2b18149,data/raw/safety-v2-s30/formal-v1/formal-v1__colocation__pyxel_jump+pyxel_snake__r02,"{""pyxel_jump"":""games/pyxel/02_jump_game.py"",""pyxel_snake"":""games/pyxel/07_snake.py""}","{""pyxel_jump"":""4743a825f1c9cae7e049ac52115f4ecf83350db546c00745a54af187d7bc2e46"",""pyxel_snake"":""bc533fef92d1d358e570f69d979919fe5c1cd8c4da49841104b49a1e661a5ac3""}",2423a023f67f4d41cd41be40872d7c787859c3f11137e627c002ddfbd95bac4b
2,697,formal-v1__profile__mega_wing__gpu_memory__p100__r02,formal-v1,profile,not_applicable,pressure_profile,"[""mega_wing""]",mega_wing,[],,,gpu_memory,1,1,2,4689226427240351128,10,30,1,10,windows-rtx4060,0,0,grid_2x2,true,80,97d038c3fba55e8663b4a244a72f2c6af5e355cf1641eb229b1e93540dede9b9,5ed80cf2bad8dd330eb4d739a19a5dced2b18149,data/raw/safety-v2-s30/formal-v1/formal-v1__profile__mega_wing__gpu_memory__p100__r02,"{""mega_wing"":""games/pyxel/apps-src/mega_wing/mega_wing.py""}","{""mega_wing"":""86bad6c02a303806c58137503739241dc6b1e86695f7c0dbf672b5e1a1464e9f""}",93f149e1ebfb717f77faac5417af6784c5a75145ad62dec90270172634e2725c
2,698,formal-v1__profile__pyxel_bubbles__gpu_compute__p025__r03,formal-v1,profile,not_applicable,pressure_profile,"[""pyxel_bubbles""]",pyxel_bubbles,[],,,gpu_compute,0.25,0.0625,3,16430586050895063617,10,30,1,10,windows-rtx4060,0,0,grid_2x2,true,80,97d038c3fba55e8663b4a244a72f2c6af5e355cf1641eb229b1e93540dede9b9,5ed80cf2bad8dd330eb4d739a19a5dced2b18149,data/raw/safety-v2-s30/formal-v1/formal-v1__profile__pyxel_bubbles__gpu_compute__p025__r03,"{""pyxel_bubbles"":""games/pyxel/06_click_game.py""}","{""pyxel_bubbles"":""54c101e90bdaed839ac4c4284494530d5df37a5819a35f1e41eebb0b3da5d900""}",6e9b763ba488c66098e993ae6b6dd1441800f51e45dc0c5462aafc128d2c34e1
2,699,formal-v1__profile__daylight__cpu_compute__p000__r03,formal-v1,profile,not_applicable,pressure_profile,"[""daylight""]",daylight,[],,,cpu_compute,0,0,3,1493188836378741492,10,30,1,10,windows-rtx4060,0,0,grid_2x2,true,80,97d038c3fba55e8663b4a244a72f2c6af5e355cf1641eb229b1e93540dede9b9,5ed80cf2bad8dd330eb4d739a19a5dced2b18149,data/raw/safety-v2-s30/formal-v1/formal-v1__profile__daylight__cpu_compute__p000__r03,"{""daylight"":""games/pyxel/apps-src/30SecondsOfDaylight/src/main.py""}","{""daylight"":""21a365375249e9d7ea05e78dcfe040f09cc1f0c66bd410bae084190c743a028f""}",a6e3898c27121cd9b3217ab6c163898ab118d633f206c06b3857944b70fc6eec
2,700,formal-v1__profile__space_rescue__cpu_compute__p025__r01,formal-v1,profile,not_applicable,pressure_profile,"[""space_rescue""]",space_rescue,[],,,cpu_compute,0.25,0.25,1,5564895717931753697,10,30,1,10,windows-rtx4060,0,0,grid_2x2,true,80,97d038c3fba55e8663b4a244a72f2c6af5e355cf1641eb229b1e93540dede9b9,5ed80cf2bad8dd330eb4d739a19a5dced2b18149,data/raw/safety-v2-s30/formal-v1/formal-v1__profile__space_rescue__cpu_compute__p025__r01,"{""space_rescue"":""games/pyxel/apps-src/space_rescue/space_rescue.py""}","{""space_rescue"":""f3b0ab6784ae558e64f06a3f0a704e53f107a130aa3d43357659d0850131e461""}",0c903266ce5b137194ab8ddc0fd4c74de9a37d4f84b3716793e287d008d6e80e
2,701,formal-v1__colocation__daylight+pyxel_bubbles+space_rescue__r01,formal-v1,colocation-main,train,colocation,"[""daylight"",""pyxel_bubbles"",""space_rescue""]",daylight,"[""pyxel_bubbles"",""space_rescue""]",daylight+pyxel_bubbles+space_rescue,daylight+pyxel_bubbles+space_rescue__r01,,,,1,423702352028061056,10,30,1,10,windows-rtx4060,0,0,grid_2x2,true,80,97d038c3fba55e8663b4a244a72f2c6af5e355cf1641eb229b1e93540dede9b9,5ed80cf2bad8dd330eb4d739a19a5dced2b18149,data/raw/safety-v2-s30/formal-v1/formal-v1__colocation__daylight+pyxel_bubbles+space_rescue__r01,"{""daylight"":""games/pyxel/apps-src/30SecondsOfDaylight/src/main.py"",""pyxel_bubbles"":""games/pyxel/06_click_game.py"",""space_rescue"":""games/pyxel/apps-src/space_rescue/space_rescue.py""}","{""daylight"":""21a365375249e9d7ea05e78dcfe040f09cc1f0c66bd410bae084190c743a028f"",""pyxel_bubbles"":""54c101e90bdaed839ac4c4284494530d5df37a5819a35f1e41eebb0b3da5d900"",""space_rescue"":""f3b0ab6784ae558e64f06a3f0a704e53f107a130aa3d43357659d0850131e461""}",61b05e2880771b1947f572a23aa628cf3af36ff99092d6c438e82881f57f8234
2,702,formal-v1__profile__pyxel_bubbles__memory_bandwidth__p025__r01,formal-v1,profile,not_applicable,pressure_profile,"[""pyxel_bubbles""]",pyxel_bubbles,[],,,memory_bandwidth,0.25,0.25,1,10494915136479935047,10,30,1,10,windows-rtx4060,0,0,grid_2x2,true,80,97d038c3fba55e8663b4a244a72f2c6af5e355cf1641eb229b1e93540dede9b9,5ed80cf2bad8dd330eb4d739a19a5dced2b18149,data/raw/safety-v2-s30/formal-v1/formal-v1__profile__pyxel_bubbles__memory_bandwidth__p025__r01,"{""pyxel_bubbles"":""games/pyxel/06_click_game.py""}","{""pyxel_bubbles"":""54c101e90bdaed839ac4c4284494530d5df37a5819a35f1e41eebb0b3da5d900""}",235e64dfdc114da31ba2767711f4dc4978bf439968f08ec86f3ac0b0d6b185ad
2,703,formal-v1__profile__pyxel_shooter__memory_bandwidth__p000__r03,formal-v1,profile,not_applicable,pressure_profile,"[""pyxel_shooter""]",pyxel_shooter,[],,,memory_bandwidth,0,0,3,874052927078879399,10,30,1,10,windows-rtx4060,0,0,grid_2x2,true,80,97d038c3fba55e8663b4a244a72f2c6af5e355cf1641eb229b1e93540dede9b9,5ed80cf2bad8dd330eb4d739a19a5dced2b18149,data/raw/safety-v2-s30/formal-v1/formal-v1__profile__pyxel_shooter__memory_bandwidth__p000__r03,"{""pyxel_shooter"":""games/pyxel/09_shooter.py""}","{""pyxel_shooter"":""0f53e4156907eac41080a8f289e22c89365b3239517c754cf59a51af201d5563""}",fb2f5c712d79ac890bc95b5051da9b47dfe6d2ddc143a4e6a23eb98046e56d50
2,704,formal-v1__profile__pyxel_jump__gpu_compute__p050__r02,formal-v1,profile,not_applicable,pressure_profile,"[""pyxel_jump""]",pyxel_jump,[],,,gpu_compute,0.5,0.125,2,10359116280675138896,10,30,1,10,windows-rtx4060,0,0,grid_2x2,true,80,97d038c3fba55e8663b4a244a72f2c6af5e355cf1641eb229b1e93540dede9b9,5ed80cf2bad8dd330eb4d739a19a5dced2b18149,data/raw/safety-v2-s30/formal-v1/formal-v1__profile__pyxel_jump__gpu_compute__p050__r02,"{""pyxel_jump"":""games/pyxel/02_jump_game.py""}","{""pyxel_jump"":""4743a825f1c9cae7e049ac52115f4ecf83350db546c00745a54af187d7bc2e46""}",f7550389fe7037cb9b117fde503b11bd16f3a31c0ea8699fbdf7b11d302a1ce9
2,705,formal-v1__profile__pyxel_shooter__gpu_memory__p075__r01,formal-v1,profile,not_applicable,pressure_profile,"[""pyxel_shooter""]",pyxel_shooter,[],,,gpu_memory,0.75,0.75,1,514561153268668884,10,30,1,10,windows-rtx4060,0,0,grid_2x2,true,80,97d038c3fba55e8663b4a244a72f2c6af5e355cf1641eb229b1e93540dede9b9,5ed80cf2bad8dd330eb4d739a19a5dced2b18149,data/raw/safety-v2-s30/formal-v1/formal-v1__profile__pyxel_shooter__gpu_memory__p075__r01,"{""pyxel_shooter"":""games/pyxel/09_shooter.py""}","{""pyxel_shooter"":""0f53e4156907eac41080a8f289e22c89365b3239517c754cf59a51af201d5563""}",a8e547a027c4fb6e01eeb780fdf585c2f3d1c4246e7daf91359268a2761876ee
2,706,formal-v1__colocation__pyxel_shooter+space_rescue__r03,formal-v1,colocation-main,train,colocation,"[""pyxel_shooter"",""space_rescue""]",pyxel_shooter,"[""space_rescue""]",pyxel_shooter+space_rescue,pyxel_shooter+space_rescue__r03,,,,3,5935736765789248513,10,30,1,10,windows-rtx4060,0,0,grid_2x2,true,80,97d038c3fba55e8663b4a244a72f2c6af5e355cf1641eb229b1e93540dede9b9,5ed80cf2bad8dd330eb4d739a19a5dced2b18149,data/raw/safety-v2-s30/formal-v1/formal-v1__colocation__pyxel_shooter+space_rescue__r03,"{""pyxel_shooter"":""games/pyxel/09_shooter.py"",""space_rescue"":""games/pyxel/apps-src/space_rescue/space_rescue.py""}","{""pyxel_shooter"":""0f53e4156907eac41080a8f289e22c89365b3239517c754cf59a51af201d5563"",""space_rescue"":""f3b0ab6784ae558e64f06a3f0a704e53f107a130aa3d43357659d0850131e461""}",0142a24fd63f04e9968f3e5b1681bc76d55d6e0d147b21072518e346ae44f5f3
2,707,formal-v1__profile__pyxel_platformer__gpu_memory__p100__r02,formal-v1,profile,not_applicable,pressure_profile,"[""pyxel_platformer""]",pyxel_platformer,[],,,gpu_memory,1,1,2,1496282205260929984,10,30,1,10,windows-rtx4060,0,0,grid_2x2,true,80,97d038c3fba55e8663b4a244a72f2c6af5e355cf1641eb229b1e93540dede9b9,5ed80cf2bad8dd330eb4d739a19a5dced2b18149,data/raw/safety-v2-s30/formal-v1/formal-v1__profile__pyxel_platformer__gpu_memory__p100__r02,"{""pyxel_platformer"":""games/pyxel/10_platformer.py""}","{""pyxel_platformer"":""1b2c75b49dc9ab0254fb4b724682a4787868814a38d2f08920720dc5b6007ac5""}",cb63637d43b0e2b7384d4c1e43df51409913b0a7e22a6ad54aed669bb82516a4
2,708,formal-v1__colocation__daylight+pyxel_jump+space_rescue__r03,formal-v1,colocation-main,train,colocation,"[""daylight"",""pyxel_jump"",""space_rescue""]",daylight,"[""pyxel_jump"",""space_rescue""]",daylight+pyxel_jump+space_rescue,daylight+pyxel_jump+space_rescue__r03,,,,3,13707573931073423570,10,30,1,10,windows-rtx4060,0,0,grid_2x2,true,80,97d038c3fba55e8663b4a244a72f2c6af5e355cf1641eb229b1e93540dede9b9,5ed80cf2bad8dd330eb4d739a19a5dced2b18149,data/raw/safety-v2-s30/formal-v1/formal-v1__colocation__daylight+pyxel_jump+space_rescue__r03,"{""daylight"":""games/pyxel/apps-src/30SecondsOfDaylight/src/main.py"",""pyxel_jump"":""games/pyxel/02_jump_game.py"",""space_rescue"":""games/pyxel/apps-src/space_rescue/space_rescue.py""}","{""daylight"":""21a365375249e9d7ea05e78dcfe040f09cc1f0c66bd410bae084190c743a028f"",""pyxel_jump"":""4743a825f1c9cae7e049ac52115f4ecf83350db546c00745a54af187d7bc2e46"",""space_rescue"":""f3b0ab6784ae558e64f06a3f0a704e53f107a130aa3d43357659d0850131e461""}",f3506238dabf9f972515e71b8ce89bbd5333b4cb07d7d42b685a4842254842fd
2,709,formal-v1__extra__pyxel_jump+pyxel_platformer+pyxel_shooter+space_rescue__r02,formal-v1,colocation-extra-test,extra_test,extra_test,"[""pyxel_jump"",""pyxel_platformer"",""pyxel_shooter"",""space_rescue""]",pyxel_jump,"[""pyxel_platformer"",""pyxel_shooter"",""space_rescue""]",pyxel_jump+pyxel_platformer+pyxel_shooter+space_rescue,pyxel_jump+pyxel_platformer+pyxel_shooter+space_rescue__r02,,,,2,3593831768122101321,10,30,1,10,windows-rtx4060,0,0,grid_2x2,true,80,97d038c3fba55e8663b4a244a72f2c6af5e355cf1641eb229b1e93540dede9b9,5ed80cf2bad8dd330eb4d739a19a5dced2b18149,data/raw/safety-v2-s30/formal-v1/formal-v1__extra__pyxel_jump+pyxel_platformer+pyxel_shooter+space_rescue__r02,"{""pyxel_jump"":""games/pyxel/02_jump_game.py"",""pyxel_platformer"":""games/pyxel/10_platformer.py"",""pyxel_shooter"":""games/pyxel/09_shooter.py"",""space_rescue"":""games/pyxel/apps-src/space_rescue/space_rescue.py""}","{""pyxel_jump"":""4743a825f1c9cae7e049ac52115f4ecf83350db546c00745a54af187d7bc2e46"",""pyxel_platformer"":""1b2c75b49dc9ab0254fb4b724682a4787868814a38d2f08920720dc5b6007ac5"",""pyxel_shooter"":""0f53e4156907eac41080a8f289e22c89365b3239517c754cf59a51af201d5563"",""space_rescue"":""f3b0ab6784ae558e64f06a3f0a704e53f107a130aa3d43357659d0850131e461""}",b68db07b91b13c5a3379ce39f90734aba31516d5f68af3e9cca0e94ee0a4012f
2,710,formal-v1__profile__daylight__gpu_compute__p000__r01,formal-v1,profile,not_applicable,pressure_profile,"[""daylight""]",daylight,[],,,gpu_compute,0,0,1,842912029377813173,10,30,1,10,windows-rtx4060,0,0,grid_2x2,true,80,97d038c3fba55e8663b4a244a72f2c6af5e355cf1641eb229b1e93540dede9b9,5ed80cf2bad8dd330eb4d739a19a5dced2b18149,data/raw/safety-v2-s30/formal-v1/formal-v1__profile__daylight__gpu_compute__p000__r01,"{""daylight"":""games/pyxel/apps-src/30SecondsOfDaylight/src/main.py""}","{""daylight"":""21a365375249e9d7ea05e78dcfe040f09cc1f0c66bd410bae084190c743a028f""}",1eb0f62e7e3ccf5cfbb4302a13ffa79e5e44fba0de8e315eab9ced20955272be
2,711,formal-v1__profile__space_rescue__cpu_compute__p050__r02,formal-v1,profile,not_applicable,pressure_profile,"[""space_rescue""]",space_rescue,[],,,cpu_compute,0.5,0.5,2,17440181082909761766,10,30,1,10,windows-rtx4060,0,0,grid_2x2,true,80,97d038c3fba55e8663b4a244a72f2c6af5e355cf1641eb229b1e93540dede9b9,5ed80cf2bad8dd330eb4d739a19a5dced2b18149,data/raw/safety-v2-s30/formal-v1/formal-v1__profile__space_rescue__cpu_compute__p050__r02,"{""space_rescue"":""games/pyxel/apps-src/space_rescue/space_rescue.py""}","{""space_rescue"":""f3b0ab6784ae558e64f06a3f0a704e53f107a130aa3d43357659d0850131e461""}",0dfe690d424c900aa4597f753e5059ca7d5f43acc62a1d48e6ee604020d1735a
2,712,formal-v1__profile__pyxel_bubbles__cpu_compute__p000__r02,formal-v1,profile,not_applicable,pressure_profile,"[""pyxel_bubbles""]",pyxel_bubbles,[],,,cpu_compute,0,0,2,15375276537990914304,10,30,1,10,windows-rtx4060,0,0,grid_2x2,true,80,97d038c3fba55e8663b4a244a72f2c6af5e355cf1641eb229b1e93540dede9b9,5ed80cf2bad8dd330eb4d739a19a5dced2b18149,data/raw/safety-v2-s30/formal-v1/formal-v1__profile__pyxel_bubbles__cpu_compute__p000__r02,"{""pyxel_bubbles"":""games/pyxel/06_click_game.py""}","{""pyxel_bubbles"":""54c101e90bdaed839ac4c4284494530d5df37a5819a35f1e41eebb0b3da5d900""}",ffb188791d71f4559c0d6082888c28b1e56a0a52049edd0942055b588e81487a
2,713,formal-v1__colocation__pyxel_platformer+pyxel_snake+space_rescue__r03,formal-v1,colocation-main,validation,colocation,"[""pyxel_platformer"",""pyxel_snake"",""space_rescue""]",pyxel_platformer,"[""pyxel_snake"",""space_rescue""]",pyxel_platformer+pyxel_snake+space_rescue,pyxel_platformer+pyxel_snake+space_rescue__r03,,,,3,17351296107458380326,10,30,1,10,windows-rtx4060,0,0,grid_2x2,true,80,97d038c3fba55e8663b4a244a72f2c6af5e355cf1641eb229b1e93540dede9b9,5ed80cf2bad8dd330eb4d739a19a5dced2b18149,data/raw/safety-v2-s30/formal-v1/formal-v1__colocation__pyxel_platformer+pyxel_snake+space_rescue__r03,"{""pyxel_platformer"":""games/pyxel/10_platformer.py"",""pyxel_snake"":""games/pyxel/07_snake.py"",""space_rescue"":""games/pyxel/apps-src/space_rescue/space_rescue.py""}","{""pyxel_platformer"":""1b2c75b49dc9ab0254fb4b724682a4787868814a38d2f08920720dc5b6007ac5"",""pyxel_snake"":""bc533fef92d1d358e570f69d979919fe5c1cd8c4da49841104b49a1e661a5ac3"",""space_rescue"":""f3b0ab6784ae558e64f06a3f0a704e53f107a130aa3d43357659d0850131e461""}",867fa9bf49f3027958e2e2c7979ae75fd2982701913468c52d5b3dac830cbe00
2,714,formal-v1__profile__pyxel_platformer__memory_bandwidth__p025__r01,formal-v1,profile,not_applicable,pressure_profile,"[""pyxel_platformer""]",pyxel_platformer,[],,,memory_bandwidth,0.25,0.25,1,9143348690438876356,10,30,1,10,windows-rtx4060,0,0,grid_2x2,true,80,97d038c3fba55e8663b4a244a72f2c6af5e355cf1641eb229b1e93540dede9b9,5ed80cf2bad8dd330eb4d739a19a5dced2b18149,data/raw/safety-v2-s30/formal-v1/formal-v1__profile__pyxel_platformer__memory_bandwidth__p025__r01,"{""pyxel_platformer"":""games/pyxel/10_platformer.py""}","{""pyxel_platformer"":""1b2c75b49dc9ab0254fb4b724682a4787868814a38d2f08920720dc5b6007ac5""}",9fbd0e639cf93f7261e596218cd08ac72453868e72790a24b1564d858e05bc43
2,715,formal-v1__profile__pyxel_platformer__gpu_memory__p025__r03,formal-v1,profile,not_applicable,pressure_profile,"[""pyxel_platformer""]",pyxel_platformer,[],,,gpu_memory,0.25,0.25,3,14571975332059729005,10,30,1,10,windows-rtx4060,0,0,grid_2x2,true,80,97d038c3fba55e8663b4a244a72f2c6af5e355cf1641eb229b1e93540dede9b9,5ed80cf2bad8dd330eb4d739a19a5dced2b18149,data/raw/safety-v2-s30/formal-v1/formal-v1__profile__pyxel_platformer__gpu_memory__p025__r03,"{""pyxel_platformer"":""games/pyxel/10_platformer.py""}","{""pyxel_platformer"":""1b2c75b49dc9ab0254fb4b724682a4787868814a38d2f08920720dc5b6007ac5""}",1d98d69be5262ff989705caf713b4a7881e6f731bc21c830f177182248f807f1
2,716,formal-v1__colocation__pyxel_bubbles+pyxel_jump+pyxel_snake__r03,formal-v1,colocation-main,train,colocation,"[""pyxel_bubbles"",""pyxel_jump"",""pyxel_snake""]",pyxel_bubbles,"[""pyxel_jump"",""pyxel_snake""]",pyxel_bubbles+pyxel_jump+pyxel_snake,pyxel_bubbles+pyxel_jump+pyxel_snake__r03,,,,3,11116689002804186240,10,30,1,10,windows-rtx4060,0,0,grid_2x2,true,80,97d038c3fba55e8663b4a244a72f2c6af5e355cf1641eb229b1e93540dede9b9,5ed80cf2bad8dd330eb4d739a19a5dced2b18149,data/raw/safety-v2-s30/formal-v1/formal-v1__colocation__pyxel_bubbles+pyxel_jump+pyxel_snake__r03,"{""pyxel_bubbles"":""games/pyxel/06_click_game.py"",""pyxel_jump"":""games/pyxel/02_jump_game.py"",""pyxel_snake"":""games/pyxel/07_snake.py""}","{""pyxel_bubbles"":""54c101e90bdaed839ac4c4284494530d5df37a5819a35f1e41eebb0b3da5d900"",""pyxel_jump"":""4743a825f1c9cae7e049ac52115f4ecf83350db546c00745a54af187d7bc2e46"",""pyxel_snake"":""bc533fef92d1d358e570f69d979919fe5c1cd8c4da49841104b49a1e661a5ac3""}",badcc3a4b258227720109c40df4f29eaa1f321201e305b7e33c70e4a2d0fdc5b
2,717,formal-v1__profile__pyxel_snake__memory_bandwidth__p000__r02,formal-v1,profile,not_applicable,pressure_profile,"[""pyxel_snake""]",pyxel_snake,[],,,memory_bandwidth,0,0,2,7869016819422928092,10,30,1,10,windows-rtx4060,0,0,grid_2x2,true,80,97d038c3fba55e8663b4a244a72f2c6af5e355cf1641eb229b1e93540dede9b9,5ed80cf2bad8dd330eb4d739a19a5dced2b18149,data/raw/safety-v2-s30/formal-v1/formal-v1__profile__pyxel_snake__memory_bandwidth__p000__r02,"{""pyxel_snake"":""games/pyxel/07_snake.py""}","{""pyxel_snake"":""bc533fef92d1d358e570f69d979919fe5c1cd8c4da49841104b49a1e661a5ac3""}",f0a55436afd8d532d396608ed52ff7e15f896764dde3adbc8d3385d5b9a501c2
2,718,formal-v1__profile__daylight__cpu_compute__p100__r01,formal-v1,profile,not_applicable,pressure_profile,"[""daylight""]",daylight,[],,,cpu_compute,1,1,1,5373647913223301694,10,30,1,10,windows-rtx4060,0,0,grid_2x2,true,80,97d038c3fba55e8663b4a244a72f2c6af5e355cf1641eb229b1e93540dede9b9,5ed80cf2bad8dd330eb4d739a19a5dced2b18149,data/raw/safety-v2-s30/formal-v1/formal-v1__profile__daylight__cpu_compute__p100__r01,"{""daylight"":""games/pyxel/apps-src/30SecondsOfDaylight/src/main.py""}","{""daylight"":""21a365375249e9d7ea05e78dcfe040f09cc1f0c66bd410bae084190c743a028f""}",4d47e9ba2578856913ad6e1d531d7619df19f0e3534125986bdd1e2d6d1dc1c1
2,719,formal-v1__profile__pyxel_bubbles__gpu_compute__p000__r01,formal-v1,profile,not_applicable,pressure_profile,"[""pyxel_bubbles""]",pyxel_bubbles,[],,,gpu_compute,0,0,1,2337096506740699799,10,30,1,10,windows-rtx4060,0,0,grid_2x2,true,80,97d038c3fba55e8663b4a244a72f2c6af5e355cf1641eb229b1e93540dede9b9,5ed80cf2bad8dd330eb4d739a19a5dced2b18149,data/raw/safety-v2-s30/formal-v1/formal-v1__profile__pyxel_bubbles__gpu_compute__p000__r01,"{""pyxel_bubbles"":""games/pyxel/06_click_game.py""}","{""pyxel_bubbles"":""54c101e90bdaed839ac4c4284494530d5df37a5819a35f1e41eebb0b3da5d900""}",e2621f255a04d180e7c1ada067f5ea5934e1b21c061d7245ab8d254cd3d44989
2,720,formal-v1__profile__pyxel_jump__cpu_compute__p100__r01,formal-v1,profile,not_applicable,pressure_profile,"[""pyxel_jump""]",pyxel_jump,[],,,cpu_compute,1,1,1,9698429589293458491,10,30,1,10,windows-rtx4060,0,0,grid_2x2,true,80,97d038c3fba55e8663b4a244a72f2c6af5e355cf1641eb229b1e93540dede9b9,5ed80cf2bad8dd330eb4d739a19a5dced2b18149,data/raw/safety-v2-s30/formal-v1/formal-v1__profile__pyxel_jump__cpu_compute__p100__r01,"{""pyxel_jump"":""games/pyxel/02_jump_game.py""}","{""pyxel_jump"":""4743a825f1c9cae7e049ac52115f4ecf83350db546c00745a54af187d7bc2e46""}",d93c29d8be04d68b99c368f47db81edb4d238c3587ebd58a295a9bf0b4217a23
