schema_version,execution_index,run_id,experiment_id,stage,split,mode,workload_ids,target_id,neighbor_ids,combination_key,colocation_id,resource,pressure_requested,repeat,seed,warmup_s,duration_s,sample_interval_s,cooldown_s,host_id,gpu_index,display_index,window_layout,require_visible_windows,max_gpu_temp_c,config_sha256,root_commit,run_directory,game_entrypoints,game_sha256s,row_sha256
1,1,formal-v1__colocation__pyxel_jump+pyxel_platformer__r02,formal-v1,colocation-main,train,colocation,"[""pyxel_jump"",""pyxel_platformer""]",pyxel_jump,"[""pyxel_platformer""]",pyxel_jump+pyxel_platformer,pyxel_jump+pyxel_platformer__r02,,,2,539541111971655804,20,60,1,20,windows-rtx4060,0,0,grid_2x2,true,82,1f4e3f3ce1069ad1b142225e539ac838483cf248849a3ee4b2d0608dd6f525bd,ed5c9df7f7b1e5686ad552b10abd5d853a23f5b3,data/raw/formal-v1/formal-v1__colocation__pyxel_jump+pyxel_platformer__r02,"{""pyxel_jump"":""games/pyxel/02_jump_game.py"",""pyxel_platformer"":""games/pyxel/10_platformer.py""}","{""pyxel_jump"":""4743a825f1c9cae7e049ac52115f4ecf83350db546c00745a54af187d7bc2e46"",""pyxel_platformer"":""1b2c75b49dc9ab0254fb4b724682a4787868814a38d2f08920720dc5b6007ac5""}",207300f9a48138c14ff80dbb0fa72d5e7034a5d75c43aec3f8ebc71b90c42b9c
1,2,formal-v1__profile__pyxel_bubbles__gpu_compute__p025__r02,formal-v1,profile,not_applicable,pressure_profile,"[""pyxel_bubbles""]",pyxel_bubbles,[],,,gpu_compute,0.25,2,16621864881322943949,20,60,1,20,windows-rtx4060,0,0,grid_2x2,true,82,1f4e3f3ce1069ad1b142225e539ac838483cf248849a3ee4b2d0608dd6f525bd,ed5c9df7f7b1e5686ad552b10abd5d853a23f5b3,data/raw/formal-v1/formal-v1__profile__pyxel_bubbles__gpu_compute__p025__r02,"{""pyxel_bubbles"":""games/pyxel/06_click_game.py""}","{""pyxel_bubbles"":""54c101e90bdaed839ac4c4284494530d5df37a5819a35f1e41eebb0b3da5d900""}",92978ed2d9fd5d2315ead03b613e5bafbf2ee917712dbf23393f9cf0a5015441
1,3,formal-v1__profile__pyxel_snake__cpu_compute__p050__r01,formal-v1,profile,not_applicable,pressure_profile,"[""pyxel_snake""]",pyxel_snake,[],,,cpu_compute,0.5,1,9921734542372112850,20,60,1,20,windows-rtx4060,0,0,grid_2x2,true,82,1f4e3f3ce1069ad1b142225e539ac838483cf248849a3ee4b2d0608dd6f525bd,ed5c9df7f7b1e5686ad552b10abd5d853a23f5b3,data/raw/formal-v1/formal-v1__profile__pyxel_snake__cpu_compute__p050__r01,"{""pyxel_snake"":""games/pyxel/07_snake.py""}","{""pyxel_snake"":""bc533fef92d1d358e570f69d979919fe5c1cd8c4da49841104b49a1e661a5ac3""}",12fea4431bc3df3342caecc75246232ed410372d7736e4e84ff862976425a569
1,4,formal-v1__profile__pyxel_bubbles__gpu_compute__p100__r02,formal-v1,profile,not_applicable,pressure_profile,"[""pyxel_bubbles""]",pyxel_bubbles,[],,,gpu_compute,1,2,342507276424832333,20,60,1,20,windows-rtx4060,0,0,grid_2x2,true,82,1f4e3f3ce1069ad1b142225e539ac838483cf248849a3ee4b2d0608dd6f525bd,ed5c9df7f7b1e5686ad552b10abd5d853a23f5b3,data/raw/formal-v1/formal-v1__profile__pyxel_bubbles__gpu_compute__p100__r02,"{""pyxel_bubbles"":""games/pyxel/06_click_game.py""}","{""pyxel_bubbles"":""54c101e90bdaed839ac4c4284494530d5df37a5819a35f1e41eebb0b3da5d900""}",9a0b5714bcf3bc2ec9da79f1687b76c88ee32259305faa48889f8eca37340ae5
1,5,formal-v1__extra__pyxel_bubbles+pyxel_jump+pyxel_shooter+pyxel_snake__r01,formal-v1,colocation-extra-test,extra_test,extra_test,"[""pyxel_bubbles"",""pyxel_jump"",""pyxel_shooter"",""pyxel_snake""]",pyxel_bubbles,"[""pyxel_jump"",""pyxel_shooter"",""pyxel_snake""]",pyxel_bubbles+pyxel_jump+pyxel_shooter+pyxel_snake,pyxel_bubbles+pyxel_jump+pyxel_shooter+pyxel_snake__r01,,,1,2588038058385549033,20,60,1,20,windows-rtx4060,0,0,grid_2x2,true,82,1f4e3f3ce1069ad1b142225e539ac838483cf248849a3ee4b2d0608dd6f525bd,ed5c9df7f7b1e5686ad552b10abd5d853a23f5b3,data/raw/formal-v1/formal-v1__extra__pyxel_bubbles+pyxel_jump+pyxel_shooter+pyxel_snake__r01,"{""pyxel_bubbles"":""games/pyxel/06_click_game.py"",""pyxel_jump"":""games/pyxel/02_jump_game.py"",""pyxel_shooter"":""games/pyxel/09_shooter.py"",""pyxel_snake"":""games/pyxel/07_snake.py""}","{""pyxel_bubbles"":""54c101e90bdaed839ac4c4284494530d5df37a5819a35f1e41eebb0b3da5d900"",""pyxel_jump"":""4743a825f1c9cae7e049ac52115f4ecf83350db546c00745a54af187d7bc2e46"",""pyxel_shooter"":""0f53e4156907eac41080a8f289e22c89365b3239517c754cf59a51af201d5563"",""pyxel_snake"":""bc533fef92d1d358e570f69d979919fe5c1cd8c4da49841104b49a1e661a5ac3""}",4a547dcf0e37382b35890612232ea1d89218a5aacf0a209f762c9b10de970e23
1,6,formal-v1__profile__pyxel_shooter__gpu_compute__p000__r02,formal-v1,profile,not_applicable,pressure_profile,"[""pyxel_shooter""]",pyxel_shooter,[],,,gpu_compute,0,2,11458271528172579681,20,60,1,20,windows-rtx4060,0,0,grid_2x2,true,82,1f4e3f3ce1069ad1b142225e539ac838483cf248849a3ee4b2d0608dd6f525bd,ed5c9df7f7b1e5686ad552b10abd5d853a23f5b3,data/raw/formal-v1/formal-v1__profile__pyxel_shooter__gpu_compute__p000__r02,"{""pyxel_shooter"":""games/pyxel/09_shooter.py""}","{""pyxel_shooter"":""0f53e4156907eac41080a8f289e22c89365b3239517c754cf59a51af201d5563""}",67ae73d6c7a43daa97b6610bf2656af3b5562dc25a2529b389b76a381fa09e6f
1,7,formal-v1__profile__mega_wing__cpu_compute__p100__r03,formal-v1,profile,not_applicable,pressure_profile,"[""mega_wing""]",mega_wing,[],,,cpu_compute,1,3,1670053174466730882,20,60,1,20,windows-rtx4060,0,0,grid_2x2,true,82,1f4e3f3ce1069ad1b142225e539ac838483cf248849a3ee4b2d0608dd6f525bd,ed5c9df7f7b1e5686ad552b10abd5d853a23f5b3,data/raw/formal-v1/formal-v1__profile__mega_wing__cpu_compute__p100__r03,"{""mega_wing"":""games/pyxel/apps-src/mega_wing/mega_wing.py""}","{""mega_wing"":""86bad6c02a303806c58137503739241dc6b1e86695f7c0dbf672b5e1a1464e9f""}",9f1a5aeb5be22a39e1272694bb935c6b48179677f81a83b934dbffc0a1955cca
1,8,formal-v1__colocation__pyxel_shooter+pyxel_snake+space_rescue__r02,formal-v1,colocation-main,validation,colocation,"[""pyxel_shooter"",""pyxel_snake"",""space_rescue""]",pyxel_shooter,"[""pyxel_snake"",""space_rescue""]",pyxel_shooter+pyxel_snake+space_rescue,pyxel_shooter+pyxel_snake+space_rescue__r02,,,2,11797324761857393826,20,60,1,20,windows-rtx4060,0,0,grid_2x2,true,82,1f4e3f3ce1069ad1b142225e539ac838483cf248849a3ee4b2d0608dd6f525bd,ed5c9df7f7b1e5686ad552b10abd5d853a23f5b3,data/raw/formal-v1/formal-v1__colocation__pyxel_shooter+pyxel_snake+space_rescue__r02,"{""pyxel_shooter"":""games/pyxel/09_shooter.py"",""pyxel_snake"":""games/pyxel/07_snake.py"",""space_rescue"":""games/pyxel/apps-src/space_rescue/space_rescue.py""}","{""pyxel_shooter"":""0f53e4156907eac41080a8f289e22c89365b3239517c754cf59a51af201d5563"",""pyxel_snake"":""bc533fef92d1d358e570f69d979919fe5c1cd8c4da49841104b49a1e661a5ac3"",""space_rescue"":""f3b0ab6784ae558e64f06a3f0a704e53f107a130aa3d43357659d0850131e461""}",192d31b8840c2465d829cd7a8c71454079bb55e7c2cf328e309249d45e24d5ea
1,9,formal-v1__extra__daylight+pyxel_bubbles+pyxel_shooter+space_rescue__r03,formal-v1,colocation-extra-test,extra_test,extra_test,"[""daylight"",""pyxel_bubbles"",""pyxel_shooter"",""space_rescue""]",daylight,"[""pyxel_bubbles"",""pyxel_shooter"",""space_rescue""]",daylight+pyxel_bubbles+pyxel_shooter+space_rescue,daylight+pyxel_bubbles+pyxel_shooter+space_rescue__r03,,,3,15073077576397670072,20,60,1,20,windows-rtx4060,0,0,grid_2x2,true,82,1f4e3f3ce1069ad1b142225e539ac838483cf248849a3ee4b2d0608dd6f525bd,ed5c9df7f7b1e5686ad552b10abd5d853a23f5b3,data/raw/formal-v1/formal-v1__extra__daylight+pyxel_bubbles+pyxel_shooter+space_rescue__r03,"{""daylight"":""games/pyxel/apps-src/30SecondsOfDaylight/src/main.py"",""pyxel_bubbles"":""games/pyxel/06_click_game.py"",""pyxel_shooter"":""games/pyxel/09_shooter.py"",""space_rescue"":""games/pyxel/apps-src/space_rescue/space_rescue.py""}","{""daylight"":""21a365375249e9d7ea05e78dcfe040f09cc1f0c66bd410bae084190c743a028f"",""pyxel_bubbles"":""54c101e90bdaed839ac4c4284494530d5df37a5819a35f1e41eebb0b3da5d900"",""pyxel_shooter"":""0f53e4156907eac41080a8f289e22c89365b3239517c754cf59a51af201d5563"",""space_rescue"":""f3b0ab6784ae558e64f06a3f0a704e53f107a130aa3d43357659d0850131e461""}",943fff5c149cc74edf58c76d90a477e72062121a6ed57ea0376c3f50ee938532
1,10,formal-v1__extra__mega_wing+pyxel_shooter+pyxel_snake+space_rescue__r01,formal-v1,colocation-extra-test,extra_test,extra_test,"[""mega_wing"",""pyxel_shooter"",""pyxel_snake"",""space_rescue""]",mega_wing,"[""pyxel_shooter"",""pyxel_snake"",""space_rescue""]",mega_wing+pyxel_shooter+pyxel_snake+space_rescue,mega_wing+pyxel_shooter+pyxel_snake+space_rescue__r01,,,1,6250839922291618935,20,60,1,20,windows-rtx4060,0,0,grid_2x2,true,82,1f4e3f3ce1069ad1b142225e539ac838483cf248849a3ee4b2d0608dd6f525bd,ed5c9df7f7b1e5686ad552b10abd5d853a23f5b3,data/raw/formal-v1/formal-v1__extra__mega_wing+pyxel_shooter+pyxel_snake+space_rescue__r01,"{""mega_wing"":""games/pyxel/apps-src/mega_wing/mega_wing.py"",""pyxel_shooter"":""games/pyxel/09_shooter.py"",""pyxel_snake"":""games/pyxel/07_snake.py"",""space_rescue"":""games/pyxel/apps-src/space_rescue/space_rescue.py""}","{""mega_wing"":""86bad6c02a303806c58137503739241dc6b1e86695f7c0dbf672b5e1a1464e9f"",""pyxel_shooter"":""0f53e4156907eac41080a8f289e22c89365b3239517c754cf59a51af201d5563"",""pyxel_snake"":""bc533fef92d1d358e570f69d979919fe5c1cd8c4da49841104b49a1e661a5ac3"",""space_rescue"":""f3b0ab6784ae558e64f06a3f0a704e53f107a130aa3d43357659d0850131e461""}",4c73c33419fdf10ee89ea031e2d23e4769ea417dee726cdf0ff02cc5793cb3c4
1,11,formal-v1__profile__pyxel_shooter__gpu_memory__p050__r03,formal-v1,profile,not_applicable,pressure_profile,"[""pyxel_shooter""]",pyxel_shooter,[],,,gpu_memory,0.5,3,9006778106117681636,20,60,1,20,windows-rtx4060,0,0,grid_2x2,true,82,1f4e3f3ce1069ad1b142225e539ac838483cf248849a3ee4b2d0608dd6f525bd,ed5c9df7f7b1e5686ad552b10abd5d853a23f5b3,data/raw/formal-v1/formal-v1__profile__pyxel_shooter__gpu_memory__p050__r03,"{""pyxel_shooter"":""games/pyxel/09_shooter.py""}","{""pyxel_shooter"":""0f53e4156907eac41080a8f289e22c89365b3239517c754cf59a51af201d5563""}",c26c7595c7d7626f516f5beaa643a01cc2dfafa9275f16b3496e49fcbf426e01
1,12,formal-v1__profile__pyxel_snake__cpu_compute__p000__r02,formal-v1,profile,not_applicable,pressure_profile,"[""pyxel_snake""]",pyxel_snake,[],,,cpu_compute,0,2,4020291816614470863,20,60,1,20,windows-rtx4060,0,0,grid_2x2,true,82,1f4e3f3ce1069ad1b142225e539ac838483cf248849a3ee4b2d0608dd6f525bd,ed5c9df7f7b1e5686ad552b10abd5d853a23f5b3,data/raw/formal-v1/formal-v1__profile__pyxel_snake__cpu_compute__p000__r02,"{""pyxel_snake"":""games/pyxel/07_snake.py""}","{""pyxel_snake"":""bc533fef92d1d358e570f69d979919fe5c1cd8c4da49841104b49a1e661a5ac3""}",70f5c4066c2c713869cc2f120b231983f9baebc5f5cc71c158287230a8e14b06
1,13,formal-v1__profile__pyxel_bubbles__cpu_compute__p075__r02,formal-v1,profile,not_applicable,pressure_profile,"[""pyxel_bubbles""]",pyxel_bubbles,[],,,cpu_compute,0.75,2,13748643829131777805,20,60,1,20,windows-rtx4060,0,0,grid_2x2,true,82,1f4e3f3ce1069ad1b142225e539ac838483cf248849a3ee4b2d0608dd6f525bd,ed5c9df7f7b1e5686ad552b10abd5d853a23f5b3,data/raw/formal-v1/formal-v1__profile__pyxel_bubbles__cpu_compute__p075__r02,"{""pyxel_bubbles"":""games/pyxel/06_click_game.py""}","{""pyxel_bubbles"":""54c101e90bdaed839ac4c4284494530d5df37a5819a35f1e41eebb0b3da5d900""}",e2128c9714d0ca2b6159b222bdede69cd94b5cbc816945da5420323395cabe5d
1,14,formal-v1__solo__daylight__r01,formal-v1,solo,not_applicable,solo,"[""daylight""]",daylight,[],,,,,1,44879349506408657,20,60,1,20,windows-rtx4060,0,0,grid_2x2,true,82,1f4e3f3ce1069ad1b142225e539ac838483cf248849a3ee4b2d0608dd6f525bd,ed5c9df7f7b1e5686ad552b10abd5d853a23f5b3,data/raw/formal-v1/formal-v1__solo__daylight__r01,"{""daylight"":""games/pyxel/apps-src/30SecondsOfDaylight/src/main.py""}","{""daylight"":""21a365375249e9d7ea05e78dcfe040f09cc1f0c66bd410bae084190c743a028f""}",56e7effea4d85d127602583aa8a66ccb49ee47bc656cbde1df806fd9b084b3b6
1,15,formal-v1__profile__pyxel_platformer__gpu_memory__p050__r01,formal-v1,profile,not_applicable,pressure_profile,"[""pyxel_platformer""]",pyxel_platformer,[],,,gpu_memory,0.5,1,10255546359852823889,20,60,1,20,windows-rtx4060,0,0,grid_2x2,true,82,1f4e3f3ce1069ad1b142225e539ac838483cf248849a3ee4b2d0608dd6f525bd,ed5c9df7f7b1e5686ad552b10abd5d853a23f5b3,data/raw/formal-v1/formal-v1__profile__pyxel_platformer__gpu_memory__p050__r01,"{""pyxel_platformer"":""games/pyxel/10_platformer.py""}","{""pyxel_platformer"":""1b2c75b49dc9ab0254fb4b724682a4787868814a38d2f08920720dc5b6007ac5""}",4f3e89828a35f677cbe2def1981dc1994a30e5cfa11d652cb407e0faaf3fe937
1,16,formal-v1__profile__pyxel_snake__gpu_compute__p100__r03,formal-v1,profile,not_applicable,pressure_profile,"[""pyxel_snake""]",pyxel_snake,[],,,gpu_compute,1,3,7682161995550926991,20,60,1,20,windows-rtx4060,0,0,grid_2x2,true,82,1f4e3f3ce1069ad1b142225e539ac838483cf248849a3ee4b2d0608dd6f525bd,ed5c9df7f7b1e5686ad552b10abd5d853a23f5b3,data/raw/formal-v1/formal-v1__profile__pyxel_snake__gpu_compute__p100__r03,"{""pyxel_snake"":""games/pyxel/07_snake.py""}","{""pyxel_snake"":""bc533fef92d1d358e570f69d979919fe5c1cd8c4da49841104b49a1e661a5ac3""}",4605c28dbf56ad02bda33afdc2adc540e674c578cd58dff9719945f60aad45a2
1,17,formal-v1__profile__space_rescue__cpu_compute__p100__r03,formal-v1,profile,not_applicable,pressure_profile,"[""space_rescue""]",space_rescue,[],,,cpu_compute,1,3,14293589899628780498,20,60,1,20,windows-rtx4060,0,0,grid_2x2,true,82,1f4e3f3ce1069ad1b142225e539ac838483cf248849a3ee4b2d0608dd6f525bd,ed5c9df7f7b1e5686ad552b10abd5d853a23f5b3,data/raw/formal-v1/formal-v1__profile__space_rescue__cpu_compute__p100__r03,"{""space_rescue"":""games/pyxel/apps-src/space_rescue/space_rescue.py""}","{""space_rescue"":""f3b0ab6784ae558e64f06a3f0a704e53f107a130aa3d43357659d0850131e461""}",968f9cdd0fb84a93262f0c64446fee681f7018dce8269a37b792dedffa2e2b4b
1,18,formal-v1__solo__mega_wing__r03,formal-v1,solo,not_applicable,solo,"[""mega_wing""]",mega_wing,[],,,,,3,4598453964554603727,20,60,1,20,windows-rtx4060,0,0,grid_2x2,true,82,1f4e3f3ce1069ad1b142225e539ac838483cf248849a3ee4b2d0608dd6f525bd,ed5c9df7f7b1e5686ad552b10abd5d853a23f5b3,data/raw/formal-v1/formal-v1__solo__mega_wing__r03,"{""mega_wing"":""games/pyxel/apps-src/mega_wing/mega_wing.py""}","{""mega_wing"":""86bad6c02a303806c58137503739241dc6b1e86695f7c0dbf672b5e1a1464e9f""}",6926bff68a51a633749a66cfc66edd899393819be6275672d08889bcf4407653
1,19,formal-v1__profile__mega_wing__cpu_compute__p100__r01,formal-v1,profile,not_applicable,pressure_profile,"[""mega_wing""]",mega_wing,[],,,cpu_compute,1,1,6673033510959147935,20,60,1,20,windows-rtx4060,0,0,grid_2x2,true,82,1f4e3f3ce1069ad1b142225e539ac838483cf248849a3ee4b2d0608dd6f525bd,ed5c9df7f7b1e5686ad552b10abd5d853a23f5b3,data/raw/formal-v1/formal-v1__profile__mega_wing__cpu_compute__p100__r01,"{""mega_wing"":""games/pyxel/apps-src/mega_wing/mega_wing.py""}","{""mega_wing"":""86bad6c02a303806c58137503739241dc6b1e86695f7c0dbf672b5e1a1464e9f""}",1a607fcf652e66b499651bf262f8e07358c793e90d7293b99e442c00953880ec
1,20,formal-v1__profile__pyxel_shooter__memory_bandwidth__p050__r03,formal-v1,profile,not_applicable,pressure_profile,"[""pyxel_shooter""]",pyxel_shooter,[],,,memory_bandwidth,0.5,3,3504418742781066102,20,60,1,20,windows-rtx4060,0,0,grid_2x2,true,82,1f4e3f3ce1069ad1b142225e539ac838483cf248849a3ee4b2d0608dd6f525bd,ed5c9df7f7b1e5686ad552b10abd5d853a23f5b3,data/raw/formal-v1/formal-v1__profile__pyxel_shooter__memory_bandwidth__p050__r03,"{""pyxel_shooter"":""games/pyxel/09_shooter.py""}","{""pyxel_shooter"":""0f53e4156907eac41080a8f289e22c89365b3239517c754cf59a51af201d5563""}",ff8c736284cca64e9de0721ac593f78abc8841cacc6d6e2d95ba0c76355bced3
1,21,formal-v1__colocation__mega_wing+pyxel_snake+space_rescue__r03,formal-v1,colocation-main,train,colocation,"[""mega_wing"",""pyxel_snake"",""space_rescue""]",mega_wing,"[""pyxel_snake"",""space_rescue""]",mega_wing+pyxel_snake+space_rescue,mega_wing+pyxel_snake+space_rescue__r03,,,3,8142017781895895066,20,60,1,20,windows-rtx4060,0,0,grid_2x2,true,82,1f4e3f3ce1069ad1b142225e539ac838483cf248849a3ee4b2d0608dd6f525bd,ed5c9df7f7b1e5686ad552b10abd5d853a23f5b3,data/raw/formal-v1/formal-v1__colocation__mega_wing+pyxel_snake+space_rescue__r03,"{""mega_wing"":""games/pyxel/apps-src/mega_wing/mega_wing.py"",""pyxel_snake"":""games/pyxel/07_snake.py"",""space_rescue"":""games/pyxel/apps-src/space_rescue/space_rescue.py""}","{""mega_wing"":""86bad6c02a303806c58137503739241dc6b1e86695f7c0dbf672b5e1a1464e9f"",""pyxel_snake"":""bc533fef92d1d358e570f69d979919fe5c1cd8c4da49841104b49a1e661a5ac3"",""space_rescue"":""f3b0ab6784ae558e64f06a3f0a704e53f107a130aa3d43357659d0850131e461""}",dad80125e830ec3d6c959302bc8a07d7dfe201b1a53cc86fee33bcc0617f3cf7
1,22,formal-v1__profile__pyxel_jump__memory_bandwidth__p050__r01,formal-v1,profile,not_applicable,pressure_profile,"[""pyxel_jump""]",pyxel_jump,[],,,memory_bandwidth,0.5,1,6172709388259186092,20,60,1,20,windows-rtx4060,0,0,grid_2x2,true,82,1f4e3f3ce1069ad1b142225e539ac838483cf248849a3ee4b2d0608dd6f525bd,ed5c9df7f7b1e5686ad552b10abd5d853a23f5b3,data/raw/formal-v1/formal-v1__profile__pyxel_jump__memory_bandwidth__p050__r01,"{""pyxel_jump"":""games/pyxel/02_jump_game.py""}","{""pyxel_jump"":""4743a825f1c9cae7e049ac52115f4ecf83350db546c00745a54af187d7bc2e46""}",1545c4e54dd99aa96ed90c9145bee80a0a98222d2ce52d21a610455d9ba947df
1,23,formal-v1__profile__space_rescue__gpu_memory__p000__r02,formal-v1,profile,not_applicable,pressure_profile,"[""space_rescue""]",space_rescue,[],,,gpu_memory,0,2,3079260081899124766,20,60,1,20,windows-rtx4060,0,0,grid_2x2,true,82,1f4e3f3ce1069ad1b142225e539ac838483cf248849a3ee4b2d0608dd6f525bd,ed5c9df7f7b1e5686ad552b10abd5d853a23f5b3,data/raw/formal-v1/formal-v1__profile__space_rescue__gpu_memory__p000__r02,"{""space_rescue"":""games/pyxel/apps-src/space_rescue/space_rescue.py""}","{""space_rescue"":""f3b0ab6784ae558e64f06a3f0a704e53f107a130aa3d43357659d0850131e461""}",058592b646f7755f53d83a3be9c797f9746e68c34e8076b51c32135a89432e46
1,24,formal-v1__profile__pyxel_snake__gpu_compute__p000__r03,formal-v1,profile,not_applicable,pressure_profile,"[""pyxel_snake""]",pyxel_snake,[],,,gpu_compute,0,3,9517669181605721885,20,60,1,20,windows-rtx4060,0,0,grid_2x2,true,82,1f4e3f3ce1069ad1b142225e539ac838483cf248849a3ee4b2d0608dd6f525bd,ed5c9df7f7b1e5686ad552b10abd5d853a23f5b3,data/raw/formal-v1/formal-v1__profile__pyxel_snake__gpu_compute__p000__r03,"{""pyxel_snake"":""games/pyxel/07_snake.py""}","{""pyxel_snake"":""bc533fef92d1d358e570f69d979919fe5c1cd8c4da49841104b49a1e661a5ac3""}",4e383e392c14dab883a007698ffdb29be2dbd104ac2d6e1e3d8541042e5cd4dc
1,25,formal-v1__profile__pyxel_snake__gpu_memory__p025__r03,formal-v1,profile,not_applicable,pressure_profile,"[""pyxel_snake""]",pyxel_snake,[],,,gpu_memory,0.25,3,12371074906794683208,20,60,1,20,windows-rtx4060,0,0,grid_2x2,true,82,1f4e3f3ce1069ad1b142225e539ac838483cf248849a3ee4b2d0608dd6f525bd,ed5c9df7f7b1e5686ad552b10abd5d853a23f5b3,data/raw/formal-v1/formal-v1__profile__pyxel_snake__gpu_memory__p025__r03,"{""pyxel_snake"":""games/pyxel/07_snake.py""}","{""pyxel_snake"":""bc533fef92d1d358e570f69d979919fe5c1cd8c4da49841104b49a1e661a5ac3""}",bd2d0c21e829a61b54a544965b9ee189f41499873006adf74ed9d02745822102
1,26,formal-v1__profile__pyxel_jump__gpu_memory__p000__r02,formal-v1,profile,not_applicable,pressure_profile,"[""pyxel_jump""]",pyxel_jump,[],,,gpu_memory,0,2,16773997778953179508,20,60,1,20,windows-rtx4060,0,0,grid_2x2,true,82,1f4e3f3ce1069ad1b142225e539ac838483cf248849a3ee4b2d0608dd6f525bd,ed5c9df7f7b1e5686ad552b10abd5d853a23f5b3,data/raw/formal-v1/formal-v1__profile__pyxel_jump__gpu_memory__p000__r02,"{""pyxel_jump"":""games/pyxel/02_jump_game.py""}","{""pyxel_jump"":""4743a825f1c9cae7e049ac52115f4ecf83350db546c00745a54af187d7bc2e46""}",270b9c4e7ed83169ea485b6a8fd7056b3606b4f16b1ff7df22d64cb0e94d13bc
1,27,formal-v1__solo__pyxel_bubbles__r03,formal-v1,solo,not_applicable,solo,"[""pyxel_bubbles""]",pyxel_bubbles,[],,,,,3,13166571500155742058,20,60,1,20,windows-rtx4060,0,0,grid_2x2,true,82,1f4e3f3ce1069ad1b142225e539ac838483cf248849a3ee4b2d0608dd6f525bd,ed5c9df7f7b1e5686ad552b10abd5d853a23f5b3,data/raw/formal-v1/formal-v1__solo__pyxel_bubbles__r03,"{""pyxel_bubbles"":""games/pyxel/06_click_game.py""}","{""pyxel_bubbles"":""54c101e90bdaed839ac4c4284494530d5df37a5819a35f1e41eebb0b3da5d900""}",20f31ea0ab41123fe52a5fd8462288d9caf36e2002aca12d9b8c214f202d32fb
1,28,formal-v1__colocation__daylight+pyxel_bubbles+pyxel_platformer__r02,formal-v1,colocation-main,test,colocation,"[""daylight"",""pyxel_bubbles"",""pyxel_platformer""]",daylight,"[""pyxel_bubbles"",""pyxel_platformer""]",daylight+pyxel_bubbles+pyxel_platformer,daylight+pyxel_bubbles+pyxel_platformer__r02,,,2,3256605726736093810,20,60,1,20,windows-rtx4060,0,0,grid_2x2,true,82,1f4e3f3ce1069ad1b142225e539ac838483cf248849a3ee4b2d0608dd6f525bd,ed5c9df7f7b1e5686ad552b10abd5d853a23f5b3,data/raw/formal-v1/formal-v1__colocation__daylight+pyxel_bubbles+pyxel_platformer__r02,"{""daylight"":""games/pyxel/apps-src/30SecondsOfDaylight/src/main.py"",""pyxel_bubbles"":""games/pyxel/06_click_game.py"",""pyxel_platformer"":""games/pyxel/10_platformer.py""}","{""daylight"":""21a365375249e9d7ea05e78dcfe040f09cc1f0c66bd410bae084190c743a028f"",""pyxel_bubbles"":""54c101e90bdaed839ac4c4284494530d5df37a5819a35f1e41eebb0b3da5d900"",""pyxel_platformer"":""1b2c75b49dc9ab0254fb4b724682a4787868814a38d2f08920720dc5b6007ac5""}",5cfe71f6b90ea9d91f1134697c19bd99f1e242d249ac7b4a201dde791b563075
1,29,formal-v1__colocation__daylight+mega_wing__r01,formal-v1,colocation-main,test,colocation,"[""daylight"",""mega_wing""]",daylight,"[""mega_wing""]",daylight+mega_wing,daylight+mega_wing__r01,,,1,10943283578462191745,20,60,1,20,windows-rtx4060,0,0,grid_2x2,true,82,1f4e3f3ce1069ad1b142225e539ac838483cf248849a3ee4b2d0608dd6f525bd,ed5c9df7f7b1e5686ad552b10abd5d853a23f5b3,data/raw/formal-v1/formal-v1__colocation__daylight+mega_wing__r01,"{""daylight"":""games/pyxel/apps-src/30SecondsOfDaylight/src/main.py"",""mega_wing"":""games/pyxel/apps-src/mega_wing/mega_wing.py""}","{""daylight"":""21a365375249e9d7ea05e78dcfe040f09cc1f0c66bd410bae084190c743a028f"",""mega_wing"":""86bad6c02a303806c58137503739241dc6b1e86695f7c0dbf672b5e1a1464e9f""}",e5da9e38a3d5d9e2b1960613fb3c1d941b7e5b5d1b21d51c9e9f2a94915029c2
1,30,formal-v1__colocation__mega_wing+pyxel_platformer+pyxel_shooter__r02,formal-v1,colocation-main,test,colocation,"[""mega_wing"",""pyxel_platformer"",""pyxel_shooter""]",mega_wing,"[""pyxel_platformer"",""pyxel_shooter""]",mega_wing+pyxel_platformer+pyxel_shooter,mega_wing+pyxel_platformer+pyxel_shooter__r02,,,2,13682341556401358875,20,60,1,20,windows-rtx4060,0,0,grid_2x2,true,82,1f4e3f3ce1069ad1b142225e539ac838483cf248849a3ee4b2d0608dd6f525bd,ed5c9df7f7b1e5686ad552b10abd5d853a23f5b3,data/raw/formal-v1/formal-v1__colocation__mega_wing+pyxel_platformer+pyxel_shooter__r02,"{""mega_wing"":""games/pyxel/apps-src/mega_wing/mega_wing.py"",""pyxel_platformer"":""games/pyxel/10_platformer.py"",""pyxel_shooter"":""games/pyxel/09_shooter.py""}","{""mega_wing"":""86bad6c02a303806c58137503739241dc6b1e86695f7c0dbf672b5e1a1464e9f"",""pyxel_platformer"":""1b2c75b49dc9ab0254fb4b724682a4787868814a38d2f08920720dc5b6007ac5"",""pyxel_shooter"":""0f53e4156907eac41080a8f289e22c89365b3239517c754cf59a51af201d5563""}",90dde8e1ba69c2941071826c202ed30824275a09353aba830aaec248d8b5d4a5
1,31,formal-v1__profile__pyxel_snake__gpu_memory__p025__r01,formal-v1,profile,not_applicable,pressure_profile,"[""pyxel_snake""]",pyxel_snake,[],,,gpu_memory,0.25,1,18316953053906885181,20,60,1,20,windows-rtx4060,0,0,grid_2x2,true,82,1f4e3f3ce1069ad1b142225e539ac838483cf248849a3ee4b2d0608dd6f525bd,ed5c9df7f7b1e5686ad552b10abd5d853a23f5b3,data/raw/formal-v1/formal-v1__profile__pyxel_snake__gpu_memory__p025__r01,"{""pyxel_snake"":""games/pyxel/07_snake.py""}","{""pyxel_snake"":""bc533fef92d1d358e570f69d979919fe5c1cd8c4da49841104b49a1e661a5ac3""}",4d210e2d30ecf9991145c0fa1f00f98e210e20f6fbb4f42f4330624adab69e8a
1,32,formal-v1__profile__pyxel_snake__cpu_compute__p100__r01,formal-v1,profile,not_applicable,pressure_profile,"[""pyxel_snake""]",pyxel_snake,[],,,cpu_compute,1,1,14566947362152717901,20,60,1,20,windows-rtx4060,0,0,grid_2x2,true,82,1f4e3f3ce1069ad1b142225e539ac838483cf248849a3ee4b2d0608dd6f525bd,ed5c9df7f7b1e5686ad552b10abd5d853a23f5b3,data/raw/formal-v1/formal-v1__profile__pyxel_snake__cpu_compute__p100__r01,"{""pyxel_snake"":""games/pyxel/07_snake.py""}","{""pyxel_snake"":""bc533fef92d1d358e570f69d979919fe5c1cd8c4da49841104b49a1e661a5ac3""}",c5422db9b750bec3988d781e94266013c555dd1f3aa488c166f6d437bbd0edee
1,33,formal-v1__profile__daylight__memory_bandwidth__p050__r01,formal-v1,profile,not_applicable,pressure_profile,"[""daylight""]",daylight,[],,,memory_bandwidth,0.5,1,1630469762645751841,20,60,1,20,windows-rtx4060,0,0,grid_2x2,true,82,1f4e3f3ce1069ad1b142225e539ac838483cf248849a3ee4b2d0608dd6f525bd,ed5c9df7f7b1e5686ad552b10abd5d853a23f5b3,data/raw/formal-v1/formal-v1__profile__daylight__memory_bandwidth__p050__r01,"{""daylight"":""games/pyxel/apps-src/30SecondsOfDaylight/src/main.py""}","{""daylight"":""21a365375249e9d7ea05e78dcfe040f09cc1f0c66bd410bae084190c743a028f""}",7a6c28082f0bf73aa9c683f14f1dab4afe5c84185ceb89ec742e8c29a4493230
1,34,formal-v1__profile__pyxel_snake__gpu_memory__p100__r03,formal-v1,profile,not_applicable,pressure_profile,"[""pyxel_snake""]",pyxel_snake,[],,,gpu_memory,1,3,10059704514546187109,20,60,1,20,windows-rtx4060,0,0,grid_2x2,true,82,1f4e3f3ce1069ad1b142225e539ac838483cf248849a3ee4b2d0608dd6f525bd,ed5c9df7f7b1e5686ad552b10abd5d853a23f5b3,data/raw/formal-v1/formal-v1__profile__pyxel_snake__gpu_memory__p100__r03,"{""pyxel_snake"":""games/pyxel/07_snake.py""}","{""pyxel_snake"":""bc533fef92d1d358e570f69d979919fe5c1cd8c4da49841104b49a1e661a5ac3""}",07b47a3497e5c68f1e376d07c0bfc0a4ec3bc1fce600d0c7aeff052e12932f10
1,35,formal-v1__extra__daylight+pyxel_bubbles+pyxel_shooter+space_rescue__r02,formal-v1,colocation-extra-test,extra_test,extra_test,"[""daylight"",""pyxel_bubbles"",""pyxel_shooter"",""space_rescue""]",daylight,"[""pyxel_bubbles"",""pyxel_shooter"",""space_rescue""]",daylight+pyxel_bubbles+pyxel_shooter+space_rescue,daylight+pyxel_bubbles+pyxel_shooter+space_rescue__r02,,,2,1072938454727186155,20,60,1,20,windows-rtx4060,0,0,grid_2x2,true,82,1f4e3f3ce1069ad1b142225e539ac838483cf248849a3ee4b2d0608dd6f525bd,ed5c9df7f7b1e5686ad552b10abd5d853a23f5b3,data/raw/formal-v1/formal-v1__extra__daylight+pyxel_bubbles+pyxel_shooter+space_rescue__r02,"{""daylight"":""games/pyxel/apps-src/30SecondsOfDaylight/src/main.py"",""pyxel_bubbles"":""games/pyxel/06_click_game.py"",""pyxel_shooter"":""games/pyxel/09_shooter.py"",""space_rescue"":""games/pyxel/apps-src/space_rescue/space_rescue.py""}","{""daylight"":""21a365375249e9d7ea05e78dcfe040f09cc1f0c66bd410bae084190c743a028f"",""pyxel_bubbles"":""54c101e90bdaed839ac4c4284494530d5df37a5819a35f1e41eebb0b3da5d900"",""pyxel_shooter"":""0f53e4156907eac41080a8f289e22c89365b3239517c754cf59a51af201d5563"",""space_rescue"":""f3b0ab6784ae558e64f06a3f0a704e53f107a130aa3d43357659d0850131e461""}",6ac2971ce978a7e80b6f24a50390f4f0355e5239fc15d15053700d873722ec35
1,36,formal-v1__colocation__pyxel_bubbles+pyxel_jump+pyxel_platformer__r03,formal-v1,colocation-main,train,colocation,"[""pyxel_bubbles"",""pyxel_jump"",""pyxel_platformer""]",pyxel_bubbles,"[""pyxel_jump"",""pyxel_platformer""]",pyxel_bubbles+pyxel_jump+pyxel_platformer,pyxel_bubbles+pyxel_jump+pyxel_platformer__r03,,,3,14613532575322629756,20,60,1,20,windows-rtx4060,0,0,grid_2x2,true,82,1f4e3f3ce1069ad1b142225e539ac838483cf248849a3ee4b2d0608dd6f525bd,ed5c9df7f7b1e5686ad552b10abd5d853a23f5b3,data/raw/formal-v1/formal-v1__colocation__pyxel_bubbles+pyxel_jump+pyxel_platformer__r03,"{""pyxel_bubbles"":""games/pyxel/06_click_game.py"",""pyxel_jump"":""games/pyxel/02_jump_game.py"",""pyxel_platformer"":""games/pyxel/10_platformer.py""}","{""pyxel_bubbles"":""54c101e90bdaed839ac4c4284494530d5df37a5819a35f1e41eebb0b3da5d900"",""pyxel_jump"":""4743a825f1c9cae7e049ac52115f4ecf83350db546c00745a54af187d7bc2e46"",""pyxel_platformer"":""1b2c75b49dc9ab0254fb4b724682a4787868814a38d2f08920720dc5b6007ac5""}",f056f367508193a012c92f2ed203abc0d76709b92e983d697129383d84ebd0af
1,37,formal-v1__colocation__mega_wing+pyxel_jump+pyxel_platformer__r03,formal-v1,colocation-main,train,colocation,"[""mega_wing"",""pyxel_jump"",""pyxel_platformer""]",mega_wing,"[""pyxel_jump"",""pyxel_platformer""]",mega_wing+pyxel_jump+pyxel_platformer,mega_wing+pyxel_jump+pyxel_platformer__r03,,,3,8971933576963466641,20,60,1,20,windows-rtx4060,0,0,grid_2x2,true,82,1f4e3f3ce1069ad1b142225e539ac838483cf248849a3ee4b2d0608dd6f525bd,ed5c9df7f7b1e5686ad552b10abd5d853a23f5b3,data/raw/formal-v1/formal-v1__colocation__mega_wing+pyxel_jump+pyxel_platformer__r03,"{""mega_wing"":""games/pyxel/apps-src/mega_wing/mega_wing.py"",""pyxel_jump"":""games/pyxel/02_jump_game.py"",""pyxel_platformer"":""games/pyxel/10_platformer.py""}","{""mega_wing"":""86bad6c02a303806c58137503739241dc6b1e86695f7c0dbf672b5e1a1464e9f"",""pyxel_jump"":""4743a825f1c9cae7e049ac52115f4ecf83350db546c00745a54af187d7bc2e46"",""pyxel_platformer"":""1b2c75b49dc9ab0254fb4b724682a4787868814a38d2f08920720dc5b6007ac5""}",ea1d5f7024f040f7bc46094fb6eca523fd031ff9bb4bb500a338fcc2170ff5a7
1,38,formal-v1__profile__pyxel_platformer__gpu_memory__p075__r03,formal-v1,profile,not_applicable,pressure_profile,"[""pyxel_platformer""]",pyxel_platformer,[],,,gpu_memory,0.75,3,12444815318315987464,20,60,1,20,windows-rtx4060,0,0,grid_2x2,true,82,1f4e3f3ce1069ad1b142225e539ac838483cf248849a3ee4b2d0608dd6f525bd,ed5c9df7f7b1e5686ad552b10abd5d853a23f5b3,data/raw/formal-v1/formal-v1__profile__pyxel_platformer__gpu_memory__p075__r03,"{""pyxel_platformer"":""games/pyxel/10_platformer.py""}","{""pyxel_platformer"":""1b2c75b49dc9ab0254fb4b724682a4787868814a38d2f08920720dc5b6007ac5""}",03f650faf5b977090ad1c99f61da18b7dc8a3674dfc47b2f84e64ac504f3cbca
1,39,formal-v1__profile__mega_wing__gpu_compute__p000__r02,formal-v1,profile,not_applicable,pressure_profile,"[""mega_wing""]",mega_wing,[],,,gpu_compute,0,2,18438309879370389136,20,60,1,20,windows-rtx4060,0,0,grid_2x2,true,82,1f4e3f3ce1069ad1b142225e539ac838483cf248849a3ee4b2d0608dd6f525bd,ed5c9df7f7b1e5686ad552b10abd5d853a23f5b3,data/raw/formal-v1/formal-v1__profile__mega_wing__gpu_compute__p000__r02,"{""mega_wing"":""games/pyxel/apps-src/mega_wing/mega_wing.py""}","{""mega_wing"":""86bad6c02a303806c58137503739241dc6b1e86695f7c0dbf672b5e1a1464e9f""}",b6e4562cc20c1e151a00218229aafc211a4c9be71a163ebfad9ce1d5b5f7fcaa
1,40,formal-v1__profile__pyxel_shooter__memory_bandwidth__p050__r01,formal-v1,profile,not_applicable,pressure_profile,"[""pyxel_shooter""]",pyxel_shooter,[],,,memory_bandwidth,0.5,1,10793905800486606000,20,60,1,20,windows-rtx4060,0,0,grid_2x2,true,82,1f4e3f3ce1069ad1b142225e539ac838483cf248849a3ee4b2d0608dd6f525bd,ed5c9df7f7b1e5686ad552b10abd5d853a23f5b3,data/raw/formal-v1/formal-v1__profile__pyxel_shooter__memory_bandwidth__p050__r01,"{""pyxel_shooter"":""games/pyxel/09_shooter.py""}","{""pyxel_shooter"":""0f53e4156907eac41080a8f289e22c89365b3239517c754cf59a51af201d5563""}",fe075937249434a629a9cffbdb88c2b985f65f132502455d14ba654a8e2f2a4d
1,41,formal-v1__colocation__pyxel_platformer+pyxel_shooter+space_rescue__r03,formal-v1,colocation-main,validation,colocation,"[""pyxel_platformer"",""pyxel_shooter"",""space_rescue""]",pyxel_platformer,"[""pyxel_shooter"",""space_rescue""]",pyxel_platformer+pyxel_shooter+space_rescue,pyxel_platformer+pyxel_shooter+space_rescue__r03,,,3,2378095048118436956,20,60,1,20,windows-rtx4060,0,0,grid_2x2,true,82,1f4e3f3ce1069ad1b142225e539ac838483cf248849a3ee4b2d0608dd6f525bd,ed5c9df7f7b1e5686ad552b10abd5d853a23f5b3,data/raw/formal-v1/formal-v1__colocation__pyxel_platformer+pyxel_shooter+space_rescue__r03,"{""pyxel_platformer"":""games/pyxel/10_platformer.py"",""pyxel_shooter"":""games/pyxel/09_shooter.py"",""space_rescue"":""games/pyxel/apps-src/space_rescue/space_rescue.py""}","{""pyxel_platformer"":""1b2c75b49dc9ab0254fb4b724682a4787868814a38d2f08920720dc5b6007ac5"",""pyxel_shooter"":""0f53e4156907eac41080a8f289e22c89365b3239517c754cf59a51af201d5563"",""space_rescue"":""f3b0ab6784ae558e64f06a3f0a704e53f107a130aa3d43357659d0850131e461""}",163ed0e46cc010ae373de8ee6f6b4cc5f3b8e038922f540641cd9103ebf66d11
1,42,formal-v1__profile__mega_wing__gpu_memory__p025__r03,formal-v1,profile,not_applicable,pressure_profile,"[""mega_wing""]",mega_wing,[],,,gpu_memory,0.25,3,4276273525197974134,20,60,1,20,windows-rtx4060,0,0,grid_2x2,true,82,1f4e3f3ce1069ad1b142225e539ac838483cf248849a3ee4b2d0608dd6f525bd,ed5c9df7f7b1e5686ad552b10abd5d853a23f5b3,data/raw/formal-v1/formal-v1__profile__mega_wing__gpu_memory__p025__r03,"{""mega_wing"":""games/pyxel/apps-src/mega_wing/mega_wing.py""}","{""mega_wing"":""86bad6c02a303806c58137503739241dc6b1e86695f7c0dbf672b5e1a1464e9f""}",7ee8393be9ae09ccb67d4ecb0116cba2af7d928e226475e229e91d5d07546caa
1,43,formal-v1__profile__pyxel_platformer__gpu_compute__p050__r03,formal-v1,profile,not_applicable,pressure_profile,"[""pyxel_platformer""]",pyxel_platformer,[],,,gpu_compute,0.5,3,4830467956693630396,20,60,1,20,windows-rtx4060,0,0,grid_2x2,true,82,1f4e3f3ce1069ad1b142225e539ac838483cf248849a3ee4b2d0608dd6f525bd,ed5c9df7f7b1e5686ad552b10abd5d853a23f5b3,data/raw/formal-v1/formal-v1__profile__pyxel_platformer__gpu_compute__p050__r03,"{""pyxel_platformer"":""games/pyxel/10_platformer.py""}","{""pyxel_platformer"":""1b2c75b49dc9ab0254fb4b724682a4787868814a38d2f08920720dc5b6007ac5""}",d3404cf74946b98a4d43ce2b5fa213a391aa192e8cf695439744dae14bbf1750
1,44,formal-v1__profile__pyxel_shooter__gpu_compute__p000__r03,formal-v1,profile,not_applicable,pressure_profile,"[""pyxel_shooter""]",pyxel_shooter,[],,,gpu_compute,0,3,17305474090941391802,20,60,1,20,windows-rtx4060,0,0,grid_2x2,true,82,1f4e3f3ce1069ad1b142225e539ac838483cf248849a3ee4b2d0608dd6f525bd,ed5c9df7f7b1e5686ad552b10abd5d853a23f5b3,data/raw/formal-v1/formal-v1__profile__pyxel_shooter__gpu_compute__p000__r03,"{""pyxel_shooter"":""games/pyxel/09_shooter.py""}","{""pyxel_shooter"":""0f53e4156907eac41080a8f289e22c89365b3239517c754cf59a51af201d5563""}",e0eb587f6d7d79d497c4d988ecff2f02bd84d803513eb33c0766ceccf8bd2cc0
1,45,formal-v1__profile__mega_wing__cpu_compute__p000__r02,formal-v1,profile,not_applicable,pressure_profile,"[""mega_wing""]",mega_wing,[],,,cpu_compute,0,2,2745967971310800797,20,60,1,20,windows-rtx4060,0,0,grid_2x2,true,82,1f4e3f3ce1069ad1b142225e539ac838483cf248849a3ee4b2d0608dd6f525bd,ed5c9df7f7b1e5686ad552b10abd5d853a23f5b3,data/raw/formal-v1/formal-v1__profile__mega_wing__cpu_compute__p000__r02,"{""mega_wing"":""games/pyxel/apps-src/mega_wing/mega_wing.py""}","{""mega_wing"":""86bad6c02a303806c58137503739241dc6b1e86695f7c0dbf672b5e1a1464e9f""}",ba9a719f74205e684cc095f8842ae8499a8574f60c1c7fc61580f8875949e2f9
1,46,formal-v1__colocation__daylight+pyxel_bubbles__r03,formal-v1,colocation-main,validation,colocation,"[""daylight"",""pyxel_bubbles""]",daylight,"[""pyxel_bubbles""]",daylight+pyxel_bubbles,daylight+pyxel_bubbles__r03,,,3,6488750937728922443,20,60,1,20,windows-rtx4060,0,0,grid_2x2,true,82,1f4e3f3ce1069ad1b142225e539ac838483cf248849a3ee4b2d0608dd6f525bd,ed5c9df7f7b1e5686ad552b10abd5d853a23f5b3,data/raw/formal-v1/formal-v1__colocation__daylight+pyxel_bubbles__r03,"{""daylight"":""games/pyxel/apps-src/30SecondsOfDaylight/src/main.py"",""pyxel_bubbles"":""games/pyxel/06_click_game.py""}","{""daylight"":""21a365375249e9d7ea05e78dcfe040f09cc1f0c66bd410bae084190c743a028f"",""pyxel_bubbles"":""54c101e90bdaed839ac4c4284494530d5df37a5819a35f1e41eebb0b3da5d900""}",12fc4a6863465cbff27b0c6b2a2033c23d04f25a95291f64f3fa7302e29db201
1,47,formal-v1__profile__pyxel_platformer__gpu_memory__p075__r02,formal-v1,profile,not_applicable,pressure_profile,"[""pyxel_platformer""]",pyxel_platformer,[],,,gpu_memory,0.75,2,12955620858010274978,20,60,1,20,windows-rtx4060,0,0,grid_2x2,true,82,1f4e3f3ce1069ad1b142225e539ac838483cf248849a3ee4b2d0608dd6f525bd,ed5c9df7f7b1e5686ad552b10abd5d853a23f5b3,data/raw/formal-v1/formal-v1__profile__pyxel_platformer__gpu_memory__p075__r02,"{""pyxel_platformer"":""games/pyxel/10_platformer.py""}","{""pyxel_platformer"":""1b2c75b49dc9ab0254fb4b724682a4787868814a38d2f08920720dc5b6007ac5""}",be78c34cd985b0fd3899191543648f206ae385324ad815e597f5abc1046df22d
1,48,formal-v1__profile__pyxel_bubbles__cpu_compute__p100__r03,formal-v1,profile,not_applicable,pressure_profile,"[""pyxel_bubbles""]",pyxel_bubbles,[],,,cpu_compute,1,3,4417685526597924922,20,60,1,20,windows-rtx4060,0,0,grid_2x2,true,82,1f4e3f3ce1069ad1b142225e539ac838483cf248849a3ee4b2d0608dd6f525bd,ed5c9df7f7b1e5686ad552b10abd5d853a23f5b3,data/raw/formal-v1/formal-v1__profile__pyxel_bubbles__cpu_compute__p100__r03,"{""pyxel_bubbles"":""games/pyxel/06_click_game.py""}","{""pyxel_bubbles"":""54c101e90bdaed839ac4c4284494530d5df37a5819a35f1e41eebb0b3da5d900""}",86288e0ec0524590004cf18633b4b682dc4f29003a02e1e1be49188a327b99cc
1,49,formal-v1__colocation__daylight+pyxel_bubbles+space_rescue__r03,formal-v1,colocation-main,train,colocation,"[""daylight"",""pyxel_bubbles"",""space_rescue""]",daylight,"[""pyxel_bubbles"",""space_rescue""]",daylight+pyxel_bubbles+space_rescue,daylight+pyxel_bubbles+space_rescue__r03,,,3,5061490885627023538,20,60,1,20,windows-rtx4060,0,0,grid_2x2,true,82,1f4e3f3ce1069ad1b142225e539ac838483cf248849a3ee4b2d0608dd6f525bd,ed5c9df7f7b1e5686ad552b10abd5d853a23f5b3,data/raw/formal-v1/formal-v1__colocation__daylight+pyxel_bubbles+space_rescue__r03,"{""daylight"":""games/pyxel/apps-src/30SecondsOfDaylight/src/main.py"",""pyxel_bubbles"":""games/pyxel/06_click_game.py"",""space_rescue"":""games/pyxel/apps-src/space_rescue/space_rescue.py""}","{""daylight"":""21a365375249e9d7ea05e78dcfe040f09cc1f0c66bd410bae084190c743a028f"",""pyxel_bubbles"":""54c101e90bdaed839ac4c4284494530d5df37a5819a35f1e41eebb0b3da5d900"",""space_rescue"":""f3b0ab6784ae558e64f06a3f0a704e53f107a130aa3d43357659d0850131e461""}",bf97eff130385cc4ff88abc5d2d0501c76c330b7ed5b5e0288b79a5ce1c2fe0d
1,50,formal-v1__profile__pyxel_bubbles__memory_bandwidth__p000__r03,formal-v1,profile,not_applicable,pressure_profile,"[""pyxel_bubbles""]",pyxel_bubbles,[],,,memory_bandwidth,0,3,13959344448604691916,20,60,1,20,windows-rtx4060,0,0,grid_2x2,true,82,1f4e3f3ce1069ad1b142225e539ac838483cf248849a3ee4b2d0608dd6f525bd,ed5c9df7f7b1e5686ad552b10abd5d853a23f5b3,data/raw/formal-v1/formal-v1__profile__pyxel_bubbles__memory_bandwidth__p000__r03,"{""pyxel_bubbles"":""games/pyxel/06_click_game.py""}","{""pyxel_bubbles"":""54c101e90bdaed839ac4c4284494530d5df37a5819a35f1e41eebb0b3da5d900""}",9183708ac9bd5c6bee8a1789ddc5c1356b11be3eab1fd7fde440df7c4496d4d3
1,51,formal-v1__solo__space_rescue__r03,formal-v1,solo,not_applicable,solo,"[""space_rescue""]",space_rescue,[],,,,,3,4399632551700385762,20,60,1,20,windows-rtx4060,0,0,grid_2x2,true,82,1f4e3f3ce1069ad1b142225e539ac838483cf248849a3ee4b2d0608dd6f525bd,ed5c9df7f7b1e5686ad552b10abd5d853a23f5b3,data/raw/formal-v1/formal-v1__solo__space_rescue__r03,"{""space_rescue"":""games/pyxel/apps-src/space_rescue/space_rescue.py""}","{""space_rescue"":""f3b0ab6784ae558e64f06a3f0a704e53f107a130aa3d43357659d0850131e461""}",79b8aa45f962053bb1428431341fbf4050ea655d251d958fe928a4142d929a8e
1,52,formal-v1__profile__pyxel_jump__gpu_compute__p075__r01,formal-v1,profile,not_applicable,pressure_profile,"[""pyxel_jump""]",pyxel_jump,[],,,gpu_compute,0.75,1,18283113210413982946,20,60,1,20,windows-rtx4060,0,0,grid_2x2,true,82,1f4e3f3ce1069ad1b142225e539ac838483cf248849a3ee4b2d0608dd6f525bd,ed5c9df7f7b1e5686ad552b10abd5d853a23f5b3,data/raw/formal-v1/formal-v1__profile__pyxel_jump__gpu_compute__p075__r01,"{""pyxel_jump"":""games/pyxel/02_jump_game.py""}","{""pyxel_jump"":""4743a825f1c9cae7e049ac52115f4ecf83350db546c00745a54af187d7bc2e46""}",764659824e18af3d1f3f62116c35570f31e5568175c917e5df59eb15ff84a42e
1,53,formal-v1__profile__pyxel_snake__gpu_memory__p000__r03,formal-v1,profile,not_applicable,pressure_profile,"[""pyxel_snake""]",pyxel_snake,[],,,gpu_memory,0,3,5919644391129357397,20,60,1,20,windows-rtx4060,0,0,grid_2x2,true,82,1f4e3f3ce1069ad1b142225e539ac838483cf248849a3ee4b2d0608dd6f525bd,ed5c9df7f7b1e5686ad552b10abd5d853a23f5b3,data/raw/formal-v1/formal-v1__profile__pyxel_snake__gpu_memory__p000__r03,"{""pyxel_snake"":""games/pyxel/07_snake.py""}","{""pyxel_snake"":""bc533fef92d1d358e570f69d979919fe5c1cd8c4da49841104b49a1e661a5ac3""}",4b35f831fee18403c7114f784bf3e5c74285c37814ec446a406a691867a17dcd
1,54,formal-v1__extra__mega_wing+pyxel_bubbles+pyxel_jump+space_rescue__r01,formal-v1,colocation-extra-test,extra_test,extra_test,"[""mega_wing"",""pyxel_bubbles"",""pyxel_jump"",""space_rescue""]",mega_wing,"[""pyxel_bubbles"",""pyxel_jump"",""space_rescue""]",mega_wing+pyxel_bubbles+pyxel_jump+space_rescue,mega_wing+pyxel_bubbles+pyxel_jump+space_rescue__r01,,,1,16989947642046775293,20,60,1,20,windows-rtx4060,0,0,grid_2x2,true,82,1f4e3f3ce1069ad1b142225e539ac838483cf248849a3ee4b2d0608dd6f525bd,ed5c9df7f7b1e5686ad552b10abd5d853a23f5b3,data/raw/formal-v1/formal-v1__extra__mega_wing+pyxel_bubbles+pyxel_jump+space_rescue__r01,"{""mega_wing"":""games/pyxel/apps-src/mega_wing/mega_wing.py"",""pyxel_bubbles"":""games/pyxel/06_click_game.py"",""pyxel_jump"":""games/pyxel/02_jump_game.py"",""space_rescue"":""games/pyxel/apps-src/space_rescue/space_rescue.py""}","{""mega_wing"":""86bad6c02a303806c58137503739241dc6b1e86695f7c0dbf672b5e1a1464e9f"",""pyxel_bubbles"":""54c101e90bdaed839ac4c4284494530d5df37a5819a35f1e41eebb0b3da5d900"",""pyxel_jump"":""4743a825f1c9cae7e049ac52115f4ecf83350db546c00745a54af187d7bc2e46"",""space_rescue"":""f3b0ab6784ae558e64f06a3f0a704e53f107a130aa3d43357659d0850131e461""}",eae3717b865c346189d26684c53e394df9ee9662e8452459218993618fe3059b
1,55,formal-v1__colocation__pyxel_bubbles+pyxel_platformer+pyxel_shooter__r03,formal-v1,colocation-main,validation,colocation,"[""pyxel_bubbles"",""pyxel_platformer"",""pyxel_shooter""]",pyxel_bubbles,"[""pyxel_platformer"",""pyxel_shooter""]",pyxel_bubbles+pyxel_platformer+pyxel_shooter,pyxel_bubbles+pyxel_platformer+pyxel_shooter__r03,,,3,8498269675985014006,20,60,1,20,windows-rtx4060,0,0,grid_2x2,true,82,1f4e3f3ce1069ad1b142225e539ac838483cf248849a3ee4b2d0608dd6f525bd,ed5c9df7f7b1e5686ad552b10abd5d853a23f5b3,data/raw/formal-v1/formal-v1__colocation__pyxel_bubbles+pyxel_platformer+pyxel_shooter__r03,"{""pyxel_bubbles"":""games/pyxel/06_click_game.py"",""pyxel_platformer"":""games/pyxel/10_platformer.py"",""pyxel_shooter"":""games/pyxel/09_shooter.py""}","{""pyxel_bubbles"":""54c101e90bdaed839ac4c4284494530d5df37a5819a35f1e41eebb0b3da5d900"",""pyxel_platformer"":""1b2c75b49dc9ab0254fb4b724682a4787868814a38d2f08920720dc5b6007ac5"",""pyxel_shooter"":""0f53e4156907eac41080a8f289e22c89365b3239517c754cf59a51af201d5563""}",eae311592c8e422d272f8eca2212b4c45644521a03f35c2c0b670771ffa93a02
1,56,formal-v1__profile__pyxel_snake__memory_bandwidth__p050__r02,formal-v1,profile,not_applicable,pressure_profile,"[""pyxel_snake""]",pyxel_snake,[],,,memory_bandwidth,0.5,2,7551854635602566980,20,60,1,20,windows-rtx4060,0,0,grid_2x2,true,82,1f4e3f3ce1069ad1b142225e539ac838483cf248849a3ee4b2d0608dd6f525bd,ed5c9df7f7b1e5686ad552b10abd5d853a23f5b3,data/raw/formal-v1/formal-v1__profile__pyxel_snake__memory_bandwidth__p050__r02,"{""pyxel_snake"":""games/pyxel/07_snake.py""}","{""pyxel_snake"":""bc533fef92d1d358e570f69d979919fe5c1cd8c4da49841104b49a1e661a5ac3""}",5f5f37c5606cd8861865bf4f6d56551ba31e8e4c7ce0b7224353ff7b964348da
1,57,formal-v1__colocation__pyxel_jump+pyxel_platformer+space_rescue__r03,formal-v1,colocation-main,train,colocation,"[""pyxel_jump"",""pyxel_platformer"",""space_rescue""]",pyxel_jump,"[""pyxel_platformer"",""space_rescue""]",pyxel_jump+pyxel_platformer+space_rescue,pyxel_jump+pyxel_platformer+space_rescue__r03,,,3,11073372992232688367,20,60,1,20,windows-rtx4060,0,0,grid_2x2,true,82,1f4e3f3ce1069ad1b142225e539ac838483cf248849a3ee4b2d0608dd6f525bd,ed5c9df7f7b1e5686ad552b10abd5d853a23f5b3,data/raw/formal-v1/formal-v1__colocation__pyxel_jump+pyxel_platformer+space_rescue__r03,"{""pyxel_jump"":""games/pyxel/02_jump_game.py"",""pyxel_platformer"":""games/pyxel/10_platformer.py"",""space_rescue"":""games/pyxel/apps-src/space_rescue/space_rescue.py""}","{""pyxel_jump"":""4743a825f1c9cae7e049ac52115f4ecf83350db546c00745a54af187d7bc2e46"",""pyxel_platformer"":""1b2c75b49dc9ab0254fb4b724682a4787868814a38d2f08920720dc5b6007ac5"",""space_rescue"":""f3b0ab6784ae558e64f06a3f0a704e53f107a130aa3d43357659d0850131e461""}",5c72544e612de3bf572bf23a987e5570fce3e98a15a3d32247b993c20032866e
1,58,formal-v1__colocation__mega_wing+pyxel_snake__r01,formal-v1,colocation-main,train,colocation,"[""mega_wing"",""pyxel_snake""]",mega_wing,"[""pyxel_snake""]",mega_wing+pyxel_snake,mega_wing+pyxel_snake__r01,,,1,1304870235819937978,20,60,1,20,windows-rtx4060,0,0,grid_2x2,true,82,1f4e3f3ce1069ad1b142225e539ac838483cf248849a3ee4b2d0608dd6f525bd,ed5c9df7f7b1e5686ad552b10abd5d853a23f5b3,data/raw/formal-v1/formal-v1__colocation__mega_wing+pyxel_snake__r01,"{""mega_wing"":""games/pyxel/apps-src/mega_wing/mega_wing.py"",""pyxel_snake"":""games/pyxel/07_snake.py""}","{""mega_wing"":""86bad6c02a303806c58137503739241dc6b1e86695f7c0dbf672b5e1a1464e9f"",""pyxel_snake"":""bc533fef92d1d358e570f69d979919fe5c1cd8c4da49841104b49a1e661a5ac3""}",012df5c95950394f3cd6c9d3214849984b7232eae1bada3b2e562791a8124822
1,59,formal-v1__profile__daylight__cpu_compute__p075__r03,formal-v1,profile,not_applicable,pressure_profile,"[""daylight""]",daylight,[],,,cpu_compute,0.75,3,16393125486362641367,20,60,1,20,windows-rtx4060,0,0,grid_2x2,true,82,1f4e3f3ce1069ad1b142225e539ac838483cf248849a3ee4b2d0608dd6f525bd,ed5c9df7f7b1e5686ad552b10abd5d853a23f5b3,data/raw/formal-v1/formal-v1__profile__daylight__cpu_compute__p075__r03,"{""daylight"":""games/pyxel/apps-src/30SecondsOfDaylight/src/main.py""}","{""daylight"":""21a365375249e9d7ea05e78dcfe040f09cc1f0c66bd410bae084190c743a028f""}",e554ab86917416076acb7fc270beb4ae93fc83c579d23a7df1c21571ea1bd5d7
1,60,formal-v1__profile__mega_wing__memory_bandwidth__p100__r01,formal-v1,profile,not_applicable,pressure_profile,"[""mega_wing""]",mega_wing,[],,,memory_bandwidth,1,1,9205440224266935408,20,60,1,20,windows-rtx4060,0,0,grid_2x2,true,82,1f4e3f3ce1069ad1b142225e539ac838483cf248849a3ee4b2d0608dd6f525bd,ed5c9df7f7b1e5686ad552b10abd5d853a23f5b3,data/raw/formal-v1/formal-v1__profile__mega_wing__memory_bandwidth__p100__r01,"{""mega_wing"":""games/pyxel/apps-src/mega_wing/mega_wing.py""}","{""mega_wing"":""86bad6c02a303806c58137503739241dc6b1e86695f7c0dbf672b5e1a1464e9f""}",db35081b1c97673441f0a7ef1af69232fb95a7791a0ab9c220f8350d96a03db9
1,61,formal-v1__profile__pyxel_bubbles__gpu_memory__p025__r02,formal-v1,profile,not_applicable,pressure_profile,"[""pyxel_bubbles""]",pyxel_bubbles,[],,,gpu_memory,0.25,2,12445883933783709333,20,60,1,20,windows-rtx4060,0,0,grid_2x2,true,82,1f4e3f3ce1069ad1b142225e539ac838483cf248849a3ee4b2d0608dd6f525bd,ed5c9df7f7b1e5686ad552b10abd5d853a23f5b3,data/raw/formal-v1/formal-v1__profile__pyxel_bubbles__gpu_memory__p025__r02,"{""pyxel_bubbles"":""games/pyxel/06_click_game.py""}","{""pyxel_bubbles"":""54c101e90bdaed839ac4c4284494530d5df37a5819a35f1e41eebb0b3da5d900""}",f1f8d9fcfcb9da73ad892594f6d5bde0fb71351505fceb0ae28cafac62a3a946
1,62,formal-v1__colocation__daylight+pyxel_platformer+pyxel_shooter__r01,formal-v1,colocation-main,validation,colocation,"[""daylight"",""pyxel_platformer"",""pyxel_shooter""]",daylight,"[""pyxel_platformer"",""pyxel_shooter""]",daylight+pyxel_platformer+pyxel_shooter,daylight+pyxel_platformer+pyxel_shooter__r01,,,1,4715957220980102501,20,60,1,20,windows-rtx4060,0,0,grid_2x2,true,82,1f4e3f3ce1069ad1b142225e539ac838483cf248849a3ee4b2d0608dd6f525bd,ed5c9df7f7b1e5686ad552b10abd5d853a23f5b3,data/raw/formal-v1/formal-v1__colocation__daylight+pyxel_platformer+pyxel_shooter__r01,"{""daylight"":""games/pyxel/apps-src/30SecondsOfDaylight/src/main.py"",""pyxel_platformer"":""games/pyxel/10_platformer.py"",""pyxel_shooter"":""games/pyxel/09_shooter.py""}","{""daylight"":""21a365375249e9d7ea05e78dcfe040f09cc1f0c66bd410bae084190c743a028f"",""pyxel_platformer"":""1b2c75b49dc9ab0254fb4b724682a4787868814a38d2f08920720dc5b6007ac5"",""pyxel_shooter"":""0f53e4156907eac41080a8f289e22c89365b3239517c754cf59a51af201d5563""}",0a1a1b34c7e8f40446e8ec2aeead9f0c45a4a474e366966683e181f88a16f752
1,63,formal-v1__colocation__pyxel_jump+pyxel_snake__r01,formal-v1,colocation-main,validation,colocation,"[""pyxel_jump"",""pyxel_snake""]",pyxel_jump,"[""pyxel_snake""]",pyxel_jump+pyxel_snake,pyxel_jump+pyxel_snake__r01,,,1,595837154992754466,20,60,1,20,windows-rtx4060,0,0,grid_2x2,true,82,1f4e3f3ce1069ad1b142225e539ac838483cf248849a3ee4b2d0608dd6f525bd,ed5c9df7f7b1e5686ad552b10abd5d853a23f5b3,data/raw/formal-v1/formal-v1__colocation__pyxel_jump+pyxel_snake__r01,"{""pyxel_jump"":""games/pyxel/02_jump_game.py"",""pyxel_snake"":""games/pyxel/07_snake.py""}","{""pyxel_jump"":""4743a825f1c9cae7e049ac52115f4ecf83350db546c00745a54af187d7bc2e46"",""pyxel_snake"":""bc533fef92d1d358e570f69d979919fe5c1cd8c4da49841104b49a1e661a5ac3""}",584d8d1b584deccc2ba4d6bf4acf8bde3bb61951f651889a293ed587981be507
1,64,formal-v1__profile__pyxel_jump__cpu_compute__p075__r01,formal-v1,profile,not_applicable,pressure_profile,"[""pyxel_jump""]",pyxel_jump,[],,,cpu_compute,0.75,1,9861530536592714182,20,60,1,20,windows-rtx4060,0,0,grid_2x2,true,82,1f4e3f3ce1069ad1b142225e539ac838483cf248849a3ee4b2d0608dd6f525bd,ed5c9df7f7b1e5686ad552b10abd5d853a23f5b3,data/raw/formal-v1/formal-v1__profile__pyxel_jump__cpu_compute__p075__r01,"{""pyxel_jump"":""games/pyxel/02_jump_game.py""}","{""pyxel_jump"":""4743a825f1c9cae7e049ac52115f4ecf83350db546c00745a54af187d7bc2e46""}",8668dc38fe502d3f709c1a4d650feded76aac7d62cf4e945d4236b427f24c485
1,65,formal-v1__colocation__mega_wing+pyxel_jump__r03,formal-v1,colocation-main,test,colocation,"[""mega_wing"",""pyxel_jump""]",mega_wing,"[""pyxel_jump""]",mega_wing+pyxel_jump,mega_wing+pyxel_jump__r03,,,3,193343621440929961,20,60,1,20,windows-rtx4060,0,0,grid_2x2,true,82,1f4e3f3ce1069ad1b142225e539ac838483cf248849a3ee4b2d0608dd6f525bd,ed5c9df7f7b1e5686ad552b10abd5d853a23f5b3,data/raw/formal-v1/formal-v1__colocation__mega_wing+pyxel_jump__r03,"{""mega_wing"":""games/pyxel/apps-src/mega_wing/mega_wing.py"",""pyxel_jump"":""games/pyxel/02_jump_game.py""}","{""mega_wing"":""86bad6c02a303806c58137503739241dc6b1e86695f7c0dbf672b5e1a1464e9f"",""pyxel_jump"":""4743a825f1c9cae7e049ac52115f4ecf83350db546c00745a54af187d7bc2e46""}",b33f149286371fb7ba30417959c3f10fe5003e75a6e7b75cc95603b8a3b32734
1,66,formal-v1__extra__daylight+pyxel_bubbles+pyxel_jump+pyxel_platformer__r01,formal-v1,colocation-extra-test,extra_test,extra_test,"[""daylight"",""pyxel_bubbles"",""pyxel_jump"",""pyxel_platformer""]",daylight,"[""pyxel_bubbles"",""pyxel_jump"",""pyxel_platformer""]",daylight+pyxel_bubbles+pyxel_jump+pyxel_platformer,daylight+pyxel_bubbles+pyxel_jump+pyxel_platformer__r01,,,1,5737806892131697747,20,60,1,20,windows-rtx4060,0,0,grid_2x2,true,82,1f4e3f3ce1069ad1b142225e539ac838483cf248849a3ee4b2d0608dd6f525bd,ed5c9df7f7b1e5686ad552b10abd5d853a23f5b3,data/raw/formal-v1/formal-v1__extra__daylight+pyxel_bubbles+pyxel_jump+pyxel_platformer__r01,"{""daylight"":""games/pyxel/apps-src/30SecondsOfDaylight/src/main.py"",""pyxel_bubbles"":""games/pyxel/06_click_game.py"",""pyxel_jump"":""games/pyxel/02_jump_game.py"",""pyxel_platformer"":""games/pyxel/10_platformer.py""}","{""daylight"":""21a365375249e9d7ea05e78dcfe040f09cc1f0c66bd410bae084190c743a028f"",""pyxel_bubbles"":""54c101e90bdaed839ac4c4284494530d5df37a5819a35f1e41eebb0b3da5d900"",""pyxel_jump"":""4743a825f1c9cae7e049ac52115f4ecf83350db546c00745a54af187d7bc2e46"",""pyxel_platformer"":""1b2c75b49dc9ab0254fb4b724682a4787868814a38d2f08920720dc5b6007ac5""}",0931a8b9cbb5a9bc1c0310181d7cbb8060cf12fe8f5448adda7d780137d6fa96
1,67,formal-v1__profile__daylight__cpu_compute__p025__r02,formal-v1,profile,not_applicable,pressure_profile,"[""daylight""]",daylight,[],,,cpu_compute,0.25,2,15725007107643906118,20,60,1,20,windows-rtx4060,0,0,grid_2x2,true,82,1f4e3f3ce1069ad1b142225e539ac838483cf248849a3ee4b2d0608dd6f525bd,ed5c9df7f7b1e5686ad552b10abd5d853a23f5b3,data/raw/formal-v1/formal-v1__profile__daylight__cpu_compute__p025__r02,"{""daylight"":""games/pyxel/apps-src/30SecondsOfDaylight/src/main.py""}","{""daylight"":""21a365375249e9d7ea05e78dcfe040f09cc1f0c66bd410bae084190c743a028f""}",87acf4825e8513961bed8dab97c27478587df1869b9147936d4ddfaf2c73d232
1,68,formal-v1__profile__mega_wing__gpu_memory__p050__r02,formal-v1,profile,not_applicable,pressure_profile,"[""mega_wing""]",mega_wing,[],,,gpu_memory,0.5,2,12784461153044148819,20,60,1,20,windows-rtx4060,0,0,grid_2x2,true,82,1f4e3f3ce1069ad1b142225e539ac838483cf248849a3ee4b2d0608dd6f525bd,ed5c9df7f7b1e5686ad552b10abd5d853a23f5b3,data/raw/formal-v1/formal-v1__profile__mega_wing__gpu_memory__p050__r02,"{""mega_wing"":""games/pyxel/apps-src/mega_wing/mega_wing.py""}","{""mega_wing"":""86bad6c02a303806c58137503739241dc6b1e86695f7c0dbf672b5e1a1464e9f""}",604139e5ba58974a37a7a96470e50f25858db178e87abf00aef64235e6fe6166
1,69,formal-v1__profile__mega_wing__gpu_compute__p075__r02,formal-v1,profile,not_applicable,pressure_profile,"[""mega_wing""]",mega_wing,[],,,gpu_compute,0.75,2,9488651286318619516,20,60,1,20,windows-rtx4060,0,0,grid_2x2,true,82,1f4e3f3ce1069ad1b142225e539ac838483cf248849a3ee4b2d0608dd6f525bd,ed5c9df7f7b1e5686ad552b10abd5d853a23f5b3,data/raw/formal-v1/formal-v1__profile__mega_wing__gpu_compute__p075__r02,"{""mega_wing"":""games/pyxel/apps-src/mega_wing/mega_wing.py""}","{""mega_wing"":""86bad6c02a303806c58137503739241dc6b1e86695f7c0dbf672b5e1a1464e9f""}",413eeaf085e682befbb798a7537372be93f100660166130906f7b06b1ab56935
1,70,formal-v1__profile__pyxel_jump__memory_bandwidth__p050__r03,formal-v1,profile,not_applicable,pressure_profile,"[""pyxel_jump""]",pyxel_jump,[],,,memory_bandwidth,0.5,3,11021339485252582668,20,60,1,20,windows-rtx4060,0,0,grid_2x2,true,82,1f4e3f3ce1069ad1b142225e539ac838483cf248849a3ee4b2d0608dd6f525bd,ed5c9df7f7b1e5686ad552b10abd5d853a23f5b3,data/raw/formal-v1/formal-v1__profile__pyxel_jump__memory_bandwidth__p050__r03,"{""pyxel_jump"":""games/pyxel/02_jump_game.py""}","{""pyxel_jump"":""4743a825f1c9cae7e049ac52115f4ecf83350db546c00745a54af187d7bc2e46""}",d8f9ad6ab1362ec303cf9bda6fa8e8b6af348ce6bf80335a38ba40bee2473fa3
1,71,formal-v1__profile__pyxel_jump__cpu_compute__p000__r01,formal-v1,profile,not_applicable,pressure_profile,"[""pyxel_jump""]",pyxel_jump,[],,,cpu_compute,0,1,15781960136777645112,20,60,1,20,windows-rtx4060,0,0,grid_2x2,true,82,1f4e3f3ce1069ad1b142225e539ac838483cf248849a3ee4b2d0608dd6f525bd,ed5c9df7f7b1e5686ad552b10abd5d853a23f5b3,data/raw/formal-v1/formal-v1__profile__pyxel_jump__cpu_compute__p000__r01,"{""pyxel_jump"":""games/pyxel/02_jump_game.py""}","{""pyxel_jump"":""4743a825f1c9cae7e049ac52115f4ecf83350db546c00745a54af187d7bc2e46""}",f89da5e079411b424dee8c73a1506f7085ca45de55b6c2b8da2ce1b7bf90c7ed
1,72,formal-v1__profile__daylight__gpu_compute__p050__r01,formal-v1,profile,not_applicable,pressure_profile,"[""daylight""]",daylight,[],,,gpu_compute,0.5,1,11915590524522641334,20,60,1,20,windows-rtx4060,0,0,grid_2x2,true,82,1f4e3f3ce1069ad1b142225e539ac838483cf248849a3ee4b2d0608dd6f525bd,ed5c9df7f7b1e5686ad552b10abd5d853a23f5b3,data/raw/formal-v1/formal-v1__profile__daylight__gpu_compute__p050__r01,"{""daylight"":""games/pyxel/apps-src/30SecondsOfDaylight/src/main.py""}","{""daylight"":""21a365375249e9d7ea05e78dcfe040f09cc1f0c66bd410bae084190c743a028f""}",80c3f06d138deddcddce68a629d56d5db12b76860787d86ac70532f6ee9f748f
1,73,formal-v1__profile__pyxel_bubbles__gpu_compute__p000__r03,formal-v1,profile,not_applicable,pressure_profile,"[""pyxel_bubbles""]",pyxel_bubbles,[],,,gpu_compute,0,3,3197609736822577904,20,60,1,20,windows-rtx4060,0,0,grid_2x2,true,82,1f4e3f3ce1069ad1b142225e539ac838483cf248849a3ee4b2d0608dd6f525bd,ed5c9df7f7b1e5686ad552b10abd5d853a23f5b3,data/raw/formal-v1/formal-v1__profile__pyxel_bubbles__gpu_compute__p000__r03,"{""pyxel_bubbles"":""games/pyxel/06_click_game.py""}","{""pyxel_bubbles"":""54c101e90bdaed839ac4c4284494530d5df37a5819a35f1e41eebb0b3da5d900""}",baa3ce493f86d10fc8cb4f5718f81590b17e334db25a6781054d77b658253fa4
1,74,formal-v1__colocation__pyxel_platformer+pyxel_snake+space_rescue__r02,formal-v1,colocation-main,validation,colocation,"[""pyxel_platformer"",""pyxel_snake"",""space_rescue""]",pyxel_platformer,"[""pyxel_snake"",""space_rescue""]",pyxel_platformer+pyxel_snake+space_rescue,pyxel_platformer+pyxel_snake+space_rescue__r02,,,2,1690107461402874264,20,60,1,20,windows-rtx4060,0,0,grid_2x2,true,82,1f4e3f3ce1069ad1b142225e539ac838483cf248849a3ee4b2d0608dd6f525bd,ed5c9df7f7b1e5686ad552b10abd5d853a23f5b3,data/raw/formal-v1/formal-v1__colocation__pyxel_platformer+pyxel_snake+space_rescue__r02,"{""pyxel_platformer"":""games/pyxel/10_platformer.py"",""pyxel_snake"":""games/pyxel/07_snake.py"",""space_rescue"":""games/pyxel/apps-src/space_rescue/space_rescue.py""}","{""pyxel_platformer"":""1b2c75b49dc9ab0254fb4b724682a4787868814a38d2f08920720dc5b6007ac5"",""pyxel_snake"":""bc533fef92d1d358e570f69d979919fe5c1cd8c4da49841104b49a1e661a5ac3"",""space_rescue"":""f3b0ab6784ae558e64f06a3f0a704e53f107a130aa3d43357659d0850131e461""}",6ae109da60c423c7f2623c20a753a0adbd87af6fb2d59e08454776b7f1923ee8
1,75,formal-v1__colocation__daylight+pyxel_jump__r03,formal-v1,colocation-main,test,colocation,"[""daylight"",""pyxel_jump""]",daylight,"[""pyxel_jump""]",daylight+pyxel_jump,daylight+pyxel_jump__r03,,,3,4442143163570228282,20,60,1,20,windows-rtx4060,0,0,grid_2x2,true,82,1f4e3f3ce1069ad1b142225e539ac838483cf248849a3ee4b2d0608dd6f525bd,ed5c9df7f7b1e5686ad552b10abd5d853a23f5b3,data/raw/formal-v1/formal-v1__colocation__daylight+pyxel_jump__r03,"{""daylight"":""games/pyxel/apps-src/30SecondsOfDaylight/src/main.py"",""pyxel_jump"":""games/pyxel/02_jump_game.py""}","{""daylight"":""21a365375249e9d7ea05e78dcfe040f09cc1f0c66bd410bae084190c743a028f"",""pyxel_jump"":""4743a825f1c9cae7e049ac52115f4ecf83350db546c00745a54af187d7bc2e46""}",fcf4e3790b5e98a4e7d8e96b408177c15a6fa76a8fd7d6cb066a33ce129c8389
1,76,formal-v1__profile__pyxel_jump__memory_bandwidth__p025__r02,formal-v1,profile,not_applicable,pressure_profile,"[""pyxel_jump""]",pyxel_jump,[],,,memory_bandwidth,0.25,2,11298813833300652344,20,60,1,20,windows-rtx4060,0,0,grid_2x2,true,82,1f4e3f3ce1069ad1b142225e539ac838483cf248849a3ee4b2d0608dd6f525bd,ed5c9df7f7b1e5686ad552b10abd5d853a23f5b3,data/raw/formal-v1/formal-v1__profile__pyxel_jump__memory_bandwidth__p025__r02,"{""pyxel_jump"":""games/pyxel/02_jump_game.py""}","{""pyxel_jump"":""4743a825f1c9cae7e049ac52115f4ecf83350db546c00745a54af187d7bc2e46""}",efff597f0532f6b7b6df7010961e6034b2f1a953a5302383c0fb9f61db4157d2
1,77,formal-v1__profile__pyxel_bubbles__cpu_compute__p100__r01,formal-v1,profile,not_applicable,pressure_profile,"[""pyxel_bubbles""]",pyxel_bubbles,[],,,cpu_compute,1,1,11831575209290221946,20,60,1,20,windows-rtx4060,0,0,grid_2x2,true,82,1f4e3f3ce1069ad1b142225e539ac838483cf248849a3ee4b2d0608dd6f525bd,ed5c9df7f7b1e5686ad552b10abd5d853a23f5b3,data/raw/formal-v1/formal-v1__profile__pyxel_bubbles__cpu_compute__p100__r01,"{""pyxel_bubbles"":""games/pyxel/06_click_game.py""}","{""pyxel_bubbles"":""54c101e90bdaed839ac4c4284494530d5df37a5819a35f1e41eebb0b3da5d900""}",c6fab37bed85b2bdadc6fd975d834b04ae9ab7e733f94061dd9b8fa82f6cbd07
1,78,formal-v1__profile__pyxel_platformer__memory_bandwidth__p075__r02,formal-v1,profile,not_applicable,pressure_profile,"[""pyxel_platformer""]",pyxel_platformer,[],,,memory_bandwidth,0.75,2,2762682700356843623,20,60,1,20,windows-rtx4060,0,0,grid_2x2,true,82,1f4e3f3ce1069ad1b142225e539ac838483cf248849a3ee4b2d0608dd6f525bd,ed5c9df7f7b1e5686ad552b10abd5d853a23f5b3,data/raw/formal-v1/formal-v1__profile__pyxel_platformer__memory_bandwidth__p075__r02,"{""pyxel_platformer"":""games/pyxel/10_platformer.py""}","{""pyxel_platformer"":""1b2c75b49dc9ab0254fb4b724682a4787868814a38d2f08920720dc5b6007ac5""}",e86d84eb16dd01944b0d2a4c23001e0818c3f1fcb0c79fd21439b63497810a64
1,79,formal-v1__profile__pyxel_bubbles__gpu_memory__p100__r01,formal-v1,profile,not_applicable,pressure_profile,"[""pyxel_bubbles""]",pyxel_bubbles,[],,,gpu_memory,1,1,13004370286349831699,20,60,1,20,windows-rtx4060,0,0,grid_2x2,true,82,1f4e3f3ce1069ad1b142225e539ac838483cf248849a3ee4b2d0608dd6f525bd,ed5c9df7f7b1e5686ad552b10abd5d853a23f5b3,data/raw/formal-v1/formal-v1__profile__pyxel_bubbles__gpu_memory__p100__r01,"{""pyxel_bubbles"":""games/pyxel/06_click_game.py""}","{""pyxel_bubbles"":""54c101e90bdaed839ac4c4284494530d5df37a5819a35f1e41eebb0b3da5d900""}",d87ef08d63d825461ced50b61f1059dcf1d147c4825a928c2e19886c309655a4
1,80,formal-v1__profile__pyxel_snake__gpu_memory__p050__r02,formal-v1,profile,not_applicable,pressure_profile,"[""pyxel_snake""]",pyxel_snake,[],,,gpu_memory,0.5,2,13839995820513001035,20,60,1,20,windows-rtx4060,0,0,grid_2x2,true,82,1f4e3f3ce1069ad1b142225e539ac838483cf248849a3ee4b2d0608dd6f525bd,ed5c9df7f7b1e5686ad552b10abd5d853a23f5b3,data/raw/formal-v1/formal-v1__profile__pyxel_snake__gpu_memory__p050__r02,"{""pyxel_snake"":""games/pyxel/07_snake.py""}","{""pyxel_snake"":""bc533fef92d1d358e570f69d979919fe5c1cd8c4da49841104b49a1e661a5ac3""}",165c4c079bfcd53d4bf0cfb3dcfe988d1cf445304745edb905409bc3aed32862
1,81,formal-v1__profile__space_rescue__gpu_memory__p025__r02,formal-v1,profile,not_applicable,pressure_profile,"[""space_rescue""]",space_rescue,[],,,gpu_memory,0.25,2,4541446456563490709,20,60,1,20,windows-rtx4060,0,0,grid_2x2,true,82,1f4e3f3ce1069ad1b142225e539ac838483cf248849a3ee4b2d0608dd6f525bd,ed5c9df7f7b1e5686ad552b10abd5d853a23f5b3,data/raw/formal-v1/formal-v1__profile__space_rescue__gpu_memory__p025__r02,"{""space_rescue"":""games/pyxel/apps-src/space_rescue/space_rescue.py""}","{""space_rescue"":""f3b0ab6784ae558e64f06a3f0a704e53f107a130aa3d43357659d0850131e461""}",21febd2232bb7fa59f76a4f06901636cfffb1bc028b7043888dfd893ead05bd0
1,82,formal-v1__profile__space_rescue__cpu_compute__p075__r01,formal-v1,profile,not_applicable,pressure_profile,"[""space_rescue""]",space_rescue,[],,,cpu_compute,0.75,1,7748755044565379590,20,60,1,20,windows-rtx4060,0,0,grid_2x2,true,82,1f4e3f3ce1069ad1b142225e539ac838483cf248849a3ee4b2d0608dd6f525bd,ed5c9df7f7b1e5686ad552b10abd5d853a23f5b3,data/raw/formal-v1/formal-v1__profile__space_rescue__cpu_compute__p075__r01,"{""space_rescue"":""games/pyxel/apps-src/space_rescue/space_rescue.py""}","{""space_rescue"":""f3b0ab6784ae558e64f06a3f0a704e53f107a130aa3d43357659d0850131e461""}",557ace44b26f5ceef31169392b85191e7392e940bf364b8855df7120d4fb5b63
1,83,formal-v1__profile__daylight__gpu_compute__p000__r03,formal-v1,profile,not_applicable,pressure_profile,"[""daylight""]",daylight,[],,,gpu_compute,0,3,14577273255851705639,20,60,1,20,windows-rtx4060,0,0,grid_2x2,true,82,1f4e3f3ce1069ad1b142225e539ac838483cf248849a3ee4b2d0608dd6f525bd,ed5c9df7f7b1e5686ad552b10abd5d853a23f5b3,data/raw/formal-v1/formal-v1__profile__daylight__gpu_compute__p000__r03,"{""daylight"":""games/pyxel/apps-src/30SecondsOfDaylight/src/main.py""}","{""daylight"":""21a365375249e9d7ea05e78dcfe040f09cc1f0c66bd410bae084190c743a028f""}",66310eb30409a64f0dac4f682d51a6df6a7db58f5b31b0a1a53d593f2223b9e1
1,84,formal-v1__profile__daylight__cpu_compute__p000__r02,formal-v1,profile,not_applicable,pressure_profile,"[""daylight""]",daylight,[],,,cpu_compute,0,2,241441947802294358,20,60,1,20,windows-rtx4060,0,0,grid_2x2,true,82,1f4e3f3ce1069ad1b142225e539ac838483cf248849a3ee4b2d0608dd6f525bd,ed5c9df7f7b1e5686ad552b10abd5d853a23f5b3,data/raw/formal-v1/formal-v1__profile__daylight__cpu_compute__p000__r02,"{""daylight"":""games/pyxel/apps-src/30SecondsOfDaylight/src/main.py""}","{""daylight"":""21a365375249e9d7ea05e78dcfe040f09cc1f0c66bd410bae084190c743a028f""}",0180f00097455676b4dc3232cb68c1afb8cd684216337ae41dd6cd196eeee32c
1,85,formal-v1__profile__mega_wing__cpu_compute__p075__r03,formal-v1,profile,not_applicable,pressure_profile,"[""mega_wing""]",mega_wing,[],,,cpu_compute,0.75,3,12024191461510072258,20,60,1,20,windows-rtx4060,0,0,grid_2x2,true,82,1f4e3f3ce1069ad1b142225e539ac838483cf248849a3ee4b2d0608dd6f525bd,ed5c9df7f7b1e5686ad552b10abd5d853a23f5b3,data/raw/formal-v1/formal-v1__profile__mega_wing__cpu_compute__p075__r03,"{""mega_wing"":""games/pyxel/apps-src/mega_wing/mega_wing.py""}","{""mega_wing"":""86bad6c02a303806c58137503739241dc6b1e86695f7c0dbf672b5e1a1464e9f""}",d6aaa1f1ddb453052683e9dc3844b4e01ee15ed4a558d8249f8c370f32667e73
1,86,formal-v1__colocation__daylight+pyxel_shooter+pyxel_snake__r03,formal-v1,colocation-main,train,colocation,"[""daylight"",""pyxel_shooter"",""pyxel_snake""]",daylight,"[""pyxel_shooter"",""pyxel_snake""]",daylight+pyxel_shooter+pyxel_snake,daylight+pyxel_shooter+pyxel_snake__r03,,,3,3275937800275558484,20,60,1,20,windows-rtx4060,0,0,grid_2x2,true,82,1f4e3f3ce1069ad1b142225e539ac838483cf248849a3ee4b2d0608dd6f525bd,ed5c9df7f7b1e5686ad552b10abd5d853a23f5b3,data/raw/formal-v1/formal-v1__colocation__daylight+pyxel_shooter+pyxel_snake__r03,"{""daylight"":""games/pyxel/apps-src/30SecondsOfDaylight/src/main.py"",""pyxel_shooter"":""games/pyxel/09_shooter.py"",""pyxel_snake"":""games/pyxel/07_snake.py""}","{""daylight"":""21a365375249e9d7ea05e78dcfe040f09cc1f0c66bd410bae084190c743a028f"",""pyxel_shooter"":""0f53e4156907eac41080a8f289e22c89365b3239517c754cf59a51af201d5563"",""pyxel_snake"":""bc533fef92d1d358e570f69d979919fe5c1cd8c4da49841104b49a1e661a5ac3""}",5e54debf408629b11ec2de7219b1fc2f1c39e06aba3ec86f7ccc3b0f32bd4732
1,87,formal-v1__profile__pyxel_bubbles__cpu_compute__p075__r03,formal-v1,profile,not_applicable,pressure_profile,"[""pyxel_bubbles""]",pyxel_bubbles,[],,,cpu_compute,0.75,3,889363053334683799,20,60,1,20,windows-rtx4060,0,0,grid_2x2,true,82,1f4e3f3ce1069ad1b142225e539ac838483cf248849a3ee4b2d0608dd6f525bd,ed5c9df7f7b1e5686ad552b10abd5d853a23f5b3,data/raw/formal-v1/formal-v1__profile__pyxel_bubbles__cpu_compute__p075__r03,"{""pyxel_bubbles"":""games/pyxel/06_click_game.py""}","{""pyxel_bubbles"":""54c101e90bdaed839ac4c4284494530d5df37a5819a35f1e41eebb0b3da5d900""}",05a1ada946ef58182a4885c924995ab4ec45e2a198b194336dd001c5f6b03913
1,88,formal-v1__colocation__pyxel_bubbles+pyxel_platformer+pyxel_shooter__r02,formal-v1,colocation-main,validation,colocation,"[""pyxel_bubbles"",""pyxel_platformer"",""pyxel_shooter""]",pyxel_bubbles,"[""pyxel_platformer"",""pyxel_shooter""]",pyxel_bubbles+pyxel_platformer+pyxel_shooter,pyxel_bubbles+pyxel_platformer+pyxel_shooter__r02,,,2,7247971371436558227,20,60,1,20,windows-rtx4060,0,0,grid_2x2,true,82,1f4e3f3ce1069ad1b142225e539ac838483cf248849a3ee4b2d0608dd6f525bd,ed5c9df7f7b1e5686ad552b10abd5d853a23f5b3,data/raw/formal-v1/formal-v1__colocation__pyxel_bubbles+pyxel_platformer+pyxel_shooter__r02,"{""pyxel_bubbles"":""games/pyxel/06_click_game.py"",""pyxel_platformer"":""games/pyxel/10_platformer.py"",""pyxel_shooter"":""games/pyxel/09_shooter.py""}","{""pyxel_bubbles"":""54c101e90bdaed839ac4c4284494530d5df37a5819a35f1e41eebb0b3da5d900"",""pyxel_platformer"":""1b2c75b49dc9ab0254fb4b724682a4787868814a38d2f08920720dc5b6007ac5"",""pyxel_shooter"":""0f53e4156907eac41080a8f289e22c89365b3239517c754cf59a51af201d5563""}",042cb511f2b0a1eb669a398eb8ed1fd61dcc0deca8bcaccfa2f42f0a2c5b562f
1,89,formal-v1__profile__pyxel_jump__gpu_compute__p100__r01,formal-v1,profile,not_applicable,pressure_profile,"[""pyxel_jump""]",pyxel_jump,[],,,gpu_compute,1,1,3371735578744062347,20,60,1,20,windows-rtx4060,0,0,grid_2x2,true,82,1f4e3f3ce1069ad1b142225e539ac838483cf248849a3ee4b2d0608dd6f525bd,ed5c9df7f7b1e5686ad552b10abd5d853a23f5b3,data/raw/formal-v1/formal-v1__profile__pyxel_jump__gpu_compute__p100__r01,"{""pyxel_jump"":""games/pyxel/02_jump_game.py""}","{""pyxel_jump"":""4743a825f1c9cae7e049ac52115f4ecf83350db546c00745a54af187d7bc2e46""}",5b08abe382cb037db30f2c5d9eaf0ac8e60cf4f3929a066a8976f93eb6132c7c
1,90,formal-v1__colocation__pyxel_jump+pyxel_snake__r03,formal-v1,colocation-main,validation,colocation,"[""pyxel_jump"",""pyxel_snake""]",pyxel_jump,"[""pyxel_snake""]",pyxel_jump+pyxel_snake,pyxel_jump+pyxel_snake__r03,,,3,669151184381926978,20,60,1,20,windows-rtx4060,0,0,grid_2x2,true,82,1f4e3f3ce1069ad1b142225e539ac838483cf248849a3ee4b2d0608dd6f525bd,ed5c9df7f7b1e5686ad552b10abd5d853a23f5b3,data/raw/formal-v1/formal-v1__colocation__pyxel_jump+pyxel_snake__r03,"{""pyxel_jump"":""games/pyxel/02_jump_game.py"",""pyxel_snake"":""games/pyxel/07_snake.py""}","{""pyxel_jump"":""4743a825f1c9cae7e049ac52115f4ecf83350db546c00745a54af187d7bc2e46"",""pyxel_snake"":""bc533fef92d1d358e570f69d979919fe5c1cd8c4da49841104b49a1e661a5ac3""}",a661b2596fd363316ed2ead8dca725329a78e26513e1cb776031a87c32793408
1,91,formal-v1__colocation__mega_wing+pyxel_platformer+pyxel_shooter__r03,formal-v1,colocation-main,test,colocation,"[""mega_wing"",""pyxel_platformer"",""pyxel_shooter""]",mega_wing,"[""pyxel_platformer"",""pyxel_shooter""]",mega_wing+pyxel_platformer+pyxel_shooter,mega_wing+pyxel_platformer+pyxel_shooter__r03,,,3,12612950904275602089,20,60,1,20,windows-rtx4060,0,0,grid_2x2,true,82,1f4e3f3ce1069ad1b142225e539ac838483cf248849a3ee4b2d0608dd6f525bd,ed5c9df7f7b1e5686ad552b10abd5d853a23f5b3,data/raw/formal-v1/formal-v1__colocation__mega_wing+pyxel_platformer+pyxel_shooter__r03,"{""mega_wing"":""games/pyxel/apps-src/mega_wing/mega_wing.py"",""pyxel_platformer"":""games/pyxel/10_platformer.py"",""pyxel_shooter"":""games/pyxel/09_shooter.py""}","{""mega_wing"":""86bad6c02a303806c58137503739241dc6b1e86695f7c0dbf672b5e1a1464e9f"",""pyxel_platformer"":""1b2c75b49dc9ab0254fb4b724682a4787868814a38d2f08920720dc5b6007ac5"",""pyxel_shooter"":""0f53e4156907eac41080a8f289e22c89365b3239517c754cf59a51af201d5563""}",3ee81ff13c58e200b1f0d33e7a66af6ed150ff741c4d63744b3adb6d20eafa5a
1,92,formal-v1__colocation__pyxel_jump+pyxel_shooter+pyxel_snake__r03,formal-v1,colocation-main,train,colocation,"[""pyxel_jump"",""pyxel_shooter"",""pyxel_snake""]",pyxel_jump,"[""pyxel_shooter"",""pyxel_snake""]",pyxel_jump+pyxel_shooter+pyxel_snake,pyxel_jump+pyxel_shooter+pyxel_snake__r03,,,3,2843541963674284268,20,60,1,20,windows-rtx4060,0,0,grid_2x2,true,82,1f4e3f3ce1069ad1b142225e539ac838483cf248849a3ee4b2d0608dd6f525bd,ed5c9df7f7b1e5686ad552b10abd5d853a23f5b3,data/raw/formal-v1/formal-v1__colocation__pyxel_jump+pyxel_shooter+pyxel_snake__r03,"{""pyxel_jump"":""games/pyxel/02_jump_game.py"",""pyxel_shooter"":""games/pyxel/09_shooter.py"",""pyxel_snake"":""games/pyxel/07_snake.py""}","{""pyxel_jump"":""4743a825f1c9cae7e049ac52115f4ecf83350db546c00745a54af187d7bc2e46"",""pyxel_shooter"":""0f53e4156907eac41080a8f289e22c89365b3239517c754cf59a51af201d5563"",""pyxel_snake"":""bc533fef92d1d358e570f69d979919fe5c1cd8c4da49841104b49a1e661a5ac3""}",00de799876c242d840fb875b1a63c832d6f73d18425db8bed1a1f978af2da7f1
1,93,formal-v1__profile__pyxel_bubbles__gpu_memory__p025__r01,formal-v1,profile,not_applicable,pressure_profile,"[""pyxel_bubbles""]",pyxel_bubbles,[],,,gpu_memory,0.25,1,3010822687310012633,20,60,1,20,windows-rtx4060,0,0,grid_2x2,true,82,1f4e3f3ce1069ad1b142225e539ac838483cf248849a3ee4b2d0608dd6f525bd,ed5c9df7f7b1e5686ad552b10abd5d853a23f5b3,data/raw/formal-v1/formal-v1__profile__pyxel_bubbles__gpu_memory__p025__r01,"{""pyxel_bubbles"":""games/pyxel/06_click_game.py""}","{""pyxel_bubbles"":""54c101e90bdaed839ac4c4284494530d5df37a5819a35f1e41eebb0b3da5d900""}",91e8ca481180feae51810f9c407d91cafdfdaada00201ea579066a334aa43389
1,94,formal-v1__profile__pyxel_platformer__memory_bandwidth__p075__r03,formal-v1,profile,not_applicable,pressure_profile,"[""pyxel_platformer""]",pyxel_platformer,[],,,memory_bandwidth,0.75,3,1857958510345146456,20,60,1,20,windows-rtx4060,0,0,grid_2x2,true,82,1f4e3f3ce1069ad1b142225e539ac838483cf248849a3ee4b2d0608dd6f525bd,ed5c9df7f7b1e5686ad552b10abd5d853a23f5b3,data/raw/formal-v1/formal-v1__profile__pyxel_platformer__memory_bandwidth__p075__r03,"{""pyxel_platformer"":""games/pyxel/10_platformer.py""}","{""pyxel_platformer"":""1b2c75b49dc9ab0254fb4b724682a4787868814a38d2f08920720dc5b6007ac5""}",fc66e28905c229587a8a8e32451bd432a7ab875ea9e15f154a0f864d0b297908
1,95,formal-v1__profile__mega_wing__memory_bandwidth__p000__r02,formal-v1,profile,not_applicable,pressure_profile,"[""mega_wing""]",mega_wing,[],,,memory_bandwidth,0,2,16748466695473203100,20,60,1,20,windows-rtx4060,0,0,grid_2x2,true,82,1f4e3f3ce1069ad1b142225e539ac838483cf248849a3ee4b2d0608dd6f525bd,ed5c9df7f7b1e5686ad552b10abd5d853a23f5b3,data/raw/formal-v1/formal-v1__profile__mega_wing__memory_bandwidth__p000__r02,"{""mega_wing"":""games/pyxel/apps-src/mega_wing/mega_wing.py""}","{""mega_wing"":""86bad6c02a303806c58137503739241dc6b1e86695f7c0dbf672b5e1a1464e9f""}",d22b5212582912ca75d40b9baf4ed53264f4885daebd7d0879161c66350ed1a2
1,96,formal-v1__profile__pyxel_bubbles__gpu_memory__p000__r02,formal-v1,profile,not_applicable,pressure_profile,"[""pyxel_bubbles""]",pyxel_bubbles,[],,,gpu_memory,0,2,8216479269195245272,20,60,1,20,windows-rtx4060,0,0,grid_2x2,true,82,1f4e3f3ce1069ad1b142225e539ac838483cf248849a3ee4b2d0608dd6f525bd,ed5c9df7f7b1e5686ad552b10abd5d853a23f5b3,data/raw/formal-v1/formal-v1__profile__pyxel_bubbles__gpu_memory__p000__r02,"{""pyxel_bubbles"":""games/pyxel/06_click_game.py""}","{""pyxel_bubbles"":""54c101e90bdaed839ac4c4284494530d5df37a5819a35f1e41eebb0b3da5d900""}",c1b929800f91a900b5ba985e18f091d75e4145afd8c51aa0c9235d3718d87e1c
1,97,formal-v1__profile__daylight__gpu_compute__p025__r01,formal-v1,profile,not_applicable,pressure_profile,"[""daylight""]",daylight,[],,,gpu_compute,0.25,1,7727057560543586817,20,60,1,20,windows-rtx4060,0,0,grid_2x2,true,82,1f4e3f3ce1069ad1b142225e539ac838483cf248849a3ee4b2d0608dd6f525bd,ed5c9df7f7b1e5686ad552b10abd5d853a23f5b3,data/raw/formal-v1/formal-v1__profile__daylight__gpu_compute__p025__r01,"{""daylight"":""games/pyxel/apps-src/30SecondsOfDaylight/src/main.py""}","{""daylight"":""21a365375249e9d7ea05e78dcfe040f09cc1f0c66bd410bae084190c743a028f""}",a7fc9b29106140d75406635a94964cc933c5adde04ffe7fa66cec9a111a10ce5
1,98,formal-v1__profile__pyxel_snake__gpu_memory__p050__r01,formal-v1,profile,not_applicable,pressure_profile,"[""pyxel_snake""]",pyxel_snake,[],,,gpu_memory,0.5,1,7472862090844957153,20,60,1,20,windows-rtx4060,0,0,grid_2x2,true,82,1f4e3f3ce1069ad1b142225e539ac838483cf248849a3ee4b2d0608dd6f525bd,ed5c9df7f7b1e5686ad552b10abd5d853a23f5b3,data/raw/formal-v1/formal-v1__profile__pyxel_snake__gpu_memory__p050__r01,"{""pyxel_snake"":""games/pyxel/07_snake.py""}","{""pyxel_snake"":""bc533fef92d1d358e570f69d979919fe5c1cd8c4da49841104b49a1e661a5ac3""}",ada67cfd86979940f5514bbf38b55f8ae6b42afc0f618225f7bfd252cb2bce6d
1,99,formal-v1__profile__daylight__gpu_memory__p025__r01,formal-v1,profile,not_applicable,pressure_profile,"[""daylight""]",daylight,[],,,gpu_memory,0.25,1,18181047094377291399,20,60,1,20,windows-rtx4060,0,0,grid_2x2,true,82,1f4e3f3ce1069ad1b142225e539ac838483cf248849a3ee4b2d0608dd6f525bd,ed5c9df7f7b1e5686ad552b10abd5d853a23f5b3,data/raw/formal-v1/formal-v1__profile__daylight__gpu_memory__p025__r01,"{""daylight"":""games/pyxel/apps-src/30SecondsOfDaylight/src/main.py""}","{""daylight"":""21a365375249e9d7ea05e78dcfe040f09cc1f0c66bd410bae084190c743a028f""}",9845ebbbcb8f421d2aab3885f4d4f22c21abdca7e56fc8f96640fe4807da4c0b
1,100,formal-v1__profile__space_rescue__memory_bandwidth__p050__r01,formal-v1,profile,not_applicable,pressure_profile,"[""space_rescue""]",space_rescue,[],,,memory_bandwidth,0.5,1,15915214356916952255,20,60,1,20,windows-rtx4060,0,0,grid_2x2,true,82,1f4e3f3ce1069ad1b142225e539ac838483cf248849a3ee4b2d0608dd6f525bd,ed5c9df7f7b1e5686ad552b10abd5d853a23f5b3,data/raw/formal-v1/formal-v1__profile__space_rescue__memory_bandwidth__p050__r01,"{""space_rescue"":""games/pyxel/apps-src/space_rescue/space_rescue.py""}","{""space_rescue"":""f3b0ab6784ae558e64f06a3f0a704e53f107a130aa3d43357659d0850131e461""}",6551827a3711ca39660e3a6781f3660049ed3e22db58d85dddec0c9c620b2c68
1,101,formal-v1__profile__pyxel_bubbles__gpu_compute__p075__r02,formal-v1,profile,not_applicable,pressure_profile,"[""pyxel_bubbles""]",pyxel_bubbles,[],,,gpu_compute,0.75,2,2080732550627211984,20,60,1,20,windows-rtx4060,0,0,grid_2x2,true,82,1f4e3f3ce1069ad1b142225e539ac838483cf248849a3ee4b2d0608dd6f525bd,ed5c9df7f7b1e5686ad552b10abd5d853a23f5b3,data/raw/formal-v1/formal-v1__profile__pyxel_bubbles__gpu_compute__p075__r02,"{""pyxel_bubbles"":""games/pyxel/06_click_game.py""}","{""pyxel_bubbles"":""54c101e90bdaed839ac4c4284494530d5df37a5819a35f1e41eebb0b3da5d900""}",4b0aa878f68d14c6b26cf87ca35c0b3ac9882ac8116d505757485a9f7878855e
1,102,formal-v1__profile__space_rescue__gpu_compute__p025__r02,formal-v1,profile,not_applicable,pressure_profile,"[""space_rescue""]",space_rescue,[],,,gpu_compute,0.25,2,5193477929200372882,20,60,1,20,windows-rtx4060,0,0,grid_2x2,true,82,1f4e3f3ce1069ad1b142225e539ac838483cf248849a3ee4b2d0608dd6f525bd,ed5c9df7f7b1e5686ad552b10abd5d853a23f5b3,data/raw/formal-v1/formal-v1__profile__space_rescue__gpu_compute__p025__r02,"{""space_rescue"":""games/pyxel/apps-src/space_rescue/space_rescue.py""}","{""space_rescue"":""f3b0ab6784ae558e64f06a3f0a704e53f107a130aa3d43357659d0850131e461""}",4d4addc3b933689cffe680a406e391a1c0299d096e9dc6bd549f265a6b725f42
1,103,formal-v1__profile__pyxel_platformer__cpu_compute__p000__r03,formal-v1,profile,not_applicable,pressure_profile,"[""pyxel_platformer""]",pyxel_platformer,[],,,cpu_compute,0,3,17679836067172318764,20,60,1,20,windows-rtx4060,0,0,grid_2x2,true,82,1f4e3f3ce1069ad1b142225e539ac838483cf248849a3ee4b2d0608dd6f525bd,ed5c9df7f7b1e5686ad552b10abd5d853a23f5b3,data/raw/formal-v1/formal-v1__profile__pyxel_platformer__cpu_compute__p000__r03,"{""pyxel_platformer"":""games/pyxel/10_platformer.py""}","{""pyxel_platformer"":""1b2c75b49dc9ab0254fb4b724682a4787868814a38d2f08920720dc5b6007ac5""}",eede703240414673af31d7df2ffac9596498e59d931608a5921adb21706f00ea
1,104,formal-v1__profile__pyxel_platformer__memory_bandwidth__p100__r03,formal-v1,profile,not_applicable,pressure_profile,"[""pyxel_platformer""]",pyxel_platformer,[],,,memory_bandwidth,1,3,3804307406830801512,20,60,1,20,windows-rtx4060,0,0,grid_2x2,true,82,1f4e3f3ce1069ad1b142225e539ac838483cf248849a3ee4b2d0608dd6f525bd,ed5c9df7f7b1e5686ad552b10abd5d853a23f5b3,data/raw/formal-v1/formal-v1__profile__pyxel_platformer__memory_bandwidth__p100__r03,"{""pyxel_platformer"":""games/pyxel/10_platformer.py""}","{""pyxel_platformer"":""1b2c75b49dc9ab0254fb4b724682a4787868814a38d2f08920720dc5b6007ac5""}",f6f74775282df9641bfad4ffd02dcf7a771efcbf079c2a39f093a61dcd26dfa9
1,105,formal-v1__profile__pyxel_bubbles__cpu_compute__p100__r02,formal-v1,profile,not_applicable,pressure_profile,"[""pyxel_bubbles""]",pyxel_bubbles,[],,,cpu_compute,1,2,2171011691386828063,20,60,1,20,windows-rtx4060,0,0,grid_2x2,true,82,1f4e3f3ce1069ad1b142225e539ac838483cf248849a3ee4b2d0608dd6f525bd,ed5c9df7f7b1e5686ad552b10abd5d853a23f5b3,data/raw/formal-v1/formal-v1__profile__pyxel_bubbles__cpu_compute__p100__r02,"{""pyxel_bubbles"":""games/pyxel/06_click_game.py""}","{""pyxel_bubbles"":""54c101e90bdaed839ac4c4284494530d5df37a5819a35f1e41eebb0b3da5d900""}",4416c66bf00bc2dbd2c1caf133b196c0d114d29e8913b825a4e14f8bd8336a0d
1,106,formal-v1__profile__pyxel_jump__memory_bandwidth__p100__r02,formal-v1,profile,not_applicable,pressure_profile,"[""pyxel_jump""]",pyxel_jump,[],,,memory_bandwidth,1,2,4526841369643719515,20,60,1,20,windows-rtx4060,0,0,grid_2x2,true,82,1f4e3f3ce1069ad1b142225e539ac838483cf248849a3ee4b2d0608dd6f525bd,ed5c9df7f7b1e5686ad552b10abd5d853a23f5b3,data/raw/formal-v1/formal-v1__profile__pyxel_jump__memory_bandwidth__p100__r02,"{""pyxel_jump"":""games/pyxel/02_jump_game.py""}","{""pyxel_jump"":""4743a825f1c9cae7e049ac52115f4ecf83350db546c00745a54af187d7bc2e46""}",9563b82d821f0379e5753c7ad389d82956ea25b108faab9bc584024daa97eb57
1,107,formal-v1__profile__pyxel_jump__gpu_memory__p100__r03,formal-v1,profile,not_applicable,pressure_profile,"[""pyxel_jump""]",pyxel_jump,[],,,gpu_memory,1,3,10550415607703999974,20,60,1,20,windows-rtx4060,0,0,grid_2x2,true,82,1f4e3f3ce1069ad1b142225e539ac838483cf248849a3ee4b2d0608dd6f525bd,ed5c9df7f7b1e5686ad552b10abd5d853a23f5b3,data/raw/formal-v1/formal-v1__profile__pyxel_jump__gpu_memory__p100__r03,"{""pyxel_jump"":""games/pyxel/02_jump_game.py""}","{""pyxel_jump"":""4743a825f1c9cae7e049ac52115f4ecf83350db546c00745a54af187d7bc2e46""}",0cd9432761d435b1fe8d8624445fb433535d04fec14ff6397703e3e334a2ee48
1,108,formal-v1__profile__pyxel_platformer__gpu_memory__p100__r03,formal-v1,profile,not_applicable,pressure_profile,"[""pyxel_platformer""]",pyxel_platformer,[],,,gpu_memory,1,3,7696464540062108993,20,60,1,20,windows-rtx4060,0,0,grid_2x2,true,82,1f4e3f3ce1069ad1b142225e539ac838483cf248849a3ee4b2d0608dd6f525bd,ed5c9df7f7b1e5686ad552b10abd5d853a23f5b3,data/raw/formal-v1/formal-v1__profile__pyxel_platformer__gpu_memory__p100__r03,"{""pyxel_platformer"":""games/pyxel/10_platformer.py""}","{""pyxel_platformer"":""1b2c75b49dc9ab0254fb4b724682a4787868814a38d2f08920720dc5b6007ac5""}",9b3ca060b9f20f721807626780544610df8ae7fd970b6f5647fdeef01376d483
1,109,formal-v1__colocation__daylight+mega_wing+pyxel_shooter__r03,formal-v1,colocation-main,validation,colocation,"[""daylight"",""mega_wing"",""pyxel_shooter""]",daylight,"[""mega_wing"",""pyxel_shooter""]",daylight+mega_wing+pyxel_shooter,daylight+mega_wing+pyxel_shooter__r03,,,3,13312590361058943931,20,60,1,20,windows-rtx4060,0,0,grid_2x2,true,82,1f4e3f3ce1069ad1b142225e539ac838483cf248849a3ee4b2d0608dd6f525bd,ed5c9df7f7b1e5686ad552b10abd5d853a23f5b3,data/raw/formal-v1/formal-v1__colocation__daylight+mega_wing+pyxel_shooter__r03,"{""daylight"":""games/pyxel/apps-src/30SecondsOfDaylight/src/main.py"",""mega_wing"":""games/pyxel/apps-src/mega_wing/mega_wing.py"",""pyxel_shooter"":""games/pyxel/09_shooter.py""}","{""daylight"":""21a365375249e9d7ea05e78dcfe040f09cc1f0c66bd410bae084190c743a028f"",""mega_wing"":""86bad6c02a303806c58137503739241dc6b1e86695f7c0dbf672b5e1a1464e9f"",""pyxel_shooter"":""0f53e4156907eac41080a8f289e22c89365b3239517c754cf59a51af201d5563""}",8c564d8ee0efa9b310a15a5fb0329cc678456f4e51b335f9465dfadc546965f1
1,110,formal-v1__profile__space_rescue__memory_bandwidth__p100__r03,formal-v1,profile,not_applicable,pressure_profile,"[""space_rescue""]",space_rescue,[],,,memory_bandwidth,1,3,17181506969833333179,20,60,1,20,windows-rtx4060,0,0,grid_2x2,true,82,1f4e3f3ce1069ad1b142225e539ac838483cf248849a3ee4b2d0608dd6f525bd,ed5c9df7f7b1e5686ad552b10abd5d853a23f5b3,data/raw/formal-v1/formal-v1__profile__space_rescue__memory_bandwidth__p100__r03,"{""space_rescue"":""games/pyxel/apps-src/space_rescue/space_rescue.py""}","{""space_rescue"":""f3b0ab6784ae558e64f06a3f0a704e53f107a130aa3d43357659d0850131e461""}",317280ac406b14f6c5da9e88fbdd2c3c8c7899cfaf77d6b5733b432a6336e578
1,111,formal-v1__profile__pyxel_snake__gpu_memory__p075__r01,formal-v1,profile,not_applicable,pressure_profile,"[""pyxel_snake""]",pyxel_snake,[],,,gpu_memory,0.75,1,805019496743078356,20,60,1,20,windows-rtx4060,0,0,grid_2x2,true,82,1f4e3f3ce1069ad1b142225e539ac838483cf248849a3ee4b2d0608dd6f525bd,ed5c9df7f7b1e5686ad552b10abd5d853a23f5b3,data/raw/formal-v1/formal-v1__profile__pyxel_snake__gpu_memory__p075__r01,"{""pyxel_snake"":""games/pyxel/07_snake.py""}","{""pyxel_snake"":""bc533fef92d1d358e570f69d979919fe5c1cd8c4da49841104b49a1e661a5ac3""}",bd8c4939728b6299e4a60edb7f98e32daa2e847537ceb856451cd33066130698
1,112,formal-v1__profile__pyxel_shooter__gpu_compute__p050__r02,formal-v1,profile,not_applicable,pressure_profile,"[""pyxel_shooter""]",pyxel_shooter,[],,,gpu_compute,0.5,2,419416930386546301,20,60,1,20,windows-rtx4060,0,0,grid_2x2,true,82,1f4e3f3ce1069ad1b142225e539ac838483cf248849a3ee4b2d0608dd6f525bd,ed5c9df7f7b1e5686ad552b10abd5d853a23f5b3,data/raw/formal-v1/formal-v1__profile__pyxel_shooter__gpu_compute__p050__r02,"{""pyxel_shooter"":""games/pyxel/09_shooter.py""}","{""pyxel_shooter"":""0f53e4156907eac41080a8f289e22c89365b3239517c754cf59a51af201d5563""}",87641c3a80bf922d74207483358751bf47cf3ec245c85b7098c4aa83763821f2
1,113,formal-v1__profile__pyxel_shooter__cpu_compute__p075__r01,formal-v1,profile,not_applicable,pressure_profile,"[""pyxel_shooter""]",pyxel_shooter,[],,,cpu_compute,0.75,1,9849218443461692718,20,60,1,20,windows-rtx4060,0,0,grid_2x2,true,82,1f4e3f3ce1069ad1b142225e539ac838483cf248849a3ee4b2d0608dd6f525bd,ed5c9df7f7b1e5686ad552b10abd5d853a23f5b3,data/raw/formal-v1/formal-v1__profile__pyxel_shooter__cpu_compute__p075__r01,"{""pyxel_shooter"":""games/pyxel/09_shooter.py""}","{""pyxel_shooter"":""0f53e4156907eac41080a8f289e22c89365b3239517c754cf59a51af201d5563""}",b224e2140d5ab39a48f8e999db620631a74be8416d4682aca407ea4e0907e470
1,114,formal-v1__profile__pyxel_jump__gpu_compute__p000__r03,formal-v1,profile,not_applicable,pressure_profile,"[""pyxel_jump""]",pyxel_jump,[],,,gpu_compute,0,3,13311761209541628143,20,60,1,20,windows-rtx4060,0,0,grid_2x2,true,82,1f4e3f3ce1069ad1b142225e539ac838483cf248849a3ee4b2d0608dd6f525bd,ed5c9df7f7b1e5686ad552b10abd5d853a23f5b3,data/raw/formal-v1/formal-v1__profile__pyxel_jump__gpu_compute__p000__r03,"{""pyxel_jump"":""games/pyxel/02_jump_game.py""}","{""pyxel_jump"":""4743a825f1c9cae7e049ac52115f4ecf83350db546c00745a54af187d7bc2e46""}",70bbfca34001d09985bd1567c4f925be793427dd2a192577c391ff2ca3fb26a3
1,115,formal-v1__extra__mega_wing+pyxel_bubbles+pyxel_platformer+pyxel_shooter__r02,formal-v1,colocation-extra-test,extra_test,extra_test,"[""mega_wing"",""pyxel_bubbles"",""pyxel_platformer"",""pyxel_shooter""]",mega_wing,"[""pyxel_bubbles"",""pyxel_platformer"",""pyxel_shooter""]",mega_wing+pyxel_bubbles+pyxel_platformer+pyxel_shooter,mega_wing+pyxel_bubbles+pyxel_platformer+pyxel_shooter__r02,,,2,704646156157745153,20,60,1,20,windows-rtx4060,0,0,grid_2x2,true,82,1f4e3f3ce1069ad1b142225e539ac838483cf248849a3ee4b2d0608dd6f525bd,ed5c9df7f7b1e5686ad552b10abd5d853a23f5b3,data/raw/formal-v1/formal-v1__extra__mega_wing+pyxel_bubbles+pyxel_platformer+pyxel_shooter__r02,"{""mega_wing"":""games/pyxel/apps-src/mega_wing/mega_wing.py"",""pyxel_bubbles"":""games/pyxel/06_click_game.py"",""pyxel_platformer"":""games/pyxel/10_platformer.py"",""pyxel_shooter"":""games/pyxel/09_shooter.py""}","{""mega_wing"":""86bad6c02a303806c58137503739241dc6b1e86695f7c0dbf672b5e1a1464e9f"",""pyxel_bubbles"":""54c101e90bdaed839ac4c4284494530d5df37a5819a35f1e41eebb0b3da5d900"",""pyxel_platformer"":""1b2c75b49dc9ab0254fb4b724682a4787868814a38d2f08920720dc5b6007ac5"",""pyxel_shooter"":""0f53e4156907eac41080a8f289e22c89365b3239517c754cf59a51af201d5563""}",abc47f9d1d788e1757bc32fb95e0587792839b1dd0159ac80b6b7eb173f24b81
1,116,formal-v1__profile__mega_wing__cpu_compute__p000__r03,formal-v1,profile,not_applicable,pressure_profile,"[""mega_wing""]",mega_wing,[],,,cpu_compute,0,3,10489553234839483832,20,60,1,20,windows-rtx4060,0,0,grid_2x2,true,82,1f4e3f3ce1069ad1b142225e539ac838483cf248849a3ee4b2d0608dd6f525bd,ed5c9df7f7b1e5686ad552b10abd5d853a23f5b3,data/raw/formal-v1/formal-v1__profile__mega_wing__cpu_compute__p000__r03,"{""mega_wing"":""games/pyxel/apps-src/mega_wing/mega_wing.py""}","{""mega_wing"":""86bad6c02a303806c58137503739241dc6b1e86695f7c0dbf672b5e1a1464e9f""}",51cec1c6056541d8fe9e4373aebca2f3112ce706fe0e05e505682b5b5a64bec4
1,117,formal-v1__profile__mega_wing__memory_bandwidth__p000__r01,formal-v1,profile,not_applicable,pressure_profile,"[""mega_wing""]",mega_wing,[],,,memory_bandwidth,0,1,6962954145758470029,20,60,1,20,windows-rtx4060,0,0,grid_2x2,true,82,1f4e3f3ce1069ad1b142225e539ac838483cf248849a3ee4b2d0608dd6f525bd,ed5c9df7f7b1e5686ad552b10abd5d853a23f5b3,data/raw/formal-v1/formal-v1__profile__mega_wing__memory_bandwidth__p000__r01,"{""mega_wing"":""games/pyxel/apps-src/mega_wing/mega_wing.py""}","{""mega_wing"":""86bad6c02a303806c58137503739241dc6b1e86695f7c0dbf672b5e1a1464e9f""}",1ec56fa5164459e9f8b83aa7012876be5d0fafce266acc7232183d4860a362c3
1,118,formal-v1__profile__pyxel_shooter__cpu_compute__p100__r02,formal-v1,profile,not_applicable,pressure_profile,"[""pyxel_shooter""]",pyxel_shooter,[],,,cpu_compute,1,2,1964262705927271843,20,60,1,20,windows-rtx4060,0,0,grid_2x2,true,82,1f4e3f3ce1069ad1b142225e539ac838483cf248849a3ee4b2d0608dd6f525bd,ed5c9df7f7b1e5686ad552b10abd5d853a23f5b3,data/raw/formal-v1/formal-v1__profile__pyxel_shooter__cpu_compute__p100__r02,"{""pyxel_shooter"":""games/pyxel/09_shooter.py""}","{""pyxel_shooter"":""0f53e4156907eac41080a8f289e22c89365b3239517c754cf59a51af201d5563""}",afbec65a412089edf515f15a9dffa25d90fc868307a3c55047f265732273f42e
1,119,formal-v1__profile__pyxel_snake__gpu_memory__p000__r01,formal-v1,profile,not_applicable,pressure_profile,"[""pyxel_snake""]",pyxel_snake,[],,,gpu_memory,0,1,419180579882746016,20,60,1,20,windows-rtx4060,0,0,grid_2x2,true,82,1f4e3f3ce1069ad1b142225e539ac838483cf248849a3ee4b2d0608dd6f525bd,ed5c9df7f7b1e5686ad552b10abd5d853a23f5b3,data/raw/formal-v1/formal-v1__profile__pyxel_snake__gpu_memory__p000__r01,"{""pyxel_snake"":""games/pyxel/07_snake.py""}","{""pyxel_snake"":""bc533fef92d1d358e570f69d979919fe5c1cd8c4da49841104b49a1e661a5ac3""}",d9d0e755d1b1bd214e5c82722674aa64d94b500154f1c690c8f829108cb77a2c
1,120,formal-v1__colocation__daylight+pyxel_jump+pyxel_shooter__r01,formal-v1,colocation-main,train,colocation,"[""daylight"",""pyxel_jump"",""pyxel_shooter""]",daylight,"[""pyxel_jump"",""pyxel_shooter""]",daylight+pyxel_jump+pyxel_shooter,daylight+pyxel_jump+pyxel_shooter__r01,,,1,1241517636271496513,20,60,1,20,windows-rtx4060,0,0,grid_2x2,true,82,1f4e3f3ce1069ad1b142225e539ac838483cf248849a3ee4b2d0608dd6f525bd,ed5c9df7f7b1e5686ad552b10abd5d853a23f5b3,data/raw/formal-v1/formal-v1__colocation__daylight+pyxel_jump+pyxel_shooter__r01,"{""daylight"":""games/pyxel/apps-src/30SecondsOfDaylight/src/main.py"",""pyxel_jump"":""games/pyxel/02_jump_game.py"",""pyxel_shooter"":""games/pyxel/09_shooter.py""}","{""daylight"":""21a365375249e9d7ea05e78dcfe040f09cc1f0c66bd410bae084190c743a028f"",""pyxel_jump"":""4743a825f1c9cae7e049ac52115f4ecf83350db546c00745a54af187d7bc2e46"",""pyxel_shooter"":""0f53e4156907eac41080a8f289e22c89365b3239517c754cf59a51af201d5563""}",5bfdba91da92e9511cee5df1139d3c82b661a7af9629f6862bcd2e324ac3c22e
1,121,formal-v1__profile__space_rescue__gpu_compute__p050__r03,formal-v1,profile,not_applicable,pressure_profile,"[""space_rescue""]",space_rescue,[],,,gpu_compute,0.5,3,16865330936208072458,20,60,1,20,windows-rtx4060,0,0,grid_2x2,true,82,1f4e3f3ce1069ad1b142225e539ac838483cf248849a3ee4b2d0608dd6f525bd,ed5c9df7f7b1e5686ad552b10abd5d853a23f5b3,data/raw/formal-v1/formal-v1__profile__space_rescue__gpu_compute__p050__r03,"{""space_rescue"":""games/pyxel/apps-src/space_rescue/space_rescue.py""}","{""space_rescue"":""f3b0ab6784ae558e64f06a3f0a704e53f107a130aa3d43357659d0850131e461""}",29ef4d85e5e17d6b3146fedc7e2a918000da50aedb4521df971c25839ac9f6fb
1,122,formal-v1__profile__pyxel_bubbles__memory_bandwidth__p075__r03,formal-v1,profile,not_applicable,pressure_profile,"[""pyxel_bubbles""]",pyxel_bubbles,[],,,memory_bandwidth,0.75,3,15355475552925496380,20,60,1,20,windows-rtx4060,0,0,grid_2x2,true,82,1f4e3f3ce1069ad1b142225e539ac838483cf248849a3ee4b2d0608dd6f525bd,ed5c9df7f7b1e5686ad552b10abd5d853a23f5b3,data/raw/formal-v1/formal-v1__profile__pyxel_bubbles__memory_bandwidth__p075__r03,"{""pyxel_bubbles"":""games/pyxel/06_click_game.py""}","{""pyxel_bubbles"":""54c101e90bdaed839ac4c4284494530d5df37a5819a35f1e41eebb0b3da5d900""}",717e18da0dde7b8752a94a76b8370ba8631a0e72f6cd8bc862545be85edd4af6
1,123,formal-v1__profile__mega_wing__cpu_compute__p050__r03,formal-v1,profile,not_applicable,pressure_profile,"[""mega_wing""]",mega_wing,[],,,cpu_compute,0.5,3,6312199918978094460,20,60,1,20,windows-rtx4060,0,0,grid_2x2,true,82,1f4e3f3ce1069ad1b142225e539ac838483cf248849a3ee4b2d0608dd6f525bd,ed5c9df7f7b1e5686ad552b10abd5d853a23f5b3,data/raw/formal-v1/formal-v1__profile__mega_wing__cpu_compute__p050__r03,"{""mega_wing"":""games/pyxel/apps-src/mega_wing/mega_wing.py""}","{""mega_wing"":""86bad6c02a303806c58137503739241dc6b1e86695f7c0dbf672b5e1a1464e9f""}",1b373c033ad4e35126dcba240b6568919f2d1aada4d8a2215c0bdc85b1396211
1,124,formal-v1__colocation__pyxel_bubbles+pyxel_snake+space_rescue__r02,formal-v1,colocation-main,train,colocation,"[""pyxel_bubbles"",""pyxel_snake"",""space_rescue""]",pyxel_bubbles,"[""pyxel_snake"",""space_rescue""]",pyxel_bubbles+pyxel_snake+space_rescue,pyxel_bubbles+pyxel_snake+space_rescue__r02,,,2,843203424084328921,20,60,1,20,windows-rtx4060,0,0,grid_2x2,true,82,1f4e3f3ce1069ad1b142225e539ac838483cf248849a3ee4b2d0608dd6f525bd,ed5c9df7f7b1e5686ad552b10abd5d853a23f5b3,data/raw/formal-v1/formal-v1__colocation__pyxel_bubbles+pyxel_snake+space_rescue__r02,"{""pyxel_bubbles"":""games/pyxel/06_click_game.py"",""pyxel_snake"":""games/pyxel/07_snake.py"",""space_rescue"":""games/pyxel/apps-src/space_rescue/space_rescue.py""}","{""pyxel_bubbles"":""54c101e90bdaed839ac4c4284494530d5df37a5819a35f1e41eebb0b3da5d900"",""pyxel_snake"":""bc533fef92d1d358e570f69d979919fe5c1cd8c4da49841104b49a1e661a5ac3"",""space_rescue"":""f3b0ab6784ae558e64f06a3f0a704e53f107a130aa3d43357659d0850131e461""}",afdd65bb0816374902b1026b3030e748df3a39a2e00c1d16c9cc9486098afe1a
1,125,formal-v1__profile__pyxel_shooter__cpu_compute__p100__r03,formal-v1,profile,not_applicable,pressure_profile,"[""pyxel_shooter""]",pyxel_shooter,[],,,cpu_compute,1,3,9759321866444182268,20,60,1,20,windows-rtx4060,0,0,grid_2x2,true,82,1f4e3f3ce1069ad1b142225e539ac838483cf248849a3ee4b2d0608dd6f525bd,ed5c9df7f7b1e5686ad552b10abd5d853a23f5b3,data/raw/formal-v1/formal-v1__profile__pyxel_shooter__cpu_compute__p100__r03,"{""pyxel_shooter"":""games/pyxel/09_shooter.py""}","{""pyxel_shooter"":""0f53e4156907eac41080a8f289e22c89365b3239517c754cf59a51af201d5563""}",3071420485c32c44f9fa3b623d40b09173795ac5a89ba4dc474b944292c8efad
1,126,formal-v1__profile__pyxel_snake__gpu_memory__p075__r03,formal-v1,profile,not_applicable,pressure_profile,"[""pyxel_snake""]",pyxel_snake,[],,,gpu_memory,0.75,3,1970314320304426401,20,60,1,20,windows-rtx4060,0,0,grid_2x2,true,82,1f4e3f3ce1069ad1b142225e539ac838483cf248849a3ee4b2d0608dd6f525bd,ed5c9df7f7b1e5686ad552b10abd5d853a23f5b3,data/raw/formal-v1/formal-v1__profile__pyxel_snake__gpu_memory__p075__r03,"{""pyxel_snake"":""games/pyxel/07_snake.py""}","{""pyxel_snake"":""bc533fef92d1d358e570f69d979919fe5c1cd8c4da49841104b49a1e661a5ac3""}",8827d626b5ddd1876d592dd0fead6ba0eb080f8ea79f3683d8848b9a5a14e5c0
1,127,formal-v1__profile__pyxel_snake__cpu_compute__p000__r03,formal-v1,profile,not_applicable,pressure_profile,"[""pyxel_snake""]",pyxel_snake,[],,,cpu_compute,0,3,3712196662749753045,20,60,1,20,windows-rtx4060,0,0,grid_2x2,true,82,1f4e3f3ce1069ad1b142225e539ac838483cf248849a3ee4b2d0608dd6f525bd,ed5c9df7f7b1e5686ad552b10abd5d853a23f5b3,data/raw/formal-v1/formal-v1__profile__pyxel_snake__cpu_compute__p000__r03,"{""pyxel_snake"":""games/pyxel/07_snake.py""}","{""pyxel_snake"":""bc533fef92d1d358e570f69d979919fe5c1cd8c4da49841104b49a1e661a5ac3""}",0c3d40e042e1763508f90e05888e7a26d07febfb8117bffe2ab17b3625613e98
1,128,formal-v1__profile__daylight__cpu_compute__p075__r01,formal-v1,profile,not_applicable,pressure_profile,"[""daylight""]",daylight,[],,,cpu_compute,0.75,1,8631041996973619436,20,60,1,20,windows-rtx4060,0,0,grid_2x2,true,82,1f4e3f3ce1069ad1b142225e539ac838483cf248849a3ee4b2d0608dd6f525bd,ed5c9df7f7b1e5686ad552b10abd5d853a23f5b3,data/raw/formal-v1/formal-v1__profile__daylight__cpu_compute__p075__r01,"{""daylight"":""games/pyxel/apps-src/30SecondsOfDaylight/src/main.py""}","{""daylight"":""21a365375249e9d7ea05e78dcfe040f09cc1f0c66bd410bae084190c743a028f""}",675937c175096da53d2d05ab613065d18b61a130db3943710a9a2d36520ea7d4
1,129,formal-v1__profile__pyxel_platformer__gpu_compute__p025__r01,formal-v1,profile,not_applicable,pressure_profile,"[""pyxel_platformer""]",pyxel_platformer,[],,,gpu_compute,0.25,1,7844644472696467463,20,60,1,20,windows-rtx4060,0,0,grid_2x2,true,82,1f4e3f3ce1069ad1b142225e539ac838483cf248849a3ee4b2d0608dd6f525bd,ed5c9df7f7b1e5686ad552b10abd5d853a23f5b3,data/raw/formal-v1/formal-v1__profile__pyxel_platformer__gpu_compute__p025__r01,"{""pyxel_platformer"":""games/pyxel/10_platformer.py""}","{""pyxel_platformer"":""1b2c75b49dc9ab0254fb4b724682a4787868814a38d2f08920720dc5b6007ac5""}",75f06e8771065afc59340aa061881c510e6ef2062b938733f7ed3f05ba4a82db
1,130,formal-v1__solo__daylight__r02,formal-v1,solo,not_applicable,solo,"[""daylight""]",daylight,[],,,,,2,16533069033604845672,20,60,1,20,windows-rtx4060,0,0,grid_2x2,true,82,1f4e3f3ce1069ad1b142225e539ac838483cf248849a3ee4b2d0608dd6f525bd,ed5c9df7f7b1e5686ad552b10abd5d853a23f5b3,data/raw/formal-v1/formal-v1__solo__daylight__r02,"{""daylight"":""games/pyxel/apps-src/30SecondsOfDaylight/src/main.py""}","{""daylight"":""21a365375249e9d7ea05e78dcfe040f09cc1f0c66bd410bae084190c743a028f""}",8c0158e3d92468ada0be237ce168576541598e625ae5753b46cf26dbed32f42f
1,131,formal-v1__profile__space_rescue__gpu_compute__p100__r03,formal-v1,profile,not_applicable,pressure_profile,"[""space_rescue""]",space_rescue,[],,,gpu_compute,1,3,5457333279299760245,20,60,1,20,windows-rtx4060,0,0,grid_2x2,true,82,1f4e3f3ce1069ad1b142225e539ac838483cf248849a3ee4b2d0608dd6f525bd,ed5c9df7f7b1e5686ad552b10abd5d853a23f5b3,data/raw/formal-v1/formal-v1__profile__space_rescue__gpu_compute__p100__r03,"{""space_rescue"":""games/pyxel/apps-src/space_rescue/space_rescue.py""}","{""space_rescue"":""f3b0ab6784ae558e64f06a3f0a704e53f107a130aa3d43357659d0850131e461""}",bf2f60d555041fed76151d8020c9a4f5fe5ecfd496673c3421053683fa465484
1,132,formal-v1__colocation__daylight+pyxel_jump+pyxel_shooter__r03,formal-v1,colocation-main,train,colocation,"[""daylight"",""pyxel_jump"",""pyxel_shooter""]",daylight,"[""pyxel_jump"",""pyxel_shooter""]",daylight+pyxel_jump+pyxel_shooter,daylight+pyxel_jump+pyxel_shooter__r03,,,3,9575953382854801708,20,60,1,20,windows-rtx4060,0,0,grid_2x2,true,82,1f4e3f3ce1069ad1b142225e539ac838483cf248849a3ee4b2d0608dd6f525bd,ed5c9df7f7b1e5686ad552b10abd5d853a23f5b3,data/raw/formal-v1/formal-v1__colocation__daylight+pyxel_jump+pyxel_shooter__r03,"{""daylight"":""games/pyxel/apps-src/30SecondsOfDaylight/src/main.py"",""pyxel_jump"":""games/pyxel/02_jump_game.py"",""pyxel_shooter"":""games/pyxel/09_shooter.py""}","{""daylight"":""21a365375249e9d7ea05e78dcfe040f09cc1f0c66bd410bae084190c743a028f"",""pyxel_jump"":""4743a825f1c9cae7e049ac52115f4ecf83350db546c00745a54af187d7bc2e46"",""pyxel_shooter"":""0f53e4156907eac41080a8f289e22c89365b3239517c754cf59a51af201d5563""}",7da99aab01e5fef75afb60c965136c1f1067df0d76a8e8b6228ffdf8bff28289
1,133,formal-v1__profile__pyxel_snake__gpu_memory__p100__r02,formal-v1,profile,not_applicable,pressure_profile,"[""pyxel_snake""]",pyxel_snake,[],,,gpu_memory,1,2,9382385406287346408,20,60,1,20,windows-rtx4060,0,0,grid_2x2,true,82,1f4e3f3ce1069ad1b142225e539ac838483cf248849a3ee4b2d0608dd6f525bd,ed5c9df7f7b1e5686ad552b10abd5d853a23f5b3,data/raw/formal-v1/formal-v1__profile__pyxel_snake__gpu_memory__p100__r02,"{""pyxel_snake"":""games/pyxel/07_snake.py""}","{""pyxel_snake"":""bc533fef92d1d358e570f69d979919fe5c1cd8c4da49841104b49a1e661a5ac3""}",53e3b1ad4bc15cab64784c4551a371cf550dee92271f9e6a22f4b4ee86ffba24
1,134,formal-v1__extra__pyxel_bubbles+pyxel_jump+pyxel_shooter+pyxel_snake__r03,formal-v1,colocation-extra-test,extra_test,extra_test,"[""pyxel_bubbles"",""pyxel_jump"",""pyxel_shooter"",""pyxel_snake""]",pyxel_bubbles,"[""pyxel_jump"",""pyxel_shooter"",""pyxel_snake""]",pyxel_bubbles+pyxel_jump+pyxel_shooter+pyxel_snake,pyxel_bubbles+pyxel_jump+pyxel_shooter+pyxel_snake__r03,,,3,9007439181799404875,20,60,1,20,windows-rtx4060,0,0,grid_2x2,true,82,1f4e3f3ce1069ad1b142225e539ac838483cf248849a3ee4b2d0608dd6f525bd,ed5c9df7f7b1e5686ad552b10abd5d853a23f5b3,data/raw/formal-v1/formal-v1__extra__pyxel_bubbles+pyxel_jump+pyxel_shooter+pyxel_snake__r03,"{""pyxel_bubbles"":""games/pyxel/06_click_game.py"",""pyxel_jump"":""games/pyxel/02_jump_game.py"",""pyxel_shooter"":""games/pyxel/09_shooter.py"",""pyxel_snake"":""games/pyxel/07_snake.py""}","{""pyxel_bubbles"":""54c101e90bdaed839ac4c4284494530d5df37a5819a35f1e41eebb0b3da5d900"",""pyxel_jump"":""4743a825f1c9cae7e049ac52115f4ecf83350db546c00745a54af187d7bc2e46"",""pyxel_shooter"":""0f53e4156907eac41080a8f289e22c89365b3239517c754cf59a51af201d5563"",""pyxel_snake"":""bc533fef92d1d358e570f69d979919fe5c1cd8c4da49841104b49a1e661a5ac3""}",220a22ae3bbae1b3741e7992d82e991de6a27acf3d1bf1cace704e3e1d54a8e7
1,135,formal-v1__profile__space_rescue__gpu_memory__p075__r02,formal-v1,profile,not_applicable,pressure_profile,"[""space_rescue""]",space_rescue,[],,,gpu_memory,0.75,2,15603051225617913125,20,60,1,20,windows-rtx4060,0,0,grid_2x2,true,82,1f4e3f3ce1069ad1b142225e539ac838483cf248849a3ee4b2d0608dd6f525bd,ed5c9df7f7b1e5686ad552b10abd5d853a23f5b3,data/raw/formal-v1/formal-v1__profile__space_rescue__gpu_memory__p075__r02,"{""space_rescue"":""games/pyxel/apps-src/space_rescue/space_rescue.py""}","{""space_rescue"":""f3b0ab6784ae558e64f06a3f0a704e53f107a130aa3d43357659d0850131e461""}",6255583d7ab78ae18a1f78db4d8969412886006d92f1e9e8fb1f91aa32a50e23
1,136,formal-v1__extra__daylight+mega_wing+pyxel_bubbles+pyxel_snake__r03,formal-v1,colocation-extra-test,extra_test,extra_test,"[""daylight"",""mega_wing"",""pyxel_bubbles"",""pyxel_snake""]",daylight,"[""mega_wing"",""pyxel_bubbles"",""pyxel_snake""]",daylight+mega_wing+pyxel_bubbles+pyxel_snake,daylight+mega_wing+pyxel_bubbles+pyxel_snake__r03,,,3,8849750027729184624,20,60,1,20,windows-rtx4060,0,0,grid_2x2,true,82,1f4e3f3ce1069ad1b142225e539ac838483cf248849a3ee4b2d0608dd6f525bd,ed5c9df7f7b1e5686ad552b10abd5d853a23f5b3,data/raw/formal-v1/formal-v1__extra__daylight+mega_wing+pyxel_bubbles+pyxel_snake__r03,"{""daylight"":""games/pyxel/apps-src/30SecondsOfDaylight/src/main.py"",""mega_wing"":""games/pyxel/apps-src/mega_wing/mega_wing.py"",""pyxel_bubbles"":""games/pyxel/06_click_game.py"",""pyxel_snake"":""games/pyxel/07_snake.py""}","{""daylight"":""21a365375249e9d7ea05e78dcfe040f09cc1f0c66bd410bae084190c743a028f"",""mega_wing"":""86bad6c02a303806c58137503739241dc6b1e86695f7c0dbf672b5e1a1464e9f"",""pyxel_bubbles"":""54c101e90bdaed839ac4c4284494530d5df37a5819a35f1e41eebb0b3da5d900"",""pyxel_snake"":""bc533fef92d1d358e570f69d979919fe5c1cd8c4da49841104b49a1e661a5ac3""}",f215b2c449760d1c9458683525ba4ed93249c986d765efa2addb89caaf073799
1,137,formal-v1__colocation__pyxel_bubbles+pyxel_jump__r03,formal-v1,colocation-main,train,colocation,"[""pyxel_bubbles"",""pyxel_jump""]",pyxel_bubbles,"[""pyxel_jump""]",pyxel_bubbles+pyxel_jump,pyxel_bubbles+pyxel_jump__r03,,,3,15951009516146925294,20,60,1,20,windows-rtx4060,0,0,grid_2x2,true,82,1f4e3f3ce1069ad1b142225e539ac838483cf248849a3ee4b2d0608dd6f525bd,ed5c9df7f7b1e5686ad552b10abd5d853a23f5b3,data/raw/formal-v1/formal-v1__colocation__pyxel_bubbles+pyxel_jump__r03,"{""pyxel_bubbles"":""games/pyxel/06_click_game.py"",""pyxel_jump"":""games/pyxel/02_jump_game.py""}","{""pyxel_bubbles"":""54c101e90bdaed839ac4c4284494530d5df37a5819a35f1e41eebb0b3da5d900"",""pyxel_jump"":""4743a825f1c9cae7e049ac52115f4ecf83350db546c00745a54af187d7bc2e46""}",c99e8cfc89dbd4d0f3cbd1e0d32ee069421ea2f9eee9c1001ce7484e6c70a07a
1,138,formal-v1__profile__pyxel_snake__cpu_compute__p000__r01,formal-v1,profile,not_applicable,pressure_profile,"[""pyxel_snake""]",pyxel_snake,[],,,cpu_compute,0,1,11082123514019382106,20,60,1,20,windows-rtx4060,0,0,grid_2x2,true,82,1f4e3f3ce1069ad1b142225e539ac838483cf248849a3ee4b2d0608dd6f525bd,ed5c9df7f7b1e5686ad552b10abd5d853a23f5b3,data/raw/formal-v1/formal-v1__profile__pyxel_snake__cpu_compute__p000__r01,"{""pyxel_snake"":""games/pyxel/07_snake.py""}","{""pyxel_snake"":""bc533fef92d1d358e570f69d979919fe5c1cd8c4da49841104b49a1e661a5ac3""}",d21083921d528e2c3af28fc120106c3cd39356033141338f45bb8c766f850cd8
1,139,formal-v1__colocation__pyxel_shooter+pyxel_snake__r02,formal-v1,colocation-main,train,colocation,"[""pyxel_shooter"",""pyxel_snake""]",pyxel_shooter,"[""pyxel_snake""]",pyxel_shooter+pyxel_snake,pyxel_shooter+pyxel_snake__r02,,,2,10785529920502355013,20,60,1,20,windows-rtx4060,0,0,grid_2x2,true,82,1f4e3f3ce1069ad1b142225e539ac838483cf248849a3ee4b2d0608dd6f525bd,ed5c9df7f7b1e5686ad552b10abd5d853a23f5b3,data/raw/formal-v1/formal-v1__colocation__pyxel_shooter+pyxel_snake__r02,"{""pyxel_shooter"":""games/pyxel/09_shooter.py"",""pyxel_snake"":""games/pyxel/07_snake.py""}","{""pyxel_shooter"":""0f53e4156907eac41080a8f289e22c89365b3239517c754cf59a51af201d5563"",""pyxel_snake"":""bc533fef92d1d358e570f69d979919fe5c1cd8c4da49841104b49a1e661a5ac3""}",28652db482bdceda3d1520161403f754bb3065ecd9fe196f7a4dadf73f7e29e3
1,140,formal-v1__profile__space_rescue__gpu_compute__p100__r02,formal-v1,profile,not_applicable,pressure_profile,"[""space_rescue""]",space_rescue,[],,,gpu_compute,1,2,16244701784464542081,20,60,1,20,windows-rtx4060,0,0,grid_2x2,true,82,1f4e3f3ce1069ad1b142225e539ac838483cf248849a3ee4b2d0608dd6f525bd,ed5c9df7f7b1e5686ad552b10abd5d853a23f5b3,data/raw/formal-v1/formal-v1__profile__space_rescue__gpu_compute__p100__r02,"{""space_rescue"":""games/pyxel/apps-src/space_rescue/space_rescue.py""}","{""space_rescue"":""f3b0ab6784ae558e64f06a3f0a704e53f107a130aa3d43357659d0850131e461""}",884dc3f61bdcc5a38793bfd180cfc26451e857f5e814b9185f52d612f3ab3360
1,141,formal-v1__profile__space_rescue__memory_bandwidth__p000__r01,formal-v1,profile,not_applicable,pressure_profile,"[""space_rescue""]",space_rescue,[],,,memory_bandwidth,0,1,12755157107996082770,20,60,1,20,windows-rtx4060,0,0,grid_2x2,true,82,1f4e3f3ce1069ad1b142225e539ac838483cf248849a3ee4b2d0608dd6f525bd,ed5c9df7f7b1e5686ad552b10abd5d853a23f5b3,data/raw/formal-v1/formal-v1__profile__space_rescue__memory_bandwidth__p000__r01,"{""space_rescue"":""games/pyxel/apps-src/space_rescue/space_rescue.py""}","{""space_rescue"":""f3b0ab6784ae558e64f06a3f0a704e53f107a130aa3d43357659d0850131e461""}",ba72f5841b9e900a41e50f1be246b4bf5a9de5a3fdd481dbd53f61da00a7fe37
1,142,formal-v1__colocation__daylight+space_rescue__r01,formal-v1,colocation-main,test,colocation,"[""daylight"",""space_rescue""]",daylight,"[""space_rescue""]",daylight+space_rescue,daylight+space_rescue__r01,,,1,17465217366096432256,20,60,1,20,windows-rtx4060,0,0,grid_2x2,true,82,1f4e3f3ce1069ad1b142225e539ac838483cf248849a3ee4b2d0608dd6f525bd,ed5c9df7f7b1e5686ad552b10abd5d853a23f5b3,data/raw/formal-v1/formal-v1__colocation__daylight+space_rescue__r01,"{""daylight"":""games/pyxel/apps-src/30SecondsOfDaylight/src/main.py"",""space_rescue"":""games/pyxel/apps-src/space_rescue/space_rescue.py""}","{""daylight"":""21a365375249e9d7ea05e78dcfe040f09cc1f0c66bd410bae084190c743a028f"",""space_rescue"":""f3b0ab6784ae558e64f06a3f0a704e53f107a130aa3d43357659d0850131e461""}",ab12747ab1cb456b9060e33332ce8f54b52ef666f9fefb1c35c409edc62007bc
1,143,formal-v1__colocation__mega_wing+pyxel_jump+pyxel_platformer__r02,formal-v1,colocation-main,train,colocation,"[""mega_wing"",""pyxel_jump"",""pyxel_platformer""]",mega_wing,"[""pyxel_jump"",""pyxel_platformer""]",mega_wing+pyxel_jump+pyxel_platformer,mega_wing+pyxel_jump+pyxel_platformer__r02,,,2,7103667109493370920,20,60,1,20,windows-rtx4060,0,0,grid_2x2,true,82,1f4e3f3ce1069ad1b142225e539ac838483cf248849a3ee4b2d0608dd6f525bd,ed5c9df7f7b1e5686ad552b10abd5d853a23f5b3,data/raw/formal-v1/formal-v1__colocation__mega_wing+pyxel_jump+pyxel_platformer__r02,"{""mega_wing"":""games/pyxel/apps-src/mega_wing/mega_wing.py"",""pyxel_jump"":""games/pyxel/02_jump_game.py"",""pyxel_platformer"":""games/pyxel/10_platformer.py""}","{""mega_wing"":""86bad6c02a303806c58137503739241dc6b1e86695f7c0dbf672b5e1a1464e9f"",""pyxel_jump"":""4743a825f1c9cae7e049ac52115f4ecf83350db546c00745a54af187d7bc2e46"",""pyxel_platformer"":""1b2c75b49dc9ab0254fb4b724682a4787868814a38d2f08920720dc5b6007ac5""}",4c9bb9be76b5ae07162f1b36c25f5a399a5e29d9527eb557371c3d5ccaf310b0
1,144,formal-v1__colocation__daylight+pyxel_bubbles__r02,formal-v1,colocation-main,validation,colocation,"[""daylight"",""pyxel_bubbles""]",daylight,"[""pyxel_bubbles""]",daylight+pyxel_bubbles,daylight+pyxel_bubbles__r02,,,2,10777077298818543837,20,60,1,20,windows-rtx4060,0,0,grid_2x2,true,82,1f4e3f3ce1069ad1b142225e539ac838483cf248849a3ee4b2d0608dd6f525bd,ed5c9df7f7b1e5686ad552b10abd5d853a23f5b3,data/raw/formal-v1/formal-v1__colocation__daylight+pyxel_bubbles__r02,"{""daylight"":""games/pyxel/apps-src/30SecondsOfDaylight/src/main.py"",""pyxel_bubbles"":""games/pyxel/06_click_game.py""}","{""daylight"":""21a365375249e9d7ea05e78dcfe040f09cc1f0c66bd410bae084190c743a028f"",""pyxel_bubbles"":""54c101e90bdaed839ac4c4284494530d5df37a5819a35f1e41eebb0b3da5d900""}",5dc27c481fa0c394e7ec743a0e362721791d0c4b635ad31dd4214d62de22a9c1
1,145,formal-v1__colocation__daylight+mega_wing__r03,formal-v1,colocation-main,test,colocation,"[""daylight"",""mega_wing""]",daylight,"[""mega_wing""]",daylight+mega_wing,daylight+mega_wing__r03,,,3,5803397515155226020,20,60,1,20,windows-rtx4060,0,0,grid_2x2,true,82,1f4e3f3ce1069ad1b142225e539ac838483cf248849a3ee4b2d0608dd6f525bd,ed5c9df7f7b1e5686ad552b10abd5d853a23f5b3,data/raw/formal-v1/formal-v1__colocation__daylight+mega_wing__r03,"{""daylight"":""games/pyxel/apps-src/30SecondsOfDaylight/src/main.py"",""mega_wing"":""games/pyxel/apps-src/mega_wing/mega_wing.py""}","{""daylight"":""21a365375249e9d7ea05e78dcfe040f09cc1f0c66bd410bae084190c743a028f"",""mega_wing"":""86bad6c02a303806c58137503739241dc6b1e86695f7c0dbf672b5e1a1464e9f""}",f5f077c6295776065bda3324a8c3a35b12dca64f56fe9b7dd0959951bcdf5512
1,146,formal-v1__profile__pyxel_platformer__memory_bandwidth__p050__r03,formal-v1,profile,not_applicable,pressure_profile,"[""pyxel_platformer""]",pyxel_platformer,[],,,memory_bandwidth,0.5,3,16595770546475230684,20,60,1,20,windows-rtx4060,0,0,grid_2x2,true,82,1f4e3f3ce1069ad1b142225e539ac838483cf248849a3ee4b2d0608dd6f525bd,ed5c9df7f7b1e5686ad552b10abd5d853a23f5b3,data/raw/formal-v1/formal-v1__profile__pyxel_platformer__memory_bandwidth__p050__r03,"{""pyxel_platformer"":""games/pyxel/10_platformer.py""}","{""pyxel_platformer"":""1b2c75b49dc9ab0254fb4b724682a4787868814a38d2f08920720dc5b6007ac5""}",d839175e83d607898e660f947edb9d488be3b45593861c3e01f5446d1c2807da
1,147,formal-v1__profile__mega_wing__cpu_compute__p075__r01,formal-v1,profile,not_applicable,pressure_profile,"[""mega_wing""]",mega_wing,[],,,cpu_compute,0.75,1,10901376405546973285,20,60,1,20,windows-rtx4060,0,0,grid_2x2,true,82,1f4e3f3ce1069ad1b142225e539ac838483cf248849a3ee4b2d0608dd6f525bd,ed5c9df7f7b1e5686ad552b10abd5d853a23f5b3,data/raw/formal-v1/formal-v1__profile__mega_wing__cpu_compute__p075__r01,"{""mega_wing"":""games/pyxel/apps-src/mega_wing/mega_wing.py""}","{""mega_wing"":""86bad6c02a303806c58137503739241dc6b1e86695f7c0dbf672b5e1a1464e9f""}",8701969deb5951e6bad3a8eb9fb894db769b6a651d7444256b1b31f7be1dee43
1,148,formal-v1__profile__pyxel_jump__gpu_compute__p025__r01,formal-v1,profile,not_applicable,pressure_profile,"[""pyxel_jump""]",pyxel_jump,[],,,gpu_compute,0.25,1,1988451417430468348,20,60,1,20,windows-rtx4060,0,0,grid_2x2,true,82,1f4e3f3ce1069ad1b142225e539ac838483cf248849a3ee4b2d0608dd6f525bd,ed5c9df7f7b1e5686ad552b10abd5d853a23f5b3,data/raw/formal-v1/formal-v1__profile__pyxel_jump__gpu_compute__p025__r01,"{""pyxel_jump"":""games/pyxel/02_jump_game.py""}","{""pyxel_jump"":""4743a825f1c9cae7e049ac52115f4ecf83350db546c00745a54af187d7bc2e46""}",bc531319461474c8a8c85b639ae0a5fcb092ea3313c475e1b401cbf209ffd386
1,149,formal-v1__extra__daylight+pyxel_bubbles+pyxel_jump+pyxel_platformer__r03,formal-v1,colocation-extra-test,extra_test,extra_test,"[""daylight"",""pyxel_bubbles"",""pyxel_jump"",""pyxel_platformer""]",daylight,"[""pyxel_bubbles"",""pyxel_jump"",""pyxel_platformer""]",daylight+pyxel_bubbles+pyxel_jump+pyxel_platformer,daylight+pyxel_bubbles+pyxel_jump+pyxel_platformer__r03,,,3,11592946096852787606,20,60,1,20,windows-rtx4060,0,0,grid_2x2,true,82,1f4e3f3ce1069ad1b142225e539ac838483cf248849a3ee4b2d0608dd6f525bd,ed5c9df7f7b1e5686ad552b10abd5d853a23f5b3,data/raw/formal-v1/formal-v1__extra__daylight+pyxel_bubbles+pyxel_jump+pyxel_platformer__r03,"{""daylight"":""games/pyxel/apps-src/30SecondsOfDaylight/src/main.py"",""pyxel_bubbles"":""games/pyxel/06_click_game.py"",""pyxel_jump"":""games/pyxel/02_jump_game.py"",""pyxel_platformer"":""games/pyxel/10_platformer.py""}","{""daylight"":""21a365375249e9d7ea05e78dcfe040f09cc1f0c66bd410bae084190c743a028f"",""pyxel_bubbles"":""54c101e90bdaed839ac4c4284494530d5df37a5819a35f1e41eebb0b3da5d900"",""pyxel_jump"":""4743a825f1c9cae7e049ac52115f4ecf83350db546c00745a54af187d7bc2e46"",""pyxel_platformer"":""1b2c75b49dc9ab0254fb4b724682a4787868814a38d2f08920720dc5b6007ac5""}",1452fdc8873ec33ab2bb78b4bd9f53fe5c478016619ebb0b7cb16e15f9b60e65
1,150,formal-v1__profile__daylight__cpu_compute__p050__r03,formal-v1,profile,not_applicable,pressure_profile,"[""daylight""]",daylight,[],,,cpu_compute,0.5,3,12387562896495085073,20,60,1,20,windows-rtx4060,0,0,grid_2x2,true,82,1f4e3f3ce1069ad1b142225e539ac838483cf248849a3ee4b2d0608dd6f525bd,ed5c9df7f7b1e5686ad552b10abd5d853a23f5b3,data/raw/formal-v1/formal-v1__profile__daylight__cpu_compute__p050__r03,"{""daylight"":""games/pyxel/apps-src/30SecondsOfDaylight/src/main.py""}","{""daylight"":""21a365375249e9d7ea05e78dcfe040f09cc1f0c66bd410bae084190c743a028f""}",4d727f802d76889a2a47b528001fabaea7473e1c72b4552f519c0e68e177ccfb
1,151,formal-v1__profile__daylight__memory_bandwidth__p075__r02,formal-v1,profile,not_applicable,pressure_profile,"[""daylight""]",daylight,[],,,memory_bandwidth,0.75,2,18177208471183568816,20,60,1,20,windows-rtx4060,0,0,grid_2x2,true,82,1f4e3f3ce1069ad1b142225e539ac838483cf248849a3ee4b2d0608dd6f525bd,ed5c9df7f7b1e5686ad552b10abd5d853a23f5b3,data/raw/formal-v1/formal-v1__profile__daylight__memory_bandwidth__p075__r02,"{""daylight"":""games/pyxel/apps-src/30SecondsOfDaylight/src/main.py""}","{""daylight"":""21a365375249e9d7ea05e78dcfe040f09cc1f0c66bd410bae084190c743a028f""}",ba1703be29fef64fcdfd757dad2c725cede2e268c2adf896d32e13d0f9b3468b
1,152,formal-v1__colocation__pyxel_bubbles+pyxel_shooter__r02,formal-v1,colocation-main,train,colocation,"[""pyxel_bubbles"",""pyxel_shooter""]",pyxel_bubbles,"[""pyxel_shooter""]",pyxel_bubbles+pyxel_shooter,pyxel_bubbles+pyxel_shooter__r02,,,2,9170896173043008947,20,60,1,20,windows-rtx4060,0,0,grid_2x2,true,82,1f4e3f3ce1069ad1b142225e539ac838483cf248849a3ee4b2d0608dd6f525bd,ed5c9df7f7b1e5686ad552b10abd5d853a23f5b3,data/raw/formal-v1/formal-v1__colocation__pyxel_bubbles+pyxel_shooter__r02,"{""pyxel_bubbles"":""games/pyxel/06_click_game.py"",""pyxel_shooter"":""games/pyxel/09_shooter.py""}","{""pyxel_bubbles"":""54c101e90bdaed839ac4c4284494530d5df37a5819a35f1e41eebb0b3da5d900"",""pyxel_shooter"":""0f53e4156907eac41080a8f289e22c89365b3239517c754cf59a51af201d5563""}",99d6bcf5269505d1144cfe3fce1886fffb5944fc3401e8f6df2d3dac76152b88
1,153,formal-v1__colocation__pyxel_bubbles+pyxel_jump+pyxel_platformer__r02,formal-v1,colocation-main,train,colocation,"[""pyxel_bubbles"",""pyxel_jump"",""pyxel_platformer""]",pyxel_bubbles,"[""pyxel_jump"",""pyxel_platformer""]",pyxel_bubbles+pyxel_jump+pyxel_platformer,pyxel_bubbles+pyxel_jump+pyxel_platformer__r02,,,2,13936887509654102309,20,60,1,20,windows-rtx4060,0,0,grid_2x2,true,82,1f4e3f3ce1069ad1b142225e539ac838483cf248849a3ee4b2d0608dd6f525bd,ed5c9df7f7b1e5686ad552b10abd5d853a23f5b3,data/raw/formal-v1/formal-v1__colocation__pyxel_bubbles+pyxel_jump+pyxel_platformer__r02,"{""pyxel_bubbles"":""games/pyxel/06_click_game.py"",""pyxel_jump"":""games/pyxel/02_jump_game.py"",""pyxel_platformer"":""games/pyxel/10_platformer.py""}","{""pyxel_bubbles"":""54c101e90bdaed839ac4c4284494530d5df37a5819a35f1e41eebb0b3da5d900"",""pyxel_jump"":""4743a825f1c9cae7e049ac52115f4ecf83350db546c00745a54af187d7bc2e46"",""pyxel_platformer"":""1b2c75b49dc9ab0254fb4b724682a4787868814a38d2f08920720dc5b6007ac5""}",da711196218e30cee619e352038df32a7145d059ac977ad32d33277baf3e6438
1,154,formal-v1__profile__pyxel_shooter__memory_bandwidth__p025__r03,formal-v1,profile,not_applicable,pressure_profile,"[""pyxel_shooter""]",pyxel_shooter,[],,,memory_bandwidth,0.25,3,10914938351648052910,20,60,1,20,windows-rtx4060,0,0,grid_2x2,true,82,1f4e3f3ce1069ad1b142225e539ac838483cf248849a3ee4b2d0608dd6f525bd,ed5c9df7f7b1e5686ad552b10abd5d853a23f5b3,data/raw/formal-v1/formal-v1__profile__pyxel_shooter__memory_bandwidth__p025__r03,"{""pyxel_shooter"":""games/pyxel/09_shooter.py""}","{""pyxel_shooter"":""0f53e4156907eac41080a8f289e22c89365b3239517c754cf59a51af201d5563""}",22a867f5c3ecedcebc071a038ef8bfc703bfea2e85ab17f57ac0faa78c795ae6
1,155,formal-v1__profile__pyxel_shooter__cpu_compute__p050__r01,formal-v1,profile,not_applicable,pressure_profile,"[""pyxel_shooter""]",pyxel_shooter,[],,,cpu_compute,0.5,1,9540729588012271024,20,60,1,20,windows-rtx4060,0,0,grid_2x2,true,82,1f4e3f3ce1069ad1b142225e539ac838483cf248849a3ee4b2d0608dd6f525bd,ed5c9df7f7b1e5686ad552b10abd5d853a23f5b3,data/raw/formal-v1/formal-v1__profile__pyxel_shooter__cpu_compute__p050__r01,"{""pyxel_shooter"":""games/pyxel/09_shooter.py""}","{""pyxel_shooter"":""0f53e4156907eac41080a8f289e22c89365b3239517c754cf59a51af201d5563""}",6df0849d202b51d617897dde1951982ad7dad3d93ef5a7f5f5a15725b529457c
1,156,formal-v1__colocation__mega_wing+pyxel_snake__r03,formal-v1,colocation-main,train,colocation,"[""mega_wing"",""pyxel_snake""]",mega_wing,"[""pyxel_snake""]",mega_wing+pyxel_snake,mega_wing+pyxel_snake__r03,,,3,16135326234349536714,20,60,1,20,windows-rtx4060,0,0,grid_2x2,true,82,1f4e3f3ce1069ad1b142225e539ac838483cf248849a3ee4b2d0608dd6f525bd,ed5c9df7f7b1e5686ad552b10abd5d853a23f5b3,data/raw/formal-v1/formal-v1__colocation__mega_wing+pyxel_snake__r03,"{""mega_wing"":""games/pyxel/apps-src/mega_wing/mega_wing.py"",""pyxel_snake"":""games/pyxel/07_snake.py""}","{""mega_wing"":""86bad6c02a303806c58137503739241dc6b1e86695f7c0dbf672b5e1a1464e9f"",""pyxel_snake"":""bc533fef92d1d358e570f69d979919fe5c1cd8c4da49841104b49a1e661a5ac3""}",28216b7f6a39a0e4dea97e526e7be5f9d52cf8b2434d3dd562e7a8fa949527cf
1,157,formal-v1__profile__pyxel_jump__gpu_memory__p075__r01,formal-v1,profile,not_applicable,pressure_profile,"[""pyxel_jump""]",pyxel_jump,[],,,gpu_memory,0.75,1,3173274254080950911,20,60,1,20,windows-rtx4060,0,0,grid_2x2,true,82,1f4e3f3ce1069ad1b142225e539ac838483cf248849a3ee4b2d0608dd6f525bd,ed5c9df7f7b1e5686ad552b10abd5d853a23f5b3,data/raw/formal-v1/formal-v1__profile__pyxel_jump__gpu_memory__p075__r01,"{""pyxel_jump"":""games/pyxel/02_jump_game.py""}","{""pyxel_jump"":""4743a825f1c9cae7e049ac52115f4ecf83350db546c00745a54af187d7bc2e46""}",4437ef835af97816684ce796f99fe7572992e35bd1da15900a63f543c344e5ca
1,158,formal-v1__profile__pyxel_jump__memory_bandwidth__p100__r03,formal-v1,profile,not_applicable,pressure_profile,"[""pyxel_jump""]",pyxel_jump,[],,,memory_bandwidth,1,3,17102201205914119896,20,60,1,20,windows-rtx4060,0,0,grid_2x2,true,82,1f4e3f3ce1069ad1b142225e539ac838483cf248849a3ee4b2d0608dd6f525bd,ed5c9df7f7b1e5686ad552b10abd5d853a23f5b3,data/raw/formal-v1/formal-v1__profile__pyxel_jump__memory_bandwidth__p100__r03,"{""pyxel_jump"":""games/pyxel/02_jump_game.py""}","{""pyxel_jump"":""4743a825f1c9cae7e049ac52115f4ecf83350db546c00745a54af187d7bc2e46""}",52f10652e61bf7f12b93ee1471b663e7e4fbd80e38bc7dc80e9b6735c031eeaa
1,159,formal-v1__profile__pyxel_bubbles__gpu_memory__p000__r03,formal-v1,profile,not_applicable,pressure_profile,"[""pyxel_bubbles""]",pyxel_bubbles,[],,,gpu_memory,0,3,7908895358817579506,20,60,1,20,windows-rtx4060,0,0,grid_2x2,true,82,1f4e3f3ce1069ad1b142225e539ac838483cf248849a3ee4b2d0608dd6f525bd,ed5c9df7f7b1e5686ad552b10abd5d853a23f5b3,data/raw/formal-v1/formal-v1__profile__pyxel_bubbles__gpu_memory__p000__r03,"{""pyxel_bubbles"":""games/pyxel/06_click_game.py""}","{""pyxel_bubbles"":""54c101e90bdaed839ac4c4284494530d5df37a5819a35f1e41eebb0b3da5d900""}",95e29f60cb26c16cf79ed432864eaaa75890d989e2189f736458148ead4df5e8
1,160,formal-v1__colocation__pyxel_bubbles+pyxel_jump__r01,formal-v1,colocation-main,train,colocation,"[""pyxel_bubbles"",""pyxel_jump""]",pyxel_bubbles,"[""pyxel_jump""]",pyxel_bubbles+pyxel_jump,pyxel_bubbles+pyxel_jump__r01,,,1,15330020178810135891,20,60,1,20,windows-rtx4060,0,0,grid_2x2,true,82,1f4e3f3ce1069ad1b142225e539ac838483cf248849a3ee4b2d0608dd6f525bd,ed5c9df7f7b1e5686ad552b10abd5d853a23f5b3,data/raw/formal-v1/formal-v1__colocation__pyxel_bubbles+pyxel_jump__r01,"{""pyxel_bubbles"":""games/pyxel/06_click_game.py"",""pyxel_jump"":""games/pyxel/02_jump_game.py""}","{""pyxel_bubbles"":""54c101e90bdaed839ac4c4284494530d5df37a5819a35f1e41eebb0b3da5d900"",""pyxel_jump"":""4743a825f1c9cae7e049ac52115f4ecf83350db546c00745a54af187d7bc2e46""}",55525bd88b0dfc4d43ca8a124ede7a310801e573e0684f06a15c92bd5fb17703
1,161,formal-v1__colocation__mega_wing+pyxel_jump__r02,formal-v1,colocation-main,test,colocation,"[""mega_wing"",""pyxel_jump""]",mega_wing,"[""pyxel_jump""]",mega_wing+pyxel_jump,mega_wing+pyxel_jump__r02,,,2,7124216624875434605,20,60,1,20,windows-rtx4060,0,0,grid_2x2,true,82,1f4e3f3ce1069ad1b142225e539ac838483cf248849a3ee4b2d0608dd6f525bd,ed5c9df7f7b1e5686ad552b10abd5d853a23f5b3,data/raw/formal-v1/formal-v1__colocation__mega_wing+pyxel_jump__r02,"{""mega_wing"":""games/pyxel/apps-src/mega_wing/mega_wing.py"",""pyxel_jump"":""games/pyxel/02_jump_game.py""}","{""mega_wing"":""86bad6c02a303806c58137503739241dc6b1e86695f7c0dbf672b5e1a1464e9f"",""pyxel_jump"":""4743a825f1c9cae7e049ac52115f4ecf83350db546c00745a54af187d7bc2e46""}",eccbdb229b279e1a5f52134b5a8b6e70111d28d366b5f88d5573a5ca906e0373
1,162,formal-v1__profile__space_rescue__gpu_compute__p025__r01,formal-v1,profile,not_applicable,pressure_profile,"[""space_rescue""]",space_rescue,[],,,gpu_compute,0.25,1,10899986719269573177,20,60,1,20,windows-rtx4060,0,0,grid_2x2,true,82,1f4e3f3ce1069ad1b142225e539ac838483cf248849a3ee4b2d0608dd6f525bd,ed5c9df7f7b1e5686ad552b10abd5d853a23f5b3,data/raw/formal-v1/formal-v1__profile__space_rescue__gpu_compute__p025__r01,"{""space_rescue"":""games/pyxel/apps-src/space_rescue/space_rescue.py""}","{""space_rescue"":""f3b0ab6784ae558e64f06a3f0a704e53f107a130aa3d43357659d0850131e461""}",3304262283db064927e3e59f1af1e8189c2668795125cc1cecf00acf67990524
1,163,formal-v1__extra__daylight+pyxel_platformer+pyxel_shooter+pyxel_snake__r02,formal-v1,colocation-extra-test,extra_test,extra_test,"[""daylight"",""pyxel_platformer"",""pyxel_shooter"",""pyxel_snake""]",daylight,"[""pyxel_platformer"",""pyxel_shooter"",""pyxel_snake""]",daylight+pyxel_platformer+pyxel_shooter+pyxel_snake,daylight+pyxel_platformer+pyxel_shooter+pyxel_snake__r02,,,2,3906944403983349564,20,60,1,20,windows-rtx4060,0,0,grid_2x2,true,82,1f4e3f3ce1069ad1b142225e539ac838483cf248849a3ee4b2d0608dd6f525bd,ed5c9df7f7b1e5686ad552b10abd5d853a23f5b3,data/raw/formal-v1/formal-v1__extra__daylight+pyxel_platformer+pyxel_shooter+pyxel_snake__r02,"{""daylight"":""games/pyxel/apps-src/30SecondsOfDaylight/src/main.py"",""pyxel_platformer"":""games/pyxel/10_platformer.py"",""pyxel_shooter"":""games/pyxel/09_shooter.py"",""pyxel_snake"":""games/pyxel/07_snake.py""}","{""daylight"":""21a365375249e9d7ea05e78dcfe040f09cc1f0c66bd410bae084190c743a028f"",""pyxel_platformer"":""1b2c75b49dc9ab0254fb4b724682a4787868814a38d2f08920720dc5b6007ac5"",""pyxel_shooter"":""0f53e4156907eac41080a8f289e22c89365b3239517c754cf59a51af201d5563"",""pyxel_snake"":""bc533fef92d1d358e570f69d979919fe5c1cd8c4da49841104b49a1e661a5ac3""}",449e0bdde1240f52ceb7a1f61e8443f250be2045aad1c782eb4c5d6b0fd02c21
1,164,formal-v1__profile__pyxel_snake__cpu_compute__p100__r02,formal-v1,profile,not_applicable,pressure_profile,"[""pyxel_snake""]",pyxel_snake,[],,,cpu_compute,1,2,1006221223388191099,20,60,1,20,windows-rtx4060,0,0,grid_2x2,true,82,1f4e3f3ce1069ad1b142225e539ac838483cf248849a3ee4b2d0608dd6f525bd,ed5c9df7f7b1e5686ad552b10abd5d853a23f5b3,data/raw/formal-v1/formal-v1__profile__pyxel_snake__cpu_compute__p100__r02,"{""pyxel_snake"":""games/pyxel/07_snake.py""}","{""pyxel_snake"":""bc533fef92d1d358e570f69d979919fe5c1cd8c4da49841104b49a1e661a5ac3""}",08e1d70a53d130c0bc20930f118fc4d0971e02862228d23f0956a34a6d51d12f
1,165,formal-v1__solo__space_rescue__r01,formal-v1,solo,not_applicable,solo,"[""space_rescue""]",space_rescue,[],,,,,1,9627262142379762492,20,60,1,20,windows-rtx4060,0,0,grid_2x2,true,82,1f4e3f3ce1069ad1b142225e539ac838483cf248849a3ee4b2d0608dd6f525bd,ed5c9df7f7b1e5686ad552b10abd5d853a23f5b3,data/raw/formal-v1/formal-v1__solo__space_rescue__r01,"{""space_rescue"":""games/pyxel/apps-src/space_rescue/space_rescue.py""}","{""space_rescue"":""f3b0ab6784ae558e64f06a3f0a704e53f107a130aa3d43357659d0850131e461""}",76e45f9b610c7a2a2a02f58ce6465a2a2dfee2474cd42d81def64876e54f503a
1,166,formal-v1__profile__mega_wing__gpu_memory__p000__r02,formal-v1,profile,not_applicable,pressure_profile,"[""mega_wing""]",mega_wing,[],,,gpu_memory,0,2,10152017411217384541,20,60,1,20,windows-rtx4060,0,0,grid_2x2,true,82,1f4e3f3ce1069ad1b142225e539ac838483cf248849a3ee4b2d0608dd6f525bd,ed5c9df7f7b1e5686ad552b10abd5d853a23f5b3,data/raw/formal-v1/formal-v1__profile__mega_wing__gpu_memory__p000__r02,"{""mega_wing"":""games/pyxel/apps-src/mega_wing/mega_wing.py""}","{""mega_wing"":""86bad6c02a303806c58137503739241dc6b1e86695f7c0dbf672b5e1a1464e9f""}",59ab154fa454ce2de0bfdeeb91f902e3ebc9457abf6cd015a40b948a1baaf826
1,167,formal-v1__profile__mega_wing__gpu_memory__p075__r02,formal-v1,profile,not_applicable,pressure_profile,"[""mega_wing""]",mega_wing,[],,,gpu_memory,0.75,2,4689379826498242451,20,60,1,20,windows-rtx4060,0,0,grid_2x2,true,82,1f4e3f3ce1069ad1b142225e539ac838483cf248849a3ee4b2d0608dd6f525bd,ed5c9df7f7b1e5686ad552b10abd5d853a23f5b3,data/raw/formal-v1/formal-v1__profile__mega_wing__gpu_memory__p075__r02,"{""mega_wing"":""games/pyxel/apps-src/mega_wing/mega_wing.py""}","{""mega_wing"":""86bad6c02a303806c58137503739241dc6b1e86695f7c0dbf672b5e1a1464e9f""}",012beac1228c9ef76c22846c7a44779cf90d1f912fa149b247660ca951b2bc24
1,168,formal-v1__profile__pyxel_snake__gpu_memory__p100__r01,formal-v1,profile,not_applicable,pressure_profile,"[""pyxel_snake""]",pyxel_snake,[],,,gpu_memory,1,1,2048519632776316076,20,60,1,20,windows-rtx4060,0,0,grid_2x2,true,82,1f4e3f3ce1069ad1b142225e539ac838483cf248849a3ee4b2d0608dd6f525bd,ed5c9df7f7b1e5686ad552b10abd5d853a23f5b3,data/raw/formal-v1/formal-v1__profile__pyxel_snake__gpu_memory__p100__r01,"{""pyxel_snake"":""games/pyxel/07_snake.py""}","{""pyxel_snake"":""bc533fef92d1d358e570f69d979919fe5c1cd8c4da49841104b49a1e661a5ac3""}",95fb950da11672e79b73a22019e688ee3d584865221df7aee24eace4d994478a
1,169,formal-v1__profile__pyxel_snake__memory_bandwidth__p000__r03,formal-v1,profile,not_applicable,pressure_profile,"[""pyxel_snake""]",pyxel_snake,[],,,memory_bandwidth,0,3,2310337829688302160,20,60,1,20,windows-rtx4060,0,0,grid_2x2,true,82,1f4e3f3ce1069ad1b142225e539ac838483cf248849a3ee4b2d0608dd6f525bd,ed5c9df7f7b1e5686ad552b10abd5d853a23f5b3,data/raw/formal-v1/formal-v1__profile__pyxel_snake__memory_bandwidth__p000__r03,"{""pyxel_snake"":""games/pyxel/07_snake.py""}","{""pyxel_snake"":""bc533fef92d1d358e570f69d979919fe5c1cd8c4da49841104b49a1e661a5ac3""}",7c7ade7308f9596f9ea527d7239fa2851c56f60b6fafd860d35ccf0970ad3641
1,170,formal-v1__profile__daylight__gpu_memory__p050__r03,formal-v1,profile,not_applicable,pressure_profile,"[""daylight""]",daylight,[],,,gpu_memory,0.5,3,12782030619821350609,20,60,1,20,windows-rtx4060,0,0,grid_2x2,true,82,1f4e3f3ce1069ad1b142225e539ac838483cf248849a3ee4b2d0608dd6f525bd,ed5c9df7f7b1e5686ad552b10abd5d853a23f5b3,data/raw/formal-v1/formal-v1__profile__daylight__gpu_memory__p050__r03,"{""daylight"":""games/pyxel/apps-src/30SecondsOfDaylight/src/main.py""}","{""daylight"":""21a365375249e9d7ea05e78dcfe040f09cc1f0c66bd410bae084190c743a028f""}",025f9d7cf9725320406c7871677593f91db3db6a1edd484f506117597c714287
1,171,formal-v1__colocation__mega_wing+pyxel_platformer+space_rescue__r01,formal-v1,colocation-main,train,colocation,"[""mega_wing"",""pyxel_platformer"",""space_rescue""]",mega_wing,"[""pyxel_platformer"",""space_rescue""]",mega_wing+pyxel_platformer+space_rescue,mega_wing+pyxel_platformer+space_rescue__r01,,,1,14177532899396249871,20,60,1,20,windows-rtx4060,0,0,grid_2x2,true,82,1f4e3f3ce1069ad1b142225e539ac838483cf248849a3ee4b2d0608dd6f525bd,ed5c9df7f7b1e5686ad552b10abd5d853a23f5b3,data/raw/formal-v1/formal-v1__colocation__mega_wing+pyxel_platformer+space_rescue__r01,"{""mega_wing"":""games/pyxel/apps-src/mega_wing/mega_wing.py"",""pyxel_platformer"":""games/pyxel/10_platformer.py"",""space_rescue"":""games/pyxel/apps-src/space_rescue/space_rescue.py""}","{""mega_wing"":""86bad6c02a303806c58137503739241dc6b1e86695f7c0dbf672b5e1a1464e9f"",""pyxel_platformer"":""1b2c75b49dc9ab0254fb4b724682a4787868814a38d2f08920720dc5b6007ac5"",""space_rescue"":""f3b0ab6784ae558e64f06a3f0a704e53f107a130aa3d43357659d0850131e461""}",1d5464d433f30469e45288351ed9c09a5f45d8146c2b863492e7c85d27613ffa
1,172,formal-v1__profile__pyxel_shooter__cpu_compute__p025__r01,formal-v1,profile,not_applicable,pressure_profile,"[""pyxel_shooter""]",pyxel_shooter,[],,,cpu_compute,0.25,1,9574682471250340492,20,60,1,20,windows-rtx4060,0,0,grid_2x2,true,82,1f4e3f3ce1069ad1b142225e539ac838483cf248849a3ee4b2d0608dd6f525bd,ed5c9df7f7b1e5686ad552b10abd5d853a23f5b3,data/raw/formal-v1/formal-v1__profile__pyxel_shooter__cpu_compute__p025__r01,"{""pyxel_shooter"":""games/pyxel/09_shooter.py""}","{""pyxel_shooter"":""0f53e4156907eac41080a8f289e22c89365b3239517c754cf59a51af201d5563""}",3f9ec6122543e9a4f19d477bcb9fdf27295c22349fd8c88c9710725213201715
1,173,formal-v1__profile__pyxel_bubbles__gpu_compute__p050__r01,formal-v1,profile,not_applicable,pressure_profile,"[""pyxel_bubbles""]",pyxel_bubbles,[],,,gpu_compute,0.5,1,5139342075278313235,20,60,1,20,windows-rtx4060,0,0,grid_2x2,true,82,1f4e3f3ce1069ad1b142225e539ac838483cf248849a3ee4b2d0608dd6f525bd,ed5c9df7f7b1e5686ad552b10abd5d853a23f5b3,data/raw/formal-v1/formal-v1__profile__pyxel_bubbles__gpu_compute__p050__r01,"{""pyxel_bubbles"":""games/pyxel/06_click_game.py""}","{""pyxel_bubbles"":""54c101e90bdaed839ac4c4284494530d5df37a5819a35f1e41eebb0b3da5d900""}",b79f955fe8d3dc2876ddd567365589d8743692f053c8410254c6f01d7b7ac4e1
1,174,formal-v1__profile__pyxel_jump__cpu_compute__p100__r02,formal-v1,profile,not_applicable,pressure_profile,"[""pyxel_jump""]",pyxel_jump,[],,,cpu_compute,1,2,14087211046482751672,20,60,1,20,windows-rtx4060,0,0,grid_2x2,true,82,1f4e3f3ce1069ad1b142225e539ac838483cf248849a3ee4b2d0608dd6f525bd,ed5c9df7f7b1e5686ad552b10abd5d853a23f5b3,data/raw/formal-v1/formal-v1__profile__pyxel_jump__cpu_compute__p100__r02,"{""pyxel_jump"":""games/pyxel/02_jump_game.py""}","{""pyxel_jump"":""4743a825f1c9cae7e049ac52115f4ecf83350db546c00745a54af187d7bc2e46""}",9aa4d798d0fe95b14e34b8aee7162844f168bd665e4459ace9db3af1cfae605c
1,175,formal-v1__colocation__pyxel_bubbles+pyxel_jump__r02,formal-v1,colocation-main,train,colocation,"[""pyxel_bubbles"",""pyxel_jump""]",pyxel_bubbles,"[""pyxel_jump""]",pyxel_bubbles+pyxel_jump,pyxel_bubbles+pyxel_jump__r02,,,2,4855025473587185934,20,60,1,20,windows-rtx4060,0,0,grid_2x2,true,82,1f4e3f3ce1069ad1b142225e539ac838483cf248849a3ee4b2d0608dd6f525bd,ed5c9df7f7b1e5686ad552b10abd5d853a23f5b3,data/raw/formal-v1/formal-v1__colocation__pyxel_bubbles+pyxel_jump__r02,"{""pyxel_bubbles"":""games/pyxel/06_click_game.py"",""pyxel_jump"":""games/pyxel/02_jump_game.py""}","{""pyxel_bubbles"":""54c101e90bdaed839ac4c4284494530d5df37a5819a35f1e41eebb0b3da5d900"",""pyxel_jump"":""4743a825f1c9cae7e049ac52115f4ecf83350db546c00745a54af187d7bc2e46""}",69d24933d0966e8af7d81524fcf59038d1ea31b8ff2f2f35c737c2082b484e84
1,176,formal-v1__profile__pyxel_platformer__gpu_compute__p075__r01,formal-v1,profile,not_applicable,pressure_profile,"[""pyxel_platformer""]",pyxel_platformer,[],,,gpu_compute,0.75,1,13607664509007610844,20,60,1,20,windows-rtx4060,0,0,grid_2x2,true,82,1f4e3f3ce1069ad1b142225e539ac838483cf248849a3ee4b2d0608dd6f525bd,ed5c9df7f7b1e5686ad552b10abd5d853a23f5b3,data/raw/formal-v1/formal-v1__profile__pyxel_platformer__gpu_compute__p075__r01,"{""pyxel_platformer"":""games/pyxel/10_platformer.py""}","{""pyxel_platformer"":""1b2c75b49dc9ab0254fb4b724682a4787868814a38d2f08920720dc5b6007ac5""}",1a0b42d90908cf040b5faf0d224a31e47de1633c1fd49e32bdce88e1a1e5a894
1,177,formal-v1__profile__space_rescue__gpu_memory__p000__r03,formal-v1,profile,not_applicable,pressure_profile,"[""space_rescue""]",space_rescue,[],,,gpu_memory,0,3,18044713557505367142,20,60,1,20,windows-rtx4060,0,0,grid_2x2,true,82,1f4e3f3ce1069ad1b142225e539ac838483cf248849a3ee4b2d0608dd6f525bd,ed5c9df7f7b1e5686ad552b10abd5d853a23f5b3,data/raw/formal-v1/formal-v1__profile__space_rescue__gpu_memory__p000__r03,"{""space_rescue"":""games/pyxel/apps-src/space_rescue/space_rescue.py""}","{""space_rescue"":""f3b0ab6784ae558e64f06a3f0a704e53f107a130aa3d43357659d0850131e461""}",b4326cb9318cded8572a86e018bb97f54b2c05db065453a8898eaa722f7ff735
1,178,formal-v1__profile__pyxel_jump__cpu_compute__p000__r02,formal-v1,profile,not_applicable,pressure_profile,"[""pyxel_jump""]",pyxel_jump,[],,,cpu_compute,0,2,9978833903598729017,20,60,1,20,windows-rtx4060,0,0,grid_2x2,true,82,1f4e3f3ce1069ad1b142225e539ac838483cf248849a3ee4b2d0608dd6f525bd,ed5c9df7f7b1e5686ad552b10abd5d853a23f5b3,data/raw/formal-v1/formal-v1__profile__pyxel_jump__cpu_compute__p000__r02,"{""pyxel_jump"":""games/pyxel/02_jump_game.py""}","{""pyxel_jump"":""4743a825f1c9cae7e049ac52115f4ecf83350db546c00745a54af187d7bc2e46""}",f6596326af785abd6d3d831aa9e4c8728c534990acce81ecd6e93aa79ec44f07
1,179,formal-v1__profile__pyxel_shooter__gpu_compute__p025__r03,formal-v1,profile,not_applicable,pressure_profile,"[""pyxel_shooter""]",pyxel_shooter,[],,,gpu_compute,0.25,3,2902515438736464585,20,60,1,20,windows-rtx4060,0,0,grid_2x2,true,82,1f4e3f3ce1069ad1b142225e539ac838483cf248849a3ee4b2d0608dd6f525bd,ed5c9df7f7b1e5686ad552b10abd5d853a23f5b3,data/raw/formal-v1/formal-v1__profile__pyxel_shooter__gpu_compute__p025__r03,"{""pyxel_shooter"":""games/pyxel/09_shooter.py""}","{""pyxel_shooter"":""0f53e4156907eac41080a8f289e22c89365b3239517c754cf59a51af201d5563""}",0af7013bab9ce785dafa42565dad3cbd69bba5ddeca352f8716b73bba88e3a10
1,180,formal-v1__profile__space_rescue__gpu_memory__p025__r01,formal-v1,profile,not_applicable,pressure_profile,"[""space_rescue""]",space_rescue,[],,,gpu_memory,0.25,1,17784417464054324209,20,60,1,20,windows-rtx4060,0,0,grid_2x2,true,82,1f4e3f3ce1069ad1b142225e539ac838483cf248849a3ee4b2d0608dd6f525bd,ed5c9df7f7b1e5686ad552b10abd5d853a23f5b3,data/raw/formal-v1/formal-v1__profile__space_rescue__gpu_memory__p025__r01,"{""space_rescue"":""games/pyxel/apps-src/space_rescue/space_rescue.py""}","{""space_rescue"":""f3b0ab6784ae558e64f06a3f0a704e53f107a130aa3d43357659d0850131e461""}",53d1a4c7a739119c846ffc86e31a127c4b23d2cc0bc0213df530c6bece3dd48e
1,181,formal-v1__profile__mega_wing__memory_bandwidth__p050__r02,formal-v1,profile,not_applicable,pressure_profile,"[""mega_wing""]",mega_wing,[],,,memory_bandwidth,0.5,2,5735824969658018071,20,60,1,20,windows-rtx4060,0,0,grid_2x2,true,82,1f4e3f3ce1069ad1b142225e539ac838483cf248849a3ee4b2d0608dd6f525bd,ed5c9df7f7b1e5686ad552b10abd5d853a23f5b3,data/raw/formal-v1/formal-v1__profile__mega_wing__memory_bandwidth__p050__r02,"{""mega_wing"":""games/pyxel/apps-src/mega_wing/mega_wing.py""}","{""mega_wing"":""86bad6c02a303806c58137503739241dc6b1e86695f7c0dbf672b5e1a1464e9f""}",871d61ca2283fd756d9e1fee1ee79400768395584a5149a687fef25dca952600
1,182,formal-v1__profile__pyxel_jump__gpu_compute__p000__r02,formal-v1,profile,not_applicable,pressure_profile,"[""pyxel_jump""]",pyxel_jump,[],,,gpu_compute,0,2,12926119996995319003,20,60,1,20,windows-rtx4060,0,0,grid_2x2,true,82,1f4e3f3ce1069ad1b142225e539ac838483cf248849a3ee4b2d0608dd6f525bd,ed5c9df7f7b1e5686ad552b10abd5d853a23f5b3,data/raw/formal-v1/formal-v1__profile__pyxel_jump__gpu_compute__p000__r02,"{""pyxel_jump"":""games/pyxel/02_jump_game.py""}","{""pyxel_jump"":""4743a825f1c9cae7e049ac52115f4ecf83350db546c00745a54af187d7bc2e46""}",865daaf1d400165d206a7a3b184a32db00c58d882db3b8235d7624f3f14dcb00
1,183,formal-v1__colocation__pyxel_shooter+pyxel_snake__r03,formal-v1,colocation-main,train,colocation,"[""pyxel_shooter"",""pyxel_snake""]",pyxel_shooter,"[""pyxel_snake""]",pyxel_shooter+pyxel_snake,pyxel_shooter+pyxel_snake__r03,,,3,5833663211782969573,20,60,1,20,windows-rtx4060,0,0,grid_2x2,true,82,1f4e3f3ce1069ad1b142225e539ac838483cf248849a3ee4b2d0608dd6f525bd,ed5c9df7f7b1e5686ad552b10abd5d853a23f5b3,data/raw/formal-v1/formal-v1__colocation__pyxel_shooter+pyxel_snake__r03,"{""pyxel_shooter"":""games/pyxel/09_shooter.py"",""pyxel_snake"":""games/pyxel/07_snake.py""}","{""pyxel_shooter"":""0f53e4156907eac41080a8f289e22c89365b3239517c754cf59a51af201d5563"",""pyxel_snake"":""bc533fef92d1d358e570f69d979919fe5c1cd8c4da49841104b49a1e661a5ac3""}",7f6bdd1931aa66c757aa6073b0bc06f849f473d0730c203a8dc00bcb5486bb6a
1,184,formal-v1__profile__pyxel_jump__cpu_compute__p050__r03,formal-v1,profile,not_applicable,pressure_profile,"[""pyxel_jump""]",pyxel_jump,[],,,cpu_compute,0.5,3,5136358900465955613,20,60,1,20,windows-rtx4060,0,0,grid_2x2,true,82,1f4e3f3ce1069ad1b142225e539ac838483cf248849a3ee4b2d0608dd6f525bd,ed5c9df7f7b1e5686ad552b10abd5d853a23f5b3,data/raw/formal-v1/formal-v1__profile__pyxel_jump__cpu_compute__p050__r03,"{""pyxel_jump"":""games/pyxel/02_jump_game.py""}","{""pyxel_jump"":""4743a825f1c9cae7e049ac52115f4ecf83350db546c00745a54af187d7bc2e46""}",dc66b68939d75e03524d99540c17b9f303309944001bc2d578d89589415d5760
1,185,formal-v1__colocation__mega_wing+pyxel_bubbles+pyxel_shooter__r02,formal-v1,colocation-main,train,colocation,"[""mega_wing"",""pyxel_bubbles"",""pyxel_shooter""]",mega_wing,"[""pyxel_bubbles"",""pyxel_shooter""]",mega_wing+pyxel_bubbles+pyxel_shooter,mega_wing+pyxel_bubbles+pyxel_shooter__r02,,,2,17145521271227757646,20,60,1,20,windows-rtx4060,0,0,grid_2x2,true,82,1f4e3f3ce1069ad1b142225e539ac838483cf248849a3ee4b2d0608dd6f525bd,ed5c9df7f7b1e5686ad552b10abd5d853a23f5b3,data/raw/formal-v1/formal-v1__colocation__mega_wing+pyxel_bubbles+pyxel_shooter__r02,"{""mega_wing"":""games/pyxel/apps-src/mega_wing/mega_wing.py"",""pyxel_bubbles"":""games/pyxel/06_click_game.py"",""pyxel_shooter"":""games/pyxel/09_shooter.py""}","{""mega_wing"":""86bad6c02a303806c58137503739241dc6b1e86695f7c0dbf672b5e1a1464e9f"",""pyxel_bubbles"":""54c101e90bdaed839ac4c4284494530d5df37a5819a35f1e41eebb0b3da5d900"",""pyxel_shooter"":""0f53e4156907eac41080a8f289e22c89365b3239517c754cf59a51af201d5563""}",07ad9576ad63513a366d65298706030444806610ef0cdb8d14df04cae0e25378
1,186,formal-v1__profile__daylight__gpu_memory__p050__r02,formal-v1,profile,not_applicable,pressure_profile,"[""daylight""]",daylight,[],,,gpu_memory,0.5,2,10827519359314299953,20,60,1,20,windows-rtx4060,0,0,grid_2x2,true,82,1f4e3f3ce1069ad1b142225e539ac838483cf248849a3ee4b2d0608dd6f525bd,ed5c9df7f7b1e5686ad552b10abd5d853a23f5b3,data/raw/formal-v1/formal-v1__profile__daylight__gpu_memory__p050__r02,"{""daylight"":""games/pyxel/apps-src/30SecondsOfDaylight/src/main.py""}","{""daylight"":""21a365375249e9d7ea05e78dcfe040f09cc1f0c66bd410bae084190c743a028f""}",9c2a3687b5ebfbb6507c58a6bc05447e81ae1d9522721ff64995ff4376dde394
1,187,formal-v1__profile__pyxel_snake__gpu_compute__p100__r02,formal-v1,profile,not_applicable,pressure_profile,"[""pyxel_snake""]",pyxel_snake,[],,,gpu_compute,1,2,14083140115922923076,20,60,1,20,windows-rtx4060,0,0,grid_2x2,true,82,1f4e3f3ce1069ad1b142225e539ac838483cf248849a3ee4b2d0608dd6f525bd,ed5c9df7f7b1e5686ad552b10abd5d853a23f5b3,data/raw/formal-v1/formal-v1__profile__pyxel_snake__gpu_compute__p100__r02,"{""pyxel_snake"":""games/pyxel/07_snake.py""}","{""pyxel_snake"":""bc533fef92d1d358e570f69d979919fe5c1cd8c4da49841104b49a1e661a5ac3""}",ccc37c4b64fb0d8dd3858dad5e0c77a6ce18f92893fc47e0b52069191e2a3c86
1,188,formal-v1__colocation__mega_wing+pyxel_platformer+space_rescue__r03,formal-v1,colocation-main,train,colocation,"[""mega_wing"",""pyxel_platformer"",""space_rescue""]",mega_wing,"[""pyxel_platformer"",""space_rescue""]",mega_wing+pyxel_platformer+space_rescue,mega_wing+pyxel_platformer+space_rescue__r03,,,3,7256825349866931314,20,60,1,20,windows-rtx4060,0,0,grid_2x2,true,82,1f4e3f3ce1069ad1b142225e539ac838483cf248849a3ee4b2d0608dd6f525bd,ed5c9df7f7b1e5686ad552b10abd5d853a23f5b3,data/raw/formal-v1/formal-v1__colocation__mega_wing+pyxel_platformer+space_rescue__r03,"{""mega_wing"":""games/pyxel/apps-src/mega_wing/mega_wing.py"",""pyxel_platformer"":""games/pyxel/10_platformer.py"",""space_rescue"":""games/pyxel/apps-src/space_rescue/space_rescue.py""}","{""mega_wing"":""86bad6c02a303806c58137503739241dc6b1e86695f7c0dbf672b5e1a1464e9f"",""pyxel_platformer"":""1b2c75b49dc9ab0254fb4b724682a4787868814a38d2f08920720dc5b6007ac5"",""space_rescue"":""f3b0ab6784ae558e64f06a3f0a704e53f107a130aa3d43357659d0850131e461""}",a300a5c732221fa57b64048f0afff18243bfa17e68c7b37f0feec972cd34ca35
1,189,formal-v1__profile__pyxel_platformer__memory_bandwidth__p000__r03,formal-v1,profile,not_applicable,pressure_profile,"[""pyxel_platformer""]",pyxel_platformer,[],,,memory_bandwidth,0,3,6322913326508209738,20,60,1,20,windows-rtx4060,0,0,grid_2x2,true,82,1f4e3f3ce1069ad1b142225e539ac838483cf248849a3ee4b2d0608dd6f525bd,ed5c9df7f7b1e5686ad552b10abd5d853a23f5b3,data/raw/formal-v1/formal-v1__profile__pyxel_platformer__memory_bandwidth__p000__r03,"{""pyxel_platformer"":""games/pyxel/10_platformer.py""}","{""pyxel_platformer"":""1b2c75b49dc9ab0254fb4b724682a4787868814a38d2f08920720dc5b6007ac5""}",252bbc24cf7d1c81acda0539ea8e92616a1c15919a4c570f8946853ccb434f51
1,190,formal-v1__profile__space_rescue__gpu_memory__p050__r02,formal-v1,profile,not_applicable,pressure_profile,"[""space_rescue""]",space_rescue,[],,,gpu_memory,0.5,2,15557360799199876318,20,60,1,20,windows-rtx4060,0,0,grid_2x2,true,82,1f4e3f3ce1069ad1b142225e539ac838483cf248849a3ee4b2d0608dd6f525bd,ed5c9df7f7b1e5686ad552b10abd5d853a23f5b3,data/raw/formal-v1/formal-v1__profile__space_rescue__gpu_memory__p050__r02,"{""space_rescue"":""games/pyxel/apps-src/space_rescue/space_rescue.py""}","{""space_rescue"":""f3b0ab6784ae558e64f06a3f0a704e53f107a130aa3d43357659d0850131e461""}",3f0c9dc3aff2ccb10e3c4d1cb08213084e5ffb7689edb2359a6e6e9dd7913293
1,191,formal-v1__profile__pyxel_bubbles__cpu_compute__p000__r01,formal-v1,profile,not_applicable,pressure_profile,"[""pyxel_bubbles""]",pyxel_bubbles,[],,,cpu_compute,0,1,8923090128249884865,20,60,1,20,windows-rtx4060,0,0,grid_2x2,true,82,1f4e3f3ce1069ad1b142225e539ac838483cf248849a3ee4b2d0608dd6f525bd,ed5c9df7f7b1e5686ad552b10abd5d853a23f5b3,data/raw/formal-v1/formal-v1__profile__pyxel_bubbles__cpu_compute__p000__r01,"{""pyxel_bubbles"":""games/pyxel/06_click_game.py""}","{""pyxel_bubbles"":""54c101e90bdaed839ac4c4284494530d5df37a5819a35f1e41eebb0b3da5d900""}",f44478ca49150f2b37089b4d66748c5e3455547264d5830f140ece1b21f5fd44
1,192,formal-v1__profile__pyxel_snake__memory_bandwidth__p025__r02,formal-v1,profile,not_applicable,pressure_profile,"[""pyxel_snake""]",pyxel_snake,[],,,memory_bandwidth,0.25,2,5009708746039831809,20,60,1,20,windows-rtx4060,0,0,grid_2x2,true,82,1f4e3f3ce1069ad1b142225e539ac838483cf248849a3ee4b2d0608dd6f525bd,ed5c9df7f7b1e5686ad552b10abd5d853a23f5b3,data/raw/formal-v1/formal-v1__profile__pyxel_snake__memory_bandwidth__p025__r02,"{""pyxel_snake"":""games/pyxel/07_snake.py""}","{""pyxel_snake"":""bc533fef92d1d358e570f69d979919fe5c1cd8c4da49841104b49a1e661a5ac3""}",a9e75818eba6f2dda61e3ac241abd77bd23ea5ef99ade793bac3a1550048e097
1,193,formal-v1__profile__pyxel_snake__cpu_compute__p100__r03,formal-v1,profile,not_applicable,pressure_profile,"[""pyxel_snake""]",pyxel_snake,[],,,cpu_compute,1,3,17696118596037803281,20,60,1,20,windows-rtx4060,0,0,grid_2x2,true,82,1f4e3f3ce1069ad1b142225e539ac838483cf248849a3ee4b2d0608dd6f525bd,ed5c9df7f7b1e5686ad552b10abd5d853a23f5b3,data/raw/formal-v1/formal-v1__profile__pyxel_snake__cpu_compute__p100__r03,"{""pyxel_snake"":""games/pyxel/07_snake.py""}","{""pyxel_snake"":""bc533fef92d1d358e570f69d979919fe5c1cd8c4da49841104b49a1e661a5ac3""}",764f09bdfc59116dc8c398233022457d2783e6efa4c3cc6d6cc73f492c1c905a
1,194,formal-v1__colocation__daylight+mega_wing+pyxel_snake__r01,formal-v1,colocation-main,train,colocation,"[""daylight"",""mega_wing"",""pyxel_snake""]",daylight,"[""mega_wing"",""pyxel_snake""]",daylight+mega_wing+pyxel_snake,daylight+mega_wing+pyxel_snake__r01,,,1,3683215363547589313,20,60,1,20,windows-rtx4060,0,0,grid_2x2,true,82,1f4e3f3ce1069ad1b142225e539ac838483cf248849a3ee4b2d0608dd6f525bd,ed5c9df7f7b1e5686ad552b10abd5d853a23f5b3,data/raw/formal-v1/formal-v1__colocation__daylight+mega_wing+pyxel_snake__r01,"{""daylight"":""games/pyxel/apps-src/30SecondsOfDaylight/src/main.py"",""mega_wing"":""games/pyxel/apps-src/mega_wing/mega_wing.py"",""pyxel_snake"":""games/pyxel/07_snake.py""}","{""daylight"":""21a365375249e9d7ea05e78dcfe040f09cc1f0c66bd410bae084190c743a028f"",""mega_wing"":""86bad6c02a303806c58137503739241dc6b1e86695f7c0dbf672b5e1a1464e9f"",""pyxel_snake"":""bc533fef92d1d358e570f69d979919fe5c1cd8c4da49841104b49a1e661a5ac3""}",a909716cea7ded6b0efeeb0ad1c75ab0d5df4f38b9c3028fe80cfdb00a4be73d
1,195,formal-v1__colocation__mega_wing+pyxel_bubbles+pyxel_shooter__r03,formal-v1,colocation-main,train,colocation,"[""mega_wing"",""pyxel_bubbles"",""pyxel_shooter""]",mega_wing,"[""pyxel_bubbles"",""pyxel_shooter""]",mega_wing+pyxel_bubbles+pyxel_shooter,mega_wing+pyxel_bubbles+pyxel_shooter__r03,,,3,1046086840173876320,20,60,1,20,windows-rtx4060,0,0,grid_2x2,true,82,1f4e3f3ce1069ad1b142225e539ac838483cf248849a3ee4b2d0608dd6f525bd,ed5c9df7f7b1e5686ad552b10abd5d853a23f5b3,data/raw/formal-v1/formal-v1__colocation__mega_wing+pyxel_bubbles+pyxel_shooter__r03,"{""mega_wing"":""games/pyxel/apps-src/mega_wing/mega_wing.py"",""pyxel_bubbles"":""games/pyxel/06_click_game.py"",""pyxel_shooter"":""games/pyxel/09_shooter.py""}","{""mega_wing"":""86bad6c02a303806c58137503739241dc6b1e86695f7c0dbf672b5e1a1464e9f"",""pyxel_bubbles"":""54c101e90bdaed839ac4c4284494530d5df37a5819a35f1e41eebb0b3da5d900"",""pyxel_shooter"":""0f53e4156907eac41080a8f289e22c89365b3239517c754cf59a51af201d5563""}",fe10e25794968fc0855868dabb2961f00272c3e2d9a9f60f4d9dabae11ff63ba
1,196,formal-v1__profile__pyxel_bubbles__gpu_memory__p100__r02,formal-v1,profile,not_applicable,pressure_profile,"[""pyxel_bubbles""]",pyxel_bubbles,[],,,gpu_memory,1,2,16358609386470069171,20,60,1,20,windows-rtx4060,0,0,grid_2x2,true,82,1f4e3f3ce1069ad1b142225e539ac838483cf248849a3ee4b2d0608dd6f525bd,ed5c9df7f7b1e5686ad552b10abd5d853a23f5b3,data/raw/formal-v1/formal-v1__profile__pyxel_bubbles__gpu_memory__p100__r02,"{""pyxel_bubbles"":""games/pyxel/06_click_game.py""}","{""pyxel_bubbles"":""54c101e90bdaed839ac4c4284494530d5df37a5819a35f1e41eebb0b3da5d900""}",03bdc3c0d84784645691fa6469a56e4f773416618c679efc453e19b8d3412ea2
1,197,formal-v1__profile__pyxel_snake__gpu_memory__p075__r02,formal-v1,profile,not_applicable,pressure_profile,"[""pyxel_snake""]",pyxel_snake,[],,,gpu_memory,0.75,2,7038884185157057215,20,60,1,20,windows-rtx4060,0,0,grid_2x2,true,82,1f4e3f3ce1069ad1b142225e539ac838483cf248849a3ee4b2d0608dd6f525bd,ed5c9df7f7b1e5686ad552b10abd5d853a23f5b3,data/raw/formal-v1/formal-v1__profile__pyxel_snake__gpu_memory__p075__r02,"{""pyxel_snake"":""games/pyxel/07_snake.py""}","{""pyxel_snake"":""bc533fef92d1d358e570f69d979919fe5c1cd8c4da49841104b49a1e661a5ac3""}",2aea7334f3928c425cb5200677cbdf45bed816c82ff9fe857b2f9ac1b658e4fd
1,198,formal-v1__profile__pyxel_bubbles__memory_bandwidth__p075__r02,formal-v1,profile,not_applicable,pressure_profile,"[""pyxel_bubbles""]",pyxel_bubbles,[],,,memory_bandwidth,0.75,2,18365959350671161203,20,60,1,20,windows-rtx4060,0,0,grid_2x2,true,82,1f4e3f3ce1069ad1b142225e539ac838483cf248849a3ee4b2d0608dd6f525bd,ed5c9df7f7b1e5686ad552b10abd5d853a23f5b3,data/raw/formal-v1/formal-v1__profile__pyxel_bubbles__memory_bandwidth__p075__r02,"{""pyxel_bubbles"":""games/pyxel/06_click_game.py""}","{""pyxel_bubbles"":""54c101e90bdaed839ac4c4284494530d5df37a5819a35f1e41eebb0b3da5d900""}",f6a8611f2d9b375246ab6a4220be9f3a0476e26f22ac995a1f467b2f39475da7
1,199,formal-v1__profile__space_rescue__memory_bandwidth__p025__r01,formal-v1,profile,not_applicable,pressure_profile,"[""space_rescue""]",space_rescue,[],,,memory_bandwidth,0.25,1,9674058341181178622,20,60,1,20,windows-rtx4060,0,0,grid_2x2,true,82,1f4e3f3ce1069ad1b142225e539ac838483cf248849a3ee4b2d0608dd6f525bd,ed5c9df7f7b1e5686ad552b10abd5d853a23f5b3,data/raw/formal-v1/formal-v1__profile__space_rescue__memory_bandwidth__p025__r01,"{""space_rescue"":""games/pyxel/apps-src/space_rescue/space_rescue.py""}","{""space_rescue"":""f3b0ab6784ae558e64f06a3f0a704e53f107a130aa3d43357659d0850131e461""}",a933e1c61418775786bbc1802c818a2ce23ed04d8653a2e5f683e8720c40a14f
1,200,formal-v1__colocation__daylight+space_rescue__r03,formal-v1,colocation-main,test,colocation,"[""daylight"",""space_rescue""]",daylight,"[""space_rescue""]",daylight+space_rescue,daylight+space_rescue__r03,,,3,6596288018360110466,20,60,1,20,windows-rtx4060,0,0,grid_2x2,true,82,1f4e3f3ce1069ad1b142225e539ac838483cf248849a3ee4b2d0608dd6f525bd,ed5c9df7f7b1e5686ad552b10abd5d853a23f5b3,data/raw/formal-v1/formal-v1__colocation__daylight+space_rescue__r03,"{""daylight"":""games/pyxel/apps-src/30SecondsOfDaylight/src/main.py"",""space_rescue"":""games/pyxel/apps-src/space_rescue/space_rescue.py""}","{""daylight"":""21a365375249e9d7ea05e78dcfe040f09cc1f0c66bd410bae084190c743a028f"",""space_rescue"":""f3b0ab6784ae558e64f06a3f0a704e53f107a130aa3d43357659d0850131e461""}",f2e03913a249c6e84c0f63e94c508a61a35a8b6b08b0891b8f8d785658c7720b
1,201,formal-v1__profile__mega_wing__cpu_compute__p075__r02,formal-v1,profile,not_applicable,pressure_profile,"[""mega_wing""]",mega_wing,[],,,cpu_compute,0.75,2,8924812853693858564,20,60,1,20,windows-rtx4060,0,0,grid_2x2,true,82,1f4e3f3ce1069ad1b142225e539ac838483cf248849a3ee4b2d0608dd6f525bd,ed5c9df7f7b1e5686ad552b10abd5d853a23f5b3,data/raw/formal-v1/formal-v1__profile__mega_wing__cpu_compute__p075__r02,"{""mega_wing"":""games/pyxel/apps-src/mega_wing/mega_wing.py""}","{""mega_wing"":""86bad6c02a303806c58137503739241dc6b1e86695f7c0dbf672b5e1a1464e9f""}",668dde9dea1a3be4a79d07271dc7e33c26d804a45f9d933ef7a17e7291c8ff9d
1,202,formal-v1__profile__mega_wing__gpu_memory__p025__r02,formal-v1,profile,not_applicable,pressure_profile,"[""mega_wing""]",mega_wing,[],,,gpu_memory,0.25,2,15286201795705039773,20,60,1,20,windows-rtx4060,0,0,grid_2x2,true,82,1f4e3f3ce1069ad1b142225e539ac838483cf248849a3ee4b2d0608dd6f525bd,ed5c9df7f7b1e5686ad552b10abd5d853a23f5b3,data/raw/formal-v1/formal-v1__profile__mega_wing__gpu_memory__p025__r02,"{""mega_wing"":""games/pyxel/apps-src/mega_wing/mega_wing.py""}","{""mega_wing"":""86bad6c02a303806c58137503739241dc6b1e86695f7c0dbf672b5e1a1464e9f""}",d670562d6612f591937e9506a1ba5c856f9a6b6ce1fc52bd9e6085358b9f325c
1,203,formal-v1__profile__daylight__cpu_compute__p050__r01,formal-v1,profile,not_applicable,pressure_profile,"[""daylight""]",daylight,[],,,cpu_compute,0.5,1,8456575979892902049,20,60,1,20,windows-rtx4060,0,0,grid_2x2,true,82,1f4e3f3ce1069ad1b142225e539ac838483cf248849a3ee4b2d0608dd6f525bd,ed5c9df7f7b1e5686ad552b10abd5d853a23f5b3,data/raw/formal-v1/formal-v1__profile__daylight__cpu_compute__p050__r01,"{""daylight"":""games/pyxel/apps-src/30SecondsOfDaylight/src/main.py""}","{""daylight"":""21a365375249e9d7ea05e78dcfe040f09cc1f0c66bd410bae084190c743a028f""}",66c2191fdb61001a7801b7095f87aa80f3cc4345714e97774574f88d55edc5c2
1,204,formal-v1__profile__pyxel_shooter__gpu_compute__p100__r02,formal-v1,profile,not_applicable,pressure_profile,"[""pyxel_shooter""]",pyxel_shooter,[],,,gpu_compute,1,2,8216147765885794096,20,60,1,20,windows-rtx4060,0,0,grid_2x2,true,82,1f4e3f3ce1069ad1b142225e539ac838483cf248849a3ee4b2d0608dd6f525bd,ed5c9df7f7b1e5686ad552b10abd5d853a23f5b3,data/raw/formal-v1/formal-v1__profile__pyxel_shooter__gpu_compute__p100__r02,"{""pyxel_shooter"":""games/pyxel/09_shooter.py""}","{""pyxel_shooter"":""0f53e4156907eac41080a8f289e22c89365b3239517c754cf59a51af201d5563""}",a8647a297432bfbb6a0cab6238accd33522d8bcf37a2dbb3d008cf668c2e727a
1,205,formal-v1__colocation__pyxel_jump+space_rescue__r01,formal-v1,colocation-main,train,colocation,"[""pyxel_jump"",""space_rescue""]",pyxel_jump,"[""space_rescue""]",pyxel_jump+space_rescue,pyxel_jump+space_rescue__r01,,,1,6392386723247648102,20,60,1,20,windows-rtx4060,0,0,grid_2x2,true,82,1f4e3f3ce1069ad1b142225e539ac838483cf248849a3ee4b2d0608dd6f525bd,ed5c9df7f7b1e5686ad552b10abd5d853a23f5b3,data/raw/formal-v1/formal-v1__colocation__pyxel_jump+space_rescue__r01,"{""pyxel_jump"":""games/pyxel/02_jump_game.py"",""space_rescue"":""games/pyxel/apps-src/space_rescue/space_rescue.py""}","{""pyxel_jump"":""4743a825f1c9cae7e049ac52115f4ecf83350db546c00745a54af187d7bc2e46"",""space_rescue"":""f3b0ab6784ae558e64f06a3f0a704e53f107a130aa3d43357659d0850131e461""}",0a72d28367bcfb4e37eba10b27230a5cf0025d2fc26d27f98088b5c42fab88cc
1,206,formal-v1__colocation__pyxel_jump+space_rescue__r03,formal-v1,colocation-main,train,colocation,"[""pyxel_jump"",""space_rescue""]",pyxel_jump,"[""space_rescue""]",pyxel_jump+space_rescue,pyxel_jump+space_rescue__r03,,,3,15646512563815329766,20,60,1,20,windows-rtx4060,0,0,grid_2x2,true,82,1f4e3f3ce1069ad1b142225e539ac838483cf248849a3ee4b2d0608dd6f525bd,ed5c9df7f7b1e5686ad552b10abd5d853a23f5b3,data/raw/formal-v1/formal-v1__colocation__pyxel_jump+space_rescue__r03,"{""pyxel_jump"":""games/pyxel/02_jump_game.py"",""space_rescue"":""games/pyxel/apps-src/space_rescue/space_rescue.py""}","{""pyxel_jump"":""4743a825f1c9cae7e049ac52115f4ecf83350db546c00745a54af187d7bc2e46"",""space_rescue"":""f3b0ab6784ae558e64f06a3f0a704e53f107a130aa3d43357659d0850131e461""}",7f9947df30ceef745eaf425f7a94ae2260e76d26ccef72e49ba4a1f4126ec063
1,207,formal-v1__profile__space_rescue__gpu_compute__p050__r01,formal-v1,profile,not_applicable,pressure_profile,"[""space_rescue""]",space_rescue,[],,,gpu_compute,0.5,1,5411410955068556850,20,60,1,20,windows-rtx4060,0,0,grid_2x2,true,82,1f4e3f3ce1069ad1b142225e539ac838483cf248849a3ee4b2d0608dd6f525bd,ed5c9df7f7b1e5686ad552b10abd5d853a23f5b3,data/raw/formal-v1/formal-v1__profile__space_rescue__gpu_compute__p050__r01,"{""space_rescue"":""games/pyxel/apps-src/space_rescue/space_rescue.py""}","{""space_rescue"":""f3b0ab6784ae558e64f06a3f0a704e53f107a130aa3d43357659d0850131e461""}",705ac11e51edd86ae59fc99508ecbb70d333b93583503d38dd9cd02ff1395632
1,208,formal-v1__profile__space_rescue__cpu_compute__p025__r02,formal-v1,profile,not_applicable,pressure_profile,"[""space_rescue""]",space_rescue,[],,,cpu_compute,0.25,2,7374626246074993586,20,60,1,20,windows-rtx4060,0,0,grid_2x2,true,82,1f4e3f3ce1069ad1b142225e539ac838483cf248849a3ee4b2d0608dd6f525bd,ed5c9df7f7b1e5686ad552b10abd5d853a23f5b3,data/raw/formal-v1/formal-v1__profile__space_rescue__cpu_compute__p025__r02,"{""space_rescue"":""games/pyxel/apps-src/space_rescue/space_rescue.py""}","{""space_rescue"":""f3b0ab6784ae558e64f06a3f0a704e53f107a130aa3d43357659d0850131e461""}",98575886b47c337e9d0f6004ce9e1d2b644579e20ebccffc54bfcb36d9ce0ec9
1,209,formal-v1__colocation__pyxel_bubbles+space_rescue__r01,formal-v1,colocation-main,train,colocation,"[""pyxel_bubbles"",""space_rescue""]",pyxel_bubbles,"[""space_rescue""]",pyxel_bubbles+space_rescue,pyxel_bubbles+space_rescue__r01,,,1,16246424883467677436,20,60,1,20,windows-rtx4060,0,0,grid_2x2,true,82,1f4e3f3ce1069ad1b142225e539ac838483cf248849a3ee4b2d0608dd6f525bd,ed5c9df7f7b1e5686ad552b10abd5d853a23f5b3,data/raw/formal-v1/formal-v1__colocation__pyxel_bubbles+space_rescue__r01,"{""pyxel_bubbles"":""games/pyxel/06_click_game.py"",""space_rescue"":""games/pyxel/apps-src/space_rescue/space_rescue.py""}","{""pyxel_bubbles"":""54c101e90bdaed839ac4c4284494530d5df37a5819a35f1e41eebb0b3da5d900"",""space_rescue"":""f3b0ab6784ae558e64f06a3f0a704e53f107a130aa3d43357659d0850131e461""}",9c4bfaba58de89abbb2c74b936f2b0556805d0e07312523278e3a57ff58c183a
1,210,formal-v1__profile__pyxel_bubbles__memory_bandwidth__p050__r01,formal-v1,profile,not_applicable,pressure_profile,"[""pyxel_bubbles""]",pyxel_bubbles,[],,,memory_bandwidth,0.5,1,17768249687107614157,20,60,1,20,windows-rtx4060,0,0,grid_2x2,true,82,1f4e3f3ce1069ad1b142225e539ac838483cf248849a3ee4b2d0608dd6f525bd,ed5c9df7f7b1e5686ad552b10abd5d853a23f5b3,data/raw/formal-v1/formal-v1__profile__pyxel_bubbles__memory_bandwidth__p050__r01,"{""pyxel_bubbles"":""games/pyxel/06_click_game.py""}","{""pyxel_bubbles"":""54c101e90bdaed839ac4c4284494530d5df37a5819a35f1e41eebb0b3da5d900""}",6a4a5cc937c90e5749bb68e0c2e54b7bc97093b7d6647c970dddde28024e0554
1,211,formal-v1__profile__mega_wing__memory_bandwidth__p025__r01,formal-v1,profile,not_applicable,pressure_profile,"[""mega_wing""]",mega_wing,[],,,memory_bandwidth,0.25,1,13211999645521036726,20,60,1,20,windows-rtx4060,0,0,grid_2x2,true,82,1f4e3f3ce1069ad1b142225e539ac838483cf248849a3ee4b2d0608dd6f525bd,ed5c9df7f7b1e5686ad552b10abd5d853a23f5b3,data/raw/formal-v1/formal-v1__profile__mega_wing__memory_bandwidth__p025__r01,"{""mega_wing"":""games/pyxel/apps-src/mega_wing/mega_wing.py""}","{""mega_wing"":""86bad6c02a303806c58137503739241dc6b1e86695f7c0dbf672b5e1a1464e9f""}",daceb71fdad5f815ee2127c39107effcaf6e99c697d968a732f6eda31f77cf27
1,212,formal-v1__colocation__pyxel_bubbles+pyxel_jump+pyxel_snake__r01,formal-v1,colocation-main,train,colocation,"[""pyxel_bubbles"",""pyxel_jump"",""pyxel_snake""]",pyxel_bubbles,"[""pyxel_jump"",""pyxel_snake""]",pyxel_bubbles+pyxel_jump+pyxel_snake,pyxel_bubbles+pyxel_jump+pyxel_snake__r01,,,1,10652256037132298761,20,60,1,20,windows-rtx4060,0,0,grid_2x2,true,82,1f4e3f3ce1069ad1b142225e539ac838483cf248849a3ee4b2d0608dd6f525bd,ed5c9df7f7b1e5686ad552b10abd5d853a23f5b3,data/raw/formal-v1/formal-v1__colocation__pyxel_bubbles+pyxel_jump+pyxel_snake__r01,"{""pyxel_bubbles"":""games/pyxel/06_click_game.py"",""pyxel_jump"":""games/pyxel/02_jump_game.py"",""pyxel_snake"":""games/pyxel/07_snake.py""}","{""pyxel_bubbles"":""54c101e90bdaed839ac4c4284494530d5df37a5819a35f1e41eebb0b3da5d900"",""pyxel_jump"":""4743a825f1c9cae7e049ac52115f4ecf83350db546c00745a54af187d7bc2e46"",""pyxel_snake"":""bc533fef92d1d358e570f69d979919fe5c1cd8c4da49841104b49a1e661a5ac3""}",5306e8d7eb71b5cb5944788bd6fed87bb79f747487ec042967814640b9d6a587
1,213,formal-v1__profile__pyxel_snake__memory_bandwidth__p100__r02,formal-v1,profile,not_applicable,pressure_profile,"[""pyxel_snake""]",pyxel_snake,[],,,memory_bandwidth,1,2,12887450220985787540,20,60,1,20,windows-rtx4060,0,0,grid_2x2,true,82,1f4e3f3ce1069ad1b142225e539ac838483cf248849a3ee4b2d0608dd6f525bd,ed5c9df7f7b1e5686ad552b10abd5d853a23f5b3,data/raw/formal-v1/formal-v1__profile__pyxel_snake__memory_bandwidth__p100__r02,"{""pyxel_snake"":""games/pyxel/07_snake.py""}","{""pyxel_snake"":""bc533fef92d1d358e570f69d979919fe5c1cd8c4da49841104b49a1e661a5ac3""}",f26404e961585ad5e6894d78e4eb39ead5a15dd85c2de5ac9243dffd1b4b1c4b
1,214,formal-v1__profile__pyxel_platformer__gpu_memory__p050__r02,formal-v1,profile,not_applicable,pressure_profile,"[""pyxel_platformer""]",pyxel_platformer,[],,,gpu_memory,0.5,2,13683777296560864320,20,60,1,20,windows-rtx4060,0,0,grid_2x2,true,82,1f4e3f3ce1069ad1b142225e539ac838483cf248849a3ee4b2d0608dd6f525bd,ed5c9df7f7b1e5686ad552b10abd5d853a23f5b3,data/raw/formal-v1/formal-v1__profile__pyxel_platformer__gpu_memory__p050__r02,"{""pyxel_platformer"":""games/pyxel/10_platformer.py""}","{""pyxel_platformer"":""1b2c75b49dc9ab0254fb4b724682a4787868814a38d2f08920720dc5b6007ac5""}",50dc85745264539bb8f1743a8931d0190f58e9c2a78c09120c332c557a6d5009
1,215,formal-v1__solo__pyxel_snake__r01,formal-v1,solo,not_applicable,solo,"[""pyxel_snake""]",pyxel_snake,[],,,,,1,13632667971943617081,20,60,1,20,windows-rtx4060,0,0,grid_2x2,true,82,1f4e3f3ce1069ad1b142225e539ac838483cf248849a3ee4b2d0608dd6f525bd,ed5c9df7f7b1e5686ad552b10abd5d853a23f5b3,data/raw/formal-v1/formal-v1__solo__pyxel_snake__r01,"{""pyxel_snake"":""games/pyxel/07_snake.py""}","{""pyxel_snake"":""bc533fef92d1d358e570f69d979919fe5c1cd8c4da49841104b49a1e661a5ac3""}",ad638eb5e684424b323af539ab2c6e1ac703405afa95aff07dcfc06e72d11cb8
1,216,formal-v1__profile__pyxel_bubbles__gpu_compute__p050__r02,formal-v1,profile,not_applicable,pressure_profile,"[""pyxel_bubbles""]",pyxel_bubbles,[],,,gpu_compute,0.5,2,6978072715969981528,20,60,1,20,windows-rtx4060,0,0,grid_2x2,true,82,1f4e3f3ce1069ad1b142225e539ac838483cf248849a3ee4b2d0608dd6f525bd,ed5c9df7f7b1e5686ad552b10abd5d853a23f5b3,data/raw/formal-v1/formal-v1__profile__pyxel_bubbles__gpu_compute__p050__r02,"{""pyxel_bubbles"":""games/pyxel/06_click_game.py""}","{""pyxel_bubbles"":""54c101e90bdaed839ac4c4284494530d5df37a5819a35f1e41eebb0b3da5d900""}",7824f4a2efaf264dc6dd3ba96f7cbc31194806ffb9f7e5d7a8ca8f243ae106f0
1,217,formal-v1__colocation__pyxel_bubbles+pyxel_snake__r02,formal-v1,colocation-main,test,colocation,"[""pyxel_bubbles"",""pyxel_snake""]",pyxel_bubbles,"[""pyxel_snake""]",pyxel_bubbles+pyxel_snake,pyxel_bubbles+pyxel_snake__r02,,,2,16014323964850878645,20,60,1,20,windows-rtx4060,0,0,grid_2x2,true,82,1f4e3f3ce1069ad1b142225e539ac838483cf248849a3ee4b2d0608dd6f525bd,ed5c9df7f7b1e5686ad552b10abd5d853a23f5b3,data/raw/formal-v1/formal-v1__colocation__pyxel_bubbles+pyxel_snake__r02,"{""pyxel_bubbles"":""games/pyxel/06_click_game.py"",""pyxel_snake"":""games/pyxel/07_snake.py""}","{""pyxel_bubbles"":""54c101e90bdaed839ac4c4284494530d5df37a5819a35f1e41eebb0b3da5d900"",""pyxel_snake"":""bc533fef92d1d358e570f69d979919fe5c1cd8c4da49841104b49a1e661a5ac3""}",939cacc3ca367ec436ea63a196faaf98a26aaa9adf13d09f04e8b2954aaed0d3
1,218,formal-v1__profile__pyxel_jump__cpu_compute__p050__r01,formal-v1,profile,not_applicable,pressure_profile,"[""pyxel_jump""]",pyxel_jump,[],,,cpu_compute,0.5,1,6104497215014559967,20,60,1,20,windows-rtx4060,0,0,grid_2x2,true,82,1f4e3f3ce1069ad1b142225e539ac838483cf248849a3ee4b2d0608dd6f525bd,ed5c9df7f7b1e5686ad552b10abd5d853a23f5b3,data/raw/formal-v1/formal-v1__profile__pyxel_jump__cpu_compute__p050__r01,"{""pyxel_jump"":""games/pyxel/02_jump_game.py""}","{""pyxel_jump"":""4743a825f1c9cae7e049ac52115f4ecf83350db546c00745a54af187d7bc2e46""}",3e4e2a21b606270abeee770e0f6a79f528003a8dddef351bc3b4b930a6f84092
1,219,formal-v1__colocation__daylight+pyxel_shooter+pyxel_snake__r02,formal-v1,colocation-main,train,colocation,"[""daylight"",""pyxel_shooter"",""pyxel_snake""]",daylight,"[""pyxel_shooter"",""pyxel_snake""]",daylight+pyxel_shooter+pyxel_snake,daylight+pyxel_shooter+pyxel_snake__r02,,,2,16060450979115828123,20,60,1,20,windows-rtx4060,0,0,grid_2x2,true,82,1f4e3f3ce1069ad1b142225e539ac838483cf248849a3ee4b2d0608dd6f525bd,ed5c9df7f7b1e5686ad552b10abd5d853a23f5b3,data/raw/formal-v1/formal-v1__colocation__daylight+pyxel_shooter+pyxel_snake__r02,"{""daylight"":""games/pyxel/apps-src/30SecondsOfDaylight/src/main.py"",""pyxel_shooter"":""games/pyxel/09_shooter.py"",""pyxel_snake"":""games/pyxel/07_snake.py""}","{""daylight"":""21a365375249e9d7ea05e78dcfe040f09cc1f0c66bd410bae084190c743a028f"",""pyxel_shooter"":""0f53e4156907eac41080a8f289e22c89365b3239517c754cf59a51af201d5563"",""pyxel_snake"":""bc533fef92d1d358e570f69d979919fe5c1cd8c4da49841104b49a1e661a5ac3""}",79ceb27e2d7161a0d4ddcea0314eb51760f021a381a0dfdce7ed1d1f799ecc61
1,220,formal-v1__solo__pyxel_bubbles__r01,formal-v1,solo,not_applicable,solo,"[""pyxel_bubbles""]",pyxel_bubbles,[],,,,,1,17111230279661221694,20,60,1,20,windows-rtx4060,0,0,grid_2x2,true,82,1f4e3f3ce1069ad1b142225e539ac838483cf248849a3ee4b2d0608dd6f525bd,ed5c9df7f7b1e5686ad552b10abd5d853a23f5b3,data/raw/formal-v1/formal-v1__solo__pyxel_bubbles__r01,"{""pyxel_bubbles"":""games/pyxel/06_click_game.py""}","{""pyxel_bubbles"":""54c101e90bdaed839ac4c4284494530d5df37a5819a35f1e41eebb0b3da5d900""}",28352d695c1f06566b68ce837893b6d372d96eac60710debbcf69b103da3980c
1,221,formal-v1__profile__space_rescue__memory_bandwidth__p025__r03,formal-v1,profile,not_applicable,pressure_profile,"[""space_rescue""]",space_rescue,[],,,memory_bandwidth,0.25,3,974195991618032637,20,60,1,20,windows-rtx4060,0,0,grid_2x2,true,82,1f4e3f3ce1069ad1b142225e539ac838483cf248849a3ee4b2d0608dd6f525bd,ed5c9df7f7b1e5686ad552b10abd5d853a23f5b3,data/raw/formal-v1/formal-v1__profile__space_rescue__memory_bandwidth__p025__r03,"{""space_rescue"":""games/pyxel/apps-src/space_rescue/space_rescue.py""}","{""space_rescue"":""f3b0ab6784ae558e64f06a3f0a704e53f107a130aa3d43357659d0850131e461""}",f7a173bf3b1318ec2317c8e1bcd894c377420e179c8e6ab8f6cec46518908427
1,222,formal-v1__profile__pyxel_jump__gpu_compute__p075__r02,formal-v1,profile,not_applicable,pressure_profile,"[""pyxel_jump""]",pyxel_jump,[],,,gpu_compute,0.75,2,3015892812821809057,20,60,1,20,windows-rtx4060,0,0,grid_2x2,true,82,1f4e3f3ce1069ad1b142225e539ac838483cf248849a3ee4b2d0608dd6f525bd,ed5c9df7f7b1e5686ad552b10abd5d853a23f5b3,data/raw/formal-v1/formal-v1__profile__pyxel_jump__gpu_compute__p075__r02,"{""pyxel_jump"":""games/pyxel/02_jump_game.py""}","{""pyxel_jump"":""4743a825f1c9cae7e049ac52115f4ecf83350db546c00745a54af187d7bc2e46""}",dfad5a4c482434585de90b76a111b834474120f11d99b2f5df61a6cb56160cb0
1,223,formal-v1__colocation__pyxel_bubbles+pyxel_snake__r01,formal-v1,colocation-main,test,colocation,"[""pyxel_bubbles"",""pyxel_snake""]",pyxel_bubbles,"[""pyxel_snake""]",pyxel_bubbles+pyxel_snake,pyxel_bubbles+pyxel_snake__r01,,,1,4272144397152138260,20,60,1,20,windows-rtx4060,0,0,grid_2x2,true,82,1f4e3f3ce1069ad1b142225e539ac838483cf248849a3ee4b2d0608dd6f525bd,ed5c9df7f7b1e5686ad552b10abd5d853a23f5b3,data/raw/formal-v1/formal-v1__colocation__pyxel_bubbles+pyxel_snake__r01,"{""pyxel_bubbles"":""games/pyxel/06_click_game.py"",""pyxel_snake"":""games/pyxel/07_snake.py""}","{""pyxel_bubbles"":""54c101e90bdaed839ac4c4284494530d5df37a5819a35f1e41eebb0b3da5d900"",""pyxel_snake"":""bc533fef92d1d358e570f69d979919fe5c1cd8c4da49841104b49a1e661a5ac3""}",e3619d423d0378e1e4df0fdfc2aeae433210463390852ce1a00c47478f0ad9b3
1,224,formal-v1__profile__mega_wing__cpu_compute__p100__r02,formal-v1,profile,not_applicable,pressure_profile,"[""mega_wing""]",mega_wing,[],,,cpu_compute,1,2,13879960688413478979,20,60,1,20,windows-rtx4060,0,0,grid_2x2,true,82,1f4e3f3ce1069ad1b142225e539ac838483cf248849a3ee4b2d0608dd6f525bd,ed5c9df7f7b1e5686ad552b10abd5d853a23f5b3,data/raw/formal-v1/formal-v1__profile__mega_wing__cpu_compute__p100__r02,"{""mega_wing"":""games/pyxel/apps-src/mega_wing/mega_wing.py""}","{""mega_wing"":""86bad6c02a303806c58137503739241dc6b1e86695f7c0dbf672b5e1a1464e9f""}",7eccb4b690f78ce8f3b4bf3a37256329e30ee292772d39536991d902e18756d7
1,225,formal-v1__profile__daylight__memory_bandwidth__p050__r02,formal-v1,profile,not_applicable,pressure_profile,"[""daylight""]",daylight,[],,,memory_bandwidth,0.5,2,8138192367504666085,20,60,1,20,windows-rtx4060,0,0,grid_2x2,true,82,1f4e3f3ce1069ad1b142225e539ac838483cf248849a3ee4b2d0608dd6f525bd,ed5c9df7f7b1e5686ad552b10abd5d853a23f5b3,data/raw/formal-v1/formal-v1__profile__daylight__memory_bandwidth__p050__r02,"{""daylight"":""games/pyxel/apps-src/30SecondsOfDaylight/src/main.py""}","{""daylight"":""21a365375249e9d7ea05e78dcfe040f09cc1f0c66bd410bae084190c743a028f""}",ed9db53c5c618e85fa9f8a0c5611acad3e18ddbc14453ec90c48bc661181cf31
1,226,formal-v1__profile__pyxel_snake__cpu_compute__p050__r02,formal-v1,profile,not_applicable,pressure_profile,"[""pyxel_snake""]",pyxel_snake,[],,,cpu_compute,0.5,2,2320957124972599974,20,60,1,20,windows-rtx4060,0,0,grid_2x2,true,82,1f4e3f3ce1069ad1b142225e539ac838483cf248849a3ee4b2d0608dd6f525bd,ed5c9df7f7b1e5686ad552b10abd5d853a23f5b3,data/raw/formal-v1/formal-v1__profile__pyxel_snake__cpu_compute__p050__r02,"{""pyxel_snake"":""games/pyxel/07_snake.py""}","{""pyxel_snake"":""bc533fef92d1d358e570f69d979919fe5c1cd8c4da49841104b49a1e661a5ac3""}",5a1bfd380680c5048f7b008ce6c1b552d0dc371170e829741c604029762ee0fd
1,227,formal-v1__profile__daylight__gpu_compute__p050__r03,formal-v1,profile,not_applicable,pressure_profile,"[""daylight""]",daylight,[],,,gpu_compute,0.5,3,8172916671657072093,20,60,1,20,windows-rtx4060,0,0,grid_2x2,true,82,1f4e3f3ce1069ad1b142225e539ac838483cf248849a3ee4b2d0608dd6f525bd,ed5c9df7f7b1e5686ad552b10abd5d853a23f5b3,data/raw/formal-v1/formal-v1__profile__daylight__gpu_compute__p050__r03,"{""daylight"":""games/pyxel/apps-src/30SecondsOfDaylight/src/main.py""}","{""daylight"":""21a365375249e9d7ea05e78dcfe040f09cc1f0c66bd410bae084190c743a028f""}",c728550de012190c501d6f5539d7bedc00ac80ce9d544247323897ea715eb2b1
1,228,formal-v1__solo__pyxel_snake__r03,formal-v1,solo,not_applicable,solo,"[""pyxel_snake""]",pyxel_snake,[],,,,,3,11244710782208348410,20,60,1,20,windows-rtx4060,0,0,grid_2x2,true,82,1f4e3f3ce1069ad1b142225e539ac838483cf248849a3ee4b2d0608dd6f525bd,ed5c9df7f7b1e5686ad552b10abd5d853a23f5b3,data/raw/formal-v1/formal-v1__solo__pyxel_snake__r03,"{""pyxel_snake"":""games/pyxel/07_snake.py""}","{""pyxel_snake"":""bc533fef92d1d358e570f69d979919fe5c1cd8c4da49841104b49a1e661a5ac3""}",ca64662b7d3d6547c188efc85eedf1028b2f1543c2c1bd7bf5cecf4de623e875
1,229,formal-v1__profile__daylight__cpu_compute__p025__r01,formal-v1,profile,not_applicable,pressure_profile,"[""daylight""]",daylight,[],,,cpu_compute,0.25,1,8546134627183824773,20,60,1,20,windows-rtx4060,0,0,grid_2x2,true,82,1f4e3f3ce1069ad1b142225e539ac838483cf248849a3ee4b2d0608dd6f525bd,ed5c9df7f7b1e5686ad552b10abd5d853a23f5b3,data/raw/formal-v1/formal-v1__profile__daylight__cpu_compute__p025__r01,"{""daylight"":""games/pyxel/apps-src/30SecondsOfDaylight/src/main.py""}","{""daylight"":""21a365375249e9d7ea05e78dcfe040f09cc1f0c66bd410bae084190c743a028f""}",cdb79b3b780ec767b74a3eed8db30d0182c57fdb1a57d0bf122acbf1b842a700
1,230,formal-v1__profile__mega_wing__cpu_compute__p000__r01,formal-v1,profile,not_applicable,pressure_profile,"[""mega_wing""]",mega_wing,[],,,cpu_compute,0,1,3386378885876565655,20,60,1,20,windows-rtx4060,0,0,grid_2x2,true,82,1f4e3f3ce1069ad1b142225e539ac838483cf248849a3ee4b2d0608dd6f525bd,ed5c9df7f7b1e5686ad552b10abd5d853a23f5b3,data/raw/formal-v1/formal-v1__profile__mega_wing__cpu_compute__p000__r01,"{""mega_wing"":""games/pyxel/apps-src/mega_wing/mega_wing.py""}","{""mega_wing"":""86bad6c02a303806c58137503739241dc6b1e86695f7c0dbf672b5e1a1464e9f""}",787c3557b28dcfca0affbdfe046a6a639894fb35a03764e1bf7019729bcbfb9d
1,231,formal-v1__profile__pyxel_bubbles__gpu_compute__p100__r03,formal-v1,profile,not_applicable,pressure_profile,"[""pyxel_bubbles""]",pyxel_bubbles,[],,,gpu_compute,1,3,399030813832862700,20,60,1,20,windows-rtx4060,0,0,grid_2x2,true,82,1f4e3f3ce1069ad1b142225e539ac838483cf248849a3ee4b2d0608dd6f525bd,ed5c9df7f7b1e5686ad552b10abd5d853a23f5b3,data/raw/formal-v1/formal-v1__profile__pyxel_bubbles__gpu_compute__p100__r03,"{""pyxel_bubbles"":""games/pyxel/06_click_game.py""}","{""pyxel_bubbles"":""54c101e90bdaed839ac4c4284494530d5df37a5819a35f1e41eebb0b3da5d900""}",a42691310c4ff543278ca153a8560857410a9c2f28dadd707846f2809e51a98d
1,232,formal-v1__profile__pyxel_platformer__cpu_compute__p000__r01,formal-v1,profile,not_applicable,pressure_profile,"[""pyxel_platformer""]",pyxel_platformer,[],,,cpu_compute,0,1,10964048351124160320,20,60,1,20,windows-rtx4060,0,0,grid_2x2,true,82,1f4e3f3ce1069ad1b142225e539ac838483cf248849a3ee4b2d0608dd6f525bd,ed5c9df7f7b1e5686ad552b10abd5d853a23f5b3,data/raw/formal-v1/formal-v1__profile__pyxel_platformer__cpu_compute__p000__r01,"{""pyxel_platformer"":""games/pyxel/10_platformer.py""}","{""pyxel_platformer"":""1b2c75b49dc9ab0254fb4b724682a4787868814a38d2f08920720dc5b6007ac5""}",2494f0928dd5402332aadc248a63c5017ccbb0284bd98c5f2654c39cb955d3b1
1,233,formal-v1__extra__daylight+pyxel_platformer+pyxel_shooter+pyxel_snake__r01,formal-v1,colocation-extra-test,extra_test,extra_test,"[""daylight"",""pyxel_platformer"",""pyxel_shooter"",""pyxel_snake""]",daylight,"[""pyxel_platformer"",""pyxel_shooter"",""pyxel_snake""]",daylight+pyxel_platformer+pyxel_shooter+pyxel_snake,daylight+pyxel_platformer+pyxel_shooter+pyxel_snake__r01,,,1,16076299598703602005,20,60,1,20,windows-rtx4060,0,0,grid_2x2,true,82,1f4e3f3ce1069ad1b142225e539ac838483cf248849a3ee4b2d0608dd6f525bd,ed5c9df7f7b1e5686ad552b10abd5d853a23f5b3,data/raw/formal-v1/formal-v1__extra__daylight+pyxel_platformer+pyxel_shooter+pyxel_snake__r01,"{""daylight"":""games/pyxel/apps-src/30SecondsOfDaylight/src/main.py"",""pyxel_platformer"":""games/pyxel/10_platformer.py"",""pyxel_shooter"":""games/pyxel/09_shooter.py"",""pyxel_snake"":""games/pyxel/07_snake.py""}","{""daylight"":""21a365375249e9d7ea05e78dcfe040f09cc1f0c66bd410bae084190c743a028f"",""pyxel_platformer"":""1b2c75b49dc9ab0254fb4b724682a4787868814a38d2f08920720dc5b6007ac5"",""pyxel_shooter"":""0f53e4156907eac41080a8f289e22c89365b3239517c754cf59a51af201d5563"",""pyxel_snake"":""bc533fef92d1d358e570f69d979919fe5c1cd8c4da49841104b49a1e661a5ac3""}",af5d6b345af32cff26a135877d771c339ba459c7f268d81e83219243b3d87a0f
1,234,formal-v1__profile__daylight__gpu_compute__p075__r02,formal-v1,profile,not_applicable,pressure_profile,"[""daylight""]",daylight,[],,,gpu_compute,0.75,2,16482551770301428842,20,60,1,20,windows-rtx4060,0,0,grid_2x2,true,82,1f4e3f3ce1069ad1b142225e539ac838483cf248849a3ee4b2d0608dd6f525bd,ed5c9df7f7b1e5686ad552b10abd5d853a23f5b3,data/raw/formal-v1/formal-v1__profile__daylight__gpu_compute__p075__r02,"{""daylight"":""games/pyxel/apps-src/30SecondsOfDaylight/src/main.py""}","{""daylight"":""21a365375249e9d7ea05e78dcfe040f09cc1f0c66bd410bae084190c743a028f""}",98712baef14803ca23015478e3b5a8af670e0063b4a12c64ce0ca29f059f0466
1,235,formal-v1__profile__pyxel_shooter__gpu_memory__p025__r02,formal-v1,profile,not_applicable,pressure_profile,"[""pyxel_shooter""]",pyxel_shooter,[],,,gpu_memory,0.25,2,8646546913955020733,20,60,1,20,windows-rtx4060,0,0,grid_2x2,true,82,1f4e3f3ce1069ad1b142225e539ac838483cf248849a3ee4b2d0608dd6f525bd,ed5c9df7f7b1e5686ad552b10abd5d853a23f5b3,data/raw/formal-v1/formal-v1__profile__pyxel_shooter__gpu_memory__p025__r02,"{""pyxel_shooter"":""games/pyxel/09_shooter.py""}","{""pyxel_shooter"":""0f53e4156907eac41080a8f289e22c89365b3239517c754cf59a51af201d5563""}",d39c78c0a3aab6dcba92a7f6c668a85d8f539d6fafacad9ff735f4cf737a8b2d
1,236,formal-v1__profile__pyxel_snake__gpu_compute__p050__r01,formal-v1,profile,not_applicable,pressure_profile,"[""pyxel_snake""]",pyxel_snake,[],,,gpu_compute,0.5,1,13682793963391115016,20,60,1,20,windows-rtx4060,0,0,grid_2x2,true,82,1f4e3f3ce1069ad1b142225e539ac838483cf248849a3ee4b2d0608dd6f525bd,ed5c9df7f7b1e5686ad552b10abd5d853a23f5b3,data/raw/formal-v1/formal-v1__profile__pyxel_snake__gpu_compute__p050__r01,"{""pyxel_snake"":""games/pyxel/07_snake.py""}","{""pyxel_snake"":""bc533fef92d1d358e570f69d979919fe5c1cd8c4da49841104b49a1e661a5ac3""}",b80c3244d8cceb8f977cb509ec22d5a0cff9e032aa43210b93517b65dd873a6f
1,237,formal-v1__colocation__daylight+pyxel_bubbles+pyxel_platformer__r01,formal-v1,colocation-main,test,colocation,"[""daylight"",""pyxel_bubbles"",""pyxel_platformer""]",daylight,"[""pyxel_bubbles"",""pyxel_platformer""]",daylight+pyxel_bubbles+pyxel_platformer,daylight+pyxel_bubbles+pyxel_platformer__r01,,,1,12478490643540389889,20,60,1,20,windows-rtx4060,0,0,grid_2x2,true,82,1f4e3f3ce1069ad1b142225e539ac838483cf248849a3ee4b2d0608dd6f525bd,ed5c9df7f7b1e5686ad552b10abd5d853a23f5b3,data/raw/formal-v1/formal-v1__colocation__daylight+pyxel_bubbles+pyxel_platformer__r01,"{""daylight"":""games/pyxel/apps-src/30SecondsOfDaylight/src/main.py"",""pyxel_bubbles"":""games/pyxel/06_click_game.py"",""pyxel_platformer"":""games/pyxel/10_platformer.py""}","{""daylight"":""21a365375249e9d7ea05e78dcfe040f09cc1f0c66bd410bae084190c743a028f"",""pyxel_bubbles"":""54c101e90bdaed839ac4c4284494530d5df37a5819a35f1e41eebb0b3da5d900"",""pyxel_platformer"":""1b2c75b49dc9ab0254fb4b724682a4787868814a38d2f08920720dc5b6007ac5""}",d1053c404f9c64b27c18c849d47b2d0f741856aeadd4b7e1cb154ee25b07abff
1,238,formal-v1__profile__pyxel_snake__memory_bandwidth__p075__r03,formal-v1,profile,not_applicable,pressure_profile,"[""pyxel_snake""]",pyxel_snake,[],,,memory_bandwidth,0.75,3,11339435162131692225,20,60,1,20,windows-rtx4060,0,0,grid_2x2,true,82,1f4e3f3ce1069ad1b142225e539ac838483cf248849a3ee4b2d0608dd6f525bd,ed5c9df7f7b1e5686ad552b10abd5d853a23f5b3,data/raw/formal-v1/formal-v1__profile__pyxel_snake__memory_bandwidth__p075__r03,"{""pyxel_snake"":""games/pyxel/07_snake.py""}","{""pyxel_snake"":""bc533fef92d1d358e570f69d979919fe5c1cd8c4da49841104b49a1e661a5ac3""}",a6ecfaad2fbbfb0bb5be5e675114e0055d97ee6bbd698b583cf10b73ffe7009b
1,239,formal-v1__profile__daylight__cpu_compute__p050__r02,formal-v1,profile,not_applicable,pressure_profile,"[""daylight""]",daylight,[],,,cpu_compute,0.5,2,3838096314104336505,20,60,1,20,windows-rtx4060,0,0,grid_2x2,true,82,1f4e3f3ce1069ad1b142225e539ac838483cf248849a3ee4b2d0608dd6f525bd,ed5c9df7f7b1e5686ad552b10abd5d853a23f5b3,data/raw/formal-v1/formal-v1__profile__daylight__cpu_compute__p050__r02,"{""daylight"":""games/pyxel/apps-src/30SecondsOfDaylight/src/main.py""}","{""daylight"":""21a365375249e9d7ea05e78dcfe040f09cc1f0c66bd410bae084190c743a028f""}",9e1bb1ea12c61d4ea79555de977840dd8568fce6294d8a7c4ab9dc5c96ed3f8f
1,240,formal-v1__profile__pyxel_bubbles__gpu_memory__p050__r03,formal-v1,profile,not_applicable,pressure_profile,"[""pyxel_bubbles""]",pyxel_bubbles,[],,,gpu_memory,0.5,3,18351449568058031569,20,60,1,20,windows-rtx4060,0,0,grid_2x2,true,82,1f4e3f3ce1069ad1b142225e539ac838483cf248849a3ee4b2d0608dd6f525bd,ed5c9df7f7b1e5686ad552b10abd5d853a23f5b3,data/raw/formal-v1/formal-v1__profile__pyxel_bubbles__gpu_memory__p050__r03,"{""pyxel_bubbles"":""games/pyxel/06_click_game.py""}","{""pyxel_bubbles"":""54c101e90bdaed839ac4c4284494530d5df37a5819a35f1e41eebb0b3da5d900""}",16be75aa1548f1c31460c4b1716bb3ab8d8cac961bebbfc7941611e7453f9ff9
1,241,formal-v1__colocation__daylight+pyxel_shooter__r02,formal-v1,colocation-main,test,colocation,"[""daylight"",""pyxel_shooter""]",daylight,"[""pyxel_shooter""]",daylight+pyxel_shooter,daylight+pyxel_shooter__r02,,,2,6307768475063823143,20,60,1,20,windows-rtx4060,0,0,grid_2x2,true,82,1f4e3f3ce1069ad1b142225e539ac838483cf248849a3ee4b2d0608dd6f525bd,ed5c9df7f7b1e5686ad552b10abd5d853a23f5b3,data/raw/formal-v1/formal-v1__colocation__daylight+pyxel_shooter__r02,"{""daylight"":""games/pyxel/apps-src/30SecondsOfDaylight/src/main.py"",""pyxel_shooter"":""games/pyxel/09_shooter.py""}","{""daylight"":""21a365375249e9d7ea05e78dcfe040f09cc1f0c66bd410bae084190c743a028f"",""pyxel_shooter"":""0f53e4156907eac41080a8f289e22c89365b3239517c754cf59a51af201d5563""}",40efc5db097708b7dca978d6f069b7a0284ae186a724e596968b27a2d24488ae
1,242,formal-v1__profile__pyxel_platformer__cpu_compute__p000__r02,formal-v1,profile,not_applicable,pressure_profile,"[""pyxel_platformer""]",pyxel_platformer,[],,,cpu_compute,0,2,14258000445704572170,20,60,1,20,windows-rtx4060,0,0,grid_2x2,true,82,1f4e3f3ce1069ad1b142225e539ac838483cf248849a3ee4b2d0608dd6f525bd,ed5c9df7f7b1e5686ad552b10abd5d853a23f5b3,data/raw/formal-v1/formal-v1__profile__pyxel_platformer__cpu_compute__p000__r02,"{""pyxel_platformer"":""games/pyxel/10_platformer.py""}","{""pyxel_platformer"":""1b2c75b49dc9ab0254fb4b724682a4787868814a38d2f08920720dc5b6007ac5""}",3e5db99aaa18a7085acd92bb18f38c204babd8edda2067470cd3b93f29000052
1,243,formal-v1__colocation__pyxel_jump+pyxel_shooter+pyxel_snake__r01,formal-v1,colocation-main,train,colocation,"[""pyxel_jump"",""pyxel_shooter"",""pyxel_snake""]",pyxel_jump,"[""pyxel_shooter"",""pyxel_snake""]",pyxel_jump+pyxel_shooter+pyxel_snake,pyxel_jump+pyxel_shooter+pyxel_snake__r01,,,1,13404442039301235090,20,60,1,20,windows-rtx4060,0,0,grid_2x2,true,82,1f4e3f3ce1069ad1b142225e539ac838483cf248849a3ee4b2d0608dd6f525bd,ed5c9df7f7b1e5686ad552b10abd5d853a23f5b3,data/raw/formal-v1/formal-v1__colocation__pyxel_jump+pyxel_shooter+pyxel_snake__r01,"{""pyxel_jump"":""games/pyxel/02_jump_game.py"",""pyxel_shooter"":""games/pyxel/09_shooter.py"",""pyxel_snake"":""games/pyxel/07_snake.py""}","{""pyxel_jump"":""4743a825f1c9cae7e049ac52115f4ecf83350db546c00745a54af187d7bc2e46"",""pyxel_shooter"":""0f53e4156907eac41080a8f289e22c89365b3239517c754cf59a51af201d5563"",""pyxel_snake"":""bc533fef92d1d358e570f69d979919fe5c1cd8c4da49841104b49a1e661a5ac3""}",66258c926416ee3f9f5251aa44dc58537c10e874d2f775bf26028ac161063336
1,244,formal-v1__profile__pyxel_jump__gpu_memory__p075__r03,formal-v1,profile,not_applicable,pressure_profile,"[""pyxel_jump""]",pyxel_jump,[],,,gpu_memory,0.75,3,16428684141305639129,20,60,1,20,windows-rtx4060,0,0,grid_2x2,true,82,1f4e3f3ce1069ad1b142225e539ac838483cf248849a3ee4b2d0608dd6f525bd,ed5c9df7f7b1e5686ad552b10abd5d853a23f5b3,data/raw/formal-v1/formal-v1__profile__pyxel_jump__gpu_memory__p075__r03,"{""pyxel_jump"":""games/pyxel/02_jump_game.py""}","{""pyxel_jump"":""4743a825f1c9cae7e049ac52115f4ecf83350db546c00745a54af187d7bc2e46""}",b58d70a99b2b21b26ae7daddd5954e282b6e27f6cb464a6cb379e350fa89f234
1,245,formal-v1__colocation__mega_wing+pyxel_snake+space_rescue__r02,formal-v1,colocation-main,train,colocation,"[""mega_wing"",""pyxel_snake"",""space_rescue""]",mega_wing,"[""pyxel_snake"",""space_rescue""]",mega_wing+pyxel_snake+space_rescue,mega_wing+pyxel_snake+space_rescue__r02,,,2,10501798218637475275,20,60,1,20,windows-rtx4060,0,0,grid_2x2,true,82,1f4e3f3ce1069ad1b142225e539ac838483cf248849a3ee4b2d0608dd6f525bd,ed5c9df7f7b1e5686ad552b10abd5d853a23f5b3,data/raw/formal-v1/formal-v1__colocation__mega_wing+pyxel_snake+space_rescue__r02,"{""mega_wing"":""games/pyxel/apps-src/mega_wing/mega_wing.py"",""pyxel_snake"":""games/pyxel/07_snake.py"",""space_rescue"":""games/pyxel/apps-src/space_rescue/space_rescue.py""}","{""mega_wing"":""86bad6c02a303806c58137503739241dc6b1e86695f7c0dbf672b5e1a1464e9f"",""pyxel_snake"":""bc533fef92d1d358e570f69d979919fe5c1cd8c4da49841104b49a1e661a5ac3"",""space_rescue"":""f3b0ab6784ae558e64f06a3f0a704e53f107a130aa3d43357659d0850131e461""}",e83f3e839ea107d08e0d6bc2e074b8eaa1651b7cb643896e4d3a257d9e8cf5a2
1,246,formal-v1__profile__mega_wing__gpu_compute__p000__r01,formal-v1,profile,not_applicable,pressure_profile,"[""mega_wing""]",mega_wing,[],,,gpu_compute,0,1,15245046965239891073,20,60,1,20,windows-rtx4060,0,0,grid_2x2,true,82,1f4e3f3ce1069ad1b142225e539ac838483cf248849a3ee4b2d0608dd6f525bd,ed5c9df7f7b1e5686ad552b10abd5d853a23f5b3,data/raw/formal-v1/formal-v1__profile__mega_wing__gpu_compute__p000__r01,"{""mega_wing"":""games/pyxel/apps-src/mega_wing/mega_wing.py""}","{""mega_wing"":""86bad6c02a303806c58137503739241dc6b1e86695f7c0dbf672b5e1a1464e9f""}",9b1fcb0a9bd83f1d7fa224629e676f03f7355360b7104edde23dc90f053626ce
1,247,formal-v1__colocation__pyxel_jump+pyxel_shooter__r02,formal-v1,colocation-main,train,colocation,"[""pyxel_jump"",""pyxel_shooter""]",pyxel_jump,"[""pyxel_shooter""]",pyxel_jump+pyxel_shooter,pyxel_jump+pyxel_shooter__r02,,,2,3021531922104725446,20,60,1,20,windows-rtx4060,0,0,grid_2x2,true,82,1f4e3f3ce1069ad1b142225e539ac838483cf248849a3ee4b2d0608dd6f525bd,ed5c9df7f7b1e5686ad552b10abd5d853a23f5b3,data/raw/formal-v1/formal-v1__colocation__pyxel_jump+pyxel_shooter__r02,"{""pyxel_jump"":""games/pyxel/02_jump_game.py"",""pyxel_shooter"":""games/pyxel/09_shooter.py""}","{""pyxel_jump"":""4743a825f1c9cae7e049ac52115f4ecf83350db546c00745a54af187d7bc2e46"",""pyxel_shooter"":""0f53e4156907eac41080a8f289e22c89365b3239517c754cf59a51af201d5563""}",2b41eede35ab69354bb93b3244b734ac3ad184463532a59bd3553f372f242c0b
1,248,formal-v1__profile__mega_wing__gpu_compute__p100__r02,formal-v1,profile,not_applicable,pressure_profile,"[""mega_wing""]",mega_wing,[],,,gpu_compute,1,2,7358260585065794855,20,60,1,20,windows-rtx4060,0,0,grid_2x2,true,82,1f4e3f3ce1069ad1b142225e539ac838483cf248849a3ee4b2d0608dd6f525bd,ed5c9df7f7b1e5686ad552b10abd5d853a23f5b3,data/raw/formal-v1/formal-v1__profile__mega_wing__gpu_compute__p100__r02,"{""mega_wing"":""games/pyxel/apps-src/mega_wing/mega_wing.py""}","{""mega_wing"":""86bad6c02a303806c58137503739241dc6b1e86695f7c0dbf672b5e1a1464e9f""}",3b954354864d8aa9d332c582c28f94b1db71f4434fea3d4d9b69e83e661f2f2e
1,249,formal-v1__profile__pyxel_snake__memory_bandwidth__p075__r01,formal-v1,profile,not_applicable,pressure_profile,"[""pyxel_snake""]",pyxel_snake,[],,,memory_bandwidth,0.75,1,7094114291409562001,20,60,1,20,windows-rtx4060,0,0,grid_2x2,true,82,1f4e3f3ce1069ad1b142225e539ac838483cf248849a3ee4b2d0608dd6f525bd,ed5c9df7f7b1e5686ad552b10abd5d853a23f5b3,data/raw/formal-v1/formal-v1__profile__pyxel_snake__memory_bandwidth__p075__r01,"{""pyxel_snake"":""games/pyxel/07_snake.py""}","{""pyxel_snake"":""bc533fef92d1d358e570f69d979919fe5c1cd8c4da49841104b49a1e661a5ac3""}",ad546e18ac5dfae6e8207adef26796d8794f04af005151ed0bce7fea59488cdf
1,250,formal-v1__profile__mega_wing__gpu_memory__p100__r01,formal-v1,profile,not_applicable,pressure_profile,"[""mega_wing""]",mega_wing,[],,,gpu_memory,1,1,387244886282678473,20,60,1,20,windows-rtx4060,0,0,grid_2x2,true,82,1f4e3f3ce1069ad1b142225e539ac838483cf248849a3ee4b2d0608dd6f525bd,ed5c9df7f7b1e5686ad552b10abd5d853a23f5b3,data/raw/formal-v1/formal-v1__profile__mega_wing__gpu_memory__p100__r01,"{""mega_wing"":""games/pyxel/apps-src/mega_wing/mega_wing.py""}","{""mega_wing"":""86bad6c02a303806c58137503739241dc6b1e86695f7c0dbf672b5e1a1464e9f""}",63e9206a1620e245cd95ef286475de84b97e5725fe5d752f9b22dfda5f8fdd36
1,251,formal-v1__profile__mega_wing__memory_bandwidth__p025__r02,formal-v1,profile,not_applicable,pressure_profile,"[""mega_wing""]",mega_wing,[],,,memory_bandwidth,0.25,2,8650441938824622028,20,60,1,20,windows-rtx4060,0,0,grid_2x2,true,82,1f4e3f3ce1069ad1b142225e539ac838483cf248849a3ee4b2d0608dd6f525bd,ed5c9df7f7b1e5686ad552b10abd5d853a23f5b3,data/raw/formal-v1/formal-v1__profile__mega_wing__memory_bandwidth__p025__r02,"{""mega_wing"":""games/pyxel/apps-src/mega_wing/mega_wing.py""}","{""mega_wing"":""86bad6c02a303806c58137503739241dc6b1e86695f7c0dbf672b5e1a1464e9f""}",ad50085a36af4e3f3ab00e9bdc0f273d7412b639e2cd391f783bbfe35ad1b765
1,252,formal-v1__profile__mega_wing__gpu_compute__p025__r02,formal-v1,profile,not_applicable,pressure_profile,"[""mega_wing""]",mega_wing,[],,,gpu_compute,0.25,2,4840432919940231483,20,60,1,20,windows-rtx4060,0,0,grid_2x2,true,82,1f4e3f3ce1069ad1b142225e539ac838483cf248849a3ee4b2d0608dd6f525bd,ed5c9df7f7b1e5686ad552b10abd5d853a23f5b3,data/raw/formal-v1/formal-v1__profile__mega_wing__gpu_compute__p025__r02,"{""mega_wing"":""games/pyxel/apps-src/mega_wing/mega_wing.py""}","{""mega_wing"":""86bad6c02a303806c58137503739241dc6b1e86695f7c0dbf672b5e1a1464e9f""}",39d9e4dc443e97d46e075e55c9b750a46be8bcea90c64e4e65d1306fb1d62f85
1,253,formal-v1__solo__pyxel_snake__r02,formal-v1,solo,not_applicable,solo,"[""pyxel_snake""]",pyxel_snake,[],,,,,2,11464821163851428927,20,60,1,20,windows-rtx4060,0,0,grid_2x2,true,82,1f4e3f3ce1069ad1b142225e539ac838483cf248849a3ee4b2d0608dd6f525bd,ed5c9df7f7b1e5686ad552b10abd5d853a23f5b3,data/raw/formal-v1/formal-v1__solo__pyxel_snake__r02,"{""pyxel_snake"":""games/pyxel/07_snake.py""}","{""pyxel_snake"":""bc533fef92d1d358e570f69d979919fe5c1cd8c4da49841104b49a1e661a5ac3""}",9f9d77dcaf6c213ae4434fca14d6872d067e71cb8a163c4018834f94df3b587f
1,254,formal-v1__solo__pyxel_jump__r03,formal-v1,solo,not_applicable,solo,"[""pyxel_jump""]",pyxel_jump,[],,,,,3,796735531785357142,20,60,1,20,windows-rtx4060,0,0,grid_2x2,true,82,1f4e3f3ce1069ad1b142225e539ac838483cf248849a3ee4b2d0608dd6f525bd,ed5c9df7f7b1e5686ad552b10abd5d853a23f5b3,data/raw/formal-v1/formal-v1__solo__pyxel_jump__r03,"{""pyxel_jump"":""games/pyxel/02_jump_game.py""}","{""pyxel_jump"":""4743a825f1c9cae7e049ac52115f4ecf83350db546c00745a54af187d7bc2e46""}",22370ea251b719b3c821e788a11c9eb77b974bffa3cd93cc609be2393834ffec
1,255,formal-v1__profile__pyxel_bubbles__cpu_compute__p000__r03,formal-v1,profile,not_applicable,pressure_profile,"[""pyxel_bubbles""]",pyxel_bubbles,[],,,cpu_compute,0,3,1641150706676410786,20,60,1,20,windows-rtx4060,0,0,grid_2x2,true,82,1f4e3f3ce1069ad1b142225e539ac838483cf248849a3ee4b2d0608dd6f525bd,ed5c9df7f7b1e5686ad552b10abd5d853a23f5b3,data/raw/formal-v1/formal-v1__profile__pyxel_bubbles__cpu_compute__p000__r03,"{""pyxel_bubbles"":""games/pyxel/06_click_game.py""}","{""pyxel_bubbles"":""54c101e90bdaed839ac4c4284494530d5df37a5819a35f1e41eebb0b3da5d900""}",ad3094903227dd6e6961855b2aaf29df46ce240fb66337b85cc71c8579b9ccb1
1,256,formal-v1__profile__pyxel_bubbles__gpu_memory__p050__r01,formal-v1,profile,not_applicable,pressure_profile,"[""pyxel_bubbles""]",pyxel_bubbles,[],,,gpu_memory,0.5,1,8149412449238893867,20,60,1,20,windows-rtx4060,0,0,grid_2x2,true,82,1f4e3f3ce1069ad1b142225e539ac838483cf248849a3ee4b2d0608dd6f525bd,ed5c9df7f7b1e5686ad552b10abd5d853a23f5b3,data/raw/formal-v1/formal-v1__profile__pyxel_bubbles__gpu_memory__p050__r01,"{""pyxel_bubbles"":""games/pyxel/06_click_game.py""}","{""pyxel_bubbles"":""54c101e90bdaed839ac4c4284494530d5df37a5819a35f1e41eebb0b3da5d900""}",990dd4fac6b2fcd07327e5f60f732d491526ffd1e1ea25160945863f9b16df73
1,257,formal-v1__profile__pyxel_shooter__gpu_memory__p025__r01,formal-v1,profile,not_applicable,pressure_profile,"[""pyxel_shooter""]",pyxel_shooter,[],,,gpu_memory,0.25,1,4091941439442868672,20,60,1,20,windows-rtx4060,0,0,grid_2x2,true,82,1f4e3f3ce1069ad1b142225e539ac838483cf248849a3ee4b2d0608dd6f525bd,ed5c9df7f7b1e5686ad552b10abd5d853a23f5b3,data/raw/formal-v1/formal-v1__profile__pyxel_shooter__gpu_memory__p025__r01,"{""pyxel_shooter"":""games/pyxel/09_shooter.py""}","{""pyxel_shooter"":""0f53e4156907eac41080a8f289e22c89365b3239517c754cf59a51af201d5563""}",889360a7fd81b8755c6da5255ed78d54f8503379cc142781675381df82fa4469
1,258,formal-v1__profile__pyxel_snake__memory_bandwidth__p025__r03,formal-v1,profile,not_applicable,pressure_profile,"[""pyxel_snake""]",pyxel_snake,[],,,memory_bandwidth,0.25,3,1918439723937799694,20,60,1,20,windows-rtx4060,0,0,grid_2x2,true,82,1f4e3f3ce1069ad1b142225e539ac838483cf248849a3ee4b2d0608dd6f525bd,ed5c9df7f7b1e5686ad552b10abd5d853a23f5b3,data/raw/formal-v1/formal-v1__profile__pyxel_snake__memory_bandwidth__p025__r03,"{""pyxel_snake"":""games/pyxel/07_snake.py""}","{""pyxel_snake"":""bc533fef92d1d358e570f69d979919fe5c1cd8c4da49841104b49a1e661a5ac3""}",861c43df6b4f657791c30dd0bc96954af3f11f4e172e7b4b6b04e20777023a21
1,259,formal-v1__profile__pyxel_bubbles__gpu_memory__p025__r03,formal-v1,profile,not_applicable,pressure_profile,"[""pyxel_bubbles""]",pyxel_bubbles,[],,,gpu_memory,0.25,3,11477786045026242425,20,60,1,20,windows-rtx4060,0,0,grid_2x2,true,82,1f4e3f3ce1069ad1b142225e539ac838483cf248849a3ee4b2d0608dd6f525bd,ed5c9df7f7b1e5686ad552b10abd5d853a23f5b3,data/raw/formal-v1/formal-v1__profile__pyxel_bubbles__gpu_memory__p025__r03,"{""pyxel_bubbles"":""games/pyxel/06_click_game.py""}","{""pyxel_bubbles"":""54c101e90bdaed839ac4c4284494530d5df37a5819a35f1e41eebb0b3da5d900""}",9dbb9e79ec19a3f63fdf563a88c565cd37414e299b8f64faf183ff75a2349e8b
1,260,formal-v1__extra__mega_wing+pyxel_jump+pyxel_platformer+pyxel_snake__r03,formal-v1,colocation-extra-test,extra_test,extra_test,"[""mega_wing"",""pyxel_jump"",""pyxel_platformer"",""pyxel_snake""]",mega_wing,"[""pyxel_jump"",""pyxel_platformer"",""pyxel_snake""]",mega_wing+pyxel_jump+pyxel_platformer+pyxel_snake,mega_wing+pyxel_jump+pyxel_platformer+pyxel_snake__r03,,,3,13832200803943975500,20,60,1,20,windows-rtx4060,0,0,grid_2x2,true,82,1f4e3f3ce1069ad1b142225e539ac838483cf248849a3ee4b2d0608dd6f525bd,ed5c9df7f7b1e5686ad552b10abd5d853a23f5b3,data/raw/formal-v1/formal-v1__extra__mega_wing+pyxel_jump+pyxel_platformer+pyxel_snake__r03,"{""mega_wing"":""games/pyxel/apps-src/mega_wing/mega_wing.py"",""pyxel_jump"":""games/pyxel/02_jump_game.py"",""pyxel_platformer"":""games/pyxel/10_platformer.py"",""pyxel_snake"":""games/pyxel/07_snake.py""}","{""mega_wing"":""86bad6c02a303806c58137503739241dc6b1e86695f7c0dbf672b5e1a1464e9f"",""pyxel_jump"":""4743a825f1c9cae7e049ac52115f4ecf83350db546c00745a54af187d7bc2e46"",""pyxel_platformer"":""1b2c75b49dc9ab0254fb4b724682a4787868814a38d2f08920720dc5b6007ac5"",""pyxel_snake"":""bc533fef92d1d358e570f69d979919fe5c1cd8c4da49841104b49a1e661a5ac3""}",8d1b18fcdcbc85e2934effcc85258b497a6770701ed7df924cbc3c5bd3eaf1d2
1,261,formal-v1__colocation__mega_wing+pyxel_snake+space_rescue__r01,formal-v1,colocation-main,train,colocation,"[""mega_wing"",""pyxel_snake"",""space_rescue""]",mega_wing,"[""pyxel_snake"",""space_rescue""]",mega_wing+pyxel_snake+space_rescue,mega_wing+pyxel_snake+space_rescue__r01,,,1,2211813992741978679,20,60,1,20,windows-rtx4060,0,0,grid_2x2,true,82,1f4e3f3ce1069ad1b142225e539ac838483cf248849a3ee4b2d0608dd6f525bd,ed5c9df7f7b1e5686ad552b10abd5d853a23f5b3,data/raw/formal-v1/formal-v1__colocation__mega_wing+pyxel_snake+space_rescue__r01,"{""mega_wing"":""games/pyxel/apps-src/mega_wing/mega_wing.py"",""pyxel_snake"":""games/pyxel/07_snake.py"",""space_rescue"":""games/pyxel/apps-src/space_rescue/space_rescue.py""}","{""mega_wing"":""86bad6c02a303806c58137503739241dc6b1e86695f7c0dbf672b5e1a1464e9f"",""pyxel_snake"":""bc533fef92d1d358e570f69d979919fe5c1cd8c4da49841104b49a1e661a5ac3"",""space_rescue"":""f3b0ab6784ae558e64f06a3f0a704e53f107a130aa3d43357659d0850131e461""}",b87ba3544920da0397b06fdc7d32f0f0e139921e15f8e278dae0b7dabeea1589
1,262,formal-v1__profile__pyxel_shooter__cpu_compute__p050__r02,formal-v1,profile,not_applicable,pressure_profile,"[""pyxel_shooter""]",pyxel_shooter,[],,,cpu_compute,0.5,2,5870398365522407540,20,60,1,20,windows-rtx4060,0,0,grid_2x2,true,82,1f4e3f3ce1069ad1b142225e539ac838483cf248849a3ee4b2d0608dd6f525bd,ed5c9df7f7b1e5686ad552b10abd5d853a23f5b3,data/raw/formal-v1/formal-v1__profile__pyxel_shooter__cpu_compute__p050__r02,"{""pyxel_shooter"":""games/pyxel/09_shooter.py""}","{""pyxel_shooter"":""0f53e4156907eac41080a8f289e22c89365b3239517c754cf59a51af201d5563""}",fc2198eff2bdbc4b114b423d4a48aa5ee6f4a89ebf30603980dfa5356b862080
1,263,formal-v1__profile__pyxel_platformer__memory_bandwidth__p100__r02,formal-v1,profile,not_applicable,pressure_profile,"[""pyxel_platformer""]",pyxel_platformer,[],,,memory_bandwidth,1,2,5442683325064413520,20,60,1,20,windows-rtx4060,0,0,grid_2x2,true,82,1f4e3f3ce1069ad1b142225e539ac838483cf248849a3ee4b2d0608dd6f525bd,ed5c9df7f7b1e5686ad552b10abd5d853a23f5b3,data/raw/formal-v1/formal-v1__profile__pyxel_platformer__memory_bandwidth__p100__r02,"{""pyxel_platformer"":""games/pyxel/10_platformer.py""}","{""pyxel_platformer"":""1b2c75b49dc9ab0254fb4b724682a4787868814a38d2f08920720dc5b6007ac5""}",9558e7c601759ce99b911e96351757ed4fca087ea0382ccc9e2da409f6700ccb
1,264,formal-v1__profile__mega_wing__gpu_compute__p075__r03,formal-v1,profile,not_applicable,pressure_profile,"[""mega_wing""]",mega_wing,[],,,gpu_compute,0.75,3,2671436739460950027,20,60,1,20,windows-rtx4060,0,0,grid_2x2,true,82,1f4e3f3ce1069ad1b142225e539ac838483cf248849a3ee4b2d0608dd6f525bd,ed5c9df7f7b1e5686ad552b10abd5d853a23f5b3,data/raw/formal-v1/formal-v1__profile__mega_wing__gpu_compute__p075__r03,"{""mega_wing"":""games/pyxel/apps-src/mega_wing/mega_wing.py""}","{""mega_wing"":""86bad6c02a303806c58137503739241dc6b1e86695f7c0dbf672b5e1a1464e9f""}",55ff230dde81148f1b8dbec1dc67a54a15426d58048d8c8ae4bc53acad5da58f
1,265,formal-v1__profile__pyxel_platformer__gpu_compute__p050__r02,formal-v1,profile,not_applicable,pressure_profile,"[""pyxel_platformer""]",pyxel_platformer,[],,,gpu_compute,0.5,2,6515300256652268807,20,60,1,20,windows-rtx4060,0,0,grid_2x2,true,82,1f4e3f3ce1069ad1b142225e539ac838483cf248849a3ee4b2d0608dd6f525bd,ed5c9df7f7b1e5686ad552b10abd5d853a23f5b3,data/raw/formal-v1/formal-v1__profile__pyxel_platformer__gpu_compute__p050__r02,"{""pyxel_platformer"":""games/pyxel/10_platformer.py""}","{""pyxel_platformer"":""1b2c75b49dc9ab0254fb4b724682a4787868814a38d2f08920720dc5b6007ac5""}",1adcb9d809600cd327ef7fdd395107d43e7a3b69bff955c2ae79e1117da2ad71
1,266,formal-v1__profile__daylight__memory_bandwidth__p025__r01,formal-v1,profile,not_applicable,pressure_profile,"[""daylight""]",daylight,[],,,memory_bandwidth,0.25,1,7747888158563655536,20,60,1,20,windows-rtx4060,0,0,grid_2x2,true,82,1f4e3f3ce1069ad1b142225e539ac838483cf248849a3ee4b2d0608dd6f525bd,ed5c9df7f7b1e5686ad552b10abd5d853a23f5b3,data/raw/formal-v1/formal-v1__profile__daylight__memory_bandwidth__p025__r01,"{""daylight"":""games/pyxel/apps-src/30SecondsOfDaylight/src/main.py""}","{""daylight"":""21a365375249e9d7ea05e78dcfe040f09cc1f0c66bd410bae084190c743a028f""}",a4dfd7929207bfab10746656831d17d723f7c2b7baabce8f76d82c29d711706f
1,267,formal-v1__solo__pyxel_platformer__r01,formal-v1,solo,not_applicable,solo,"[""pyxel_platformer""]",pyxel_platformer,[],,,,,1,7297784855627931527,20,60,1,20,windows-rtx4060,0,0,grid_2x2,true,82,1f4e3f3ce1069ad1b142225e539ac838483cf248849a3ee4b2d0608dd6f525bd,ed5c9df7f7b1e5686ad552b10abd5d853a23f5b3,data/raw/formal-v1/formal-v1__solo__pyxel_platformer__r01,"{""pyxel_platformer"":""games/pyxel/10_platformer.py""}","{""pyxel_platformer"":""1b2c75b49dc9ab0254fb4b724682a4787868814a38d2f08920720dc5b6007ac5""}",71518cecd82f04d72984b889ac2e048e1a3d1f1bf7c4323d24b480cb9fab0536
1,268,formal-v1__profile__pyxel_platformer__cpu_compute__p050__r03,formal-v1,profile,not_applicable,pressure_profile,"[""pyxel_platformer""]",pyxel_platformer,[],,,cpu_compute,0.5,3,6501657283848366909,20,60,1,20,windows-rtx4060,0,0,grid_2x2,true,82,1f4e3f3ce1069ad1b142225e539ac838483cf248849a3ee4b2d0608dd6f525bd,ed5c9df7f7b1e5686ad552b10abd5d853a23f5b3,data/raw/formal-v1/formal-v1__profile__pyxel_platformer__cpu_compute__p050__r03,"{""pyxel_platformer"":""games/pyxel/10_platformer.py""}","{""pyxel_platformer"":""1b2c75b49dc9ab0254fb4b724682a4787868814a38d2f08920720dc5b6007ac5""}",2221fa2b1551de8f3da6b3419377586296c6046a4cafaf434f4f35a82985c696
1,269,formal-v1__profile__pyxel_shooter__gpu_memory__p075__r02,formal-v1,profile,not_applicable,pressure_profile,"[""pyxel_shooter""]",pyxel_shooter,[],,,gpu_memory,0.75,2,6772415803742537827,20,60,1,20,windows-rtx4060,0,0,grid_2x2,true,82,1f4e3f3ce1069ad1b142225e539ac838483cf248849a3ee4b2d0608dd6f525bd,ed5c9df7f7b1e5686ad552b10abd5d853a23f5b3,data/raw/formal-v1/formal-v1__profile__pyxel_shooter__gpu_memory__p075__r02,"{""pyxel_shooter"":""games/pyxel/09_shooter.py""}","{""pyxel_shooter"":""0f53e4156907eac41080a8f289e22c89365b3239517c754cf59a51af201d5563""}",59087e45f3905e0aaa92ea3289912497a6d3867ce9eaab9741031d8366e56796
1,270,formal-v1__profile__pyxel_platformer__cpu_compute__p025__r02,formal-v1,profile,not_applicable,pressure_profile,"[""pyxel_platformer""]",pyxel_platformer,[],,,cpu_compute,0.25,2,3526225747872201171,20,60,1,20,windows-rtx4060,0,0,grid_2x2,true,82,1f4e3f3ce1069ad1b142225e539ac838483cf248849a3ee4b2d0608dd6f525bd,ed5c9df7f7b1e5686ad552b10abd5d853a23f5b3,data/raw/formal-v1/formal-v1__profile__pyxel_platformer__cpu_compute__p025__r02,"{""pyxel_platformer"":""games/pyxel/10_platformer.py""}","{""pyxel_platformer"":""1b2c75b49dc9ab0254fb4b724682a4787868814a38d2f08920720dc5b6007ac5""}",2ba99e2dcd597a8b26910075cc63eee87498083fdcca1ffa22156b9fc839c6b4
1,271,formal-v1__colocation__mega_wing+space_rescue__r01,formal-v1,colocation-main,validation,colocation,"[""mega_wing"",""space_rescue""]",mega_wing,"[""space_rescue""]",mega_wing+space_rescue,mega_wing+space_rescue__r01,,,1,10325571706049029634,20,60,1,20,windows-rtx4060,0,0,grid_2x2,true,82,1f4e3f3ce1069ad1b142225e539ac838483cf248849a3ee4b2d0608dd6f525bd,ed5c9df7f7b1e5686ad552b10abd5d853a23f5b3,data/raw/formal-v1/formal-v1__colocation__mega_wing+space_rescue__r01,"{""mega_wing"":""games/pyxel/apps-src/mega_wing/mega_wing.py"",""space_rescue"":""games/pyxel/apps-src/space_rescue/space_rescue.py""}","{""mega_wing"":""86bad6c02a303806c58137503739241dc6b1e86695f7c0dbf672b5e1a1464e9f"",""space_rescue"":""f3b0ab6784ae558e64f06a3f0a704e53f107a130aa3d43357659d0850131e461""}",99047a6775919f3736847f196ca24cd76de27434905e8cb2c5614964550ad591
1,272,formal-v1__profile__mega_wing__gpu_compute__p025__r01,formal-v1,profile,not_applicable,pressure_profile,"[""mega_wing""]",mega_wing,[],,,gpu_compute,0.25,1,10716810241101879638,20,60,1,20,windows-rtx4060,0,0,grid_2x2,true,82,1f4e3f3ce1069ad1b142225e539ac838483cf248849a3ee4b2d0608dd6f525bd,ed5c9df7f7b1e5686ad552b10abd5d853a23f5b3,data/raw/formal-v1/formal-v1__profile__mega_wing__gpu_compute__p025__r01,"{""mega_wing"":""games/pyxel/apps-src/mega_wing/mega_wing.py""}","{""mega_wing"":""86bad6c02a303806c58137503739241dc6b1e86695f7c0dbf672b5e1a1464e9f""}",8b103942f473c600991922b5a0cb9c193ef1a4310623a6caa61a7c6757accaa4
1,273,formal-v1__profile__pyxel_platformer__gpu_compute__p100__r03,formal-v1,profile,not_applicable,pressure_profile,"[""pyxel_platformer""]",pyxel_platformer,[],,,gpu_compute,1,3,12894936110315758230,20,60,1,20,windows-rtx4060,0,0,grid_2x2,true,82,1f4e3f3ce1069ad1b142225e539ac838483cf248849a3ee4b2d0608dd6f525bd,ed5c9df7f7b1e5686ad552b10abd5d853a23f5b3,data/raw/formal-v1/formal-v1__profile__pyxel_platformer__gpu_compute__p100__r03,"{""pyxel_platformer"":""games/pyxel/10_platformer.py""}","{""pyxel_platformer"":""1b2c75b49dc9ab0254fb4b724682a4787868814a38d2f08920720dc5b6007ac5""}",dcc80a74b12d58030d8da5abab6351c95bdbc33a65d2476492329c638ededcb2
1,274,formal-v1__profile__pyxel_snake__memory_bandwidth__p100__r01,formal-v1,profile,not_applicable,pressure_profile,"[""pyxel_snake""]",pyxel_snake,[],,,memory_bandwidth,1,1,8100797593952122667,20,60,1,20,windows-rtx4060,0,0,grid_2x2,true,82,1f4e3f3ce1069ad1b142225e539ac838483cf248849a3ee4b2d0608dd6f525bd,ed5c9df7f7b1e5686ad552b10abd5d853a23f5b3,data/raw/formal-v1/formal-v1__profile__pyxel_snake__memory_bandwidth__p100__r01,"{""pyxel_snake"":""games/pyxel/07_snake.py""}","{""pyxel_snake"":""bc533fef92d1d358e570f69d979919fe5c1cd8c4da49841104b49a1e661a5ac3""}",34358a48c013e3f4405db07d01066b475ba6a83f11ad76d8b32733e36bd0410a
1,275,formal-v1__colocation__mega_wing+pyxel_jump__r01,formal-v1,colocation-main,test,colocation,"[""mega_wing"",""pyxel_jump""]",mega_wing,"[""pyxel_jump""]",mega_wing+pyxel_jump,mega_wing+pyxel_jump__r01,,,1,10951231338318609641,20,60,1,20,windows-rtx4060,0,0,grid_2x2,true,82,1f4e3f3ce1069ad1b142225e539ac838483cf248849a3ee4b2d0608dd6f525bd,ed5c9df7f7b1e5686ad552b10abd5d853a23f5b3,data/raw/formal-v1/formal-v1__colocation__mega_wing+pyxel_jump__r01,"{""mega_wing"":""games/pyxel/apps-src/mega_wing/mega_wing.py"",""pyxel_jump"":""games/pyxel/02_jump_game.py""}","{""mega_wing"":""86bad6c02a303806c58137503739241dc6b1e86695f7c0dbf672b5e1a1464e9f"",""pyxel_jump"":""4743a825f1c9cae7e049ac52115f4ecf83350db546c00745a54af187d7bc2e46""}",8e8d2a11210bc6e9e3a0bd285c0f986003eea96c849e91530b5299910c864da7
1,276,formal-v1__profile__space_rescue__memory_bandwidth__p050__r03,formal-v1,profile,not_applicable,pressure_profile,"[""space_rescue""]",space_rescue,[],,,memory_bandwidth,0.5,3,13990568347591883506,20,60,1,20,windows-rtx4060,0,0,grid_2x2,true,82,1f4e3f3ce1069ad1b142225e539ac838483cf248849a3ee4b2d0608dd6f525bd,ed5c9df7f7b1e5686ad552b10abd5d853a23f5b3,data/raw/formal-v1/formal-v1__profile__space_rescue__memory_bandwidth__p050__r03,"{""space_rescue"":""games/pyxel/apps-src/space_rescue/space_rescue.py""}","{""space_rescue"":""f3b0ab6784ae558e64f06a3f0a704e53f107a130aa3d43357659d0850131e461""}",1bf6ba40a88508c36e0ddde606b03173ebd008ee1f8f271330b8c1bd121e0629
1,277,formal-v1__profile__pyxel_jump__gpu_compute__p050__r03,formal-v1,profile,not_applicable,pressure_profile,"[""pyxel_jump""]",pyxel_jump,[],,,gpu_compute,0.5,3,15791422067870909130,20,60,1,20,windows-rtx4060,0,0,grid_2x2,true,82,1f4e3f3ce1069ad1b142225e539ac838483cf248849a3ee4b2d0608dd6f525bd,ed5c9df7f7b1e5686ad552b10abd5d853a23f5b3,data/raw/formal-v1/formal-v1__profile__pyxel_jump__gpu_compute__p050__r03,"{""pyxel_jump"":""games/pyxel/02_jump_game.py""}","{""pyxel_jump"":""4743a825f1c9cae7e049ac52115f4ecf83350db546c00745a54af187d7bc2e46""}",e5329df59dc2449f02c44ec6e57f9b330f0dfd7117e00797423a61c314ed880f
1,278,formal-v1__colocation__pyxel_platformer+pyxel_snake__r01,formal-v1,colocation-main,test,colocation,"[""pyxel_platformer"",""pyxel_snake""]",pyxel_platformer,"[""pyxel_snake""]",pyxel_platformer+pyxel_snake,pyxel_platformer+pyxel_snake__r01,,,1,1696166496034655509,20,60,1,20,windows-rtx4060,0,0,grid_2x2,true,82,1f4e3f3ce1069ad1b142225e539ac838483cf248849a3ee4b2d0608dd6f525bd,ed5c9df7f7b1e5686ad552b10abd5d853a23f5b3,data/raw/formal-v1/formal-v1__colocation__pyxel_platformer+pyxel_snake__r01,"{""pyxel_platformer"":""games/pyxel/10_platformer.py"",""pyxel_snake"":""games/pyxel/07_snake.py""}","{""pyxel_platformer"":""1b2c75b49dc9ab0254fb4b724682a4787868814a38d2f08920720dc5b6007ac5"",""pyxel_snake"":""bc533fef92d1d358e570f69d979919fe5c1cd8c4da49841104b49a1e661a5ac3""}",a1df593bbd1d9625001e3399389a67908096c8b0a3792abb37578503fd3449dc
1,279,formal-v1__profile__pyxel_jump__memory_bandwidth__p000__r01,formal-v1,profile,not_applicable,pressure_profile,"[""pyxel_jump""]",pyxel_jump,[],,,memory_bandwidth,0,1,7034806655224282433,20,60,1,20,windows-rtx4060,0,0,grid_2x2,true,82,1f4e3f3ce1069ad1b142225e539ac838483cf248849a3ee4b2d0608dd6f525bd,ed5c9df7f7b1e5686ad552b10abd5d853a23f5b3,data/raw/formal-v1/formal-v1__profile__pyxel_jump__memory_bandwidth__p000__r01,"{""pyxel_jump"":""games/pyxel/02_jump_game.py""}","{""pyxel_jump"":""4743a825f1c9cae7e049ac52115f4ecf83350db546c00745a54af187d7bc2e46""}",af61197ae380924835b815fc63b80a1d73cbd5149bf3f0bcb1aa43986b8b879a
1,280,formal-v1__colocation__pyxel_platformer+pyxel_shooter+space_rescue__r01,formal-v1,colocation-main,validation,colocation,"[""pyxel_platformer"",""pyxel_shooter"",""space_rescue""]",pyxel_platformer,"[""pyxel_shooter"",""space_rescue""]",pyxel_platformer+pyxel_shooter+space_rescue,pyxel_platformer+pyxel_shooter+space_rescue__r01,,,1,530035123137566220,20,60,1,20,windows-rtx4060,0,0,grid_2x2,true,82,1f4e3f3ce1069ad1b142225e539ac838483cf248849a3ee4b2d0608dd6f525bd,ed5c9df7f7b1e5686ad552b10abd5d853a23f5b3,data/raw/formal-v1/formal-v1__colocation__pyxel_platformer+pyxel_shooter+space_rescue__r01,"{""pyxel_platformer"":""games/pyxel/10_platformer.py"",""pyxel_shooter"":""games/pyxel/09_shooter.py"",""space_rescue"":""games/pyxel/apps-src/space_rescue/space_rescue.py""}","{""pyxel_platformer"":""1b2c75b49dc9ab0254fb4b724682a4787868814a38d2f08920720dc5b6007ac5"",""pyxel_shooter"":""0f53e4156907eac41080a8f289e22c89365b3239517c754cf59a51af201d5563"",""space_rescue"":""f3b0ab6784ae558e64f06a3f0a704e53f107a130aa3d43357659d0850131e461""}",021c69f7f802ec4d59b4d1652d6f6ce3a00c71caaf41ee0c4282c12358678b37
1,281,formal-v1__profile__pyxel_snake__gpu_compute__p050__r03,formal-v1,profile,not_applicable,pressure_profile,"[""pyxel_snake""]",pyxel_snake,[],,,gpu_compute,0.5,3,12378868439774008811,20,60,1,20,windows-rtx4060,0,0,grid_2x2,true,82,1f4e3f3ce1069ad1b142225e539ac838483cf248849a3ee4b2d0608dd6f525bd,ed5c9df7f7b1e5686ad552b10abd5d853a23f5b3,data/raw/formal-v1/formal-v1__profile__pyxel_snake__gpu_compute__p050__r03,"{""pyxel_snake"":""games/pyxel/07_snake.py""}","{""pyxel_snake"":""bc533fef92d1d358e570f69d979919fe5c1cd8c4da49841104b49a1e661a5ac3""}",a4b3fd23d06013a38b7054859c98ff472af190be231a19dd83e6f9b33c111c1c
1,282,formal-v1__profile__space_rescue__memory_bandwidth__p100__r01,formal-v1,profile,not_applicable,pressure_profile,"[""space_rescue""]",space_rescue,[],,,memory_bandwidth,1,1,11811356062193943186,20,60,1,20,windows-rtx4060,0,0,grid_2x2,true,82,1f4e3f3ce1069ad1b142225e539ac838483cf248849a3ee4b2d0608dd6f525bd,ed5c9df7f7b1e5686ad552b10abd5d853a23f5b3,data/raw/formal-v1/formal-v1__profile__space_rescue__memory_bandwidth__p100__r01,"{""space_rescue"":""games/pyxel/apps-src/space_rescue/space_rescue.py""}","{""space_rescue"":""f3b0ab6784ae558e64f06a3f0a704e53f107a130aa3d43357659d0850131e461""}",d4e1bbe24bb7bb6e2a4c35157f2fa6e18f27349a5f3044460e95055f750f2908
1,283,formal-v1__profile__space_rescue__memory_bandwidth__p000__r03,formal-v1,profile,not_applicable,pressure_profile,"[""space_rescue""]",space_rescue,[],,,memory_bandwidth,0,3,16680801273799023032,20,60,1,20,windows-rtx4060,0,0,grid_2x2,true,82,1f4e3f3ce1069ad1b142225e539ac838483cf248849a3ee4b2d0608dd6f525bd,ed5c9df7f7b1e5686ad552b10abd5d853a23f5b3,data/raw/formal-v1/formal-v1__profile__space_rescue__memory_bandwidth__p000__r03,"{""space_rescue"":""games/pyxel/apps-src/space_rescue/space_rescue.py""}","{""space_rescue"":""f3b0ab6784ae558e64f06a3f0a704e53f107a130aa3d43357659d0850131e461""}",ccfc2f88ff8c210246481e1ce24eb7d9dbdb7a082b56152d4267455795d9fe08
1,284,formal-v1__colocation__pyxel_bubbles+pyxel_platformer__r01,formal-v1,colocation-main,train,colocation,"[""pyxel_bubbles"",""pyxel_platformer""]",pyxel_bubbles,"[""pyxel_platformer""]",pyxel_bubbles+pyxel_platformer,pyxel_bubbles+pyxel_platformer__r01,,,1,15902120588225086509,20,60,1,20,windows-rtx4060,0,0,grid_2x2,true,82,1f4e3f3ce1069ad1b142225e539ac838483cf248849a3ee4b2d0608dd6f525bd,ed5c9df7f7b1e5686ad552b10abd5d853a23f5b3,data/raw/formal-v1/formal-v1__colocation__pyxel_bubbles+pyxel_platformer__r01,"{""pyxel_bubbles"":""games/pyxel/06_click_game.py"",""pyxel_platformer"":""games/pyxel/10_platformer.py""}","{""pyxel_bubbles"":""54c101e90bdaed839ac4c4284494530d5df37a5819a35f1e41eebb0b3da5d900"",""pyxel_platformer"":""1b2c75b49dc9ab0254fb4b724682a4787868814a38d2f08920720dc5b6007ac5""}",223e2fcc17e40702bd66346472dac13b989c57afc0a47661929bb2c19375f11c
1,285,formal-v1__colocation__pyxel_platformer+pyxel_shooter__r02,formal-v1,colocation-main,train,colocation,"[""pyxel_platformer"",""pyxel_shooter""]",pyxel_platformer,"[""pyxel_shooter""]",pyxel_platformer+pyxel_shooter,pyxel_platformer+pyxel_shooter__r02,,,2,13951401537072748805,20,60,1,20,windows-rtx4060,0,0,grid_2x2,true,82,1f4e3f3ce1069ad1b142225e539ac838483cf248849a3ee4b2d0608dd6f525bd,ed5c9df7f7b1e5686ad552b10abd5d853a23f5b3,data/raw/formal-v1/formal-v1__colocation__pyxel_platformer+pyxel_shooter__r02,"{""pyxel_platformer"":""games/pyxel/10_platformer.py"",""pyxel_shooter"":""games/pyxel/09_shooter.py""}","{""pyxel_platformer"":""1b2c75b49dc9ab0254fb4b724682a4787868814a38d2f08920720dc5b6007ac5"",""pyxel_shooter"":""0f53e4156907eac41080a8f289e22c89365b3239517c754cf59a51af201d5563""}",7ba9ae3dd61557e501de32343af2e0741e65e09ad32188938631fabd953cef88
1,286,formal-v1__profile__space_rescue__memory_bandwidth__p100__r02,formal-v1,profile,not_applicable,pressure_profile,"[""space_rescue""]",space_rescue,[],,,memory_bandwidth,1,2,8176713336419449962,20,60,1,20,windows-rtx4060,0,0,grid_2x2,true,82,1f4e3f3ce1069ad1b142225e539ac838483cf248849a3ee4b2d0608dd6f525bd,ed5c9df7f7b1e5686ad552b10abd5d853a23f5b3,data/raw/formal-v1/formal-v1__profile__space_rescue__memory_bandwidth__p100__r02,"{""space_rescue"":""games/pyxel/apps-src/space_rescue/space_rescue.py""}","{""space_rescue"":""f3b0ab6784ae558e64f06a3f0a704e53f107a130aa3d43357659d0850131e461""}",576774201ec20da3763ae439eacc9e4257496e28c4d8234624d7b2259f7f70f2
1,287,formal-v1__profile__daylight__gpu_compute__p100__r03,formal-v1,profile,not_applicable,pressure_profile,"[""daylight""]",daylight,[],,,gpu_compute,1,3,17498737074879204457,20,60,1,20,windows-rtx4060,0,0,grid_2x2,true,82,1f4e3f3ce1069ad1b142225e539ac838483cf248849a3ee4b2d0608dd6f525bd,ed5c9df7f7b1e5686ad552b10abd5d853a23f5b3,data/raw/formal-v1/formal-v1__profile__daylight__gpu_compute__p100__r03,"{""daylight"":""games/pyxel/apps-src/30SecondsOfDaylight/src/main.py""}","{""daylight"":""21a365375249e9d7ea05e78dcfe040f09cc1f0c66bd410bae084190c743a028f""}",0e1a4a8f5e9c501c4c35d3b69cc9e46514954be8b25332e83258fc0c657aa431
1,288,formal-v1__profile__space_rescue__gpu_compute__p050__r02,formal-v1,profile,not_applicable,pressure_profile,"[""space_rescue""]",space_rescue,[],,,gpu_compute,0.5,2,2831905124637667923,20,60,1,20,windows-rtx4060,0,0,grid_2x2,true,82,1f4e3f3ce1069ad1b142225e539ac838483cf248849a3ee4b2d0608dd6f525bd,ed5c9df7f7b1e5686ad552b10abd5d853a23f5b3,data/raw/formal-v1/formal-v1__profile__space_rescue__gpu_compute__p050__r02,"{""space_rescue"":""games/pyxel/apps-src/space_rescue/space_rescue.py""}","{""space_rescue"":""f3b0ab6784ae558e64f06a3f0a704e53f107a130aa3d43357659d0850131e461""}",792cd40feb4ca096eb6d7c32e4a5ca97e3e797d1bdc27becabb92f8a3f9cc1f3
1,289,formal-v1__colocation__mega_wing+pyxel_bubbles+space_rescue__r03,formal-v1,colocation-main,train,colocation,"[""mega_wing"",""pyxel_bubbles"",""space_rescue""]",mega_wing,"[""pyxel_bubbles"",""space_rescue""]",mega_wing+pyxel_bubbles+space_rescue,mega_wing+pyxel_bubbles+space_rescue__r03,,,3,10978761875731769058,20,60,1,20,windows-rtx4060,0,0,grid_2x2,true,82,1f4e3f3ce1069ad1b142225e539ac838483cf248849a3ee4b2d0608dd6f525bd,ed5c9df7f7b1e5686ad552b10abd5d853a23f5b3,data/raw/formal-v1/formal-v1__colocation__mega_wing+pyxel_bubbles+space_rescue__r03,"{""mega_wing"":""games/pyxel/apps-src/mega_wing/mega_wing.py"",""pyxel_bubbles"":""games/pyxel/06_click_game.py"",""space_rescue"":""games/pyxel/apps-src/space_rescue/space_rescue.py""}","{""mega_wing"":""86bad6c02a303806c58137503739241dc6b1e86695f7c0dbf672b5e1a1464e9f"",""pyxel_bubbles"":""54c101e90bdaed839ac4c4284494530d5df37a5819a35f1e41eebb0b3da5d900"",""space_rescue"":""f3b0ab6784ae558e64f06a3f0a704e53f107a130aa3d43357659d0850131e461""}",422f12b81e64cc491444b5ea93c320acc1e497d34c12e4f9e05c7cd5b0a32051
1,290,formal-v1__profile__pyxel_bubbles__gpu_compute__p000__r02,formal-v1,profile,not_applicable,pressure_profile,"[""pyxel_bubbles""]",pyxel_bubbles,[],,,gpu_compute,0,2,6507576222143920182,20,60,1,20,windows-rtx4060,0,0,grid_2x2,true,82,1f4e3f3ce1069ad1b142225e539ac838483cf248849a3ee4b2d0608dd6f525bd,ed5c9df7f7b1e5686ad552b10abd5d853a23f5b3,data/raw/formal-v1/formal-v1__profile__pyxel_bubbles__gpu_compute__p000__r02,"{""pyxel_bubbles"":""games/pyxel/06_click_game.py""}","{""pyxel_bubbles"":""54c101e90bdaed839ac4c4284494530d5df37a5819a35f1e41eebb0b3da5d900""}",38b820bf22e90952387d02e1391948414a0b4de215663da84c7c41b3c0bbeca6
1,291,formal-v1__profile__space_rescue__memory_bandwidth__p000__r02,formal-v1,profile,not_applicable,pressure_profile,"[""space_rescue""]",space_rescue,[],,,memory_bandwidth,0,2,12283526450698234265,20,60,1,20,windows-rtx4060,0,0,grid_2x2,true,82,1f4e3f3ce1069ad1b142225e539ac838483cf248849a3ee4b2d0608dd6f525bd,ed5c9df7f7b1e5686ad552b10abd5d853a23f5b3,data/raw/formal-v1/formal-v1__profile__space_rescue__memory_bandwidth__p000__r02,"{""space_rescue"":""games/pyxel/apps-src/space_rescue/space_rescue.py""}","{""space_rescue"":""f3b0ab6784ae558e64f06a3f0a704e53f107a130aa3d43357659d0850131e461""}",9c5e9e1a57ca363707c2bc7243f78b05f5e6a36dacddb1b2ef2de027ae02e486
1,292,formal-v1__profile__pyxel_snake__cpu_compute__p050__r03,formal-v1,profile,not_applicable,pressure_profile,"[""pyxel_snake""]",pyxel_snake,[],,,cpu_compute,0.5,3,12974105224448076900,20,60,1,20,windows-rtx4060,0,0,grid_2x2,true,82,1f4e3f3ce1069ad1b142225e539ac838483cf248849a3ee4b2d0608dd6f525bd,ed5c9df7f7b1e5686ad552b10abd5d853a23f5b3,data/raw/formal-v1/formal-v1__profile__pyxel_snake__cpu_compute__p050__r03,"{""pyxel_snake"":""games/pyxel/07_snake.py""}","{""pyxel_snake"":""bc533fef92d1d358e570f69d979919fe5c1cd8c4da49841104b49a1e661a5ac3""}",4dedd892bc4c0cce4f3825f35715b9e425168e23d50d44dda9fe7e460726fc78
1,293,formal-v1__colocation__mega_wing+pyxel_bubbles+pyxel_snake__r01,formal-v1,colocation-main,train,colocation,"[""mega_wing"",""pyxel_bubbles"",""pyxel_snake""]",mega_wing,"[""pyxel_bubbles"",""pyxel_snake""]",mega_wing+pyxel_bubbles+pyxel_snake,mega_wing+pyxel_bubbles+pyxel_snake__r01,,,1,5213251114307413380,20,60,1,20,windows-rtx4060,0,0,grid_2x2,true,82,1f4e3f3ce1069ad1b142225e539ac838483cf248849a3ee4b2d0608dd6f525bd,ed5c9df7f7b1e5686ad552b10abd5d853a23f5b3,data/raw/formal-v1/formal-v1__colocation__mega_wing+pyxel_bubbles+pyxel_snake__r01,"{""mega_wing"":""games/pyxel/apps-src/mega_wing/mega_wing.py"",""pyxel_bubbles"":""games/pyxel/06_click_game.py"",""pyxel_snake"":""games/pyxel/07_snake.py""}","{""mega_wing"":""86bad6c02a303806c58137503739241dc6b1e86695f7c0dbf672b5e1a1464e9f"",""pyxel_bubbles"":""54c101e90bdaed839ac4c4284494530d5df37a5819a35f1e41eebb0b3da5d900"",""pyxel_snake"":""bc533fef92d1d358e570f69d979919fe5c1cd8c4da49841104b49a1e661a5ac3""}",d2b22703c112f5584279054c761382d8217a586a21fed873b730d2851ec45b91
1,294,formal-v1__profile__pyxel_platformer__memory_bandwidth__p050__r02,formal-v1,profile,not_applicable,pressure_profile,"[""pyxel_platformer""]",pyxel_platformer,[],,,memory_bandwidth,0.5,2,16022214708714483823,20,60,1,20,windows-rtx4060,0,0,grid_2x2,true,82,1f4e3f3ce1069ad1b142225e539ac838483cf248849a3ee4b2d0608dd6f525bd,ed5c9df7f7b1e5686ad552b10abd5d853a23f5b3,data/raw/formal-v1/formal-v1__profile__pyxel_platformer__memory_bandwidth__p050__r02,"{""pyxel_platformer"":""games/pyxel/10_platformer.py""}","{""pyxel_platformer"":""1b2c75b49dc9ab0254fb4b724682a4787868814a38d2f08920720dc5b6007ac5""}",252e25a22d33feece975cce807cbd8f4a20ecdc582a017cc32c77d66aa1fcffe
1,295,formal-v1__profile__pyxel_platformer__cpu_compute__p025__r01,formal-v1,profile,not_applicable,pressure_profile,"[""pyxel_platformer""]",pyxel_platformer,[],,,cpu_compute,0.25,1,3921572364177749984,20,60,1,20,windows-rtx4060,0,0,grid_2x2,true,82,1f4e3f3ce1069ad1b142225e539ac838483cf248849a3ee4b2d0608dd6f525bd,ed5c9df7f7b1e5686ad552b10abd5d853a23f5b3,data/raw/formal-v1/formal-v1__profile__pyxel_platformer__cpu_compute__p025__r01,"{""pyxel_platformer"":""games/pyxel/10_platformer.py""}","{""pyxel_platformer"":""1b2c75b49dc9ab0254fb4b724682a4787868814a38d2f08920720dc5b6007ac5""}",25d06a71af6da0545e6f049947961bbeacba1df25d1b8e62099c54dd5d06318c
1,296,formal-v1__profile__pyxel_shooter__gpu_compute__p100__r03,formal-v1,profile,not_applicable,pressure_profile,"[""pyxel_shooter""]",pyxel_shooter,[],,,gpu_compute,1,3,11187716985421809269,20,60,1,20,windows-rtx4060,0,0,grid_2x2,true,82,1f4e3f3ce1069ad1b142225e539ac838483cf248849a3ee4b2d0608dd6f525bd,ed5c9df7f7b1e5686ad552b10abd5d853a23f5b3,data/raw/formal-v1/formal-v1__profile__pyxel_shooter__gpu_compute__p100__r03,"{""pyxel_shooter"":""games/pyxel/09_shooter.py""}","{""pyxel_shooter"":""0f53e4156907eac41080a8f289e22c89365b3239517c754cf59a51af201d5563""}",7217af2d5222503b1c70b8e437184010460e051fbbe54dc1902f7a1c0fee4fde
1,297,formal-v1__profile__pyxel_jump__cpu_compute__p025__r02,formal-v1,profile,not_applicable,pressure_profile,"[""pyxel_jump""]",pyxel_jump,[],,,cpu_compute,0.25,2,11541848872985042194,20,60,1,20,windows-rtx4060,0,0,grid_2x2,true,82,1f4e3f3ce1069ad1b142225e539ac838483cf248849a3ee4b2d0608dd6f525bd,ed5c9df7f7b1e5686ad552b10abd5d853a23f5b3,data/raw/formal-v1/formal-v1__profile__pyxel_jump__cpu_compute__p025__r02,"{""pyxel_jump"":""games/pyxel/02_jump_game.py""}","{""pyxel_jump"":""4743a825f1c9cae7e049ac52115f4ecf83350db546c00745a54af187d7bc2e46""}",263dde2968a4cdbe8e16f1e43d263bc336a3233f88aa7179ca9b116c62594c26
1,298,formal-v1__profile__pyxel_shooter__cpu_compute__p025__r03,formal-v1,profile,not_applicable,pressure_profile,"[""pyxel_shooter""]",pyxel_shooter,[],,,cpu_compute,0.25,3,17660117363831700035,20,60,1,20,windows-rtx4060,0,0,grid_2x2,true,82,1f4e3f3ce1069ad1b142225e539ac838483cf248849a3ee4b2d0608dd6f525bd,ed5c9df7f7b1e5686ad552b10abd5d853a23f5b3,data/raw/formal-v1/formal-v1__profile__pyxel_shooter__cpu_compute__p025__r03,"{""pyxel_shooter"":""games/pyxel/09_shooter.py""}","{""pyxel_shooter"":""0f53e4156907eac41080a8f289e22c89365b3239517c754cf59a51af201d5563""}",4a50452b231fa3bb343680fde7c56a7ed5b6208b2f43b45e9f4f68a32fe94614
1,299,formal-v1__profile__space_rescue__gpu_memory__p050__r03,formal-v1,profile,not_applicable,pressure_profile,"[""space_rescue""]",space_rescue,[],,,gpu_memory,0.5,3,9289223112394258126,20,60,1,20,windows-rtx4060,0,0,grid_2x2,true,82,1f4e3f3ce1069ad1b142225e539ac838483cf248849a3ee4b2d0608dd6f525bd,ed5c9df7f7b1e5686ad552b10abd5d853a23f5b3,data/raw/formal-v1/formal-v1__profile__space_rescue__gpu_memory__p050__r03,"{""space_rescue"":""games/pyxel/apps-src/space_rescue/space_rescue.py""}","{""space_rescue"":""f3b0ab6784ae558e64f06a3f0a704e53f107a130aa3d43357659d0850131e461""}",ff2140103561a9bf392ccdd990c0f26d4730f9cfdc0aa4d4043bf0161ec29b3c
1,300,formal-v1__profile__pyxel_bubbles__memory_bandwidth__p050__r02,formal-v1,profile,not_applicable,pressure_profile,"[""pyxel_bubbles""]",pyxel_bubbles,[],,,memory_bandwidth,0.5,2,7798065937651469100,20,60,1,20,windows-rtx4060,0,0,grid_2x2,true,82,1f4e3f3ce1069ad1b142225e539ac838483cf248849a3ee4b2d0608dd6f525bd,ed5c9df7f7b1e5686ad552b10abd5d853a23f5b3,data/raw/formal-v1/formal-v1__profile__pyxel_bubbles__memory_bandwidth__p050__r02,"{""pyxel_bubbles"":""games/pyxel/06_click_game.py""}","{""pyxel_bubbles"":""54c101e90bdaed839ac4c4284494530d5df37a5819a35f1e41eebb0b3da5d900""}",0b6765ac00188382023bfeb9e8b3660e31a1351826e44c0daaf73e418e19a09f
1,301,formal-v1__profile__mega_wing__cpu_compute__p025__r03,formal-v1,profile,not_applicable,pressure_profile,"[""mega_wing""]",mega_wing,[],,,cpu_compute,0.25,3,14923081146202905534,20,60,1,20,windows-rtx4060,0,0,grid_2x2,true,82,1f4e3f3ce1069ad1b142225e539ac838483cf248849a3ee4b2d0608dd6f525bd,ed5c9df7f7b1e5686ad552b10abd5d853a23f5b3,data/raw/formal-v1/formal-v1__profile__mega_wing__cpu_compute__p025__r03,"{""mega_wing"":""games/pyxel/apps-src/mega_wing/mega_wing.py""}","{""mega_wing"":""86bad6c02a303806c58137503739241dc6b1e86695f7c0dbf672b5e1a1464e9f""}",ab9f4e884f578d839a445ee2f91b12901099b0d590b2a952ea417ee37b066bfe
1,302,formal-v1__profile__daylight__memory_bandwidth__p075__r03,formal-v1,profile,not_applicable,pressure_profile,"[""daylight""]",daylight,[],,,memory_bandwidth,0.75,3,8749102145442139478,20,60,1,20,windows-rtx4060,0,0,grid_2x2,true,82,1f4e3f3ce1069ad1b142225e539ac838483cf248849a3ee4b2d0608dd6f525bd,ed5c9df7f7b1e5686ad552b10abd5d853a23f5b3,data/raw/formal-v1/formal-v1__profile__daylight__memory_bandwidth__p075__r03,"{""daylight"":""games/pyxel/apps-src/30SecondsOfDaylight/src/main.py""}","{""daylight"":""21a365375249e9d7ea05e78dcfe040f09cc1f0c66bd410bae084190c743a028f""}",434466a4b607c652d74b9d29df7e7cb6c352b0e3486b46c3020d2da978730760
1,303,formal-v1__solo__pyxel_platformer__r02,formal-v1,solo,not_applicable,solo,"[""pyxel_platformer""]",pyxel_platformer,[],,,,,2,13166478515344074274,20,60,1,20,windows-rtx4060,0,0,grid_2x2,true,82,1f4e3f3ce1069ad1b142225e539ac838483cf248849a3ee4b2d0608dd6f525bd,ed5c9df7f7b1e5686ad552b10abd5d853a23f5b3,data/raw/formal-v1/formal-v1__solo__pyxel_platformer__r02,"{""pyxel_platformer"":""games/pyxel/10_platformer.py""}","{""pyxel_platformer"":""1b2c75b49dc9ab0254fb4b724682a4787868814a38d2f08920720dc5b6007ac5""}",0e01dea29861b910aba56e911a52de358a9c59cb327e9f1269b1f0961763ef29
1,304,formal-v1__profile__pyxel_jump__gpu_memory__p025__r03,formal-v1,profile,not_applicable,pressure_profile,"[""pyxel_jump""]",pyxel_jump,[],,,gpu_memory,0.25,3,6082426227621316649,20,60,1,20,windows-rtx4060,0,0,grid_2x2,true,82,1f4e3f3ce1069ad1b142225e539ac838483cf248849a3ee4b2d0608dd6f525bd,ed5c9df7f7b1e5686ad552b10abd5d853a23f5b3,data/raw/formal-v1/formal-v1__profile__pyxel_jump__gpu_memory__p025__r03,"{""pyxel_jump"":""games/pyxel/02_jump_game.py""}","{""pyxel_jump"":""4743a825f1c9cae7e049ac52115f4ecf83350db546c00745a54af187d7bc2e46""}",275c092c9bd536344d6fffaf27105191875efc4bfe56d56016ac93f464ce66d6
1,305,formal-v1__profile__pyxel_platformer__gpu_memory__p000__r03,formal-v1,profile,not_applicable,pressure_profile,"[""pyxel_platformer""]",pyxel_platformer,[],,,gpu_memory,0,3,7081658000659636395,20,60,1,20,windows-rtx4060,0,0,grid_2x2,true,82,1f4e3f3ce1069ad1b142225e539ac838483cf248849a3ee4b2d0608dd6f525bd,ed5c9df7f7b1e5686ad552b10abd5d853a23f5b3,data/raw/formal-v1/formal-v1__profile__pyxel_platformer__gpu_memory__p000__r03,"{""pyxel_platformer"":""games/pyxel/10_platformer.py""}","{""pyxel_platformer"":""1b2c75b49dc9ab0254fb4b724682a4787868814a38d2f08920720dc5b6007ac5""}",1b8e5e83ac88cad6b21ea9040ad202fb336ff814d9d858fc4551c0bc6df9f058
1,306,formal-v1__colocation__daylight+pyxel_platformer__r03,formal-v1,colocation-main,validation,colocation,"[""daylight"",""pyxel_platformer""]",daylight,"[""pyxel_platformer""]",daylight+pyxel_platformer,daylight+pyxel_platformer__r03,,,3,17641492199377615183,20,60,1,20,windows-rtx4060,0,0,grid_2x2,true,82,1f4e3f3ce1069ad1b142225e539ac838483cf248849a3ee4b2d0608dd6f525bd,ed5c9df7f7b1e5686ad552b10abd5d853a23f5b3,data/raw/formal-v1/formal-v1__colocation__daylight+pyxel_platformer__r03,"{""daylight"":""games/pyxel/apps-src/30SecondsOfDaylight/src/main.py"",""pyxel_platformer"":""games/pyxel/10_platformer.py""}","{""daylight"":""21a365375249e9d7ea05e78dcfe040f09cc1f0c66bd410bae084190c743a028f"",""pyxel_platformer"":""1b2c75b49dc9ab0254fb4b724682a4787868814a38d2f08920720dc5b6007ac5""}",8890acac14b1925246828671d34b5485db7b3fcdd04ea4ac2ba1793f8d591afc
1,307,formal-v1__profile__pyxel_snake__gpu_compute__p075__r01,formal-v1,profile,not_applicable,pressure_profile,"[""pyxel_snake""]",pyxel_snake,[],,,gpu_compute,0.75,1,6765152900215732613,20,60,1,20,windows-rtx4060,0,0,grid_2x2,true,82,1f4e3f3ce1069ad1b142225e539ac838483cf248849a3ee4b2d0608dd6f525bd,ed5c9df7f7b1e5686ad552b10abd5d853a23f5b3,data/raw/formal-v1/formal-v1__profile__pyxel_snake__gpu_compute__p075__r01,"{""pyxel_snake"":""games/pyxel/07_snake.py""}","{""pyxel_snake"":""bc533fef92d1d358e570f69d979919fe5c1cd8c4da49841104b49a1e661a5ac3""}",6a1a59a4842ca3f744286501b6cf4a68f864090c212e44f58348547b3e0c657f
1,308,formal-v1__profile__pyxel_platformer__gpu_compute__p025__r03,formal-v1,profile,not_applicable,pressure_profile,"[""pyxel_platformer""]",pyxel_platformer,[],,,gpu_compute,0.25,3,6464914627224340644,20,60,1,20,windows-rtx4060,0,0,grid_2x2,true,82,1f4e3f3ce1069ad1b142225e539ac838483cf248849a3ee4b2d0608dd6f525bd,ed5c9df7f7b1e5686ad552b10abd5d853a23f5b3,data/raw/formal-v1/formal-v1__profile__pyxel_platformer__gpu_compute__p025__r03,"{""pyxel_platformer"":""games/pyxel/10_platformer.py""}","{""pyxel_platformer"":""1b2c75b49dc9ab0254fb4b724682a4787868814a38d2f08920720dc5b6007ac5""}",2c13e6313051f839417a02a0dcda48931700c342d8d18831107229f99dd6086b
1,309,formal-v1__profile__pyxel_snake__cpu_compute__p025__r01,formal-v1,profile,not_applicable,pressure_profile,"[""pyxel_snake""]",pyxel_snake,[],,,cpu_compute,0.25,1,7063583601675846007,20,60,1,20,windows-rtx4060,0,0,grid_2x2,true,82,1f4e3f3ce1069ad1b142225e539ac838483cf248849a3ee4b2d0608dd6f525bd,ed5c9df7f7b1e5686ad552b10abd5d853a23f5b3,data/raw/formal-v1/formal-v1__profile__pyxel_snake__cpu_compute__p025__r01,"{""pyxel_snake"":""games/pyxel/07_snake.py""}","{""pyxel_snake"":""bc533fef92d1d358e570f69d979919fe5c1cd8c4da49841104b49a1e661a5ac3""}",867c2f44c5397a1ceeb7dc502b013fa9d857835bfbf4f86f453ffcaa67f492a7
1,310,formal-v1__colocation__pyxel_platformer+pyxel_shooter+space_rescue__r02,formal-v1,colocation-main,validation,colocation,"[""pyxel_platformer"",""pyxel_shooter"",""space_rescue""]",pyxel_platformer,"[""pyxel_shooter"",""space_rescue""]",pyxel_platformer+pyxel_shooter+space_rescue,pyxel_platformer+pyxel_shooter+space_rescue__r02,,,2,9920325526379105926,20,60,1,20,windows-rtx4060,0,0,grid_2x2,true,82,1f4e3f3ce1069ad1b142225e539ac838483cf248849a3ee4b2d0608dd6f525bd,ed5c9df7f7b1e5686ad552b10abd5d853a23f5b3,data/raw/formal-v1/formal-v1__colocation__pyxel_platformer+pyxel_shooter+space_rescue__r02,"{""pyxel_platformer"":""games/pyxel/10_platformer.py"",""pyxel_shooter"":""games/pyxel/09_shooter.py"",""space_rescue"":""games/pyxel/apps-src/space_rescue/space_rescue.py""}","{""pyxel_platformer"":""1b2c75b49dc9ab0254fb4b724682a4787868814a38d2f08920720dc5b6007ac5"",""pyxel_shooter"":""0f53e4156907eac41080a8f289e22c89365b3239517c754cf59a51af201d5563"",""space_rescue"":""f3b0ab6784ae558e64f06a3f0a704e53f107a130aa3d43357659d0850131e461""}",a293601aad4271e9e8beeb6fbd23f2c2fbcd629d53b05cc9bcadd3c4683e876b
1,311,formal-v1__colocation__daylight+pyxel_platformer+pyxel_snake__r01,formal-v1,colocation-main,validation,colocation,"[""daylight"",""pyxel_platformer"",""pyxel_snake""]",daylight,"[""pyxel_platformer"",""pyxel_snake""]",daylight+pyxel_platformer+pyxel_snake,daylight+pyxel_platformer+pyxel_snake__r01,,,1,2315718514598189427,20,60,1,20,windows-rtx4060,0,0,grid_2x2,true,82,1f4e3f3ce1069ad1b142225e539ac838483cf248849a3ee4b2d0608dd6f525bd,ed5c9df7f7b1e5686ad552b10abd5d853a23f5b3,data/raw/formal-v1/formal-v1__colocation__daylight+pyxel_platformer+pyxel_snake__r01,"{""daylight"":""games/pyxel/apps-src/30SecondsOfDaylight/src/main.py"",""pyxel_platformer"":""games/pyxel/10_platformer.py"",""pyxel_snake"":""games/pyxel/07_snake.py""}","{""daylight"":""21a365375249e9d7ea05e78dcfe040f09cc1f0c66bd410bae084190c743a028f"",""pyxel_platformer"":""1b2c75b49dc9ab0254fb4b724682a4787868814a38d2f08920720dc5b6007ac5"",""pyxel_snake"":""bc533fef92d1d358e570f69d979919fe5c1cd8c4da49841104b49a1e661a5ac3""}",029c6dc3aef9a8566b9613ed16c0373cd4d7096613b574e951595545cfd805f9
1,312,formal-v1__profile__pyxel_snake__cpu_compute__p075__r01,formal-v1,profile,not_applicable,pressure_profile,"[""pyxel_snake""]",pyxel_snake,[],,,cpu_compute,0.75,1,11125643496581567022,20,60,1,20,windows-rtx4060,0,0,grid_2x2,true,82,1f4e3f3ce1069ad1b142225e539ac838483cf248849a3ee4b2d0608dd6f525bd,ed5c9df7f7b1e5686ad552b10abd5d853a23f5b3,data/raw/formal-v1/formal-v1__profile__pyxel_snake__cpu_compute__p075__r01,"{""pyxel_snake"":""games/pyxel/07_snake.py""}","{""pyxel_snake"":""bc533fef92d1d358e570f69d979919fe5c1cd8c4da49841104b49a1e661a5ac3""}",df84f2d139ba928d049aa6e6cef8e6ff966e72dca818ff9a84e3d65f66b1b44e
1,313,formal-v1__profile__pyxel_bubbles__cpu_compute__p025__r03,formal-v1,profile,not_applicable,pressure_profile,"[""pyxel_bubbles""]",pyxel_bubbles,[],,,cpu_compute,0.25,3,5249474895140404782,20,60,1,20,windows-rtx4060,0,0,grid_2x2,true,82,1f4e3f3ce1069ad1b142225e539ac838483cf248849a3ee4b2d0608dd6f525bd,ed5c9df7f7b1e5686ad552b10abd5d853a23f5b3,data/raw/formal-v1/formal-v1__profile__pyxel_bubbles__cpu_compute__p025__r03,"{""pyxel_bubbles"":""games/pyxel/06_click_game.py""}","{""pyxel_bubbles"":""54c101e90bdaed839ac4c4284494530d5df37a5819a35f1e41eebb0b3da5d900""}",8717a94a2cb02afdbf5f366fd31fcc0220285e7753549b3bdf91fb9a29f0a2cc
1,314,formal-v1__colocation__daylight+pyxel_bubbles+pyxel_jump__r03,formal-v1,colocation-main,test,colocation,"[""daylight"",""pyxel_bubbles"",""pyxel_jump""]",daylight,"[""pyxel_bubbles"",""pyxel_jump""]",daylight+pyxel_bubbles+pyxel_jump,daylight+pyxel_bubbles+pyxel_jump__r03,,,3,16335151718453586146,20,60,1,20,windows-rtx4060,0,0,grid_2x2,true,82,1f4e3f3ce1069ad1b142225e539ac838483cf248849a3ee4b2d0608dd6f525bd,ed5c9df7f7b1e5686ad552b10abd5d853a23f5b3,data/raw/formal-v1/formal-v1__colocation__daylight+pyxel_bubbles+pyxel_jump__r03,"{""daylight"":""games/pyxel/apps-src/30SecondsOfDaylight/src/main.py"",""pyxel_bubbles"":""games/pyxel/06_click_game.py"",""pyxel_jump"":""games/pyxel/02_jump_game.py""}","{""daylight"":""21a365375249e9d7ea05e78dcfe040f09cc1f0c66bd410bae084190c743a028f"",""pyxel_bubbles"":""54c101e90bdaed839ac4c4284494530d5df37a5819a35f1e41eebb0b3da5d900"",""pyxel_jump"":""4743a825f1c9cae7e049ac52115f4ecf83350db546c00745a54af187d7bc2e46""}",566d55a2e9468f7af4957a189778d94e03afcf27c05dc03ff9c9365738027122
1,315,formal-v1__extra__daylight+pyxel_jump+pyxel_snake+space_rescue__r02,formal-v1,colocation-extra-test,extra_test,extra_test,"[""daylight"",""pyxel_jump"",""pyxel_snake"",""space_rescue""]",daylight,"[""pyxel_jump"",""pyxel_snake"",""space_rescue""]",daylight+pyxel_jump+pyxel_snake+space_rescue,daylight+pyxel_jump+pyxel_snake+space_rescue__r02,,,2,12588195661761314844,20,60,1,20,windows-rtx4060,0,0,grid_2x2,true,82,1f4e3f3ce1069ad1b142225e539ac838483cf248849a3ee4b2d0608dd6f525bd,ed5c9df7f7b1e5686ad552b10abd5d853a23f5b3,data/raw/formal-v1/formal-v1__extra__daylight+pyxel_jump+pyxel_snake+space_rescue__r02,"{""daylight"":""games/pyxel/apps-src/30SecondsOfDaylight/src/main.py"",""pyxel_jump"":""games/pyxel/02_jump_game.py"",""pyxel_snake"":""games/pyxel/07_snake.py"",""space_rescue"":""games/pyxel/apps-src/space_rescue/space_rescue.py""}","{""daylight"":""21a365375249e9d7ea05e78dcfe040f09cc1f0c66bd410bae084190c743a028f"",""pyxel_jump"":""4743a825f1c9cae7e049ac52115f4ecf83350db546c00745a54af187d7bc2e46"",""pyxel_snake"":""bc533fef92d1d358e570f69d979919fe5c1cd8c4da49841104b49a1e661a5ac3"",""space_rescue"":""f3b0ab6784ae558e64f06a3f0a704e53f107a130aa3d43357659d0850131e461""}",da450352fe49aaa3363f41e4316f7726313ab9984aff9dc6bee034c044e84d04
1,316,formal-v1__solo__space_rescue__r02,formal-v1,solo,not_applicable,solo,"[""space_rescue""]",space_rescue,[],,,,,2,17469599324371223650,20,60,1,20,windows-rtx4060,0,0,grid_2x2,true,82,1f4e3f3ce1069ad1b142225e539ac838483cf248849a3ee4b2d0608dd6f525bd,ed5c9df7f7b1e5686ad552b10abd5d853a23f5b3,data/raw/formal-v1/formal-v1__solo__space_rescue__r02,"{""space_rescue"":""games/pyxel/apps-src/space_rescue/space_rescue.py""}","{""space_rescue"":""f3b0ab6784ae558e64f06a3f0a704e53f107a130aa3d43357659d0850131e461""}",b765f790d3235bbd47231420fa553bb750239af5f11c4216e501661e5ba65b53
1,317,formal-v1__colocation__daylight+mega_wing+pyxel_snake__r03,formal-v1,colocation-main,train,colocation,"[""daylight"",""mega_wing"",""pyxel_snake""]",daylight,"[""mega_wing"",""pyxel_snake""]",daylight+mega_wing+pyxel_snake,daylight+mega_wing+pyxel_snake__r03,,,3,12724699600798452488,20,60,1,20,windows-rtx4060,0,0,grid_2x2,true,82,1f4e3f3ce1069ad1b142225e539ac838483cf248849a3ee4b2d0608dd6f525bd,ed5c9df7f7b1e5686ad552b10abd5d853a23f5b3,data/raw/formal-v1/formal-v1__colocation__daylight+mega_wing+pyxel_snake__r03,"{""daylight"":""games/pyxel/apps-src/30SecondsOfDaylight/src/main.py"",""mega_wing"":""games/pyxel/apps-src/mega_wing/mega_wing.py"",""pyxel_snake"":""games/pyxel/07_snake.py""}","{""daylight"":""21a365375249e9d7ea05e78dcfe040f09cc1f0c66bd410bae084190c743a028f"",""mega_wing"":""86bad6c02a303806c58137503739241dc6b1e86695f7c0dbf672b5e1a1464e9f"",""pyxel_snake"":""bc533fef92d1d358e570f69d979919fe5c1cd8c4da49841104b49a1e661a5ac3""}",a968a2dcbf83488ef7bf43393061059e1cb75464c18f1a77957406e5e6a771cb
1,318,formal-v1__profile__pyxel_shooter__memory_bandwidth__p025__r01,formal-v1,profile,not_applicable,pressure_profile,"[""pyxel_shooter""]",pyxel_shooter,[],,,memory_bandwidth,0.25,1,331279448625326691,20,60,1,20,windows-rtx4060,0,0,grid_2x2,true,82,1f4e3f3ce1069ad1b142225e539ac838483cf248849a3ee4b2d0608dd6f525bd,ed5c9df7f7b1e5686ad552b10abd5d853a23f5b3,data/raw/formal-v1/formal-v1__profile__pyxel_shooter__memory_bandwidth__p025__r01,"{""pyxel_shooter"":""games/pyxel/09_shooter.py""}","{""pyxel_shooter"":""0f53e4156907eac41080a8f289e22c89365b3239517c754cf59a51af201d5563""}",44f226170ddbeeefa4b5078e698ab90235745d15596bde576a9c7d3390080f34
1,319,formal-v1__colocation__pyxel_bubbles+pyxel_snake+space_rescue__r01,formal-v1,colocation-main,train,colocation,"[""pyxel_bubbles"",""pyxel_snake"",""space_rescue""]",pyxel_bubbles,"[""pyxel_snake"",""space_rescue""]",pyxel_bubbles+pyxel_snake+space_rescue,pyxel_bubbles+pyxel_snake+space_rescue__r01,,,1,10895786778204655259,20,60,1,20,windows-rtx4060,0,0,grid_2x2,true,82,1f4e3f3ce1069ad1b142225e539ac838483cf248849a3ee4b2d0608dd6f525bd,ed5c9df7f7b1e5686ad552b10abd5d853a23f5b3,data/raw/formal-v1/formal-v1__colocation__pyxel_bubbles+pyxel_snake+space_rescue__r01,"{""pyxel_bubbles"":""games/pyxel/06_click_game.py"",""pyxel_snake"":""games/pyxel/07_snake.py"",""space_rescue"":""games/pyxel/apps-src/space_rescue/space_rescue.py""}","{""pyxel_bubbles"":""54c101e90bdaed839ac4c4284494530d5df37a5819a35f1e41eebb0b3da5d900"",""pyxel_snake"":""bc533fef92d1d358e570f69d979919fe5c1cd8c4da49841104b49a1e661a5ac3"",""space_rescue"":""f3b0ab6784ae558e64f06a3f0a704e53f107a130aa3d43357659d0850131e461""}",0b03c1dea0c30a63d152fab6b0ad32470238cbbfa42f8696a1234fa2efacfa4a
1,320,formal-v1__extra__pyxel_bubbles+pyxel_jump+pyxel_shooter+pyxel_snake__r02,formal-v1,colocation-extra-test,extra_test,extra_test,"[""pyxel_bubbles"",""pyxel_jump"",""pyxel_shooter"",""pyxel_snake""]",pyxel_bubbles,"[""pyxel_jump"",""pyxel_shooter"",""pyxel_snake""]",pyxel_bubbles+pyxel_jump+pyxel_shooter+pyxel_snake,pyxel_bubbles+pyxel_jump+pyxel_shooter+pyxel_snake__r02,,,2,9400649919561552429,20,60,1,20,windows-rtx4060,0,0,grid_2x2,true,82,1f4e3f3ce1069ad1b142225e539ac838483cf248849a3ee4b2d0608dd6f525bd,ed5c9df7f7b1e5686ad552b10abd5d853a23f5b3,data/raw/formal-v1/formal-v1__extra__pyxel_bubbles+pyxel_jump+pyxel_shooter+pyxel_snake__r02,"{""pyxel_bubbles"":""games/pyxel/06_click_game.py"",""pyxel_jump"":""games/pyxel/02_jump_game.py"",""pyxel_shooter"":""games/pyxel/09_shooter.py"",""pyxel_snake"":""games/pyxel/07_snake.py""}","{""pyxel_bubbles"":""54c101e90bdaed839ac4c4284494530d5df37a5819a35f1e41eebb0b3da5d900"",""pyxel_jump"":""4743a825f1c9cae7e049ac52115f4ecf83350db546c00745a54af187d7bc2e46"",""pyxel_shooter"":""0f53e4156907eac41080a8f289e22c89365b3239517c754cf59a51af201d5563"",""pyxel_snake"":""bc533fef92d1d358e570f69d979919fe5c1cd8c4da49841104b49a1e661a5ac3""}",7fe4e1f590257e4b699cad803e678a172dbfcb646fb7c057da2b7ef5d0b20c89
1,321,formal-v1__profile__daylight__gpu_memory__p075__r02,formal-v1,profile,not_applicable,pressure_profile,"[""daylight""]",daylight,[],,,gpu_memory,0.75,2,9872237876990188323,20,60,1,20,windows-rtx4060,0,0,grid_2x2,true,82,1f4e3f3ce1069ad1b142225e539ac838483cf248849a3ee4b2d0608dd6f525bd,ed5c9df7f7b1e5686ad552b10abd5d853a23f5b3,data/raw/formal-v1/formal-v1__profile__daylight__gpu_memory__p075__r02,"{""daylight"":""games/pyxel/apps-src/30SecondsOfDaylight/src/main.py""}","{""daylight"":""21a365375249e9d7ea05e78dcfe040f09cc1f0c66bd410bae084190c743a028f""}",f386d64236071dd50a3795b8939268d946d397f534219333e415c0dca25a3060
1,322,formal-v1__profile__pyxel_platformer__gpu_memory__p000__r01,formal-v1,profile,not_applicable,pressure_profile,"[""pyxel_platformer""]",pyxel_platformer,[],,,gpu_memory,0,1,2237861801506633355,20,60,1,20,windows-rtx4060,0,0,grid_2x2,true,82,1f4e3f3ce1069ad1b142225e539ac838483cf248849a3ee4b2d0608dd6f525bd,ed5c9df7f7b1e5686ad552b10abd5d853a23f5b3,data/raw/formal-v1/formal-v1__profile__pyxel_platformer__gpu_memory__p000__r01,"{""pyxel_platformer"":""games/pyxel/10_platformer.py""}","{""pyxel_platformer"":""1b2c75b49dc9ab0254fb4b724682a4787868814a38d2f08920720dc5b6007ac5""}",87cb6b077c565910b86591abda286ca0100d933aa6259c16d10006ddbf1d0dcd
1,323,formal-v1__profile__pyxel_bubbles__memory_bandwidth__p050__r03,formal-v1,profile,not_applicable,pressure_profile,"[""pyxel_bubbles""]",pyxel_bubbles,[],,,memory_bandwidth,0.5,3,16891115033186532152,20,60,1,20,windows-rtx4060,0,0,grid_2x2,true,82,1f4e3f3ce1069ad1b142225e539ac838483cf248849a3ee4b2d0608dd6f525bd,ed5c9df7f7b1e5686ad552b10abd5d853a23f5b3,data/raw/formal-v1/formal-v1__profile__pyxel_bubbles__memory_bandwidth__p050__r03,"{""pyxel_bubbles"":""games/pyxel/06_click_game.py""}","{""pyxel_bubbles"":""54c101e90bdaed839ac4c4284494530d5df37a5819a35f1e41eebb0b3da5d900""}",0d37e4618c2051e5500c93fdfddfbb0735e55307fbda00cda37a656125d38281
1,324,formal-v1__profile__space_rescue__gpu_memory__p025__r03,formal-v1,profile,not_applicable,pressure_profile,"[""space_rescue""]",space_rescue,[],,,gpu_memory,0.25,3,11900251279031478821,20,60,1,20,windows-rtx4060,0,0,grid_2x2,true,82,1f4e3f3ce1069ad1b142225e539ac838483cf248849a3ee4b2d0608dd6f525bd,ed5c9df7f7b1e5686ad552b10abd5d853a23f5b3,data/raw/formal-v1/formal-v1__profile__space_rescue__gpu_memory__p025__r03,"{""space_rescue"":""games/pyxel/apps-src/space_rescue/space_rescue.py""}","{""space_rescue"":""f3b0ab6784ae558e64f06a3f0a704e53f107a130aa3d43357659d0850131e461""}",49c9a2a63bafb258d221eacd5637e335c4d642a0aaa200c24c671c9c6175193d
1,325,formal-v1__profile__daylight__cpu_compute__p100__r03,formal-v1,profile,not_applicable,pressure_profile,"[""daylight""]",daylight,[],,,cpu_compute,1,3,1211454383313536692,20,60,1,20,windows-rtx4060,0,0,grid_2x2,true,82,1f4e3f3ce1069ad1b142225e539ac838483cf248849a3ee4b2d0608dd6f525bd,ed5c9df7f7b1e5686ad552b10abd5d853a23f5b3,data/raw/formal-v1/formal-v1__profile__daylight__cpu_compute__p100__r03,"{""daylight"":""games/pyxel/apps-src/30SecondsOfDaylight/src/main.py""}","{""daylight"":""21a365375249e9d7ea05e78dcfe040f09cc1f0c66bd410bae084190c743a028f""}",6c75d342e27aba231b8ba14824dbeb56398e704196035abb1378fb43809b7cb1
1,326,formal-v1__profile__daylight__gpu_memory__p075__r01,formal-v1,profile,not_applicable,pressure_profile,"[""daylight""]",daylight,[],,,gpu_memory,0.75,1,4643342925384869322,20,60,1,20,windows-rtx4060,0,0,grid_2x2,true,82,1f4e3f3ce1069ad1b142225e539ac838483cf248849a3ee4b2d0608dd6f525bd,ed5c9df7f7b1e5686ad552b10abd5d853a23f5b3,data/raw/formal-v1/formal-v1__profile__daylight__gpu_memory__p075__r01,"{""daylight"":""games/pyxel/apps-src/30SecondsOfDaylight/src/main.py""}","{""daylight"":""21a365375249e9d7ea05e78dcfe040f09cc1f0c66bd410bae084190c743a028f""}",a1aeada0522fc7fc43374763072d258cdc85dc83dbdafe45666dd62f757f737c
1,327,formal-v1__colocation__daylight+pyxel_platformer+pyxel_snake__r02,formal-v1,colocation-main,validation,colocation,"[""daylight"",""pyxel_platformer"",""pyxel_snake""]",daylight,"[""pyxel_platformer"",""pyxel_snake""]",daylight+pyxel_platformer+pyxel_snake,daylight+pyxel_platformer+pyxel_snake__r02,,,2,13348702882007050725,20,60,1,20,windows-rtx4060,0,0,grid_2x2,true,82,1f4e3f3ce1069ad1b142225e539ac838483cf248849a3ee4b2d0608dd6f525bd,ed5c9df7f7b1e5686ad552b10abd5d853a23f5b3,data/raw/formal-v1/formal-v1__colocation__daylight+pyxel_platformer+pyxel_snake__r02,"{""daylight"":""games/pyxel/apps-src/30SecondsOfDaylight/src/main.py"",""pyxel_platformer"":""games/pyxel/10_platformer.py"",""pyxel_snake"":""games/pyxel/07_snake.py""}","{""daylight"":""21a365375249e9d7ea05e78dcfe040f09cc1f0c66bd410bae084190c743a028f"",""pyxel_platformer"":""1b2c75b49dc9ab0254fb4b724682a4787868814a38d2f08920720dc5b6007ac5"",""pyxel_snake"":""bc533fef92d1d358e570f69d979919fe5c1cd8c4da49841104b49a1e661a5ac3""}",4bb20434531893b7e371485aab197761370227ab3da702b124cad2143a14a408
1,328,formal-v1__profile__pyxel_platformer__gpu_memory__p100__r01,formal-v1,profile,not_applicable,pressure_profile,"[""pyxel_platformer""]",pyxel_platformer,[],,,gpu_memory,1,1,17805035605180021847,20,60,1,20,windows-rtx4060,0,0,grid_2x2,true,82,1f4e3f3ce1069ad1b142225e539ac838483cf248849a3ee4b2d0608dd6f525bd,ed5c9df7f7b1e5686ad552b10abd5d853a23f5b3,data/raw/formal-v1/formal-v1__profile__pyxel_platformer__gpu_memory__p100__r01,"{""pyxel_platformer"":""games/pyxel/10_platformer.py""}","{""pyxel_platformer"":""1b2c75b49dc9ab0254fb4b724682a4787868814a38d2f08920720dc5b6007ac5""}",96c58f73060d6e2f8cd372a57e8f32486e92dd23804d8d7765ebc4510b43fbba
1,329,formal-v1__profile__pyxel_shooter__gpu_memory__p050__r02,formal-v1,profile,not_applicable,pressure_profile,"[""pyxel_shooter""]",pyxel_shooter,[],,,gpu_memory,0.5,2,3629365574515664625,20,60,1,20,windows-rtx4060,0,0,grid_2x2,true,82,1f4e3f3ce1069ad1b142225e539ac838483cf248849a3ee4b2d0608dd6f525bd,ed5c9df7f7b1e5686ad552b10abd5d853a23f5b3,data/raw/formal-v1/formal-v1__profile__pyxel_shooter__gpu_memory__p050__r02,"{""pyxel_shooter"":""games/pyxel/09_shooter.py""}","{""pyxel_shooter"":""0f53e4156907eac41080a8f289e22c89365b3239517c754cf59a51af201d5563""}",cccc6d10cee889c8207a554dc224e020290046fabe7b86301f4026d9b2f268e5
1,330,formal-v1__colocation__mega_wing+pyxel_bubbles+pyxel_shooter__r01,formal-v1,colocation-main,train,colocation,"[""mega_wing"",""pyxel_bubbles"",""pyxel_shooter""]",mega_wing,"[""pyxel_bubbles"",""pyxel_shooter""]",mega_wing+pyxel_bubbles+pyxel_shooter,mega_wing+pyxel_bubbles+pyxel_shooter__r01,,,1,13660992632416912501,20,60,1,20,windows-rtx4060,0,0,grid_2x2,true,82,1f4e3f3ce1069ad1b142225e539ac838483cf248849a3ee4b2d0608dd6f525bd,ed5c9df7f7b1e5686ad552b10abd5d853a23f5b3,data/raw/formal-v1/formal-v1__colocation__mega_wing+pyxel_bubbles+pyxel_shooter__r01,"{""mega_wing"":""games/pyxel/apps-src/mega_wing/mega_wing.py"",""pyxel_bubbles"":""games/pyxel/06_click_game.py"",""pyxel_shooter"":""games/pyxel/09_shooter.py""}","{""mega_wing"":""86bad6c02a303806c58137503739241dc6b1e86695f7c0dbf672b5e1a1464e9f"",""pyxel_bubbles"":""54c101e90bdaed839ac4c4284494530d5df37a5819a35f1e41eebb0b3da5d900"",""pyxel_shooter"":""0f53e4156907eac41080a8f289e22c89365b3239517c754cf59a51af201d5563""}",dad65cd0001685fe90e1372172a841a1297e4f3dbed687c3fd250fd1e25789cc
1,331,formal-v1__extra__mega_wing+pyxel_shooter+pyxel_snake+space_rescue__r03,formal-v1,colocation-extra-test,extra_test,extra_test,"[""mega_wing"",""pyxel_shooter"",""pyxel_snake"",""space_rescue""]",mega_wing,"[""pyxel_shooter"",""pyxel_snake"",""space_rescue""]",mega_wing+pyxel_shooter+pyxel_snake+space_rescue,mega_wing+pyxel_shooter+pyxel_snake+space_rescue__r03,,,3,17426353318728662774,20,60,1,20,windows-rtx4060,0,0,grid_2x2,true,82,1f4e3f3ce1069ad1b142225e539ac838483cf248849a3ee4b2d0608dd6f525bd,ed5c9df7f7b1e5686ad552b10abd5d853a23f5b3,data/raw/formal-v1/formal-v1__extra__mega_wing+pyxel_shooter+pyxel_snake+space_rescue__r03,"{""mega_wing"":""games/pyxel/apps-src/mega_wing/mega_wing.py"",""pyxel_shooter"":""games/pyxel/09_shooter.py"",""pyxel_snake"":""games/pyxel/07_snake.py"",""space_rescue"":""games/pyxel/apps-src/space_rescue/space_rescue.py""}","{""mega_wing"":""86bad6c02a303806c58137503739241dc6b1e86695f7c0dbf672b5e1a1464e9f"",""pyxel_shooter"":""0f53e4156907eac41080a8f289e22c89365b3239517c754cf59a51af201d5563"",""pyxel_snake"":""bc533fef92d1d358e570f69d979919fe5c1cd8c4da49841104b49a1e661a5ac3"",""space_rescue"":""f3b0ab6784ae558e64f06a3f0a704e53f107a130aa3d43357659d0850131e461""}",5cac6737369b4e5379234f9f92aff04ddd686a74fa9d407bba128d5f7c8d964d
1,332,formal-v1__profile__pyxel_shooter__gpu_compute__p075__r01,formal-v1,profile,not_applicable,pressure_profile,"[""pyxel_shooter""]",pyxel_shooter,[],,,gpu_compute,0.75,1,6732974421733216668,20,60,1,20,windows-rtx4060,0,0,grid_2x2,true,82,1f4e3f3ce1069ad1b142225e539ac838483cf248849a3ee4b2d0608dd6f525bd,ed5c9df7f7b1e5686ad552b10abd5d853a23f5b3,data/raw/formal-v1/formal-v1__profile__pyxel_shooter__gpu_compute__p075__r01,"{""pyxel_shooter"":""games/pyxel/09_shooter.py""}","{""pyxel_shooter"":""0f53e4156907eac41080a8f289e22c89365b3239517c754cf59a51af201d5563""}",f2baffd70c2599365e4d2b3dcce5bcb6ba1846d9d71fee2b74379fa8582fb33d
1,333,formal-v1__profile__pyxel_shooter__memory_bandwidth__p075__r01,formal-v1,profile,not_applicable,pressure_profile,"[""pyxel_shooter""]",pyxel_shooter,[],,,memory_bandwidth,0.75,1,14253990244335660581,20,60,1,20,windows-rtx4060,0,0,grid_2x2,true,82,1f4e3f3ce1069ad1b142225e539ac838483cf248849a3ee4b2d0608dd6f525bd,ed5c9df7f7b1e5686ad552b10abd5d853a23f5b3,data/raw/formal-v1/formal-v1__profile__pyxel_shooter__memory_bandwidth__p075__r01,"{""pyxel_shooter"":""games/pyxel/09_shooter.py""}","{""pyxel_shooter"":""0f53e4156907eac41080a8f289e22c89365b3239517c754cf59a51af201d5563""}",9b68e5a85320a00348c28d27cea6e0f65f448afd4bc132232ff16ce68e352092
1,334,formal-v1__profile__space_rescue__gpu_compute__p075__r02,formal-v1,profile,not_applicable,pressure_profile,"[""space_rescue""]",space_rescue,[],,,gpu_compute,0.75,2,11480756502642916406,20,60,1,20,windows-rtx4060,0,0,grid_2x2,true,82,1f4e3f3ce1069ad1b142225e539ac838483cf248849a3ee4b2d0608dd6f525bd,ed5c9df7f7b1e5686ad552b10abd5d853a23f5b3,data/raw/formal-v1/formal-v1__profile__space_rescue__gpu_compute__p075__r02,"{""space_rescue"":""games/pyxel/apps-src/space_rescue/space_rescue.py""}","{""space_rescue"":""f3b0ab6784ae558e64f06a3f0a704e53f107a130aa3d43357659d0850131e461""}",4d6c64a235a9bbc1465a27fcedfe2f779a8613ec25784df9a657511980fbc32a
1,335,formal-v1__colocation__mega_wing+pyxel_shooter__r03,formal-v1,colocation-main,train,colocation,"[""mega_wing"",""pyxel_shooter""]",mega_wing,"[""pyxel_shooter""]",mega_wing+pyxel_shooter,mega_wing+pyxel_shooter__r03,,,3,6293622523290271236,20,60,1,20,windows-rtx4060,0,0,grid_2x2,true,82,1f4e3f3ce1069ad1b142225e539ac838483cf248849a3ee4b2d0608dd6f525bd,ed5c9df7f7b1e5686ad552b10abd5d853a23f5b3,data/raw/formal-v1/formal-v1__colocation__mega_wing+pyxel_shooter__r03,"{""mega_wing"":""games/pyxel/apps-src/mega_wing/mega_wing.py"",""pyxel_shooter"":""games/pyxel/09_shooter.py""}","{""mega_wing"":""86bad6c02a303806c58137503739241dc6b1e86695f7c0dbf672b5e1a1464e9f"",""pyxel_shooter"":""0f53e4156907eac41080a8f289e22c89365b3239517c754cf59a51af201d5563""}",c5a32c779e6b3219fab6747b75a7d27ccd4747de11779b6da6cd5c8101c4debe
1,336,formal-v1__profile__space_rescue__cpu_compute__p000__r02,formal-v1,profile,not_applicable,pressure_profile,"[""space_rescue""]",space_rescue,[],,,cpu_compute,0,2,8334408791872488841,20,60,1,20,windows-rtx4060,0,0,grid_2x2,true,82,1f4e3f3ce1069ad1b142225e539ac838483cf248849a3ee4b2d0608dd6f525bd,ed5c9df7f7b1e5686ad552b10abd5d853a23f5b3,data/raw/formal-v1/formal-v1__profile__space_rescue__cpu_compute__p000__r02,"{""space_rescue"":""games/pyxel/apps-src/space_rescue/space_rescue.py""}","{""space_rescue"":""f3b0ab6784ae558e64f06a3f0a704e53f107a130aa3d43357659d0850131e461""}",e99fd9bda667baea3629dd1fff763709ea5dc68824dca99d35280ab3b8d26ba2
1,337,formal-v1__profile__pyxel_platformer__cpu_compute__p025__r03,formal-v1,profile,not_applicable,pressure_profile,"[""pyxel_platformer""]",pyxel_platformer,[],,,cpu_compute,0.25,3,10993037683309115422,20,60,1,20,windows-rtx4060,0,0,grid_2x2,true,82,1f4e3f3ce1069ad1b142225e539ac838483cf248849a3ee4b2d0608dd6f525bd,ed5c9df7f7b1e5686ad552b10abd5d853a23f5b3,data/raw/formal-v1/formal-v1__profile__pyxel_platformer__cpu_compute__p025__r03,"{""pyxel_platformer"":""games/pyxel/10_platformer.py""}","{""pyxel_platformer"":""1b2c75b49dc9ab0254fb4b724682a4787868814a38d2f08920720dc5b6007ac5""}",4316fd6d84471b27607b521db6e06bf28d083f95ec867aee3f4b08442f15abf0
1,338,formal-v1__colocation__pyxel_platformer+pyxel_snake__r02,formal-v1,colocation-main,test,colocation,"[""pyxel_platformer"",""pyxel_snake""]",pyxel_platformer,"[""pyxel_snake""]",pyxel_platformer+pyxel_snake,pyxel_platformer+pyxel_snake__r02,,,2,7514933475297872201,20,60,1,20,windows-rtx4060,0,0,grid_2x2,true,82,1f4e3f3ce1069ad1b142225e539ac838483cf248849a3ee4b2d0608dd6f525bd,ed5c9df7f7b1e5686ad552b10abd5d853a23f5b3,data/raw/formal-v1/formal-v1__colocation__pyxel_platformer+pyxel_snake__r02,"{""pyxel_platformer"":""games/pyxel/10_platformer.py"",""pyxel_snake"":""games/pyxel/07_snake.py""}","{""pyxel_platformer"":""1b2c75b49dc9ab0254fb4b724682a4787868814a38d2f08920720dc5b6007ac5"",""pyxel_snake"":""bc533fef92d1d358e570f69d979919fe5c1cd8c4da49841104b49a1e661a5ac3""}",eba12a2e2d36974112389f96c0045de43bec32a6ba3c5b879dee3cfab34abd44
1,339,formal-v1__profile__daylight__gpu_compute__p075__r03,formal-v1,profile,not_applicable,pressure_profile,"[""daylight""]",daylight,[],,,gpu_compute,0.75,3,3167506021340663818,20,60,1,20,windows-rtx4060,0,0,grid_2x2,true,82,1f4e3f3ce1069ad1b142225e539ac838483cf248849a3ee4b2d0608dd6f525bd,ed5c9df7f7b1e5686ad552b10abd5d853a23f5b3,data/raw/formal-v1/formal-v1__profile__daylight__gpu_compute__p075__r03,"{""daylight"":""games/pyxel/apps-src/30SecondsOfDaylight/src/main.py""}","{""daylight"":""21a365375249e9d7ea05e78dcfe040f09cc1f0c66bd410bae084190c743a028f""}",5096346f2cb2809639db8d9f7a653fff4341328cc26fba197bf21ac6ea99e7e0
1,340,formal-v1__profile__mega_wing__gpu_compute__p000__r03,formal-v1,profile,not_applicable,pressure_profile,"[""mega_wing""]",mega_wing,[],,,gpu_compute,0,3,11336000559053576937,20,60,1,20,windows-rtx4060,0,0,grid_2x2,true,82,1f4e3f3ce1069ad1b142225e539ac838483cf248849a3ee4b2d0608dd6f525bd,ed5c9df7f7b1e5686ad552b10abd5d853a23f5b3,data/raw/formal-v1/formal-v1__profile__mega_wing__gpu_compute__p000__r03,"{""mega_wing"":""games/pyxel/apps-src/mega_wing/mega_wing.py""}","{""mega_wing"":""86bad6c02a303806c58137503739241dc6b1e86695f7c0dbf672b5e1a1464e9f""}",a90ca6b0951c9ba6a61b01fe4c65dcf25ca542e89d87e0c62e3aae9873fd80b9
1,341,formal-v1__profile__pyxel_platformer__gpu_compute__p000__r03,formal-v1,profile,not_applicable,pressure_profile,"[""pyxel_platformer""]",pyxel_platformer,[],,,gpu_compute,0,3,8761439065193958811,20,60,1,20,windows-rtx4060,0,0,grid_2x2,true,82,1f4e3f3ce1069ad1b142225e539ac838483cf248849a3ee4b2d0608dd6f525bd,ed5c9df7f7b1e5686ad552b10abd5d853a23f5b3,data/raw/formal-v1/formal-v1__profile__pyxel_platformer__gpu_compute__p000__r03,"{""pyxel_platformer"":""games/pyxel/10_platformer.py""}","{""pyxel_platformer"":""1b2c75b49dc9ab0254fb4b724682a4787868814a38d2f08920720dc5b6007ac5""}",28ac59f7d96295559776449b308f64ca827faaf97c7095bfca23b280768b8c19
1,342,formal-v1__profile__pyxel_platformer__gpu_compute__p050__r01,formal-v1,profile,not_applicable,pressure_profile,"[""pyxel_platformer""]",pyxel_platformer,[],,,gpu_compute,0.5,1,13172174301205081987,20,60,1,20,windows-rtx4060,0,0,grid_2x2,true,82,1f4e3f3ce1069ad1b142225e539ac838483cf248849a3ee4b2d0608dd6f525bd,ed5c9df7f7b1e5686ad552b10abd5d853a23f5b3,data/raw/formal-v1/formal-v1__profile__pyxel_platformer__gpu_compute__p050__r01,"{""pyxel_platformer"":""games/pyxel/10_platformer.py""}","{""pyxel_platformer"":""1b2c75b49dc9ab0254fb4b724682a4787868814a38d2f08920720dc5b6007ac5""}",1d82d34d341932b3b32eafbd520d3dbb05fe6c5444bff8dec66ead805c838840
1,343,formal-v1__profile__space_rescue__gpu_memory__p100__r01,formal-v1,profile,not_applicable,pressure_profile,"[""space_rescue""]",space_rescue,[],,,gpu_memory,1,1,13172641782876040840,20,60,1,20,windows-rtx4060,0,0,grid_2x2,true,82,1f4e3f3ce1069ad1b142225e539ac838483cf248849a3ee4b2d0608dd6f525bd,ed5c9df7f7b1e5686ad552b10abd5d853a23f5b3,data/raw/formal-v1/formal-v1__profile__space_rescue__gpu_memory__p100__r01,"{""space_rescue"":""games/pyxel/apps-src/space_rescue/space_rescue.py""}","{""space_rescue"":""f3b0ab6784ae558e64f06a3f0a704e53f107a130aa3d43357659d0850131e461""}",5e2d6beda379674c8086ef9ff797e5e4ff58db75ce989cf5cbe5fa405fc8e109
1,344,formal-v1__profile__space_rescue__gpu_memory__p075__r03,formal-v1,profile,not_applicable,pressure_profile,"[""space_rescue""]",space_rescue,[],,,gpu_memory,0.75,3,17536984166523353678,20,60,1,20,windows-rtx4060,0,0,grid_2x2,true,82,1f4e3f3ce1069ad1b142225e539ac838483cf248849a3ee4b2d0608dd6f525bd,ed5c9df7f7b1e5686ad552b10abd5d853a23f5b3,data/raw/formal-v1/formal-v1__profile__space_rescue__gpu_memory__p075__r03,"{""space_rescue"":""games/pyxel/apps-src/space_rescue/space_rescue.py""}","{""space_rescue"":""f3b0ab6784ae558e64f06a3f0a704e53f107a130aa3d43357659d0850131e461""}",f95dbeac4101dfd7c95ca5b687f870612766d86cc51847cb4a46cd8775176ea5
1,345,formal-v1__colocation__pyxel_platformer+pyxel_shooter__r01,formal-v1,colocation-main,train,colocation,"[""pyxel_platformer"",""pyxel_shooter""]",pyxel_platformer,"[""pyxel_shooter""]",pyxel_platformer+pyxel_shooter,pyxel_platformer+pyxel_shooter__r01,,,1,8933751458129542535,20,60,1,20,windows-rtx4060,0,0,grid_2x2,true,82,1f4e3f3ce1069ad1b142225e539ac838483cf248849a3ee4b2d0608dd6f525bd,ed5c9df7f7b1e5686ad552b10abd5d853a23f5b3,data/raw/formal-v1/formal-v1__colocation__pyxel_platformer+pyxel_shooter__r01,"{""pyxel_platformer"":""games/pyxel/10_platformer.py"",""pyxel_shooter"":""games/pyxel/09_shooter.py""}","{""pyxel_platformer"":""1b2c75b49dc9ab0254fb4b724682a4787868814a38d2f08920720dc5b6007ac5"",""pyxel_shooter"":""0f53e4156907eac41080a8f289e22c89365b3239517c754cf59a51af201d5563""}",cdb009b0b7fd1abd872e3305eab3e09e33b01450c3f6f931d9950f76e8eb4875
1,346,formal-v1__profile__pyxel_snake__cpu_compute__p025__r03,formal-v1,profile,not_applicable,pressure_profile,"[""pyxel_snake""]",pyxel_snake,[],,,cpu_compute,0.25,3,2175508777902779970,20,60,1,20,windows-rtx4060,0,0,grid_2x2,true,82,1f4e3f3ce1069ad1b142225e539ac838483cf248849a3ee4b2d0608dd6f525bd,ed5c9df7f7b1e5686ad552b10abd5d853a23f5b3,data/raw/formal-v1/formal-v1__profile__pyxel_snake__cpu_compute__p025__r03,"{""pyxel_snake"":""games/pyxel/07_snake.py""}","{""pyxel_snake"":""bc533fef92d1d358e570f69d979919fe5c1cd8c4da49841104b49a1e661a5ac3""}",ae8e79674602dda8f9ad3992b4d6a10cbe8073be419d5d294911dfe05dc34a9c
1,347,formal-v1__profile__pyxel_jump__cpu_compute__p025__r03,formal-v1,profile,not_applicable,pressure_profile,"[""pyxel_jump""]",pyxel_jump,[],,,cpu_compute,0.25,3,13656217511712241659,20,60,1,20,windows-rtx4060,0,0,grid_2x2,true,82,1f4e3f3ce1069ad1b142225e539ac838483cf248849a3ee4b2d0608dd6f525bd,ed5c9df7f7b1e5686ad552b10abd5d853a23f5b3,data/raw/formal-v1/formal-v1__profile__pyxel_jump__cpu_compute__p025__r03,"{""pyxel_jump"":""games/pyxel/02_jump_game.py""}","{""pyxel_jump"":""4743a825f1c9cae7e049ac52115f4ecf83350db546c00745a54af187d7bc2e46""}",9a0f112f014c8439c0a4f52750ace0a69fa4ba814fc3c480614da826db5e38cd
1,348,formal-v1__profile__daylight__gpu_memory__p025__r03,formal-v1,profile,not_applicable,pressure_profile,"[""daylight""]",daylight,[],,,gpu_memory,0.25,3,12781802666410310296,20,60,1,20,windows-rtx4060,0,0,grid_2x2,true,82,1f4e3f3ce1069ad1b142225e539ac838483cf248849a3ee4b2d0608dd6f525bd,ed5c9df7f7b1e5686ad552b10abd5d853a23f5b3,data/raw/formal-v1/formal-v1__profile__daylight__gpu_memory__p025__r03,"{""daylight"":""games/pyxel/apps-src/30SecondsOfDaylight/src/main.py""}","{""daylight"":""21a365375249e9d7ea05e78dcfe040f09cc1f0c66bd410bae084190c743a028f""}",b0591922ffdedcc601c7fc518c8d9244caccc45409d2704b27a199b49b042f89
1,349,formal-v1__profile__daylight__memory_bandwidth__p000__r03,formal-v1,profile,not_applicable,pressure_profile,"[""daylight""]",daylight,[],,,memory_bandwidth,0,3,9751722257376424109,20,60,1,20,windows-rtx4060,0,0,grid_2x2,true,82,1f4e3f3ce1069ad1b142225e539ac838483cf248849a3ee4b2d0608dd6f525bd,ed5c9df7f7b1e5686ad552b10abd5d853a23f5b3,data/raw/formal-v1/formal-v1__profile__daylight__memory_bandwidth__p000__r03,"{""daylight"":""games/pyxel/apps-src/30SecondsOfDaylight/src/main.py""}","{""daylight"":""21a365375249e9d7ea05e78dcfe040f09cc1f0c66bd410bae084190c743a028f""}",38acbf22b14b11b2717c087e5262e50b9100f0ceadf47bae80165178b3aa376b
1,350,formal-v1__profile__mega_wing__cpu_compute__p050__r01,formal-v1,profile,not_applicable,pressure_profile,"[""mega_wing""]",mega_wing,[],,,cpu_compute,0.5,1,7852355261493721883,20,60,1,20,windows-rtx4060,0,0,grid_2x2,true,82,1f4e3f3ce1069ad1b142225e539ac838483cf248849a3ee4b2d0608dd6f525bd,ed5c9df7f7b1e5686ad552b10abd5d853a23f5b3,data/raw/formal-v1/formal-v1__profile__mega_wing__cpu_compute__p050__r01,"{""mega_wing"":""games/pyxel/apps-src/mega_wing/mega_wing.py""}","{""mega_wing"":""86bad6c02a303806c58137503739241dc6b1e86695f7c0dbf672b5e1a1464e9f""}",604842b595c960e3f4f3f28a8ebc451c2a3edbbf95ca03e9d0c895d479ea2800
1,351,formal-v1__colocation__daylight+pyxel_platformer+pyxel_shooter__r03,formal-v1,colocation-main,validation,colocation,"[""daylight"",""pyxel_platformer"",""pyxel_shooter""]",daylight,"[""pyxel_platformer"",""pyxel_shooter""]",daylight+pyxel_platformer+pyxel_shooter,daylight+pyxel_platformer+pyxel_shooter__r03,,,3,16822868372042291631,20,60,1,20,windows-rtx4060,0,0,grid_2x2,true,82,1f4e3f3ce1069ad1b142225e539ac838483cf248849a3ee4b2d0608dd6f525bd,ed5c9df7f7b1e5686ad552b10abd5d853a23f5b3,data/raw/formal-v1/formal-v1__colocation__daylight+pyxel_platformer+pyxel_shooter__r03,"{""daylight"":""games/pyxel/apps-src/30SecondsOfDaylight/src/main.py"",""pyxel_platformer"":""games/pyxel/10_platformer.py"",""pyxel_shooter"":""games/pyxel/09_shooter.py""}","{""daylight"":""21a365375249e9d7ea05e78dcfe040f09cc1f0c66bd410bae084190c743a028f"",""pyxel_platformer"":""1b2c75b49dc9ab0254fb4b724682a4787868814a38d2f08920720dc5b6007ac5"",""pyxel_shooter"":""0f53e4156907eac41080a8f289e22c89365b3239517c754cf59a51af201d5563""}",4dddffe5008fac4a82c03409da75e8bf3058a2087b1a5d7569e144efc810dbfb
1,352,formal-v1__profile__pyxel_bubbles__memory_bandwidth__p000__r01,formal-v1,profile,not_applicable,pressure_profile,"[""pyxel_bubbles""]",pyxel_bubbles,[],,,memory_bandwidth,0,1,8523732049358515730,20,60,1,20,windows-rtx4060,0,0,grid_2x2,true,82,1f4e3f3ce1069ad1b142225e539ac838483cf248849a3ee4b2d0608dd6f525bd,ed5c9df7f7b1e5686ad552b10abd5d853a23f5b3,data/raw/formal-v1/formal-v1__profile__pyxel_bubbles__memory_bandwidth__p000__r01,"{""pyxel_bubbles"":""games/pyxel/06_click_game.py""}","{""pyxel_bubbles"":""54c101e90bdaed839ac4c4284494530d5df37a5819a35f1e41eebb0b3da5d900""}",c49b1e5d43bd0b97c7f3d2ffd238b67727c6366060ac22081a6f30a690a7d697
1,353,formal-v1__profile__pyxel_shooter__gpu_compute__p050__r01,formal-v1,profile,not_applicable,pressure_profile,"[""pyxel_shooter""]",pyxel_shooter,[],,,gpu_compute,0.5,1,6895750260803978302,20,60,1,20,windows-rtx4060,0,0,grid_2x2,true,82,1f4e3f3ce1069ad1b142225e539ac838483cf248849a3ee4b2d0608dd6f525bd,ed5c9df7f7b1e5686ad552b10abd5d853a23f5b3,data/raw/formal-v1/formal-v1__profile__pyxel_shooter__gpu_compute__p050__r01,"{""pyxel_shooter"":""games/pyxel/09_shooter.py""}","{""pyxel_shooter"":""0f53e4156907eac41080a8f289e22c89365b3239517c754cf59a51af201d5563""}",afa8a124a4c79f36140e97b7284f12bb0445f4ab9cce40623adf86e26822edec
1,354,formal-v1__profile__mega_wing__cpu_compute__p025__r02,formal-v1,profile,not_applicable,pressure_profile,"[""mega_wing""]",mega_wing,[],,,cpu_compute,0.25,2,3130259094706830718,20,60,1,20,windows-rtx4060,0,0,grid_2x2,true,82,1f4e3f3ce1069ad1b142225e539ac838483cf248849a3ee4b2d0608dd6f525bd,ed5c9df7f7b1e5686ad552b10abd5d853a23f5b3,data/raw/formal-v1/formal-v1__profile__mega_wing__cpu_compute__p025__r02,"{""mega_wing"":""games/pyxel/apps-src/mega_wing/mega_wing.py""}","{""mega_wing"":""86bad6c02a303806c58137503739241dc6b1e86695f7c0dbf672b5e1a1464e9f""}",ea4c7b66550e959da065b231a5f7bb22b3e66ad063882cb95ee3414c1c2e77f3
1,355,formal-v1__profile__mega_wing__gpu_memory__p050__r01,formal-v1,profile,not_applicable,pressure_profile,"[""mega_wing""]",mega_wing,[],,,gpu_memory,0.5,1,13357739170159462343,20,60,1,20,windows-rtx4060,0,0,grid_2x2,true,82,1f4e3f3ce1069ad1b142225e539ac838483cf248849a3ee4b2d0608dd6f525bd,ed5c9df7f7b1e5686ad552b10abd5d853a23f5b3,data/raw/formal-v1/formal-v1__profile__mega_wing__gpu_memory__p050__r01,"{""mega_wing"":""games/pyxel/apps-src/mega_wing/mega_wing.py""}","{""mega_wing"":""86bad6c02a303806c58137503739241dc6b1e86695f7c0dbf672b5e1a1464e9f""}",054dfc5a463c3fce98655c10b5f2966b092b89d5a094343770179a28a0cde3b1
1,356,formal-v1__extra__mega_wing+pyxel_bubbles+pyxel_platformer+pyxel_shooter__r03,formal-v1,colocation-extra-test,extra_test,extra_test,"[""mega_wing"",""pyxel_bubbles"",""pyxel_platformer"",""pyxel_shooter""]",mega_wing,"[""pyxel_bubbles"",""pyxel_platformer"",""pyxel_shooter""]",mega_wing+pyxel_bubbles+pyxel_platformer+pyxel_shooter,mega_wing+pyxel_bubbles+pyxel_platformer+pyxel_shooter__r03,,,3,15157778988543986875,20,60,1,20,windows-rtx4060,0,0,grid_2x2,true,82,1f4e3f3ce1069ad1b142225e539ac838483cf248849a3ee4b2d0608dd6f525bd,ed5c9df7f7b1e5686ad552b10abd5d853a23f5b3,data/raw/formal-v1/formal-v1__extra__mega_wing+pyxel_bubbles+pyxel_platformer+pyxel_shooter__r03,"{""mega_wing"":""games/pyxel/apps-src/mega_wing/mega_wing.py"",""pyxel_bubbles"":""games/pyxel/06_click_game.py"",""pyxel_platformer"":""games/pyxel/10_platformer.py"",""pyxel_shooter"":""games/pyxel/09_shooter.py""}","{""mega_wing"":""86bad6c02a303806c58137503739241dc6b1e86695f7c0dbf672b5e1a1464e9f"",""pyxel_bubbles"":""54c101e90bdaed839ac4c4284494530d5df37a5819a35f1e41eebb0b3da5d900"",""pyxel_platformer"":""1b2c75b49dc9ab0254fb4b724682a4787868814a38d2f08920720dc5b6007ac5"",""pyxel_shooter"":""0f53e4156907eac41080a8f289e22c89365b3239517c754cf59a51af201d5563""}",a153a251877ba74af8ce4823702a8e786f1366b2d3e471479246a3ab28ba317b
1,357,formal-v1__profile__pyxel_platformer__gpu_memory__p050__r03,formal-v1,profile,not_applicable,pressure_profile,"[""pyxel_platformer""]",pyxel_platformer,[],,,gpu_memory,0.5,3,3778911740303501403,20,60,1,20,windows-rtx4060,0,0,grid_2x2,true,82,1f4e3f3ce1069ad1b142225e539ac838483cf248849a3ee4b2d0608dd6f525bd,ed5c9df7f7b1e5686ad552b10abd5d853a23f5b3,data/raw/formal-v1/formal-v1__profile__pyxel_platformer__gpu_memory__p050__r03,"{""pyxel_platformer"":""games/pyxel/10_platformer.py""}","{""pyxel_platformer"":""1b2c75b49dc9ab0254fb4b724682a4787868814a38d2f08920720dc5b6007ac5""}",40e5c9b1e67ea7df7e3c525136984e42c3b6b41e5d3a9f52b40aa01812626521
1,358,formal-v1__profile__daylight__memory_bandwidth__p000__r01,formal-v1,profile,not_applicable,pressure_profile,"[""daylight""]",daylight,[],,,memory_bandwidth,0,1,488805906438535503,20,60,1,20,windows-rtx4060,0,0,grid_2x2,true,82,1f4e3f3ce1069ad1b142225e539ac838483cf248849a3ee4b2d0608dd6f525bd,ed5c9df7f7b1e5686ad552b10abd5d853a23f5b3,data/raw/formal-v1/formal-v1__profile__daylight__memory_bandwidth__p000__r01,"{""daylight"":""games/pyxel/apps-src/30SecondsOfDaylight/src/main.py""}","{""daylight"":""21a365375249e9d7ea05e78dcfe040f09cc1f0c66bd410bae084190c743a028f""}",7665cec2c0f10bd09db6ee9279557685c10761aaf6ac3c534d87de4d710ea27b
1,359,formal-v1__profile__pyxel_bubbles__gpu_memory__p075__r01,formal-v1,profile,not_applicable,pressure_profile,"[""pyxel_bubbles""]",pyxel_bubbles,[],,,gpu_memory,0.75,1,7646623815991951186,20,60,1,20,windows-rtx4060,0,0,grid_2x2,true,82,1f4e3f3ce1069ad1b142225e539ac838483cf248849a3ee4b2d0608dd6f525bd,ed5c9df7f7b1e5686ad552b10abd5d853a23f5b3,data/raw/formal-v1/formal-v1__profile__pyxel_bubbles__gpu_memory__p075__r01,"{""pyxel_bubbles"":""games/pyxel/06_click_game.py""}","{""pyxel_bubbles"":""54c101e90bdaed839ac4c4284494530d5df37a5819a35f1e41eebb0b3da5d900""}",003e62b204753e68678693a742d8863d597ec6302efd30f891ade9e89cf9eb06
1,360,formal-v1__extra__daylight+pyxel_bubbles+pyxel_shooter+space_rescue__r01,formal-v1,colocation-extra-test,extra_test,extra_test,"[""daylight"",""pyxel_bubbles"",""pyxel_shooter"",""space_rescue""]",daylight,"[""pyxel_bubbles"",""pyxel_shooter"",""space_rescue""]",daylight+pyxel_bubbles+pyxel_shooter+space_rescue,daylight+pyxel_bubbles+pyxel_shooter+space_rescue__r01,,,1,9290543302165654706,20,60,1,20,windows-rtx4060,0,0,grid_2x2,true,82,1f4e3f3ce1069ad1b142225e539ac838483cf248849a3ee4b2d0608dd6f525bd,ed5c9df7f7b1e5686ad552b10abd5d853a23f5b3,data/raw/formal-v1/formal-v1__extra__daylight+pyxel_bubbles+pyxel_shooter+space_rescue__r01,"{""daylight"":""games/pyxel/apps-src/30SecondsOfDaylight/src/main.py"",""pyxel_bubbles"":""games/pyxel/06_click_game.py"",""pyxel_shooter"":""games/pyxel/09_shooter.py"",""space_rescue"":""games/pyxel/apps-src/space_rescue/space_rescue.py""}","{""daylight"":""21a365375249e9d7ea05e78dcfe040f09cc1f0c66bd410bae084190c743a028f"",""pyxel_bubbles"":""54c101e90bdaed839ac4c4284494530d5df37a5819a35f1e41eebb0b3da5d900"",""pyxel_shooter"":""0f53e4156907eac41080a8f289e22c89365b3239517c754cf59a51af201d5563"",""space_rescue"":""f3b0ab6784ae558e64f06a3f0a704e53f107a130aa3d43357659d0850131e461""}",f1ef0832039ccda1dabb89ae092a7f250a4ca67723942496b595cba0d8cbe87a
1,361,formal-v1__colocation__pyxel_shooter+space_rescue__r01,formal-v1,colocation-main,train,colocation,"[""pyxel_shooter"",""space_rescue""]",pyxel_shooter,"[""space_rescue""]",pyxel_shooter+space_rescue,pyxel_shooter+space_rescue__r01,,,1,3409492940256028323,20,60,1,20,windows-rtx4060,0,0,grid_2x2,true,82,1f4e3f3ce1069ad1b142225e539ac838483cf248849a3ee4b2d0608dd6f525bd,ed5c9df7f7b1e5686ad552b10abd5d853a23f5b3,data/raw/formal-v1/formal-v1__colocation__pyxel_shooter+space_rescue__r01,"{""pyxel_shooter"":""games/pyxel/09_shooter.py"",""space_rescue"":""games/pyxel/apps-src/space_rescue/space_rescue.py""}","{""pyxel_shooter"":""0f53e4156907eac41080a8f289e22c89365b3239517c754cf59a51af201d5563"",""space_rescue"":""f3b0ab6784ae558e64f06a3f0a704e53f107a130aa3d43357659d0850131e461""}",fd9003443a0ceb95c0e76ca8d3638b1a4d8e19f63759cfabb267c783e317b2a2
1,362,formal-v1__profile__pyxel_shooter__gpu_compute__p075__r02,formal-v1,profile,not_applicable,pressure_profile,"[""pyxel_shooter""]",pyxel_shooter,[],,,gpu_compute,0.75,2,15223055980343632781,20,60,1,20,windows-rtx4060,0,0,grid_2x2,true,82,1f4e3f3ce1069ad1b142225e539ac838483cf248849a3ee4b2d0608dd6f525bd,ed5c9df7f7b1e5686ad552b10abd5d853a23f5b3,data/raw/formal-v1/formal-v1__profile__pyxel_shooter__gpu_compute__p075__r02,"{""pyxel_shooter"":""games/pyxel/09_shooter.py""}","{""pyxel_shooter"":""0f53e4156907eac41080a8f289e22c89365b3239517c754cf59a51af201d5563""}",889839cfff17dc56f0df8506f6bf7d71e96afc9d9fb945e41806bad0f78dd041
1,363,formal-v1__colocation__pyxel_jump+pyxel_platformer+space_rescue__r01,formal-v1,colocation-main,train,colocation,"[""pyxel_jump"",""pyxel_platformer"",""space_rescue""]",pyxel_jump,"[""pyxel_platformer"",""space_rescue""]",pyxel_jump+pyxel_platformer+space_rescue,pyxel_jump+pyxel_platformer+space_rescue__r01,,,1,15477863439223556564,20,60,1,20,windows-rtx4060,0,0,grid_2x2,true,82,1f4e3f3ce1069ad1b142225e539ac838483cf248849a3ee4b2d0608dd6f525bd,ed5c9df7f7b1e5686ad552b10abd5d853a23f5b3,data/raw/formal-v1/formal-v1__colocation__pyxel_jump+pyxel_platformer+space_rescue__r01,"{""pyxel_jump"":""games/pyxel/02_jump_game.py"",""pyxel_platformer"":""games/pyxel/10_platformer.py"",""space_rescue"":""games/pyxel/apps-src/space_rescue/space_rescue.py""}","{""pyxel_jump"":""4743a825f1c9cae7e049ac52115f4ecf83350db546c00745a54af187d7bc2e46"",""pyxel_platformer"":""1b2c75b49dc9ab0254fb4b724682a4787868814a38d2f08920720dc5b6007ac5"",""space_rescue"":""f3b0ab6784ae558e64f06a3f0a704e53f107a130aa3d43357659d0850131e461""}",43cea3cc70f77d84973a51f59008e39dc6ae3a161df68fcf49830c4ae47239a8
1,364,formal-v1__profile__pyxel_shooter__gpu_compute__p000__r01,formal-v1,profile,not_applicable,pressure_profile,"[""pyxel_shooter""]",pyxel_shooter,[],,,gpu_compute,0,1,3546432122714330070,20,60,1,20,windows-rtx4060,0,0,grid_2x2,true,82,1f4e3f3ce1069ad1b142225e539ac838483cf248849a3ee4b2d0608dd6f525bd,ed5c9df7f7b1e5686ad552b10abd5d853a23f5b3,data/raw/formal-v1/formal-v1__profile__pyxel_shooter__gpu_compute__p000__r01,"{""pyxel_shooter"":""games/pyxel/09_shooter.py""}","{""pyxel_shooter"":""0f53e4156907eac41080a8f289e22c89365b3239517c754cf59a51af201d5563""}",100feb3af2588272afafbc6be154b23581536248e451f99b69852a764041af3e
1,365,formal-v1__profile__pyxel_shooter__gpu_memory__p050__r01,formal-v1,profile,not_applicable,pressure_profile,"[""pyxel_shooter""]",pyxel_shooter,[],,,gpu_memory,0.5,1,4331096482645805544,20,60,1,20,windows-rtx4060,0,0,grid_2x2,true,82,1f4e3f3ce1069ad1b142225e539ac838483cf248849a3ee4b2d0608dd6f525bd,ed5c9df7f7b1e5686ad552b10abd5d853a23f5b3,data/raw/formal-v1/formal-v1__profile__pyxel_shooter__gpu_memory__p050__r01,"{""pyxel_shooter"":""games/pyxel/09_shooter.py""}","{""pyxel_shooter"":""0f53e4156907eac41080a8f289e22c89365b3239517c754cf59a51af201d5563""}",5a497ac6feb46e15c3cb38f5d78079c671fd9a3267128f43e189c4786c9f8eec
1,366,formal-v1__profile__pyxel_snake__gpu_compute__p025__r01,formal-v1,profile,not_applicable,pressure_profile,"[""pyxel_snake""]",pyxel_snake,[],,,gpu_compute,0.25,1,10330658816690249995,20,60,1,20,windows-rtx4060,0,0,grid_2x2,true,82,1f4e3f3ce1069ad1b142225e539ac838483cf248849a3ee4b2d0608dd6f525bd,ed5c9df7f7b1e5686ad552b10abd5d853a23f5b3,data/raw/formal-v1/formal-v1__profile__pyxel_snake__gpu_compute__p025__r01,"{""pyxel_snake"":""games/pyxel/07_snake.py""}","{""pyxel_snake"":""bc533fef92d1d358e570f69d979919fe5c1cd8c4da49841104b49a1e661a5ac3""}",964c374b32649747b36315577417723c83b0355557924e17cfec2b4b1a153ac7
1,367,formal-v1__profile__space_rescue__cpu_compute__p100__r01,formal-v1,profile,not_applicable,pressure_profile,"[""space_rescue""]",space_rescue,[],,,cpu_compute,1,1,4077656982722390021,20,60,1,20,windows-rtx4060,0,0,grid_2x2,true,82,1f4e3f3ce1069ad1b142225e539ac838483cf248849a3ee4b2d0608dd6f525bd,ed5c9df7f7b1e5686ad552b10abd5d853a23f5b3,data/raw/formal-v1/formal-v1__profile__space_rescue__cpu_compute__p100__r01,"{""space_rescue"":""games/pyxel/apps-src/space_rescue/space_rescue.py""}","{""space_rescue"":""f3b0ab6784ae558e64f06a3f0a704e53f107a130aa3d43357659d0850131e461""}",5b8ffd6456a7fa7d0ff4048670c08f315eadc7cc23c050ac15f7176edb045240
1,368,formal-v1__extra__mega_wing+pyxel_shooter+pyxel_snake+space_rescue__r02,formal-v1,colocation-extra-test,extra_test,extra_test,"[""mega_wing"",""pyxel_shooter"",""pyxel_snake"",""space_rescue""]",mega_wing,"[""pyxel_shooter"",""pyxel_snake"",""space_rescue""]",mega_wing+pyxel_shooter+pyxel_snake+space_rescue,mega_wing+pyxel_shooter+pyxel_snake+space_rescue__r02,,,2,2237034306085882399,20,60,1,20,windows-rtx4060,0,0,grid_2x2,true,82,1f4e3f3ce1069ad1b142225e539ac838483cf248849a3ee4b2d0608dd6f525bd,ed5c9df7f7b1e5686ad552b10abd5d853a23f5b3,data/raw/formal-v1/formal-v1__extra__mega_wing+pyxel_shooter+pyxel_snake+space_rescue__r02,"{""mega_wing"":""games/pyxel/apps-src/mega_wing/mega_wing.py"",""pyxel_shooter"":""games/pyxel/09_shooter.py"",""pyxel_snake"":""games/pyxel/07_snake.py"",""space_rescue"":""games/pyxel/apps-src/space_rescue/space_rescue.py""}","{""mega_wing"":""86bad6c02a303806c58137503739241dc6b1e86695f7c0dbf672b5e1a1464e9f"",""pyxel_shooter"":""0f53e4156907eac41080a8f289e22c89365b3239517c754cf59a51af201d5563"",""pyxel_snake"":""bc533fef92d1d358e570f69d979919fe5c1cd8c4da49841104b49a1e661a5ac3"",""space_rescue"":""f3b0ab6784ae558e64f06a3f0a704e53f107a130aa3d43357659d0850131e461""}",7dbe8292f3a99270ffac22f5a0c4fdabec353c88889c4af43b6902deb928e903
1,369,formal-v1__profile__pyxel_bubbles__gpu_memory__p000__r01,formal-v1,profile,not_applicable,pressure_profile,"[""pyxel_bubbles""]",pyxel_bubbles,[],,,gpu_memory,0,1,1997690255572947330,20,60,1,20,windows-rtx4060,0,0,grid_2x2,true,82,1f4e3f3ce1069ad1b142225e539ac838483cf248849a3ee4b2d0608dd6f525bd,ed5c9df7f7b1e5686ad552b10abd5d853a23f5b3,data/raw/formal-v1/formal-v1__profile__pyxel_bubbles__gpu_memory__p000__r01,"{""pyxel_bubbles"":""games/pyxel/06_click_game.py""}","{""pyxel_bubbles"":""54c101e90bdaed839ac4c4284494530d5df37a5819a35f1e41eebb0b3da5d900""}",daee03a9b2de88f5e457e488c0aab1d4995c14812b5d4408122f8848c5bb4c1f
1,370,formal-v1__solo__mega_wing__r01,formal-v1,solo,not_applicable,solo,"[""mega_wing""]",mega_wing,[],,,,,1,1500800984451425268,20,60,1,20,windows-rtx4060,0,0,grid_2x2,true,82,1f4e3f3ce1069ad1b142225e539ac838483cf248849a3ee4b2d0608dd6f525bd,ed5c9df7f7b1e5686ad552b10abd5d853a23f5b3,data/raw/formal-v1/formal-v1__solo__mega_wing__r01,"{""mega_wing"":""games/pyxel/apps-src/mega_wing/mega_wing.py""}","{""mega_wing"":""86bad6c02a303806c58137503739241dc6b1e86695f7c0dbf672b5e1a1464e9f""}",b4011be67fbd21f941019c62993c033b7b6fa4ca03c5fe70862f096dd217eaea
1,371,formal-v1__colocation__daylight+mega_wing+pyxel_jump__r02,formal-v1,colocation-main,train,colocation,"[""daylight"",""mega_wing"",""pyxel_jump""]",daylight,"[""mega_wing"",""pyxel_jump""]",daylight+mega_wing+pyxel_jump,daylight+mega_wing+pyxel_jump__r02,,,2,7222004332748656175,20,60,1,20,windows-rtx4060,0,0,grid_2x2,true,82,1f4e3f3ce1069ad1b142225e539ac838483cf248849a3ee4b2d0608dd6f525bd,ed5c9df7f7b1e5686ad552b10abd5d853a23f5b3,data/raw/formal-v1/formal-v1__colocation__daylight+mega_wing+pyxel_jump__r02,"{""daylight"":""games/pyxel/apps-src/30SecondsOfDaylight/src/main.py"",""mega_wing"":""games/pyxel/apps-src/mega_wing/mega_wing.py"",""pyxel_jump"":""games/pyxel/02_jump_game.py""}","{""daylight"":""21a365375249e9d7ea05e78dcfe040f09cc1f0c66bd410bae084190c743a028f"",""mega_wing"":""86bad6c02a303806c58137503739241dc6b1e86695f7c0dbf672b5e1a1464e9f"",""pyxel_jump"":""4743a825f1c9cae7e049ac52115f4ecf83350db546c00745a54af187d7bc2e46""}",1eaf131912383ae0f6e573c56293f713d7c14d9bfedbbaa7e60ff14cb69f3ecf
1,372,formal-v1__profile__mega_wing__gpu_compute__p100__r03,formal-v1,profile,not_applicable,pressure_profile,"[""mega_wing""]",mega_wing,[],,,gpu_compute,1,3,15435174182738009245,20,60,1,20,windows-rtx4060,0,0,grid_2x2,true,82,1f4e3f3ce1069ad1b142225e539ac838483cf248849a3ee4b2d0608dd6f525bd,ed5c9df7f7b1e5686ad552b10abd5d853a23f5b3,data/raw/formal-v1/formal-v1__profile__mega_wing__gpu_compute__p100__r03,"{""mega_wing"":""games/pyxel/apps-src/mega_wing/mega_wing.py""}","{""mega_wing"":""86bad6c02a303806c58137503739241dc6b1e86695f7c0dbf672b5e1a1464e9f""}",6a02bf3894e32a1bb020de8f8caba7aca2dad7815c5409d7bb4cdb667faa9eb1
1,373,formal-v1__profile__pyxel_platformer__memory_bandwidth__p075__r01,formal-v1,profile,not_applicable,pressure_profile,"[""pyxel_platformer""]",pyxel_platformer,[],,,memory_bandwidth,0.75,1,14876735758325858983,20,60,1,20,windows-rtx4060,0,0,grid_2x2,true,82,1f4e3f3ce1069ad1b142225e539ac838483cf248849a3ee4b2d0608dd6f525bd,ed5c9df7f7b1e5686ad552b10abd5d853a23f5b3,data/raw/formal-v1/formal-v1__profile__pyxel_platformer__memory_bandwidth__p075__r01,"{""pyxel_platformer"":""games/pyxel/10_platformer.py""}","{""pyxel_platformer"":""1b2c75b49dc9ab0254fb4b724682a4787868814a38d2f08920720dc5b6007ac5""}",6e6a6259a45db7aacd2760319a5e2886349381d10140acd48d7b8c464e801aba
1,374,formal-v1__profile__pyxel_platformer__memory_bandwidth__p025__r02,formal-v1,profile,not_applicable,pressure_profile,"[""pyxel_platformer""]",pyxel_platformer,[],,,memory_bandwidth,0.25,2,4607241080836934453,20,60,1,20,windows-rtx4060,0,0,grid_2x2,true,82,1f4e3f3ce1069ad1b142225e539ac838483cf248849a3ee4b2d0608dd6f525bd,ed5c9df7f7b1e5686ad552b10abd5d853a23f5b3,data/raw/formal-v1/formal-v1__profile__pyxel_platformer__memory_bandwidth__p025__r02,"{""pyxel_platformer"":""games/pyxel/10_platformer.py""}","{""pyxel_platformer"":""1b2c75b49dc9ab0254fb4b724682a4787868814a38d2f08920720dc5b6007ac5""}",dd094c64a5247527435948dee57b08004543b486f0f7c9ba93a42c51a900a2dc
1,375,formal-v1__profile__pyxel_platformer__cpu_compute__p075__r03,formal-v1,profile,not_applicable,pressure_profile,"[""pyxel_platformer""]",pyxel_platformer,[],,,cpu_compute,0.75,3,15993045595473113112,20,60,1,20,windows-rtx4060,0,0,grid_2x2,true,82,1f4e3f3ce1069ad1b142225e539ac838483cf248849a3ee4b2d0608dd6f525bd,ed5c9df7f7b1e5686ad552b10abd5d853a23f5b3,data/raw/formal-v1/formal-v1__profile__pyxel_platformer__cpu_compute__p075__r03,"{""pyxel_platformer"":""games/pyxel/10_platformer.py""}","{""pyxel_platformer"":""1b2c75b49dc9ab0254fb4b724682a4787868814a38d2f08920720dc5b6007ac5""}",c6142dd2a40e2fe948494bb59e4240b5d096c53798846f94a3a919fa369fedd9
1,376,formal-v1__colocation__daylight+mega_wing+pyxel_snake__r02,formal-v1,colocation-main,train,colocation,"[""daylight"",""mega_wing"",""pyxel_snake""]",daylight,"[""mega_wing"",""pyxel_snake""]",daylight+mega_wing+pyxel_snake,daylight+mega_wing+pyxel_snake__r02,,,2,16449235478986671915,20,60,1,20,windows-rtx4060,0,0,grid_2x2,true,82,1f4e3f3ce1069ad1b142225e539ac838483cf248849a3ee4b2d0608dd6f525bd,ed5c9df7f7b1e5686ad552b10abd5d853a23f5b3,data/raw/formal-v1/formal-v1__colocation__daylight+mega_wing+pyxel_snake__r02,"{""daylight"":""games/pyxel/apps-src/30SecondsOfDaylight/src/main.py"",""mega_wing"":""games/pyxel/apps-src/mega_wing/mega_wing.py"",""pyxel_snake"":""games/pyxel/07_snake.py""}","{""daylight"":""21a365375249e9d7ea05e78dcfe040f09cc1f0c66bd410bae084190c743a028f"",""mega_wing"":""86bad6c02a303806c58137503739241dc6b1e86695f7c0dbf672b5e1a1464e9f"",""pyxel_snake"":""bc533fef92d1d358e570f69d979919fe5c1cd8c4da49841104b49a1e661a5ac3""}",8fa4a5297f2541e4492723e6dc0ad73bae501a96802ee8725f84318eca591e1d
1,377,formal-v1__profile__pyxel_platformer__gpu_memory__p025__r01,formal-v1,profile,not_applicable,pressure_profile,"[""pyxel_platformer""]",pyxel_platformer,[],,,gpu_memory,0.25,1,13922687718530802983,20,60,1,20,windows-rtx4060,0,0,grid_2x2,true,82,1f4e3f3ce1069ad1b142225e539ac838483cf248849a3ee4b2d0608dd6f525bd,ed5c9df7f7b1e5686ad552b10abd5d853a23f5b3,data/raw/formal-v1/formal-v1__profile__pyxel_platformer__gpu_memory__p025__r01,"{""pyxel_platformer"":""games/pyxel/10_platformer.py""}","{""pyxel_platformer"":""1b2c75b49dc9ab0254fb4b724682a4787868814a38d2f08920720dc5b6007ac5""}",cf617dc5eee20e18efdebe0cc7a28b0a773e267269212f8217467b9c4a46e0de
1,378,formal-v1__profile__mega_wing__gpu_compute__p050__r03,formal-v1,profile,not_applicable,pressure_profile,"[""mega_wing""]",mega_wing,[],,,gpu_compute,0.5,3,4264682118148023704,20,60,1,20,windows-rtx4060,0,0,grid_2x2,true,82,1f4e3f3ce1069ad1b142225e539ac838483cf248849a3ee4b2d0608dd6f525bd,ed5c9df7f7b1e5686ad552b10abd5d853a23f5b3,data/raw/formal-v1/formal-v1__profile__mega_wing__gpu_compute__p050__r03,"{""mega_wing"":""games/pyxel/apps-src/mega_wing/mega_wing.py""}","{""mega_wing"":""86bad6c02a303806c58137503739241dc6b1e86695f7c0dbf672b5e1a1464e9f""}",32844b87591509fe4fb6e8dba75a2fe6c5f2c044577f20173a4d5aa8145e1654
1,379,formal-v1__colocation__mega_wing+pyxel_bubbles__r03,formal-v1,colocation-main,test,colocation,"[""mega_wing"",""pyxel_bubbles""]",mega_wing,"[""pyxel_bubbles""]",mega_wing+pyxel_bubbles,mega_wing+pyxel_bubbles__r03,,,3,3866551881507876657,20,60,1,20,windows-rtx4060,0,0,grid_2x2,true,82,1f4e3f3ce1069ad1b142225e539ac838483cf248849a3ee4b2d0608dd6f525bd,ed5c9df7f7b1e5686ad552b10abd5d853a23f5b3,data/raw/formal-v1/formal-v1__colocation__mega_wing+pyxel_bubbles__r03,"{""mega_wing"":""games/pyxel/apps-src/mega_wing/mega_wing.py"",""pyxel_bubbles"":""games/pyxel/06_click_game.py""}","{""mega_wing"":""86bad6c02a303806c58137503739241dc6b1e86695f7c0dbf672b5e1a1464e9f"",""pyxel_bubbles"":""54c101e90bdaed839ac4c4284494530d5df37a5819a35f1e41eebb0b3da5d900""}",74ae0518fd09ad9ba26cc809f53a8200bfde1aa2adcc9fa39cf30302109bc809
1,380,formal-v1__profile__pyxel_jump__cpu_compute__p100__r03,formal-v1,profile,not_applicable,pressure_profile,"[""pyxel_jump""]",pyxel_jump,[],,,cpu_compute,1,3,9968397787741995314,20,60,1,20,windows-rtx4060,0,0,grid_2x2,true,82,1f4e3f3ce1069ad1b142225e539ac838483cf248849a3ee4b2d0608dd6f525bd,ed5c9df7f7b1e5686ad552b10abd5d853a23f5b3,data/raw/formal-v1/formal-v1__profile__pyxel_jump__cpu_compute__p100__r03,"{""pyxel_jump"":""games/pyxel/02_jump_game.py""}","{""pyxel_jump"":""4743a825f1c9cae7e049ac52115f4ecf83350db546c00745a54af187d7bc2e46""}",790a71b13aa9aaacd85ed92b77b644f173317b01df49bd03b14c3a62016aa288
1,381,formal-v1__profile__mega_wing__memory_bandwidth__p075__r01,formal-v1,profile,not_applicable,pressure_profile,"[""mega_wing""]",mega_wing,[],,,memory_bandwidth,0.75,1,1899649906298052157,20,60,1,20,windows-rtx4060,0,0,grid_2x2,true,82,1f4e3f3ce1069ad1b142225e539ac838483cf248849a3ee4b2d0608dd6f525bd,ed5c9df7f7b1e5686ad552b10abd5d853a23f5b3,data/raw/formal-v1/formal-v1__profile__mega_wing__memory_bandwidth__p075__r01,"{""mega_wing"":""games/pyxel/apps-src/mega_wing/mega_wing.py""}","{""mega_wing"":""86bad6c02a303806c58137503739241dc6b1e86695f7c0dbf672b5e1a1464e9f""}",76ccd070fc8c772ba5d0276af596de974865bcc050bef4dcbddb9ba30e2caa75
1,382,formal-v1__profile__space_rescue__cpu_compute__p025__r03,formal-v1,profile,not_applicable,pressure_profile,"[""space_rescue""]",space_rescue,[],,,cpu_compute,0.25,3,11545125721891551914,20,60,1,20,windows-rtx4060,0,0,grid_2x2,true,82,1f4e3f3ce1069ad1b142225e539ac838483cf248849a3ee4b2d0608dd6f525bd,ed5c9df7f7b1e5686ad552b10abd5d853a23f5b3,data/raw/formal-v1/formal-v1__profile__space_rescue__cpu_compute__p025__r03,"{""space_rescue"":""games/pyxel/apps-src/space_rescue/space_rescue.py""}","{""space_rescue"":""f3b0ab6784ae558e64f06a3f0a704e53f107a130aa3d43357659d0850131e461""}",9789b6aa310a2dd1c998f884b1e06e9a8fe84d99194daa754046ded769248182
1,383,formal-v1__profile__daylight__gpu_memory__p075__r03,formal-v1,profile,not_applicable,pressure_profile,"[""daylight""]",daylight,[],,,gpu_memory,0.75,3,383505551550802264,20,60,1,20,windows-rtx4060,0,0,grid_2x2,true,82,1f4e3f3ce1069ad1b142225e539ac838483cf248849a3ee4b2d0608dd6f525bd,ed5c9df7f7b1e5686ad552b10abd5d853a23f5b3,data/raw/formal-v1/formal-v1__profile__daylight__gpu_memory__p075__r03,"{""daylight"":""games/pyxel/apps-src/30SecondsOfDaylight/src/main.py""}","{""daylight"":""21a365375249e9d7ea05e78dcfe040f09cc1f0c66bd410bae084190c743a028f""}",d51af93c63a31100e6827c140f099880568ff2252e915ba67ed494118dcafe51
1,384,formal-v1__profile__pyxel_platformer__cpu_compute__p100__r02,formal-v1,profile,not_applicable,pressure_profile,"[""pyxel_platformer""]",pyxel_platformer,[],,,cpu_compute,1,2,208523436179563980,20,60,1,20,windows-rtx4060,0,0,grid_2x2,true,82,1f4e3f3ce1069ad1b142225e539ac838483cf248849a3ee4b2d0608dd6f525bd,ed5c9df7f7b1e5686ad552b10abd5d853a23f5b3,data/raw/formal-v1/formal-v1__profile__pyxel_platformer__cpu_compute__p100__r02,"{""pyxel_platformer"":""games/pyxel/10_platformer.py""}","{""pyxel_platformer"":""1b2c75b49dc9ab0254fb4b724682a4787868814a38d2f08920720dc5b6007ac5""}",5a3302d77693fa48db77fb909be89436f7cb4fb5f81fd509700efa1360c39ec3
1,385,formal-v1__profile__mega_wing__gpu_compute__p050__r02,formal-v1,profile,not_applicable,pressure_profile,"[""mega_wing""]",mega_wing,[],,,gpu_compute,0.5,2,12815251598403927586,20,60,1,20,windows-rtx4060,0,0,grid_2x2,true,82,1f4e3f3ce1069ad1b142225e539ac838483cf248849a3ee4b2d0608dd6f525bd,ed5c9df7f7b1e5686ad552b10abd5d853a23f5b3,data/raw/formal-v1/formal-v1__profile__mega_wing__gpu_compute__p050__r02,"{""mega_wing"":""games/pyxel/apps-src/mega_wing/mega_wing.py""}","{""mega_wing"":""86bad6c02a303806c58137503739241dc6b1e86695f7c0dbf672b5e1a1464e9f""}",c4b3f74d27711d739ca3f364b7ea6006b0ccb51b1a341598664451cf24e13a45
1,386,formal-v1__colocation__pyxel_jump+pyxel_platformer__r01,formal-v1,colocation-main,train,colocation,"[""pyxel_jump"",""pyxel_platformer""]",pyxel_jump,"[""pyxel_platformer""]",pyxel_jump+pyxel_platformer,pyxel_jump+pyxel_platformer__r01,,,1,2222832000482788960,20,60,1,20,windows-rtx4060,0,0,grid_2x2,true,82,1f4e3f3ce1069ad1b142225e539ac838483cf248849a3ee4b2d0608dd6f525bd,ed5c9df7f7b1e5686ad552b10abd5d853a23f5b3,data/raw/formal-v1/formal-v1__colocation__pyxel_jump+pyxel_platformer__r01,"{""pyxel_jump"":""games/pyxel/02_jump_game.py"",""pyxel_platformer"":""games/pyxel/10_platformer.py""}","{""pyxel_jump"":""4743a825f1c9cae7e049ac52115f4ecf83350db546c00745a54af187d7bc2e46"",""pyxel_platformer"":""1b2c75b49dc9ab0254fb4b724682a4787868814a38d2f08920720dc5b6007ac5""}",801869dc1340c4eb63864688c626873aa1739838de98b4ab5a1dc4add4010faa
1,387,formal-v1__colocation__daylight+mega_wing+space_rescue__r01,formal-v1,colocation-main,train,colocation,"[""daylight"",""mega_wing"",""space_rescue""]",daylight,"[""mega_wing"",""space_rescue""]",daylight+mega_wing+space_rescue,daylight+mega_wing+space_rescue__r01,,,1,15957915614535664156,20,60,1,20,windows-rtx4060,0,0,grid_2x2,true,82,1f4e3f3ce1069ad1b142225e539ac838483cf248849a3ee4b2d0608dd6f525bd,ed5c9df7f7b1e5686ad552b10abd5d853a23f5b3,data/raw/formal-v1/formal-v1__colocation__daylight+mega_wing+space_rescue__r01,"{""daylight"":""games/pyxel/apps-src/30SecondsOfDaylight/src/main.py"",""mega_wing"":""games/pyxel/apps-src/mega_wing/mega_wing.py"",""space_rescue"":""games/pyxel/apps-src/space_rescue/space_rescue.py""}","{""daylight"":""21a365375249e9d7ea05e78dcfe040f09cc1f0c66bd410bae084190c743a028f"",""mega_wing"":""86bad6c02a303806c58137503739241dc6b1e86695f7c0dbf672b5e1a1464e9f"",""space_rescue"":""f3b0ab6784ae558e64f06a3f0a704e53f107a130aa3d43357659d0850131e461""}",b13cccc46a101ad0bd3c3867d2df82e55aad4ebf4ae6dfd6743f3e43459033d9
1,388,formal-v1__profile__pyxel_snake__cpu_compute__p025__r02,formal-v1,profile,not_applicable,pressure_profile,"[""pyxel_snake""]",pyxel_snake,[],,,cpu_compute,0.25,2,3094097884560572468,20,60,1,20,windows-rtx4060,0,0,grid_2x2,true,82,1f4e3f3ce1069ad1b142225e539ac838483cf248849a3ee4b2d0608dd6f525bd,ed5c9df7f7b1e5686ad552b10abd5d853a23f5b3,data/raw/formal-v1/formal-v1__profile__pyxel_snake__cpu_compute__p025__r02,"{""pyxel_snake"":""games/pyxel/07_snake.py""}","{""pyxel_snake"":""bc533fef92d1d358e570f69d979919fe5c1cd8c4da49841104b49a1e661a5ac3""}",874d3a160c5542021b946ee1cf83a58e7727d25eb27f167a51b9b9e9e3429b3f
1,389,formal-v1__profile__pyxel_platformer__gpu_compute__p075__r02,formal-v1,profile,not_applicable,pressure_profile,"[""pyxel_platformer""]",pyxel_platformer,[],,,gpu_compute,0.75,2,8589541531438178169,20,60,1,20,windows-rtx4060,0,0,grid_2x2,true,82,1f4e3f3ce1069ad1b142225e539ac838483cf248849a3ee4b2d0608dd6f525bd,ed5c9df7f7b1e5686ad552b10abd5d853a23f5b3,data/raw/formal-v1/formal-v1__profile__pyxel_platformer__gpu_compute__p075__r02,"{""pyxel_platformer"":""games/pyxel/10_platformer.py""}","{""pyxel_platformer"":""1b2c75b49dc9ab0254fb4b724682a4787868814a38d2f08920720dc5b6007ac5""}",1dab7afa698c95ab39ef31c76bb5bd9a1e1815952aeb63935834681e2f121ec0
1,390,formal-v1__profile__space_rescue__gpu_memory__p100__r02,formal-v1,profile,not_applicable,pressure_profile,"[""space_rescue""]",space_rescue,[],,,gpu_memory,1,2,14880685727358387163,20,60,1,20,windows-rtx4060,0,0,grid_2x2,true,82,1f4e3f3ce1069ad1b142225e539ac838483cf248849a3ee4b2d0608dd6f525bd,ed5c9df7f7b1e5686ad552b10abd5d853a23f5b3,data/raw/formal-v1/formal-v1__profile__space_rescue__gpu_memory__p100__r02,"{""space_rescue"":""games/pyxel/apps-src/space_rescue/space_rescue.py""}","{""space_rescue"":""f3b0ab6784ae558e64f06a3f0a704e53f107a130aa3d43357659d0850131e461""}",686e117dc89cdfa6137f4dc299b341d8324646be7f3be00132725f25f7643bb3
1,391,formal-v1__profile__daylight__gpu_compute__p100__r01,formal-v1,profile,not_applicable,pressure_profile,"[""daylight""]",daylight,[],,,gpu_compute,1,1,8205843974768035655,20,60,1,20,windows-rtx4060,0,0,grid_2x2,true,82,1f4e3f3ce1069ad1b142225e539ac838483cf248849a3ee4b2d0608dd6f525bd,ed5c9df7f7b1e5686ad552b10abd5d853a23f5b3,data/raw/formal-v1/formal-v1__profile__daylight__gpu_compute__p100__r01,"{""daylight"":""games/pyxel/apps-src/30SecondsOfDaylight/src/main.py""}","{""daylight"":""21a365375249e9d7ea05e78dcfe040f09cc1f0c66bd410bae084190c743a028f""}",465d0c26ece17802e6095cffb443a6ba584007b4a2e4c4803f93220897ccde13
1,392,formal-v1__profile__pyxel_bubbles__gpu_compute__p050__r03,formal-v1,profile,not_applicable,pressure_profile,"[""pyxel_bubbles""]",pyxel_bubbles,[],,,gpu_compute,0.5,3,5177671551163205622,20,60,1,20,windows-rtx4060,0,0,grid_2x2,true,82,1f4e3f3ce1069ad1b142225e539ac838483cf248849a3ee4b2d0608dd6f525bd,ed5c9df7f7b1e5686ad552b10abd5d853a23f5b3,data/raw/formal-v1/formal-v1__profile__pyxel_bubbles__gpu_compute__p050__r03,"{""pyxel_bubbles"":""games/pyxel/06_click_game.py""}","{""pyxel_bubbles"":""54c101e90bdaed839ac4c4284494530d5df37a5819a35f1e41eebb0b3da5d900""}",1ff9a68788432d9e35ba2c8cd9736728aa56ce51525c2900fb88baa2b91ee6fb
1,393,formal-v1__profile__pyxel_jump__memory_bandwidth__p075__r03,formal-v1,profile,not_applicable,pressure_profile,"[""pyxel_jump""]",pyxel_jump,[],,,memory_bandwidth,0.75,3,3611680304326976638,20,60,1,20,windows-rtx4060,0,0,grid_2x2,true,82,1f4e3f3ce1069ad1b142225e539ac838483cf248849a3ee4b2d0608dd6f525bd,ed5c9df7f7b1e5686ad552b10abd5d853a23f5b3,data/raw/formal-v1/formal-v1__profile__pyxel_jump__memory_bandwidth__p075__r03,"{""pyxel_jump"":""games/pyxel/02_jump_game.py""}","{""pyxel_jump"":""4743a825f1c9cae7e049ac52115f4ecf83350db546c00745a54af187d7bc2e46""}",541ce662c4792a985c6547827e1b6e62da3d74102cd4138562088259f95be3ca
1,394,formal-v1__profile__mega_wing__gpu_compute__p100__r01,formal-v1,profile,not_applicable,pressure_profile,"[""mega_wing""]",mega_wing,[],,,gpu_compute,1,1,158638717560255275,20,60,1,20,windows-rtx4060,0,0,grid_2x2,true,82,1f4e3f3ce1069ad1b142225e539ac838483cf248849a3ee4b2d0608dd6f525bd,ed5c9df7f7b1e5686ad552b10abd5d853a23f5b3,data/raw/formal-v1/formal-v1__profile__mega_wing__gpu_compute__p100__r01,"{""mega_wing"":""games/pyxel/apps-src/mega_wing/mega_wing.py""}","{""mega_wing"":""86bad6c02a303806c58137503739241dc6b1e86695f7c0dbf672b5e1a1464e9f""}",12ed82f1c3b1192adce2d425268fd54b182e25db88076f016ee19b493f4776bf
1,395,formal-v1__colocation__pyxel_jump+pyxel_shooter+space_rescue__r01,formal-v1,colocation-main,validation,colocation,"[""pyxel_jump"",""pyxel_shooter"",""space_rescue""]",pyxel_jump,"[""pyxel_shooter"",""space_rescue""]",pyxel_jump+pyxel_shooter+space_rescue,pyxel_jump+pyxel_shooter+space_rescue__r01,,,1,10585855373280229993,20,60,1,20,windows-rtx4060,0,0,grid_2x2,true,82,1f4e3f3ce1069ad1b142225e539ac838483cf248849a3ee4b2d0608dd6f525bd,ed5c9df7f7b1e5686ad552b10abd5d853a23f5b3,data/raw/formal-v1/formal-v1__colocation__pyxel_jump+pyxel_shooter+space_rescue__r01,"{""pyxel_jump"":""games/pyxel/02_jump_game.py"",""pyxel_shooter"":""games/pyxel/09_shooter.py"",""space_rescue"":""games/pyxel/apps-src/space_rescue/space_rescue.py""}","{""pyxel_jump"":""4743a825f1c9cae7e049ac52115f4ecf83350db546c00745a54af187d7bc2e46"",""pyxel_shooter"":""0f53e4156907eac41080a8f289e22c89365b3239517c754cf59a51af201d5563"",""space_rescue"":""f3b0ab6784ae558e64f06a3f0a704e53f107a130aa3d43357659d0850131e461""}",2138ab11bfd1675be10c9d27ff3c39af539c6e36d9b30a098ad2eee3df2e395b
1,396,formal-v1__colocation__daylight+pyxel_snake__r03,formal-v1,colocation-main,train,colocation,"[""daylight"",""pyxel_snake""]",daylight,"[""pyxel_snake""]",daylight+pyxel_snake,daylight+pyxel_snake__r03,,,3,7978178955031978726,20,60,1,20,windows-rtx4060,0,0,grid_2x2,true,82,1f4e3f3ce1069ad1b142225e539ac838483cf248849a3ee4b2d0608dd6f525bd,ed5c9df7f7b1e5686ad552b10abd5d853a23f5b3,data/raw/formal-v1/formal-v1__colocation__daylight+pyxel_snake__r03,"{""daylight"":""games/pyxel/apps-src/30SecondsOfDaylight/src/main.py"",""pyxel_snake"":""games/pyxel/07_snake.py""}","{""daylight"":""21a365375249e9d7ea05e78dcfe040f09cc1f0c66bd410bae084190c743a028f"",""pyxel_snake"":""bc533fef92d1d358e570f69d979919fe5c1cd8c4da49841104b49a1e661a5ac3""}",47e6db9fe1663ade6d586e917f0cc07f43af340744786e2d8b1192d5e45bee02
1,397,formal-v1__colocation__mega_wing+pyxel_platformer__r01,formal-v1,colocation-main,test,colocation,"[""mega_wing"",""pyxel_platformer""]",mega_wing,"[""pyxel_platformer""]",mega_wing+pyxel_platformer,mega_wing+pyxel_platformer__r01,,,1,9144383866124476024,20,60,1,20,windows-rtx4060,0,0,grid_2x2,true,82,1f4e3f3ce1069ad1b142225e539ac838483cf248849a3ee4b2d0608dd6f525bd,ed5c9df7f7b1e5686ad552b10abd5d853a23f5b3,data/raw/formal-v1/formal-v1__colocation__mega_wing+pyxel_platformer__r01,"{""mega_wing"":""games/pyxel/apps-src/mega_wing/mega_wing.py"",""pyxel_platformer"":""games/pyxel/10_platformer.py""}","{""mega_wing"":""86bad6c02a303806c58137503739241dc6b1e86695f7c0dbf672b5e1a1464e9f"",""pyxel_platformer"":""1b2c75b49dc9ab0254fb4b724682a4787868814a38d2f08920720dc5b6007ac5""}",3d0ecde9a87a15089220260a9c208da34f437047d926a2b7c4500bc7b33b0088
1,398,formal-v1__profile__pyxel_jump__cpu_compute__p050__r02,formal-v1,profile,not_applicable,pressure_profile,"[""pyxel_jump""]",pyxel_jump,[],,,cpu_compute,0.5,2,11814661248046929535,20,60,1,20,windows-rtx4060,0,0,grid_2x2,true,82,1f4e3f3ce1069ad1b142225e539ac838483cf248849a3ee4b2d0608dd6f525bd,ed5c9df7f7b1e5686ad552b10abd5d853a23f5b3,data/raw/formal-v1/formal-v1__profile__pyxel_jump__cpu_compute__p050__r02,"{""pyxel_jump"":""games/pyxel/02_jump_game.py""}","{""pyxel_jump"":""4743a825f1c9cae7e049ac52115f4ecf83350db546c00745a54af187d7bc2e46""}",b0d9ae64bc14b3a91e6b3d51e5f45cd6aa732bae44c0c2dfbde147e81efadcd6
1,399,formal-v1__profile__pyxel_shooter__gpu_compute__p075__r03,formal-v1,profile,not_applicable,pressure_profile,"[""pyxel_shooter""]",pyxel_shooter,[],,,gpu_compute,0.75,3,17635168907212643046,20,60,1,20,windows-rtx4060,0,0,grid_2x2,true,82,1f4e3f3ce1069ad1b142225e539ac838483cf248849a3ee4b2d0608dd6f525bd,ed5c9df7f7b1e5686ad552b10abd5d853a23f5b3,data/raw/formal-v1/formal-v1__profile__pyxel_shooter__gpu_compute__p075__r03,"{""pyxel_shooter"":""games/pyxel/09_shooter.py""}","{""pyxel_shooter"":""0f53e4156907eac41080a8f289e22c89365b3239517c754cf59a51af201d5563""}",d9c69b1b679b8ffe11b89a5ae9c30a23488b6b66ab0f68660ad98f7fed56d4ba
1,400,formal-v1__colocation__mega_wing+pyxel_bubbles+pyxel_jump__r01,formal-v1,colocation-main,train,colocation,"[""mega_wing"",""pyxel_bubbles"",""pyxel_jump""]",mega_wing,"[""pyxel_bubbles"",""pyxel_jump""]",mega_wing+pyxel_bubbles+pyxel_jump,mega_wing+pyxel_bubbles+pyxel_jump__r01,,,1,12568386172004482002,20,60,1,20,windows-rtx4060,0,0,grid_2x2,true,82,1f4e3f3ce1069ad1b142225e539ac838483cf248849a3ee4b2d0608dd6f525bd,ed5c9df7f7b1e5686ad552b10abd5d853a23f5b3,data/raw/formal-v1/formal-v1__colocation__mega_wing+pyxel_bubbles+pyxel_jump__r01,"{""mega_wing"":""games/pyxel/apps-src/mega_wing/mega_wing.py"",""pyxel_bubbles"":""games/pyxel/06_click_game.py"",""pyxel_jump"":""games/pyxel/02_jump_game.py""}","{""mega_wing"":""86bad6c02a303806c58137503739241dc6b1e86695f7c0dbf672b5e1a1464e9f"",""pyxel_bubbles"":""54c101e90bdaed839ac4c4284494530d5df37a5819a35f1e41eebb0b3da5d900"",""pyxel_jump"":""4743a825f1c9cae7e049ac52115f4ecf83350db546c00745a54af187d7bc2e46""}",35f9bce7d90b8744efbffe5904fa5cfd5f3b9238b4dc584492b1fa20ac8d0d94
1,401,formal-v1__colocation__pyxel_platformer+space_rescue__r03,formal-v1,colocation-main,train,colocation,"[""pyxel_platformer"",""space_rescue""]",pyxel_platformer,"[""space_rescue""]",pyxel_platformer+space_rescue,pyxel_platformer+space_rescue__r03,,,3,12216575843737977223,20,60,1,20,windows-rtx4060,0,0,grid_2x2,true,82,1f4e3f3ce1069ad1b142225e539ac838483cf248849a3ee4b2d0608dd6f525bd,ed5c9df7f7b1e5686ad552b10abd5d853a23f5b3,data/raw/formal-v1/formal-v1__colocation__pyxel_platformer+space_rescue__r03,"{""pyxel_platformer"":""games/pyxel/10_platformer.py"",""space_rescue"":""games/pyxel/apps-src/space_rescue/space_rescue.py""}","{""pyxel_platformer"":""1b2c75b49dc9ab0254fb4b724682a4787868814a38d2f08920720dc5b6007ac5"",""space_rescue"":""f3b0ab6784ae558e64f06a3f0a704e53f107a130aa3d43357659d0850131e461""}",a20a9a9764ecc49898ef695684a06fcad2211cfa50408e221648fdde9d5a9485
1,402,formal-v1__colocation__pyxel_platformer+pyxel_snake+space_rescue__r01,formal-v1,colocation-main,validation,colocation,"[""pyxel_platformer"",""pyxel_snake"",""space_rescue""]",pyxel_platformer,"[""pyxel_snake"",""space_rescue""]",pyxel_platformer+pyxel_snake+space_rescue,pyxel_platformer+pyxel_snake+space_rescue__r01,,,1,166779263219510929,20,60,1,20,windows-rtx4060,0,0,grid_2x2,true,82,1f4e3f3ce1069ad1b142225e539ac838483cf248849a3ee4b2d0608dd6f525bd,ed5c9df7f7b1e5686ad552b10abd5d853a23f5b3,data/raw/formal-v1/formal-v1__colocation__pyxel_platformer+pyxel_snake+space_rescue__r01,"{""pyxel_platformer"":""games/pyxel/10_platformer.py"",""pyxel_snake"":""games/pyxel/07_snake.py"",""space_rescue"":""games/pyxel/apps-src/space_rescue/space_rescue.py""}","{""pyxel_platformer"":""1b2c75b49dc9ab0254fb4b724682a4787868814a38d2f08920720dc5b6007ac5"",""pyxel_snake"":""bc533fef92d1d358e570f69d979919fe5c1cd8c4da49841104b49a1e661a5ac3"",""space_rescue"":""f3b0ab6784ae558e64f06a3f0a704e53f107a130aa3d43357659d0850131e461""}",cec520337531e39d53252f1b424b72f19a61d8f5dc8972ca72adb194e7f5b720
1,403,formal-v1__colocation__pyxel_bubbles+pyxel_jump+pyxel_snake__r02,formal-v1,colocation-main,train,colocation,"[""pyxel_bubbles"",""pyxel_jump"",""pyxel_snake""]",pyxel_bubbles,"[""pyxel_jump"",""pyxel_snake""]",pyxel_bubbles+pyxel_jump+pyxel_snake,pyxel_bubbles+pyxel_jump+pyxel_snake__r02,,,2,18007583804090981825,20,60,1,20,windows-rtx4060,0,0,grid_2x2,true,82,1f4e3f3ce1069ad1b142225e539ac838483cf248849a3ee4b2d0608dd6f525bd,ed5c9df7f7b1e5686ad552b10abd5d853a23f5b3,data/raw/formal-v1/formal-v1__colocation__pyxel_bubbles+pyxel_jump+pyxel_snake__r02,"{""pyxel_bubbles"":""games/pyxel/06_click_game.py"",""pyxel_jump"":""games/pyxel/02_jump_game.py"",""pyxel_snake"":""games/pyxel/07_snake.py""}","{""pyxel_bubbles"":""54c101e90bdaed839ac4c4284494530d5df37a5819a35f1e41eebb0b3da5d900"",""pyxel_jump"":""4743a825f1c9cae7e049ac52115f4ecf83350db546c00745a54af187d7bc2e46"",""pyxel_snake"":""bc533fef92d1d358e570f69d979919fe5c1cd8c4da49841104b49a1e661a5ac3""}",e26b3dc02d94ac470eff444ed109eb64b129cd5c61689d1990160469570ebf11
1,404,formal-v1__profile__pyxel_snake__gpu_memory__p000__r02,formal-v1,profile,not_applicable,pressure_profile,"[""pyxel_snake""]",pyxel_snake,[],,,gpu_memory,0,2,12227263197918504061,20,60,1,20,windows-rtx4060,0,0,grid_2x2,true,82,1f4e3f3ce1069ad1b142225e539ac838483cf248849a3ee4b2d0608dd6f525bd,ed5c9df7f7b1e5686ad552b10abd5d853a23f5b3,data/raw/formal-v1/formal-v1__profile__pyxel_snake__gpu_memory__p000__r02,"{""pyxel_snake"":""games/pyxel/07_snake.py""}","{""pyxel_snake"":""bc533fef92d1d358e570f69d979919fe5c1cd8c4da49841104b49a1e661a5ac3""}",068a308722d8fb39b5029c34ef70e68cc4572595b7ec295375042a007f1fe1c1
1,405,formal-v1__colocation__pyxel_shooter+pyxel_snake+space_rescue__r01,formal-v1,colocation-main,validation,colocation,"[""pyxel_shooter"",""pyxel_snake"",""space_rescue""]",pyxel_shooter,"[""pyxel_snake"",""space_rescue""]",pyxel_shooter+pyxel_snake+space_rescue,pyxel_shooter+pyxel_snake+space_rescue__r01,,,1,6654188469517042076,20,60,1,20,windows-rtx4060,0,0,grid_2x2,true,82,1f4e3f3ce1069ad1b142225e539ac838483cf248849a3ee4b2d0608dd6f525bd,ed5c9df7f7b1e5686ad552b10abd5d853a23f5b3,data/raw/formal-v1/formal-v1__colocation__pyxel_shooter+pyxel_snake+space_rescue__r01,"{""pyxel_shooter"":""games/pyxel/09_shooter.py"",""pyxel_snake"":""games/pyxel/07_snake.py"",""space_rescue"":""games/pyxel/apps-src/space_rescue/space_rescue.py""}","{""pyxel_shooter"":""0f53e4156907eac41080a8f289e22c89365b3239517c754cf59a51af201d5563"",""pyxel_snake"":""bc533fef92d1d358e570f69d979919fe5c1cd8c4da49841104b49a1e661a5ac3"",""space_rescue"":""f3b0ab6784ae558e64f06a3f0a704e53f107a130aa3d43357659d0850131e461""}",f0fc20651e5e347b6a5041a23edaf96f9722c54c9ac15762fadea160488e29b2
1,406,formal-v1__profile__pyxel_snake__memory_bandwidth__p000__r01,formal-v1,profile,not_applicable,pressure_profile,"[""pyxel_snake""]",pyxel_snake,[],,,memory_bandwidth,0,1,17972992197593926407,20,60,1,20,windows-rtx4060,0,0,grid_2x2,true,82,1f4e3f3ce1069ad1b142225e539ac838483cf248849a3ee4b2d0608dd6f525bd,ed5c9df7f7b1e5686ad552b10abd5d853a23f5b3,data/raw/formal-v1/formal-v1__profile__pyxel_snake__memory_bandwidth__p000__r01,"{""pyxel_snake"":""games/pyxel/07_snake.py""}","{""pyxel_snake"":""bc533fef92d1d358e570f69d979919fe5c1cd8c4da49841104b49a1e661a5ac3""}",6015ae5de7fdfa51a4bb5d2edc8ab399f27654755de2bfb01ba6d2deb6743fd4
1,407,formal-v1__profile__pyxel_snake__gpu_memory__p025__r02,formal-v1,profile,not_applicable,pressure_profile,"[""pyxel_snake""]",pyxel_snake,[],,,gpu_memory,0.25,2,16172530195392660654,20,60,1,20,windows-rtx4060,0,0,grid_2x2,true,82,1f4e3f3ce1069ad1b142225e539ac838483cf248849a3ee4b2d0608dd6f525bd,ed5c9df7f7b1e5686ad552b10abd5d853a23f5b3,data/raw/formal-v1/formal-v1__profile__pyxel_snake__gpu_memory__p025__r02,"{""pyxel_snake"":""games/pyxel/07_snake.py""}","{""pyxel_snake"":""bc533fef92d1d358e570f69d979919fe5c1cd8c4da49841104b49a1e661a5ac3""}",280570175777c809396ec1147a2428f71101a37a5eacc746266f30225ee88023
1,408,formal-v1__profile__pyxel_jump__memory_bandwidth__p025__r01,formal-v1,profile,not_applicable,pressure_profile,"[""pyxel_jump""]",pyxel_jump,[],,,memory_bandwidth,0.25,1,626281593546063449,20,60,1,20,windows-rtx4060,0,0,grid_2x2,true,82,1f4e3f3ce1069ad1b142225e539ac838483cf248849a3ee4b2d0608dd6f525bd,ed5c9df7f7b1e5686ad552b10abd5d853a23f5b3,data/raw/formal-v1/formal-v1__profile__pyxel_jump__memory_bandwidth__p025__r01,"{""pyxel_jump"":""games/pyxel/02_jump_game.py""}","{""pyxel_jump"":""4743a825f1c9cae7e049ac52115f4ecf83350db546c00745a54af187d7bc2e46""}",e4ca4c895cdb25878fcfa36eee9ce9f8f2d8f1daeea7cefae4647e64d6089432
1,409,formal-v1__profile__pyxel_jump__gpu_compute__p025__r02,formal-v1,profile,not_applicable,pressure_profile,"[""pyxel_jump""]",pyxel_jump,[],,,gpu_compute,0.25,2,233017035973942983,20,60,1,20,windows-rtx4060,0,0,grid_2x2,true,82,1f4e3f3ce1069ad1b142225e539ac838483cf248849a3ee4b2d0608dd6f525bd,ed5c9df7f7b1e5686ad552b10abd5d853a23f5b3,data/raw/formal-v1/formal-v1__profile__pyxel_jump__gpu_compute__p025__r02,"{""pyxel_jump"":""games/pyxel/02_jump_game.py""}","{""pyxel_jump"":""4743a825f1c9cae7e049ac52115f4ecf83350db546c00745a54af187d7bc2e46""}",574628afe56bf9580b84b4a0c1a7e917a9d12ccb0564db5478d4c8a0c9afa3cc
1,410,formal-v1__colocation__mega_wing+pyxel_jump+pyxel_platformer__r01,formal-v1,colocation-main,train,colocation,"[""mega_wing"",""pyxel_jump"",""pyxel_platformer""]",mega_wing,"[""pyxel_jump"",""pyxel_platformer""]",mega_wing+pyxel_jump+pyxel_platformer,mega_wing+pyxel_jump+pyxel_platformer__r01,,,1,7191685246271050818,20,60,1,20,windows-rtx4060,0,0,grid_2x2,true,82,1f4e3f3ce1069ad1b142225e539ac838483cf248849a3ee4b2d0608dd6f525bd,ed5c9df7f7b1e5686ad552b10abd5d853a23f5b3,data/raw/formal-v1/formal-v1__colocation__mega_wing+pyxel_jump+pyxel_platformer__r01,"{""mega_wing"":""games/pyxel/apps-src/mega_wing/mega_wing.py"",""pyxel_jump"":""games/pyxel/02_jump_game.py"",""pyxel_platformer"":""games/pyxel/10_platformer.py""}","{""mega_wing"":""86bad6c02a303806c58137503739241dc6b1e86695f7c0dbf672b5e1a1464e9f"",""pyxel_jump"":""4743a825f1c9cae7e049ac52115f4ecf83350db546c00745a54af187d7bc2e46"",""pyxel_platformer"":""1b2c75b49dc9ab0254fb4b724682a4787868814a38d2f08920720dc5b6007ac5""}",c1bb36c1d0f00b1e43fb4b797e09cf1050fce06e2e1426cf7fb2fa812287efe7
1,411,formal-v1__colocation__daylight+pyxel_jump+pyxel_shooter__r02,formal-v1,colocation-main,train,colocation,"[""daylight"",""pyxel_jump"",""pyxel_shooter""]",daylight,"[""pyxel_jump"",""pyxel_shooter""]",daylight+pyxel_jump+pyxel_shooter,daylight+pyxel_jump+pyxel_shooter__r02,,,2,2064611591229211055,20,60,1,20,windows-rtx4060,0,0,grid_2x2,true,82,1f4e3f3ce1069ad1b142225e539ac838483cf248849a3ee4b2d0608dd6f525bd,ed5c9df7f7b1e5686ad552b10abd5d853a23f5b3,data/raw/formal-v1/formal-v1__colocation__daylight+pyxel_jump+pyxel_shooter__r02,"{""daylight"":""games/pyxel/apps-src/30SecondsOfDaylight/src/main.py"",""pyxel_jump"":""games/pyxel/02_jump_game.py"",""pyxel_shooter"":""games/pyxel/09_shooter.py""}","{""daylight"":""21a365375249e9d7ea05e78dcfe040f09cc1f0c66bd410bae084190c743a028f"",""pyxel_jump"":""4743a825f1c9cae7e049ac52115f4ecf83350db546c00745a54af187d7bc2e46"",""pyxel_shooter"":""0f53e4156907eac41080a8f289e22c89365b3239517c754cf59a51af201d5563""}",4b4ab4197609e17135a87ff6b05c579547c23962a3c1634da2c64c905fb0c2ba
1,412,formal-v1__profile__daylight__cpu_compute__p075__r02,formal-v1,profile,not_applicable,pressure_profile,"[""daylight""]",daylight,[],,,cpu_compute,0.75,2,14605916643426837791,20,60,1,20,windows-rtx4060,0,0,grid_2x2,true,82,1f4e3f3ce1069ad1b142225e539ac838483cf248849a3ee4b2d0608dd6f525bd,ed5c9df7f7b1e5686ad552b10abd5d853a23f5b3,data/raw/formal-v1/formal-v1__profile__daylight__cpu_compute__p075__r02,"{""daylight"":""games/pyxel/apps-src/30SecondsOfDaylight/src/main.py""}","{""daylight"":""21a365375249e9d7ea05e78dcfe040f09cc1f0c66bd410bae084190c743a028f""}",aa9e3ecb82b4f063bc98c59664f958c82f810fa84e79067ea85197559828d94a
1,413,formal-v1__colocation__pyxel_jump+pyxel_shooter__r01,formal-v1,colocation-main,train,colocation,"[""pyxel_jump"",""pyxel_shooter""]",pyxel_jump,"[""pyxel_shooter""]",pyxel_jump+pyxel_shooter,pyxel_jump+pyxel_shooter__r01,,,1,11687499499354652478,20,60,1,20,windows-rtx4060,0,0,grid_2x2,true,82,1f4e3f3ce1069ad1b142225e539ac838483cf248849a3ee4b2d0608dd6f525bd,ed5c9df7f7b1e5686ad552b10abd5d853a23f5b3,data/raw/formal-v1/formal-v1__colocation__pyxel_jump+pyxel_shooter__r01,"{""pyxel_jump"":""games/pyxel/02_jump_game.py"",""pyxel_shooter"":""games/pyxel/09_shooter.py""}","{""pyxel_jump"":""4743a825f1c9cae7e049ac52115f4ecf83350db546c00745a54af187d7bc2e46"",""pyxel_shooter"":""0f53e4156907eac41080a8f289e22c89365b3239517c754cf59a51af201d5563""}",c0e61e81752353bfb4a10c5cba12ded161667a123b850cef6e5e13193dd343b8
1,414,formal-v1__colocation__daylight+pyxel_bubbles+pyxel_platformer__r03,formal-v1,colocation-main,test,colocation,"[""daylight"",""pyxel_bubbles"",""pyxel_platformer""]",daylight,"[""pyxel_bubbles"",""pyxel_platformer""]",daylight+pyxel_bubbles+pyxel_platformer,daylight+pyxel_bubbles+pyxel_platformer__r03,,,3,12678075072709660838,20,60,1,20,windows-rtx4060,0,0,grid_2x2,true,82,1f4e3f3ce1069ad1b142225e539ac838483cf248849a3ee4b2d0608dd6f525bd,ed5c9df7f7b1e5686ad552b10abd5d853a23f5b3,data/raw/formal-v1/formal-v1__colocation__daylight+pyxel_bubbles+pyxel_platformer__r03,"{""daylight"":""games/pyxel/apps-src/30SecondsOfDaylight/src/main.py"",""pyxel_bubbles"":""games/pyxel/06_click_game.py"",""pyxel_platformer"":""games/pyxel/10_platformer.py""}","{""daylight"":""21a365375249e9d7ea05e78dcfe040f09cc1f0c66bd410bae084190c743a028f"",""pyxel_bubbles"":""54c101e90bdaed839ac4c4284494530d5df37a5819a35f1e41eebb0b3da5d900"",""pyxel_platformer"":""1b2c75b49dc9ab0254fb4b724682a4787868814a38d2f08920720dc5b6007ac5""}",578216e1b76fe49621ae1f73c4fa2bba28c94331dcae24b109757fdc690a92fb
1,415,formal-v1__colocation__daylight+mega_wing__r02,formal-v1,colocation-main,test,colocation,"[""daylight"",""mega_wing""]",daylight,"[""mega_wing""]",daylight+mega_wing,daylight+mega_wing__r02,,,2,6551194622992065329,20,60,1,20,windows-rtx4060,0,0,grid_2x2,true,82,1f4e3f3ce1069ad1b142225e539ac838483cf248849a3ee4b2d0608dd6f525bd,ed5c9df7f7b1e5686ad552b10abd5d853a23f5b3,data/raw/formal-v1/formal-v1__colocation__daylight+mega_wing__r02,"{""daylight"":""games/pyxel/apps-src/30SecondsOfDaylight/src/main.py"",""mega_wing"":""games/pyxel/apps-src/mega_wing/mega_wing.py""}","{""daylight"":""21a365375249e9d7ea05e78dcfe040f09cc1f0c66bd410bae084190c743a028f"",""mega_wing"":""86bad6c02a303806c58137503739241dc6b1e86695f7c0dbf672b5e1a1464e9f""}",377322242b3b100704c63aa0a065b8a5884c642e5585edfd6bf01028f32e3433
1,416,formal-v1__profile__pyxel_shooter__cpu_compute__p050__r03,formal-v1,profile,not_applicable,pressure_profile,"[""pyxel_shooter""]",pyxel_shooter,[],,,cpu_compute,0.5,3,16817702603265886754,20,60,1,20,windows-rtx4060,0,0,grid_2x2,true,82,1f4e3f3ce1069ad1b142225e539ac838483cf248849a3ee4b2d0608dd6f525bd,ed5c9df7f7b1e5686ad552b10abd5d853a23f5b3,data/raw/formal-v1/formal-v1__profile__pyxel_shooter__cpu_compute__p050__r03,"{""pyxel_shooter"":""games/pyxel/09_shooter.py""}","{""pyxel_shooter"":""0f53e4156907eac41080a8f289e22c89365b3239517c754cf59a51af201d5563""}",36da68fe094ce915f244c97d15f54763dd47de0c5e3f19dfc3745092de5a5be1
1,417,formal-v1__solo__pyxel_shooter__r01,formal-v1,solo,not_applicable,solo,"[""pyxel_shooter""]",pyxel_shooter,[],,,,,1,3277195567229385787,20,60,1,20,windows-rtx4060,0,0,grid_2x2,true,82,1f4e3f3ce1069ad1b142225e539ac838483cf248849a3ee4b2d0608dd6f525bd,ed5c9df7f7b1e5686ad552b10abd5d853a23f5b3,data/raw/formal-v1/formal-v1__solo__pyxel_shooter__r01,"{""pyxel_shooter"":""games/pyxel/09_shooter.py""}","{""pyxel_shooter"":""0f53e4156907eac41080a8f289e22c89365b3239517c754cf59a51af201d5563""}",4aaaf42c379b7a047297d019095e9dc5fc1faca632d91ff7977dd33e01fafe5b
1,418,formal-v1__profile__pyxel_jump__gpu_memory__p075__r02,formal-v1,profile,not_applicable,pressure_profile,"[""pyxel_jump""]",pyxel_jump,[],,,gpu_memory,0.75,2,16687842723697422139,20,60,1,20,windows-rtx4060,0,0,grid_2x2,true,82,1f4e3f3ce1069ad1b142225e539ac838483cf248849a3ee4b2d0608dd6f525bd,ed5c9df7f7b1e5686ad552b10abd5d853a23f5b3,data/raw/formal-v1/formal-v1__profile__pyxel_jump__gpu_memory__p075__r02,"{""pyxel_jump"":""games/pyxel/02_jump_game.py""}","{""pyxel_jump"":""4743a825f1c9cae7e049ac52115f4ecf83350db546c00745a54af187d7bc2e46""}",5d3231448caec1d470916deac3f6b1772e1d8eee679aea51ad62353f496fea63
1,419,formal-v1__profile__space_rescue__gpu_compute__p000__r02,formal-v1,profile,not_applicable,pressure_profile,"[""space_rescue""]",space_rescue,[],,,gpu_compute,0,2,13451980044908634954,20,60,1,20,windows-rtx4060,0,0,grid_2x2,true,82,1f4e3f3ce1069ad1b142225e539ac838483cf248849a3ee4b2d0608dd6f525bd,ed5c9df7f7b1e5686ad552b10abd5d853a23f5b3,data/raw/formal-v1/formal-v1__profile__space_rescue__gpu_compute__p000__r02,"{""space_rescue"":""games/pyxel/apps-src/space_rescue/space_rescue.py""}","{""space_rescue"":""f3b0ab6784ae558e64f06a3f0a704e53f107a130aa3d43357659d0850131e461""}",442ce481d81e1b7fca22a0193a5ef07b74fbc735ff935d63d227b70dc0736eaa
1,420,formal-v1__colocation__pyxel_snake+space_rescue__r02,formal-v1,colocation-main,train,colocation,"[""pyxel_snake"",""space_rescue""]",pyxel_snake,"[""space_rescue""]",pyxel_snake+space_rescue,pyxel_snake+space_rescue__r02,,,2,812211289709381654,20,60,1,20,windows-rtx4060,0,0,grid_2x2,true,82,1f4e3f3ce1069ad1b142225e539ac838483cf248849a3ee4b2d0608dd6f525bd,ed5c9df7f7b1e5686ad552b10abd5d853a23f5b3,data/raw/formal-v1/formal-v1__colocation__pyxel_snake+space_rescue__r02,"{""pyxel_snake"":""games/pyxel/07_snake.py"",""space_rescue"":""games/pyxel/apps-src/space_rescue/space_rescue.py""}","{""pyxel_snake"":""bc533fef92d1d358e570f69d979919fe5c1cd8c4da49841104b49a1e661a5ac3"",""space_rescue"":""f3b0ab6784ae558e64f06a3f0a704e53f107a130aa3d43357659d0850131e461""}",3c1e50cc6862620952688b8fb5735775b438fb3437f7e8e2c7230b7cfddc717f
1,421,formal-v1__profile__pyxel_shooter__memory_bandwidth__p100__r02,formal-v1,profile,not_applicable,pressure_profile,"[""pyxel_shooter""]",pyxel_shooter,[],,,memory_bandwidth,1,2,7928933935210469273,20,60,1,20,windows-rtx4060,0,0,grid_2x2,true,82,1f4e3f3ce1069ad1b142225e539ac838483cf248849a3ee4b2d0608dd6f525bd,ed5c9df7f7b1e5686ad552b10abd5d853a23f5b3,data/raw/formal-v1/formal-v1__profile__pyxel_shooter__memory_bandwidth__p100__r02,"{""pyxel_shooter"":""games/pyxel/09_shooter.py""}","{""pyxel_shooter"":""0f53e4156907eac41080a8f289e22c89365b3239517c754cf59a51af201d5563""}",0ab4ecdfcd54a6d45fbce9b2f0fabcc7b23be874a2dea4f6844501105da9fbc0
1,422,formal-v1__profile__space_rescue__gpu_memory__p000__r01,formal-v1,profile,not_applicable,pressure_profile,"[""space_rescue""]",space_rescue,[],,,gpu_memory,0,1,10482120623652990482,20,60,1,20,windows-rtx4060,0,0,grid_2x2,true,82,1f4e3f3ce1069ad1b142225e539ac838483cf248849a3ee4b2d0608dd6f525bd,ed5c9df7f7b1e5686ad552b10abd5d853a23f5b3,data/raw/formal-v1/formal-v1__profile__space_rescue__gpu_memory__p000__r01,"{""space_rescue"":""games/pyxel/apps-src/space_rescue/space_rescue.py""}","{""space_rescue"":""f3b0ab6784ae558e64f06a3f0a704e53f107a130aa3d43357659d0850131e461""}",1beb4106e87a8664588ffffb25c6bba6210b12406582fbdc63b5afe1708bac1a
1,423,formal-v1__colocation__mega_wing+pyxel_bubbles__r02,formal-v1,colocation-main,test,colocation,"[""mega_wing"",""pyxel_bubbles""]",mega_wing,"[""pyxel_bubbles""]",mega_wing+pyxel_bubbles,mega_wing+pyxel_bubbles__r02,,,2,17747459958470337110,20,60,1,20,windows-rtx4060,0,0,grid_2x2,true,82,1f4e3f3ce1069ad1b142225e539ac838483cf248849a3ee4b2d0608dd6f525bd,ed5c9df7f7b1e5686ad552b10abd5d853a23f5b3,data/raw/formal-v1/formal-v1__colocation__mega_wing+pyxel_bubbles__r02,"{""mega_wing"":""games/pyxel/apps-src/mega_wing/mega_wing.py"",""pyxel_bubbles"":""games/pyxel/06_click_game.py""}","{""mega_wing"":""86bad6c02a303806c58137503739241dc6b1e86695f7c0dbf672b5e1a1464e9f"",""pyxel_bubbles"":""54c101e90bdaed839ac4c4284494530d5df37a5819a35f1e41eebb0b3da5d900""}",aa090010fe7ca0046977aa920dcf1f7f0593f7c1e70f78718dc89b7252c3cfcf
1,424,formal-v1__profile__pyxel_bubbles__gpu_compute__p075__r03,formal-v1,profile,not_applicable,pressure_profile,"[""pyxel_bubbles""]",pyxel_bubbles,[],,,gpu_compute,0.75,3,18144003774020506036,20,60,1,20,windows-rtx4060,0,0,grid_2x2,true,82,1f4e3f3ce1069ad1b142225e539ac838483cf248849a3ee4b2d0608dd6f525bd,ed5c9df7f7b1e5686ad552b10abd5d853a23f5b3,data/raw/formal-v1/formal-v1__profile__pyxel_bubbles__gpu_compute__p075__r03,"{""pyxel_bubbles"":""games/pyxel/06_click_game.py""}","{""pyxel_bubbles"":""54c101e90bdaed839ac4c4284494530d5df37a5819a35f1e41eebb0b3da5d900""}",aba76fc33c7a3ac0a67c4cbbc5c8540101c6525c8d2615e05fbc1d0210f1a702
1,425,formal-v1__colocation__daylight+mega_wing+pyxel_jump__r03,formal-v1,colocation-main,train,colocation,"[""daylight"",""mega_wing"",""pyxel_jump""]",daylight,"[""mega_wing"",""pyxel_jump""]",daylight+mega_wing+pyxel_jump,daylight+mega_wing+pyxel_jump__r03,,,3,7795244758432961513,20,60,1,20,windows-rtx4060,0,0,grid_2x2,true,82,1f4e3f3ce1069ad1b142225e539ac838483cf248849a3ee4b2d0608dd6f525bd,ed5c9df7f7b1e5686ad552b10abd5d853a23f5b3,data/raw/formal-v1/formal-v1__colocation__daylight+mega_wing+pyxel_jump__r03,"{""daylight"":""games/pyxel/apps-src/30SecondsOfDaylight/src/main.py"",""mega_wing"":""games/pyxel/apps-src/mega_wing/mega_wing.py"",""pyxel_jump"":""games/pyxel/02_jump_game.py""}","{""daylight"":""21a365375249e9d7ea05e78dcfe040f09cc1f0c66bd410bae084190c743a028f"",""mega_wing"":""86bad6c02a303806c58137503739241dc6b1e86695f7c0dbf672b5e1a1464e9f"",""pyxel_jump"":""4743a825f1c9cae7e049ac52115f4ecf83350db546c00745a54af187d7bc2e46""}",2a3c5c40cdb770e307c6c05aa5c3cde55289f616f03d9118d1869e16bf90a3b8
1,426,formal-v1__extra__mega_wing+pyxel_bubbles+pyxel_jump+space_rescue__r03,formal-v1,colocation-extra-test,extra_test,extra_test,"[""mega_wing"",""pyxel_bubbles"",""pyxel_jump"",""space_rescue""]",mega_wing,"[""pyxel_bubbles"",""pyxel_jump"",""space_rescue""]",mega_wing+pyxel_bubbles+pyxel_jump+space_rescue,mega_wing+pyxel_bubbles+pyxel_jump+space_rescue__r03,,,3,7783474005910821502,20,60,1,20,windows-rtx4060,0,0,grid_2x2,true,82,1f4e3f3ce1069ad1b142225e539ac838483cf248849a3ee4b2d0608dd6f525bd,ed5c9df7f7b1e5686ad552b10abd5d853a23f5b3,data/raw/formal-v1/formal-v1__extra__mega_wing+pyxel_bubbles+pyxel_jump+space_rescue__r03,"{""mega_wing"":""games/pyxel/apps-src/mega_wing/mega_wing.py"",""pyxel_bubbles"":""games/pyxel/06_click_game.py"",""pyxel_jump"":""games/pyxel/02_jump_game.py"",""space_rescue"":""games/pyxel/apps-src/space_rescue/space_rescue.py""}","{""mega_wing"":""86bad6c02a303806c58137503739241dc6b1e86695f7c0dbf672b5e1a1464e9f"",""pyxel_bubbles"":""54c101e90bdaed839ac4c4284494530d5df37a5819a35f1e41eebb0b3da5d900"",""pyxel_jump"":""4743a825f1c9cae7e049ac52115f4ecf83350db546c00745a54af187d7bc2e46"",""space_rescue"":""f3b0ab6784ae558e64f06a3f0a704e53f107a130aa3d43357659d0850131e461""}",a8dd98dd545b86fd27d3168b574659729822946daf7903f0500c2eb437e71c5b
1,427,formal-v1__colocation__pyxel_platformer+space_rescue__r01,formal-v1,colocation-main,train,colocation,"[""pyxel_platformer"",""space_rescue""]",pyxel_platformer,"[""space_rescue""]",pyxel_platformer+space_rescue,pyxel_platformer+space_rescue__r01,,,1,2131886455317589181,20,60,1,20,windows-rtx4060,0,0,grid_2x2,true,82,1f4e3f3ce1069ad1b142225e539ac838483cf248849a3ee4b2d0608dd6f525bd,ed5c9df7f7b1e5686ad552b10abd5d853a23f5b3,data/raw/formal-v1/formal-v1__colocation__pyxel_platformer+space_rescue__r01,"{""pyxel_platformer"":""games/pyxel/10_platformer.py"",""space_rescue"":""games/pyxel/apps-src/space_rescue/space_rescue.py""}","{""pyxel_platformer"":""1b2c75b49dc9ab0254fb4b724682a4787868814a38d2f08920720dc5b6007ac5"",""space_rescue"":""f3b0ab6784ae558e64f06a3f0a704e53f107a130aa3d43357659d0850131e461""}",a92da162707f656b270c5ee1a9bb404a1b06dbd6c9411b01dd09453012bfe132
1,428,formal-v1__solo__mega_wing__r02,formal-v1,solo,not_applicable,solo,"[""mega_wing""]",mega_wing,[],,,,,2,6782080090585756855,20,60,1,20,windows-rtx4060,0,0,grid_2x2,true,82,1f4e3f3ce1069ad1b142225e539ac838483cf248849a3ee4b2d0608dd6f525bd,ed5c9df7f7b1e5686ad552b10abd5d853a23f5b3,data/raw/formal-v1/formal-v1__solo__mega_wing__r02,"{""mega_wing"":""games/pyxel/apps-src/mega_wing/mega_wing.py""}","{""mega_wing"":""86bad6c02a303806c58137503739241dc6b1e86695f7c0dbf672b5e1a1464e9f""}",b108caff9b16c4c7821f49862c2e354ea16faeb64318e1aa32c0f829b17c30cb
1,429,formal-v1__profile__pyxel_jump__memory_bandwidth__p000__r02,formal-v1,profile,not_applicable,pressure_profile,"[""pyxel_jump""]",pyxel_jump,[],,,memory_bandwidth,0,2,13588203456933283143,20,60,1,20,windows-rtx4060,0,0,grid_2x2,true,82,1f4e3f3ce1069ad1b142225e539ac838483cf248849a3ee4b2d0608dd6f525bd,ed5c9df7f7b1e5686ad552b10abd5d853a23f5b3,data/raw/formal-v1/formal-v1__profile__pyxel_jump__memory_bandwidth__p000__r02,"{""pyxel_jump"":""games/pyxel/02_jump_game.py""}","{""pyxel_jump"":""4743a825f1c9cae7e049ac52115f4ecf83350db546c00745a54af187d7bc2e46""}",84cd0dd96fe69f9c7da78dd60437a18aeedfe560174c914f927bcd83ffba4c21
1,430,formal-v1__profile__daylight__gpu_compute__p000__r02,formal-v1,profile,not_applicable,pressure_profile,"[""daylight""]",daylight,[],,,gpu_compute,0,2,16157781594656590833,20,60,1,20,windows-rtx4060,0,0,grid_2x2,true,82,1f4e3f3ce1069ad1b142225e539ac838483cf248849a3ee4b2d0608dd6f525bd,ed5c9df7f7b1e5686ad552b10abd5d853a23f5b3,data/raw/formal-v1/formal-v1__profile__daylight__gpu_compute__p000__r02,"{""daylight"":""games/pyxel/apps-src/30SecondsOfDaylight/src/main.py""}","{""daylight"":""21a365375249e9d7ea05e78dcfe040f09cc1f0c66bd410bae084190c743a028f""}",d4f79017131dbe8f45ceb6f2a37c8183787712296bb0fdb579879732be2538ba
1,431,formal-v1__colocation__daylight+pyxel_jump__r02,formal-v1,colocation-main,test,colocation,"[""daylight"",""pyxel_jump""]",daylight,"[""pyxel_jump""]",daylight+pyxel_jump,daylight+pyxel_jump__r02,,,2,9029325478432763297,20,60,1,20,windows-rtx4060,0,0,grid_2x2,true,82,1f4e3f3ce1069ad1b142225e539ac838483cf248849a3ee4b2d0608dd6f525bd,ed5c9df7f7b1e5686ad552b10abd5d853a23f5b3,data/raw/formal-v1/formal-v1__colocation__daylight+pyxel_jump__r02,"{""daylight"":""games/pyxel/apps-src/30SecondsOfDaylight/src/main.py"",""pyxel_jump"":""games/pyxel/02_jump_game.py""}","{""daylight"":""21a365375249e9d7ea05e78dcfe040f09cc1f0c66bd410bae084190c743a028f"",""pyxel_jump"":""4743a825f1c9cae7e049ac52115f4ecf83350db546c00745a54af187d7bc2e46""}",da4544896e1b97644001de93833f534fa01f9cfba3b0f54a043026c846d525ff
1,432,formal-v1__profile__space_rescue__gpu_memory__p075__r01,formal-v1,profile,not_applicable,pressure_profile,"[""space_rescue""]",space_rescue,[],,,gpu_memory,0.75,1,6292989188391337375,20,60,1,20,windows-rtx4060,0,0,grid_2x2,true,82,1f4e3f3ce1069ad1b142225e539ac838483cf248849a3ee4b2d0608dd6f525bd,ed5c9df7f7b1e5686ad552b10abd5d853a23f5b3,data/raw/formal-v1/formal-v1__profile__space_rescue__gpu_memory__p075__r01,"{""space_rescue"":""games/pyxel/apps-src/space_rescue/space_rescue.py""}","{""space_rescue"":""f3b0ab6784ae558e64f06a3f0a704e53f107a130aa3d43357659d0850131e461""}",899f771324dfbaad9c0418e4da33a24fceeb8ae68f979991ae94b5f919572fbb
1,433,formal-v1__profile__pyxel_bubbles__memory_bandwidth__p000__r02,formal-v1,profile,not_applicable,pressure_profile,"[""pyxel_bubbles""]",pyxel_bubbles,[],,,memory_bandwidth,0,2,6217459820728876069,20,60,1,20,windows-rtx4060,0,0,grid_2x2,true,82,1f4e3f3ce1069ad1b142225e539ac838483cf248849a3ee4b2d0608dd6f525bd,ed5c9df7f7b1e5686ad552b10abd5d853a23f5b3,data/raw/formal-v1/formal-v1__profile__pyxel_bubbles__memory_bandwidth__p000__r02,"{""pyxel_bubbles"":""games/pyxel/06_click_game.py""}","{""pyxel_bubbles"":""54c101e90bdaed839ac4c4284494530d5df37a5819a35f1e41eebb0b3da5d900""}",401b04caca99479eb2da98eb25044ab6cd454ebcddeb9de49a0b56db2c73b928
1,434,formal-v1__colocation__mega_wing+space_rescue__r03,formal-v1,colocation-main,validation,colocation,"[""mega_wing"",""space_rescue""]",mega_wing,"[""space_rescue""]",mega_wing+space_rescue,mega_wing+space_rescue__r03,,,3,11531573012873339119,20,60,1,20,windows-rtx4060,0,0,grid_2x2,true,82,1f4e3f3ce1069ad1b142225e539ac838483cf248849a3ee4b2d0608dd6f525bd,ed5c9df7f7b1e5686ad552b10abd5d853a23f5b3,data/raw/formal-v1/formal-v1__colocation__mega_wing+space_rescue__r03,"{""mega_wing"":""games/pyxel/apps-src/mega_wing/mega_wing.py"",""space_rescue"":""games/pyxel/apps-src/space_rescue/space_rescue.py""}","{""mega_wing"":""86bad6c02a303806c58137503739241dc6b1e86695f7c0dbf672b5e1a1464e9f"",""space_rescue"":""f3b0ab6784ae558e64f06a3f0a704e53f107a130aa3d43357659d0850131e461""}",a23482dd9b89b7dae2658a26c29e9bdbf7e0678449eff190a1ac50e9d71e5627
1,435,formal-v1__profile__daylight__gpu_compute__p075__r01,formal-v1,profile,not_applicable,pressure_profile,"[""daylight""]",daylight,[],,,gpu_compute,0.75,1,1079891338874392414,20,60,1,20,windows-rtx4060,0,0,grid_2x2,true,82,1f4e3f3ce1069ad1b142225e539ac838483cf248849a3ee4b2d0608dd6f525bd,ed5c9df7f7b1e5686ad552b10abd5d853a23f5b3,data/raw/formal-v1/formal-v1__profile__daylight__gpu_compute__p075__r01,"{""daylight"":""games/pyxel/apps-src/30SecondsOfDaylight/src/main.py""}","{""daylight"":""21a365375249e9d7ea05e78dcfe040f09cc1f0c66bd410bae084190c743a028f""}",f1a26710af49db9392208895fb7cac6e4b4d4efce4a1d44edb1318b1e5cb10d7
1,436,formal-v1__colocation__mega_wing+pyxel_platformer__r02,formal-v1,colocation-main,test,colocation,"[""mega_wing"",""pyxel_platformer""]",mega_wing,"[""pyxel_platformer""]",mega_wing+pyxel_platformer,mega_wing+pyxel_platformer__r02,,,2,1539321592536955873,20,60,1,20,windows-rtx4060,0,0,grid_2x2,true,82,1f4e3f3ce1069ad1b142225e539ac838483cf248849a3ee4b2d0608dd6f525bd,ed5c9df7f7b1e5686ad552b10abd5d853a23f5b3,data/raw/formal-v1/formal-v1__colocation__mega_wing+pyxel_platformer__r02,"{""mega_wing"":""games/pyxel/apps-src/mega_wing/mega_wing.py"",""pyxel_platformer"":""games/pyxel/10_platformer.py""}","{""mega_wing"":""86bad6c02a303806c58137503739241dc6b1e86695f7c0dbf672b5e1a1464e9f"",""pyxel_platformer"":""1b2c75b49dc9ab0254fb4b724682a4787868814a38d2f08920720dc5b6007ac5""}",c05f245aed1a610b110323c617f579220b7634c960826296653656339d3cd263
1,437,formal-v1__profile__daylight__gpu_compute__p025__r02,formal-v1,profile,not_applicable,pressure_profile,"[""daylight""]",daylight,[],,,gpu_compute,0.25,2,2200622297103729097,20,60,1,20,windows-rtx4060,0,0,grid_2x2,true,82,1f4e3f3ce1069ad1b142225e539ac838483cf248849a3ee4b2d0608dd6f525bd,ed5c9df7f7b1e5686ad552b10abd5d853a23f5b3,data/raw/formal-v1/formal-v1__profile__daylight__gpu_compute__p025__r02,"{""daylight"":""games/pyxel/apps-src/30SecondsOfDaylight/src/main.py""}","{""daylight"":""21a365375249e9d7ea05e78dcfe040f09cc1f0c66bd410bae084190c743a028f""}",0debb34c89cdbdbbce1d412b80d100ccf07f1717bdc95d2ed31b52c2bd12eafc
1,438,formal-v1__profile__daylight__gpu_memory__p050__r01,formal-v1,profile,not_applicable,pressure_profile,"[""daylight""]",daylight,[],,,gpu_memory,0.5,1,18161622273504515446,20,60,1,20,windows-rtx4060,0,0,grid_2x2,true,82,1f4e3f3ce1069ad1b142225e539ac838483cf248849a3ee4b2d0608dd6f525bd,ed5c9df7f7b1e5686ad552b10abd5d853a23f5b3,data/raw/formal-v1/formal-v1__profile__daylight__gpu_memory__p050__r01,"{""daylight"":""games/pyxel/apps-src/30SecondsOfDaylight/src/main.py""}","{""daylight"":""21a365375249e9d7ea05e78dcfe040f09cc1f0c66bd410bae084190c743a028f""}",5910a8eba1bfc1b91ff8fd0257ea5fc973c9563c670bd135fb0cb81698080b0b
1,439,formal-v1__extra__daylight+pyxel_jump+pyxel_snake+space_rescue__r01,formal-v1,colocation-extra-test,extra_test,extra_test,"[""daylight"",""pyxel_jump"",""pyxel_snake"",""space_rescue""]",daylight,"[""pyxel_jump"",""pyxel_snake"",""space_rescue""]",daylight+pyxel_jump+pyxel_snake+space_rescue,daylight+pyxel_jump+pyxel_snake+space_rescue__r01,,,1,9777641872591028060,20,60,1,20,windows-rtx4060,0,0,grid_2x2,true,82,1f4e3f3ce1069ad1b142225e539ac838483cf248849a3ee4b2d0608dd6f525bd,ed5c9df7f7b1e5686ad552b10abd5d853a23f5b3,data/raw/formal-v1/formal-v1__extra__daylight+pyxel_jump+pyxel_snake+space_rescue__r01,"{""daylight"":""games/pyxel/apps-src/30SecondsOfDaylight/src/main.py"",""pyxel_jump"":""games/pyxel/02_jump_game.py"",""pyxel_snake"":""games/pyxel/07_snake.py"",""space_rescue"":""games/pyxel/apps-src/space_rescue/space_rescue.py""}","{""daylight"":""21a365375249e9d7ea05e78dcfe040f09cc1f0c66bd410bae084190c743a028f"",""pyxel_jump"":""4743a825f1c9cae7e049ac52115f4ecf83350db546c00745a54af187d7bc2e46"",""pyxel_snake"":""bc533fef92d1d358e570f69d979919fe5c1cd8c4da49841104b49a1e661a5ac3"",""space_rescue"":""f3b0ab6784ae558e64f06a3f0a704e53f107a130aa3d43357659d0850131e461""}",fea1f38a4faa0e5823efde514ed8f53287c4dc5d8297692c975280f6d48f36a7
1,440,formal-v1__colocation__daylight+pyxel_bubbles+pyxel_jump__r01,formal-v1,colocation-main,test,colocation,"[""daylight"",""pyxel_bubbles"",""pyxel_jump""]",daylight,"[""pyxel_bubbles"",""pyxel_jump""]",daylight+pyxel_bubbles+pyxel_jump,daylight+pyxel_bubbles+pyxel_jump__r01,,,1,10034402020970911095,20,60,1,20,windows-rtx4060,0,0,grid_2x2,true,82,1f4e3f3ce1069ad1b142225e539ac838483cf248849a3ee4b2d0608dd6f525bd,ed5c9df7f7b1e5686ad552b10abd5d853a23f5b3,data/raw/formal-v1/formal-v1__colocation__daylight+pyxel_bubbles+pyxel_jump__r01,"{""daylight"":""games/pyxel/apps-src/30SecondsOfDaylight/src/main.py"",""pyxel_bubbles"":""games/pyxel/06_click_game.py"",""pyxel_jump"":""games/pyxel/02_jump_game.py""}","{""daylight"":""21a365375249e9d7ea05e78dcfe040f09cc1f0c66bd410bae084190c743a028f"",""pyxel_bubbles"":""54c101e90bdaed839ac4c4284494530d5df37a5819a35f1e41eebb0b3da5d900"",""pyxel_jump"":""4743a825f1c9cae7e049ac52115f4ecf83350db546c00745a54af187d7bc2e46""}",9afde68aaea4646d9ae8235dcd787202197b11d9b954a46235e2e4e42a57afb1
1,441,formal-v1__profile__space_rescue__cpu_compute__p075__r03,formal-v1,profile,not_applicable,pressure_profile,"[""space_rescue""]",space_rescue,[],,,cpu_compute,0.75,3,13737745328799238857,20,60,1,20,windows-rtx4060,0,0,grid_2x2,true,82,1f4e3f3ce1069ad1b142225e539ac838483cf248849a3ee4b2d0608dd6f525bd,ed5c9df7f7b1e5686ad552b10abd5d853a23f5b3,data/raw/formal-v1/formal-v1__profile__space_rescue__cpu_compute__p075__r03,"{""space_rescue"":""games/pyxel/apps-src/space_rescue/space_rescue.py""}","{""space_rescue"":""f3b0ab6784ae558e64f06a3f0a704e53f107a130aa3d43357659d0850131e461""}",65684e869b554dd5f46796a0d6ca7e40ea660c368a69e6c7f6f57304347a8ee5
1,442,formal-v1__profile__pyxel_shooter__gpu_compute__p100__r01,formal-v1,profile,not_applicable,pressure_profile,"[""pyxel_shooter""]",pyxel_shooter,[],,,gpu_compute,1,1,12285315866866753686,20,60,1,20,windows-rtx4060,0,0,grid_2x2,true,82,1f4e3f3ce1069ad1b142225e539ac838483cf248849a3ee4b2d0608dd6f525bd,ed5c9df7f7b1e5686ad552b10abd5d853a23f5b3,data/raw/formal-v1/formal-v1__profile__pyxel_shooter__gpu_compute__p100__r01,"{""pyxel_shooter"":""games/pyxel/09_shooter.py""}","{""pyxel_shooter"":""0f53e4156907eac41080a8f289e22c89365b3239517c754cf59a51af201d5563""}",eba9ce62f7d3929d2ebaf6982ee9b36611db3b6eca99cd8d8ac3ae1da6086363
1,443,formal-v1__colocation__mega_wing+pyxel_bubbles+pyxel_jump__r02,formal-v1,colocation-main,train,colocation,"[""mega_wing"",""pyxel_bubbles"",""pyxel_jump""]",mega_wing,"[""pyxel_bubbles"",""pyxel_jump""]",mega_wing+pyxel_bubbles+pyxel_jump,mega_wing+pyxel_bubbles+pyxel_jump__r02,,,2,2229726004738622377,20,60,1,20,windows-rtx4060,0,0,grid_2x2,true,82,1f4e3f3ce1069ad1b142225e539ac838483cf248849a3ee4b2d0608dd6f525bd,ed5c9df7f7b1e5686ad552b10abd5d853a23f5b3,data/raw/formal-v1/formal-v1__colocation__mega_wing+pyxel_bubbles+pyxel_jump__r02,"{""mega_wing"":""games/pyxel/apps-src/mega_wing/mega_wing.py"",""pyxel_bubbles"":""games/pyxel/06_click_game.py"",""pyxel_jump"":""games/pyxel/02_jump_game.py""}","{""mega_wing"":""86bad6c02a303806c58137503739241dc6b1e86695f7c0dbf672b5e1a1464e9f"",""pyxel_bubbles"":""54c101e90bdaed839ac4c4284494530d5df37a5819a35f1e41eebb0b3da5d900"",""pyxel_jump"":""4743a825f1c9cae7e049ac52115f4ecf83350db546c00745a54af187d7bc2e46""}",53d3b030aefd3dfc92d7bfc1ad912fb1cc7fa2428386ec191106e62d294d6ffd
1,444,formal-v1__colocation__pyxel_jump+pyxel_platformer+pyxel_snake__r02,formal-v1,colocation-main,train,colocation,"[""pyxel_jump"",""pyxel_platformer"",""pyxel_snake""]",pyxel_jump,"[""pyxel_platformer"",""pyxel_snake""]",pyxel_jump+pyxel_platformer+pyxel_snake,pyxel_jump+pyxel_platformer+pyxel_snake__r02,,,2,16689545828599394491,20,60,1,20,windows-rtx4060,0,0,grid_2x2,true,82,1f4e3f3ce1069ad1b142225e539ac838483cf248849a3ee4b2d0608dd6f525bd,ed5c9df7f7b1e5686ad552b10abd5d853a23f5b3,data/raw/formal-v1/formal-v1__colocation__pyxel_jump+pyxel_platformer+pyxel_snake__r02,"{""pyxel_jump"":""games/pyxel/02_jump_game.py"",""pyxel_platformer"":""games/pyxel/10_platformer.py"",""pyxel_snake"":""games/pyxel/07_snake.py""}","{""pyxel_jump"":""4743a825f1c9cae7e049ac52115f4ecf83350db546c00745a54af187d7bc2e46"",""pyxel_platformer"":""1b2c75b49dc9ab0254fb4b724682a4787868814a38d2f08920720dc5b6007ac5"",""pyxel_snake"":""bc533fef92d1d358e570f69d979919fe5c1cd8c4da49841104b49a1e661a5ac3""}",9332205c588aa4bda2b9b29300e07fe27c6682e2ca7391737f4203678b334167
1,445,formal-v1__profile__pyxel_snake__memory_bandwidth__p100__r03,formal-v1,profile,not_applicable,pressure_profile,"[""pyxel_snake""]",pyxel_snake,[],,,memory_bandwidth,1,3,17218695474744518647,20,60,1,20,windows-rtx4060,0,0,grid_2x2,true,82,1f4e3f3ce1069ad1b142225e539ac838483cf248849a3ee4b2d0608dd6f525bd,ed5c9df7f7b1e5686ad552b10abd5d853a23f5b3,data/raw/formal-v1/formal-v1__profile__pyxel_snake__memory_bandwidth__p100__r03,"{""pyxel_snake"":""games/pyxel/07_snake.py""}","{""pyxel_snake"":""bc533fef92d1d358e570f69d979919fe5c1cd8c4da49841104b49a1e661a5ac3""}",b237a65a2d349a0a28dd9b76a8317e2afd2a96f55a5e1f67ca692db1e77432f8
1,446,formal-v1__profile__pyxel_shooter__memory_bandwidth__p100__r03,formal-v1,profile,not_applicable,pressure_profile,"[""pyxel_shooter""]",pyxel_shooter,[],,,memory_bandwidth,1,3,11724890538461242049,20,60,1,20,windows-rtx4060,0,0,grid_2x2,true,82,1f4e3f3ce1069ad1b142225e539ac838483cf248849a3ee4b2d0608dd6f525bd,ed5c9df7f7b1e5686ad552b10abd5d853a23f5b3,data/raw/formal-v1/formal-v1__profile__pyxel_shooter__memory_bandwidth__p100__r03,"{""pyxel_shooter"":""games/pyxel/09_shooter.py""}","{""pyxel_shooter"":""0f53e4156907eac41080a8f289e22c89365b3239517c754cf59a51af201d5563""}",aed36b4f8dc4a4abe58fc6b0776becc568e070a1f640f0dd0c69b34d59e05573
1,447,formal-v1__profile__pyxel_jump__gpu_memory__p000__r01,formal-v1,profile,not_applicable,pressure_profile,"[""pyxel_jump""]",pyxel_jump,[],,,gpu_memory,0,1,6647778361192104066,20,60,1,20,windows-rtx4060,0,0,grid_2x2,true,82,1f4e3f3ce1069ad1b142225e539ac838483cf248849a3ee4b2d0608dd6f525bd,ed5c9df7f7b1e5686ad552b10abd5d853a23f5b3,data/raw/formal-v1/formal-v1__profile__pyxel_jump__gpu_memory__p000__r01,"{""pyxel_jump"":""games/pyxel/02_jump_game.py""}","{""pyxel_jump"":""4743a825f1c9cae7e049ac52115f4ecf83350db546c00745a54af187d7bc2e46""}",f61b37946c5f09641760580d4e735962ff0d114c1f57cf10dc650455e2458877
1,448,formal-v1__colocation__mega_wing+space_rescue__r02,formal-v1,colocation-main,validation,colocation,"[""mega_wing"",""space_rescue""]",mega_wing,"[""space_rescue""]",mega_wing+space_rescue,mega_wing+space_rescue__r02,,,2,8060724843457176203,20,60,1,20,windows-rtx4060,0,0,grid_2x2,true,82,1f4e3f3ce1069ad1b142225e539ac838483cf248849a3ee4b2d0608dd6f525bd,ed5c9df7f7b1e5686ad552b10abd5d853a23f5b3,data/raw/formal-v1/formal-v1__colocation__mega_wing+space_rescue__r02,"{""mega_wing"":""games/pyxel/apps-src/mega_wing/mega_wing.py"",""space_rescue"":""games/pyxel/apps-src/space_rescue/space_rescue.py""}","{""mega_wing"":""86bad6c02a303806c58137503739241dc6b1e86695f7c0dbf672b5e1a1464e9f"",""space_rescue"":""f3b0ab6784ae558e64f06a3f0a704e53f107a130aa3d43357659d0850131e461""}",dd862e54f9405b6ac84e1eefbc2e02c3d9aefbaf076680e8437cfd615057f416
1,449,formal-v1__colocation__pyxel_bubbles+pyxel_jump+pyxel_platformer__r01,formal-v1,colocation-main,train,colocation,"[""pyxel_bubbles"",""pyxel_jump"",""pyxel_platformer""]",pyxel_bubbles,"[""pyxel_jump"",""pyxel_platformer""]",pyxel_bubbles+pyxel_jump+pyxel_platformer,pyxel_bubbles+pyxel_jump+pyxel_platformer__r01,,,1,15472522791530990153,20,60,1,20,windows-rtx4060,0,0,grid_2x2,true,82,1f4e3f3ce1069ad1b142225e539ac838483cf248849a3ee4b2d0608dd6f525bd,ed5c9df7f7b1e5686ad552b10abd5d853a23f5b3,data/raw/formal-v1/formal-v1__colocation__pyxel_bubbles+pyxel_jump+pyxel_platformer__r01,"{""pyxel_bubbles"":""games/pyxel/06_click_game.py"",""pyxel_jump"":""games/pyxel/02_jump_game.py"",""pyxel_platformer"":""games/pyxel/10_platformer.py""}","{""pyxel_bubbles"":""54c101e90bdaed839ac4c4284494530d5df37a5819a35f1e41eebb0b3da5d900"",""pyxel_jump"":""4743a825f1c9cae7e049ac52115f4ecf83350db546c00745a54af187d7bc2e46"",""pyxel_platformer"":""1b2c75b49dc9ab0254fb4b724682a4787868814a38d2f08920720dc5b6007ac5""}",857f8a48db8164b05f3f937ef3d3e89f09ce45d8b9abcd746a549954ef3eb2ab
1,450,formal-v1__profile__mega_wing__gpu_memory__p000__r03,formal-v1,profile,not_applicable,pressure_profile,"[""mega_wing""]",mega_wing,[],,,gpu_memory,0,3,6200757508843279353,20,60,1,20,windows-rtx4060,0,0,grid_2x2,true,82,1f4e3f3ce1069ad1b142225e539ac838483cf248849a3ee4b2d0608dd6f525bd,ed5c9df7f7b1e5686ad552b10abd5d853a23f5b3,data/raw/formal-v1/formal-v1__profile__mega_wing__gpu_memory__p000__r03,"{""mega_wing"":""games/pyxel/apps-src/mega_wing/mega_wing.py""}","{""mega_wing"":""86bad6c02a303806c58137503739241dc6b1e86695f7c0dbf672b5e1a1464e9f""}",af0639b5fc92f18a12a7b194bb2e4c222a4c3852c356c9f043df47c7e6c2e9ed
1,451,formal-v1__profile__pyxel_bubbles__gpu_compute__p025__r01,formal-v1,profile,not_applicable,pressure_profile,"[""pyxel_bubbles""]",pyxel_bubbles,[],,,gpu_compute,0.25,1,149416636897416742,20,60,1,20,windows-rtx4060,0,0,grid_2x2,true,82,1f4e3f3ce1069ad1b142225e539ac838483cf248849a3ee4b2d0608dd6f525bd,ed5c9df7f7b1e5686ad552b10abd5d853a23f5b3,data/raw/formal-v1/formal-v1__profile__pyxel_bubbles__gpu_compute__p025__r01,"{""pyxel_bubbles"":""games/pyxel/06_click_game.py""}","{""pyxel_bubbles"":""54c101e90bdaed839ac4c4284494530d5df37a5819a35f1e41eebb0b3da5d900""}",a9f6caa1638b9aef7dddca545eef82b0faca465fd259f0ad7571733b8347e900
1,452,formal-v1__colocation__pyxel_jump+pyxel_platformer+space_rescue__r02,formal-v1,colocation-main,train,colocation,"[""pyxel_jump"",""pyxel_platformer"",""space_rescue""]",pyxel_jump,"[""pyxel_platformer"",""space_rescue""]",pyxel_jump+pyxel_platformer+space_rescue,pyxel_jump+pyxel_platformer+space_rescue__r02,,,2,9238944108849120796,20,60,1,20,windows-rtx4060,0,0,grid_2x2,true,82,1f4e3f3ce1069ad1b142225e539ac838483cf248849a3ee4b2d0608dd6f525bd,ed5c9df7f7b1e5686ad552b10abd5d853a23f5b3,data/raw/formal-v1/formal-v1__colocation__pyxel_jump+pyxel_platformer+space_rescue__r02,"{""pyxel_jump"":""games/pyxel/02_jump_game.py"",""pyxel_platformer"":""games/pyxel/10_platformer.py"",""space_rescue"":""games/pyxel/apps-src/space_rescue/space_rescue.py""}","{""pyxel_jump"":""4743a825f1c9cae7e049ac52115f4ecf83350db546c00745a54af187d7bc2e46"",""pyxel_platformer"":""1b2c75b49dc9ab0254fb4b724682a4787868814a38d2f08920720dc5b6007ac5"",""space_rescue"":""f3b0ab6784ae558e64f06a3f0a704e53f107a130aa3d43357659d0850131e461""}",c47837d98c415a2378b1394d09b4bd66e80ccaee282022c3d7416cf158b8264a
1,453,formal-v1__profile__pyxel_platformer__cpu_compute__p050__r02,formal-v1,profile,not_applicable,pressure_profile,"[""pyxel_platformer""]",pyxel_platformer,[],,,cpu_compute,0.5,2,3524156227081131149,20,60,1,20,windows-rtx4060,0,0,grid_2x2,true,82,1f4e3f3ce1069ad1b142225e539ac838483cf248849a3ee4b2d0608dd6f525bd,ed5c9df7f7b1e5686ad552b10abd5d853a23f5b3,data/raw/formal-v1/formal-v1__profile__pyxel_platformer__cpu_compute__p050__r02,"{""pyxel_platformer"":""games/pyxel/10_platformer.py""}","{""pyxel_platformer"":""1b2c75b49dc9ab0254fb4b724682a4787868814a38d2f08920720dc5b6007ac5""}",21a3e99e0074e8857d10e234fb18273578ff16f8e2640eb554cee56657e2390f
1,454,formal-v1__profile__pyxel_bubbles__cpu_compute__p050__r02,formal-v1,profile,not_applicable,pressure_profile,"[""pyxel_bubbles""]",pyxel_bubbles,[],,,cpu_compute,0.5,2,3591286646246706183,20,60,1,20,windows-rtx4060,0,0,grid_2x2,true,82,1f4e3f3ce1069ad1b142225e539ac838483cf248849a3ee4b2d0608dd6f525bd,ed5c9df7f7b1e5686ad552b10abd5d853a23f5b3,data/raw/formal-v1/formal-v1__profile__pyxel_bubbles__cpu_compute__p050__r02,"{""pyxel_bubbles"":""games/pyxel/06_click_game.py""}","{""pyxel_bubbles"":""54c101e90bdaed839ac4c4284494530d5df37a5819a35f1e41eebb0b3da5d900""}",91196f47e7a0a33e61a9a4e57aec4fb5409bced3f12f8877261981a12030bcb3
1,455,formal-v1__profile__pyxel_jump__gpu_memory__p100__r02,formal-v1,profile,not_applicable,pressure_profile,"[""pyxel_jump""]",pyxel_jump,[],,,gpu_memory,1,2,8656185759468934060,20,60,1,20,windows-rtx4060,0,0,grid_2x2,true,82,1f4e3f3ce1069ad1b142225e539ac838483cf248849a3ee4b2d0608dd6f525bd,ed5c9df7f7b1e5686ad552b10abd5d853a23f5b3,data/raw/formal-v1/formal-v1__profile__pyxel_jump__gpu_memory__p100__r02,"{""pyxel_jump"":""games/pyxel/02_jump_game.py""}","{""pyxel_jump"":""4743a825f1c9cae7e049ac52115f4ecf83350db546c00745a54af187d7bc2e46""}",76698d0146be72d289cbba7d61c3f3a9eb8a73ec15ec1c724196fbfec72299b8
1,456,formal-v1__profile__pyxel_snake__memory_bandwidth__p050__r03,formal-v1,profile,not_applicable,pressure_profile,"[""pyxel_snake""]",pyxel_snake,[],,,memory_bandwidth,0.5,3,9249909982490903901,20,60,1,20,windows-rtx4060,0,0,grid_2x2,true,82,1f4e3f3ce1069ad1b142225e539ac838483cf248849a3ee4b2d0608dd6f525bd,ed5c9df7f7b1e5686ad552b10abd5d853a23f5b3,data/raw/formal-v1/formal-v1__profile__pyxel_snake__memory_bandwidth__p050__r03,"{""pyxel_snake"":""games/pyxel/07_snake.py""}","{""pyxel_snake"":""bc533fef92d1d358e570f69d979919fe5c1cd8c4da49841104b49a1e661a5ac3""}",30a6bf1c76c481fe0b27ff2a32f8da6d739e9fb28e2fc391f319d5703d702243
1,457,formal-v1__profile__pyxel_snake__gpu_compute__p100__r01,formal-v1,profile,not_applicable,pressure_profile,"[""pyxel_snake""]",pyxel_snake,[],,,gpu_compute,1,1,3308820749369498055,20,60,1,20,windows-rtx4060,0,0,grid_2x2,true,82,1f4e3f3ce1069ad1b142225e539ac838483cf248849a3ee4b2d0608dd6f525bd,ed5c9df7f7b1e5686ad552b10abd5d853a23f5b3,data/raw/formal-v1/formal-v1__profile__pyxel_snake__gpu_compute__p100__r01,"{""pyxel_snake"":""games/pyxel/07_snake.py""}","{""pyxel_snake"":""bc533fef92d1d358e570f69d979919fe5c1cd8c4da49841104b49a1e661a5ac3""}",607ee3fa022c932a62f66b1e1ed5f38fc98582b06c1181e4d2c4345765721d47
1,458,formal-v1__profile__daylight__gpu_memory__p000__r02,formal-v1,profile,not_applicable,pressure_profile,"[""daylight""]",daylight,[],,,gpu_memory,0,2,7374920704241524300,20,60,1,20,windows-rtx4060,0,0,grid_2x2,true,82,1f4e3f3ce1069ad1b142225e539ac838483cf248849a3ee4b2d0608dd6f525bd,ed5c9df7f7b1e5686ad552b10abd5d853a23f5b3,data/raw/formal-v1/formal-v1__profile__daylight__gpu_memory__p000__r02,"{""daylight"":""games/pyxel/apps-src/30SecondsOfDaylight/src/main.py""}","{""daylight"":""21a365375249e9d7ea05e78dcfe040f09cc1f0c66bd410bae084190c743a028f""}",1d60920b12b0603e4be7b6623e786950e59ac95411ba1f75ff83ad0ba720fbf5
1,459,formal-v1__profile__space_rescue__gpu_compute__p075__r01,formal-v1,profile,not_applicable,pressure_profile,"[""space_rescue""]",space_rescue,[],,,gpu_compute,0.75,1,7279084081483763361,20,60,1,20,windows-rtx4060,0,0,grid_2x2,true,82,1f4e3f3ce1069ad1b142225e539ac838483cf248849a3ee4b2d0608dd6f525bd,ed5c9df7f7b1e5686ad552b10abd5d853a23f5b3,data/raw/formal-v1/formal-v1__profile__space_rescue__gpu_compute__p075__r01,"{""space_rescue"":""games/pyxel/apps-src/space_rescue/space_rescue.py""}","{""space_rescue"":""f3b0ab6784ae558e64f06a3f0a704e53f107a130aa3d43357659d0850131e461""}",49ff2c9f7e236401b30e12df63d37d52a7c0733dc3b99634ea6ca465bad5dacb
1,460,formal-v1__profile__pyxel_jump__gpu_memory__p025__r02,formal-v1,profile,not_applicable,pressure_profile,"[""pyxel_jump""]",pyxel_jump,[],,,gpu_memory,0.25,2,5297649724675066393,20,60,1,20,windows-rtx4060,0,0,grid_2x2,true,82,1f4e3f3ce1069ad1b142225e539ac838483cf248849a3ee4b2d0608dd6f525bd,ed5c9df7f7b1e5686ad552b10abd5d853a23f5b3,data/raw/formal-v1/formal-v1__profile__pyxel_jump__gpu_memory__p025__r02,"{""pyxel_jump"":""games/pyxel/02_jump_game.py""}","{""pyxel_jump"":""4743a825f1c9cae7e049ac52115f4ecf83350db546c00745a54af187d7bc2e46""}",16cbe01ae291ca77849b25c01b70bcf66697b725c8fb63824aaa8f4ab835db41
1,461,formal-v1__profile__space_rescue__gpu_compute__p025__r03,formal-v1,profile,not_applicable,pressure_profile,"[""space_rescue""]",space_rescue,[],,,gpu_compute,0.25,3,8520314496541207895,20,60,1,20,windows-rtx4060,0,0,grid_2x2,true,82,1f4e3f3ce1069ad1b142225e539ac838483cf248849a3ee4b2d0608dd6f525bd,ed5c9df7f7b1e5686ad552b10abd5d853a23f5b3,data/raw/formal-v1/formal-v1__profile__space_rescue__gpu_compute__p025__r03,"{""space_rescue"":""games/pyxel/apps-src/space_rescue/space_rescue.py""}","{""space_rescue"":""f3b0ab6784ae558e64f06a3f0a704e53f107a130aa3d43357659d0850131e461""}",55df57e506d91193704ecf6384189375ef9a0639fc28f1d7b419ddbe5bae85b0
1,462,formal-v1__profile__pyxel_shooter__gpu_compute__p050__r03,formal-v1,profile,not_applicable,pressure_profile,"[""pyxel_shooter""]",pyxel_shooter,[],,,gpu_compute,0.5,3,5534066133043590469,20,60,1,20,windows-rtx4060,0,0,grid_2x2,true,82,1f4e3f3ce1069ad1b142225e539ac838483cf248849a3ee4b2d0608dd6f525bd,ed5c9df7f7b1e5686ad552b10abd5d853a23f5b3,data/raw/formal-v1/formal-v1__profile__pyxel_shooter__gpu_compute__p050__r03,"{""pyxel_shooter"":""games/pyxel/09_shooter.py""}","{""pyxel_shooter"":""0f53e4156907eac41080a8f289e22c89365b3239517c754cf59a51af201d5563""}",b20db840c76a3f7148fedfeb1426fd1e5238c81124f37123b92868d6f8bc6d96
1,463,formal-v1__extra__pyxel_jump+pyxel_platformer+pyxel_shooter+space_rescue__r01,formal-v1,colocation-extra-test,extra_test,extra_test,"[""pyxel_jump"",""pyxel_platformer"",""pyxel_shooter"",""space_rescue""]",pyxel_jump,"[""pyxel_platformer"",""pyxel_shooter"",""space_rescue""]",pyxel_jump+pyxel_platformer+pyxel_shooter+space_rescue,pyxel_jump+pyxel_platformer+pyxel_shooter+space_rescue__r01,,,1,8773923703025005668,20,60,1,20,windows-rtx4060,0,0,grid_2x2,true,82,1f4e3f3ce1069ad1b142225e539ac838483cf248849a3ee4b2d0608dd6f525bd,ed5c9df7f7b1e5686ad552b10abd5d853a23f5b3,data/raw/formal-v1/formal-v1__extra__pyxel_jump+pyxel_platformer+pyxel_shooter+space_rescue__r01,"{""pyxel_jump"":""games/pyxel/02_jump_game.py"",""pyxel_platformer"":""games/pyxel/10_platformer.py"",""pyxel_shooter"":""games/pyxel/09_shooter.py"",""space_rescue"":""games/pyxel/apps-src/space_rescue/space_rescue.py""}","{""pyxel_jump"":""4743a825f1c9cae7e049ac52115f4ecf83350db546c00745a54af187d7bc2e46"",""pyxel_platformer"":""1b2c75b49dc9ab0254fb4b724682a4787868814a38d2f08920720dc5b6007ac5"",""pyxel_shooter"":""0f53e4156907eac41080a8f289e22c89365b3239517c754cf59a51af201d5563"",""space_rescue"":""f3b0ab6784ae558e64f06a3f0a704e53f107a130aa3d43357659d0850131e461""}",c826becf0053802c808af6da829273ab429697f05d4c42843ffd58e13104fcd5
1,464,formal-v1__colocation__daylight+mega_wing+space_rescue__r02,formal-v1,colocation-main,train,colocation,"[""daylight"",""mega_wing"",""space_rescue""]",daylight,"[""mega_wing"",""space_rescue""]",daylight+mega_wing+space_rescue,daylight+mega_wing+space_rescue__r02,,,2,13201791575080300822,20,60,1,20,windows-rtx4060,0,0,grid_2x2,true,82,1f4e3f3ce1069ad1b142225e539ac838483cf248849a3ee4b2d0608dd6f525bd,ed5c9df7f7b1e5686ad552b10abd5d853a23f5b3,data/raw/formal-v1/formal-v1__colocation__daylight+mega_wing+space_rescue__r02,"{""daylight"":""games/pyxel/apps-src/30SecondsOfDaylight/src/main.py"",""mega_wing"":""games/pyxel/apps-src/mega_wing/mega_wing.py"",""space_rescue"":""games/pyxel/apps-src/space_rescue/space_rescue.py""}","{""daylight"":""21a365375249e9d7ea05e78dcfe040f09cc1f0c66bd410bae084190c743a028f"",""mega_wing"":""86bad6c02a303806c58137503739241dc6b1e86695f7c0dbf672b5e1a1464e9f"",""space_rescue"":""f3b0ab6784ae558e64f06a3f0a704e53f107a130aa3d43357659d0850131e461""}",ab1fbbfa3fb3ca8f9e660293942c08a4223cf82b9fc22ced7ab5d686a29e823b
1,465,formal-v1__colocation__daylight+pyxel_jump+space_rescue__r02,formal-v1,colocation-main,train,colocation,"[""daylight"",""pyxel_jump"",""space_rescue""]",daylight,"[""pyxel_jump"",""space_rescue""]",daylight+pyxel_jump+space_rescue,daylight+pyxel_jump+space_rescue__r02,,,2,18067767290852735786,20,60,1,20,windows-rtx4060,0,0,grid_2x2,true,82,1f4e3f3ce1069ad1b142225e539ac838483cf248849a3ee4b2d0608dd6f525bd,ed5c9df7f7b1e5686ad552b10abd5d853a23f5b3,data/raw/formal-v1/formal-v1__colocation__daylight+pyxel_jump+space_rescue__r02,"{""daylight"":""games/pyxel/apps-src/30SecondsOfDaylight/src/main.py"",""pyxel_jump"":""games/pyxel/02_jump_game.py"",""space_rescue"":""games/pyxel/apps-src/space_rescue/space_rescue.py""}","{""daylight"":""21a365375249e9d7ea05e78dcfe040f09cc1f0c66bd410bae084190c743a028f"",""pyxel_jump"":""4743a825f1c9cae7e049ac52115f4ecf83350db546c00745a54af187d7bc2e46"",""space_rescue"":""f3b0ab6784ae558e64f06a3f0a704e53f107a130aa3d43357659d0850131e461""}",44261eb452fbc2ff026b44625deaf19dbdf1324d9f63026c2a12569bd64b656b
1,466,formal-v1__colocation__daylight+mega_wing+pyxel_shooter__r01,formal-v1,colocation-main,validation,colocation,"[""daylight"",""mega_wing"",""pyxel_shooter""]",daylight,"[""mega_wing"",""pyxel_shooter""]",daylight+mega_wing+pyxel_shooter,daylight+mega_wing+pyxel_shooter__r01,,,1,15468395089088265240,20,60,1,20,windows-rtx4060,0,0,grid_2x2,true,82,1f4e3f3ce1069ad1b142225e539ac838483cf248849a3ee4b2d0608dd6f525bd,ed5c9df7f7b1e5686ad552b10abd5d853a23f5b3,data/raw/formal-v1/formal-v1__colocation__daylight+mega_wing+pyxel_shooter__r01,"{""daylight"":""games/pyxel/apps-src/30SecondsOfDaylight/src/main.py"",""mega_wing"":""games/pyxel/apps-src/mega_wing/mega_wing.py"",""pyxel_shooter"":""games/pyxel/09_shooter.py""}","{""daylight"":""21a365375249e9d7ea05e78dcfe040f09cc1f0c66bd410bae084190c743a028f"",""mega_wing"":""86bad6c02a303806c58137503739241dc6b1e86695f7c0dbf672b5e1a1464e9f"",""pyxel_shooter"":""0f53e4156907eac41080a8f289e22c89365b3239517c754cf59a51af201d5563""}",98e409316ccf595c43c156852f178308af83ef17219acc6efffe909272f17c18
1,467,formal-v1__colocation__pyxel_jump+space_rescue__r02,formal-v1,colocation-main,train,colocation,"[""pyxel_jump"",""space_rescue""]",pyxel_jump,"[""space_rescue""]",pyxel_jump+space_rescue,pyxel_jump+space_rescue__r02,,,2,5232719047817812495,20,60,1,20,windows-rtx4060,0,0,grid_2x2,true,82,1f4e3f3ce1069ad1b142225e539ac838483cf248849a3ee4b2d0608dd6f525bd,ed5c9df7f7b1e5686ad552b10abd5d853a23f5b3,data/raw/formal-v1/formal-v1__colocation__pyxel_jump+space_rescue__r02,"{""pyxel_jump"":""games/pyxel/02_jump_game.py"",""space_rescue"":""games/pyxel/apps-src/space_rescue/space_rescue.py""}","{""pyxel_jump"":""4743a825f1c9cae7e049ac52115f4ecf83350db546c00745a54af187d7bc2e46"",""space_rescue"":""f3b0ab6784ae558e64f06a3f0a704e53f107a130aa3d43357659d0850131e461""}",15c743319715e0d287257a846da68ace1e64eb02085c68a8e284d75c1601bdb8
1,468,formal-v1__profile__pyxel_jump__memory_bandwidth__p100__r01,formal-v1,profile,not_applicable,pressure_profile,"[""pyxel_jump""]",pyxel_jump,[],,,memory_bandwidth,1,1,9875989086911078753,20,60,1,20,windows-rtx4060,0,0,grid_2x2,true,82,1f4e3f3ce1069ad1b142225e539ac838483cf248849a3ee4b2d0608dd6f525bd,ed5c9df7f7b1e5686ad552b10abd5d853a23f5b3,data/raw/formal-v1/formal-v1__profile__pyxel_jump__memory_bandwidth__p100__r01,"{""pyxel_jump"":""games/pyxel/02_jump_game.py""}","{""pyxel_jump"":""4743a825f1c9cae7e049ac52115f4ecf83350db546c00745a54af187d7bc2e46""}",9cc10a700971dfd3feaafaae86125c9278b2b7f9af3a7fa6e5652574b5974faa
1,469,formal-v1__profile__daylight__cpu_compute__p000__r01,formal-v1,profile,not_applicable,pressure_profile,"[""daylight""]",daylight,[],,,cpu_compute,0,1,12653542332541665964,20,60,1,20,windows-rtx4060,0,0,grid_2x2,true,82,1f4e3f3ce1069ad1b142225e539ac838483cf248849a3ee4b2d0608dd6f525bd,ed5c9df7f7b1e5686ad552b10abd5d853a23f5b3,data/raw/formal-v1/formal-v1__profile__daylight__cpu_compute__p000__r01,"{""daylight"":""games/pyxel/apps-src/30SecondsOfDaylight/src/main.py""}","{""daylight"":""21a365375249e9d7ea05e78dcfe040f09cc1f0c66bd410bae084190c743a028f""}",5eda3d570aa065345602017291b07591bebca1a927114e2c9c0cf1118ff3ef7f
1,470,formal-v1__profile__pyxel_shooter__cpu_compute__p000__r01,formal-v1,profile,not_applicable,pressure_profile,"[""pyxel_shooter""]",pyxel_shooter,[],,,cpu_compute,0,1,1773463543124425560,20,60,1,20,windows-rtx4060,0,0,grid_2x2,true,82,1f4e3f3ce1069ad1b142225e539ac838483cf248849a3ee4b2d0608dd6f525bd,ed5c9df7f7b1e5686ad552b10abd5d853a23f5b3,data/raw/formal-v1/formal-v1__profile__pyxel_shooter__cpu_compute__p000__r01,"{""pyxel_shooter"":""games/pyxel/09_shooter.py""}","{""pyxel_shooter"":""0f53e4156907eac41080a8f289e22c89365b3239517c754cf59a51af201d5563""}",a446b512dd5e352de54151890dceb6be6d1ef3ea9ff4c7b7ed8e7353bf6c59ec
1,471,formal-v1__profile__daylight__memory_bandwidth__p050__r03,formal-v1,profile,not_applicable,pressure_profile,"[""daylight""]",daylight,[],,,memory_bandwidth,0.5,3,11504194784090778569,20,60,1,20,windows-rtx4060,0,0,grid_2x2,true,82,1f4e3f3ce1069ad1b142225e539ac838483cf248849a3ee4b2d0608dd6f525bd,ed5c9df7f7b1e5686ad552b10abd5d853a23f5b3,data/raw/formal-v1/formal-v1__profile__daylight__memory_bandwidth__p050__r03,"{""daylight"":""games/pyxel/apps-src/30SecondsOfDaylight/src/main.py""}","{""daylight"":""21a365375249e9d7ea05e78dcfe040f09cc1f0c66bd410bae084190c743a028f""}",4fcd2302f514fdb5a65102e89f46701e7597f689737b9f935df380016d8ee67e
1,472,formal-v1__profile__daylight__gpu_memory__p000__r01,formal-v1,profile,not_applicable,pressure_profile,"[""daylight""]",daylight,[],,,gpu_memory,0,1,11678635010054922399,20,60,1,20,windows-rtx4060,0,0,grid_2x2,true,82,1f4e3f3ce1069ad1b142225e539ac838483cf248849a3ee4b2d0608dd6f525bd,ed5c9df7f7b1e5686ad552b10abd5d853a23f5b3,data/raw/formal-v1/formal-v1__profile__daylight__gpu_memory__p000__r01,"{""daylight"":""games/pyxel/apps-src/30SecondsOfDaylight/src/main.py""}","{""daylight"":""21a365375249e9d7ea05e78dcfe040f09cc1f0c66bd410bae084190c743a028f""}",c2dbd1c535ff8f220cec5db4c9a205f1493d5de7719657a08b1a5bcf88e6c847
1,473,formal-v1__profile__pyxel_platformer__gpu_memory__p075__r01,formal-v1,profile,not_applicable,pressure_profile,"[""pyxel_platformer""]",pyxel_platformer,[],,,gpu_memory,0.75,1,10486814864336015487,20,60,1,20,windows-rtx4060,0,0,grid_2x2,true,82,1f4e3f3ce1069ad1b142225e539ac838483cf248849a3ee4b2d0608dd6f525bd,ed5c9df7f7b1e5686ad552b10abd5d853a23f5b3,data/raw/formal-v1/formal-v1__profile__pyxel_platformer__gpu_memory__p075__r01,"{""pyxel_platformer"":""games/pyxel/10_platformer.py""}","{""pyxel_platformer"":""1b2c75b49dc9ab0254fb4b724682a4787868814a38d2f08920720dc5b6007ac5""}",e163a1bbec2d9e706c420bbabd66ce503a07ad19622eb23a5e11eb4a87dcdd06
1,474,formal-v1__colocation__daylight+pyxel_platformer__r02,formal-v1,colocation-main,validation,colocation,"[""daylight"",""pyxel_platformer""]",daylight,"[""pyxel_platformer""]",daylight+pyxel_platformer,daylight+pyxel_platformer__r02,,,2,14208229474584862758,20,60,1,20,windows-rtx4060,0,0,grid_2x2,true,82,1f4e3f3ce1069ad1b142225e539ac838483cf248849a3ee4b2d0608dd6f525bd,ed5c9df7f7b1e5686ad552b10abd5d853a23f5b3,data/raw/formal-v1/formal-v1__colocation__daylight+pyxel_platformer__r02,"{""daylight"":""games/pyxel/apps-src/30SecondsOfDaylight/src/main.py"",""pyxel_platformer"":""games/pyxel/10_platformer.py""}","{""daylight"":""21a365375249e9d7ea05e78dcfe040f09cc1f0c66bd410bae084190c743a028f"",""pyxel_platformer"":""1b2c75b49dc9ab0254fb4b724682a4787868814a38d2f08920720dc5b6007ac5""}",3e7fe2e946264f620fea31d85a1b651772a37363a437d77bfeefe796b5b8b324
1,475,formal-v1__profile__mega_wing__memory_bandwidth__p000__r03,formal-v1,profile,not_applicable,pressure_profile,"[""mega_wing""]",mega_wing,[],,,memory_bandwidth,0,3,16041027278042840818,20,60,1,20,windows-rtx4060,0,0,grid_2x2,true,82,1f4e3f3ce1069ad1b142225e539ac838483cf248849a3ee4b2d0608dd6f525bd,ed5c9df7f7b1e5686ad552b10abd5d853a23f5b3,data/raw/formal-v1/formal-v1__profile__mega_wing__memory_bandwidth__p000__r03,"{""mega_wing"":""games/pyxel/apps-src/mega_wing/mega_wing.py""}","{""mega_wing"":""86bad6c02a303806c58137503739241dc6b1e86695f7c0dbf672b5e1a1464e9f""}",996f9db369a21fb0b81b17962c9d1068ce7207df39a10f3fc5e49f3d82b4a836
1,476,formal-v1__profile__pyxel_shooter__memory_bandwidth__p025__r02,formal-v1,profile,not_applicable,pressure_profile,"[""pyxel_shooter""]",pyxel_shooter,[],,,memory_bandwidth,0.25,2,10911692790553780930,20,60,1,20,windows-rtx4060,0,0,grid_2x2,true,82,1f4e3f3ce1069ad1b142225e539ac838483cf248849a3ee4b2d0608dd6f525bd,ed5c9df7f7b1e5686ad552b10abd5d853a23f5b3,data/raw/formal-v1/formal-v1__profile__pyxel_shooter__memory_bandwidth__p025__r02,"{""pyxel_shooter"":""games/pyxel/09_shooter.py""}","{""pyxel_shooter"":""0f53e4156907eac41080a8f289e22c89365b3239517c754cf59a51af201d5563""}",0278734ac3346b65eb66a2ed4313aadd0a599e31202b9d58cbcdde363d0a44d5
1,477,formal-v1__extra__daylight+pyxel_jump+pyxel_snake+space_rescue__r03,formal-v1,colocation-extra-test,extra_test,extra_test,"[""daylight"",""pyxel_jump"",""pyxel_snake"",""space_rescue""]",daylight,"[""pyxel_jump"",""pyxel_snake"",""space_rescue""]",daylight+pyxel_jump+pyxel_snake+space_rescue,daylight+pyxel_jump+pyxel_snake+space_rescue__r03,,,3,5817121819038531617,20,60,1,20,windows-rtx4060,0,0,grid_2x2,true,82,1f4e3f3ce1069ad1b142225e539ac838483cf248849a3ee4b2d0608dd6f525bd,ed5c9df7f7b1e5686ad552b10abd5d853a23f5b3,data/raw/formal-v1/formal-v1__extra__daylight+pyxel_jump+pyxel_snake+space_rescue__r03,"{""daylight"":""games/pyxel/apps-src/30SecondsOfDaylight/src/main.py"",""pyxel_jump"":""games/pyxel/02_jump_game.py"",""pyxel_snake"":""games/pyxel/07_snake.py"",""space_rescue"":""games/pyxel/apps-src/space_rescue/space_rescue.py""}","{""daylight"":""21a365375249e9d7ea05e78dcfe040f09cc1f0c66bd410bae084190c743a028f"",""pyxel_jump"":""4743a825f1c9cae7e049ac52115f4ecf83350db546c00745a54af187d7bc2e46"",""pyxel_snake"":""bc533fef92d1d358e570f69d979919fe5c1cd8c4da49841104b49a1e661a5ac3"",""space_rescue"":""f3b0ab6784ae558e64f06a3f0a704e53f107a130aa3d43357659d0850131e461""}",586fdac9ec6dc04f8a96299a46427ed8418c97805706e0a488cd759548980a36
1,478,formal-v1__profile__pyxel_shooter__cpu_compute__p000__r03,formal-v1,profile,not_applicable,pressure_profile,"[""pyxel_shooter""]",pyxel_shooter,[],,,cpu_compute,0,3,3087643120504217374,20,60,1,20,windows-rtx4060,0,0,grid_2x2,true,82,1f4e3f3ce1069ad1b142225e539ac838483cf248849a3ee4b2d0608dd6f525bd,ed5c9df7f7b1e5686ad552b10abd5d853a23f5b3,data/raw/formal-v1/formal-v1__profile__pyxel_shooter__cpu_compute__p000__r03,"{""pyxel_shooter"":""games/pyxel/09_shooter.py""}","{""pyxel_shooter"":""0f53e4156907eac41080a8f289e22c89365b3239517c754cf59a51af201d5563""}",2ac4604bcb519a3976887d2a1d7d3fd89e6eb7d0fa776b5871aeb805ce7cf83f
1,479,formal-v1__profile__pyxel_platformer__gpu_memory__p000__r02,formal-v1,profile,not_applicable,pressure_profile,"[""pyxel_platformer""]",pyxel_platformer,[],,,gpu_memory,0,2,3215570134781754768,20,60,1,20,windows-rtx4060,0,0,grid_2x2,true,82,1f4e3f3ce1069ad1b142225e539ac838483cf248849a3ee4b2d0608dd6f525bd,ed5c9df7f7b1e5686ad552b10abd5d853a23f5b3,data/raw/formal-v1/formal-v1__profile__pyxel_platformer__gpu_memory__p000__r02,"{""pyxel_platformer"":""games/pyxel/10_platformer.py""}","{""pyxel_platformer"":""1b2c75b49dc9ab0254fb4b724682a4787868814a38d2f08920720dc5b6007ac5""}",f267c52e2e7c031ed140d4a5bcb676a466f13fa747f4d1af86eac4b14e420c97
1,480,formal-v1__profile__pyxel_jump__gpu_memory__p050__r01,formal-v1,profile,not_applicable,pressure_profile,"[""pyxel_jump""]",pyxel_jump,[],,,gpu_memory,0.5,1,7116178765233895399,20,60,1,20,windows-rtx4060,0,0,grid_2x2,true,82,1f4e3f3ce1069ad1b142225e539ac838483cf248849a3ee4b2d0608dd6f525bd,ed5c9df7f7b1e5686ad552b10abd5d853a23f5b3,data/raw/formal-v1/formal-v1__profile__pyxel_jump__gpu_memory__p050__r01,"{""pyxel_jump"":""games/pyxel/02_jump_game.py""}","{""pyxel_jump"":""4743a825f1c9cae7e049ac52115f4ecf83350db546c00745a54af187d7bc2e46""}",b728f088b43a5e69bc7eb71d2463c98328b4ada25424d0e259483bc9d0d18224
1,481,formal-v1__colocation__daylight+mega_wing+space_rescue__r03,formal-v1,colocation-main,train,colocation,"[""daylight"",""mega_wing"",""space_rescue""]",daylight,"[""mega_wing"",""space_rescue""]",daylight+mega_wing+space_rescue,daylight+mega_wing+space_rescue__r03,,,3,3371092001652227661,20,60,1,20,windows-rtx4060,0,0,grid_2x2,true,82,1f4e3f3ce1069ad1b142225e539ac838483cf248849a3ee4b2d0608dd6f525bd,ed5c9df7f7b1e5686ad552b10abd5d853a23f5b3,data/raw/formal-v1/formal-v1__colocation__daylight+mega_wing+space_rescue__r03,"{""daylight"":""games/pyxel/apps-src/30SecondsOfDaylight/src/main.py"",""mega_wing"":""games/pyxel/apps-src/mega_wing/mega_wing.py"",""space_rescue"":""games/pyxel/apps-src/space_rescue/space_rescue.py""}","{""daylight"":""21a365375249e9d7ea05e78dcfe040f09cc1f0c66bd410bae084190c743a028f"",""mega_wing"":""86bad6c02a303806c58137503739241dc6b1e86695f7c0dbf672b5e1a1464e9f"",""space_rescue"":""f3b0ab6784ae558e64f06a3f0a704e53f107a130aa3d43357659d0850131e461""}",a20f94eb28e40d4e677453a970c16cf39abe85df8bc61496c5b1d8c25ab83848
1,482,formal-v1__profile__pyxel_shooter__memory_bandwidth__p050__r02,formal-v1,profile,not_applicable,pressure_profile,"[""pyxel_shooter""]",pyxel_shooter,[],,,memory_bandwidth,0.5,2,5186168733706402717,20,60,1,20,windows-rtx4060,0,0,grid_2x2,true,82,1f4e3f3ce1069ad1b142225e539ac838483cf248849a3ee4b2d0608dd6f525bd,ed5c9df7f7b1e5686ad552b10abd5d853a23f5b3,data/raw/formal-v1/formal-v1__profile__pyxel_shooter__memory_bandwidth__p050__r02,"{""pyxel_shooter"":""games/pyxel/09_shooter.py""}","{""pyxel_shooter"":""0f53e4156907eac41080a8f289e22c89365b3239517c754cf59a51af201d5563""}",eca201f5ba5e5299637d6423c1fda91c4955c00d4f46d80e090058c7a95d2b46
1,483,formal-v1__extra__daylight+mega_wing+pyxel_bubbles+pyxel_snake__r02,formal-v1,colocation-extra-test,extra_test,extra_test,"[""daylight"",""mega_wing"",""pyxel_bubbles"",""pyxel_snake""]",daylight,"[""mega_wing"",""pyxel_bubbles"",""pyxel_snake""]",daylight+mega_wing+pyxel_bubbles+pyxel_snake,daylight+mega_wing+pyxel_bubbles+pyxel_snake__r02,,,2,3484541607843470007,20,60,1,20,windows-rtx4060,0,0,grid_2x2,true,82,1f4e3f3ce1069ad1b142225e539ac838483cf248849a3ee4b2d0608dd6f525bd,ed5c9df7f7b1e5686ad552b10abd5d853a23f5b3,data/raw/formal-v1/formal-v1__extra__daylight+mega_wing+pyxel_bubbles+pyxel_snake__r02,"{""daylight"":""games/pyxel/apps-src/30SecondsOfDaylight/src/main.py"",""mega_wing"":""games/pyxel/apps-src/mega_wing/mega_wing.py"",""pyxel_bubbles"":""games/pyxel/06_click_game.py"",""pyxel_snake"":""games/pyxel/07_snake.py""}","{""daylight"":""21a365375249e9d7ea05e78dcfe040f09cc1f0c66bd410bae084190c743a028f"",""mega_wing"":""86bad6c02a303806c58137503739241dc6b1e86695f7c0dbf672b5e1a1464e9f"",""pyxel_bubbles"":""54c101e90bdaed839ac4c4284494530d5df37a5819a35f1e41eebb0b3da5d900"",""pyxel_snake"":""bc533fef92d1d358e570f69d979919fe5c1cd8c4da49841104b49a1e661a5ac3""}",4126e99f6eeedc421fb78794dcf8b50a62cf6f9b4d3bafaff16cdab819d0beba
1,484,formal-v1__colocation__mega_wing+pyxel_bubbles+pyxel_jump__r03,formal-v1,colocation-main,train,colocation,"[""mega_wing"",""pyxel_bubbles"",""pyxel_jump""]",mega_wing,"[""pyxel_bubbles"",""pyxel_jump""]",mega_wing+pyxel_bubbles+pyxel_jump,mega_wing+pyxel_bubbles+pyxel_jump__r03,,,3,3317236851309327285,20,60,1,20,windows-rtx4060,0,0,grid_2x2,true,82,1f4e3f3ce1069ad1b142225e539ac838483cf248849a3ee4b2d0608dd6f525bd,ed5c9df7f7b1e5686ad552b10abd5d853a23f5b3,data/raw/formal-v1/formal-v1__colocation__mega_wing+pyxel_bubbles+pyxel_jump__r03,"{""mega_wing"":""games/pyxel/apps-src/mega_wing/mega_wing.py"",""pyxel_bubbles"":""games/pyxel/06_click_game.py"",""pyxel_jump"":""games/pyxel/02_jump_game.py""}","{""mega_wing"":""86bad6c02a303806c58137503739241dc6b1e86695f7c0dbf672b5e1a1464e9f"",""pyxel_bubbles"":""54c101e90bdaed839ac4c4284494530d5df37a5819a35f1e41eebb0b3da5d900"",""pyxel_jump"":""4743a825f1c9cae7e049ac52115f4ecf83350db546c00745a54af187d7bc2e46""}",1bed20e864bf4ef3e8c48c4293a6664dbc66453f74f42926d45ab94762ab20bd
1,485,formal-v1__profile__pyxel_jump__gpu_memory__p050__r02,formal-v1,profile,not_applicable,pressure_profile,"[""pyxel_jump""]",pyxel_jump,[],,,gpu_memory,0.5,2,6754845160849666377,20,60,1,20,windows-rtx4060,0,0,grid_2x2,true,82,1f4e3f3ce1069ad1b142225e539ac838483cf248849a3ee4b2d0608dd6f525bd,ed5c9df7f7b1e5686ad552b10abd5d853a23f5b3,data/raw/formal-v1/formal-v1__profile__pyxel_jump__gpu_memory__p050__r02,"{""pyxel_jump"":""games/pyxel/02_jump_game.py""}","{""pyxel_jump"":""4743a825f1c9cae7e049ac52115f4ecf83350db546c00745a54af187d7bc2e46""}",aa6aac02c978c0685754cbb46bd19a6ba46973f7093ebf645872bc8e2ad8ca8d
1,486,formal-v1__profile__pyxel_shooter__memory_bandwidth__p075__r03,formal-v1,profile,not_applicable,pressure_profile,"[""pyxel_shooter""]",pyxel_shooter,[],,,memory_bandwidth,0.75,3,15603957209511924457,20,60,1,20,windows-rtx4060,0,0,grid_2x2,true,82,1f4e3f3ce1069ad1b142225e539ac838483cf248849a3ee4b2d0608dd6f525bd,ed5c9df7f7b1e5686ad552b10abd5d853a23f5b3,data/raw/formal-v1/formal-v1__profile__pyxel_shooter__memory_bandwidth__p075__r03,"{""pyxel_shooter"":""games/pyxel/09_shooter.py""}","{""pyxel_shooter"":""0f53e4156907eac41080a8f289e22c89365b3239517c754cf59a51af201d5563""}",17c3646b567afd10cf73d678bfc3f09e2a014585a7ff2ed2f759bf7c94277646
1,487,formal-v1__colocation__mega_wing+pyxel_platformer+space_rescue__r02,formal-v1,colocation-main,train,colocation,"[""mega_wing"",""pyxel_platformer"",""space_rescue""]",mega_wing,"[""pyxel_platformer"",""space_rescue""]",mega_wing+pyxel_platformer+space_rescue,mega_wing+pyxel_platformer+space_rescue__r02,,,2,6439483011326769169,20,60,1,20,windows-rtx4060,0,0,grid_2x2,true,82,1f4e3f3ce1069ad1b142225e539ac838483cf248849a3ee4b2d0608dd6f525bd,ed5c9df7f7b1e5686ad552b10abd5d853a23f5b3,data/raw/formal-v1/formal-v1__colocation__mega_wing+pyxel_platformer+space_rescue__r02,"{""mega_wing"":""games/pyxel/apps-src/mega_wing/mega_wing.py"",""pyxel_platformer"":""games/pyxel/10_platformer.py"",""space_rescue"":""games/pyxel/apps-src/space_rescue/space_rescue.py""}","{""mega_wing"":""86bad6c02a303806c58137503739241dc6b1e86695f7c0dbf672b5e1a1464e9f"",""pyxel_platformer"":""1b2c75b49dc9ab0254fb4b724682a4787868814a38d2f08920720dc5b6007ac5"",""space_rescue"":""f3b0ab6784ae558e64f06a3f0a704e53f107a130aa3d43357659d0850131e461""}",28b0951bcfdaf138ecef61a508154903c7f6aaccecc7da2a19d4da2636e9b7fe
1,488,formal-v1__profile__pyxel_platformer__gpu_compute__p100__r01,formal-v1,profile,not_applicable,pressure_profile,"[""pyxel_platformer""]",pyxel_platformer,[],,,gpu_compute,1,1,7264210698707032514,20,60,1,20,windows-rtx4060,0,0,grid_2x2,true,82,1f4e3f3ce1069ad1b142225e539ac838483cf248849a3ee4b2d0608dd6f525bd,ed5c9df7f7b1e5686ad552b10abd5d853a23f5b3,data/raw/formal-v1/formal-v1__profile__pyxel_platformer__gpu_compute__p100__r01,"{""pyxel_platformer"":""games/pyxel/10_platformer.py""}","{""pyxel_platformer"":""1b2c75b49dc9ab0254fb4b724682a4787868814a38d2f08920720dc5b6007ac5""}",184581e6a0a174dab3cdc28873b1ac40a282ded25cd45ef41ca92757adcc1003
1,489,formal-v1__colocation__mega_wing+pyxel_shooter__r01,formal-v1,colocation-main,train,colocation,"[""mega_wing"",""pyxel_shooter""]",mega_wing,"[""pyxel_shooter""]",mega_wing+pyxel_shooter,mega_wing+pyxel_shooter__r01,,,1,15428212448458187375,20,60,1,20,windows-rtx4060,0,0,grid_2x2,true,82,1f4e3f3ce1069ad1b142225e539ac838483cf248849a3ee4b2d0608dd6f525bd,ed5c9df7f7b1e5686ad552b10abd5d853a23f5b3,data/raw/formal-v1/formal-v1__colocation__mega_wing+pyxel_shooter__r01,"{""mega_wing"":""games/pyxel/apps-src/mega_wing/mega_wing.py"",""pyxel_shooter"":""games/pyxel/09_shooter.py""}","{""mega_wing"":""86bad6c02a303806c58137503739241dc6b1e86695f7c0dbf672b5e1a1464e9f"",""pyxel_shooter"":""0f53e4156907eac41080a8f289e22c89365b3239517c754cf59a51af201d5563""}",80f9fd5ef65120f241e72fbd06172c28b7b288a4fb2685e96b122bd89afc76cf
1,490,formal-v1__profile__pyxel_snake__gpu_compute__p050__r02,formal-v1,profile,not_applicable,pressure_profile,"[""pyxel_snake""]",pyxel_snake,[],,,gpu_compute,0.5,2,9860099447219610463,20,60,1,20,windows-rtx4060,0,0,grid_2x2,true,82,1f4e3f3ce1069ad1b142225e539ac838483cf248849a3ee4b2d0608dd6f525bd,ed5c9df7f7b1e5686ad552b10abd5d853a23f5b3,data/raw/formal-v1/formal-v1__profile__pyxel_snake__gpu_compute__p050__r02,"{""pyxel_snake"":""games/pyxel/07_snake.py""}","{""pyxel_snake"":""bc533fef92d1d358e570f69d979919fe5c1cd8c4da49841104b49a1e661a5ac3""}",35c3c76fd82f279dcfb3e5aea4b3f89ddbb7c896b4ed56c48657dd6ff1b28639
1,491,formal-v1__profile__pyxel_shooter__gpu_memory__p075__r03,formal-v1,profile,not_applicable,pressure_profile,"[""pyxel_shooter""]",pyxel_shooter,[],,,gpu_memory,0.75,3,404330187925385923,20,60,1,20,windows-rtx4060,0,0,grid_2x2,true,82,1f4e3f3ce1069ad1b142225e539ac838483cf248849a3ee4b2d0608dd6f525bd,ed5c9df7f7b1e5686ad552b10abd5d853a23f5b3,data/raw/formal-v1/formal-v1__profile__pyxel_shooter__gpu_memory__p075__r03,"{""pyxel_shooter"":""games/pyxel/09_shooter.py""}","{""pyxel_shooter"":""0f53e4156907eac41080a8f289e22c89365b3239517c754cf59a51af201d5563""}",ef20f720679a9314fd6fecb95770a4643117f5523f86931651d84610d08f8df5
1,492,formal-v1__profile__space_rescue__cpu_compute__p050__r03,formal-v1,profile,not_applicable,pressure_profile,"[""space_rescue""]",space_rescue,[],,,cpu_compute,0.5,3,17700676207239580665,20,60,1,20,windows-rtx4060,0,0,grid_2x2,true,82,1f4e3f3ce1069ad1b142225e539ac838483cf248849a3ee4b2d0608dd6f525bd,ed5c9df7f7b1e5686ad552b10abd5d853a23f5b3,data/raw/formal-v1/formal-v1__profile__space_rescue__cpu_compute__p050__r03,"{""space_rescue"":""games/pyxel/apps-src/space_rescue/space_rescue.py""}","{""space_rescue"":""f3b0ab6784ae558e64f06a3f0a704e53f107a130aa3d43357659d0850131e461""}",d617077d7b8e28ecef1a0ae1dcccfd05852c03e066bdb2113af584adcf157265
1,493,formal-v1__colocation__pyxel_bubbles+pyxel_snake__r03,formal-v1,colocation-main,test,colocation,"[""pyxel_bubbles"",""pyxel_snake""]",pyxel_bubbles,"[""pyxel_snake""]",pyxel_bubbles+pyxel_snake,pyxel_bubbles+pyxel_snake__r03,,,3,15193202307042370391,20,60,1,20,windows-rtx4060,0,0,grid_2x2,true,82,1f4e3f3ce1069ad1b142225e539ac838483cf248849a3ee4b2d0608dd6f525bd,ed5c9df7f7b1e5686ad552b10abd5d853a23f5b3,data/raw/formal-v1/formal-v1__colocation__pyxel_bubbles+pyxel_snake__r03,"{""pyxel_bubbles"":""games/pyxel/06_click_game.py"",""pyxel_snake"":""games/pyxel/07_snake.py""}","{""pyxel_bubbles"":""54c101e90bdaed839ac4c4284494530d5df37a5819a35f1e41eebb0b3da5d900"",""pyxel_snake"":""bc533fef92d1d358e570f69d979919fe5c1cd8c4da49841104b49a1e661a5ac3""}",19d4b0ffafbceeb06f05990766ad2fe7b2790bc4ed00d6ea514c6ab3d05d3fbd
1,494,formal-v1__colocation__pyxel_platformer+space_rescue__r02,formal-v1,colocation-main,train,colocation,"[""pyxel_platformer"",""space_rescue""]",pyxel_platformer,"[""space_rescue""]",pyxel_platformer+space_rescue,pyxel_platformer+space_rescue__r02,,,2,15404733295755424698,20,60,1,20,windows-rtx4060,0,0,grid_2x2,true,82,1f4e3f3ce1069ad1b142225e539ac838483cf248849a3ee4b2d0608dd6f525bd,ed5c9df7f7b1e5686ad552b10abd5d853a23f5b3,data/raw/formal-v1/formal-v1__colocation__pyxel_platformer+space_rescue__r02,"{""pyxel_platformer"":""games/pyxel/10_platformer.py"",""space_rescue"":""games/pyxel/apps-src/space_rescue/space_rescue.py""}","{""pyxel_platformer"":""1b2c75b49dc9ab0254fb4b724682a4787868814a38d2f08920720dc5b6007ac5"",""space_rescue"":""f3b0ab6784ae558e64f06a3f0a704e53f107a130aa3d43357659d0850131e461""}",6217f076839d08ee3e56e8adfa267774a08871bd3de9638b40730cd15025ec61
1,495,formal-v1__profile__pyxel_snake__cpu_compute__p075__r03,formal-v1,profile,not_applicable,pressure_profile,"[""pyxel_snake""]",pyxel_snake,[],,,cpu_compute,0.75,3,9492456317129204173,20,60,1,20,windows-rtx4060,0,0,grid_2x2,true,82,1f4e3f3ce1069ad1b142225e539ac838483cf248849a3ee4b2d0608dd6f525bd,ed5c9df7f7b1e5686ad552b10abd5d853a23f5b3,data/raw/formal-v1/formal-v1__profile__pyxel_snake__cpu_compute__p075__r03,"{""pyxel_snake"":""games/pyxel/07_snake.py""}","{""pyxel_snake"":""bc533fef92d1d358e570f69d979919fe5c1cd8c4da49841104b49a1e661a5ac3""}",f10c4a531ca0ae3297e5941b458f652a31d179d767596a3267adeadafb88a062
1,496,formal-v1__profile__space_rescue__memory_bandwidth__p075__r03,formal-v1,profile,not_applicable,pressure_profile,"[""space_rescue""]",space_rescue,[],,,memory_bandwidth,0.75,3,14799239275078652188,20,60,1,20,windows-rtx4060,0,0,grid_2x2,true,82,1f4e3f3ce1069ad1b142225e539ac838483cf248849a3ee4b2d0608dd6f525bd,ed5c9df7f7b1e5686ad552b10abd5d853a23f5b3,data/raw/formal-v1/formal-v1__profile__space_rescue__memory_bandwidth__p075__r03,"{""space_rescue"":""games/pyxel/apps-src/space_rescue/space_rescue.py""}","{""space_rescue"":""f3b0ab6784ae558e64f06a3f0a704e53f107a130aa3d43357659d0850131e461""}",b17463600813d2138f9f8a0e57ce90fed93d64a1bcebb78fe217d2ec495fd988
1,497,formal-v1__profile__space_rescue__cpu_compute__p050__r01,formal-v1,profile,not_applicable,pressure_profile,"[""space_rescue""]",space_rescue,[],,,cpu_compute,0.5,1,8329984100024463382,20,60,1,20,windows-rtx4060,0,0,grid_2x2,true,82,1f4e3f3ce1069ad1b142225e539ac838483cf248849a3ee4b2d0608dd6f525bd,ed5c9df7f7b1e5686ad552b10abd5d853a23f5b3,data/raw/formal-v1/formal-v1__profile__space_rescue__cpu_compute__p050__r01,"{""space_rescue"":""games/pyxel/apps-src/space_rescue/space_rescue.py""}","{""space_rescue"":""f3b0ab6784ae558e64f06a3f0a704e53f107a130aa3d43357659d0850131e461""}",8a8dd105170ccb8e75c0fcb479d8d1a483e069c1e50a5cd7a6c2a9ac2677996d
1,498,formal-v1__extra__mega_wing+pyxel_bubbles+pyxel_platformer+pyxel_shooter__r01,formal-v1,colocation-extra-test,extra_test,extra_test,"[""mega_wing"",""pyxel_bubbles"",""pyxel_platformer"",""pyxel_shooter""]",mega_wing,"[""pyxel_bubbles"",""pyxel_platformer"",""pyxel_shooter""]",mega_wing+pyxel_bubbles+pyxel_platformer+pyxel_shooter,mega_wing+pyxel_bubbles+pyxel_platformer+pyxel_shooter__r01,,,1,16469893538406321818,20,60,1,20,windows-rtx4060,0,0,grid_2x2,true,82,1f4e3f3ce1069ad1b142225e539ac838483cf248849a3ee4b2d0608dd6f525bd,ed5c9df7f7b1e5686ad552b10abd5d853a23f5b3,data/raw/formal-v1/formal-v1__extra__mega_wing+pyxel_bubbles+pyxel_platformer+pyxel_shooter__r01,"{""mega_wing"":""games/pyxel/apps-src/mega_wing/mega_wing.py"",""pyxel_bubbles"":""games/pyxel/06_click_game.py"",""pyxel_platformer"":""games/pyxel/10_platformer.py"",""pyxel_shooter"":""games/pyxel/09_shooter.py""}","{""mega_wing"":""86bad6c02a303806c58137503739241dc6b1e86695f7c0dbf672b5e1a1464e9f"",""pyxel_bubbles"":""54c101e90bdaed839ac4c4284494530d5df37a5819a35f1e41eebb0b3da5d900"",""pyxel_platformer"":""1b2c75b49dc9ab0254fb4b724682a4787868814a38d2f08920720dc5b6007ac5"",""pyxel_shooter"":""0f53e4156907eac41080a8f289e22c89365b3239517c754cf59a51af201d5563""}",d25ba25458258700fe34eb6fe36dc62587e04b62ef5867e0fd81b864da8c266b
1,499,formal-v1__profile__daylight__memory_bandwidth__p025__r02,formal-v1,profile,not_applicable,pressure_profile,"[""daylight""]",daylight,[],,,memory_bandwidth,0.25,2,10138636501592702857,20,60,1,20,windows-rtx4060,0,0,grid_2x2,true,82,1f4e3f3ce1069ad1b142225e539ac838483cf248849a3ee4b2d0608dd6f525bd,ed5c9df7f7b1e5686ad552b10abd5d853a23f5b3,data/raw/formal-v1/formal-v1__profile__daylight__memory_bandwidth__p025__r02,"{""daylight"":""games/pyxel/apps-src/30SecondsOfDaylight/src/main.py""}","{""daylight"":""21a365375249e9d7ea05e78dcfe040f09cc1f0c66bd410bae084190c743a028f""}",0c7134965857fe6c9b95afc4bf9099b2a01918295d729e3208ab6ebd6d8ae25f
1,500,formal-v1__colocation__pyxel_platformer+pyxel_shooter__r03,formal-v1,colocation-main,train,colocation,"[""pyxel_platformer"",""pyxel_shooter""]",pyxel_platformer,"[""pyxel_shooter""]",pyxel_platformer+pyxel_shooter,pyxel_platformer+pyxel_shooter__r03,,,3,7117624119942554937,20,60,1,20,windows-rtx4060,0,0,grid_2x2,true,82,1f4e3f3ce1069ad1b142225e539ac838483cf248849a3ee4b2d0608dd6f525bd,ed5c9df7f7b1e5686ad552b10abd5d853a23f5b3,data/raw/formal-v1/formal-v1__colocation__pyxel_platformer+pyxel_shooter__r03,"{""pyxel_platformer"":""games/pyxel/10_platformer.py"",""pyxel_shooter"":""games/pyxel/09_shooter.py""}","{""pyxel_platformer"":""1b2c75b49dc9ab0254fb4b724682a4787868814a38d2f08920720dc5b6007ac5"",""pyxel_shooter"":""0f53e4156907eac41080a8f289e22c89365b3239517c754cf59a51af201d5563""}",5a3e5f0e3d300f4b1fca8eaee1247fb3f19b83cbf78e0bc3766795e678f30b8b
1,501,formal-v1__extra__daylight+mega_wing+pyxel_platformer+space_rescue__r03,formal-v1,colocation-extra-test,extra_test,extra_test,"[""daylight"",""mega_wing"",""pyxel_platformer"",""space_rescue""]",daylight,"[""mega_wing"",""pyxel_platformer"",""space_rescue""]",daylight+mega_wing+pyxel_platformer+space_rescue,daylight+mega_wing+pyxel_platformer+space_rescue__r03,,,3,11447321451998350184,20,60,1,20,windows-rtx4060,0,0,grid_2x2,true,82,1f4e3f3ce1069ad1b142225e539ac838483cf248849a3ee4b2d0608dd6f525bd,ed5c9df7f7b1e5686ad552b10abd5d853a23f5b3,data/raw/formal-v1/formal-v1__extra__daylight+mega_wing+pyxel_platformer+space_rescue__r03,"{""daylight"":""games/pyxel/apps-src/30SecondsOfDaylight/src/main.py"",""mega_wing"":""games/pyxel/apps-src/mega_wing/mega_wing.py"",""pyxel_platformer"":""games/pyxel/10_platformer.py"",""space_rescue"":""games/pyxel/apps-src/space_rescue/space_rescue.py""}","{""daylight"":""21a365375249e9d7ea05e78dcfe040f09cc1f0c66bd410bae084190c743a028f"",""mega_wing"":""86bad6c02a303806c58137503739241dc6b1e86695f7c0dbf672b5e1a1464e9f"",""pyxel_platformer"":""1b2c75b49dc9ab0254fb4b724682a4787868814a38d2f08920720dc5b6007ac5"",""space_rescue"":""f3b0ab6784ae558e64f06a3f0a704e53f107a130aa3d43357659d0850131e461""}",1d87a91b8e6148905956707ac07c2c514f25c8dfa4e112c52f612bcf676d5cb1
1,502,formal-v1__extra__daylight+pyxel_bubbles+pyxel_jump+pyxel_platformer__r02,formal-v1,colocation-extra-test,extra_test,extra_test,"[""daylight"",""pyxel_bubbles"",""pyxel_jump"",""pyxel_platformer""]",daylight,"[""pyxel_bubbles"",""pyxel_jump"",""pyxel_platformer""]",daylight+pyxel_bubbles+pyxel_jump+pyxel_platformer,daylight+pyxel_bubbles+pyxel_jump+pyxel_platformer__r02,,,2,2825193241993824269,20,60,1,20,windows-rtx4060,0,0,grid_2x2,true,82,1f4e3f3ce1069ad1b142225e539ac838483cf248849a3ee4b2d0608dd6f525bd,ed5c9df7f7b1e5686ad552b10abd5d853a23f5b3,data/raw/formal-v1/formal-v1__extra__daylight+pyxel_bubbles+pyxel_jump+pyxel_platformer__r02,"{""daylight"":""games/pyxel/apps-src/30SecondsOfDaylight/src/main.py"",""pyxel_bubbles"":""games/pyxel/06_click_game.py"",""pyxel_jump"":""games/pyxel/02_jump_game.py"",""pyxel_platformer"":""games/pyxel/10_platformer.py""}","{""daylight"":""21a365375249e9d7ea05e78dcfe040f09cc1f0c66bd410bae084190c743a028f"",""pyxel_bubbles"":""54c101e90bdaed839ac4c4284494530d5df37a5819a35f1e41eebb0b3da5d900"",""pyxel_jump"":""4743a825f1c9cae7e049ac52115f4ecf83350db546c00745a54af187d7bc2e46"",""pyxel_platformer"":""1b2c75b49dc9ab0254fb4b724682a4787868814a38d2f08920720dc5b6007ac5""}",6d813f6c467950b0f24a05fe9527824dd617f7392eca42e1d1da9828dd5c9657
1,503,formal-v1__colocation__daylight+pyxel_shooter__r01,formal-v1,colocation-main,test,colocation,"[""daylight"",""pyxel_shooter""]",daylight,"[""pyxel_shooter""]",daylight+pyxel_shooter,daylight+pyxel_shooter__r01,,,1,807166208853376220,20,60,1,20,windows-rtx4060,0,0,grid_2x2,true,82,1f4e3f3ce1069ad1b142225e539ac838483cf248849a3ee4b2d0608dd6f525bd,ed5c9df7f7b1e5686ad552b10abd5d853a23f5b3,data/raw/formal-v1/formal-v1__colocation__daylight+pyxel_shooter__r01,"{""daylight"":""games/pyxel/apps-src/30SecondsOfDaylight/src/main.py"",""pyxel_shooter"":""games/pyxel/09_shooter.py""}","{""daylight"":""21a365375249e9d7ea05e78dcfe040f09cc1f0c66bd410bae084190c743a028f"",""pyxel_shooter"":""0f53e4156907eac41080a8f289e22c89365b3239517c754cf59a51af201d5563""}",be9e9e7af139d844c6c0f3a828b591e88b152c358567e634080c3b4ecf5b6647
1,504,formal-v1__colocation__pyxel_jump+pyxel_shooter+pyxel_snake__r02,formal-v1,colocation-main,train,colocation,"[""pyxel_jump"",""pyxel_shooter"",""pyxel_snake""]",pyxel_jump,"[""pyxel_shooter"",""pyxel_snake""]",pyxel_jump+pyxel_shooter+pyxel_snake,pyxel_jump+pyxel_shooter+pyxel_snake__r02,,,2,350507075886467266,20,60,1,20,windows-rtx4060,0,0,grid_2x2,true,82,1f4e3f3ce1069ad1b142225e539ac838483cf248849a3ee4b2d0608dd6f525bd,ed5c9df7f7b1e5686ad552b10abd5d853a23f5b3,data/raw/formal-v1/formal-v1__colocation__pyxel_jump+pyxel_shooter+pyxel_snake__r02,"{""pyxel_jump"":""games/pyxel/02_jump_game.py"",""pyxel_shooter"":""games/pyxel/09_shooter.py"",""pyxel_snake"":""games/pyxel/07_snake.py""}","{""pyxel_jump"":""4743a825f1c9cae7e049ac52115f4ecf83350db546c00745a54af187d7bc2e46"",""pyxel_shooter"":""0f53e4156907eac41080a8f289e22c89365b3239517c754cf59a51af201d5563"",""pyxel_snake"":""bc533fef92d1d358e570f69d979919fe5c1cd8c4da49841104b49a1e661a5ac3""}",5799a4e0a79d4fcbf1f5636479ccca4dc61993ef2bafd260c850467b01a47989
1,505,formal-v1__extra__pyxel_jump+pyxel_platformer+pyxel_shooter+space_rescue__r03,formal-v1,colocation-extra-test,extra_test,extra_test,"[""pyxel_jump"",""pyxel_platformer"",""pyxel_shooter"",""space_rescue""]",pyxel_jump,"[""pyxel_platformer"",""pyxel_shooter"",""space_rescue""]",pyxel_jump+pyxel_platformer+pyxel_shooter+space_rescue,pyxel_jump+pyxel_platformer+pyxel_shooter+space_rescue__r03,,,3,17533994871369061609,20,60,1,20,windows-rtx4060,0,0,grid_2x2,true,82,1f4e3f3ce1069ad1b142225e539ac838483cf248849a3ee4b2d0608dd6f525bd,ed5c9df7f7b1e5686ad552b10abd5d853a23f5b3,data/raw/formal-v1/formal-v1__extra__pyxel_jump+pyxel_platformer+pyxel_shooter+space_rescue__r03,"{""pyxel_jump"":""games/pyxel/02_jump_game.py"",""pyxel_platformer"":""games/pyxel/10_platformer.py"",""pyxel_shooter"":""games/pyxel/09_shooter.py"",""space_rescue"":""games/pyxel/apps-src/space_rescue/space_rescue.py""}","{""pyxel_jump"":""4743a825f1c9cae7e049ac52115f4ecf83350db546c00745a54af187d7bc2e46"",""pyxel_platformer"":""1b2c75b49dc9ab0254fb4b724682a4787868814a38d2f08920720dc5b6007ac5"",""pyxel_shooter"":""0f53e4156907eac41080a8f289e22c89365b3239517c754cf59a51af201d5563"",""space_rescue"":""f3b0ab6784ae558e64f06a3f0a704e53f107a130aa3d43357659d0850131e461""}",a1f78dc5b315b541a6027ef9f82aa14ce9ccf6130ab46fe34e83bc29f83a79c2
1,506,formal-v1__extra__daylight+mega_wing+pyxel_platformer+space_rescue__r02,formal-v1,colocation-extra-test,extra_test,extra_test,"[""daylight"",""mega_wing"",""pyxel_platformer"",""space_rescue""]",daylight,"[""mega_wing"",""pyxel_platformer"",""space_rescue""]",daylight+mega_wing+pyxel_platformer+space_rescue,daylight+mega_wing+pyxel_platformer+space_rescue__r02,,,2,10031557160750798792,20,60,1,20,windows-rtx4060,0,0,grid_2x2,true,82,1f4e3f3ce1069ad1b142225e539ac838483cf248849a3ee4b2d0608dd6f525bd,ed5c9df7f7b1e5686ad552b10abd5d853a23f5b3,data/raw/formal-v1/formal-v1__extra__daylight+mega_wing+pyxel_platformer+space_rescue__r02,"{""daylight"":""games/pyxel/apps-src/30SecondsOfDaylight/src/main.py"",""mega_wing"":""games/pyxel/apps-src/mega_wing/mega_wing.py"",""pyxel_platformer"":""games/pyxel/10_platformer.py"",""space_rescue"":""games/pyxel/apps-src/space_rescue/space_rescue.py""}","{""daylight"":""21a365375249e9d7ea05e78dcfe040f09cc1f0c66bd410bae084190c743a028f"",""mega_wing"":""86bad6c02a303806c58137503739241dc6b1e86695f7c0dbf672b5e1a1464e9f"",""pyxel_platformer"":""1b2c75b49dc9ab0254fb4b724682a4787868814a38d2f08920720dc5b6007ac5"",""space_rescue"":""f3b0ab6784ae558e64f06a3f0a704e53f107a130aa3d43357659d0850131e461""}",666c207fa70171b9044bc42f381a72515f291d21113fdbc678d23ffc54165fe5
1,507,formal-v1__profile__mega_wing__gpu_compute__p050__r01,formal-v1,profile,not_applicable,pressure_profile,"[""mega_wing""]",mega_wing,[],,,gpu_compute,0.5,1,15247727687741815888,20,60,1,20,windows-rtx4060,0,0,grid_2x2,true,82,1f4e3f3ce1069ad1b142225e539ac838483cf248849a3ee4b2d0608dd6f525bd,ed5c9df7f7b1e5686ad552b10abd5d853a23f5b3,data/raw/formal-v1/formal-v1__profile__mega_wing__gpu_compute__p050__r01,"{""mega_wing"":""games/pyxel/apps-src/mega_wing/mega_wing.py""}","{""mega_wing"":""86bad6c02a303806c58137503739241dc6b1e86695f7c0dbf672b5e1a1464e9f""}",9474de7ad134517c110012f93ee4233596b1308b82af5b12c0141c23b9928d3c
1,508,formal-v1__profile__space_rescue__memory_bandwidth__p050__r02,formal-v1,profile,not_applicable,pressure_profile,"[""space_rescue""]",space_rescue,[],,,memory_bandwidth,0.5,2,1784150047241568090,20,60,1,20,windows-rtx4060,0,0,grid_2x2,true,82,1f4e3f3ce1069ad1b142225e539ac838483cf248849a3ee4b2d0608dd6f525bd,ed5c9df7f7b1e5686ad552b10abd5d853a23f5b3,data/raw/formal-v1/formal-v1__profile__space_rescue__memory_bandwidth__p050__r02,"{""space_rescue"":""games/pyxel/apps-src/space_rescue/space_rescue.py""}","{""space_rescue"":""f3b0ab6784ae558e64f06a3f0a704e53f107a130aa3d43357659d0850131e461""}",0511c0e71fde642a38175b768b5c14eeae79a908a716e339ffc731095eea8b00
1,509,formal-v1__colocation__pyxel_bubbles+pyxel_platformer__r03,formal-v1,colocation-main,train,colocation,"[""pyxel_bubbles"",""pyxel_platformer""]",pyxel_bubbles,"[""pyxel_platformer""]",pyxel_bubbles+pyxel_platformer,pyxel_bubbles+pyxel_platformer__r03,,,3,10013231083899079250,20,60,1,20,windows-rtx4060,0,0,grid_2x2,true,82,1f4e3f3ce1069ad1b142225e539ac838483cf248849a3ee4b2d0608dd6f525bd,ed5c9df7f7b1e5686ad552b10abd5d853a23f5b3,data/raw/formal-v1/formal-v1__colocation__pyxel_bubbles+pyxel_platformer__r03,"{""pyxel_bubbles"":""games/pyxel/06_click_game.py"",""pyxel_platformer"":""games/pyxel/10_platformer.py""}","{""pyxel_bubbles"":""54c101e90bdaed839ac4c4284494530d5df37a5819a35f1e41eebb0b3da5d900"",""pyxel_platformer"":""1b2c75b49dc9ab0254fb4b724682a4787868814a38d2f08920720dc5b6007ac5""}",52ed20a94ff75270e001a1385bc0e3f8e4420eb167a4507844ee3ca76c203d45
1,510,formal-v1__profile__pyxel_shooter__gpu_memory__p000__r02,formal-v1,profile,not_applicable,pressure_profile,"[""pyxel_shooter""]",pyxel_shooter,[],,,gpu_memory,0,2,17779542132107976417,20,60,1,20,windows-rtx4060,0,0,grid_2x2,true,82,1f4e3f3ce1069ad1b142225e539ac838483cf248849a3ee4b2d0608dd6f525bd,ed5c9df7f7b1e5686ad552b10abd5d853a23f5b3,data/raw/formal-v1/formal-v1__profile__pyxel_shooter__gpu_memory__p000__r02,"{""pyxel_shooter"":""games/pyxel/09_shooter.py""}","{""pyxel_shooter"":""0f53e4156907eac41080a8f289e22c89365b3239517c754cf59a51af201d5563""}",1e65dc0f1cc2ec37b00bd70edb9296c3afc8f7e5339be47641f28eea2f44d10c
1,511,formal-v1__solo__pyxel_jump__r01,formal-v1,solo,not_applicable,solo,"[""pyxel_jump""]",pyxel_jump,[],,,,,1,4388592058020453810,20,60,1,20,windows-rtx4060,0,0,grid_2x2,true,82,1f4e3f3ce1069ad1b142225e539ac838483cf248849a3ee4b2d0608dd6f525bd,ed5c9df7f7b1e5686ad552b10abd5d853a23f5b3,data/raw/formal-v1/formal-v1__solo__pyxel_jump__r01,"{""pyxel_jump"":""games/pyxel/02_jump_game.py""}","{""pyxel_jump"":""4743a825f1c9cae7e049ac52115f4ecf83350db546c00745a54af187d7bc2e46""}",0c02a77b54b3514294c916807edd2aaa382c60049852b27e684f194a59670bef
1,512,formal-v1__profile__pyxel_jump__memory_bandwidth__p075__r01,formal-v1,profile,not_applicable,pressure_profile,"[""pyxel_jump""]",pyxel_jump,[],,,memory_bandwidth,0.75,1,9999797276740716982,20,60,1,20,windows-rtx4060,0,0,grid_2x2,true,82,1f4e3f3ce1069ad1b142225e539ac838483cf248849a3ee4b2d0608dd6f525bd,ed5c9df7f7b1e5686ad552b10abd5d853a23f5b3,data/raw/formal-v1/formal-v1__profile__pyxel_jump__memory_bandwidth__p075__r01,"{""pyxel_jump"":""games/pyxel/02_jump_game.py""}","{""pyxel_jump"":""4743a825f1c9cae7e049ac52115f4ecf83350db546c00745a54af187d7bc2e46""}",88e3bbbafcbbabf50b4d23df5fe961ecd64cbf1272a36bb2932cb0ad50bd306a
1,513,formal-v1__profile__pyxel_shooter__gpu_compute__p025__r02,formal-v1,profile,not_applicable,pressure_profile,"[""pyxel_shooter""]",pyxel_shooter,[],,,gpu_compute,0.25,2,7563723685063049290,20,60,1,20,windows-rtx4060,0,0,grid_2x2,true,82,1f4e3f3ce1069ad1b142225e539ac838483cf248849a3ee4b2d0608dd6f525bd,ed5c9df7f7b1e5686ad552b10abd5d853a23f5b3,data/raw/formal-v1/formal-v1__profile__pyxel_shooter__gpu_compute__p025__r02,"{""pyxel_shooter"":""games/pyxel/09_shooter.py""}","{""pyxel_shooter"":""0f53e4156907eac41080a8f289e22c89365b3239517c754cf59a51af201d5563""}",4068342d6515e15004f3a74ed81a3be783fc514728a833742b9d36099636c349
1,514,formal-v1__profile__space_rescue__memory_bandwidth__p075__r01,formal-v1,profile,not_applicable,pressure_profile,"[""space_rescue""]",space_rescue,[],,,memory_bandwidth,0.75,1,6325774252725646534,20,60,1,20,windows-rtx4060,0,0,grid_2x2,true,82,1f4e3f3ce1069ad1b142225e539ac838483cf248849a3ee4b2d0608dd6f525bd,ed5c9df7f7b1e5686ad552b10abd5d853a23f5b3,data/raw/formal-v1/formal-v1__profile__space_rescue__memory_bandwidth__p075__r01,"{""space_rescue"":""games/pyxel/apps-src/space_rescue/space_rescue.py""}","{""space_rescue"":""f3b0ab6784ae558e64f06a3f0a704e53f107a130aa3d43357659d0850131e461""}",55f3838eef52ad155c3a5dbe2810585454c852f600e184fea0397078b3bc5fed
1,515,formal-v1__profile__mega_wing__memory_bandwidth__p025__r03,formal-v1,profile,not_applicable,pressure_profile,"[""mega_wing""]",mega_wing,[],,,memory_bandwidth,0.25,3,4493031736206093015,20,60,1,20,windows-rtx4060,0,0,grid_2x2,true,82,1f4e3f3ce1069ad1b142225e539ac838483cf248849a3ee4b2d0608dd6f525bd,ed5c9df7f7b1e5686ad552b10abd5d853a23f5b3,data/raw/formal-v1/formal-v1__profile__mega_wing__memory_bandwidth__p025__r03,"{""mega_wing"":""games/pyxel/apps-src/mega_wing/mega_wing.py""}","{""mega_wing"":""86bad6c02a303806c58137503739241dc6b1e86695f7c0dbf672b5e1a1464e9f""}",c8eb399885b8c382167497957dc8eda7b153c1aacdc88e44d716d468b65baef4
1,516,formal-v1__extra__daylight+mega_wing+pyxel_platformer+space_rescue__r01,formal-v1,colocation-extra-test,extra_test,extra_test,"[""daylight"",""mega_wing"",""pyxel_platformer"",""space_rescue""]",daylight,"[""mega_wing"",""pyxel_platformer"",""space_rescue""]",daylight+mega_wing+pyxel_platformer+space_rescue,daylight+mega_wing+pyxel_platformer+space_rescue__r01,,,1,4170152349691884193,20,60,1,20,windows-rtx4060,0,0,grid_2x2,true,82,1f4e3f3ce1069ad1b142225e539ac838483cf248849a3ee4b2d0608dd6f525bd,ed5c9df7f7b1e5686ad552b10abd5d853a23f5b3,data/raw/formal-v1/formal-v1__extra__daylight+mega_wing+pyxel_platformer+space_rescue__r01,"{""daylight"":""games/pyxel/apps-src/30SecondsOfDaylight/src/main.py"",""mega_wing"":""games/pyxel/apps-src/mega_wing/mega_wing.py"",""pyxel_platformer"":""games/pyxel/10_platformer.py"",""space_rescue"":""games/pyxel/apps-src/space_rescue/space_rescue.py""}","{""daylight"":""21a365375249e9d7ea05e78dcfe040f09cc1f0c66bd410bae084190c743a028f"",""mega_wing"":""86bad6c02a303806c58137503739241dc6b1e86695f7c0dbf672b5e1a1464e9f"",""pyxel_platformer"":""1b2c75b49dc9ab0254fb4b724682a4787868814a38d2f08920720dc5b6007ac5"",""space_rescue"":""f3b0ab6784ae558e64f06a3f0a704e53f107a130aa3d43357659d0850131e461""}",2892c72d8f2c130eb1d9b8171c4742512bcd7f0f5c5d9e8ffbf73feec368927b
1,517,formal-v1__colocation__pyxel_jump+pyxel_shooter+space_rescue__r02,formal-v1,colocation-main,validation,colocation,"[""pyxel_jump"",""pyxel_shooter"",""space_rescue""]",pyxel_jump,"[""pyxel_shooter"",""space_rescue""]",pyxel_jump+pyxel_shooter+space_rescue,pyxel_jump+pyxel_shooter+space_rescue__r02,,,2,6800746612884511209,20,60,1,20,windows-rtx4060,0,0,grid_2x2,true,82,1f4e3f3ce1069ad1b142225e539ac838483cf248849a3ee4b2d0608dd6f525bd,ed5c9df7f7b1e5686ad552b10abd5d853a23f5b3,data/raw/formal-v1/formal-v1__colocation__pyxel_jump+pyxel_shooter+space_rescue__r02,"{""pyxel_jump"":""games/pyxel/02_jump_game.py"",""pyxel_shooter"":""games/pyxel/09_shooter.py"",""space_rescue"":""games/pyxel/apps-src/space_rescue/space_rescue.py""}","{""pyxel_jump"":""4743a825f1c9cae7e049ac52115f4ecf83350db546c00745a54af187d7bc2e46"",""pyxel_shooter"":""0f53e4156907eac41080a8f289e22c89365b3239517c754cf59a51af201d5563"",""space_rescue"":""f3b0ab6784ae558e64f06a3f0a704e53f107a130aa3d43357659d0850131e461""}",3edb4b34b94413420fb9465f7b03a38140b0b6354a5146d6d3d3e5b4ad6ea355
1,518,formal-v1__colocation__daylight+pyxel_platformer__r01,formal-v1,colocation-main,validation,colocation,"[""daylight"",""pyxel_platformer""]",daylight,"[""pyxel_platformer""]",daylight+pyxel_platformer,daylight+pyxel_platformer__r01,,,1,17667804392849421537,20,60,1,20,windows-rtx4060,0,0,grid_2x2,true,82,1f4e3f3ce1069ad1b142225e539ac838483cf248849a3ee4b2d0608dd6f525bd,ed5c9df7f7b1e5686ad552b10abd5d853a23f5b3,data/raw/formal-v1/formal-v1__colocation__daylight+pyxel_platformer__r01,"{""daylight"":""games/pyxel/apps-src/30SecondsOfDaylight/src/main.py"",""pyxel_platformer"":""games/pyxel/10_platformer.py""}","{""daylight"":""21a365375249e9d7ea05e78dcfe040f09cc1f0c66bd410bae084190c743a028f"",""pyxel_platformer"":""1b2c75b49dc9ab0254fb4b724682a4787868814a38d2f08920720dc5b6007ac5""}",d1ac3a04d8d83e25a037c45f6adaf6b22ee831291252e0ffe7e7fd5fccc57893
1,519,formal-v1__colocation__mega_wing+pyxel_bubbles+pyxel_snake__r03,formal-v1,colocation-main,train,colocation,"[""mega_wing"",""pyxel_bubbles"",""pyxel_snake""]",mega_wing,"[""pyxel_bubbles"",""pyxel_snake""]",mega_wing+pyxel_bubbles+pyxel_snake,mega_wing+pyxel_bubbles+pyxel_snake__r03,,,3,3563337720581285518,20,60,1,20,windows-rtx4060,0,0,grid_2x2,true,82,1f4e3f3ce1069ad1b142225e539ac838483cf248849a3ee4b2d0608dd6f525bd,ed5c9df7f7b1e5686ad552b10abd5d853a23f5b3,data/raw/formal-v1/formal-v1__colocation__mega_wing+pyxel_bubbles+pyxel_snake__r03,"{""mega_wing"":""games/pyxel/apps-src/mega_wing/mega_wing.py"",""pyxel_bubbles"":""games/pyxel/06_click_game.py"",""pyxel_snake"":""games/pyxel/07_snake.py""}","{""mega_wing"":""86bad6c02a303806c58137503739241dc6b1e86695f7c0dbf672b5e1a1464e9f"",""pyxel_bubbles"":""54c101e90bdaed839ac4c4284494530d5df37a5819a35f1e41eebb0b3da5d900"",""pyxel_snake"":""bc533fef92d1d358e570f69d979919fe5c1cd8c4da49841104b49a1e661a5ac3""}",7e1befd2ff28bce1d8addc67aa5f5da459c4be89c31bfcd2e4fd95319ff91e26
1,520,formal-v1__solo__pyxel_shooter__r03,formal-v1,solo,not_applicable,solo,"[""pyxel_shooter""]",pyxel_shooter,[],,,,,3,3475367116711643472,20,60,1,20,windows-rtx4060,0,0,grid_2x2,true,82,1f4e3f3ce1069ad1b142225e539ac838483cf248849a3ee4b2d0608dd6f525bd,ed5c9df7f7b1e5686ad552b10abd5d853a23f5b3,data/raw/formal-v1/formal-v1__solo__pyxel_shooter__r03,"{""pyxel_shooter"":""games/pyxel/09_shooter.py""}","{""pyxel_shooter"":""0f53e4156907eac41080a8f289e22c89365b3239517c754cf59a51af201d5563""}",f8b4818b76bc2f8f4ae8f592eda2908dd0bba57727deb9fafa6a53501ec0388f
1,521,formal-v1__profile__pyxel_snake__gpu_compute__p000__r01,formal-v1,profile,not_applicable,pressure_profile,"[""pyxel_snake""]",pyxel_snake,[],,,gpu_compute,0,1,10015047143030256139,20,60,1,20,windows-rtx4060,0,0,grid_2x2,true,82,1f4e3f3ce1069ad1b142225e539ac838483cf248849a3ee4b2d0608dd6f525bd,ed5c9df7f7b1e5686ad552b10abd5d853a23f5b3,data/raw/formal-v1/formal-v1__profile__pyxel_snake__gpu_compute__p000__r01,"{""pyxel_snake"":""games/pyxel/07_snake.py""}","{""pyxel_snake"":""bc533fef92d1d358e570f69d979919fe5c1cd8c4da49841104b49a1e661a5ac3""}",2355b3d64315d6af95c56709d1c18265314319ed9cc9c2800dbcb53250f97e5f
1,522,formal-v1__profile__pyxel_jump__memory_bandwidth__p000__r03,formal-v1,profile,not_applicable,pressure_profile,"[""pyxel_jump""]",pyxel_jump,[],,,memory_bandwidth,0,3,664385054857864666,20,60,1,20,windows-rtx4060,0,0,grid_2x2,true,82,1f4e3f3ce1069ad1b142225e539ac838483cf248849a3ee4b2d0608dd6f525bd,ed5c9df7f7b1e5686ad552b10abd5d853a23f5b3,data/raw/formal-v1/formal-v1__profile__pyxel_jump__memory_bandwidth__p000__r03,"{""pyxel_jump"":""games/pyxel/02_jump_game.py""}","{""pyxel_jump"":""4743a825f1c9cae7e049ac52115f4ecf83350db546c00745a54af187d7bc2e46""}",ee7a19ffcc14724ca9a3530149b9d02908a9d431fc4875ca114604e4a292a6cd
1,523,formal-v1__profile__pyxel_bubbles__memory_bandwidth__p025__r02,formal-v1,profile,not_applicable,pressure_profile,"[""pyxel_bubbles""]",pyxel_bubbles,[],,,memory_bandwidth,0.25,2,18130034200163002499,20,60,1,20,windows-rtx4060,0,0,grid_2x2,true,82,1f4e3f3ce1069ad1b142225e539ac838483cf248849a3ee4b2d0608dd6f525bd,ed5c9df7f7b1e5686ad552b10abd5d853a23f5b3,data/raw/formal-v1/formal-v1__profile__pyxel_bubbles__memory_bandwidth__p025__r02,"{""pyxel_bubbles"":""games/pyxel/06_click_game.py""}","{""pyxel_bubbles"":""54c101e90bdaed839ac4c4284494530d5df37a5819a35f1e41eebb0b3da5d900""}",0b81edda455cab9b37ef9f270ead2cde714d49f8e7019555161d6b1f549b616f
1,524,formal-v1__colocation__daylight+pyxel_platformer+pyxel_snake__r03,formal-v1,colocation-main,validation,colocation,"[""daylight"",""pyxel_platformer"",""pyxel_snake""]",daylight,"[""pyxel_platformer"",""pyxel_snake""]",daylight+pyxel_platformer+pyxel_snake,daylight+pyxel_platformer+pyxel_snake__r03,,,3,7488304403953802738,20,60,1,20,windows-rtx4060,0,0,grid_2x2,true,82,1f4e3f3ce1069ad1b142225e539ac838483cf248849a3ee4b2d0608dd6f525bd,ed5c9df7f7b1e5686ad552b10abd5d853a23f5b3,data/raw/formal-v1/formal-v1__colocation__daylight+pyxel_platformer+pyxel_snake__r03,"{""daylight"":""games/pyxel/apps-src/30SecondsOfDaylight/src/main.py"",""pyxel_platformer"":""games/pyxel/10_platformer.py"",""pyxel_snake"":""games/pyxel/07_snake.py""}","{""daylight"":""21a365375249e9d7ea05e78dcfe040f09cc1f0c66bd410bae084190c743a028f"",""pyxel_platformer"":""1b2c75b49dc9ab0254fb4b724682a4787868814a38d2f08920720dc5b6007ac5"",""pyxel_snake"":""bc533fef92d1d358e570f69d979919fe5c1cd8c4da49841104b49a1e661a5ac3""}",eeeb50e7f176f474f309d90be81152b04418f8bee40cd86ebcfba3251e194c30
1,525,formal-v1__solo__pyxel_shooter__r02,formal-v1,solo,not_applicable,solo,"[""pyxel_shooter""]",pyxel_shooter,[],,,,,2,377228495676953109,20,60,1,20,windows-rtx4060,0,0,grid_2x2,true,82,1f4e3f3ce1069ad1b142225e539ac838483cf248849a3ee4b2d0608dd6f525bd,ed5c9df7f7b1e5686ad552b10abd5d853a23f5b3,data/raw/formal-v1/formal-v1__solo__pyxel_shooter__r02,"{""pyxel_shooter"":""games/pyxel/09_shooter.py""}","{""pyxel_shooter"":""0f53e4156907eac41080a8f289e22c89365b3239517c754cf59a51af201d5563""}",8584fd692644c28ed93dc35bb21518a20a0f4bf1b6664456dd0dbc400c5d9aa4
1,526,formal-v1__profile__mega_wing__gpu_memory__p075__r03,formal-v1,profile,not_applicable,pressure_profile,"[""mega_wing""]",mega_wing,[],,,gpu_memory,0.75,3,11606045646025760197,20,60,1,20,windows-rtx4060,0,0,grid_2x2,true,82,1f4e3f3ce1069ad1b142225e539ac838483cf248849a3ee4b2d0608dd6f525bd,ed5c9df7f7b1e5686ad552b10abd5d853a23f5b3,data/raw/formal-v1/formal-v1__profile__mega_wing__gpu_memory__p075__r03,"{""mega_wing"":""games/pyxel/apps-src/mega_wing/mega_wing.py""}","{""mega_wing"":""86bad6c02a303806c58137503739241dc6b1e86695f7c0dbf672b5e1a1464e9f""}",0732b71aaf25ca03d5f1efce6d7e4d1c0cb3dd8cc7fe065be969315f7601562e
1,527,formal-v1__profile__mega_wing__gpu_memory__p100__r03,formal-v1,profile,not_applicable,pressure_profile,"[""mega_wing""]",mega_wing,[],,,gpu_memory,1,3,9739149393046620933,20,60,1,20,windows-rtx4060,0,0,grid_2x2,true,82,1f4e3f3ce1069ad1b142225e539ac838483cf248849a3ee4b2d0608dd6f525bd,ed5c9df7f7b1e5686ad552b10abd5d853a23f5b3,data/raw/formal-v1/formal-v1__profile__mega_wing__gpu_memory__p100__r03,"{""mega_wing"":""games/pyxel/apps-src/mega_wing/mega_wing.py""}","{""mega_wing"":""86bad6c02a303806c58137503739241dc6b1e86695f7c0dbf672b5e1a1464e9f""}",e6c637f98433d6d646c8dedec468e502ecf3403ff207dac84c0aa3fce32f5218
1,528,formal-v1__colocation__daylight+pyxel_bubbles+pyxel_jump__r02,formal-v1,colocation-main,test,colocation,"[""daylight"",""pyxel_bubbles"",""pyxel_jump""]",daylight,"[""pyxel_bubbles"",""pyxel_jump""]",daylight+pyxel_bubbles+pyxel_jump,daylight+pyxel_bubbles+pyxel_jump__r02,,,2,6972834449024229760,20,60,1,20,windows-rtx4060,0,0,grid_2x2,true,82,1f4e3f3ce1069ad1b142225e539ac838483cf248849a3ee4b2d0608dd6f525bd,ed5c9df7f7b1e5686ad552b10abd5d853a23f5b3,data/raw/formal-v1/formal-v1__colocation__daylight+pyxel_bubbles+pyxel_jump__r02,"{""daylight"":""games/pyxel/apps-src/30SecondsOfDaylight/src/main.py"",""pyxel_bubbles"":""games/pyxel/06_click_game.py"",""pyxel_jump"":""games/pyxel/02_jump_game.py""}","{""daylight"":""21a365375249e9d7ea05e78dcfe040f09cc1f0c66bd410bae084190c743a028f"",""pyxel_bubbles"":""54c101e90bdaed839ac4c4284494530d5df37a5819a35f1e41eebb0b3da5d900"",""pyxel_jump"":""4743a825f1c9cae7e049ac52115f4ecf83350db546c00745a54af187d7bc2e46""}",8a36f3bf6edf63732596d20e4d36d61ffc79224ffd131b59e42ba53b07b6cb0a
1,529,formal-v1__profile__pyxel_shooter__gpu_memory__p100__r03,formal-v1,profile,not_applicable,pressure_profile,"[""pyxel_shooter""]",pyxel_shooter,[],,,gpu_memory,1,3,2307305634741722798,20,60,1,20,windows-rtx4060,0,0,grid_2x2,true,82,1f4e3f3ce1069ad1b142225e539ac838483cf248849a3ee4b2d0608dd6f525bd,ed5c9df7f7b1e5686ad552b10abd5d853a23f5b3,data/raw/formal-v1/formal-v1__profile__pyxel_shooter__gpu_memory__p100__r03,"{""pyxel_shooter"":""games/pyxel/09_shooter.py""}","{""pyxel_shooter"":""0f53e4156907eac41080a8f289e22c89365b3239517c754cf59a51af201d5563""}",ecc087adb7c6be3a14b75ceb7b1b3a1dd75fc6684199d62e72c579fd899445a0
1,530,formal-v1__profile__pyxel_jump__memory_bandwidth__p050__r02,formal-v1,profile,not_applicable,pressure_profile,"[""pyxel_jump""]",pyxel_jump,[],,,memory_bandwidth,0.5,2,15404233764431571980,20,60,1,20,windows-rtx4060,0,0,grid_2x2,true,82,1f4e3f3ce1069ad1b142225e539ac838483cf248849a3ee4b2d0608dd6f525bd,ed5c9df7f7b1e5686ad552b10abd5d853a23f5b3,data/raw/formal-v1/formal-v1__profile__pyxel_jump__memory_bandwidth__p050__r02,"{""pyxel_jump"":""games/pyxel/02_jump_game.py""}","{""pyxel_jump"":""4743a825f1c9cae7e049ac52115f4ecf83350db546c00745a54af187d7bc2e46""}",bf806653201cd37d85393f7567dec30511ce6d8ac316e763fd0939107b998383
1,531,formal-v1__colocation__daylight+pyxel_platformer+pyxel_shooter__r02,formal-v1,colocation-main,validation,colocation,"[""daylight"",""pyxel_platformer"",""pyxel_shooter""]",daylight,"[""pyxel_platformer"",""pyxel_shooter""]",daylight+pyxel_platformer+pyxel_shooter,daylight+pyxel_platformer+pyxel_shooter__r02,,,2,10176949720502414486,20,60,1,20,windows-rtx4060,0,0,grid_2x2,true,82,1f4e3f3ce1069ad1b142225e539ac838483cf248849a3ee4b2d0608dd6f525bd,ed5c9df7f7b1e5686ad552b10abd5d853a23f5b3,data/raw/formal-v1/formal-v1__colocation__daylight+pyxel_platformer+pyxel_shooter__r02,"{""daylight"":""games/pyxel/apps-src/30SecondsOfDaylight/src/main.py"",""pyxel_platformer"":""games/pyxel/10_platformer.py"",""pyxel_shooter"":""games/pyxel/09_shooter.py""}","{""daylight"":""21a365375249e9d7ea05e78dcfe040f09cc1f0c66bd410bae084190c743a028f"",""pyxel_platformer"":""1b2c75b49dc9ab0254fb4b724682a4787868814a38d2f08920720dc5b6007ac5"",""pyxel_shooter"":""0f53e4156907eac41080a8f289e22c89365b3239517c754cf59a51af201d5563""}",1048029e37dca70db343f459b2683ae693966091e9f203da0a81e70dbc91d090
1,532,formal-v1__colocation__pyxel_platformer+pyxel_snake__r03,formal-v1,colocation-main,test,colocation,"[""pyxel_platformer"",""pyxel_snake""]",pyxel_platformer,"[""pyxel_snake""]",pyxel_platformer+pyxel_snake,pyxel_platformer+pyxel_snake__r03,,,3,17859305433267736836,20,60,1,20,windows-rtx4060,0,0,grid_2x2,true,82,1f4e3f3ce1069ad1b142225e539ac838483cf248849a3ee4b2d0608dd6f525bd,ed5c9df7f7b1e5686ad552b10abd5d853a23f5b3,data/raw/formal-v1/formal-v1__colocation__pyxel_platformer+pyxel_snake__r03,"{""pyxel_platformer"":""games/pyxel/10_platformer.py"",""pyxel_snake"":""games/pyxel/07_snake.py""}","{""pyxel_platformer"":""1b2c75b49dc9ab0254fb4b724682a4787868814a38d2f08920720dc5b6007ac5"",""pyxel_snake"":""bc533fef92d1d358e570f69d979919fe5c1cd8c4da49841104b49a1e661a5ac3""}",6d227c85fe111389ce8e517eb4a3df621c7ce599fda356f49606c0a6d675e891
1,533,formal-v1__profile__pyxel_snake__gpu_memory__p050__r03,formal-v1,profile,not_applicable,pressure_profile,"[""pyxel_snake""]",pyxel_snake,[],,,gpu_memory,0.5,3,12136616595404214044,20,60,1,20,windows-rtx4060,0,0,grid_2x2,true,82,1f4e3f3ce1069ad1b142225e539ac838483cf248849a3ee4b2d0608dd6f525bd,ed5c9df7f7b1e5686ad552b10abd5d853a23f5b3,data/raw/formal-v1/formal-v1__profile__pyxel_snake__gpu_memory__p050__r03,"{""pyxel_snake"":""games/pyxel/07_snake.py""}","{""pyxel_snake"":""bc533fef92d1d358e570f69d979919fe5c1cd8c4da49841104b49a1e661a5ac3""}",b2c750553940d29e27305fe789bbd71b61a5e6e662dbaa91307cf0de2a382387
1,534,formal-v1__profile__pyxel_bubbles__memory_bandwidth__p100__r03,formal-v1,profile,not_applicable,pressure_profile,"[""pyxel_bubbles""]",pyxel_bubbles,[],,,memory_bandwidth,1,3,5543711080399385332,20,60,1,20,windows-rtx4060,0,0,grid_2x2,true,82,1f4e3f3ce1069ad1b142225e539ac838483cf248849a3ee4b2d0608dd6f525bd,ed5c9df7f7b1e5686ad552b10abd5d853a23f5b3,data/raw/formal-v1/formal-v1__profile__pyxel_bubbles__memory_bandwidth__p100__r03,"{""pyxel_bubbles"":""games/pyxel/06_click_game.py""}","{""pyxel_bubbles"":""54c101e90bdaed839ac4c4284494530d5df37a5819a35f1e41eebb0b3da5d900""}",f2994665b620438b07154d4977ebcaf2f60e8113b0a8dd1da5a7f9d13c46cab1
1,535,formal-v1__colocation__pyxel_bubbles+pyxel_snake+space_rescue__r03,formal-v1,colocation-main,train,colocation,"[""pyxel_bubbles"",""pyxel_snake"",""space_rescue""]",pyxel_bubbles,"[""pyxel_snake"",""space_rescue""]",pyxel_bubbles+pyxel_snake+space_rescue,pyxel_bubbles+pyxel_snake+space_rescue__r03,,,3,17740235794491381031,20,60,1,20,windows-rtx4060,0,0,grid_2x2,true,82,1f4e3f3ce1069ad1b142225e539ac838483cf248849a3ee4b2d0608dd6f525bd,ed5c9df7f7b1e5686ad552b10abd5d853a23f5b3,data/raw/formal-v1/formal-v1__colocation__pyxel_bubbles+pyxel_snake+space_rescue__r03,"{""pyxel_bubbles"":""games/pyxel/06_click_game.py"",""pyxel_snake"":""games/pyxel/07_snake.py"",""space_rescue"":""games/pyxel/apps-src/space_rescue/space_rescue.py""}","{""pyxel_bubbles"":""54c101e90bdaed839ac4c4284494530d5df37a5819a35f1e41eebb0b3da5d900"",""pyxel_snake"":""bc533fef92d1d358e570f69d979919fe5c1cd8c4da49841104b49a1e661a5ac3"",""space_rescue"":""f3b0ab6784ae558e64f06a3f0a704e53f107a130aa3d43357659d0850131e461""}",95facb416d74ce7d98de463e37c980fd68002e588488aa8d8940b53d268e4c57
1,536,formal-v1__profile__pyxel_jump__gpu_compute__p100__r02,formal-v1,profile,not_applicable,pressure_profile,"[""pyxel_jump""]",pyxel_jump,[],,,gpu_compute,1,2,3696209096307883987,20,60,1,20,windows-rtx4060,0,0,grid_2x2,true,82,1f4e3f3ce1069ad1b142225e539ac838483cf248849a3ee4b2d0608dd6f525bd,ed5c9df7f7b1e5686ad552b10abd5d853a23f5b3,data/raw/formal-v1/formal-v1__profile__pyxel_jump__gpu_compute__p100__r02,"{""pyxel_jump"":""games/pyxel/02_jump_game.py""}","{""pyxel_jump"":""4743a825f1c9cae7e049ac52115f4ecf83350db546c00745a54af187d7bc2e46""}",ad25e1c0f0619f9008fadf78b8d3dad66c11d9529e597e0eedc55167c9bdf3b0
1,537,formal-v1__profile__pyxel_snake__gpu_compute__p075__r02,formal-v1,profile,not_applicable,pressure_profile,"[""pyxel_snake""]",pyxel_snake,[],,,gpu_compute,0.75,2,1770827062198345931,20,60,1,20,windows-rtx4060,0,0,grid_2x2,true,82,1f4e3f3ce1069ad1b142225e539ac838483cf248849a3ee4b2d0608dd6f525bd,ed5c9df7f7b1e5686ad552b10abd5d853a23f5b3,data/raw/formal-v1/formal-v1__profile__pyxel_snake__gpu_compute__p075__r02,"{""pyxel_snake"":""games/pyxel/07_snake.py""}","{""pyxel_snake"":""bc533fef92d1d358e570f69d979919fe5c1cd8c4da49841104b49a1e661a5ac3""}",58d638e016e751fe83a7596b2a445c20fe32975befce5219e0bcffb52ee57870
1,538,formal-v1__profile__pyxel_platformer__cpu_compute__p050__r01,formal-v1,profile,not_applicable,pressure_profile,"[""pyxel_platformer""]",pyxel_platformer,[],,,cpu_compute,0.5,1,4980882825522719436,20,60,1,20,windows-rtx4060,0,0,grid_2x2,true,82,1f4e3f3ce1069ad1b142225e539ac838483cf248849a3ee4b2d0608dd6f525bd,ed5c9df7f7b1e5686ad552b10abd5d853a23f5b3,data/raw/formal-v1/formal-v1__profile__pyxel_platformer__cpu_compute__p050__r01,"{""pyxel_platformer"":""games/pyxel/10_platformer.py""}","{""pyxel_platformer"":""1b2c75b49dc9ab0254fb4b724682a4787868814a38d2f08920720dc5b6007ac5""}",52156f2c72c472358572cb6f7b7c38dec1ced539e50692aa9b393891e8768123
1,539,formal-v1__profile__pyxel_jump__cpu_compute__p025__r01,formal-v1,profile,not_applicable,pressure_profile,"[""pyxel_jump""]",pyxel_jump,[],,,cpu_compute,0.25,1,15655265211970011289,20,60,1,20,windows-rtx4060,0,0,grid_2x2,true,82,1f4e3f3ce1069ad1b142225e539ac838483cf248849a3ee4b2d0608dd6f525bd,ed5c9df7f7b1e5686ad552b10abd5d853a23f5b3,data/raw/formal-v1/formal-v1__profile__pyxel_jump__cpu_compute__p025__r01,"{""pyxel_jump"":""games/pyxel/02_jump_game.py""}","{""pyxel_jump"":""4743a825f1c9cae7e049ac52115f4ecf83350db546c00745a54af187d7bc2e46""}",478b260feda38f4acbaf2ebc1262ebc09f53866db4a3697984d6788802f24437
1,540,formal-v1__profile__pyxel_shooter__cpu_compute__p100__r01,formal-v1,profile,not_applicable,pressure_profile,"[""pyxel_shooter""]",pyxel_shooter,[],,,cpu_compute,1,1,17436941125221761034,20,60,1,20,windows-rtx4060,0,0,grid_2x2,true,82,1f4e3f3ce1069ad1b142225e539ac838483cf248849a3ee4b2d0608dd6f525bd,ed5c9df7f7b1e5686ad552b10abd5d853a23f5b3,data/raw/formal-v1/formal-v1__profile__pyxel_shooter__cpu_compute__p100__r01,"{""pyxel_shooter"":""games/pyxel/09_shooter.py""}","{""pyxel_shooter"":""0f53e4156907eac41080a8f289e22c89365b3239517c754cf59a51af201d5563""}",0f6fb8e6f8d6242f653e4632ed54990f53fa3b8238c9d1950f6e18506fe5d1a4
1,541,formal-v1__colocation__pyxel_bubbles+pyxel_shooter+pyxel_snake__r01,formal-v1,colocation-main,train,colocation,"[""pyxel_bubbles"",""pyxel_shooter"",""pyxel_snake""]",pyxel_bubbles,"[""pyxel_shooter"",""pyxel_snake""]",pyxel_bubbles+pyxel_shooter+pyxel_snake,pyxel_bubbles+pyxel_shooter+pyxel_snake__r01,,,1,1737315477552542881,20,60,1,20,windows-rtx4060,0,0,grid_2x2,true,82,1f4e3f3ce1069ad1b142225e539ac838483cf248849a3ee4b2d0608dd6f525bd,ed5c9df7f7b1e5686ad552b10abd5d853a23f5b3,data/raw/formal-v1/formal-v1__colocation__pyxel_bubbles+pyxel_shooter+pyxel_snake__r01,"{""pyxel_bubbles"":""games/pyxel/06_click_game.py"",""pyxel_shooter"":""games/pyxel/09_shooter.py"",""pyxel_snake"":""games/pyxel/07_snake.py""}","{""pyxel_bubbles"":""54c101e90bdaed839ac4c4284494530d5df37a5819a35f1e41eebb0b3da5d900"",""pyxel_shooter"":""0f53e4156907eac41080a8f289e22c89365b3239517c754cf59a51af201d5563"",""pyxel_snake"":""bc533fef92d1d358e570f69d979919fe5c1cd8c4da49841104b49a1e661a5ac3""}",9b9dbbb44acec36a490cd124bb30b9e6edf3c51393dbddfb6a9142a0c4c96496
1,542,formal-v1__colocation__mega_wing+pyxel_shooter__r02,formal-v1,colocation-main,train,colocation,"[""mega_wing"",""pyxel_shooter""]",mega_wing,"[""pyxel_shooter""]",mega_wing+pyxel_shooter,mega_wing+pyxel_shooter__r02,,,2,2819729645822397115,20,60,1,20,windows-rtx4060,0,0,grid_2x2,true,82,1f4e3f3ce1069ad1b142225e539ac838483cf248849a3ee4b2d0608dd6f525bd,ed5c9df7f7b1e5686ad552b10abd5d853a23f5b3,data/raw/formal-v1/formal-v1__colocation__mega_wing+pyxel_shooter__r02,"{""mega_wing"":""games/pyxel/apps-src/mega_wing/mega_wing.py"",""pyxel_shooter"":""games/pyxel/09_shooter.py""}","{""mega_wing"":""86bad6c02a303806c58137503739241dc6b1e86695f7c0dbf672b5e1a1464e9f"",""pyxel_shooter"":""0f53e4156907eac41080a8f289e22c89365b3239517c754cf59a51af201d5563""}",bce9868f42d8f5674dd22609cc706ed9b1c5f5895d686e633c47869a0e107ef6
1,543,formal-v1__profile__pyxel_shooter__cpu_compute__p075__r03,formal-v1,profile,not_applicable,pressure_profile,"[""pyxel_shooter""]",pyxel_shooter,[],,,cpu_compute,0.75,3,13259531908387383939,20,60,1,20,windows-rtx4060,0,0,grid_2x2,true,82,1f4e3f3ce1069ad1b142225e539ac838483cf248849a3ee4b2d0608dd6f525bd,ed5c9df7f7b1e5686ad552b10abd5d853a23f5b3,data/raw/formal-v1/formal-v1__profile__pyxel_shooter__cpu_compute__p075__r03,"{""pyxel_shooter"":""games/pyxel/09_shooter.py""}","{""pyxel_shooter"":""0f53e4156907eac41080a8f289e22c89365b3239517c754cf59a51af201d5563""}",f183d9e93310e7d9d72ebd033f3fd0bb893eec92ef68375af7da867572368142
1,544,formal-v1__colocation__mega_wing+pyxel_platformer__r03,formal-v1,colocation-main,test,colocation,"[""mega_wing"",""pyxel_platformer""]",mega_wing,"[""pyxel_platformer""]",mega_wing+pyxel_platformer,mega_wing+pyxel_platformer__r03,,,3,15449421436939081751,20,60,1,20,windows-rtx4060,0,0,grid_2x2,true,82,1f4e3f3ce1069ad1b142225e539ac838483cf248849a3ee4b2d0608dd6f525bd,ed5c9df7f7b1e5686ad552b10abd5d853a23f5b3,data/raw/formal-v1/formal-v1__colocation__mega_wing+pyxel_platformer__r03,"{""mega_wing"":""games/pyxel/apps-src/mega_wing/mega_wing.py"",""pyxel_platformer"":""games/pyxel/10_platformer.py""}","{""mega_wing"":""86bad6c02a303806c58137503739241dc6b1e86695f7c0dbf672b5e1a1464e9f"",""pyxel_platformer"":""1b2c75b49dc9ab0254fb4b724682a4787868814a38d2f08920720dc5b6007ac5""}",89bc38c5350c92300e63d8cd31d875467aa10e230518fd7a3b4198a9163f328d
1,545,formal-v1__colocation__daylight+mega_wing+pyxel_shooter__r02,formal-v1,colocation-main,validation,colocation,"[""daylight"",""mega_wing"",""pyxel_shooter""]",daylight,"[""mega_wing"",""pyxel_shooter""]",daylight+mega_wing+pyxel_shooter,daylight+mega_wing+pyxel_shooter__r02,,,2,10879989153267615226,20,60,1,20,windows-rtx4060,0,0,grid_2x2,true,82,1f4e3f3ce1069ad1b142225e539ac838483cf248849a3ee4b2d0608dd6f525bd,ed5c9df7f7b1e5686ad552b10abd5d853a23f5b3,data/raw/formal-v1/formal-v1__colocation__daylight+mega_wing+pyxel_shooter__r02,"{""daylight"":""games/pyxel/apps-src/30SecondsOfDaylight/src/main.py"",""mega_wing"":""games/pyxel/apps-src/mega_wing/mega_wing.py"",""pyxel_shooter"":""games/pyxel/09_shooter.py""}","{""daylight"":""21a365375249e9d7ea05e78dcfe040f09cc1f0c66bd410bae084190c743a028f"",""mega_wing"":""86bad6c02a303806c58137503739241dc6b1e86695f7c0dbf672b5e1a1464e9f"",""pyxel_shooter"":""0f53e4156907eac41080a8f289e22c89365b3239517c754cf59a51af201d5563""}",aa076af40e2a95c0fb62493c9d7d3c8776e12f34ef2e4f1d527e7edb38fd4102
1,546,formal-v1__profile__space_rescue__gpu_memory__p050__r01,formal-v1,profile,not_applicable,pressure_profile,"[""space_rescue""]",space_rescue,[],,,gpu_memory,0.5,1,8264407182300005763,20,60,1,20,windows-rtx4060,0,0,grid_2x2,true,82,1f4e3f3ce1069ad1b142225e539ac838483cf248849a3ee4b2d0608dd6f525bd,ed5c9df7f7b1e5686ad552b10abd5d853a23f5b3,data/raw/formal-v1/formal-v1__profile__space_rescue__gpu_memory__p050__r01,"{""space_rescue"":""games/pyxel/apps-src/space_rescue/space_rescue.py""}","{""space_rescue"":""f3b0ab6784ae558e64f06a3f0a704e53f107a130aa3d43357659d0850131e461""}",a2b3a1648715b51b28c0432f08d894e4878f2f5ad82c8ed7a5c9c1be848ad583
1,547,formal-v1__profile__mega_wing__memory_bandwidth__p050__r03,formal-v1,profile,not_applicable,pressure_profile,"[""mega_wing""]",mega_wing,[],,,memory_bandwidth,0.5,3,4039119329878322077,20,60,1,20,windows-rtx4060,0,0,grid_2x2,true,82,1f4e3f3ce1069ad1b142225e539ac838483cf248849a3ee4b2d0608dd6f525bd,ed5c9df7f7b1e5686ad552b10abd5d853a23f5b3,data/raw/formal-v1/formal-v1__profile__mega_wing__memory_bandwidth__p050__r03,"{""mega_wing"":""games/pyxel/apps-src/mega_wing/mega_wing.py""}","{""mega_wing"":""86bad6c02a303806c58137503739241dc6b1e86695f7c0dbf672b5e1a1464e9f""}",893756237aa8a7e302f65378a98efd49dc928ca957d59492cc6edab60343a8f9
1,548,formal-v1__profile__daylight__memory_bandwidth__p075__r01,formal-v1,profile,not_applicable,pressure_profile,"[""daylight""]",daylight,[],,,memory_bandwidth,0.75,1,7578833730381098499,20,60,1,20,windows-rtx4060,0,0,grid_2x2,true,82,1f4e3f3ce1069ad1b142225e539ac838483cf248849a3ee4b2d0608dd6f525bd,ed5c9df7f7b1e5686ad552b10abd5d853a23f5b3,data/raw/formal-v1/formal-v1__profile__daylight__memory_bandwidth__p075__r01,"{""daylight"":""games/pyxel/apps-src/30SecondsOfDaylight/src/main.py""}","{""daylight"":""21a365375249e9d7ea05e78dcfe040f09cc1f0c66bd410bae084190c743a028f""}",2f0ea52a9606e6396a4bd64c24ba4850664ef78356cb3504c84cb05dd2ca65bb
1,549,formal-v1__profile__pyxel_platformer__gpu_compute__p100__r02,formal-v1,profile,not_applicable,pressure_profile,"[""pyxel_platformer""]",pyxel_platformer,[],,,gpu_compute,1,2,6491091566207865305,20,60,1,20,windows-rtx4060,0,0,grid_2x2,true,82,1f4e3f3ce1069ad1b142225e539ac838483cf248849a3ee4b2d0608dd6f525bd,ed5c9df7f7b1e5686ad552b10abd5d853a23f5b3,data/raw/formal-v1/formal-v1__profile__pyxel_platformer__gpu_compute__p100__r02,"{""pyxel_platformer"":""games/pyxel/10_platformer.py""}","{""pyxel_platformer"":""1b2c75b49dc9ab0254fb4b724682a4787868814a38d2f08920720dc5b6007ac5""}",eea5fd7457deb637bc9e894e560e45e19bf282f5c0c6e9b6268d3fba9b28c60f
1,550,formal-v1__colocation__daylight+pyxel_snake__r01,formal-v1,colocation-main,train,colocation,"[""daylight"",""pyxel_snake""]",daylight,"[""pyxel_snake""]",daylight+pyxel_snake,daylight+pyxel_snake__r01,,,1,5250172929288085803,20,60,1,20,windows-rtx4060,0,0,grid_2x2,true,82,1f4e3f3ce1069ad1b142225e539ac838483cf248849a3ee4b2d0608dd6f525bd,ed5c9df7f7b1e5686ad552b10abd5d853a23f5b3,data/raw/formal-v1/formal-v1__colocation__daylight+pyxel_snake__r01,"{""daylight"":""games/pyxel/apps-src/30SecondsOfDaylight/src/main.py"",""pyxel_snake"":""games/pyxel/07_snake.py""}","{""daylight"":""21a365375249e9d7ea05e78dcfe040f09cc1f0c66bd410bae084190c743a028f"",""pyxel_snake"":""bc533fef92d1d358e570f69d979919fe5c1cd8c4da49841104b49a1e661a5ac3""}",cc19338bdac8e5eb27aad9ed97d7c16c521dccc3ec96abc9fa532096d3d2c5f0
1,551,formal-v1__profile__pyxel_bubbles__memory_bandwidth__p100__r02,formal-v1,profile,not_applicable,pressure_profile,"[""pyxel_bubbles""]",pyxel_bubbles,[],,,memory_bandwidth,1,2,13219627485341510469,20,60,1,20,windows-rtx4060,0,0,grid_2x2,true,82,1f4e3f3ce1069ad1b142225e539ac838483cf248849a3ee4b2d0608dd6f525bd,ed5c9df7f7b1e5686ad552b10abd5d853a23f5b3,data/raw/formal-v1/formal-v1__profile__pyxel_bubbles__memory_bandwidth__p100__r02,"{""pyxel_bubbles"":""games/pyxel/06_click_game.py""}","{""pyxel_bubbles"":""54c101e90bdaed839ac4c4284494530d5df37a5819a35f1e41eebb0b3da5d900""}",4a76f22746c2b39997ff57137e57e7a535e86b6d9abab4387f3b51d858a42b4d
1,552,formal-v1__profile__mega_wing__gpu_compute__p025__r03,formal-v1,profile,not_applicable,pressure_profile,"[""mega_wing""]",mega_wing,[],,,gpu_compute,0.25,3,16919740360767898601,20,60,1,20,windows-rtx4060,0,0,grid_2x2,true,82,1f4e3f3ce1069ad1b142225e539ac838483cf248849a3ee4b2d0608dd6f525bd,ed5c9df7f7b1e5686ad552b10abd5d853a23f5b3,data/raw/formal-v1/formal-v1__profile__mega_wing__gpu_compute__p025__r03,"{""mega_wing"":""games/pyxel/apps-src/mega_wing/mega_wing.py""}","{""mega_wing"":""86bad6c02a303806c58137503739241dc6b1e86695f7c0dbf672b5e1a1464e9f""}",38570a022c697bea95edf95eaff55a32097c8fd824d8b7ef1cb939917cbd7e93
1,553,formal-v1__profile__daylight__gpu_memory__p100__r01,formal-v1,profile,not_applicable,pressure_profile,"[""daylight""]",daylight,[],,,gpu_memory,1,1,2312560201869519983,20,60,1,20,windows-rtx4060,0,0,grid_2x2,true,82,1f4e3f3ce1069ad1b142225e539ac838483cf248849a3ee4b2d0608dd6f525bd,ed5c9df7f7b1e5686ad552b10abd5d853a23f5b3,data/raw/formal-v1/formal-v1__profile__daylight__gpu_memory__p100__r01,"{""daylight"":""games/pyxel/apps-src/30SecondsOfDaylight/src/main.py""}","{""daylight"":""21a365375249e9d7ea05e78dcfe040f09cc1f0c66bd410bae084190c743a028f""}",883bc55c91b5b9a64d6d91f05a2e95109252b7d4717d1f5617f9b42e5b565acb
1,554,formal-v1__colocation__pyxel_snake+space_rescue__r01,formal-v1,colocation-main,train,colocation,"[""pyxel_snake"",""space_rescue""]",pyxel_snake,"[""space_rescue""]",pyxel_snake+space_rescue,pyxel_snake+space_rescue__r01,,,1,2397847521604434650,20,60,1,20,windows-rtx4060,0,0,grid_2x2,true,82,1f4e3f3ce1069ad1b142225e539ac838483cf248849a3ee4b2d0608dd6f525bd,ed5c9df7f7b1e5686ad552b10abd5d853a23f5b3,data/raw/formal-v1/formal-v1__colocation__pyxel_snake+space_rescue__r01,"{""pyxel_snake"":""games/pyxel/07_snake.py"",""space_rescue"":""games/pyxel/apps-src/space_rescue/space_rescue.py""}","{""pyxel_snake"":""bc533fef92d1d358e570f69d979919fe5c1cd8c4da49841104b49a1e661a5ac3"",""space_rescue"":""f3b0ab6784ae558e64f06a3f0a704e53f107a130aa3d43357659d0850131e461""}",5371e953a0dff2f52b50a4dbefb13c2d2365824eb923c7d4b67ee4362b20a412
1,555,formal-v1__profile__pyxel_bubbles__memory_bandwidth__p100__r01,formal-v1,profile,not_applicable,pressure_profile,"[""pyxel_bubbles""]",pyxel_bubbles,[],,,memory_bandwidth,1,1,11602898221305286257,20,60,1,20,windows-rtx4060,0,0,grid_2x2,true,82,1f4e3f3ce1069ad1b142225e539ac838483cf248849a3ee4b2d0608dd6f525bd,ed5c9df7f7b1e5686ad552b10abd5d853a23f5b3,data/raw/formal-v1/formal-v1__profile__pyxel_bubbles__memory_bandwidth__p100__r01,"{""pyxel_bubbles"":""games/pyxel/06_click_game.py""}","{""pyxel_bubbles"":""54c101e90bdaed839ac4c4284494530d5df37a5819a35f1e41eebb0b3da5d900""}",e2a2883f31f31b5865baf27cb85389bfeb10f19d3fa868c15cdb244e5dcffef8
1,556,formal-v1__extra__daylight+pyxel_platformer+pyxel_shooter+pyxel_snake__r03,formal-v1,colocation-extra-test,extra_test,extra_test,"[""daylight"",""pyxel_platformer"",""pyxel_shooter"",""pyxel_snake""]",daylight,"[""pyxel_platformer"",""pyxel_shooter"",""pyxel_snake""]",daylight+pyxel_platformer+pyxel_shooter+pyxel_snake,daylight+pyxel_platformer+pyxel_shooter+pyxel_snake__r03,,,3,13328020676611241538,20,60,1,20,windows-rtx4060,0,0,grid_2x2,true,82,1f4e3f3ce1069ad1b142225e539ac838483cf248849a3ee4b2d0608dd6f525bd,ed5c9df7f7b1e5686ad552b10abd5d853a23f5b3,data/raw/formal-v1/formal-v1__extra__daylight+pyxel_platformer+pyxel_shooter+pyxel_snake__r03,"{""daylight"":""games/pyxel/apps-src/30SecondsOfDaylight/src/main.py"",""pyxel_platformer"":""games/pyxel/10_platformer.py"",""pyxel_shooter"":""games/pyxel/09_shooter.py"",""pyxel_snake"":""games/pyxel/07_snake.py""}","{""daylight"":""21a365375249e9d7ea05e78dcfe040f09cc1f0c66bd410bae084190c743a028f"",""pyxel_platformer"":""1b2c75b49dc9ab0254fb4b724682a4787868814a38d2f08920720dc5b6007ac5"",""pyxel_shooter"":""0f53e4156907eac41080a8f289e22c89365b3239517c754cf59a51af201d5563"",""pyxel_snake"":""bc533fef92d1d358e570f69d979919fe5c1cd8c4da49841104b49a1e661a5ac3""}",cedf3811ef9fc70a7462fb669578adc672609df1c51226a2ac76ac63a5668ad3
1,557,formal-v1__profile__daylight__gpu_compute__p025__r03,formal-v1,profile,not_applicable,pressure_profile,"[""daylight""]",daylight,[],,,gpu_compute,0.25,3,749183187063128441,20,60,1,20,windows-rtx4060,0,0,grid_2x2,true,82,1f4e3f3ce1069ad1b142225e539ac838483cf248849a3ee4b2d0608dd6f525bd,ed5c9df7f7b1e5686ad552b10abd5d853a23f5b3,data/raw/formal-v1/formal-v1__profile__daylight__gpu_compute__p025__r03,"{""daylight"":""games/pyxel/apps-src/30SecondsOfDaylight/src/main.py""}","{""daylight"":""21a365375249e9d7ea05e78dcfe040f09cc1f0c66bd410bae084190c743a028f""}",cc9f27c21f6e4ec7b9246b0570ec7a067df83e482ad0d1f331b525183134cebb
1,558,formal-v1__profile__pyxel_platformer__memory_bandwidth__p025__r03,formal-v1,profile,not_applicable,pressure_profile,"[""pyxel_platformer""]",pyxel_platformer,[],,,memory_bandwidth,0.25,3,6407012450131811621,20,60,1,20,windows-rtx4060,0,0,grid_2x2,true,82,1f4e3f3ce1069ad1b142225e539ac838483cf248849a3ee4b2d0608dd6f525bd,ed5c9df7f7b1e5686ad552b10abd5d853a23f5b3,data/raw/formal-v1/formal-v1__profile__pyxel_platformer__memory_bandwidth__p025__r03,"{""pyxel_platformer"":""games/pyxel/10_platformer.py""}","{""pyxel_platformer"":""1b2c75b49dc9ab0254fb4b724682a4787868814a38d2f08920720dc5b6007ac5""}",0fd1e21b9e5dc90b5cbf9a327ba78362164d1313783dfbe6e72ee9e0bbf32a6c
1,559,formal-v1__profile__mega_wing__gpu_memory__p050__r03,formal-v1,profile,not_applicable,pressure_profile,"[""mega_wing""]",mega_wing,[],,,gpu_memory,0.5,3,10059944171346308046,20,60,1,20,windows-rtx4060,0,0,grid_2x2,true,82,1f4e3f3ce1069ad1b142225e539ac838483cf248849a3ee4b2d0608dd6f525bd,ed5c9df7f7b1e5686ad552b10abd5d853a23f5b3,data/raw/formal-v1/formal-v1__profile__mega_wing__gpu_memory__p050__r03,"{""mega_wing"":""games/pyxel/apps-src/mega_wing/mega_wing.py""}","{""mega_wing"":""86bad6c02a303806c58137503739241dc6b1e86695f7c0dbf672b5e1a1464e9f""}",2087eadb917035463ae6432c60881b58228b87272752004225fb2ada8e1584cc
1,560,formal-v1__profile__pyxel_jump__gpu_compute__p000__r01,formal-v1,profile,not_applicable,pressure_profile,"[""pyxel_jump""]",pyxel_jump,[],,,gpu_compute,0,1,16045919972083546316,20,60,1,20,windows-rtx4060,0,0,grid_2x2,true,82,1f4e3f3ce1069ad1b142225e539ac838483cf248849a3ee4b2d0608dd6f525bd,ed5c9df7f7b1e5686ad552b10abd5d853a23f5b3,data/raw/formal-v1/formal-v1__profile__pyxel_jump__gpu_compute__p000__r01,"{""pyxel_jump"":""games/pyxel/02_jump_game.py""}","{""pyxel_jump"":""4743a825f1c9cae7e049ac52115f4ecf83350db546c00745a54af187d7bc2e46""}",09a969b512fae4381c2ff686dfd39bf651e45128870a487368246b0a3ac21048
1,561,formal-v1__solo__pyxel_bubbles__r02,formal-v1,solo,not_applicable,solo,"[""pyxel_bubbles""]",pyxel_bubbles,[],,,,,2,9258445529914912663,20,60,1,20,windows-rtx4060,0,0,grid_2x2,true,82,1f4e3f3ce1069ad1b142225e539ac838483cf248849a3ee4b2d0608dd6f525bd,ed5c9df7f7b1e5686ad552b10abd5d853a23f5b3,data/raw/formal-v1/formal-v1__solo__pyxel_bubbles__r02,"{""pyxel_bubbles"":""games/pyxel/06_click_game.py""}","{""pyxel_bubbles"":""54c101e90bdaed839ac4c4284494530d5df37a5819a35f1e41eebb0b3da5d900""}",7f34894cfd40fe8192aca9a1e80ec2f45467ed85036fe1a91cd865ab61b2927a
1,562,formal-v1__profile__daylight__cpu_compute__p100__r02,formal-v1,profile,not_applicable,pressure_profile,"[""daylight""]",daylight,[],,,cpu_compute,1,2,6244405580656151508,20,60,1,20,windows-rtx4060,0,0,grid_2x2,true,82,1f4e3f3ce1069ad1b142225e539ac838483cf248849a3ee4b2d0608dd6f525bd,ed5c9df7f7b1e5686ad552b10abd5d853a23f5b3,data/raw/formal-v1/formal-v1__profile__daylight__cpu_compute__p100__r02,"{""daylight"":""games/pyxel/apps-src/30SecondsOfDaylight/src/main.py""}","{""daylight"":""21a365375249e9d7ea05e78dcfe040f09cc1f0c66bd410bae084190c743a028f""}",dbb7a95d13eb0fa6f210ff5eafec9f28e1e9ba2ab305457682591fbbc86dd666
1,563,formal-v1__profile__pyxel_bubbles__memory_bandwidth__p025__r03,formal-v1,profile,not_applicable,pressure_profile,"[""pyxel_bubbles""]",pyxel_bubbles,[],,,memory_bandwidth,0.25,3,9085066560137111869,20,60,1,20,windows-rtx4060,0,0,grid_2x2,true,82,1f4e3f3ce1069ad1b142225e539ac838483cf248849a3ee4b2d0608dd6f525bd,ed5c9df7f7b1e5686ad552b10abd5d853a23f5b3,data/raw/formal-v1/formal-v1__profile__pyxel_bubbles__memory_bandwidth__p025__r03,"{""pyxel_bubbles"":""games/pyxel/06_click_game.py""}","{""pyxel_bubbles"":""54c101e90bdaed839ac4c4284494530d5df37a5819a35f1e41eebb0b3da5d900""}",fa98bfe76aab06325736ee952fdc7c05e73a49e487e89bc48ef1b8e0aabf6694
1,564,formal-v1__profile__pyxel_bubbles__gpu_memory__p100__r03,formal-v1,profile,not_applicable,pressure_profile,"[""pyxel_bubbles""]",pyxel_bubbles,[],,,gpu_memory,1,3,17378968074676674643,20,60,1,20,windows-rtx4060,0,0,grid_2x2,true,82,1f4e3f3ce1069ad1b142225e539ac838483cf248849a3ee4b2d0608dd6f525bd,ed5c9df7f7b1e5686ad552b10abd5d853a23f5b3,data/raw/formal-v1/formal-v1__profile__pyxel_bubbles__gpu_memory__p100__r03,"{""pyxel_bubbles"":""games/pyxel/06_click_game.py""}","{""pyxel_bubbles"":""54c101e90bdaed839ac4c4284494530d5df37a5819a35f1e41eebb0b3da5d900""}",ba143ddbefcfd97f0c4fdc52684a55115420d26ecd31ff78e4f59dfbc1d90f5e
1,565,formal-v1__profile__mega_wing__cpu_compute__p025__r01,formal-v1,profile,not_applicable,pressure_profile,"[""mega_wing""]",mega_wing,[],,,cpu_compute,0.25,1,5506231698832259776,20,60,1,20,windows-rtx4060,0,0,grid_2x2,true,82,1f4e3f3ce1069ad1b142225e539ac838483cf248849a3ee4b2d0608dd6f525bd,ed5c9df7f7b1e5686ad552b10abd5d853a23f5b3,data/raw/formal-v1/formal-v1__profile__mega_wing__cpu_compute__p025__r01,"{""mega_wing"":""games/pyxel/apps-src/mega_wing/mega_wing.py""}","{""mega_wing"":""86bad6c02a303806c58137503739241dc6b1e86695f7c0dbf672b5e1a1464e9f""}",8a6c78667e66bfe1ce707424c7642d72697fea833c33d7401698f72b954e779a
1,566,formal-v1__colocation__pyxel_bubbles+pyxel_shooter__r01,formal-v1,colocation-main,train,colocation,"[""pyxel_bubbles"",""pyxel_shooter""]",pyxel_bubbles,"[""pyxel_shooter""]",pyxel_bubbles+pyxel_shooter,pyxel_bubbles+pyxel_shooter__r01,,,1,18084132692930187695,20,60,1,20,windows-rtx4060,0,0,grid_2x2,true,82,1f4e3f3ce1069ad1b142225e539ac838483cf248849a3ee4b2d0608dd6f525bd,ed5c9df7f7b1e5686ad552b10abd5d853a23f5b3,data/raw/formal-v1/formal-v1__colocation__pyxel_bubbles+pyxel_shooter__r01,"{""pyxel_bubbles"":""games/pyxel/06_click_game.py"",""pyxel_shooter"":""games/pyxel/09_shooter.py""}","{""pyxel_bubbles"":""54c101e90bdaed839ac4c4284494530d5df37a5819a35f1e41eebb0b3da5d900"",""pyxel_shooter"":""0f53e4156907eac41080a8f289e22c89365b3239517c754cf59a51af201d5563""}",9e87819e736a77ec4dadc25d2b506c548875159a4e9132253f859f2ef4a898de
1,567,formal-v1__profile__daylight__gpu_memory__p100__r03,formal-v1,profile,not_applicable,pressure_profile,"[""daylight""]",daylight,[],,,gpu_memory,1,3,5071430004035607435,20,60,1,20,windows-rtx4060,0,0,grid_2x2,true,82,1f4e3f3ce1069ad1b142225e539ac838483cf248849a3ee4b2d0608dd6f525bd,ed5c9df7f7b1e5686ad552b10abd5d853a23f5b3,data/raw/formal-v1/formal-v1__profile__daylight__gpu_memory__p100__r03,"{""daylight"":""games/pyxel/apps-src/30SecondsOfDaylight/src/main.py""}","{""daylight"":""21a365375249e9d7ea05e78dcfe040f09cc1f0c66bd410bae084190c743a028f""}",ca0454fbb9ec156ceac88ad5cae27b96628815c28b99c3791c66868337b65a21
1,568,formal-v1__colocation__mega_wing+pyxel_bubbles__r01,formal-v1,colocation-main,test,colocation,"[""mega_wing"",""pyxel_bubbles""]",mega_wing,"[""pyxel_bubbles""]",mega_wing+pyxel_bubbles,mega_wing+pyxel_bubbles__r01,,,1,7664317210654164220,20,60,1,20,windows-rtx4060,0,0,grid_2x2,true,82,1f4e3f3ce1069ad1b142225e539ac838483cf248849a3ee4b2d0608dd6f525bd,ed5c9df7f7b1e5686ad552b10abd5d853a23f5b3,data/raw/formal-v1/formal-v1__colocation__mega_wing+pyxel_bubbles__r01,"{""mega_wing"":""games/pyxel/apps-src/mega_wing/mega_wing.py"",""pyxel_bubbles"":""games/pyxel/06_click_game.py""}","{""mega_wing"":""86bad6c02a303806c58137503739241dc6b1e86695f7c0dbf672b5e1a1464e9f"",""pyxel_bubbles"":""54c101e90bdaed839ac4c4284494530d5df37a5819a35f1e41eebb0b3da5d900""}",e4a253bb2a5f0c63324ce683b5dbe4942e0e2b57aa541427980efe26b26b263b
1,569,formal-v1__profile__pyxel_platformer__gpu_compute__p000__r01,formal-v1,profile,not_applicable,pressure_profile,"[""pyxel_platformer""]",pyxel_platformer,[],,,gpu_compute,0,1,18142963841686873740,20,60,1,20,windows-rtx4060,0,0,grid_2x2,true,82,1f4e3f3ce1069ad1b142225e539ac838483cf248849a3ee4b2d0608dd6f525bd,ed5c9df7f7b1e5686ad552b10abd5d853a23f5b3,data/raw/formal-v1/formal-v1__profile__pyxel_platformer__gpu_compute__p000__r01,"{""pyxel_platformer"":""games/pyxel/10_platformer.py""}","{""pyxel_platformer"":""1b2c75b49dc9ab0254fb4b724682a4787868814a38d2f08920720dc5b6007ac5""}",bc107cb880fe5df5cc47b68d1181ea81c24d770270f275bc7b805a76289166ec
1,570,formal-v1__profile__pyxel_platformer__memory_bandwidth__p000__r02,formal-v1,profile,not_applicable,pressure_profile,"[""pyxel_platformer""]",pyxel_platformer,[],,,memory_bandwidth,0,2,16020268150194630823,20,60,1,20,windows-rtx4060,0,0,grid_2x2,true,82,1f4e3f3ce1069ad1b142225e539ac838483cf248849a3ee4b2d0608dd6f525bd,ed5c9df7f7b1e5686ad552b10abd5d853a23f5b3,data/raw/formal-v1/formal-v1__profile__pyxel_platformer__memory_bandwidth__p000__r02,"{""pyxel_platformer"":""games/pyxel/10_platformer.py""}","{""pyxel_platformer"":""1b2c75b49dc9ab0254fb4b724682a4787868814a38d2f08920720dc5b6007ac5""}",4757c90cf54efcb21103ac75ab00890f8f0dcaf14988c4140511df9ec0c64cfd
1,571,formal-v1__profile__mega_wing__gpu_memory__p075__r01,formal-v1,profile,not_applicable,pressure_profile,"[""mega_wing""]",mega_wing,[],,,gpu_memory,0.75,1,4074804544823820589,20,60,1,20,windows-rtx4060,0,0,grid_2x2,true,82,1f4e3f3ce1069ad1b142225e539ac838483cf248849a3ee4b2d0608dd6f525bd,ed5c9df7f7b1e5686ad552b10abd5d853a23f5b3,data/raw/formal-v1/formal-v1__profile__mega_wing__gpu_memory__p075__r01,"{""mega_wing"":""games/pyxel/apps-src/mega_wing/mega_wing.py""}","{""mega_wing"":""86bad6c02a303806c58137503739241dc6b1e86695f7c0dbf672b5e1a1464e9f""}",4147439c675598a9e4266cef992a7d4ac2c79baedb4dda2088e62a286c75b2be
1,572,formal-v1__profile__space_rescue__memory_bandwidth__p075__r02,formal-v1,profile,not_applicable,pressure_profile,"[""space_rescue""]",space_rescue,[],,,memory_bandwidth,0.75,2,4922494490902519664,20,60,1,20,windows-rtx4060,0,0,grid_2x2,true,82,1f4e3f3ce1069ad1b142225e539ac838483cf248849a3ee4b2d0608dd6f525bd,ed5c9df7f7b1e5686ad552b10abd5d853a23f5b3,data/raw/formal-v1/formal-v1__profile__space_rescue__memory_bandwidth__p075__r02,"{""space_rescue"":""games/pyxel/apps-src/space_rescue/space_rescue.py""}","{""space_rescue"":""f3b0ab6784ae558e64f06a3f0a704e53f107a130aa3d43357659d0850131e461""}",1225e9dfd02193de7c36c82b3c733020caff86c7472d6f3fba56e26aabd2f79f
1,573,formal-v1__colocation__mega_wing+pyxel_bubbles+space_rescue__r02,formal-v1,colocation-main,train,colocation,"[""mega_wing"",""pyxel_bubbles"",""space_rescue""]",mega_wing,"[""pyxel_bubbles"",""space_rescue""]",mega_wing+pyxel_bubbles+space_rescue,mega_wing+pyxel_bubbles+space_rescue__r02,,,2,12421338202025968334,20,60,1,20,windows-rtx4060,0,0,grid_2x2,true,82,1f4e3f3ce1069ad1b142225e539ac838483cf248849a3ee4b2d0608dd6f525bd,ed5c9df7f7b1e5686ad552b10abd5d853a23f5b3,data/raw/formal-v1/formal-v1__colocation__mega_wing+pyxel_bubbles+space_rescue__r02,"{""mega_wing"":""games/pyxel/apps-src/mega_wing/mega_wing.py"",""pyxel_bubbles"":""games/pyxel/06_click_game.py"",""space_rescue"":""games/pyxel/apps-src/space_rescue/space_rescue.py""}","{""mega_wing"":""86bad6c02a303806c58137503739241dc6b1e86695f7c0dbf672b5e1a1464e9f"",""pyxel_bubbles"":""54c101e90bdaed839ac4c4284494530d5df37a5819a35f1e41eebb0b3da5d900"",""space_rescue"":""f3b0ab6784ae558e64f06a3f0a704e53f107a130aa3d43357659d0850131e461""}",99d2231d7be27ed177ec73b4c9965905f78b2e18f2913f14d3790bec37ee5ead
1,574,formal-v1__profile__pyxel_bubbles__cpu_compute__p050__r03,formal-v1,profile,not_applicable,pressure_profile,"[""pyxel_bubbles""]",pyxel_bubbles,[],,,cpu_compute,0.5,3,8097135385450377352,20,60,1,20,windows-rtx4060,0,0,grid_2x2,true,82,1f4e3f3ce1069ad1b142225e539ac838483cf248849a3ee4b2d0608dd6f525bd,ed5c9df7f7b1e5686ad552b10abd5d853a23f5b3,data/raw/formal-v1/formal-v1__profile__pyxel_bubbles__cpu_compute__p050__r03,"{""pyxel_bubbles"":""games/pyxel/06_click_game.py""}","{""pyxel_bubbles"":""54c101e90bdaed839ac4c4284494530d5df37a5819a35f1e41eebb0b3da5d900""}",9467287b441ee037ab745f9272eb4b780321f937e4af9609365b1c35e6566a5c
1,575,formal-v1__profile__pyxel_shooter__memory_bandwidth__p100__r01,formal-v1,profile,not_applicable,pressure_profile,"[""pyxel_shooter""]",pyxel_shooter,[],,,memory_bandwidth,1,1,16760051971975883249,20,60,1,20,windows-rtx4060,0,0,grid_2x2,true,82,1f4e3f3ce1069ad1b142225e539ac838483cf248849a3ee4b2d0608dd6f525bd,ed5c9df7f7b1e5686ad552b10abd5d853a23f5b3,data/raw/formal-v1/formal-v1__profile__pyxel_shooter__memory_bandwidth__p100__r01,"{""pyxel_shooter"":""games/pyxel/09_shooter.py""}","{""pyxel_shooter"":""0f53e4156907eac41080a8f289e22c89365b3239517c754cf59a51af201d5563""}",798ba0494b13ae89de5c92ffe20699b575d4c8bb39408acd7bcbdf1cd749650e
1,576,formal-v1__profile__mega_wing__memory_bandwidth__p100__r02,formal-v1,profile,not_applicable,pressure_profile,"[""mega_wing""]",mega_wing,[],,,memory_bandwidth,1,2,12076705729341382433,20,60,1,20,windows-rtx4060,0,0,grid_2x2,true,82,1f4e3f3ce1069ad1b142225e539ac838483cf248849a3ee4b2d0608dd6f525bd,ed5c9df7f7b1e5686ad552b10abd5d853a23f5b3,data/raw/formal-v1/formal-v1__profile__mega_wing__memory_bandwidth__p100__r02,"{""mega_wing"":""games/pyxel/apps-src/mega_wing/mega_wing.py""}","{""mega_wing"":""86bad6c02a303806c58137503739241dc6b1e86695f7c0dbf672b5e1a1464e9f""}",7fe4441406c3618269d9f3fecc4d445db106bf53375c91ae60afe304d3b18cce
1,577,formal-v1__profile__pyxel_shooter__memory_bandwidth__p000__r02,formal-v1,profile,not_applicable,pressure_profile,"[""pyxel_shooter""]",pyxel_shooter,[],,,memory_bandwidth,0,2,5058384098521316371,20,60,1,20,windows-rtx4060,0,0,grid_2x2,true,82,1f4e3f3ce1069ad1b142225e539ac838483cf248849a3ee4b2d0608dd6f525bd,ed5c9df7f7b1e5686ad552b10abd5d853a23f5b3,data/raw/formal-v1/formal-v1__profile__pyxel_shooter__memory_bandwidth__p000__r02,"{""pyxel_shooter"":""games/pyxel/09_shooter.py""}","{""pyxel_shooter"":""0f53e4156907eac41080a8f289e22c89365b3239517c754cf59a51af201d5563""}",2787ec5d0aa19fbe509bc756305be7ee6a16b665a7e1b8e31f9ac76036748e72
1,578,formal-v1__profile__space_rescue__gpu_memory__p100__r03,formal-v1,profile,not_applicable,pressure_profile,"[""space_rescue""]",space_rescue,[],,,gpu_memory,1,3,13207949832821095296,20,60,1,20,windows-rtx4060,0,0,grid_2x2,true,82,1f4e3f3ce1069ad1b142225e539ac838483cf248849a3ee4b2d0608dd6f525bd,ed5c9df7f7b1e5686ad552b10abd5d853a23f5b3,data/raw/formal-v1/formal-v1__profile__space_rescue__gpu_memory__p100__r03,"{""space_rescue"":""games/pyxel/apps-src/space_rescue/space_rescue.py""}","{""space_rescue"":""f3b0ab6784ae558e64f06a3f0a704e53f107a130aa3d43357659d0850131e461""}",c3924bdde7eff1464230147b1e8c69743bf54a4c00e5faaceef35ef35e58bfd2
1,579,formal-v1__colocation__daylight+pyxel_snake__r02,formal-v1,colocation-main,train,colocation,"[""daylight"",""pyxel_snake""]",daylight,"[""pyxel_snake""]",daylight+pyxel_snake,daylight+pyxel_snake__r02,,,2,9318859405188917377,20,60,1,20,windows-rtx4060,0,0,grid_2x2,true,82,1f4e3f3ce1069ad1b142225e539ac838483cf248849a3ee4b2d0608dd6f525bd,ed5c9df7f7b1e5686ad552b10abd5d853a23f5b3,data/raw/formal-v1/formal-v1__colocation__daylight+pyxel_snake__r02,"{""daylight"":""games/pyxel/apps-src/30SecondsOfDaylight/src/main.py"",""pyxel_snake"":""games/pyxel/07_snake.py""}","{""daylight"":""21a365375249e9d7ea05e78dcfe040f09cc1f0c66bd410bae084190c743a028f"",""pyxel_snake"":""bc533fef92d1d358e570f69d979919fe5c1cd8c4da49841104b49a1e661a5ac3""}",2c8acbaea6a0241a7cb0ea8a5942e431d23b3bf1d1ede1835508bb6da45e04f2
1,580,formal-v1__profile__daylight__memory_bandwidth__p025__r03,formal-v1,profile,not_applicable,pressure_profile,"[""daylight""]",daylight,[],,,memory_bandwidth,0.25,3,16771414784401515440,20,60,1,20,windows-rtx4060,0,0,grid_2x2,true,82,1f4e3f3ce1069ad1b142225e539ac838483cf248849a3ee4b2d0608dd6f525bd,ed5c9df7f7b1e5686ad552b10abd5d853a23f5b3,data/raw/formal-v1/formal-v1__profile__daylight__memory_bandwidth__p025__r03,"{""daylight"":""games/pyxel/apps-src/30SecondsOfDaylight/src/main.py""}","{""daylight"":""21a365375249e9d7ea05e78dcfe040f09cc1f0c66bd410bae084190c743a028f""}",2e3685e6f67a4f0349d75c3266afec3949017bc73af2b3adb131033324d02965
1,581,formal-v1__profile__pyxel_jump__cpu_compute__p075__r03,formal-v1,profile,not_applicable,pressure_profile,"[""pyxel_jump""]",pyxel_jump,[],,,cpu_compute,0.75,3,2635009032766366484,20,60,1,20,windows-rtx4060,0,0,grid_2x2,true,82,1f4e3f3ce1069ad1b142225e539ac838483cf248849a3ee4b2d0608dd6f525bd,ed5c9df7f7b1e5686ad552b10abd5d853a23f5b3,data/raw/formal-v1/formal-v1__profile__pyxel_jump__cpu_compute__p075__r03,"{""pyxel_jump"":""games/pyxel/02_jump_game.py""}","{""pyxel_jump"":""4743a825f1c9cae7e049ac52115f4ecf83350db546c00745a54af187d7bc2e46""}",1f9db305b159876259f108d595711f21aaa76f7be94c15622a3d4412423ac467
1,582,formal-v1__profile__space_rescue__cpu_compute__p075__r02,formal-v1,profile,not_applicable,pressure_profile,"[""space_rescue""]",space_rescue,[],,,cpu_compute,0.75,2,11294094724578276243,20,60,1,20,windows-rtx4060,0,0,grid_2x2,true,82,1f4e3f3ce1069ad1b142225e539ac838483cf248849a3ee4b2d0608dd6f525bd,ed5c9df7f7b1e5686ad552b10abd5d853a23f5b3,data/raw/formal-v1/formal-v1__profile__space_rescue__cpu_compute__p075__r02,"{""space_rescue"":""games/pyxel/apps-src/space_rescue/space_rescue.py""}","{""space_rescue"":""f3b0ab6784ae558e64f06a3f0a704e53f107a130aa3d43357659d0850131e461""}",3a2b6b9dea036ce423b2cf662afeb8e0750ef9143474e87c3bf5aa80b5aa7065
1,583,formal-v1__colocation__mega_wing+pyxel_platformer+pyxel_shooter__r01,formal-v1,colocation-main,test,colocation,"[""mega_wing"",""pyxel_platformer"",""pyxel_shooter""]",mega_wing,"[""pyxel_platformer"",""pyxel_shooter""]",mega_wing+pyxel_platformer+pyxel_shooter,mega_wing+pyxel_platformer+pyxel_shooter__r01,,,1,16027148539821522231,20,60,1,20,windows-rtx4060,0,0,grid_2x2,true,82,1f4e3f3ce1069ad1b142225e539ac838483cf248849a3ee4b2d0608dd6f525bd,ed5c9df7f7b1e5686ad552b10abd5d853a23f5b3,data/raw/formal-v1/formal-v1__colocation__mega_wing+pyxel_platformer+pyxel_shooter__r01,"{""mega_wing"":""games/pyxel/apps-src/mega_wing/mega_wing.py"",""pyxel_platformer"":""games/pyxel/10_platformer.py"",""pyxel_shooter"":""games/pyxel/09_shooter.py""}","{""mega_wing"":""86bad6c02a303806c58137503739241dc6b1e86695f7c0dbf672b5e1a1464e9f"",""pyxel_platformer"":""1b2c75b49dc9ab0254fb4b724682a4787868814a38d2f08920720dc5b6007ac5"",""pyxel_shooter"":""0f53e4156907eac41080a8f289e22c89365b3239517c754cf59a51af201d5563""}",70b197d114e5979e84c7d3e5916bbcf85232dede7ce1b6568a1c6bb690b5259d
1,584,formal-v1__profile__mega_wing__gpu_memory__p000__r01,formal-v1,profile,not_applicable,pressure_profile,"[""mega_wing""]",mega_wing,[],,,gpu_memory,0,1,10877227467419782675,20,60,1,20,windows-rtx4060,0,0,grid_2x2,true,82,1f4e3f3ce1069ad1b142225e539ac838483cf248849a3ee4b2d0608dd6f525bd,ed5c9df7f7b1e5686ad552b10abd5d853a23f5b3,data/raw/formal-v1/formal-v1__profile__mega_wing__gpu_memory__p000__r01,"{""mega_wing"":""games/pyxel/apps-src/mega_wing/mega_wing.py""}","{""mega_wing"":""86bad6c02a303806c58137503739241dc6b1e86695f7c0dbf672b5e1a1464e9f""}",785df0d2f8954a76b15e29e1810e90f536fd8b17a92feb6a29ed7dee9523299d
1,585,formal-v1__profile__mega_wing__memory_bandwidth__p075__r03,formal-v1,profile,not_applicable,pressure_profile,"[""mega_wing""]",mega_wing,[],,,memory_bandwidth,0.75,3,2229441213329195687,20,60,1,20,windows-rtx4060,0,0,grid_2x2,true,82,1f4e3f3ce1069ad1b142225e539ac838483cf248849a3ee4b2d0608dd6f525bd,ed5c9df7f7b1e5686ad552b10abd5d853a23f5b3,data/raw/formal-v1/formal-v1__profile__mega_wing__memory_bandwidth__p075__r03,"{""mega_wing"":""games/pyxel/apps-src/mega_wing/mega_wing.py""}","{""mega_wing"":""86bad6c02a303806c58137503739241dc6b1e86695f7c0dbf672b5e1a1464e9f""}",7553802fc343fdf9a8d7ea6a885c32a13ae66a8b0d415ae2a1f74f553b1dfb8b
1,586,formal-v1__profile__pyxel_platformer__cpu_compute__p075__r01,formal-v1,profile,not_applicable,pressure_profile,"[""pyxel_platformer""]",pyxel_platformer,[],,,cpu_compute,0.75,1,1292679609294179884,20,60,1,20,windows-rtx4060,0,0,grid_2x2,true,82,1f4e3f3ce1069ad1b142225e539ac838483cf248849a3ee4b2d0608dd6f525bd,ed5c9df7f7b1e5686ad552b10abd5d853a23f5b3,data/raw/formal-v1/formal-v1__profile__pyxel_platformer__cpu_compute__p075__r01,"{""pyxel_platformer"":""games/pyxel/10_platformer.py""}","{""pyxel_platformer"":""1b2c75b49dc9ab0254fb4b724682a4787868814a38d2f08920720dc5b6007ac5""}",261c14c706db262ed13165df561cf6a99c83375cdc26ac9dd4ed217ae34d2484
1,587,formal-v1__profile__pyxel_snake__memory_bandwidth__p025__r01,formal-v1,profile,not_applicable,pressure_profile,"[""pyxel_snake""]",pyxel_snake,[],,,memory_bandwidth,0.25,1,12823400516448632836,20,60,1,20,windows-rtx4060,0,0,grid_2x2,true,82,1f4e3f3ce1069ad1b142225e539ac838483cf248849a3ee4b2d0608dd6f525bd,ed5c9df7f7b1e5686ad552b10abd5d853a23f5b3,data/raw/formal-v1/formal-v1__profile__pyxel_snake__memory_bandwidth__p025__r01,"{""pyxel_snake"":""games/pyxel/07_snake.py""}","{""pyxel_snake"":""bc533fef92d1d358e570f69d979919fe5c1cd8c4da49841104b49a1e661a5ac3""}",5e5d14bb0717a0e9e20a902e86aaa0bc486566102bdd098dc2ccf52312087b27
1,588,formal-v1__profile__pyxel_shooter__cpu_compute__p075__r02,formal-v1,profile,not_applicable,pressure_profile,"[""pyxel_shooter""]",pyxel_shooter,[],,,cpu_compute,0.75,2,10339157325362401709,20,60,1,20,windows-rtx4060,0,0,grid_2x2,true,82,1f4e3f3ce1069ad1b142225e539ac838483cf248849a3ee4b2d0608dd6f525bd,ed5c9df7f7b1e5686ad552b10abd5d853a23f5b3,data/raw/formal-v1/formal-v1__profile__pyxel_shooter__cpu_compute__p075__r02,"{""pyxel_shooter"":""games/pyxel/09_shooter.py""}","{""pyxel_shooter"":""0f53e4156907eac41080a8f289e22c89365b3239517c754cf59a51af201d5563""}",514e7eff633c3f9e98ce6af717ac6cde4c3bc65a847695789a9c920459c78d86
1,589,formal-v1__profile__pyxel_bubbles__gpu_compute__p100__r01,formal-v1,profile,not_applicable,pressure_profile,"[""pyxel_bubbles""]",pyxel_bubbles,[],,,gpu_compute,1,1,16725971839783058247,20,60,1,20,windows-rtx4060,0,0,grid_2x2,true,82,1f4e3f3ce1069ad1b142225e539ac838483cf248849a3ee4b2d0608dd6f525bd,ed5c9df7f7b1e5686ad552b10abd5d853a23f5b3,data/raw/formal-v1/formal-v1__profile__pyxel_bubbles__gpu_compute__p100__r01,"{""pyxel_bubbles"":""games/pyxel/06_click_game.py""}","{""pyxel_bubbles"":""54c101e90bdaed839ac4c4284494530d5df37a5819a35f1e41eebb0b3da5d900""}",a1301d9fad97538cd9e543ef82f05a24825494b2993f8178b044687fd35cf41a
1,590,formal-v1__profile__daylight__gpu_memory__p025__r02,formal-v1,profile,not_applicable,pressure_profile,"[""daylight""]",daylight,[],,,gpu_memory,0.25,2,5358154648695833250,20,60,1,20,windows-rtx4060,0,0,grid_2x2,true,82,1f4e3f3ce1069ad1b142225e539ac838483cf248849a3ee4b2d0608dd6f525bd,ed5c9df7f7b1e5686ad552b10abd5d853a23f5b3,data/raw/formal-v1/formal-v1__profile__daylight__gpu_memory__p025__r02,"{""daylight"":""games/pyxel/apps-src/30SecondsOfDaylight/src/main.py""}","{""daylight"":""21a365375249e9d7ea05e78dcfe040f09cc1f0c66bd410bae084190c743a028f""}",9511c7c099ad0e60f5ee6f5589503d849110f8f2efb4fb27d1a6231b27787078
1,591,formal-v1__profile__pyxel_bubbles__gpu_memory__p075__r02,formal-v1,profile,not_applicable,pressure_profile,"[""pyxel_bubbles""]",pyxel_bubbles,[],,,gpu_memory,0.75,2,1255275793115030458,20,60,1,20,windows-rtx4060,0,0,grid_2x2,true,82,1f4e3f3ce1069ad1b142225e539ac838483cf248849a3ee4b2d0608dd6f525bd,ed5c9df7f7b1e5686ad552b10abd5d853a23f5b3,data/raw/formal-v1/formal-v1__profile__pyxel_bubbles__gpu_memory__p075__r02,"{""pyxel_bubbles"":""games/pyxel/06_click_game.py""}","{""pyxel_bubbles"":""54c101e90bdaed839ac4c4284494530d5df37a5819a35f1e41eebb0b3da5d900""}",b110268f179db32c8b80713c503359c21915a8f2614080d7fab0d139345765ab
1,592,formal-v1__colocation__pyxel_bubbles+pyxel_platformer__r02,formal-v1,colocation-main,train,colocation,"[""pyxel_bubbles"",""pyxel_platformer""]",pyxel_bubbles,"[""pyxel_platformer""]",pyxel_bubbles+pyxel_platformer,pyxel_bubbles+pyxel_platformer__r02,,,2,12381208389790326575,20,60,1,20,windows-rtx4060,0,0,grid_2x2,true,82,1f4e3f3ce1069ad1b142225e539ac838483cf248849a3ee4b2d0608dd6f525bd,ed5c9df7f7b1e5686ad552b10abd5d853a23f5b3,data/raw/formal-v1/formal-v1__colocation__pyxel_bubbles+pyxel_platformer__r02,"{""pyxel_bubbles"":""games/pyxel/06_click_game.py"",""pyxel_platformer"":""games/pyxel/10_platformer.py""}","{""pyxel_bubbles"":""54c101e90bdaed839ac4c4284494530d5df37a5819a35f1e41eebb0b3da5d900"",""pyxel_platformer"":""1b2c75b49dc9ab0254fb4b724682a4787868814a38d2f08920720dc5b6007ac5""}",90134de0b632f92f7cd5caf4d550dfc7a59930f85aab2a026422f9eb610b9d24
1,593,formal-v1__profile__pyxel_shooter__memory_bandwidth__p075__r02,formal-v1,profile,not_applicable,pressure_profile,"[""pyxel_shooter""]",pyxel_shooter,[],,,memory_bandwidth,0.75,2,12222865531616824191,20,60,1,20,windows-rtx4060,0,0,grid_2x2,true,82,1f4e3f3ce1069ad1b142225e539ac838483cf248849a3ee4b2d0608dd6f525bd,ed5c9df7f7b1e5686ad552b10abd5d853a23f5b3,data/raw/formal-v1/formal-v1__profile__pyxel_shooter__memory_bandwidth__p075__r02,"{""pyxel_shooter"":""games/pyxel/09_shooter.py""}","{""pyxel_shooter"":""0f53e4156907eac41080a8f289e22c89365b3239517c754cf59a51af201d5563""}",72df4037e39efdeb12f61ce6ef8c8590744a6b10813a27088e298b7e73b03b5d
1,594,formal-v1__profile__daylight__gpu_compute__p100__r02,formal-v1,profile,not_applicable,pressure_profile,"[""daylight""]",daylight,[],,,gpu_compute,1,2,7587943592733096802,20,60,1,20,windows-rtx4060,0,0,grid_2x2,true,82,1f4e3f3ce1069ad1b142225e539ac838483cf248849a3ee4b2d0608dd6f525bd,ed5c9df7f7b1e5686ad552b10abd5d853a23f5b3,data/raw/formal-v1/formal-v1__profile__daylight__gpu_compute__p100__r02,"{""daylight"":""games/pyxel/apps-src/30SecondsOfDaylight/src/main.py""}","{""daylight"":""21a365375249e9d7ea05e78dcfe040f09cc1f0c66bd410bae084190c743a028f""}",2bbedc9547687bfd8ac921d1b6d4ddfabd788356bbc71e4ce024dd0dc13751d5
1,595,formal-v1__profile__daylight__gpu_memory__p000__r03,formal-v1,profile,not_applicable,pressure_profile,"[""daylight""]",daylight,[],,,gpu_memory,0,3,7975027885403566589,20,60,1,20,windows-rtx4060,0,0,grid_2x2,true,82,1f4e3f3ce1069ad1b142225e539ac838483cf248849a3ee4b2d0608dd6f525bd,ed5c9df7f7b1e5686ad552b10abd5d853a23f5b3,data/raw/formal-v1/formal-v1__profile__daylight__gpu_memory__p000__r03,"{""daylight"":""games/pyxel/apps-src/30SecondsOfDaylight/src/main.py""}","{""daylight"":""21a365375249e9d7ea05e78dcfe040f09cc1f0c66bd410bae084190c743a028f""}",fa0d1dc47cef778c16e1dd39afb1e14ec2e7458bc2821816c1910de2a45062aa
1,596,formal-v1__profile__space_rescue__gpu_compute__p100__r01,formal-v1,profile,not_applicable,pressure_profile,"[""space_rescue""]",space_rescue,[],,,gpu_compute,1,1,9402560737268368881,20,60,1,20,windows-rtx4060,0,0,grid_2x2,true,82,1f4e3f3ce1069ad1b142225e539ac838483cf248849a3ee4b2d0608dd6f525bd,ed5c9df7f7b1e5686ad552b10abd5d853a23f5b3,data/raw/formal-v1/formal-v1__profile__space_rescue__gpu_compute__p100__r01,"{""space_rescue"":""games/pyxel/apps-src/space_rescue/space_rescue.py""}","{""space_rescue"":""f3b0ab6784ae558e64f06a3f0a704e53f107a130aa3d43357659d0850131e461""}",4605259c34ddcb44cd29b836af3de30535da80d311d86a9f985b8bbe9111a4fb
1,597,formal-v1__profile__mega_wing__memory_bandwidth__p050__r01,formal-v1,profile,not_applicable,pressure_profile,"[""mega_wing""]",mega_wing,[],,,memory_bandwidth,0.5,1,606923485016625452,20,60,1,20,windows-rtx4060,0,0,grid_2x2,true,82,1f4e3f3ce1069ad1b142225e539ac838483cf248849a3ee4b2d0608dd6f525bd,ed5c9df7f7b1e5686ad552b10abd5d853a23f5b3,data/raw/formal-v1/formal-v1__profile__mega_wing__memory_bandwidth__p050__r01,"{""mega_wing"":""games/pyxel/apps-src/mega_wing/mega_wing.py""}","{""mega_wing"":""86bad6c02a303806c58137503739241dc6b1e86695f7c0dbf672b5e1a1464e9f""}",9d293b005ff29ae6bb88d93405d7bf0697c9af067bf829d64a9b83c36f817dfd
1,598,formal-v1__profile__space_rescue__gpu_compute__p075__r03,formal-v1,profile,not_applicable,pressure_profile,"[""space_rescue""]",space_rescue,[],,,gpu_compute,0.75,3,359646506878485151,20,60,1,20,windows-rtx4060,0,0,grid_2x2,true,82,1f4e3f3ce1069ad1b142225e539ac838483cf248849a3ee4b2d0608dd6f525bd,ed5c9df7f7b1e5686ad552b10abd5d853a23f5b3,data/raw/formal-v1/formal-v1__profile__space_rescue__gpu_compute__p075__r03,"{""space_rescue"":""games/pyxel/apps-src/space_rescue/space_rescue.py""}","{""space_rescue"":""f3b0ab6784ae558e64f06a3f0a704e53f107a130aa3d43357659d0850131e461""}",6328c2ea14ab92976f1a0e0713e98af9b2cd745642a986542f349866df415d64
1,599,formal-v1__profile__pyxel_snake__gpu_compute__p000__r02,formal-v1,profile,not_applicable,pressure_profile,"[""pyxel_snake""]",pyxel_snake,[],,,gpu_compute,0,2,8156035871494291412,20,60,1,20,windows-rtx4060,0,0,grid_2x2,true,82,1f4e3f3ce1069ad1b142225e539ac838483cf248849a3ee4b2d0608dd6f525bd,ed5c9df7f7b1e5686ad552b10abd5d853a23f5b3,data/raw/formal-v1/formal-v1__profile__pyxel_snake__gpu_compute__p000__r02,"{""pyxel_snake"":""games/pyxel/07_snake.py""}","{""pyxel_snake"":""bc533fef92d1d358e570f69d979919fe5c1cd8c4da49841104b49a1e661a5ac3""}",901988669c2d50ab141c8264af4b3e6b2f9d7c7aea81d3bebaa96d089c3f10e3
1,600,formal-v1__profile__pyxel_bubbles__cpu_compute__p050__r01,formal-v1,profile,not_applicable,pressure_profile,"[""pyxel_bubbles""]",pyxel_bubbles,[],,,cpu_compute,0.5,1,17272921641658024684,20,60,1,20,windows-rtx4060,0,0,grid_2x2,true,82,1f4e3f3ce1069ad1b142225e539ac838483cf248849a3ee4b2d0608dd6f525bd,ed5c9df7f7b1e5686ad552b10abd5d853a23f5b3,data/raw/formal-v1/formal-v1__profile__pyxel_bubbles__cpu_compute__p050__r01,"{""pyxel_bubbles"":""games/pyxel/06_click_game.py""}","{""pyxel_bubbles"":""54c101e90bdaed839ac4c4284494530d5df37a5819a35f1e41eebb0b3da5d900""}",fa2cd11b7c861326fe2fbb8569286d224c4cb3a50aa942dd53a7c084c51f0cc4
1,601,formal-v1__profile__pyxel_shooter__gpu_compute__p025__r01,formal-v1,profile,not_applicable,pressure_profile,"[""pyxel_shooter""]",pyxel_shooter,[],,,gpu_compute,0.25,1,2313480747461281530,20,60,1,20,windows-rtx4060,0,0,grid_2x2,true,82,1f4e3f3ce1069ad1b142225e539ac838483cf248849a3ee4b2d0608dd6f525bd,ed5c9df7f7b1e5686ad552b10abd5d853a23f5b3,data/raw/formal-v1/formal-v1__profile__pyxel_shooter__gpu_compute__p025__r01,"{""pyxel_shooter"":""games/pyxel/09_shooter.py""}","{""pyxel_shooter"":""0f53e4156907eac41080a8f289e22c89365b3239517c754cf59a51af201d5563""}",b2dc7ea3bfe538a0676020fb36ec5bc7621735213ce486b5659a1a63d3d5a8bc
1,602,formal-v1__colocation__mega_wing+pyxel_bubbles+space_rescue__r01,formal-v1,colocation-main,train,colocation,"[""mega_wing"",""pyxel_bubbles"",""space_rescue""]",mega_wing,"[""pyxel_bubbles"",""space_rescue""]",mega_wing+pyxel_bubbles+space_rescue,mega_wing+pyxel_bubbles+space_rescue__r01,,,1,7970642093461217183,20,60,1,20,windows-rtx4060,0,0,grid_2x2,true,82,1f4e3f3ce1069ad1b142225e539ac838483cf248849a3ee4b2d0608dd6f525bd,ed5c9df7f7b1e5686ad552b10abd5d853a23f5b3,data/raw/formal-v1/formal-v1__colocation__mega_wing+pyxel_bubbles+space_rescue__r01,"{""mega_wing"":""games/pyxel/apps-src/mega_wing/mega_wing.py"",""pyxel_bubbles"":""games/pyxel/06_click_game.py"",""space_rescue"":""games/pyxel/apps-src/space_rescue/space_rescue.py""}","{""mega_wing"":""86bad6c02a303806c58137503739241dc6b1e86695f7c0dbf672b5e1a1464e9f"",""pyxel_bubbles"":""54c101e90bdaed839ac4c4284494530d5df37a5819a35f1e41eebb0b3da5d900"",""space_rescue"":""f3b0ab6784ae558e64f06a3f0a704e53f107a130aa3d43357659d0850131e461""}",a5f39f17816caa4b02cf163fc990a7b6bf3eeec486f4e60324cee1e2ce4bfaf1
1,603,formal-v1__colocation__pyxel_bubbles+pyxel_shooter+pyxel_snake__r03,formal-v1,colocation-main,train,colocation,"[""pyxel_bubbles"",""pyxel_shooter"",""pyxel_snake""]",pyxel_bubbles,"[""pyxel_shooter"",""pyxel_snake""]",pyxel_bubbles+pyxel_shooter+pyxel_snake,pyxel_bubbles+pyxel_shooter+pyxel_snake__r03,,,3,9562112611226621041,20,60,1,20,windows-rtx4060,0,0,grid_2x2,true,82,1f4e3f3ce1069ad1b142225e539ac838483cf248849a3ee4b2d0608dd6f525bd,ed5c9df7f7b1e5686ad552b10abd5d853a23f5b3,data/raw/formal-v1/formal-v1__colocation__pyxel_bubbles+pyxel_shooter+pyxel_snake__r03,"{""pyxel_bubbles"":""games/pyxel/06_click_game.py"",""pyxel_shooter"":""games/pyxel/09_shooter.py"",""pyxel_snake"":""games/pyxel/07_snake.py""}","{""pyxel_bubbles"":""54c101e90bdaed839ac4c4284494530d5df37a5819a35f1e41eebb0b3da5d900"",""pyxel_shooter"":""0f53e4156907eac41080a8f289e22c89365b3239517c754cf59a51af201d5563"",""pyxel_snake"":""bc533fef92d1d358e570f69d979919fe5c1cd8c4da49841104b49a1e661a5ac3""}",8e3880299f8613d93cefbff7c6cdda37d1ad2d44520d264052fcfe6bc39bfa75
1,604,formal-v1__colocation__daylight+pyxel_shooter+pyxel_snake__r01,formal-v1,colocation-main,train,colocation,"[""daylight"",""pyxel_shooter"",""pyxel_snake""]",daylight,"[""pyxel_shooter"",""pyxel_snake""]",daylight+pyxel_shooter+pyxel_snake,daylight+pyxel_shooter+pyxel_snake__r01,,,1,16835801411798003167,20,60,1,20,windows-rtx4060,0,0,grid_2x2,true,82,1f4e3f3ce1069ad1b142225e539ac838483cf248849a3ee4b2d0608dd6f525bd,ed5c9df7f7b1e5686ad552b10abd5d853a23f5b3,data/raw/formal-v1/formal-v1__colocation__daylight+pyxel_shooter+pyxel_snake__r01,"{""daylight"":""games/pyxel/apps-src/30SecondsOfDaylight/src/main.py"",""pyxel_shooter"":""games/pyxel/09_shooter.py"",""pyxel_snake"":""games/pyxel/07_snake.py""}","{""daylight"":""21a365375249e9d7ea05e78dcfe040f09cc1f0c66bd410bae084190c743a028f"",""pyxel_shooter"":""0f53e4156907eac41080a8f289e22c89365b3239517c754cf59a51af201d5563"",""pyxel_snake"":""bc533fef92d1d358e570f69d979919fe5c1cd8c4da49841104b49a1e661a5ac3""}",24ea4eeae9ee20ab76ad4f347893cc302da1aff777a16f84b27d50494f65cfef
1,605,formal-v1__profile__pyxel_snake__cpu_compute__p075__r02,formal-v1,profile,not_applicable,pressure_profile,"[""pyxel_snake""]",pyxel_snake,[],,,cpu_compute,0.75,2,6711901945739001378,20,60,1,20,windows-rtx4060,0,0,grid_2x2,true,82,1f4e3f3ce1069ad1b142225e539ac838483cf248849a3ee4b2d0608dd6f525bd,ed5c9df7f7b1e5686ad552b10abd5d853a23f5b3,data/raw/formal-v1/formal-v1__profile__pyxel_snake__cpu_compute__p075__r02,"{""pyxel_snake"":""games/pyxel/07_snake.py""}","{""pyxel_snake"":""bc533fef92d1d358e570f69d979919fe5c1cd8c4da49841104b49a1e661a5ac3""}",1de8a608bde6c1cce509c8d6489f39e6fc9fd2018eb48256fbff91035a8360fa
1,606,formal-v1__profile__pyxel_bubbles__memory_bandwidth__p075__r01,formal-v1,profile,not_applicable,pressure_profile,"[""pyxel_bubbles""]",pyxel_bubbles,[],,,memory_bandwidth,0.75,1,4651631075876217109,20,60,1,20,windows-rtx4060,0,0,grid_2x2,true,82,1f4e3f3ce1069ad1b142225e539ac838483cf248849a3ee4b2d0608dd6f525bd,ed5c9df7f7b1e5686ad552b10abd5d853a23f5b3,data/raw/formal-v1/formal-v1__profile__pyxel_bubbles__memory_bandwidth__p075__r01,"{""pyxel_bubbles"":""games/pyxel/06_click_game.py""}","{""pyxel_bubbles"":""54c101e90bdaed839ac4c4284494530d5df37a5819a35f1e41eebb0b3da5d900""}",a7fce4ca79edea76318daca0f6e7b53a125b7e2d96a3ad8ba6b22e40a4938fee
1,607,formal-v1__colocation__pyxel_shooter+pyxel_snake__r01,formal-v1,colocation-main,train,colocation,"[""pyxel_shooter"",""pyxel_snake""]",pyxel_shooter,"[""pyxel_snake""]",pyxel_shooter+pyxel_snake,pyxel_shooter+pyxel_snake__r01,,,1,15369143439222277393,20,60,1,20,windows-rtx4060,0,0,grid_2x2,true,82,1f4e3f3ce1069ad1b142225e539ac838483cf248849a3ee4b2d0608dd6f525bd,ed5c9df7f7b1e5686ad552b10abd5d853a23f5b3,data/raw/formal-v1/formal-v1__colocation__pyxel_shooter+pyxel_snake__r01,"{""pyxel_shooter"":""games/pyxel/09_shooter.py"",""pyxel_snake"":""games/pyxel/07_snake.py""}","{""pyxel_shooter"":""0f53e4156907eac41080a8f289e22c89365b3239517c754cf59a51af201d5563"",""pyxel_snake"":""bc533fef92d1d358e570f69d979919fe5c1cd8c4da49841104b49a1e661a5ac3""}",81745128a659302788ee169c170b9771a5e43f8baaf5faf27ef6985ca2dce33e
1,608,formal-v1__profile__daylight__memory_bandwidth__p100__r03,formal-v1,profile,not_applicable,pressure_profile,"[""daylight""]",daylight,[],,,memory_bandwidth,1,3,11673905426024593872,20,60,1,20,windows-rtx4060,0,0,grid_2x2,true,82,1f4e3f3ce1069ad1b142225e539ac838483cf248849a3ee4b2d0608dd6f525bd,ed5c9df7f7b1e5686ad552b10abd5d853a23f5b3,data/raw/formal-v1/formal-v1__profile__daylight__memory_bandwidth__p100__r03,"{""daylight"":""games/pyxel/apps-src/30SecondsOfDaylight/src/main.py""}","{""daylight"":""21a365375249e9d7ea05e78dcfe040f09cc1f0c66bd410bae084190c743a028f""}",95b0268d733d2f2cca4b9ec32800270a79e2700a174cc0ada4d0de28f9576835
1,609,formal-v1__profile__pyxel_bubbles__cpu_compute__p075__r01,formal-v1,profile,not_applicable,pressure_profile,"[""pyxel_bubbles""]",pyxel_bubbles,[],,,cpu_compute,0.75,1,13718657940489101153,20,60,1,20,windows-rtx4060,0,0,grid_2x2,true,82,1f4e3f3ce1069ad1b142225e539ac838483cf248849a3ee4b2d0608dd6f525bd,ed5c9df7f7b1e5686ad552b10abd5d853a23f5b3,data/raw/formal-v1/formal-v1__profile__pyxel_bubbles__cpu_compute__p075__r01,"{""pyxel_bubbles"":""games/pyxel/06_click_game.py""}","{""pyxel_bubbles"":""54c101e90bdaed839ac4c4284494530d5df37a5819a35f1e41eebb0b3da5d900""}",90bd0a7e99916a1e9a24cdd81d05c0865a5f92b5be1f04e98c3196e686f8d785
1,610,formal-v1__colocation__mega_wing+pyxel_bubbles+pyxel_snake__r02,formal-v1,colocation-main,train,colocation,"[""mega_wing"",""pyxel_bubbles"",""pyxel_snake""]",mega_wing,"[""pyxel_bubbles"",""pyxel_snake""]",mega_wing+pyxel_bubbles+pyxel_snake,mega_wing+pyxel_bubbles+pyxel_snake__r02,,,2,1945997934514641319,20,60,1,20,windows-rtx4060,0,0,grid_2x2,true,82,1f4e3f3ce1069ad1b142225e539ac838483cf248849a3ee4b2d0608dd6f525bd,ed5c9df7f7b1e5686ad552b10abd5d853a23f5b3,data/raw/formal-v1/formal-v1__colocation__mega_wing+pyxel_bubbles+pyxel_snake__r02,"{""mega_wing"":""games/pyxel/apps-src/mega_wing/mega_wing.py"",""pyxel_bubbles"":""games/pyxel/06_click_game.py"",""pyxel_snake"":""games/pyxel/07_snake.py""}","{""mega_wing"":""86bad6c02a303806c58137503739241dc6b1e86695f7c0dbf672b5e1a1464e9f"",""pyxel_bubbles"":""54c101e90bdaed839ac4c4284494530d5df37a5819a35f1e41eebb0b3da5d900"",""pyxel_snake"":""bc533fef92d1d358e570f69d979919fe5c1cd8c4da49841104b49a1e661a5ac3""}",11dde603e1419a0226802f2ac3a34129bd33fe12df67dd853c2ee38679f30fe7
1,611,formal-v1__solo__pyxel_jump__r02,formal-v1,solo,not_applicable,solo,"[""pyxel_jump""]",pyxel_jump,[],,,,,2,10400501753561450736,20,60,1,20,windows-rtx4060,0,0,grid_2x2,true,82,1f4e3f3ce1069ad1b142225e539ac838483cf248849a3ee4b2d0608dd6f525bd,ed5c9df7f7b1e5686ad552b10abd5d853a23f5b3,data/raw/formal-v1/formal-v1__solo__pyxel_jump__r02,"{""pyxel_jump"":""games/pyxel/02_jump_game.py""}","{""pyxel_jump"":""4743a825f1c9cae7e049ac52115f4ecf83350db546c00745a54af187d7bc2e46""}",7d781da641a85b0c2632723b09cc1c45776e86967ed7e4c7d1c4e06424423a80
1,612,formal-v1__profile__daylight__gpu_compute__p050__r02,formal-v1,profile,not_applicable,pressure_profile,"[""daylight""]",daylight,[],,,gpu_compute,0.5,2,7491987814824651995,20,60,1,20,windows-rtx4060,0,0,grid_2x2,true,82,1f4e3f3ce1069ad1b142225e539ac838483cf248849a3ee4b2d0608dd6f525bd,ed5c9df7f7b1e5686ad552b10abd5d853a23f5b3,data/raw/formal-v1/formal-v1__profile__daylight__gpu_compute__p050__r02,"{""daylight"":""games/pyxel/apps-src/30SecondsOfDaylight/src/main.py""}","{""daylight"":""21a365375249e9d7ea05e78dcfe040f09cc1f0c66bd410bae084190c743a028f""}",18ae47bf5caf7a255dfea190ba4d5db8effae0602dcd705567ab7a78fa76259b
1,613,formal-v1__colocation__pyxel_jump+pyxel_platformer__r03,formal-v1,colocation-main,train,colocation,"[""pyxel_jump"",""pyxel_platformer""]",pyxel_jump,"[""pyxel_platformer""]",pyxel_jump+pyxel_platformer,pyxel_jump+pyxel_platformer__r03,,,3,1231325593875672064,20,60,1,20,windows-rtx4060,0,0,grid_2x2,true,82,1f4e3f3ce1069ad1b142225e539ac838483cf248849a3ee4b2d0608dd6f525bd,ed5c9df7f7b1e5686ad552b10abd5d853a23f5b3,data/raw/formal-v1/formal-v1__colocation__pyxel_jump+pyxel_platformer__r03,"{""pyxel_jump"":""games/pyxel/02_jump_game.py"",""pyxel_platformer"":""games/pyxel/10_platformer.py""}","{""pyxel_jump"":""4743a825f1c9cae7e049ac52115f4ecf83350db546c00745a54af187d7bc2e46"",""pyxel_platformer"":""1b2c75b49dc9ab0254fb4b724682a4787868814a38d2f08920720dc5b6007ac5""}",a27f64f7f2289cc4f6b5d5606a84dbc5cc512b2bba53a9a8fa192e582cd33c96
1,614,formal-v1__colocation__mega_wing+pyxel_snake__r02,formal-v1,colocation-main,train,colocation,"[""mega_wing"",""pyxel_snake""]",mega_wing,"[""pyxel_snake""]",mega_wing+pyxel_snake,mega_wing+pyxel_snake__r02,,,2,17353871402522320280,20,60,1,20,windows-rtx4060,0,0,grid_2x2,true,82,1f4e3f3ce1069ad1b142225e539ac838483cf248849a3ee4b2d0608dd6f525bd,ed5c9df7f7b1e5686ad552b10abd5d853a23f5b3,data/raw/formal-v1/formal-v1__colocation__mega_wing+pyxel_snake__r02,"{""mega_wing"":""games/pyxel/apps-src/mega_wing/mega_wing.py"",""pyxel_snake"":""games/pyxel/07_snake.py""}","{""mega_wing"":""86bad6c02a303806c58137503739241dc6b1e86695f7c0dbf672b5e1a1464e9f"",""pyxel_snake"":""bc533fef92d1d358e570f69d979919fe5c1cd8c4da49841104b49a1e661a5ac3""}",70f4ee692c4552a74ca8cbe7e3fb4aa9b6b7eff3ef92e56208626fad9eac81ab
1,615,formal-v1__colocation__pyxel_jump+pyxel_shooter__r03,formal-v1,colocation-main,train,colocation,"[""pyxel_jump"",""pyxel_shooter""]",pyxel_jump,"[""pyxel_shooter""]",pyxel_jump+pyxel_shooter,pyxel_jump+pyxel_shooter__r03,,,3,9109420943320906756,20,60,1,20,windows-rtx4060,0,0,grid_2x2,true,82,1f4e3f3ce1069ad1b142225e539ac838483cf248849a3ee4b2d0608dd6f525bd,ed5c9df7f7b1e5686ad552b10abd5d853a23f5b3,data/raw/formal-v1/formal-v1__colocation__pyxel_jump+pyxel_shooter__r03,"{""pyxel_jump"":""games/pyxel/02_jump_game.py"",""pyxel_shooter"":""games/pyxel/09_shooter.py""}","{""pyxel_jump"":""4743a825f1c9cae7e049ac52115f4ecf83350db546c00745a54af187d7bc2e46"",""pyxel_shooter"":""0f53e4156907eac41080a8f289e22c89365b3239517c754cf59a51af201d5563""}",28f7e4928f006924cafe7ccbb687b322fcccac13a95c99161410cd266b6c4917
1,616,formal-v1__profile__mega_wing__memory_bandwidth__p100__r03,formal-v1,profile,not_applicable,pressure_profile,"[""mega_wing""]",mega_wing,[],,,memory_bandwidth,1,3,1426504974660849699,20,60,1,20,windows-rtx4060,0,0,grid_2x2,true,82,1f4e3f3ce1069ad1b142225e539ac838483cf248849a3ee4b2d0608dd6f525bd,ed5c9df7f7b1e5686ad552b10abd5d853a23f5b3,data/raw/formal-v1/formal-v1__profile__mega_wing__memory_bandwidth__p100__r03,"{""mega_wing"":""games/pyxel/apps-src/mega_wing/mega_wing.py""}","{""mega_wing"":""86bad6c02a303806c58137503739241dc6b1e86695f7c0dbf672b5e1a1464e9f""}",f684e5d715de2fb8b85f32e5d4e5e16bd77c2fd8b1e22cc7e8e7296b3eb3ddd4
1,617,formal-v1__profile__pyxel_platformer__gpu_compute__p075__r03,formal-v1,profile,not_applicable,pressure_profile,"[""pyxel_platformer""]",pyxel_platformer,[],,,gpu_compute,0.75,3,5296151128470667095,20,60,1,20,windows-rtx4060,0,0,grid_2x2,true,82,1f4e3f3ce1069ad1b142225e539ac838483cf248849a3ee4b2d0608dd6f525bd,ed5c9df7f7b1e5686ad552b10abd5d853a23f5b3,data/raw/formal-v1/formal-v1__profile__pyxel_platformer__gpu_compute__p075__r03,"{""pyxel_platformer"":""games/pyxel/10_platformer.py""}","{""pyxel_platformer"":""1b2c75b49dc9ab0254fb4b724682a4787868814a38d2f08920720dc5b6007ac5""}",3bcb88221b6b487fe303ecf31eb98dd60d7f189214762896a76986ff76550fe7
1,618,formal-v1__profile__pyxel_platformer__memory_bandwidth__p050__r01,formal-v1,profile,not_applicable,pressure_profile,"[""pyxel_platformer""]",pyxel_platformer,[],,,memory_bandwidth,0.5,1,15303875295670984061,20,60,1,20,windows-rtx4060,0,0,grid_2x2,true,82,1f4e3f3ce1069ad1b142225e539ac838483cf248849a3ee4b2d0608dd6f525bd,ed5c9df7f7b1e5686ad552b10abd5d853a23f5b3,data/raw/formal-v1/formal-v1__profile__pyxel_platformer__memory_bandwidth__p050__r01,"{""pyxel_platformer"":""games/pyxel/10_platformer.py""}","{""pyxel_platformer"":""1b2c75b49dc9ab0254fb4b724682a4787868814a38d2f08920720dc5b6007ac5""}",23c038d9999b70db4ae6aa8cb8c448e927feeb352952d2fb4ef5c227b1444e45
1,619,formal-v1__profile__mega_wing__cpu_compute__p050__r02,formal-v1,profile,not_applicable,pressure_profile,"[""mega_wing""]",mega_wing,[],,,cpu_compute,0.5,2,5504486109273190666,20,60,1,20,windows-rtx4060,0,0,grid_2x2,true,82,1f4e3f3ce1069ad1b142225e539ac838483cf248849a3ee4b2d0608dd6f525bd,ed5c9df7f7b1e5686ad552b10abd5d853a23f5b3,data/raw/formal-v1/formal-v1__profile__mega_wing__cpu_compute__p050__r02,"{""mega_wing"":""games/pyxel/apps-src/mega_wing/mega_wing.py""}","{""mega_wing"":""86bad6c02a303806c58137503739241dc6b1e86695f7c0dbf672b5e1a1464e9f""}",e279b0df07aab180e96a2df43918f13c36c369702cd8f0e88052ed7c116cf9e2
1,620,formal-v1__colocation__pyxel_jump+pyxel_platformer+pyxel_snake__r01,formal-v1,colocation-main,train,colocation,"[""pyxel_jump"",""pyxel_platformer"",""pyxel_snake""]",pyxel_jump,"[""pyxel_platformer"",""pyxel_snake""]",pyxel_jump+pyxel_platformer+pyxel_snake,pyxel_jump+pyxel_platformer+pyxel_snake__r01,,,1,11195647565786268137,20,60,1,20,windows-rtx4060,0,0,grid_2x2,true,82,1f4e3f3ce1069ad1b142225e539ac838483cf248849a3ee4b2d0608dd6f525bd,ed5c9df7f7b1e5686ad552b10abd5d853a23f5b3,data/raw/formal-v1/formal-v1__colocation__pyxel_jump+pyxel_platformer+pyxel_snake__r01,"{""pyxel_jump"":""games/pyxel/02_jump_game.py"",""pyxel_platformer"":""games/pyxel/10_platformer.py"",""pyxel_snake"":""games/pyxel/07_snake.py""}","{""pyxel_jump"":""4743a825f1c9cae7e049ac52115f4ecf83350db546c00745a54af187d7bc2e46"",""pyxel_platformer"":""1b2c75b49dc9ab0254fb4b724682a4787868814a38d2f08920720dc5b6007ac5"",""pyxel_snake"":""bc533fef92d1d358e570f69d979919fe5c1cd8c4da49841104b49a1e661a5ac3""}",c79c353774a076fc5a6130f5a65df83ab4fc964af2a98ea4745a7d02ceb37507
1,621,formal-v1__colocation__pyxel_shooter+pyxel_snake+space_rescue__r03,formal-v1,colocation-main,validation,colocation,"[""pyxel_shooter"",""pyxel_snake"",""space_rescue""]",pyxel_shooter,"[""pyxel_snake"",""space_rescue""]",pyxel_shooter+pyxel_snake+space_rescue,pyxel_shooter+pyxel_snake+space_rescue__r03,,,3,14775508081036918402,20,60,1,20,windows-rtx4060,0,0,grid_2x2,true,82,1f4e3f3ce1069ad1b142225e539ac838483cf248849a3ee4b2d0608dd6f525bd,ed5c9df7f7b1e5686ad552b10abd5d853a23f5b3,data/raw/formal-v1/formal-v1__colocation__pyxel_shooter+pyxel_snake+space_rescue__r03,"{""pyxel_shooter"":""games/pyxel/09_shooter.py"",""pyxel_snake"":""games/pyxel/07_snake.py"",""space_rescue"":""games/pyxel/apps-src/space_rescue/space_rescue.py""}","{""pyxel_shooter"":""0f53e4156907eac41080a8f289e22c89365b3239517c754cf59a51af201d5563"",""pyxel_snake"":""bc533fef92d1d358e570f69d979919fe5c1cd8c4da49841104b49a1e661a5ac3"",""space_rescue"":""f3b0ab6784ae558e64f06a3f0a704e53f107a130aa3d43357659d0850131e461""}",d1f785ca5bb93f5897b697efb879ebe144c8fd903fd7600e888da00d60a8c099
1,622,formal-v1__profile__pyxel_platformer__cpu_compute__p100__r03,formal-v1,profile,not_applicable,pressure_profile,"[""pyxel_platformer""]",pyxel_platformer,[],,,cpu_compute,1,3,17962157478425356128,20,60,1,20,windows-rtx4060,0,0,grid_2x2,true,82,1f4e3f3ce1069ad1b142225e539ac838483cf248849a3ee4b2d0608dd6f525bd,ed5c9df7f7b1e5686ad552b10abd5d853a23f5b3,data/raw/formal-v1/formal-v1__profile__pyxel_platformer__cpu_compute__p100__r03,"{""pyxel_platformer"":""games/pyxel/10_platformer.py""}","{""pyxel_platformer"":""1b2c75b49dc9ab0254fb4b724682a4787868814a38d2f08920720dc5b6007ac5""}",b66bd09ac4cc5857465168732293d674745e2dad0f46890603067bba08717948
1,623,formal-v1__extra__daylight+mega_wing+pyxel_bubbles+pyxel_snake__r01,formal-v1,colocation-extra-test,extra_test,extra_test,"[""daylight"",""mega_wing"",""pyxel_bubbles"",""pyxel_snake""]",daylight,"[""mega_wing"",""pyxel_bubbles"",""pyxel_snake""]",daylight+mega_wing+pyxel_bubbles+pyxel_snake,daylight+mega_wing+pyxel_bubbles+pyxel_snake__r01,,,1,17927576907099472139,20,60,1,20,windows-rtx4060,0,0,grid_2x2,true,82,1f4e3f3ce1069ad1b142225e539ac838483cf248849a3ee4b2d0608dd6f525bd,ed5c9df7f7b1e5686ad552b10abd5d853a23f5b3,data/raw/formal-v1/formal-v1__extra__daylight+mega_wing+pyxel_bubbles+pyxel_snake__r01,"{""daylight"":""games/pyxel/apps-src/30SecondsOfDaylight/src/main.py"",""mega_wing"":""games/pyxel/apps-src/mega_wing/mega_wing.py"",""pyxel_bubbles"":""games/pyxel/06_click_game.py"",""pyxel_snake"":""games/pyxel/07_snake.py""}","{""daylight"":""21a365375249e9d7ea05e78dcfe040f09cc1f0c66bd410bae084190c743a028f"",""mega_wing"":""86bad6c02a303806c58137503739241dc6b1e86695f7c0dbf672b5e1a1464e9f"",""pyxel_bubbles"":""54c101e90bdaed839ac4c4284494530d5df37a5819a35f1e41eebb0b3da5d900"",""pyxel_snake"":""bc533fef92d1d358e570f69d979919fe5c1cd8c4da49841104b49a1e661a5ac3""}",2965051ae8bac7f51d0e98e4808f5c95596aee5b22cf5c453f18f956ab1ea850
1,624,formal-v1__colocation__pyxel_bubbles+pyxel_shooter+pyxel_snake__r02,formal-v1,colocation-main,train,colocation,"[""pyxel_bubbles"",""pyxel_shooter"",""pyxel_snake""]",pyxel_bubbles,"[""pyxel_shooter"",""pyxel_snake""]",pyxel_bubbles+pyxel_shooter+pyxel_snake,pyxel_bubbles+pyxel_shooter+pyxel_snake__r02,,,2,14555748007631107451,20,60,1,20,windows-rtx4060,0,0,grid_2x2,true,82,1f4e3f3ce1069ad1b142225e539ac838483cf248849a3ee4b2d0608dd6f525bd,ed5c9df7f7b1e5686ad552b10abd5d853a23f5b3,data/raw/formal-v1/formal-v1__colocation__pyxel_bubbles+pyxel_shooter+pyxel_snake__r02,"{""pyxel_bubbles"":""games/pyxel/06_click_game.py"",""pyxel_shooter"":""games/pyxel/09_shooter.py"",""pyxel_snake"":""games/pyxel/07_snake.py""}","{""pyxel_bubbles"":""54c101e90bdaed839ac4c4284494530d5df37a5819a35f1e41eebb0b3da5d900"",""pyxel_shooter"":""0f53e4156907eac41080a8f289e22c89365b3239517c754cf59a51af201d5563"",""pyxel_snake"":""bc533fef92d1d358e570f69d979919fe5c1cd8c4da49841104b49a1e661a5ac3""}",73edb4b6de20db0bcb80b103148e35de268f555aab426d321d1412ab838cfc69
1,625,formal-v1__profile__space_rescue__cpu_compute__p000__r01,formal-v1,profile,not_applicable,pressure_profile,"[""space_rescue""]",space_rescue,[],,,cpu_compute,0,1,6474875134661485624,20,60,1,20,windows-rtx4060,0,0,grid_2x2,true,82,1f4e3f3ce1069ad1b142225e539ac838483cf248849a3ee4b2d0608dd6f525bd,ed5c9df7f7b1e5686ad552b10abd5d853a23f5b3,data/raw/formal-v1/formal-v1__profile__space_rescue__cpu_compute__p000__r01,"{""space_rescue"":""games/pyxel/apps-src/space_rescue/space_rescue.py""}","{""space_rescue"":""f3b0ab6784ae558e64f06a3f0a704e53f107a130aa3d43357659d0850131e461""}",be448f5117d6b025d454aae153712e110213aa171bb20ee7e51a7d93960d2b4e
1,626,formal-v1__profile__pyxel_snake__memory_bandwidth__p075__r02,formal-v1,profile,not_applicable,pressure_profile,"[""pyxel_snake""]",pyxel_snake,[],,,memory_bandwidth,0.75,2,14084844333666529160,20,60,1,20,windows-rtx4060,0,0,grid_2x2,true,82,1f4e3f3ce1069ad1b142225e539ac838483cf248849a3ee4b2d0608dd6f525bd,ed5c9df7f7b1e5686ad552b10abd5d853a23f5b3,data/raw/formal-v1/formal-v1__profile__pyxel_snake__memory_bandwidth__p075__r02,"{""pyxel_snake"":""games/pyxel/07_snake.py""}","{""pyxel_snake"":""bc533fef92d1d358e570f69d979919fe5c1cd8c4da49841104b49a1e661a5ac3""}",220ea0f91c08e1f1a2aaa95d0118ed2f00e6c9ac0eda9ab84d6fcb9e3c55a43a
1,627,formal-v1__extra__mega_wing+pyxel_jump+pyxel_platformer+pyxel_snake__r01,formal-v1,colocation-extra-test,extra_test,extra_test,"[""mega_wing"",""pyxel_jump"",""pyxel_platformer"",""pyxel_snake""]",mega_wing,"[""pyxel_jump"",""pyxel_platformer"",""pyxel_snake""]",mega_wing+pyxel_jump+pyxel_platformer+pyxel_snake,mega_wing+pyxel_jump+pyxel_platformer+pyxel_snake__r01,,,1,11220244974776969020,20,60,1,20,windows-rtx4060,0,0,grid_2x2,true,82,1f4e3f3ce1069ad1b142225e539ac838483cf248849a3ee4b2d0608dd6f525bd,ed5c9df7f7b1e5686ad552b10abd5d853a23f5b3,data/raw/formal-v1/formal-v1__extra__mega_wing+pyxel_jump+pyxel_platformer+pyxel_snake__r01,"{""mega_wing"":""games/pyxel/apps-src/mega_wing/mega_wing.py"",""pyxel_jump"":""games/pyxel/02_jump_game.py"",""pyxel_platformer"":""games/pyxel/10_platformer.py"",""pyxel_snake"":""games/pyxel/07_snake.py""}","{""mega_wing"":""86bad6c02a303806c58137503739241dc6b1e86695f7c0dbf672b5e1a1464e9f"",""pyxel_jump"":""4743a825f1c9cae7e049ac52115f4ecf83350db546c00745a54af187d7bc2e46"",""pyxel_platformer"":""1b2c75b49dc9ab0254fb4b724682a4787868814a38d2f08920720dc5b6007ac5"",""pyxel_snake"":""bc533fef92d1d358e570f69d979919fe5c1cd8c4da49841104b49a1e661a5ac3""}",92fa587889ad26b2a9ba962f13d498aec3845b0677c62c2e323cdf5ecdeadf75
1,628,formal-v1__profile__pyxel_jump__gpu_memory__p050__r03,formal-v1,profile,not_applicable,pressure_profile,"[""pyxel_jump""]",pyxel_jump,[],,,gpu_memory,0.5,3,17512410130910952806,20,60,1,20,windows-rtx4060,0,0,grid_2x2,true,82,1f4e3f3ce1069ad1b142225e539ac838483cf248849a3ee4b2d0608dd6f525bd,ed5c9df7f7b1e5686ad552b10abd5d853a23f5b3,data/raw/formal-v1/formal-v1__profile__pyxel_jump__gpu_memory__p050__r03,"{""pyxel_jump"":""games/pyxel/02_jump_game.py""}","{""pyxel_jump"":""4743a825f1c9cae7e049ac52115f4ecf83350db546c00745a54af187d7bc2e46""}",6c8f609e7eb7558ca7db5e4d257ca320cf8284ee75eec30223d49b9b4ba6bbc0
1,629,formal-v1__colocation__daylight+space_rescue__r02,formal-v1,colocation-main,test,colocation,"[""daylight"",""space_rescue""]",daylight,"[""space_rescue""]",daylight+space_rescue,daylight+space_rescue__r02,,,2,2343974428120052302,20,60,1,20,windows-rtx4060,0,0,grid_2x2,true,82,1f4e3f3ce1069ad1b142225e539ac838483cf248849a3ee4b2d0608dd6f525bd,ed5c9df7f7b1e5686ad552b10abd5d853a23f5b3,data/raw/formal-v1/formal-v1__colocation__daylight+space_rescue__r02,"{""daylight"":""games/pyxel/apps-src/30SecondsOfDaylight/src/main.py"",""space_rescue"":""games/pyxel/apps-src/space_rescue/space_rescue.py""}","{""daylight"":""21a365375249e9d7ea05e78dcfe040f09cc1f0c66bd410bae084190c743a028f"",""space_rescue"":""f3b0ab6784ae558e64f06a3f0a704e53f107a130aa3d43357659d0850131e461""}",888ef4d1af4e7ec315818fc875556821242d335c81c8745d7bbed43ff1d62dcc
1,630,formal-v1__colocation__daylight+pyxel_jump+space_rescue__r01,formal-v1,colocation-main,train,colocation,"[""daylight"",""pyxel_jump"",""space_rescue""]",daylight,"[""pyxel_jump"",""space_rescue""]",daylight+pyxel_jump+space_rescue,daylight+pyxel_jump+space_rescue__r01,,,1,7581442912106823602,20,60,1,20,windows-rtx4060,0,0,grid_2x2,true,82,1f4e3f3ce1069ad1b142225e539ac838483cf248849a3ee4b2d0608dd6f525bd,ed5c9df7f7b1e5686ad552b10abd5d853a23f5b3,data/raw/formal-v1/formal-v1__colocation__daylight+pyxel_jump+space_rescue__r01,"{""daylight"":""games/pyxel/apps-src/30SecondsOfDaylight/src/main.py"",""pyxel_jump"":""games/pyxel/02_jump_game.py"",""space_rescue"":""games/pyxel/apps-src/space_rescue/space_rescue.py""}","{""daylight"":""21a365375249e9d7ea05e78dcfe040f09cc1f0c66bd410bae084190c743a028f"",""pyxel_jump"":""4743a825f1c9cae7e049ac52115f4ecf83350db546c00745a54af187d7bc2e46"",""space_rescue"":""f3b0ab6784ae558e64f06a3f0a704e53f107a130aa3d43357659d0850131e461""}",c686b13e9e55c732d6ca9b7c5acc56cfc34343d9057802af7619f7e8ee6eb33a
1,631,formal-v1__profile__pyxel_shooter__cpu_compute__p000__r02,formal-v1,profile,not_applicable,pressure_profile,"[""pyxel_shooter""]",pyxel_shooter,[],,,cpu_compute,0,2,14125663570558492137,20,60,1,20,windows-rtx4060,0,0,grid_2x2,true,82,1f4e3f3ce1069ad1b142225e539ac838483cf248849a3ee4b2d0608dd6f525bd,ed5c9df7f7b1e5686ad552b10abd5d853a23f5b3,data/raw/formal-v1/formal-v1__profile__pyxel_shooter__cpu_compute__p000__r02,"{""pyxel_shooter"":""games/pyxel/09_shooter.py""}","{""pyxel_shooter"":""0f53e4156907eac41080a8f289e22c89365b3239517c754cf59a51af201d5563""}",0e696251e71943046a249c292c4290add04ab9efa8f726f00b03a572ecf206cc
1,632,formal-v1__profile__pyxel_platformer__gpu_compute__p025__r02,formal-v1,profile,not_applicable,pressure_profile,"[""pyxel_platformer""]",pyxel_platformer,[],,,gpu_compute,0.25,2,3839963175841785373,20,60,1,20,windows-rtx4060,0,0,grid_2x2,true,82,1f4e3f3ce1069ad1b142225e539ac838483cf248849a3ee4b2d0608dd6f525bd,ed5c9df7f7b1e5686ad552b10abd5d853a23f5b3,data/raw/formal-v1/formal-v1__profile__pyxel_platformer__gpu_compute__p025__r02,"{""pyxel_platformer"":""games/pyxel/10_platformer.py""}","{""pyxel_platformer"":""1b2c75b49dc9ab0254fb4b724682a4787868814a38d2f08920720dc5b6007ac5""}",d1967eabc25404bc595915c571a3a6892b79a0d0b989f075a77e23c038daa8cb
1,633,formal-v1__profile__pyxel_shooter__gpu_memory__p000__r03,formal-v1,profile,not_applicable,pressure_profile,"[""pyxel_shooter""]",pyxel_shooter,[],,,gpu_memory,0,3,3924502167562023824,20,60,1,20,windows-rtx4060,0,0,grid_2x2,true,82,1f4e3f3ce1069ad1b142225e539ac838483cf248849a3ee4b2d0608dd6f525bd,ed5c9df7f7b1e5686ad552b10abd5d853a23f5b3,data/raw/formal-v1/formal-v1__profile__pyxel_shooter__gpu_memory__p000__r03,"{""pyxel_shooter"":""games/pyxel/09_shooter.py""}","{""pyxel_shooter"":""0f53e4156907eac41080a8f289e22c89365b3239517c754cf59a51af201d5563""}",a7fee8549469680223adcb57b354897277b1f71f52eb935bebc56f50e654f667
1,634,formal-v1__profile__daylight__memory_bandwidth__p000__r02,formal-v1,profile,not_applicable,pressure_profile,"[""daylight""]",daylight,[],,,memory_bandwidth,0,2,15795562366377471980,20,60,1,20,windows-rtx4060,0,0,grid_2x2,true,82,1f4e3f3ce1069ad1b142225e539ac838483cf248849a3ee4b2d0608dd6f525bd,ed5c9df7f7b1e5686ad552b10abd5d853a23f5b3,data/raw/formal-v1/formal-v1__profile__daylight__memory_bandwidth__p000__r02,"{""daylight"":""games/pyxel/apps-src/30SecondsOfDaylight/src/main.py""}","{""daylight"":""21a365375249e9d7ea05e78dcfe040f09cc1f0c66bd410bae084190c743a028f""}",c7981ebb957b7769a542d253e2229d4992b3b4d586ad5caf41c46ffa3356e3b5
1,635,formal-v1__profile__pyxel_shooter__gpu_memory__p025__r03,formal-v1,profile,not_applicable,pressure_profile,"[""pyxel_shooter""]",pyxel_shooter,[],,,gpu_memory,0.25,3,5046826982500918016,20,60,1,20,windows-rtx4060,0,0,grid_2x2,true,82,1f4e3f3ce1069ad1b142225e539ac838483cf248849a3ee4b2d0608dd6f525bd,ed5c9df7f7b1e5686ad552b10abd5d853a23f5b3,data/raw/formal-v1/formal-v1__profile__pyxel_shooter__gpu_memory__p025__r03,"{""pyxel_shooter"":""games/pyxel/09_shooter.py""}","{""pyxel_shooter"":""0f53e4156907eac41080a8f289e22c89365b3239517c754cf59a51af201d5563""}",ed9f8283b50c0f43406023ee9958b01e90f255470940ed0aee40dcb8106033ef
1,636,formal-v1__extra__mega_wing+pyxel_jump+pyxel_platformer+pyxel_snake__r02,formal-v1,colocation-extra-test,extra_test,extra_test,"[""mega_wing"",""pyxel_jump"",""pyxel_platformer"",""pyxel_snake""]",mega_wing,"[""pyxel_jump"",""pyxel_platformer"",""pyxel_snake""]",mega_wing+pyxel_jump+pyxel_platformer+pyxel_snake,mega_wing+pyxel_jump+pyxel_platformer+pyxel_snake__r02,,,2,5412096916679900861,20,60,1,20,windows-rtx4060,0,0,grid_2x2,true,82,1f4e3f3ce1069ad1b142225e539ac838483cf248849a3ee4b2d0608dd6f525bd,ed5c9df7f7b1e5686ad552b10abd5d853a23f5b3,data/raw/formal-v1/formal-v1__extra__mega_wing+pyxel_jump+pyxel_platformer+pyxel_snake__r02,"{""mega_wing"":""games/pyxel/apps-src/mega_wing/mega_wing.py"",""pyxel_jump"":""games/pyxel/02_jump_game.py"",""pyxel_platformer"":""games/pyxel/10_platformer.py"",""pyxel_snake"":""games/pyxel/07_snake.py""}","{""mega_wing"":""86bad6c02a303806c58137503739241dc6b1e86695f7c0dbf672b5e1a1464e9f"",""pyxel_jump"":""4743a825f1c9cae7e049ac52115f4ecf83350db546c00745a54af187d7bc2e46"",""pyxel_platformer"":""1b2c75b49dc9ab0254fb4b724682a4787868814a38d2f08920720dc5b6007ac5"",""pyxel_snake"":""bc533fef92d1d358e570f69d979919fe5c1cd8c4da49841104b49a1e661a5ac3""}",9ed4d4fed1fc435a7dff9f093563d746960e3168c12cbeb4e57c43abfbdcb1f5
1,637,formal-v1__profile__pyxel_jump__cpu_compute__p075__r02,formal-v1,profile,not_applicable,pressure_profile,"[""pyxel_jump""]",pyxel_jump,[],,,cpu_compute,0.75,2,17946067736322777015,20,60,1,20,windows-rtx4060,0,0,grid_2x2,true,82,1f4e3f3ce1069ad1b142225e539ac838483cf248849a3ee4b2d0608dd6f525bd,ed5c9df7f7b1e5686ad552b10abd5d853a23f5b3,data/raw/formal-v1/formal-v1__profile__pyxel_jump__cpu_compute__p075__r02,"{""pyxel_jump"":""games/pyxel/02_jump_game.py""}","{""pyxel_jump"":""4743a825f1c9cae7e049ac52115f4ecf83350db546c00745a54af187d7bc2e46""}",10b07a288e25b28d0d2a3188952d7cd8bfdf6b13ca847d35f51cbd1e97a0e857
1,638,formal-v1__profile__daylight__memory_bandwidth__p100__r01,formal-v1,profile,not_applicable,pressure_profile,"[""daylight""]",daylight,[],,,memory_bandwidth,1,1,11010954221285247488,20,60,1,20,windows-rtx4060,0,0,grid_2x2,true,82,1f4e3f3ce1069ad1b142225e539ac838483cf248849a3ee4b2d0608dd6f525bd,ed5c9df7f7b1e5686ad552b10abd5d853a23f5b3,data/raw/formal-v1/formal-v1__profile__daylight__memory_bandwidth__p100__r01,"{""daylight"":""games/pyxel/apps-src/30SecondsOfDaylight/src/main.py""}","{""daylight"":""21a365375249e9d7ea05e78dcfe040f09cc1f0c66bd410bae084190c743a028f""}",571d23c7d107db58a237059e8be2fdd47107bc779da9e4e4690a7770945baff7
1,639,formal-v1__colocation__daylight+pyxel_shooter__r03,formal-v1,colocation-main,test,colocation,"[""daylight"",""pyxel_shooter""]",daylight,"[""pyxel_shooter""]",daylight+pyxel_shooter,daylight+pyxel_shooter__r03,,,3,10033489765748907662,20,60,1,20,windows-rtx4060,0,0,grid_2x2,true,82,1f4e3f3ce1069ad1b142225e539ac838483cf248849a3ee4b2d0608dd6f525bd,ed5c9df7f7b1e5686ad552b10abd5d853a23f5b3,data/raw/formal-v1/formal-v1__colocation__daylight+pyxel_shooter__r03,"{""daylight"":""games/pyxel/apps-src/30SecondsOfDaylight/src/main.py"",""pyxel_shooter"":""games/pyxel/09_shooter.py""}","{""daylight"":""21a365375249e9d7ea05e78dcfe040f09cc1f0c66bd410bae084190c743a028f"",""pyxel_shooter"":""0f53e4156907eac41080a8f289e22c89365b3239517c754cf59a51af201d5563""}",e7a08bfe7afa1dfd1ce3ebc1179dfd677c541bd89fe07315e6bf9f472526a9a2
1,640,formal-v1__profile__pyxel_shooter__memory_bandwidth__p000__r01,formal-v1,profile,not_applicable,pressure_profile,"[""pyxel_shooter""]",pyxel_shooter,[],,,memory_bandwidth,0,1,11467345446776780061,20,60,1,20,windows-rtx4060,0,0,grid_2x2,true,82,1f4e3f3ce1069ad1b142225e539ac838483cf248849a3ee4b2d0608dd6f525bd,ed5c9df7f7b1e5686ad552b10abd5d853a23f5b3,data/raw/formal-v1/formal-v1__profile__pyxel_shooter__memory_bandwidth__p000__r01,"{""pyxel_shooter"":""games/pyxel/09_shooter.py""}","{""pyxel_shooter"":""0f53e4156907eac41080a8f289e22c89365b3239517c754cf59a51af201d5563""}",167516b00a5de016a163d1b08aa2b451a09fca74b20a0b8eb26a9ce4b08a5732
1,641,formal-v1__profile__pyxel_jump__gpu_memory__p100__r01,formal-v1,profile,not_applicable,pressure_profile,"[""pyxel_jump""]",pyxel_jump,[],,,gpu_memory,1,1,10486563380304995357,20,60,1,20,windows-rtx4060,0,0,grid_2x2,true,82,1f4e3f3ce1069ad1b142225e539ac838483cf248849a3ee4b2d0608dd6f525bd,ed5c9df7f7b1e5686ad552b10abd5d853a23f5b3,data/raw/formal-v1/formal-v1__profile__pyxel_jump__gpu_memory__p100__r01,"{""pyxel_jump"":""games/pyxel/02_jump_game.py""}","{""pyxel_jump"":""4743a825f1c9cae7e049ac52115f4ecf83350db546c00745a54af187d7bc2e46""}",57295b2dbc348fe8b3d9f60471ca8d04c3010fb59577143f82020feee33dfb9b
1,642,formal-v1__colocation__pyxel_snake+space_rescue__r03,formal-v1,colocation-main,train,colocation,"[""pyxel_snake"",""space_rescue""]",pyxel_snake,"[""space_rescue""]",pyxel_snake+space_rescue,pyxel_snake+space_rescue__r03,,,3,14281140852980524376,20,60,1,20,windows-rtx4060,0,0,grid_2x2,true,82,1f4e3f3ce1069ad1b142225e539ac838483cf248849a3ee4b2d0608dd6f525bd,ed5c9df7f7b1e5686ad552b10abd5d853a23f5b3,data/raw/formal-v1/formal-v1__colocation__pyxel_snake+space_rescue__r03,"{""pyxel_snake"":""games/pyxel/07_snake.py"",""space_rescue"":""games/pyxel/apps-src/space_rescue/space_rescue.py""}","{""pyxel_snake"":""bc533fef92d1d358e570f69d979919fe5c1cd8c4da49841104b49a1e661a5ac3"",""space_rescue"":""f3b0ab6784ae558e64f06a3f0a704e53f107a130aa3d43357659d0850131e461""}",4383b579033b4be5f98a60bd104784e4b72ffc584982e153f9454e2c25540809
1,643,formal-v1__colocation__pyxel_bubbles+pyxel_platformer+pyxel_shooter__r01,formal-v1,colocation-main,validation,colocation,"[""pyxel_bubbles"",""pyxel_platformer"",""pyxel_shooter""]",pyxel_bubbles,"[""pyxel_platformer"",""pyxel_shooter""]",pyxel_bubbles+pyxel_platformer+pyxel_shooter,pyxel_bubbles+pyxel_platformer+pyxel_shooter__r01,,,1,4733635584818572693,20,60,1,20,windows-rtx4060,0,0,grid_2x2,true,82,1f4e3f3ce1069ad1b142225e539ac838483cf248849a3ee4b2d0608dd6f525bd,ed5c9df7f7b1e5686ad552b10abd5d853a23f5b3,data/raw/formal-v1/formal-v1__colocation__pyxel_bubbles+pyxel_platformer+pyxel_shooter__r01,"{""pyxel_bubbles"":""games/pyxel/06_click_game.py"",""pyxel_platformer"":""games/pyxel/10_platformer.py"",""pyxel_shooter"":""games/pyxel/09_shooter.py""}","{""pyxel_bubbles"":""54c101e90bdaed839ac4c4284494530d5df37a5819a35f1e41eebb0b3da5d900"",""pyxel_platformer"":""1b2c75b49dc9ab0254fb4b724682a4787868814a38d2f08920720dc5b6007ac5"",""pyxel_shooter"":""0f53e4156907eac41080a8f289e22c89365b3239517c754cf59a51af201d5563""}",0257cc71a2b66a93421ee702a212a2f0cb3e46597fe4f2823d3dc24c79d36efd
1,644,formal-v1__extra__mega_wing+pyxel_bubbles+pyxel_jump+space_rescue__r02,formal-v1,colocation-extra-test,extra_test,extra_test,"[""mega_wing"",""pyxel_bubbles"",""pyxel_jump"",""space_rescue""]",mega_wing,"[""pyxel_bubbles"",""pyxel_jump"",""space_rescue""]",mega_wing+pyxel_bubbles+pyxel_jump+space_rescue,mega_wing+pyxel_bubbles+pyxel_jump+space_rescue__r02,,,2,6164434642108722684,20,60,1,20,windows-rtx4060,0,0,grid_2x2,true,82,1f4e3f3ce1069ad1b142225e539ac838483cf248849a3ee4b2d0608dd6f525bd,ed5c9df7f7b1e5686ad552b10abd5d853a23f5b3,data/raw/formal-v1/formal-v1__extra__mega_wing+pyxel_bubbles+pyxel_jump+space_rescue__r02,"{""mega_wing"":""games/pyxel/apps-src/mega_wing/mega_wing.py"",""pyxel_bubbles"":""games/pyxel/06_click_game.py"",""pyxel_jump"":""games/pyxel/02_jump_game.py"",""space_rescue"":""games/pyxel/apps-src/space_rescue/space_rescue.py""}","{""mega_wing"":""86bad6c02a303806c58137503739241dc6b1e86695f7c0dbf672b5e1a1464e9f"",""pyxel_bubbles"":""54c101e90bdaed839ac4c4284494530d5df37a5819a35f1e41eebb0b3da5d900"",""pyxel_jump"":""4743a825f1c9cae7e049ac52115f4ecf83350db546c00745a54af187d7bc2e46"",""space_rescue"":""f3b0ab6784ae558e64f06a3f0a704e53f107a130aa3d43357659d0850131e461""}",1136cc5f7adcf3080102abd6a43c311771a738d26ab8c10343c972ca7638a6e4
1,645,formal-v1__profile__pyxel_jump__gpu_memory__p025__r01,formal-v1,profile,not_applicable,pressure_profile,"[""pyxel_jump""]",pyxel_jump,[],,,gpu_memory,0.25,1,4264940903228085012,20,60,1,20,windows-rtx4060,0,0,grid_2x2,true,82,1f4e3f3ce1069ad1b142225e539ac838483cf248849a3ee4b2d0608dd6f525bd,ed5c9df7f7b1e5686ad552b10abd5d853a23f5b3,data/raw/formal-v1/formal-v1__profile__pyxel_jump__gpu_memory__p025__r01,"{""pyxel_jump"":""games/pyxel/02_jump_game.py""}","{""pyxel_jump"":""4743a825f1c9cae7e049ac52115f4ecf83350db546c00745a54af187d7bc2e46""}",64ffc3a7e9665a4db68f7da682bad64835367d28449a65acce07ddf4e00225c0
1,646,formal-v1__profile__pyxel_platformer__gpu_compute__p000__r02,formal-v1,profile,not_applicable,pressure_profile,"[""pyxel_platformer""]",pyxel_platformer,[],,,gpu_compute,0,2,2767811906051114324,20,60,1,20,windows-rtx4060,0,0,grid_2x2,true,82,1f4e3f3ce1069ad1b142225e539ac838483cf248849a3ee4b2d0608dd6f525bd,ed5c9df7f7b1e5686ad552b10abd5d853a23f5b3,data/raw/formal-v1/formal-v1__profile__pyxel_platformer__gpu_compute__p000__r02,"{""pyxel_platformer"":""games/pyxel/10_platformer.py""}","{""pyxel_platformer"":""1b2c75b49dc9ab0254fb4b724682a4787868814a38d2f08920720dc5b6007ac5""}",17ad1a87521c8ca329e72a97fecdbca143e9f3e6e2727889bcbbac1c41f1b293
1,647,formal-v1__profile__space_rescue__cpu_compute__p100__r02,formal-v1,profile,not_applicable,pressure_profile,"[""space_rescue""]",space_rescue,[],,,cpu_compute,1,2,2850352397763407391,20,60,1,20,windows-rtx4060,0,0,grid_2x2,true,82,1f4e3f3ce1069ad1b142225e539ac838483cf248849a3ee4b2d0608dd6f525bd,ed5c9df7f7b1e5686ad552b10abd5d853a23f5b3,data/raw/formal-v1/formal-v1__profile__space_rescue__cpu_compute__p100__r02,"{""space_rescue"":""games/pyxel/apps-src/space_rescue/space_rescue.py""}","{""space_rescue"":""f3b0ab6784ae558e64f06a3f0a704e53f107a130aa3d43357659d0850131e461""}",ded413c1306fc686e4c80cb7c66bcba485bcf41795d4e5b2c730cf18755b091d
1,648,formal-v1__profile__pyxel_snake__gpu_compute__p025__r02,formal-v1,profile,not_applicable,pressure_profile,"[""pyxel_snake""]",pyxel_snake,[],,,gpu_compute,0.25,2,12598864248858070270,20,60,1,20,windows-rtx4060,0,0,grid_2x2,true,82,1f4e3f3ce1069ad1b142225e539ac838483cf248849a3ee4b2d0608dd6f525bd,ed5c9df7f7b1e5686ad552b10abd5d853a23f5b3,data/raw/formal-v1/formal-v1__profile__pyxel_snake__gpu_compute__p025__r02,"{""pyxel_snake"":""games/pyxel/07_snake.py""}","{""pyxel_snake"":""bc533fef92d1d358e570f69d979919fe5c1cd8c4da49841104b49a1e661a5ac3""}",a56a63597f8b60fd0eb6d2e7ff85e81f702922335d7f23b4593fd2db4308094b
1,649,formal-v1__profile__pyxel_jump__gpu_compute__p075__r03,formal-v1,profile,not_applicable,pressure_profile,"[""pyxel_jump""]",pyxel_jump,[],,,gpu_compute,0.75,3,11683214720077006486,20,60,1,20,windows-rtx4060,0,0,grid_2x2,true,82,1f4e3f3ce1069ad1b142225e539ac838483cf248849a3ee4b2d0608dd6f525bd,ed5c9df7f7b1e5686ad552b10abd5d853a23f5b3,data/raw/formal-v1/formal-v1__profile__pyxel_jump__gpu_compute__p075__r03,"{""pyxel_jump"":""games/pyxel/02_jump_game.py""}","{""pyxel_jump"":""4743a825f1c9cae7e049ac52115f4ecf83350db546c00745a54af187d7bc2e46""}",048ca9694195f6a8cbdbeff30ea06ab1533d98eb654f8b39123b02cad6884a68
1,650,formal-v1__profile__pyxel_platformer__cpu_compute__p075__r02,formal-v1,profile,not_applicable,pressure_profile,"[""pyxel_platformer""]",pyxel_platformer,[],,,cpu_compute,0.75,2,5330417071459503314,20,60,1,20,windows-rtx4060,0,0,grid_2x2,true,82,1f4e3f3ce1069ad1b142225e539ac838483cf248849a3ee4b2d0608dd6f525bd,ed5c9df7f7b1e5686ad552b10abd5d853a23f5b3,data/raw/formal-v1/formal-v1__profile__pyxel_platformer__cpu_compute__p075__r02,"{""pyxel_platformer"":""games/pyxel/10_platformer.py""}","{""pyxel_platformer"":""1b2c75b49dc9ab0254fb4b724682a4787868814a38d2f08920720dc5b6007ac5""}",23618ce55eb8e4642c12c82dd8b221421f1951d8526f5b0eb7d19fe4257cf87a
1,651,formal-v1__profile__pyxel_bubbles__gpu_memory__p050__r02,formal-v1,profile,not_applicable,pressure_profile,"[""pyxel_bubbles""]",pyxel_bubbles,[],,,gpu_memory,0.5,2,4996236166963306433,20,60,1,20,windows-rtx4060,0,0,grid_2x2,true,82,1f4e3f3ce1069ad1b142225e539ac838483cf248849a3ee4b2d0608dd6f525bd,ed5c9df7f7b1e5686ad552b10abd5d853a23f5b3,data/raw/formal-v1/formal-v1__profile__pyxel_bubbles__gpu_memory__p050__r02,"{""pyxel_bubbles"":""games/pyxel/06_click_game.py""}","{""pyxel_bubbles"":""54c101e90bdaed839ac4c4284494530d5df37a5819a35f1e41eebb0b3da5d900""}",64c62edc7d173a9da26fa72ae00e2b528d1d498999ef49981a9ecdf5c476adc2
1,652,formal-v1__profile__pyxel_bubbles__gpu_memory__p075__r03,formal-v1,profile,not_applicable,pressure_profile,"[""pyxel_bubbles""]",pyxel_bubbles,[],,,gpu_memory,0.75,3,5292544184787373513,20,60,1,20,windows-rtx4060,0,0,grid_2x2,true,82,1f4e3f3ce1069ad1b142225e539ac838483cf248849a3ee4b2d0608dd6f525bd,ed5c9df7f7b1e5686ad552b10abd5d853a23f5b3,data/raw/formal-v1/formal-v1__profile__pyxel_bubbles__gpu_memory__p075__r03,"{""pyxel_bubbles"":""games/pyxel/06_click_game.py""}","{""pyxel_bubbles"":""54c101e90bdaed839ac4c4284494530d5df37a5819a35f1e41eebb0b3da5d900""}",f91b5d8b132e4b72ed632835d9ec16e382bfb0e1d48b1b03f8d6cbb7ece8a4b8
1,653,formal-v1__profile__pyxel_snake__gpu_compute__p075__r03,formal-v1,profile,not_applicable,pressure_profile,"[""pyxel_snake""]",pyxel_snake,[],,,gpu_compute,0.75,3,11042220355785710688,20,60,1,20,windows-rtx4060,0,0,grid_2x2,true,82,1f4e3f3ce1069ad1b142225e539ac838483cf248849a3ee4b2d0608dd6f525bd,ed5c9df7f7b1e5686ad552b10abd5d853a23f5b3,data/raw/formal-v1/formal-v1__profile__pyxel_snake__gpu_compute__p075__r03,"{""pyxel_snake"":""games/pyxel/07_snake.py""}","{""pyxel_snake"":""bc533fef92d1d358e570f69d979919fe5c1cd8c4da49841104b49a1e661a5ac3""}",527c5a178a0fec7de4bbc34167b9913e5e69a7fe9acd5905d2846a3726ce65a3
1,654,formal-v1__profile__mega_wing__gpu_memory__p025__r01,formal-v1,profile,not_applicable,pressure_profile,"[""mega_wing""]",mega_wing,[],,,gpu_memory,0.25,1,3866701805108123715,20,60,1,20,windows-rtx4060,0,0,grid_2x2,true,82,1f4e3f3ce1069ad1b142225e539ac838483cf248849a3ee4b2d0608dd6f525bd,ed5c9df7f7b1e5686ad552b10abd5d853a23f5b3,data/raw/formal-v1/formal-v1__profile__mega_wing__gpu_memory__p025__r01,"{""mega_wing"":""games/pyxel/apps-src/mega_wing/mega_wing.py""}","{""mega_wing"":""86bad6c02a303806c58137503739241dc6b1e86695f7c0dbf672b5e1a1464e9f""}",53c0abcf9a92dbca993e704c2db3ffee80546c73597afed7d1bd3b8b299aeaab
1,655,formal-v1__profile__pyxel_snake__gpu_compute__p025__r03,formal-v1,profile,not_applicable,pressure_profile,"[""pyxel_snake""]",pyxel_snake,[],,,gpu_compute,0.25,3,14967872788921694157,20,60,1,20,windows-rtx4060,0,0,grid_2x2,true,82,1f4e3f3ce1069ad1b142225e539ac838483cf248849a3ee4b2d0608dd6f525bd,ed5c9df7f7b1e5686ad552b10abd5d853a23f5b3,data/raw/formal-v1/formal-v1__profile__pyxel_snake__gpu_compute__p025__r03,"{""pyxel_snake"":""games/pyxel/07_snake.py""}","{""pyxel_snake"":""bc533fef92d1d358e570f69d979919fe5c1cd8c4da49841104b49a1e661a5ac3""}",9140b19df296df628dc73fef0c9edad13eeb2b343259ddce5726a7dcdaf9b882
1,656,formal-v1__colocation__daylight+pyxel_jump__r01,formal-v1,colocation-main,test,colocation,"[""daylight"",""pyxel_jump""]",daylight,"[""pyxel_jump""]",daylight+pyxel_jump,daylight+pyxel_jump__r01,,,1,1262859870248397632,20,60,1,20,windows-rtx4060,0,0,grid_2x2,true,82,1f4e3f3ce1069ad1b142225e539ac838483cf248849a3ee4b2d0608dd6f525bd,ed5c9df7f7b1e5686ad552b10abd5d853a23f5b3,data/raw/formal-v1/formal-v1__colocation__daylight+pyxel_jump__r01,"{""daylight"":""games/pyxel/apps-src/30SecondsOfDaylight/src/main.py"",""pyxel_jump"":""games/pyxel/02_jump_game.py""}","{""daylight"":""21a365375249e9d7ea05e78dcfe040f09cc1f0c66bd410bae084190c743a028f"",""pyxel_jump"":""4743a825f1c9cae7e049ac52115f4ecf83350db546c00745a54af187d7bc2e46""}",43c88e2fb422a3f7df0aa5fca56569232ef4b1e5b16167fbc7f3665ae6225e90
1,657,formal-v1__colocation__pyxel_bubbles+space_rescue__r03,formal-v1,colocation-main,train,colocation,"[""pyxel_bubbles"",""space_rescue""]",pyxel_bubbles,"[""space_rescue""]",pyxel_bubbles+space_rescue,pyxel_bubbles+space_rescue__r03,,,3,8057252044865931481,20,60,1,20,windows-rtx4060,0,0,grid_2x2,true,82,1f4e3f3ce1069ad1b142225e539ac838483cf248849a3ee4b2d0608dd6f525bd,ed5c9df7f7b1e5686ad552b10abd5d853a23f5b3,data/raw/formal-v1/formal-v1__colocation__pyxel_bubbles+space_rescue__r03,"{""pyxel_bubbles"":""games/pyxel/06_click_game.py"",""space_rescue"":""games/pyxel/apps-src/space_rescue/space_rescue.py""}","{""pyxel_bubbles"":""54c101e90bdaed839ac4c4284494530d5df37a5819a35f1e41eebb0b3da5d900"",""space_rescue"":""f3b0ab6784ae558e64f06a3f0a704e53f107a130aa3d43357659d0850131e461""}",5e9878911a58bcac7cedcad85f37471a6604c526ed05952c9df5d5f692df0754
1,658,formal-v1__profile__pyxel_jump__gpu_compute__p100__r03,formal-v1,profile,not_applicable,pressure_profile,"[""pyxel_jump""]",pyxel_jump,[],,,gpu_compute,1,3,17302054202162447904,20,60,1,20,windows-rtx4060,0,0,grid_2x2,true,82,1f4e3f3ce1069ad1b142225e539ac838483cf248849a3ee4b2d0608dd6f525bd,ed5c9df7f7b1e5686ad552b10abd5d853a23f5b3,data/raw/formal-v1/formal-v1__profile__pyxel_jump__gpu_compute__p100__r03,"{""pyxel_jump"":""games/pyxel/02_jump_game.py""}","{""pyxel_jump"":""4743a825f1c9cae7e049ac52115f4ecf83350db546c00745a54af187d7bc2e46""}",39e2d1efbf54830175e919fdf9a8d0baa693d064244d95f881b673fc5812a266
1,659,formal-v1__profile__pyxel_jump__memory_bandwidth__p075__r02,formal-v1,profile,not_applicable,pressure_profile,"[""pyxel_jump""]",pyxel_jump,[],,,memory_bandwidth,0.75,2,5351201763134131234,20,60,1,20,windows-rtx4060,0,0,grid_2x2,true,82,1f4e3f3ce1069ad1b142225e539ac838483cf248849a3ee4b2d0608dd6f525bd,ed5c9df7f7b1e5686ad552b10abd5d853a23f5b3,data/raw/formal-v1/formal-v1__profile__pyxel_jump__memory_bandwidth__p075__r02,"{""pyxel_jump"":""games/pyxel/02_jump_game.py""}","{""pyxel_jump"":""4743a825f1c9cae7e049ac52115f4ecf83350db546c00745a54af187d7bc2e46""}",b4e2996d1a4432066238b5732456c0072cd23689107367eb9e4ba79e4f19fc88
1,660,formal-v1__colocation__pyxel_shooter+space_rescue__r02,formal-v1,colocation-main,train,colocation,"[""pyxel_shooter"",""space_rescue""]",pyxel_shooter,"[""space_rescue""]",pyxel_shooter+space_rescue,pyxel_shooter+space_rescue__r02,,,2,15498335833253296561,20,60,1,20,windows-rtx4060,0,0,grid_2x2,true,82,1f4e3f3ce1069ad1b142225e539ac838483cf248849a3ee4b2d0608dd6f525bd,ed5c9df7f7b1e5686ad552b10abd5d853a23f5b3,data/raw/formal-v1/formal-v1__colocation__pyxel_shooter+space_rescue__r02,"{""pyxel_shooter"":""games/pyxel/09_shooter.py"",""space_rescue"":""games/pyxel/apps-src/space_rescue/space_rescue.py""}","{""pyxel_shooter"":""0f53e4156907eac41080a8f289e22c89365b3239517c754cf59a51af201d5563"",""space_rescue"":""f3b0ab6784ae558e64f06a3f0a704e53f107a130aa3d43357659d0850131e461""}",f9ae08c0ade1a20c78ee99435ed7206ef3a17eae9b4b8ab768364b0b0dfea452
1,661,formal-v1__colocation__pyxel_bubbles+pyxel_shooter__r03,formal-v1,colocation-main,train,colocation,"[""pyxel_bubbles"",""pyxel_shooter""]",pyxel_bubbles,"[""pyxel_shooter""]",pyxel_bubbles+pyxel_shooter,pyxel_bubbles+pyxel_shooter__r03,,,3,7784978273315133933,20,60,1,20,windows-rtx4060,0,0,grid_2x2,true,82,1f4e3f3ce1069ad1b142225e539ac838483cf248849a3ee4b2d0608dd6f525bd,ed5c9df7f7b1e5686ad552b10abd5d853a23f5b3,data/raw/formal-v1/formal-v1__colocation__pyxel_bubbles+pyxel_shooter__r03,"{""pyxel_bubbles"":""games/pyxel/06_click_game.py"",""pyxel_shooter"":""games/pyxel/09_shooter.py""}","{""pyxel_bubbles"":""54c101e90bdaed839ac4c4284494530d5df37a5819a35f1e41eebb0b3da5d900"",""pyxel_shooter"":""0f53e4156907eac41080a8f289e22c89365b3239517c754cf59a51af201d5563""}",ed2ec0fdb05409569dba5f6118eeb6f5136f411d29d96315afb438d14af87d0b
1,662,formal-v1__solo__pyxel_platformer__r03,formal-v1,solo,not_applicable,solo,"[""pyxel_platformer""]",pyxel_platformer,[],,,,,3,13258129796867873336,20,60,1,20,windows-rtx4060,0,0,grid_2x2,true,82,1f4e3f3ce1069ad1b142225e539ac838483cf248849a3ee4b2d0608dd6f525bd,ed5c9df7f7b1e5686ad552b10abd5d853a23f5b3,data/raw/formal-v1/formal-v1__solo__pyxel_platformer__r03,"{""pyxel_platformer"":""games/pyxel/10_platformer.py""}","{""pyxel_platformer"":""1b2c75b49dc9ab0254fb4b724682a4787868814a38d2f08920720dc5b6007ac5""}",4c59ed2eda4eabc5794d8cf3a414773e0fb64260a9c0e525223078823ded8548
1,663,formal-v1__profile__pyxel_bubbles__gpu_compute__p075__r01,formal-v1,profile,not_applicable,pressure_profile,"[""pyxel_bubbles""]",pyxel_bubbles,[],,,gpu_compute,0.75,1,14559782447075217502,20,60,1,20,windows-rtx4060,0,0,grid_2x2,true,82,1f4e3f3ce1069ad1b142225e539ac838483cf248849a3ee4b2d0608dd6f525bd,ed5c9df7f7b1e5686ad552b10abd5d853a23f5b3,data/raw/formal-v1/formal-v1__profile__pyxel_bubbles__gpu_compute__p075__r01,"{""pyxel_bubbles"":""games/pyxel/06_click_game.py""}","{""pyxel_bubbles"":""54c101e90bdaed839ac4c4284494530d5df37a5819a35f1e41eebb0b3da5d900""}",fe550e24e0577aafb5dabbcc16f411ce14564e1c3a7405bdef042479b32cf167
1,664,formal-v1__profile__pyxel_jump__gpu_memory__p000__r03,formal-v1,profile,not_applicable,pressure_profile,"[""pyxel_jump""]",pyxel_jump,[],,,gpu_memory,0,3,2423176906744938758,20,60,1,20,windows-rtx4060,0,0,grid_2x2,true,82,1f4e3f3ce1069ad1b142225e539ac838483cf248849a3ee4b2d0608dd6f525bd,ed5c9df7f7b1e5686ad552b10abd5d853a23f5b3,data/raw/formal-v1/formal-v1__profile__pyxel_jump__gpu_memory__p000__r03,"{""pyxel_jump"":""games/pyxel/02_jump_game.py""}","{""pyxel_jump"":""4743a825f1c9cae7e049ac52115f4ecf83350db546c00745a54af187d7bc2e46""}",9f2628d53028066df66010cee89553671b927aa4d556cf258e21a008ce9e3852
1,665,formal-v1__profile__pyxel_shooter__gpu_memory__p000__r01,formal-v1,profile,not_applicable,pressure_profile,"[""pyxel_shooter""]",pyxel_shooter,[],,,gpu_memory,0,1,13128955997156162672,20,60,1,20,windows-rtx4060,0,0,grid_2x2,true,82,1f4e3f3ce1069ad1b142225e539ac838483cf248849a3ee4b2d0608dd6f525bd,ed5c9df7f7b1e5686ad552b10abd5d853a23f5b3,data/raw/formal-v1/formal-v1__profile__pyxel_shooter__gpu_memory__p000__r01,"{""pyxel_shooter"":""games/pyxel/09_shooter.py""}","{""pyxel_shooter"":""0f53e4156907eac41080a8f289e22c89365b3239517c754cf59a51af201d5563""}",8f69403101e732f20c0f894d1326586047898d06eb8dabb2be343ef7ad650cd8
1,666,formal-v1__profile__daylight__gpu_memory__p100__r02,formal-v1,profile,not_applicable,pressure_profile,"[""daylight""]",daylight,[],,,gpu_memory,1,2,16244050539297616070,20,60,1,20,windows-rtx4060,0,0,grid_2x2,true,82,1f4e3f3ce1069ad1b142225e539ac838483cf248849a3ee4b2d0608dd6f525bd,ed5c9df7f7b1e5686ad552b10abd5d853a23f5b3,data/raw/formal-v1/formal-v1__profile__daylight__gpu_memory__p100__r02,"{""daylight"":""games/pyxel/apps-src/30SecondsOfDaylight/src/main.py""}","{""daylight"":""21a365375249e9d7ea05e78dcfe040f09cc1f0c66bd410bae084190c743a028f""}",d7e1f97994c7edd1fe35c25bf8910370c87f73e89da34f0f5cffa0f4bde7f598
1,667,formal-v1__profile__pyxel_jump__gpu_compute__p050__r01,formal-v1,profile,not_applicable,pressure_profile,"[""pyxel_jump""]",pyxel_jump,[],,,gpu_compute,0.5,1,12555753442691066136,20,60,1,20,windows-rtx4060,0,0,grid_2x2,true,82,1f4e3f3ce1069ad1b142225e539ac838483cf248849a3ee4b2d0608dd6f525bd,ed5c9df7f7b1e5686ad552b10abd5d853a23f5b3,data/raw/formal-v1/formal-v1__profile__pyxel_jump__gpu_compute__p050__r01,"{""pyxel_jump"":""games/pyxel/02_jump_game.py""}","{""pyxel_jump"":""4743a825f1c9cae7e049ac52115f4ecf83350db546c00745a54af187d7bc2e46""}",c22de5d96c282aeddffc5087039e90e815ebdc1c17571fbf5a803195db03a742
1,668,formal-v1__colocation__daylight+mega_wing+pyxel_jump__r01,formal-v1,colocation-main,train,colocation,"[""daylight"",""mega_wing"",""pyxel_jump""]",daylight,"[""mega_wing"",""pyxel_jump""]",daylight+mega_wing+pyxel_jump,daylight+mega_wing+pyxel_jump__r01,,,1,10667228663385005767,20,60,1,20,windows-rtx4060,0,0,grid_2x2,true,82,1f4e3f3ce1069ad1b142225e539ac838483cf248849a3ee4b2d0608dd6f525bd,ed5c9df7f7b1e5686ad552b10abd5d853a23f5b3,data/raw/formal-v1/formal-v1__colocation__daylight+mega_wing+pyxel_jump__r01,"{""daylight"":""games/pyxel/apps-src/30SecondsOfDaylight/src/main.py"",""mega_wing"":""games/pyxel/apps-src/mega_wing/mega_wing.py"",""pyxel_jump"":""games/pyxel/02_jump_game.py""}","{""daylight"":""21a365375249e9d7ea05e78dcfe040f09cc1f0c66bd410bae084190c743a028f"",""mega_wing"":""86bad6c02a303806c58137503739241dc6b1e86695f7c0dbf672b5e1a1464e9f"",""pyxel_jump"":""4743a825f1c9cae7e049ac52115f4ecf83350db546c00745a54af187d7bc2e46""}",f5952e32c4c04f9c4c0636b0047704b43defe5c4a1c2758db109478fb8dba58e
1,669,formal-v1__profile__pyxel_shooter__cpu_compute__p025__r02,formal-v1,profile,not_applicable,pressure_profile,"[""pyxel_shooter""]",pyxel_shooter,[],,,cpu_compute,0.25,2,15510535081028451907,20,60,1,20,windows-rtx4060,0,0,grid_2x2,true,82,1f4e3f3ce1069ad1b142225e539ac838483cf248849a3ee4b2d0608dd6f525bd,ed5c9df7f7b1e5686ad552b10abd5d853a23f5b3,data/raw/formal-v1/formal-v1__profile__pyxel_shooter__cpu_compute__p025__r02,"{""pyxel_shooter"":""games/pyxel/09_shooter.py""}","{""pyxel_shooter"":""0f53e4156907eac41080a8f289e22c89365b3239517c754cf59a51af201d5563""}",26a6fd94578a5a23f15a305fc303c5f551883f25736b9ed70fc0e2103d4c7f09
1,670,formal-v1__colocation__daylight+pyxel_bubbles+space_rescue__r02,formal-v1,colocation-main,train,colocation,"[""daylight"",""pyxel_bubbles"",""space_rescue""]",daylight,"[""pyxel_bubbles"",""space_rescue""]",daylight+pyxel_bubbles+space_rescue,daylight+pyxel_bubbles+space_rescue__r02,,,2,13076157871158550893,20,60,1,20,windows-rtx4060,0,0,grid_2x2,true,82,1f4e3f3ce1069ad1b142225e539ac838483cf248849a3ee4b2d0608dd6f525bd,ed5c9df7f7b1e5686ad552b10abd5d853a23f5b3,data/raw/formal-v1/formal-v1__colocation__daylight+pyxel_bubbles+space_rescue__r02,"{""daylight"":""games/pyxel/apps-src/30SecondsOfDaylight/src/main.py"",""pyxel_bubbles"":""games/pyxel/06_click_game.py"",""space_rescue"":""games/pyxel/apps-src/space_rescue/space_rescue.py""}","{""daylight"":""21a365375249e9d7ea05e78dcfe040f09cc1f0c66bd410bae084190c743a028f"",""pyxel_bubbles"":""54c101e90bdaed839ac4c4284494530d5df37a5819a35f1e41eebb0b3da5d900"",""space_rescue"":""f3b0ab6784ae558e64f06a3f0a704e53f107a130aa3d43357659d0850131e461""}",2822faedd804395589bbb8212ac0ff08a1687d28c3007f5c66f32b25ea30fe42
1,671,formal-v1__profile__pyxel_bubbles__cpu_compute__p025__r02,formal-v1,profile,not_applicable,pressure_profile,"[""pyxel_bubbles""]",pyxel_bubbles,[],,,cpu_compute,0.25,2,13640759982547031624,20,60,1,20,windows-rtx4060,0,0,grid_2x2,true,82,1f4e3f3ce1069ad1b142225e539ac838483cf248849a3ee4b2d0608dd6f525bd,ed5c9df7f7b1e5686ad552b10abd5d853a23f5b3,data/raw/formal-v1/formal-v1__profile__pyxel_bubbles__cpu_compute__p025__r02,"{""pyxel_bubbles"":""games/pyxel/06_click_game.py""}","{""pyxel_bubbles"":""54c101e90bdaed839ac4c4284494530d5df37a5819a35f1e41eebb0b3da5d900""}",b5c68ce9ed4939033ded9cb6eba94636cbb5a5d9ada0aa94c33db19d5166bf04
1,672,formal-v1__profile__pyxel_platformer__gpu_memory__p025__r02,formal-v1,profile,not_applicable,pressure_profile,"[""pyxel_platformer""]",pyxel_platformer,[],,,gpu_memory,0.25,2,10984619630531829785,20,60,1,20,windows-rtx4060,0,0,grid_2x2,true,82,1f4e3f3ce1069ad1b142225e539ac838483cf248849a3ee4b2d0608dd6f525bd,ed5c9df7f7b1e5686ad552b10abd5d853a23f5b3,data/raw/formal-v1/formal-v1__profile__pyxel_platformer__gpu_memory__p025__r02,"{""pyxel_platformer"":""games/pyxel/10_platformer.py""}","{""pyxel_platformer"":""1b2c75b49dc9ab0254fb4b724682a4787868814a38d2f08920720dc5b6007ac5""}",57ef027ce4d44a5e71050d3af4642374947617e4be9fda20bd1d4f6f8653af2e
1,673,formal-v1__profile__pyxel_shooter__gpu_memory__p100__r01,formal-v1,profile,not_applicable,pressure_profile,"[""pyxel_shooter""]",pyxel_shooter,[],,,gpu_memory,1,1,10789056470971891121,20,60,1,20,windows-rtx4060,0,0,grid_2x2,true,82,1f4e3f3ce1069ad1b142225e539ac838483cf248849a3ee4b2d0608dd6f525bd,ed5c9df7f7b1e5686ad552b10abd5d853a23f5b3,data/raw/formal-v1/formal-v1__profile__pyxel_shooter__gpu_memory__p100__r01,"{""pyxel_shooter"":""games/pyxel/09_shooter.py""}","{""pyxel_shooter"":""0f53e4156907eac41080a8f289e22c89365b3239517c754cf59a51af201d5563""}",95609066facd2a69f78bea7ff22f0e5ae551086931698e1cb7c3066aee432b28
1,674,formal-v1__colocation__pyxel_bubbles+space_rescue__r02,formal-v1,colocation-main,train,colocation,"[""pyxel_bubbles"",""space_rescue""]",pyxel_bubbles,"[""space_rescue""]",pyxel_bubbles+space_rescue,pyxel_bubbles+space_rescue__r02,,,2,14757913708617749831,20,60,1,20,windows-rtx4060,0,0,grid_2x2,true,82,1f4e3f3ce1069ad1b142225e539ac838483cf248849a3ee4b2d0608dd6f525bd,ed5c9df7f7b1e5686ad552b10abd5d853a23f5b3,data/raw/formal-v1/formal-v1__colocation__pyxel_bubbles+space_rescue__r02,"{""pyxel_bubbles"":""games/pyxel/06_click_game.py"",""space_rescue"":""games/pyxel/apps-src/space_rescue/space_rescue.py""}","{""pyxel_bubbles"":""54c101e90bdaed839ac4c4284494530d5df37a5819a35f1e41eebb0b3da5d900"",""space_rescue"":""f3b0ab6784ae558e64f06a3f0a704e53f107a130aa3d43357659d0850131e461""}",84a3e4d33e2d413380bb55c849f0ebf3e5d704652e48bdc83e73b575fc182736
1,675,formal-v1__profile__space_rescue__gpu_compute__p000__r01,formal-v1,profile,not_applicable,pressure_profile,"[""space_rescue""]",space_rescue,[],,,gpu_compute,0,1,4806758950488709513,20,60,1,20,windows-rtx4060,0,0,grid_2x2,true,82,1f4e3f3ce1069ad1b142225e539ac838483cf248849a3ee4b2d0608dd6f525bd,ed5c9df7f7b1e5686ad552b10abd5d853a23f5b3,data/raw/formal-v1/formal-v1__profile__space_rescue__gpu_compute__p000__r01,"{""space_rescue"":""games/pyxel/apps-src/space_rescue/space_rescue.py""}","{""space_rescue"":""f3b0ab6784ae558e64f06a3f0a704e53f107a130aa3d43357659d0850131e461""}",1d1fa932c63c06a44277e85f831fefa1d4deb9ed352e63df9da0402188d3b41e
1,676,formal-v1__profile__space_rescue__gpu_compute__p000__r03,formal-v1,profile,not_applicable,pressure_profile,"[""space_rescue""]",space_rescue,[],,,gpu_compute,0,3,14949748623094871878,20,60,1,20,windows-rtx4060,0,0,grid_2x2,true,82,1f4e3f3ce1069ad1b142225e539ac838483cf248849a3ee4b2d0608dd6f525bd,ed5c9df7f7b1e5686ad552b10abd5d853a23f5b3,data/raw/formal-v1/formal-v1__profile__space_rescue__gpu_compute__p000__r03,"{""space_rescue"":""games/pyxel/apps-src/space_rescue/space_rescue.py""}","{""space_rescue"":""f3b0ab6784ae558e64f06a3f0a704e53f107a130aa3d43357659d0850131e461""}",8226796335b1534b672d2728c8d244cab4e7be296ea10157d08f3ff2815b3e75
1,677,formal-v1__solo__daylight__r03,formal-v1,solo,not_applicable,solo,"[""daylight""]",daylight,[],,,,,3,9575667836681725899,20,60,1,20,windows-rtx4060,0,0,grid_2x2,true,82,1f4e3f3ce1069ad1b142225e539ac838483cf248849a3ee4b2d0608dd6f525bd,ed5c9df7f7b1e5686ad552b10abd5d853a23f5b3,data/raw/formal-v1/formal-v1__solo__daylight__r03,"{""daylight"":""games/pyxel/apps-src/30SecondsOfDaylight/src/main.py""}","{""daylight"":""21a365375249e9d7ea05e78dcfe040f09cc1f0c66bd410bae084190c743a028f""}",3c3c1652aa7c846f7ce4e85aafeb406d7d8f4bc2dd225e03fe24c7ebaf35b9e3
1,678,formal-v1__colocation__pyxel_jump+pyxel_platformer+pyxel_snake__r03,formal-v1,colocation-main,train,colocation,"[""pyxel_jump"",""pyxel_platformer"",""pyxel_snake""]",pyxel_jump,"[""pyxel_platformer"",""pyxel_snake""]",pyxel_jump+pyxel_platformer+pyxel_snake,pyxel_jump+pyxel_platformer+pyxel_snake__r03,,,3,16650848774399994307,20,60,1,20,windows-rtx4060,0,0,grid_2x2,true,82,1f4e3f3ce1069ad1b142225e539ac838483cf248849a3ee4b2d0608dd6f525bd,ed5c9df7f7b1e5686ad552b10abd5d853a23f5b3,data/raw/formal-v1/formal-v1__colocation__pyxel_jump+pyxel_platformer+pyxel_snake__r03,"{""pyxel_jump"":""games/pyxel/02_jump_game.py"",""pyxel_platformer"":""games/pyxel/10_platformer.py"",""pyxel_snake"":""games/pyxel/07_snake.py""}","{""pyxel_jump"":""4743a825f1c9cae7e049ac52115f4ecf83350db546c00745a54af187d7bc2e46"",""pyxel_platformer"":""1b2c75b49dc9ab0254fb4b724682a4787868814a38d2f08920720dc5b6007ac5"",""pyxel_snake"":""bc533fef92d1d358e570f69d979919fe5c1cd8c4da49841104b49a1e661a5ac3""}",dbe5806dbdc85d862746bce59afc9c993baf2461afd2202fd213e77a64ae9304
1,679,formal-v1__colocation__daylight+pyxel_bubbles__r01,formal-v1,colocation-main,validation,colocation,"[""daylight"",""pyxel_bubbles""]",daylight,"[""pyxel_bubbles""]",daylight+pyxel_bubbles,daylight+pyxel_bubbles__r01,,,1,12275198146320755184,20,60,1,20,windows-rtx4060,0,0,grid_2x2,true,82,1f4e3f3ce1069ad1b142225e539ac838483cf248849a3ee4b2d0608dd6f525bd,ed5c9df7f7b1e5686ad552b10abd5d853a23f5b3,data/raw/formal-v1/formal-v1__colocation__daylight+pyxel_bubbles__r01,"{""daylight"":""games/pyxel/apps-src/30SecondsOfDaylight/src/main.py"",""pyxel_bubbles"":""games/pyxel/06_click_game.py""}","{""daylight"":""21a365375249e9d7ea05e78dcfe040f09cc1f0c66bd410bae084190c743a028f"",""pyxel_bubbles"":""54c101e90bdaed839ac4c4284494530d5df37a5819a35f1e41eebb0b3da5d900""}",79f2788b6116f85ab1470b43a963553f429f6a1875179b39346542ec7b2b7437
1,680,formal-v1__profile__pyxel_snake__memory_bandwidth__p050__r01,formal-v1,profile,not_applicable,pressure_profile,"[""pyxel_snake""]",pyxel_snake,[],,,memory_bandwidth,0.5,1,12904724028316273076,20,60,1,20,windows-rtx4060,0,0,grid_2x2,true,82,1f4e3f3ce1069ad1b142225e539ac838483cf248849a3ee4b2d0608dd6f525bd,ed5c9df7f7b1e5686ad552b10abd5d853a23f5b3,data/raw/formal-v1/formal-v1__profile__pyxel_snake__memory_bandwidth__p050__r01,"{""pyxel_snake"":""games/pyxel/07_snake.py""}","{""pyxel_snake"":""bc533fef92d1d358e570f69d979919fe5c1cd8c4da49841104b49a1e661a5ac3""}",c11d224be36ac3049f1745dab8086b4539e2170e2c4ff63cd15ed2104e6b171a
1,681,formal-v1__profile__mega_wing__memory_bandwidth__p075__r02,formal-v1,profile,not_applicable,pressure_profile,"[""mega_wing""]",mega_wing,[],,,memory_bandwidth,0.75,2,7750196177197928989,20,60,1,20,windows-rtx4060,0,0,grid_2x2,true,82,1f4e3f3ce1069ad1b142225e539ac838483cf248849a3ee4b2d0608dd6f525bd,ed5c9df7f7b1e5686ad552b10abd5d853a23f5b3,data/raw/formal-v1/formal-v1__profile__mega_wing__memory_bandwidth__p075__r02,"{""mega_wing"":""games/pyxel/apps-src/mega_wing/mega_wing.py""}","{""mega_wing"":""86bad6c02a303806c58137503739241dc6b1e86695f7c0dbf672b5e1a1464e9f""}",ca4c927f16754a26e77c40381f9b5df7927b3235ad3cc4185cc7249f96f89a6f
1,682,formal-v1__profile__pyxel_bubbles__cpu_compute__p025__r01,formal-v1,profile,not_applicable,pressure_profile,"[""pyxel_bubbles""]",pyxel_bubbles,[],,,cpu_compute,0.25,1,5327162511182968226,20,60,1,20,windows-rtx4060,0,0,grid_2x2,true,82,1f4e3f3ce1069ad1b142225e539ac838483cf248849a3ee4b2d0608dd6f525bd,ed5c9df7f7b1e5686ad552b10abd5d853a23f5b3,data/raw/formal-v1/formal-v1__profile__pyxel_bubbles__cpu_compute__p025__r01,"{""pyxel_bubbles"":""games/pyxel/06_click_game.py""}","{""pyxel_bubbles"":""54c101e90bdaed839ac4c4284494530d5df37a5819a35f1e41eebb0b3da5d900""}",854b514052ad0b3c0aaf33fba321da030ff757412455584be653b364dad1feeb
1,683,formal-v1__profile__daylight__cpu_compute__p025__r03,formal-v1,profile,not_applicable,pressure_profile,"[""daylight""]",daylight,[],,,cpu_compute,0.25,3,792335164395500404,20,60,1,20,windows-rtx4060,0,0,grid_2x2,true,82,1f4e3f3ce1069ad1b142225e539ac838483cf248849a3ee4b2d0608dd6f525bd,ed5c9df7f7b1e5686ad552b10abd5d853a23f5b3,data/raw/formal-v1/formal-v1__profile__daylight__cpu_compute__p025__r03,"{""daylight"":""games/pyxel/apps-src/30SecondsOfDaylight/src/main.py""}","{""daylight"":""21a365375249e9d7ea05e78dcfe040f09cc1f0c66bd410bae084190c743a028f""}",152f79a38768f6bfe19c3eb97b941ff22c8cfa4796c566c4dab1ae83aa1f44e6
1,684,formal-v1__profile__pyxel_platformer__memory_bandwidth__p100__r01,formal-v1,profile,not_applicable,pressure_profile,"[""pyxel_platformer""]",pyxel_platformer,[],,,memory_bandwidth,1,1,5382222049259964063,20,60,1,20,windows-rtx4060,0,0,grid_2x2,true,82,1f4e3f3ce1069ad1b142225e539ac838483cf248849a3ee4b2d0608dd6f525bd,ed5c9df7f7b1e5686ad552b10abd5d853a23f5b3,data/raw/formal-v1/formal-v1__profile__pyxel_platformer__memory_bandwidth__p100__r01,"{""pyxel_platformer"":""games/pyxel/10_platformer.py""}","{""pyxel_platformer"":""1b2c75b49dc9ab0254fb4b724682a4787868814a38d2f08920720dc5b6007ac5""}",27ad280402695c1c87b2f2dabf58a1c2489d7b718ddb81a8a38646e832a1d5aa
1,685,formal-v1__profile__daylight__memory_bandwidth__p100__r02,formal-v1,profile,not_applicable,pressure_profile,"[""daylight""]",daylight,[],,,memory_bandwidth,1,2,9432935516054609177,20,60,1,20,windows-rtx4060,0,0,grid_2x2,true,82,1f4e3f3ce1069ad1b142225e539ac838483cf248849a3ee4b2d0608dd6f525bd,ed5c9df7f7b1e5686ad552b10abd5d853a23f5b3,data/raw/formal-v1/formal-v1__profile__daylight__memory_bandwidth__p100__r02,"{""daylight"":""games/pyxel/apps-src/30SecondsOfDaylight/src/main.py""}","{""daylight"":""21a365375249e9d7ea05e78dcfe040f09cc1f0c66bd410bae084190c743a028f""}",20649c3cd29405833ba16caef2d7e164cd13a08d4bf04dc92a264676f6e5a931
1,686,formal-v1__profile__space_rescue__cpu_compute__p000__r03,formal-v1,profile,not_applicable,pressure_profile,"[""space_rescue""]",space_rescue,[],,,cpu_compute,0,3,16445950695555674728,20,60,1,20,windows-rtx4060,0,0,grid_2x2,true,82,1f4e3f3ce1069ad1b142225e539ac838483cf248849a3ee4b2d0608dd6f525bd,ed5c9df7f7b1e5686ad552b10abd5d853a23f5b3,data/raw/formal-v1/formal-v1__profile__space_rescue__cpu_compute__p000__r03,"{""space_rescue"":""games/pyxel/apps-src/space_rescue/space_rescue.py""}","{""space_rescue"":""f3b0ab6784ae558e64f06a3f0a704e53f107a130aa3d43357659d0850131e461""}",6c0b9990dde999b47979814c5fca8a816bef79ff486d7d3809baebdbd8e81939
1,687,formal-v1__profile__pyxel_shooter__gpu_memory__p100__r02,formal-v1,profile,not_applicable,pressure_profile,"[""pyxel_shooter""]",pyxel_shooter,[],,,gpu_memory,1,2,15985385741595330183,20,60,1,20,windows-rtx4060,0,0,grid_2x2,true,82,1f4e3f3ce1069ad1b142225e539ac838483cf248849a3ee4b2d0608dd6f525bd,ed5c9df7f7b1e5686ad552b10abd5d853a23f5b3,data/raw/formal-v1/formal-v1__profile__pyxel_shooter__gpu_memory__p100__r02,"{""pyxel_shooter"":""games/pyxel/09_shooter.py""}","{""pyxel_shooter"":""0f53e4156907eac41080a8f289e22c89365b3239517c754cf59a51af201d5563""}",7e887cc0043607e280bc134ee2b672c2f6edfe866073c2e2bd556c0d58b547e6
1,688,formal-v1__profile__pyxel_jump__memory_bandwidth__p025__r03,formal-v1,profile,not_applicable,pressure_profile,"[""pyxel_jump""]",pyxel_jump,[],,,memory_bandwidth,0.25,3,11553399620744291521,20,60,1,20,windows-rtx4060,0,0,grid_2x2,true,82,1f4e3f3ce1069ad1b142225e539ac838483cf248849a3ee4b2d0608dd6f525bd,ed5c9df7f7b1e5686ad552b10abd5d853a23f5b3,data/raw/formal-v1/formal-v1__profile__pyxel_jump__memory_bandwidth__p025__r03,"{""pyxel_jump"":""games/pyxel/02_jump_game.py""}","{""pyxel_jump"":""4743a825f1c9cae7e049ac52115f4ecf83350db546c00745a54af187d7bc2e46""}",0f1bf435cf9249c4ec807c5e917065f1db7da35594c9afef134681d62e44b246
1,689,formal-v1__profile__pyxel_platformer__memory_bandwidth__p000__r01,formal-v1,profile,not_applicable,pressure_profile,"[""pyxel_platformer""]",pyxel_platformer,[],,,memory_bandwidth,0,1,5530499916137772771,20,60,1,20,windows-rtx4060,0,0,grid_2x2,true,82,1f4e3f3ce1069ad1b142225e539ac838483cf248849a3ee4b2d0608dd6f525bd,ed5c9df7f7b1e5686ad552b10abd5d853a23f5b3,data/raw/formal-v1/formal-v1__profile__pyxel_platformer__memory_bandwidth__p000__r01,"{""pyxel_platformer"":""games/pyxel/10_platformer.py""}","{""pyxel_platformer"":""1b2c75b49dc9ab0254fb4b724682a4787868814a38d2f08920720dc5b6007ac5""}",07ec9602b34524838da0941a8a4cfb6009b7e7454b11ad4e998a43a81f54680a
1,690,formal-v1__profile__mega_wing__gpu_compute__p075__r01,formal-v1,profile,not_applicable,pressure_profile,"[""mega_wing""]",mega_wing,[],,,gpu_compute,0.75,1,5779947581129877519,20,60,1,20,windows-rtx4060,0,0,grid_2x2,true,82,1f4e3f3ce1069ad1b142225e539ac838483cf248849a3ee4b2d0608dd6f525bd,ed5c9df7f7b1e5686ad552b10abd5d853a23f5b3,data/raw/formal-v1/formal-v1__profile__mega_wing__gpu_compute__p075__r01,"{""mega_wing"":""games/pyxel/apps-src/mega_wing/mega_wing.py""}","{""mega_wing"":""86bad6c02a303806c58137503739241dc6b1e86695f7c0dbf672b5e1a1464e9f""}",236bf3488c2e2f75bef9196192d234fdcf504ccb6bcb9b69dc4e59cee17ebc65
1,691,formal-v1__colocation__pyxel_jump+pyxel_shooter+space_rescue__r03,formal-v1,colocation-main,validation,colocation,"[""pyxel_jump"",""pyxel_shooter"",""space_rescue""]",pyxel_jump,"[""pyxel_shooter"",""space_rescue""]",pyxel_jump+pyxel_shooter+space_rescue,pyxel_jump+pyxel_shooter+space_rescue__r03,,,3,18062559485238238903,20,60,1,20,windows-rtx4060,0,0,grid_2x2,true,82,1f4e3f3ce1069ad1b142225e539ac838483cf248849a3ee4b2d0608dd6f525bd,ed5c9df7f7b1e5686ad552b10abd5d853a23f5b3,data/raw/formal-v1/formal-v1__colocation__pyxel_jump+pyxel_shooter+space_rescue__r03,"{""pyxel_jump"":""games/pyxel/02_jump_game.py"",""pyxel_shooter"":""games/pyxel/09_shooter.py"",""space_rescue"":""games/pyxel/apps-src/space_rescue/space_rescue.py""}","{""pyxel_jump"":""4743a825f1c9cae7e049ac52115f4ecf83350db546c00745a54af187d7bc2e46"",""pyxel_shooter"":""0f53e4156907eac41080a8f289e22c89365b3239517c754cf59a51af201d5563"",""space_rescue"":""f3b0ab6784ae558e64f06a3f0a704e53f107a130aa3d43357659d0850131e461""}",8c292b7167966ab38db575d4afa3bbc556f536a992468a679c680ffc7290498d
1,692,formal-v1__profile__space_rescue__memory_bandwidth__p025__r02,formal-v1,profile,not_applicable,pressure_profile,"[""space_rescue""]",space_rescue,[],,,memory_bandwidth,0.25,2,17169280714646380743,20,60,1,20,windows-rtx4060,0,0,grid_2x2,true,82,1f4e3f3ce1069ad1b142225e539ac838483cf248849a3ee4b2d0608dd6f525bd,ed5c9df7f7b1e5686ad552b10abd5d853a23f5b3,data/raw/formal-v1/formal-v1__profile__space_rescue__memory_bandwidth__p025__r02,"{""space_rescue"":""games/pyxel/apps-src/space_rescue/space_rescue.py""}","{""space_rescue"":""f3b0ab6784ae558e64f06a3f0a704e53f107a130aa3d43357659d0850131e461""}",ab2adae8164be9b5ad9de82951c525610f42b5d023f45790b727628b697b8e91
1,693,formal-v1__profile__pyxel_jump__gpu_compute__p025__r03,formal-v1,profile,not_applicable,pressure_profile,"[""pyxel_jump""]",pyxel_jump,[],,,gpu_compute,0.25,3,17104872096298149474,20,60,1,20,windows-rtx4060,0,0,grid_2x2,true,82,1f4e3f3ce1069ad1b142225e539ac838483cf248849a3ee4b2d0608dd6f525bd,ed5c9df7f7b1e5686ad552b10abd5d853a23f5b3,data/raw/formal-v1/formal-v1__profile__pyxel_jump__gpu_compute__p025__r03,"{""pyxel_jump"":""games/pyxel/02_jump_game.py""}","{""pyxel_jump"":""4743a825f1c9cae7e049ac52115f4ecf83350db546c00745a54af187d7bc2e46""}",627e7c820e528abee5ffcec72b46ef62356f69cd36bd22cbf5f671fc288305d5
1,694,formal-v1__profile__pyxel_jump__cpu_compute__p000__r03,formal-v1,profile,not_applicable,pressure_profile,"[""pyxel_jump""]",pyxel_jump,[],,,cpu_compute,0,3,14285936815535495419,20,60,1,20,windows-rtx4060,0,0,grid_2x2,true,82,1f4e3f3ce1069ad1b142225e539ac838483cf248849a3ee4b2d0608dd6f525bd,ed5c9df7f7b1e5686ad552b10abd5d853a23f5b3,data/raw/formal-v1/formal-v1__profile__pyxel_jump__cpu_compute__p000__r03,"{""pyxel_jump"":""games/pyxel/02_jump_game.py""}","{""pyxel_jump"":""4743a825f1c9cae7e049ac52115f4ecf83350db546c00745a54af187d7bc2e46""}",3aa1e0e6b24c3971f76d3e5babc96f93ddae3b4674b591d1bf94f5da453b4840
1,695,formal-v1__profile__pyxel_platformer__cpu_compute__p100__r01,formal-v1,profile,not_applicable,pressure_profile,"[""pyxel_platformer""]",pyxel_platformer,[],,,cpu_compute,1,1,14323591777138316131,20,60,1,20,windows-rtx4060,0,0,grid_2x2,true,82,1f4e3f3ce1069ad1b142225e539ac838483cf248849a3ee4b2d0608dd6f525bd,ed5c9df7f7b1e5686ad552b10abd5d853a23f5b3,data/raw/formal-v1/formal-v1__profile__pyxel_platformer__cpu_compute__p100__r01,"{""pyxel_platformer"":""games/pyxel/10_platformer.py""}","{""pyxel_platformer"":""1b2c75b49dc9ab0254fb4b724682a4787868814a38d2f08920720dc5b6007ac5""}",f5bc9e07a0cbe8bdd1693176d493dd0ee796121cde88f16da842ebee3e1c8bb6
1,696,formal-v1__colocation__pyxel_jump+pyxel_snake__r02,formal-v1,colocation-main,validation,colocation,"[""pyxel_jump"",""pyxel_snake""]",pyxel_jump,"[""pyxel_snake""]",pyxel_jump+pyxel_snake,pyxel_jump+pyxel_snake__r02,,,2,8719686687132582433,20,60,1,20,windows-rtx4060,0,0,grid_2x2,true,82,1f4e3f3ce1069ad1b142225e539ac838483cf248849a3ee4b2d0608dd6f525bd,ed5c9df7f7b1e5686ad552b10abd5d853a23f5b3,data/raw/formal-v1/formal-v1__colocation__pyxel_jump+pyxel_snake__r02,"{""pyxel_jump"":""games/pyxel/02_jump_game.py"",""pyxel_snake"":""games/pyxel/07_snake.py""}","{""pyxel_jump"":""4743a825f1c9cae7e049ac52115f4ecf83350db546c00745a54af187d7bc2e46"",""pyxel_snake"":""bc533fef92d1d358e570f69d979919fe5c1cd8c4da49841104b49a1e661a5ac3""}",13bda509ccd8c1abe10213a6dbafbbc74c21f0240446f122edaf1a9adcd4c591
1,697,formal-v1__profile__mega_wing__gpu_memory__p100__r02,formal-v1,profile,not_applicable,pressure_profile,"[""mega_wing""]",mega_wing,[],,,gpu_memory,1,2,4689226427240351128,20,60,1,20,windows-rtx4060,0,0,grid_2x2,true,82,1f4e3f3ce1069ad1b142225e539ac838483cf248849a3ee4b2d0608dd6f525bd,ed5c9df7f7b1e5686ad552b10abd5d853a23f5b3,data/raw/formal-v1/formal-v1__profile__mega_wing__gpu_memory__p100__r02,"{""mega_wing"":""games/pyxel/apps-src/mega_wing/mega_wing.py""}","{""mega_wing"":""86bad6c02a303806c58137503739241dc6b1e86695f7c0dbf672b5e1a1464e9f""}",6a3266f11545dc5e319bec6ccf62c26c8830b78f2c59e378c16e0443ade8f1ba
1,698,formal-v1__profile__pyxel_bubbles__gpu_compute__p025__r03,formal-v1,profile,not_applicable,pressure_profile,"[""pyxel_bubbles""]",pyxel_bubbles,[],,,gpu_compute,0.25,3,16430586050895063617,20,60,1,20,windows-rtx4060,0,0,grid_2x2,true,82,1f4e3f3ce1069ad1b142225e539ac838483cf248849a3ee4b2d0608dd6f525bd,ed5c9df7f7b1e5686ad552b10abd5d853a23f5b3,data/raw/formal-v1/formal-v1__profile__pyxel_bubbles__gpu_compute__p025__r03,"{""pyxel_bubbles"":""games/pyxel/06_click_game.py""}","{""pyxel_bubbles"":""54c101e90bdaed839ac4c4284494530d5df37a5819a35f1e41eebb0b3da5d900""}",ccfe3566426539481698d20c6363885d7e962491db799306c33b708a868cb977
1,699,formal-v1__profile__daylight__cpu_compute__p000__r03,formal-v1,profile,not_applicable,pressure_profile,"[""daylight""]",daylight,[],,,cpu_compute,0,3,1493188836378741492,20,60,1,20,windows-rtx4060,0,0,grid_2x2,true,82,1f4e3f3ce1069ad1b142225e539ac838483cf248849a3ee4b2d0608dd6f525bd,ed5c9df7f7b1e5686ad552b10abd5d853a23f5b3,data/raw/formal-v1/formal-v1__profile__daylight__cpu_compute__p000__r03,"{""daylight"":""games/pyxel/apps-src/30SecondsOfDaylight/src/main.py""}","{""daylight"":""21a365375249e9d7ea05e78dcfe040f09cc1f0c66bd410bae084190c743a028f""}",3c167a7d6f3b85ca803937f583ba5b9b652b5e6c34f7da6af8b11562f01df6ad
1,700,formal-v1__profile__space_rescue__cpu_compute__p025__r01,formal-v1,profile,not_applicable,pressure_profile,"[""space_rescue""]",space_rescue,[],,,cpu_compute,0.25,1,5564895717931753697,20,60,1,20,windows-rtx4060,0,0,grid_2x2,true,82,1f4e3f3ce1069ad1b142225e539ac838483cf248849a3ee4b2d0608dd6f525bd,ed5c9df7f7b1e5686ad552b10abd5d853a23f5b3,data/raw/formal-v1/formal-v1__profile__space_rescue__cpu_compute__p025__r01,"{""space_rescue"":""games/pyxel/apps-src/space_rescue/space_rescue.py""}","{""space_rescue"":""f3b0ab6784ae558e64f06a3f0a704e53f107a130aa3d43357659d0850131e461""}",808aafcd10e6b1a0f9c2945558c3429375c8d8bd1ab8cc54af64fc3fd6f46c6e
1,701,formal-v1__colocation__daylight+pyxel_bubbles+space_rescue__r01,formal-v1,colocation-main,train,colocation,"[""daylight"",""pyxel_bubbles"",""space_rescue""]",daylight,"[""pyxel_bubbles"",""space_rescue""]",daylight+pyxel_bubbles+space_rescue,daylight+pyxel_bubbles+space_rescue__r01,,,1,423702352028061056,20,60,1,20,windows-rtx4060,0,0,grid_2x2,true,82,1f4e3f3ce1069ad1b142225e539ac838483cf248849a3ee4b2d0608dd6f525bd,ed5c9df7f7b1e5686ad552b10abd5d853a23f5b3,data/raw/formal-v1/formal-v1__colocation__daylight+pyxel_bubbles+space_rescue__r01,"{""daylight"":""games/pyxel/apps-src/30SecondsOfDaylight/src/main.py"",""pyxel_bubbles"":""games/pyxel/06_click_game.py"",""space_rescue"":""games/pyxel/apps-src/space_rescue/space_rescue.py""}","{""daylight"":""21a365375249e9d7ea05e78dcfe040f09cc1f0c66bd410bae084190c743a028f"",""pyxel_bubbles"":""54c101e90bdaed839ac4c4284494530d5df37a5819a35f1e41eebb0b3da5d900"",""space_rescue"":""f3b0ab6784ae558e64f06a3f0a704e53f107a130aa3d43357659d0850131e461""}",151d3d9ecf24483ee32ee21ddbc6b89001b910c99e2c790fb44977b16261087c
1,702,formal-v1__profile__pyxel_bubbles__memory_bandwidth__p025__r01,formal-v1,profile,not_applicable,pressure_profile,"[""pyxel_bubbles""]",pyxel_bubbles,[],,,memory_bandwidth,0.25,1,10494915136479935047,20,60,1,20,windows-rtx4060,0,0,grid_2x2,true,82,1f4e3f3ce1069ad1b142225e539ac838483cf248849a3ee4b2d0608dd6f525bd,ed5c9df7f7b1e5686ad552b10abd5d853a23f5b3,data/raw/formal-v1/formal-v1__profile__pyxel_bubbles__memory_bandwidth__p025__r01,"{""pyxel_bubbles"":""games/pyxel/06_click_game.py""}","{""pyxel_bubbles"":""54c101e90bdaed839ac4c4284494530d5df37a5819a35f1e41eebb0b3da5d900""}",819fa599725f0229eccd420ef82244c78d86556dc840f3b38a093808650a5b0a
1,703,formal-v1__profile__pyxel_shooter__memory_bandwidth__p000__r03,formal-v1,profile,not_applicable,pressure_profile,"[""pyxel_shooter""]",pyxel_shooter,[],,,memory_bandwidth,0,3,874052927078879399,20,60,1,20,windows-rtx4060,0,0,grid_2x2,true,82,1f4e3f3ce1069ad1b142225e539ac838483cf248849a3ee4b2d0608dd6f525bd,ed5c9df7f7b1e5686ad552b10abd5d853a23f5b3,data/raw/formal-v1/formal-v1__profile__pyxel_shooter__memory_bandwidth__p000__r03,"{""pyxel_shooter"":""games/pyxel/09_shooter.py""}","{""pyxel_shooter"":""0f53e4156907eac41080a8f289e22c89365b3239517c754cf59a51af201d5563""}",400ce37b340b9cc0cea7faf483900a133891fda6db56be26e6062eeb254f80e5
1,704,formal-v1__profile__pyxel_jump__gpu_compute__p050__r02,formal-v1,profile,not_applicable,pressure_profile,"[""pyxel_jump""]",pyxel_jump,[],,,gpu_compute,0.5,2,10359116280675138896,20,60,1,20,windows-rtx4060,0,0,grid_2x2,true,82,1f4e3f3ce1069ad1b142225e539ac838483cf248849a3ee4b2d0608dd6f525bd,ed5c9df7f7b1e5686ad552b10abd5d853a23f5b3,data/raw/formal-v1/formal-v1__profile__pyxel_jump__gpu_compute__p050__r02,"{""pyxel_jump"":""games/pyxel/02_jump_game.py""}","{""pyxel_jump"":""4743a825f1c9cae7e049ac52115f4ecf83350db546c00745a54af187d7bc2e46""}",3ac2b48a9b89594ac12620d19382883c8c524bd9f0917c4903570a8b57fb811b
1,705,formal-v1__profile__pyxel_shooter__gpu_memory__p075__r01,formal-v1,profile,not_applicable,pressure_profile,"[""pyxel_shooter""]",pyxel_shooter,[],,,gpu_memory,0.75,1,514561153268668884,20,60,1,20,windows-rtx4060,0,0,grid_2x2,true,82,1f4e3f3ce1069ad1b142225e539ac838483cf248849a3ee4b2d0608dd6f525bd,ed5c9df7f7b1e5686ad552b10abd5d853a23f5b3,data/raw/formal-v1/formal-v1__profile__pyxel_shooter__gpu_memory__p075__r01,"{""pyxel_shooter"":""games/pyxel/09_shooter.py""}","{""pyxel_shooter"":""0f53e4156907eac41080a8f289e22c89365b3239517c754cf59a51af201d5563""}",d56d5b17e688ca3690ef001019bd0e49beb77869a04c6e574e4aa34239956318
1,706,formal-v1__colocation__pyxel_shooter+space_rescue__r03,formal-v1,colocation-main,train,colocation,"[""pyxel_shooter"",""space_rescue""]",pyxel_shooter,"[""space_rescue""]",pyxel_shooter+space_rescue,pyxel_shooter+space_rescue__r03,,,3,5935736765789248513,20,60,1,20,windows-rtx4060,0,0,grid_2x2,true,82,1f4e3f3ce1069ad1b142225e539ac838483cf248849a3ee4b2d0608dd6f525bd,ed5c9df7f7b1e5686ad552b10abd5d853a23f5b3,data/raw/formal-v1/formal-v1__colocation__pyxel_shooter+space_rescue__r03,"{""pyxel_shooter"":""games/pyxel/09_shooter.py"",""space_rescue"":""games/pyxel/apps-src/space_rescue/space_rescue.py""}","{""pyxel_shooter"":""0f53e4156907eac41080a8f289e22c89365b3239517c754cf59a51af201d5563"",""space_rescue"":""f3b0ab6784ae558e64f06a3f0a704e53f107a130aa3d43357659d0850131e461""}",2343333b17a3e8b080601d10f6c490852ed308fd2ed8e1d201ccfac394f54ad0
1,707,formal-v1__profile__pyxel_platformer__gpu_memory__p100__r02,formal-v1,profile,not_applicable,pressure_profile,"[""pyxel_platformer""]",pyxel_platformer,[],,,gpu_memory,1,2,1496282205260929984,20,60,1,20,windows-rtx4060,0,0,grid_2x2,true,82,1f4e3f3ce1069ad1b142225e539ac838483cf248849a3ee4b2d0608dd6f525bd,ed5c9df7f7b1e5686ad552b10abd5d853a23f5b3,data/raw/formal-v1/formal-v1__profile__pyxel_platformer__gpu_memory__p100__r02,"{""pyxel_platformer"":""games/pyxel/10_platformer.py""}","{""pyxel_platformer"":""1b2c75b49dc9ab0254fb4b724682a4787868814a38d2f08920720dc5b6007ac5""}",bafb35f4e40d474086e8e1aee5f0c2592ad63d763d86099f4f03c5f76d5280ad
1,708,formal-v1__colocation__daylight+pyxel_jump+space_rescue__r03,formal-v1,colocation-main,train,colocation,"[""daylight"",""pyxel_jump"",""space_rescue""]",daylight,"[""pyxel_jump"",""space_rescue""]",daylight+pyxel_jump+space_rescue,daylight+pyxel_jump+space_rescue__r03,,,3,13707573931073423570,20,60,1,20,windows-rtx4060,0,0,grid_2x2,true,82,1f4e3f3ce1069ad1b142225e539ac838483cf248849a3ee4b2d0608dd6f525bd,ed5c9df7f7b1e5686ad552b10abd5d853a23f5b3,data/raw/formal-v1/formal-v1__colocation__daylight+pyxel_jump+space_rescue__r03,"{""daylight"":""games/pyxel/apps-src/30SecondsOfDaylight/src/main.py"",""pyxel_jump"":""games/pyxel/02_jump_game.py"",""space_rescue"":""games/pyxel/apps-src/space_rescue/space_rescue.py""}","{""daylight"":""21a365375249e9d7ea05e78dcfe040f09cc1f0c66bd410bae084190c743a028f"",""pyxel_jump"":""4743a825f1c9cae7e049ac52115f4ecf83350db546c00745a54af187d7bc2e46"",""space_rescue"":""f3b0ab6784ae558e64f06a3f0a704e53f107a130aa3d43357659d0850131e461""}",f27f6cf527330da3814db72181adc7a26c1df1e2a16e70ea06e82bdca438cc7d
1,709,formal-v1__extra__pyxel_jump+pyxel_platformer+pyxel_shooter+space_rescue__r02,formal-v1,colocation-extra-test,extra_test,extra_test,"[""pyxel_jump"",""pyxel_platformer"",""pyxel_shooter"",""space_rescue""]",pyxel_jump,"[""pyxel_platformer"",""pyxel_shooter"",""space_rescue""]",pyxel_jump+pyxel_platformer+pyxel_shooter+space_rescue,pyxel_jump+pyxel_platformer+pyxel_shooter+space_rescue__r02,,,2,3593831768122101321,20,60,1,20,windows-rtx4060,0,0,grid_2x2,true,82,1f4e3f3ce1069ad1b142225e539ac838483cf248849a3ee4b2d0608dd6f525bd,ed5c9df7f7b1e5686ad552b10abd5d853a23f5b3,data/raw/formal-v1/formal-v1__extra__pyxel_jump+pyxel_platformer+pyxel_shooter+space_rescue__r02,"{""pyxel_jump"":""games/pyxel/02_jump_game.py"",""pyxel_platformer"":""games/pyxel/10_platformer.py"",""pyxel_shooter"":""games/pyxel/09_shooter.py"",""space_rescue"":""games/pyxel/apps-src/space_rescue/space_rescue.py""}","{""pyxel_jump"":""4743a825f1c9cae7e049ac52115f4ecf83350db546c00745a54af187d7bc2e46"",""pyxel_platformer"":""1b2c75b49dc9ab0254fb4b724682a4787868814a38d2f08920720dc5b6007ac5"",""pyxel_shooter"":""0f53e4156907eac41080a8f289e22c89365b3239517c754cf59a51af201d5563"",""space_rescue"":""f3b0ab6784ae558e64f06a3f0a704e53f107a130aa3d43357659d0850131e461""}",4bebd39693cc53605d4d1324ba6bb2edaa4eead53fb4d675c118f75a7e1f826c
1,710,formal-v1__profile__daylight__gpu_compute__p000__r01,formal-v1,profile,not_applicable,pressure_profile,"[""daylight""]",daylight,[],,,gpu_compute,0,1,842912029377813173,20,60,1,20,windows-rtx4060,0,0,grid_2x2,true,82,1f4e3f3ce1069ad1b142225e539ac838483cf248849a3ee4b2d0608dd6f525bd,ed5c9df7f7b1e5686ad552b10abd5d853a23f5b3,data/raw/formal-v1/formal-v1__profile__daylight__gpu_compute__p000__r01,"{""daylight"":""games/pyxel/apps-src/30SecondsOfDaylight/src/main.py""}","{""daylight"":""21a365375249e9d7ea05e78dcfe040f09cc1f0c66bd410bae084190c743a028f""}",abce9e506e7604cf0a6f5809eec801dab1451b7af285198b05ecaa009dd1d386
1,711,formal-v1__profile__space_rescue__cpu_compute__p050__r02,formal-v1,profile,not_applicable,pressure_profile,"[""space_rescue""]",space_rescue,[],,,cpu_compute,0.5,2,17440181082909761766,20,60,1,20,windows-rtx4060,0,0,grid_2x2,true,82,1f4e3f3ce1069ad1b142225e539ac838483cf248849a3ee4b2d0608dd6f525bd,ed5c9df7f7b1e5686ad552b10abd5d853a23f5b3,data/raw/formal-v1/formal-v1__profile__space_rescue__cpu_compute__p050__r02,"{""space_rescue"":""games/pyxel/apps-src/space_rescue/space_rescue.py""}","{""space_rescue"":""f3b0ab6784ae558e64f06a3f0a704e53f107a130aa3d43357659d0850131e461""}",7e819207532eb23561f7fd1e4894e80085ba38bd58a53a787e23911344c8f3a9
1,712,formal-v1__profile__pyxel_bubbles__cpu_compute__p000__r02,formal-v1,profile,not_applicable,pressure_profile,"[""pyxel_bubbles""]",pyxel_bubbles,[],,,cpu_compute,0,2,15375276537990914304,20,60,1,20,windows-rtx4060,0,0,grid_2x2,true,82,1f4e3f3ce1069ad1b142225e539ac838483cf248849a3ee4b2d0608dd6f525bd,ed5c9df7f7b1e5686ad552b10abd5d853a23f5b3,data/raw/formal-v1/formal-v1__profile__pyxel_bubbles__cpu_compute__p000__r02,"{""pyxel_bubbles"":""games/pyxel/06_click_game.py""}","{""pyxel_bubbles"":""54c101e90bdaed839ac4c4284494530d5df37a5819a35f1e41eebb0b3da5d900""}",67ab21ef22e46c1086d0ca9f63f0375747bbaa9f23ab571714000e88e1dcde44
1,713,formal-v1__colocation__pyxel_platformer+pyxel_snake+space_rescue__r03,formal-v1,colocation-main,validation,colocation,"[""pyxel_platformer"",""pyxel_snake"",""space_rescue""]",pyxel_platformer,"[""pyxel_snake"",""space_rescue""]",pyxel_platformer+pyxel_snake+space_rescue,pyxel_platformer+pyxel_snake+space_rescue__r03,,,3,17351296107458380326,20,60,1,20,windows-rtx4060,0,0,grid_2x2,true,82,1f4e3f3ce1069ad1b142225e539ac838483cf248849a3ee4b2d0608dd6f525bd,ed5c9df7f7b1e5686ad552b10abd5d853a23f5b3,data/raw/formal-v1/formal-v1__colocation__pyxel_platformer+pyxel_snake+space_rescue__r03,"{""pyxel_platformer"":""games/pyxel/10_platformer.py"",""pyxel_snake"":""games/pyxel/07_snake.py"",""space_rescue"":""games/pyxel/apps-src/space_rescue/space_rescue.py""}","{""pyxel_platformer"":""1b2c75b49dc9ab0254fb4b724682a4787868814a38d2f08920720dc5b6007ac5"",""pyxel_snake"":""bc533fef92d1d358e570f69d979919fe5c1cd8c4da49841104b49a1e661a5ac3"",""space_rescue"":""f3b0ab6784ae558e64f06a3f0a704e53f107a130aa3d43357659d0850131e461""}",b5eabb0fd758e27b9d0df6e1248e952f34113c8bc42ef933b138f446f1eaf416
1,714,formal-v1__profile__pyxel_platformer__memory_bandwidth__p025__r01,formal-v1,profile,not_applicable,pressure_profile,"[""pyxel_platformer""]",pyxel_platformer,[],,,memory_bandwidth,0.25,1,9143348690438876356,20,60,1,20,windows-rtx4060,0,0,grid_2x2,true,82,1f4e3f3ce1069ad1b142225e539ac838483cf248849a3ee4b2d0608dd6f525bd,ed5c9df7f7b1e5686ad552b10abd5d853a23f5b3,data/raw/formal-v1/formal-v1__profile__pyxel_platformer__memory_bandwidth__p025__r01,"{""pyxel_platformer"":""games/pyxel/10_platformer.py""}","{""pyxel_platformer"":""1b2c75b49dc9ab0254fb4b724682a4787868814a38d2f08920720dc5b6007ac5""}",fabcfc1068e2b7ba6ff7884a96ba668ed84baefc469746e5538e1d4fe0554142
1,715,formal-v1__profile__pyxel_platformer__gpu_memory__p025__r03,formal-v1,profile,not_applicable,pressure_profile,"[""pyxel_platformer""]",pyxel_platformer,[],,,gpu_memory,0.25,3,14571975332059729005,20,60,1,20,windows-rtx4060,0,0,grid_2x2,true,82,1f4e3f3ce1069ad1b142225e539ac838483cf248849a3ee4b2d0608dd6f525bd,ed5c9df7f7b1e5686ad552b10abd5d853a23f5b3,data/raw/formal-v1/formal-v1__profile__pyxel_platformer__gpu_memory__p025__r03,"{""pyxel_platformer"":""games/pyxel/10_platformer.py""}","{""pyxel_platformer"":""1b2c75b49dc9ab0254fb4b724682a4787868814a38d2f08920720dc5b6007ac5""}",81c15533baf9144834a345d18ff473d21ff7da2f2f58acd9625a99a6218fc000
1,716,formal-v1__colocation__pyxel_bubbles+pyxel_jump+pyxel_snake__r03,formal-v1,colocation-main,train,colocation,"[""pyxel_bubbles"",""pyxel_jump"",""pyxel_snake""]",pyxel_bubbles,"[""pyxel_jump"",""pyxel_snake""]",pyxel_bubbles+pyxel_jump+pyxel_snake,pyxel_bubbles+pyxel_jump+pyxel_snake__r03,,,3,11116689002804186240,20,60,1,20,windows-rtx4060,0,0,grid_2x2,true,82,1f4e3f3ce1069ad1b142225e539ac838483cf248849a3ee4b2d0608dd6f525bd,ed5c9df7f7b1e5686ad552b10abd5d853a23f5b3,data/raw/formal-v1/formal-v1__colocation__pyxel_bubbles+pyxel_jump+pyxel_snake__r03,"{""pyxel_bubbles"":""games/pyxel/06_click_game.py"",""pyxel_jump"":""games/pyxel/02_jump_game.py"",""pyxel_snake"":""games/pyxel/07_snake.py""}","{""pyxel_bubbles"":""54c101e90bdaed839ac4c4284494530d5df37a5819a35f1e41eebb0b3da5d900"",""pyxel_jump"":""4743a825f1c9cae7e049ac52115f4ecf83350db546c00745a54af187d7bc2e46"",""pyxel_snake"":""bc533fef92d1d358e570f69d979919fe5c1cd8c4da49841104b49a1e661a5ac3""}",57ae324969747eafe6e65880d1991a2a78807ec4df8302357edc8b15e7ee5cc9
1,717,formal-v1__profile__pyxel_snake__memory_bandwidth__p000__r02,formal-v1,profile,not_applicable,pressure_profile,"[""pyxel_snake""]",pyxel_snake,[],,,memory_bandwidth,0,2,7869016819422928092,20,60,1,20,windows-rtx4060,0,0,grid_2x2,true,82,1f4e3f3ce1069ad1b142225e539ac838483cf248849a3ee4b2d0608dd6f525bd,ed5c9df7f7b1e5686ad552b10abd5d853a23f5b3,data/raw/formal-v1/formal-v1__profile__pyxel_snake__memory_bandwidth__p000__r02,"{""pyxel_snake"":""games/pyxel/07_snake.py""}","{""pyxel_snake"":""bc533fef92d1d358e570f69d979919fe5c1cd8c4da49841104b49a1e661a5ac3""}",abce9d6f03adad20d46acc35d700520b384f771a9573d4a8f85fd3d6a107c0f0
1,718,formal-v1__profile__daylight__cpu_compute__p100__r01,formal-v1,profile,not_applicable,pressure_profile,"[""daylight""]",daylight,[],,,cpu_compute,1,1,5373647913223301694,20,60,1,20,windows-rtx4060,0,0,grid_2x2,true,82,1f4e3f3ce1069ad1b142225e539ac838483cf248849a3ee4b2d0608dd6f525bd,ed5c9df7f7b1e5686ad552b10abd5d853a23f5b3,data/raw/formal-v1/formal-v1__profile__daylight__cpu_compute__p100__r01,"{""daylight"":""games/pyxel/apps-src/30SecondsOfDaylight/src/main.py""}","{""daylight"":""21a365375249e9d7ea05e78dcfe040f09cc1f0c66bd410bae084190c743a028f""}",01fc2fc85dbb0dcc37d11d304bb1fcc6dad874251578ab538cbfc587a4dc257d
1,719,formal-v1__profile__pyxel_bubbles__gpu_compute__p000__r01,formal-v1,profile,not_applicable,pressure_profile,"[""pyxel_bubbles""]",pyxel_bubbles,[],,,gpu_compute,0,1,2337096506740699799,20,60,1,20,windows-rtx4060,0,0,grid_2x2,true,82,1f4e3f3ce1069ad1b142225e539ac838483cf248849a3ee4b2d0608dd6f525bd,ed5c9df7f7b1e5686ad552b10abd5d853a23f5b3,data/raw/formal-v1/formal-v1__profile__pyxel_bubbles__gpu_compute__p000__r01,"{""pyxel_bubbles"":""games/pyxel/06_click_game.py""}","{""pyxel_bubbles"":""54c101e90bdaed839ac4c4284494530d5df37a5819a35f1e41eebb0b3da5d900""}",04d11788312a137df0887a121353cb564f46ad3b640136b67c29a1c368a77d6c
1,720,formal-v1__profile__pyxel_jump__cpu_compute__p100__r01,formal-v1,profile,not_applicable,pressure_profile,"[""pyxel_jump""]",pyxel_jump,[],,,cpu_compute,1,1,9698429589293458491,20,60,1,20,windows-rtx4060,0,0,grid_2x2,true,82,1f4e3f3ce1069ad1b142225e539ac838483cf248849a3ee4b2d0608dd6f525bd,ed5c9df7f7b1e5686ad552b10abd5d853a23f5b3,data/raw/formal-v1/formal-v1__profile__pyxel_jump__cpu_compute__p100__r01,"{""pyxel_jump"":""games/pyxel/02_jump_game.py""}","{""pyxel_jump"":""4743a825f1c9cae7e049ac52115f4ecf83350db546c00745a54af187d7bc2e46""}",6dda3b0098f68c4ba788b4626fd8764e73c58c091249a849a86cfe9d425b9e19
